DATE,MAX_TEMPERATURE_C,MIN_TEMPERATURE_C,WINDSPEED_MAX_KMH,TEMPERATURE_MORNING_C,TEMPERATURE_NOON_C,TEMPERATURE_EVENING_C,PRECIP_TOTAL_DAY_MM,HUMIDITY_MAX_PERCENT,VISIBILITY_AVG_KM,PRESSURE_MAX_MB,CLOUDCOVER_AVG_PERCENT,HEATINDEX_MAX_C,DEWPOINT_MAX_C,WINDTEMP_MAX_C,WEATHER_CODE_MORNING,WEATHER_CODE_NOON,WEATHER_CODE_EVENING,TOTAL_SNOW_MM,UV_INDEX,SUNHOUR,OPINION
2009-01-01,25,22,11,23,25,23,0,74,10,1017,2,32,22,24,113,113,113,0,1,11.4,météo idéale
2009-01-02,26,23,17,23,26,24,0,76,10,1017,8.25,29,20,25,113,113,113,0,1,11.5,météo idéale
2009-01-03,25,24,14,24,25,25,1,86,9.875,1016,36.875,28,23,25,116,116,113,0,1,11.5,météo favorable
2009-01-04,26,24,16,24,26,25,0,80,10,1017,12.25,29,23,25,113,113,113,0,1,11.5,météo idéale
2009-01-05,26,24,14,24,26,25,0,81,10,1017,13.125,29,22,25,113,113,113,0,1,11.5,météo idéale
2009-01-06,26,24,18,24,26,24,0.2,87,9.875,1016,30.75,28,22,24,116,113,116,0,1,11.5,météo favorable
2009-01-07,26,24,19,24,26,25,0.4,82,9.875,1017,33.125,28,22,25,116,113,113,0,1,11.5,météo favorable
2009-01-08,26,23,19,24,26,24,0.7,80,10,1017,18.75,28,22,25,116,113,113,0,1,11.5,météo idéale
2009-01-09,26,24,15,24,26,25,0.1,84,10,1018,19.25,29,23,25,113,113,116,0,1,11.5,météo idéale
2009-01-10,26,24,24,24,26,25,0.4,78,9.875,1020,16.125,28,22,25,116,113,113,0,1,11.5,météo idéale
2009-01-11,25,24,21,24,24,24,1.1,86,9.75,1019,41.375,27,22,24,119,116,116,0,1,11.5,météo favorable
2009-01-12,26,24,23,24,26,25,0,76,10,1019,12.375,28,21,25,113,113,113,0,1,11.5,météo idéale
2009-01-13,26,24,26,24,26,24,0.5,73,9.875,1020,14.75,28,21,24,113,113,113,0,1,11.1,météo idéale
2009-01-14,26,24,26,24,26,25,0.1,78,10,1020,19.875,28,21,25,116,113,113,0,1,11.1,météo idéale
2009-01-15,26,24,21,24,26,24,0.4,83,9.875,1020,33.625,28,21,24,113,113,116,0,1,11.1,météo favorable
2009-01-16,25,24,20,24,25,24,3.6,88,10,1018,59.75,28,22,24,119,116,116,0,1,11.1,météo correcte
2009-01-17,25,23,13,24,25,24,5.9,88,9.875,1017,49.125,27,23,25,116,116,113,0,1,10.1,météo favorable
2009-01-18,26,23,12,24,26,24,0,85,10,1018,9.625,31,23,25,113,113,113,0,1,11.1,météo idéale
2009-01-19,26,24,14,24,26,25,0.3,85,9.875,1017,20.25,30,23,25,116,113,113,0,1,11.1,météo idéale
2009-01-20,26,24,16,24,26,25,1.7,89,9.625,1017,22.75,29,24,25,113,116,113,0,1,11.1,météo favorable
2009-01-21,26,24,9,24,26,24,4.6,89,9.625,1017,51.75,29,24,25,119,113,113,0,1,11.1,météo favorable
2009-01-22,26,24,13,24,26,24,4.1,87,9.875,1018,51.625,30,24,25,119,116,116,0,1,11.1,météo favorable
2009-01-23,26,24,15,24,26,24,0,83,10,1018,21,29,22,25,113,113,113,0,1,11.1,météo idéale
2009-01-24,26,24,19,24,26,24,0,84,10,1017,17.75,28,22,25,113,113,113,0,1,11.2,météo idéale
2009-01-25,26,24,19,24,26,24,0,82,10,1017,14.125,28,22,24,113,116,113,0,1,11.6,météo favorable
2009-01-26,26,24,21,24,26,24,0.4,85,9.875,1019,20.375,29,22,24,113,113,116,0,1,11.6,météo idéale
2009-01-27,26,24,26,24,25,24,1.1,85,9.625,1019,36.375,27,21,24,116,116,116,0,1,10.1,météo favorable
2009-01-28,26,23,25,23,26,24,2.2,85,10,1019,36.625,28,21,24,119,113,113,0,1,11.6,météo favorable
2009-01-29,25,23,22,24,25,24,1.3,81,9.875,1018,22,27,21,24,116,113,113,0,1,11.6,météo idéale
2009-01-30,26,23,12,23,26,24,0.2,86,9.875,1017,23.25,29,23,25,116,113,113,0,1,11.6,météo idéale
2009-01-31,26,23,8,24,26,24,0.3,84,10,1017,12.625,31,23,25,113,113,113,0,1,11.6,météo idéale
2009-02-01,26,23,19,24,26,24,0,80,10,1018,10.5,30,22,24,113,113,113,0,1,11.6,météo idéale
2009-02-02,26,24,19,24,25,24,0.1,79,10,1017,14.5,28,21,24,113,113,113,0,1,11.6,météo idéale
2009-02-03,26,24,19,24,26,24,0,82,10,1017,6.625,30,22,25,113,113,113,0,1,11.6,météo idéale
2009-02-04,26,24,18,24,26,24,0.4,86,9.875,1019,23.625,29,22,25,113,113,116,0,1,11.6,météo idéale
2009-02-05,26,24,16,24,26,24,1.1,74,10,1019,19.25,28,22,24,113,113,113,0,1,11.6,météo idéale
2009-02-06,26,24,19,24,26,24,0.3,80,9.875,1020,21.875,28,21,24,113,113,116,0,1,11.6,météo idéale
2009-02-07,24,23,19,23,24,24,1.8,80,9.5,1020,31.625,26,20,24,116,116,116,0,1,11.6,météo favorable
2009-02-08,25,23,18,23,25,23,3,88,9.875,1019,40.25,27,21,23,116,116,116,0,1,11.6,météo favorable
2009-02-09,25,23,19,23,24,24,3.4,87,9.75,1018,41.375,27,22,23,116,113,116,0,1,11.6,météo favorable
2009-02-10,25,23,30,24,24,23,3.5,89,9.875,1019,52.875,27,22,23,116,116,119,0,1,10.2,météo favorable
2009-02-11,25,24,30,24,25,24,0.3,75,10,1021,32.625,27,20,24,116,113,116,0,1,11.6,météo favorable
2009-02-12,25,23,26,24,25,24,0,80,10,1020,23,27,20,24,113,113,116,0,1,11.6,météo idéale
2009-02-13,25,23,23,24,25,24,0.2,73,10,1018,35.25,27,20,24,119,113,113,0,1,11.6,météo favorable
2009-02-14,25,23,20,23,25,24,0,72,10,1017,4.125,27,19,24,113,113,113,0,1,11.6,météo idéale
2009-02-15,25,23,18,23,25,24,0,79,10,1018,27.875,27,20,24,116,116,113,0,1,11.6,météo favorable
2009-02-16,26,23,14,23,26,25,0,76,10,1016,22.75,30,21,25,113,113,116,0,1,11.6,météo idéale
2009-02-17,26,22,13,23,26,24,0,74,10,1016,6.75,30,22,24,113,113,113,0,1,11.6,météo idéale
2009-02-18,24,22,24,23,24,23,0.4,74,10,1018,37.625,26,20,23,116,116,113,0,1,11.6,météo favorable
2009-02-19,24,23,23,23,24,24,0.4,81,10,1018,60.25,26,21,24,116,119,119,0,1,5.9,météo correcte
2009-02-20,26,24,20,24,26,24,0,77,10,1017,16.75,28,21,25,116,113,113,0,1,11.6,météo idéale
2009-02-21,26,24,27,24,26,25,0,75,10,1019,16.625,28,20,25,113,113,116,0,1,11.6,météo idéale
2009-02-22,26,24,23,24,26,25,0.2,74,10,1021,13,28,20,25,116,113,113,0,1,11.6,météo idéale
2009-02-23,26,24,19,24,26,24,0,76,10,1020,3.875,28,21,24,113,113,113,0,1,11.6,météo idéale
2009-02-24,26,24,20,24,26,24,0.2,75,10,1018,17.25,28,20,24,116,113,113,0,1,11.6,météo idéale
2009-02-25,26,24,21,24,26,24,0,78,10,1018,8.125,28,21,25,113,113,113,0,1,11.6,météo idéale
2009-02-26,26,24,17,24,26,24,0.3,77,10,1017,11.125,28,21,24,113,113,113,0,1,11.6,météo idéale
2009-02-27,25,23,15,24,25,24,0.8,83,9.75,1015,24.25,27,21,24,113,113,116,0,1,11.6,météo idéale
2009-02-28,25,23,13,24,25,24,0.1,82,10,1016,17,28,22,24,113,113,113,0,1,11.6,météo idéale
2009-03-01,26,23,17,24,25,24,0.5,80,9.875,1016,20.625,28,21,25,116,113,113,0,1,11.6,météo idéale
2009-03-02,26,24,18,24,26,24,0.2,79,10,1017,15.75,28,21,25,116,113,113,0,1,11.6,météo idéale
2009-03-03,25,24,13,25,25,24,0,83,10,1017,26.75,28,22,25,116,113,113,0,1,11.6,météo idéale
2009-03-04,25,23,12,24,25,24,1.8,87,9.75,1017,40.125,28,22,24,116,119,116,0,1,8.8,météo correcte
2009-03-05,23,22,23,23,23,22,4.8,90,10,1019,64.75,26,21,22,119,119,119,0,1,6,météo correcte
2009-03-06,24,23,31,23,24,23,0.1,76,10,1020,54.75,26,20,23,119,113,116,0,1,8.8,météo favorable
2009-03-07,24,22,29,23,24,23,0,69,10,1020,11.75,26,17,23,113,113,113,0,1,11.6,météo idéale
2009-03-08,24,22,22,22,24,23,0,72,10,1019,28.375,26,18,23,119,116,113,0,1,11.6,météo favorable
2009-03-09,25,22,19,23,25,23,0,70,10,1019,16,27,18,23,116,113,113,0,1,11.6,météo idéale
2009-03-10,24,22,18,23,24,24,0,73,10,1018,64.75,26,19,24,119,116,116,0,1,10.2,météo correcte
2009-03-11,25,23,22,23,25,23,0,71,10,1018,30.5,27,19,23,119,113,113,0,1,11.6,météo favorable
2009-03-12,25,22,20,23,25,23,0,75,10,1018,45,26,19,23,116,113,119,0,1,10.2,météo favorable
2009-03-13,25,23,20,23,25,23,0.1,78,10,1018,43.125,26,19,23,116,116,119,0,1,10.2,météo favorable
2009-03-14,25,23,26,23,25,24,0.5,75,10,1019,22.125,26,19,23,116,113,113,0,1,11.6,météo idéale
2009-03-15,25,23,24,24,25,24,0.2,78,10,1020,23.5,27,20,24,116,113,116,0,1,11.6,météo idéale
2009-03-16,25,23,24,24,25,23,0.3,80,10,1021,30.5,27,20,23,116,113,116,0,1,11.6,météo favorable
2009-03-17,26,22,19,23,26,24,1,75,9.875,1016,32.5,27,20,24,116,113,113,0,1,11.6,météo favorable
2009-03-18,26,23,16,23,26,24,0,76,10,1016,5.875,28,20,24,113,113,113,0,1,11.6,météo idéale
2009-03-19,26,23,17,23,26,24,0,71,10,1016,3,28,21,24,113,113,113,0,1,11.6,météo idéale
2009-03-20,26,23,16,24,26,24,0,76,10,1015,6.375,28,21,25,113,113,113,0,1,11.6,météo idéale
2009-03-21,26,23,9,24,26,23,0.2,79,10,1016,16,29,21,24,113,113,113,0,1,11.6,météo idéale
2009-03-22,26,22,7,23,25,23,1.9,84,9.75,1015,32.625,29,21,24,116,113,113,0,1,11.6,météo favorable
2009-03-23,24,22,20,23,24,23,0.7,84,9.875,1015,33.75,27,21,23,113,119,116,0,1,10.2,météo correcte
2009-03-24,25,23,15,23,25,23,0,75,10,1016,24.5,27,19,23,113,113,113,0,1,11.6,météo idéale
2009-03-25,25,23,23,23,25,23,0.8,82,9.75,1016,32,28,21,23,113,113,116,0,1,11.6,météo favorable
2009-03-26,25,22,21,23,25,23,0.3,75,10,1017,45.25,27,19,23,116,116,116,0,1,11.6,météo favorable
2009-03-27,25,22,20,22,25,23,0,72,10,1018,3.875,27,20,23,113,113,113,0,1,11.6,météo idéale
2009-03-28,25,23,20,23,25,24,0,76,10,1019,36.375,27,19,24,119,113,116,0,1,11.6,météo favorable
2009-03-29,25,23,20,24,25,24,0,75,10,1018,24.375,27,19,24,116,113,113,0,1,11.6,météo idéale
2009-03-30,26,23,18,23,26,24,0.1,76,10,1017,32.625,28,20,24,116,113,113,0,1,11.6,météo favorable
2009-03-31,25,23,17,24,24,24,1.9,86,9.75,1017,47.125,27,21,24,116,119,116,0,1,8.8,météo correcte
2009-04-01,26,23,18,24,26,24,0.4,75,9.875,1018,8.75,29,21,25,113,113,113,0,1,11.6,météo idéale
2009-04-02,26,23,17,24,26,24,0,74,10,1017,4,28,20,24,113,113,113,0,1,11.6,météo idéale
2009-04-03,26,23,14,24,26,24,0,77,10,1017,5.125,28,21,24,113,113,113,0,1,11.6,météo idéale
2009-04-04,26,23,13,24,26,24,0,78,10,1017,7.25,30,21,24,113,113,113,0,1,11.6,météo idéale
2009-04-05,26,23,14,24,24,24,0.3,78,9.875,1016,30.5,28,21,25,116,113,116,0,1,11.6,météo favorable
2009-04-06,26,23,18,24,26,25,0,76,10,1016,17.625,28,21,25,113,113,113,0,1,11.6,météo idéale
2009-04-07,26,23,15,24,26,25,0,78,10,1017,5.625,29,22,25,113,113,113,0,1,11.6,météo idéale
2009-04-08,27,23,14,25,27,25,0,76,10,1018,9.25,30,22,25,113,113,113,0,1,11.6,météo idéale
2009-04-09,27,23,17,25,27,25,0,81,10,1018,11.125,32,23,25,113,113,113,0,1,11.6,météo idéale
2009-04-10,27,24,20,25,27,25,0,79,10,1020,15.5,29,22,25,113,113,113,0,1,11.6,météo idéale
2009-04-11,26,24,18,25,26,24,0,74,10,1019,3,28,20,25,113,113,113,0,1,11.6,météo idéale
2009-04-12,26,24,13,25,26,24,0.1,83,10,1017,9.25,31,23,25,113,113,113,0,1,11.6,météo idéale
2009-04-13,26,24,17,25,26,25,0,75,10,1018,9.25,29,21,25,113,113,113,0,1,11.6,météo idéale
2009-04-14,27,24,19,25,27,25,0,75,10,1019,4.875,29,21,25,113,113,113,0,1,11.6,météo idéale
2009-04-15,27,24,21,25,27,25,0,78,10,1019,14.25,29,21,25,113,113,113,0,1,11.6,météo idéale
2009-04-16,27,25,17,25,27,25,0.1,78,10,1018,5.5,30,22,25,113,113,113,0,1,11.6,météo idéale
2009-04-17,27,24,13,25,26,25,0.7,81,9.875,1016,17.125,30,23,25,113,113,113,0,1,11.6,météo idéale
2009-04-18,27,24,15,24,27,25,1.9,80,9.875,1015,39.25,30,23,25,116,113,116,0,1,11.6,météo favorable
2009-04-19,27,24,14,24,26,25,0.4,79,9.875,1016,37.25,30,23,25,116,116,116,0,1,11.6,météo favorable
2009-04-20,27,24,18,25,27,25,0.2,81,10,1018,23.25,30,22,25,116,113,116,0,1,11.6,météo idéale
2009-04-21,27,24,21,25,26,26,1.4,84,9.875,1019,42.125,30,23,26,116,116,113,0,1,11.6,météo favorable
2009-04-22,27,25,19,26,27,25,0.1,80,10,1020,13.625,30,23,25,113,113,113,0,1,11.6,météo idéale
2009-04-23,26,24,18,25,26,25,0,75,10,1019,17.125,28,22,25,116,113,113,0,1,11.6,météo idéale
2009-04-24,27,24,19,25,26,25,0.2,79,10,1019,12.875,29,22,25,113,113,113,0,1,11.6,météo idéale
2009-04-25,26,24,21,25,26,24,1.5,84,9.625,1019,26.375,28,21,24,116,113,116,0,1,11.6,météo idéale
2009-04-26,26,24,22,24,26,25,0.7,77,9.75,1019,23.25,28,21,25,116,113,113,0,1,11.6,météo idéale
2009-04-27,27,24,23,25,27,25,0,77,10,1019,18,29,21,25,113,113,116,0,1,12.5,météo idéale
2009-04-28,26,24,22,25,26,24,2.6,84,9.625,1018,39.75,28,21,24,116,116,116,0,1,12.5,météo favorable
2009-04-29,26,24,20,24,26,25,2.2,79,9.625,1018,32,28,21,25,116,113,113,0,1,12.9,météo favorable
2009-04-30,26,24,16,24,26,24,1.1,81,9.75,1018,23.375,29,21,25,116,113,113,0,1,12.9,météo idéale
2009-05-01,27,24,19,25,27,24,0.5,82,9.75,1018,24.875,29,22,25,113,116,116,0,1,12.9,météo favorable
2009-05-02,26,24,20,25,25,25,0.4,79,9.875,1017,28.625,28,21,25,116,116,113,0,1,12.9,météo favorable
2009-05-03,27,23,13,24,27,25,0,77,10,1016,7.375,31,22,26,113,113,113,0,1,12.9,météo idéale
2009-05-04,26,24,14,25,26,25,1.8,87,9.625,1016,24.125,30,23,25,116,113,176,0,1,12.9,météo idéale
2009-05-05,27,24,22,25,26,24,7.3,90,9.25,1017,38,30,23,24,113,116,119,0,1,12.9,météo favorable
2009-05-06,25,24,22,25,25,24,22.4,87,8.375,1018,58.75,28,23,24,116,116,359,0,1,12.9,météo très défavorable
2009-05-07,25,24,22,25,25,25,7,87,9.25,1018,47.75,27,23,25,116,122,116,0,1,12.9,météo correcte
2009-05-08,26,24,19,25,26,25,0.6,86,9.75,1017,45.875,29,23,25,116,113,116,0,1,12.9,météo favorable
2009-05-09,26,24,17,25,26,25,3.1,88,9.5,1018,34.875,29,23,25,116,116,116,0,1,13,météo favorable
2009-05-10,26,25,18,25,26,25,3.9,86,9.5,1017,33.25,29,23,25,116,116,113,0,1,13,météo favorable
2009-05-11,25,24,18,24,24,24,1.6,85,9.875,1016,39.375,27,22,24,116,116,116,0,1,13,météo favorable
2009-05-12,25,24,19,25,25,24,3.8,89,9.875,1015,46.25,27,23,24,116,116,116,0,1,13,météo favorable
2009-05-13,25,24,21,24,25,25,9.8,88,9.375,1016,56.75,28,23,25,119,116,116,0,1,10.7,météo correcte
2009-05-14,26,24,21,25,25,24,3,89,9.875,1016,42.75,28,22,24,113,116,119,0,1,13,météo favorable
2009-05-15,25,24,20,24,25,24,4,87,9.625,1016,52.5,27,22,24,119,116,116,0,1,11.9,météo favorable
2009-05-16,26,24,21,25,25,25,1.9,84,9.875,1016,30.625,28,22,25,116,113,116,0,1,13,météo favorable
2009-05-17,26,24,22,25,26,24,1,85,9.75,1014,29.625,28,22,24,116,113,116,0,1,13,météo idéale
2009-05-18,25,24,18,25,25,25,7.3,88,9.5,1015,48.25,28,23,25,116,119,116,0,1,13,météo correcte
2009-05-19,27,25,15,26,27,26,2.8,88,10,1015,22.25,31,25,26,116,113,116,0,1,13,météo idéale
2009-05-20,27,25,14,26,27,26,2.6,87,9.625,1015,30.875,31,24,26,116,113,116,0,1,13,météo favorable
2009-05-21,27,25,16,26,27,25,1.7,90,9.625,1014,57,31,25,25,119,119,116,0,1,10.7,météo correcte
2009-05-22,27,25,11,26,27,25,1.5,89,9.875,1015,70.25,32,25,26,119,119,119,0,1,8.2,météo défavorable
2009-05-23,27,25,14,26,27,26,1,90,9.875,1016,49,33,25,26,119,113,116,0,1,13,météo favorable
2009-05-24,27,25,13,26,27,26,0.7,87,9.625,1017,22.875,32,24,26,113,200,113,0,1,13,météo correcte
2009-05-25,27,25,15,26,27,26,0.1,84,10,1016,29.75,31,24,26,116,116,116,0,1,13.1,météo favorable
2009-05-26,26,25,17,26,26,26,1.2,86,9.875,1017,57.125,30,24,26,116,119,119,0,1,10.7,météo correcte
2009-05-27,28,26,14,27,27,26,1.8,86,9.875,1016,37.5,33,25,27,116,116,116,0,1,13.1,météo favorable
2009-05-28,28,26,14,27,28,26,0.1,85,10,1017,41.25,33,24,27,116,116,116,0,1,13.1,météo favorable
2009-05-29,28,26,16,26,28,26,0.1,83,10,1018,35.625,32,24,26,116,113,113,0,1,13.1,météo favorable
2009-05-30,27,25,14,26,26,26,0.6,84,9.875,1017,14.5,31,24,26,113,113,113,0,1,13.1,météo idéale
2009-05-31,27,25,14,26,27,26,0,76,10,1017,6.75,31,24,26,113,113,113,0,1,13.1,météo idéale
2009-06-01,27,24,15,26,27,26,0.1,83,10,1017,10,32,24,26,113,113,113,0,1,13.1,météo idéale
2009-06-02,26,25,18,26,26,25,2.9,88,9.75,1016,38.75,30,24,25,116,116,116,0,1,13.1,météo favorable
2009-06-03,26,25,17,25,26,26,6.8,87,9.625,1016,48.375,29,24,26,116,116,116,0,1,13.1,météo favorable
2009-06-04,27,25,19,26,27,26,2,84,9.75,1016,30.25,30,23,26,116,113,113,0,1,13.1,météo favorable
2009-06-05,27,25,18,26,27,26,5.2,85,9.375,1017,32.625,30,23,26,116,116,116,0,1,13.1,météo favorable
2009-06-06,27,25,20,25,27,26,2,82,9.75,1018,26.625,31,23,26,116,113,113,0,1,13.1,météo idéale
2009-06-07,27,25,17,26,26,26,0.1,84,10,1016,22.75,30,23,26,113,113,116,0,1,13.5,météo idéale
2009-06-08,27,25,12,27,27,26,1.3,85,9.875,1016,47.5,33,25,27,116,116,116,0,1,13.5,météo favorable
2009-06-09,28,26,12,26,28,26,0.8,87,9.75,1016,49.125,32,25,27,116,200,116,0,1,13.5,météo correcte
2009-06-10,27,26,14,26,27,27,1.4,82,9.875,1016,48.5,32,24,27,116,116,116,0,1,13.3,météo favorable
2009-06-11,27,25,19,26,27,26,0.5,87,10,1017,42.125,32,24,26,116,113,119,0,1,12.1,météo favorable
2009-06-12,27,25,14,26,27,26,2.2,82,9.75,1017,32,31,24,27,116,116,116,0,1,13.5,météo favorable
2009-06-13,28,26,14,27,28,27,0.4,83,9.875,1017,21,34,25,27,116,113,113,0,1,13.5,météo idéale
2009-06-14,28,26,13,27,27,26,1,83,9.875,1017,27.875,32,25,27,116,113,116,0,1,13.5,météo idéale
2009-06-15,27,26,15,26,27,26,0.3,81,9.875,1017,29.375,31,23,27,113,116,116,0,1,13.5,météo favorable
2009-06-16,27,26,14,26,26,26,5.2,86,9.625,1017,45.625,32,24,27,116,116,113,0,1,13.5,météo favorable
2009-06-17,28,26,13,27,28,26,1.5,85,9.875,1017,35.375,33,25,26,116,200,116,0,1,13.5,météo correcte
2009-06-18,27,26,15,26,27,26,1.9,81,9.75,1015,17.125,31,24,27,113,113,113,0,1,13.5,météo idéale
2009-06-19,28,26,14,26,28,26,1.2,83,9.75,1015,24,32,24,27,113,113,113,0,1,13.5,météo idéale
2009-06-20,28,25,15,26,27,26,1.3,82,9.875,1015,29.75,32,24,27,116,113,113,0,1,13.5,météo idéale
2009-06-21,28,26,13,27,28,26,0.1,77,10,1014,10.875,34,24,27,113,113,113,0,1,13.5,météo idéale
2009-06-22,28,25,13,26,28,27,0.8,83,10,1014,23.75,32,24,27,113,116,113,0,1,13.5,météo favorable
2009-06-23,28,26,17,27,28,27,2.1,82,9.75,1016,14.125,33,25,27,113,113,113,0,1,13.5,météo idéale
2009-06-24,28,26,18,27,28,27,3.4,84,9.625,1017,29.25,33,25,27,200,200,116,0,1,13.5,météo correcte
2009-06-25,29,26,15,27,29,27,0.2,82,9.875,1017,15.375,35,25,27,113,113,113,0,1,13.5,météo favorable
2009-06-26,28,26,14,27,28,27,1,85,9.875,1018,15.125,34,25,28,113,113,113,0,1,13.5,météo idéale
2009-06-27,29,26,14,27,29,27,0.1,79,10,1018,8.125,35,25,28,113,113,113,0,1,13.5,météo favorable
2009-06-28,29,26,13,27,29,27,0,77,10,1017,8,34,25,28,113,113,113,0,1,13.5,météo idéale
2009-06-29,28,26,12,27,28,26,0.2,80,9.875,1016,13,34,24,27,113,113,113,0,1,13.5,météo idéale
2009-06-30,28,26,15,27,28,27,1,82,9.75,1016,28.375,32,24,27,113,116,116,0,1,13.5,météo favorable
2009-07-01,29,26,18,27,29,27,0.2,79,9.875,1017,11.625,34,24,28,113,113,113,0,1,13.5,météo idéale
2009-07-02,29,27,14,27,29,27,0.5,80,9.875,1018,14,34,24,28,113,113,113,0,1,13.5,météo idéale
2009-07-03,28,27,18,27,28,27,0.2,81,10,1018,7.5,34,25,27,113,113,113,0,1,13.5,météo idéale
2009-07-04,29,27,16,28,29,27,0.2,83,9.875,1017,15.375,36,25,27,113,113,113,0,1,13.5,météo favorable
2009-07-05,28,26,23,27,27,26,3.7,88,9.625,1017,43.5,32,25,27,116,200,200,0,1,13.3,météo correcte
2009-07-06,29,26,15,26,29,27,1.6,83,9.875,1018,35.75,35,25,28,119,113,113,0,1,13.3,météo favorable
2009-07-07,29,27,17,27,29,27,0,82,10,1017,17.625,34,25,28,116,113,113,0,1,13.5,météo idéale
2009-07-08,28,26,19,27,28,27,2.1,83,9.875,1016,36.125,34,24,27,116,113,113,0,1,13.5,météo favorable
2009-07-09,28,26,14,27,28,27,2.4,85,9.875,1018,29.875,34,25,27,116,113,113,0,1,13.5,météo idéale
2009-07-10,28,26,18,27,28,27,0.5,85,9.625,1018,26.75,33,24,27,116,113,200,0,1,13.5,météo idéale
2009-07-11,29,26,16,27,29,27,0.1,79,10,1018,15.625,34,25,28,113,113,113,0,1,13.5,météo idéale
2009-07-12,28,26,19,27,28,27,0.6,81,9.875,1018,19.25,33,25,27,113,113,113,0,1,13.5,météo idéale
2009-07-13,28,26,17,26,27,27,4.9,85,9.25,1017,27.875,32,24,26,116,116,113,0,1,13.5,météo favorable
2009-07-14,29,27,18,27,29,27,0.4,85,10,1019,18.625,34,25,27,113,113,116,0,1,13.5,météo idéale
2009-07-15,29,27,21,28,29,27,0,81,10,1019,30.25,34,25,27,116,116,113,0,1,13.5,météo favorable
2009-07-16,29,27,18,28,29,27,0,81,10,1018,31.25,35,24,27,116,113,116,0,1,13.5,météo favorable
2009-07-17,29,26,19,27,29,27,0.3,84,9.875,1018,38.25,34,24,27,119,113,113,0,1,13.3,météo favorable
2009-07-18,29,26,18,27,29,26,1.2,88,10,1018,35.75,34,25,26,113,113,119,0,1,13.3,météo favorable
2009-07-19,28,26,23,26,28,26,3.1,84,10,1017,50.5,32,24,27,119,116,116,0,1,13.3,météo favorable
2009-07-20,27,26,22,27,27,27,2,85,9.875,1016,35.25,32,24,27,116,116,116,0,1,13.4,météo favorable
2009-07-21,28,26,33,26,27,27,15,88,9.125,1016,49.125,32,24,26,116,116,116,0,1,13,météo défavorable
2009-07-22,28,26,18,27,28,27,4.3,87,9.375,1017,47.625,33,25,27,119,116,116,0,1,13,météo favorable
2009-07-23,29,27,18,28,29,27,0,82,10,1017,27.25,34,25,28,113,116,113,0,1,13,météo favorable
2009-07-24,29,27,17,27,29,27,0,82,10,1017,12.75,34,25,28,113,116,113,0,1,11.6,météo favorable
2009-07-25,28,26,13,27,28,27,0.6,83,9.875,1018,21.75,34,25,27,116,113,113,0,1,11.6,météo idéale
2009-07-26,29,26,20,27,29,27,0.9,82,9.875,1018,22.5,33,24,27,116,113,116,0,1,11.6,météo idéale
2009-07-27,29,26,21,26,29,27,0.2,85,9.875,1018,25.25,34,24,27,116,113,116,0,1,11.6,météo idéale
2009-07-28,29,27,25,27,29,27,0.2,83,9.875,1017,37.5,33,24,27,116,116,116,0,1,11.6,météo favorable
2009-07-29,29,26,21,27,29,27,0.8,76,9.875,1018,17.625,36,25,27,113,113,113,0,1,11.6,météo favorable
2009-07-30,29,27,21,27,28,27,0,80,10,1017,23.875,33,24,27,116,113,113,0,1,11.6,météo idéale
2009-07-31,29,26,21,27,28,27,1.9,84,9.875,1018,37.875,33,24,27,116,119,113,0,1,10.3,météo correcte
2009-08-01,28,26,15,26,27,27,0.5,81,9.875,1017,18.375,31,24,27,116,113,113,0,1,11.6,météo idéale
2009-08-02,28,26,15,27,28,26,0.9,85,9.875,1017,20.75,33,25,27,113,113,116,0,1,11.6,météo idéale
2009-08-03,27,26,16,27,27,27,3.9,85,9.5,1016,31.75,32,25,27,116,116,116,0,1,11.6,météo favorable
2009-08-04,28,26,21,27,28,27,1.1,83,9.625,1016,24.25,32,24,27,113,113,116,0,1,11.6,météo idéale
2009-08-05,28,26,15,27,28,27,0.7,82,9.75,1016,18.75,33,24,27,113,113,113,0,1,11.6,météo idéale
2009-08-06,28,26,18,26,28,27,0.7,81,9.875,1017,17.75,33,24,27,113,113,113,0,1,11.6,météo idéale
2009-08-07,29,26,19,28,29,28,0.2,82,9.875,1018,34,34,25,28,116,116,116,0,1,11.6,météo favorable
2009-08-08,29,27,18,27,29,27,0,78,10,1019,23,34,24,27,116,113,113,0,1,11.6,météo idéale
2009-08-09,28,26,20,27,28,27,0.8,82,9.75,1017,25.25,33,24,27,116,116,113,0,1,11.6,météo favorable
2009-08-10,29,26,16,27,29,27,0.2,81,10,1017,14.75,34,24,27,113,113,113,0,1,11.6,météo idéale
2009-08-11,29,26,18,27,29,27,0.2,78,10,1016,12,33,24,27,113,113,113,0,1,11.6,météo idéale
2009-08-12,28,27,17,27,28,27,2.1,88,9.75,1016,34.875,33,25,27,116,116,116,0,1,11.6,météo favorable
2009-08-13,28,26,27,27,28,27,12.8,87,8.625,1017,47.5,33,25,27,116,116,116,0,1,11.6,météo correcte
2009-08-14,28,27,18,27,28,27,0.5,79,9.875,1016,23,33,24,27,116,113,113,0,1,11.6,météo idéale
2009-08-15,28,26,16,26,27,27,1.2,82,9.75,1015,23.25,33,24,27,116,113,113,0,1,11.6,météo idéale
2009-08-16,28,26,15,27,28,27,1.5,82,9.875,1015,18.75,33,24,27,113,113,113,0,1,11.6,météo idéale
2009-08-17,28,26,22,26,27,27,3.4,88,10,1015,38.125,33,25,27,119,116,113,0,1,10.3,météo favorable
2009-08-18,29,27,19,28,29,27,0,83,10,1016,18.25,37,26,27,116,113,113,0,1,11.6,météo favorable
2009-08-19,28,26,19,27,28,26,3,85,9.75,1013,28.5,33,24,27,116,116,113,0,1,11.6,météo favorable
2009-08-20,28,25,9,26,28,26,3.3,84,9.375,1012,30.625,34,25,27,113,116,116,0,1,11.6,météo favorable
2009-08-21,29,26,13,27,29,28,0,81,10,1015,14.375,38,26,28,113,113,113,0,1,11.6,météo favorable
2009-08-22,29,26,21,27,29,27,0.6,82,9.875,1016,39.5,34,25,28,116,116,116,0,1,10.2,météo favorable
2009-08-23,29,27,22,28,28,27,0.1,81,10,1014,16.125,33,24,27,113,113,113,0,1,11.6,météo idéale
2009-08-24,27,26,15,27,27,26,1.8,86,9.625,1013,36.125,32,25,27,116,200,113,0,1,11.6,météo correcte
2009-08-25,29,26,10,27,28,27,0.3,85,9.75,1014,24.75,36,26,28,116,113,113,0,1,11.6,météo favorable
2009-08-26,29,27,14,28,29,28,0,83,10,1015,11.25,37,26,28,116,113,113,0,1,11.6,météo favorable
2009-08-27,29,27,15,27,29,27,0,83,10,1015,10.5,39,26,28,113,113,113,0,1,11.6,météo favorable
2009-08-28,28,26,18,27,28,27,0,79,10,1016,15.125,32,24,27,113,113,113,0,1,11.6,météo idéale
2009-08-29,28,27,15,27,28,27,0.5,80,9.75,1016,17.75,32,24,27,116,113,113,0,1,11.6,météo idéale
2009-08-30,28,26,15,27,28,27,1.8,83,9.875,1016,20.25,34,25,27,113,113,113,0,1,11.6,météo idéale
2009-08-31,28,26,18,27,28,27,0.7,84,9.875,1015,20.875,34,25,27,116,113,113,0,1,11.6,météo idéale
2009-09-01,29,27,15,28,29,27,0,82,10,1015,11.75,38,26,28,116,113,113,0,1,11.6,météo favorable
2009-09-02,29,27,17,28,29,27,0.7,85,9.875,1014,34.5,35,25,27,113,116,116,0,1,11.6,météo favorable
2009-09-03,28,26,20,27,28,28,3.2,85,10,1013,64.75,33,25,28,119,116,119,0,1,8.9,météo correcte
2009-09-04,27,25,28,26,26,26,65.2,92,9.25,1014,57.25,31,25,25,116,122,113,0,1,7.5,météo très défavorable
2009-09-05,27,25,19,25,26,26,6.2,90,9.375,1017,45.625,31,25,26,116,116,116,0,1,11.6,météo favorable
2009-09-06,28,26,15,27,28,27,0.2,85,10,1017,31.125,33,25,27,116,116,113,0,1,11.6,météo favorable
2009-09-07,29,26,17,27,29,27,0.7,82,9.875,1015,17.125,33,25,27,113,113,113,0,1,11.6,météo idéale
2009-09-08,28,26,15,27,28,27,0.4,82,9.875,1014,19.875,34,24,27,113,113,113,0,1,11.6,météo idéale
2009-09-09,29,26,10,26,29,27,1.6,86,9.875,1014,27,36,26,28,200,113,113,0,1,11.6,météo favorable
2009-09-10,29,26,11,27,29,27,0.2,86,10,1017,11.375,38,26,28,113,113,113,0,1,11.6,météo favorable
2009-09-11,28,27,15,27,28,27,0.3,82,10,1017,11.625,34,25,27,113,113,113,0,1,11.6,météo idéale
2009-09-12,28,26,12,27,28,27,0.8,82,9.875,1015,16.5,34,25,27,113,113,113,0,1,11.6,météo idéale
2009-09-13,28,26,10,27,28,27,0.4,82,10,1016,9.875,34,25,28,113,113,113,0,1,11.6,météo idéale
2009-09-14,28,26,12,27,28,27,0.4,80,10,1016,13.25,33,25,27,113,113,113,0,1,11.6,météo idéale
2009-09-15,28,26,18,27,28,27,0.2,80,10,1016,12.5,33,24,27,113,113,113,0,1,11.6,météo idéale
2009-09-16,28,26,15,27,28,26,3.3,81,9.75,1016,22,33,25,27,113,113,113,0,1,11.6,météo favorable
2009-09-17,28,26,15,27,28,27,0.4,83,9.875,1015,32.5,33,25,28,113,116,113,0,1,11.6,météo favorable
2009-09-18,28,26,11,27,28,27,1,81,9.875,1015,11.875,34,25,28,113,113,113,0,1,11.6,météo idéale
2009-09-19,28,26,15,27,28,27,1.4,85,9.75,1015,21.25,33,25,27,113,113,113,0,1,11.6,météo idéale
2009-09-20,27,26,17,27,27,26,3.6,86,9.625,1015,33.125,32,24,27,113,116,116,0,1,11.6,météo favorable
2009-09-21,28,26,16,27,28,27,2,87,9.75,1015,29.5,33,25,27,113,116,113,0,1,11.6,météo favorable
2009-09-22,28,26,15,27,27,27,1.9,86,9.75,1013,25.75,33,25,27,113,113,113,0,1,11.6,météo idéale
2009-09-23,28,26,13,27,28,27,2.8,88,9.625,1014,26.875,33,25,27,113,113,200,0,1,11.6,météo idéale
2009-09-24,28,26,13,27,28,27,0.6,86,9.875,1014,21.375,34,25,28,113,113,113,0,1,11.6,météo idéale
2009-09-25,29,27,9,27,29,27,0,80,10,1014,14.125,39,26,28,113,113,113,0,1,11.6,météo favorable
2009-09-26,29,26,10,27,29,27,1,85,9.875,1015,7.625,37,26,28,113,113,113,0,1,11.6,météo favorable
2009-09-27,29,27,15,28,28,28,0.3,83,9.875,1015,11.5,35,26,28,113,113,113,0,1,11.6,météo favorable
2009-09-28,30,27,15,28,30,27,0,83,10,1016,22.375,35,25,28,113,116,113,0,1,11.6,météo favorable
2009-09-29,29,27,16,28,29,28,0,84,10,1016,20,35,26,28,113,113,113,0,1,11.6,météo favorable
2009-09-30,29,27,16,28,28,27,2.8,85,9.75,1016,22.5,34,25,28,116,113,116,0,1,11.6,météo idéale
2009-10-01,29,27,20,28,29,27,0.5,81,9.875,1015,16.375,34,25,27,113,113,113,0,1,11.6,météo idéale
2009-10-02,28,26,18,26,28,27,2.9,86,9.75,1015,28.75,33,25,27,116,116,113,0,1,11.6,météo favorable
2009-10-03,29,27,19,28,29,27,0.6,80,10,1015,6.125,34,25,28,113,113,113,0,1,11.6,météo idéale
2009-10-04,28,27,14,27,28,27,0.9,84,9.75,1016,16.875,33,25,27,113,113,113,0,1,11.6,météo idéale
2009-10-05,28,27,20,27,28,28,2.9,86,9.625,1014,25.375,34,25,28,116,113,113,0,1,11.6,météo idéale
2009-10-06,29,27,18,28,29,27,0,83,10,1016,11.875,34,25,28,113,113,113,0,1,11.6,météo idéale
2009-10-07,29,27,18,27,28,28,0.2,82,9.875,1017,10.125,37,26,28,113,113,113,0,1,11.6,météo favorable
2009-10-08,29,27,10,28,28,27,1.9,89,9.625,1016,18.75,36,25,27,113,113,116,0,1,11.6,météo favorable
2009-10-09,29,26,8,27,29,27,2.1,86,9.5,1016,27.375,36,26,28,116,113,113,0,1,11.6,météo favorable
2009-10-10,29,26,11,28,29,27,0.5,85,10,1015,9.25,37,26,28,113,113,113,0,1,11.6,météo favorable
2009-10-11,28,26,13,27,28,27,3.6,88,9.875,1014,27.5,34,26,27,113,116,116,0,1,11.6,météo favorable
2009-10-12,28,26,15,27,27,27,5.4,89,9.5,1014,44.625,33,25,27,116,116,113,0,1,8.8,météo favorable
2009-10-13,28,26,15,27,28,27,2,85,9.625,1014,36.875,32,25,27,116,116,113,0,1,11.6,météo favorable
2009-10-14,28,26,14,27,28,26,2,88,9.75,1013,28.25,33,25,27,113,116,113,0,1,11.6,météo favorable
2009-10-15,28,26,10,26,28,27,2,86,9.625,1013,35.125,34,25,27,200,200,113,0,1,11.6,météo correcte
2009-10-16,29,27,14,27,29,27,0,82,9.75,1015,23.875,36,25,28,200,113,113,0,1,11.6,météo favorable
2009-10-17,29,27,20,28,29,27,0.5,84,9.875,1016,15.5,34,25,27,113,113,113,0,1,11.6,météo idéale
2009-10-18,28,26,19,27,28,27,0.7,82,9.875,1015,15.5,33,24,27,113,113,113,0,1,11.6,météo idéale
2009-10-19,28,26,17,26,28,27,0,83,10,1013,11.875,33,24,27,113,113,113,0,1,11.6,météo idéale
2009-10-20,28,26,10,27,28,26,0.1,78,10,1012,9.375,34,24,27,113,113,113,0,1,8.7,météo idéale
2009-10-21,28,26,14,27,28,27,1.2,82,9.75,1012,12.375,33,24,27,113,113,113,0,1,8.7,météo idéale
2009-10-22,28,26,13,26,28,27,0.1,82,10,1012,12.25,33,24,27,113,113,113,0,1,8.7,météo idéale
2009-10-23,29,26,14,27,29,27,1.3,82,9.75,1013,16.5,35,25,27,113,113,113,0,1,8.7,météo favorable
2009-10-24,28,26,17,27,28,27,0.7,82,9.875,1014,17,33,24,27,113,113,113,0,1,8.7,météo idéale
2009-10-25,28,26,16,27,28,27,1.1,85,9.5,1015,24.125,32,25,27,113,113,116,0,1,8.7,météo idéale
2009-10-26,28,26,19,27,27,27,0.6,82,9.875,1014,14,31,24,27,116,113,113,0,1,8.7,météo idéale
2009-10-27,28,26,19,27,28,27,0.5,84,9.875,1014,11.875,32,24,27,113,113,113,0,1,8.7,météo idéale
2009-10-28,28,26,18,27,28,27,1.9,85,9.75,1014,25.625,33,25,27,113,113,113,0,1,8.7,météo idéale
2009-10-29,29,26,16,27,29,27,0.3,80,9.875,1014,10.5,34,24,27,113,113,113,0,1,8.7,météo idéale
2009-10-30,28,26,12,26,28,26,0,80,10,1012,12.375,33,23,27,113,113,113,0,1,8.7,météo idéale
2009-10-31,28,26,14,26,28,26,0,76,10,1012,0,37,25,28,113,113,113,0,1,8.7,météo favorable
2009-11-01,28,25,13,26,28,26,0.4,84,9.875,1012,17.375,32,24,26,113,116,113,0,1,8.7,météo favorable
2009-11-02,28,26,17,26,28,27,0.2,80,10,1014,27.25,32,23,27,116,113,113,0,1,8.7,météo idéale
2009-11-03,28,26,14,27,28,26,0.2,81,10,1014,11.625,32,24,26,113,113,113,0,1,8.7,météo idéale
2009-11-04,28,26,14,27,27,26,1.1,88,9.75,1014,18.75,33,25,26,113,113,113,0,1,8.7,météo idéale
2009-11-05,28,26,15,27,28,27,0.4,83,9.875,1014,19.875,32,24,27,113,113,113,0,1,8.7,météo idéale
2009-11-06,28,26,14,26,28,27,0.7,83,9.625,1014,25.875,32,24,27,113,113,113,0,1,8.7,météo idéale
2009-11-07,28,26,13,27,27,27,0.6,82,9.75,1013,22.125,32,24,27,113,113,113,0,1,8.7,météo idéale
2009-11-08,27,26,11,27,27,26,2.4,85,9.625,1013,28.875,32,24,26,113,113,119,0,1,8.7,météo idéale
2009-11-09,26,25,14,25,26,25,3.1,87,9.5,1013,32.125,30,24,26,116,200,113,0,1,8.7,météo correcte
2009-11-10,27,25,12,26,27,26,1,83,9.875,1012,13.375,32,23,26,113,113,113,0,1,8.7,météo idéale
2009-11-11,27,25,15,26,27,26,3.4,85,9.5,1012,25.875,31,24,26,113,200,113,0,1,8.7,météo correcte
2009-11-12,28,26,13,27,28,27,0.9,84,9.875,1011,25.375,36,26,27,113,113,113,0,1,7.2,météo favorable
2009-11-13,29,27,14,27,29,27,0,83,10,1011,11,36,26,28,113,113,113,0,1,8.7,météo favorable
2009-11-14,29,26,9,27,29,27,0.9,83,9.875,1012,10.875,40,27,28,113,113,113,0,1,8.7,météo correcte
2009-11-15,28,26,11,26,27,27,1.5,85,10,1012,31.625,33,25,27,116,113,113,0,1,8.7,météo favorable
2009-11-16,26,25,11,26,25,25,8.1,88,9.125,1012,53.25,31,24,25,119,116,116,0,1,8.7,météo correcte
2009-11-17,28,25,4,26,27,26,1.2,85,9.875,1011,26,33,25,27,116,113,113,0,1,8.7,météo idéale
2009-11-18,28,25,7,26,27,25,2.2,88,9.625,1013,21.625,33,25,26,113,113,116,0,1,8.7,météo idéale
2009-11-19,28,25,11,26,27,26,0.4,86,9.875,1013,18.25,34,25,27,113,113,113,0,1,8.7,météo idéale
2009-11-20,27,26,12,26,27,26,0.9,87,9.625,1013,20.875,33,25,27,116,113,113,0,1,8.7,météo idéale
2009-11-21,28,26,14,27,28,27,1.3,87,9.75,1014,17.75,34,26,28,116,113,113,0,1,8.7,météo idéale
2009-11-22,28,26,16,26,28,27,2.4,83,9.75,1015,25,34,25,27,116,113,113,0,1,8.7,météo idéale
2009-11-23,28,26,15,27,28,27,0.3,81,9.875,1017,11.25,34,25,27,113,113,113,0,1,8.7,météo idéale
2009-11-24,28,26,20,27,28,26,0,79,10,1014,6.5,32,23,27,113,113,113,0,1,8.7,météo idéale
2009-11-25,27,26,17,26,27,26,0.5,82,9.875,1014,20.875,31,23,26,116,113,113,0,1,8.7,météo idéale
2009-11-26,27,26,14,26,26,26,0.5,82,9.875,1014,20,31,24,27,113,116,113,0,1,8.7,météo favorable
2009-11-27,28,26,12,26,28,26,0,83,10,1013,10.25,33,24,27,113,113,113,0,1,8.7,météo idéale
2009-11-28,28,25,9,26,28,26,0.1,83,10,1013,8.25,35,24,27,113,113,113,0,1,8.7,météo favorable
2009-11-29,28,25,12,26,27,26,0.1,83,10,1015,13,32,23,27,113,113,113,0,1,8.7,météo idéale
2009-11-30,28,25,13,26,28,26,0.3,81,9.875,1014,12.375,32,24,27,113,113,113,0,1,8.7,météo idéale
2009-12-01,28,26,16,26,28,26,0.1,81,10,1014,6.25,33,24,26,113,113,113,0,1,8.7,météo idéale
2009-12-02,28,26,20,26,28,27,0.2,80,10,1015,17.125,31,23,27,113,113,116,0,1,8.7,météo idéale
2009-12-03,28,26,20,26,28,26,0,77,10,1016,13.375,31,23,27,113,113,113,0,1,8.7,météo idéale
2009-12-04,28,26,19,26,28,26,0.1,80,10,1015,8.375,31,23,26,113,113,113,0,1,8.7,météo idéale
2009-12-05,27,25,19,26,27,26,1.3,84,9.75,1015,31.125,30,24,27,116,116,113,0,1,8.7,météo favorable
2009-12-06,27,25,21,26,27,26,0.3,81,9.875,1016,19.625,31,23,27,113,113,113,0,1,8.7,météo idéale
2009-12-07,27,25,19,25,27,26,0.9,82,9.75,1017,29.25,31,23,27,116,113,113,0,1,8.7,météo idéale
2009-12-08,27,25,19,26,26,27,1.4,87,9.875,1016,23.75,30,24,26,116,116,113,0,1,8.7,météo favorable
2009-12-09,27,25,22,26,27,25,0.5,84,9.75,1016,28.375,30,23,26,113,116,116,0,1,8.7,météo favorable
2009-12-10,28,25,21,25,28,26,2.2,82,10,1017,32.25,31,23,26,116,113,116,0,1,8.7,météo favorable
2009-12-11,28,26,23,26,28,26,0,82,10,1018,27.125,31,23,26,116,113,116,0,1,8.7,météo idéale
2009-12-12,27,26,24,26,27,26,0.4,78,9.75,1019,24.5,30,22,26,113,116,116,0,1,8.7,météo favorable
2009-12-13,27,26,27,26,27,26,0.2,77,10,1019,15.375,30,22,26,113,113,113,0,1,8.7,météo idéale
2009-12-14,27,26,20,26,27,26,0,76,10,1017,22.625,30,22,26,113,116,113,0,1,8.7,météo favorable
2009-12-15,27,26,22,26,27,26,0.2,78,10,1017,54.125,30,22,26,116,119,116,0,1,5.7,météo correcte
2009-12-16,27,25,22,26,27,26,0,78,10,1015,62.25,29,22,26,122,119,116,0,1,4.1,météo correcte
2009-12-17,27,25,18,25,27,25,0,72,10,1015,2.5,29,21,25,113,113,113,0,1,8.7,météo idéale
2009-12-18,27,25,20,25,27,25,0.6,85,9.875,1014,27.125,29,23,25,113,116,116,0,1,8.7,météo favorable
2009-12-19,27,25,16,25,27,26,4.5,85,9.875,1014,34.125,31,24,26,116,113,113,0,1,8.7,météo favorable
2009-12-20,28,25,12,26,28,26,0,79,10,1016,5,35,25,27,113,113,113,0,1,8.7,météo favorable
2009-12-21,28,25,8,25,28,26,0,79,10,1016,18.75,34,24,26,113,113,116,0,1,8.7,météo idéale
2009-12-22,27,24,12,25,27,25,0.2,80,9.875,1016,11.125,31,24,26,113,113,113,0,1,8.7,météo idéale
2009-12-23,27,25,14,25,27,25,0,80,10,1015,15.75,30,22,26,113,113,116,0,1,8.7,météo idéale
2009-12-24,27,26,22,26,27,26,8.5,90,9.25,1013,44.375,30,24,26,116,116,119,0,1,7.2,météo correcte
2009-12-25,27,25,9,25,27,25,3.8,85,9.625,1014,35.375,31,24,26,113,113,113,0,1,8.7,météo favorable
2009-12-26,26,24,9,25,26,25,0.4,88,9.875,1014,16.25,31,24,26,113,113,113,0,1,8.7,météo idéale
2009-12-27,27,25,10,25,27,25,0.9,88,9.75,1016,26.375,32,25,26,113,113,113,0,1,8.7,météo idéale
2009-12-28,26,25,11,25,26,25,1.1,87,9.625,1016,30.5,31,25,26,116,116,113,0,1,8.7,météo favorable
2009-12-29,28,25,5,25,28,25,0.1,80,10,1017,15.25,34,24,26,113,113,113,0,1,8.7,météo idéale
2009-12-30,25,24,22,25,24,25,2.8,91,9.875,1018,56.375,28,23,24,116,122,116,0,1,5.7,météo correcte
2009-12-31,26,24,24,25,26,24,3,88,10,1019,90.125,28,22,25,122,119,122,0,1,5.7,météo défavorable
2010-01-01,27,25,21,25,27,25,0.2,82,10,1017,39.75,29,22,25,116,116,113,0,1,11.4,météo favorable
2010-01-02,28,24,10,25,28,25,0.2,81,10,1014,7,38,26,26,113,113,113,0,1,11.4,météo favorable
2010-01-03,27,24,10,25,27,25,0.2,82,10,1014,16.375,31,23,26,113,113,113,0,1,11.5,météo idéale
2010-01-04,27,24,17,25,27,25,0.1,82,10,1015,9.125,31,23,26,113,113,113,0,1,11.5,météo idéale
2010-01-05,28,25,16,25,28,26,0,80,10,1016,9.375,33,24,26,113,113,113,0,1,11.5,météo idéale
2010-01-06,27,24,10,25,27,25,1.2,85,9.75,1016,20.5,31,24,25,113,116,116,0,1,11.5,météo favorable
2010-01-07,24,23,17,23,24,23,1.8,90,9.625,1018,44.875,27,22,23,116,116,116,0,1,11.5,météo favorable
2010-01-08,25,24,15,25,24,24,1.9,89,9.875,1018,52.625,27,23,24,116,116,116,0,1,11.5,météo favorable
2010-01-09,27,24,17,25,27,25,0,78,10,1016,7.375,30,22,26,113,113,113,0,1,11.5,météo idéale
2010-01-10,27,24,9,25,27,25,0,85,10,1016,3.375,34,24,26,113,113,113,0,1,11.5,météo idéale
2010-01-11,27,24,6,25,27,25,0.1,79,10,1018,12.375,32,23,26,113,113,116,0,1,11.5,météo idéale
2010-01-12,27,24,17,25,27,25,0.2,82,10,1018,9.875,29,23,25,113,113,113,0,1,11.5,météo idéale
2010-01-13,27,25,10,25,27,25,0.4,83,9.875,1018,20,31,24,26,116,113,113,0,1,11.1,météo idéale
2010-01-14,24,23,19,23,24,23,2.7,90,9.75,1019,46,27,22,24,116,116,116,0,1,11.1,météo favorable
2010-01-15,24,23,21,23,23,24,7.5,93,9.625,1019,77.25,26,22,23,122,122,116,0,1,7.1,météo défavorable
2010-01-16,26,24,19,24,25,24,1.9,87,9.875,1018,49.25,29,23,25,116,116,113,0,1,10.1,météo favorable
2010-01-17,26,24,16,25,25,24,1,91,9.875,1019,51.625,28,23,24,116,116,116,0,1,11.1,météo favorable
2010-01-18,27,25,17,25,26,25,1,89,10,1019,38.875,31,25,26,119,116,113,0,1,11.1,météo favorable
2010-01-19,27,24,15,25,27,25,0,79,10,1017,7.5,31,24,26,113,113,113,0,1,11.1,météo idéale
2010-01-20,26,24,15,24,26,25,0,83,10,1017,9.5,32,23,25,116,113,113,0,1,11.1,météo idéale
2010-01-21,27,24,15,25,27,26,0.3,87,10,1016,18.25,31,24,26,116,113,113,0,1,11.1,météo idéale
2010-01-22,26,25,14,25,26,25,1.1,86,9.75,1015,22,30,24,25,116,116,113,0,1,11.1,météo favorable
2010-01-23,27,24,10,25,27,25,0,79,10,1015,3.875,36,25,27,113,113,113,0,1,11.1,météo favorable
2010-01-24,26,24,15,24,26,25,0.2,84,9.875,1016,7.75,31,24,25,113,113,113,0,1,11.2,météo idéale
2010-01-25,25,24,21,24,24,25,1.3,86,9.875,1017,53.375,27,22,24,116,119,119,0,1,7.2,météo correcte
2010-01-26,26,24,22,25,26,25,0,79,10,1017,25.5,29,22,25,116,113,113,0,1,11.6,météo idéale
2010-01-27,26,24,21,25,26,25,0,77,10,1018,12,28,20,25,113,113,116,0,1,11.6,météo idéale
2010-01-28,25,24,22,24,25,25,0.4,75,9.875,1017,24.875,27,20,25,113,116,113,0,1,11.6,météo favorable
2010-01-29,26,24,25,24,26,25,0,73,10,1017,5.5,28,20,25,113,113,113,0,1,11.6,météo idéale
2010-01-30,26,24,31,24,26,25,0.8,78,9.875,1016,35.875,28,21,25,116,113,116,0,1,11.6,météo favorable
2010-01-31,26,23,19,23,26,25,2,82,10,1016,55.625,28,21,25,122,116,116,0,1,11.6,météo correcte
2010-02-01,26,24,20,25,26,24,0,81,10,1017,19.5,28,21,25,113,116,113,0,1,11.6,météo favorable
2010-02-02,27,25,28,25,27,25,0.1,76,10,1015,20.875,29,22,26,113,116,113,0,1,11.6,météo favorable
2010-02-03,27,25,12,25,27,25,0,76,10,1016,4.375,32,23,26,113,113,113,0,1,11.6,météo idéale
2010-02-04,27,24,10,24,27,25,0,76,10,1015,7.25,30,23,26,113,113,113,0,1,11.6,météo idéale
2010-02-05,27,24,12,24,27,25,0,79,10,1016,6.625,31,23,27,113,113,113,0,1,11.6,météo idéale
2010-02-06,27,24,19,24,27,25,0,74,10,1015,4.25,33,24,25,113,113,113,0,1,11.6,météo idéale
2010-02-07,27,23,14,24,27,25,0,79,10,1014,5.625,34,24,26,113,113,113,0,1,11.6,météo idéale
2010-02-08,28,24,8,25,28,25,0,80,10,1016,5.375,39,26,26,113,113,113,0,1,11.6,météo favorable
2010-02-09,27,24,18,24,27,25,0,81,10,1016,4.5,31,23,25,113,113,113,0,1,11.6,météo idéale
2010-02-10,27,24,14,24,27,25,0,79,10,1014,0.75,37,25,26,113,113,113,0,1,11.6,météo favorable
2010-02-11,27,24,12,24,27,25,0.1,79,10,1013,1.875,39,26,28,113,113,113,0,1,11.6,météo favorable
2010-02-12,26,24,14,24,26,25,0.2,83,9.875,1013,24.125,29,22,25,116,113,113,0,1,11.6,météo idéale
2010-02-13,27,24,17,25,27,25,0,78,10,1013,4.875,30,23,26,113,113,113,0,1,11.6,météo idéale
2010-02-14,27,25,12,25,27,25,0,82,10,1014,4.25,35,25,26,113,113,113,0,1,11.6,météo favorable
2010-02-15,27,24,17,25,27,26,0,79,10,1015,4.625,30,23,26,113,113,113,0,1,11.6,météo idéale
2010-02-16,27,25,16,25,26,26,0.2,80,9.875,1015,23.875,31,23,26,116,116,113,0,1,11.6,météo favorable
2010-02-17,28,25,13,25,28,25,0,78,10,1014,1.625,33,24,28,113,113,113,0,1,11.6,météo idéale
2010-02-18,28,24,8,25,28,25,0.1,75,10,1016,13.875,35,26,26,113,113,113,0,1,11.6,météo favorable
2010-02-19,26,24,15,25,26,24,2.2,89,9.75,1017,47.625,29,23,25,116,116,116,0,1,11.6,météo favorable
2010-02-20,25,24,15,25,25,24,5.1,90,10,1016,68.625,27,23,24,116,119,116,0,1,5.9,météo défavorable
2010-02-21,24,23,15,24,24,24,4,90,10,1016,78.375,27,22,24,119,122,119,0,1,5.9,météo défavorable
2010-02-22,25,23,13,24,25,24,3.1,88,9.625,1014,36.75,28,23,24,113,116,116,0,1,11.6,météo favorable
2010-02-23,27,24,21,25,27,26,0,82,10,1011,38.125,30,24,26,116,116,116,0,1,11.6,météo favorable
2010-02-24,27,24,5,25,27,24,2.8,89,9.625,1013,33.625,32,24,25,116,116,116,0,1,11.6,météo favorable
2010-02-25,28,24,13,25,28,26,0,87,10,1013,20.5,33,24,26,116,113,113,0,1,11.6,météo idéale
2010-02-26,27,24,7,25,27,25,0.5,92,10,1013,37.75,32,25,25,116,116,119,0,1,10.2,météo favorable
2010-02-27,26,24,15,25,26,25,2.2,91,9.75,1015,50.5,30,24,26,119,116,116,0,1,11.6,météo favorable
2010-02-28,28,25,17,26,28,26,0,85,10,1014,11.875,34,25,27,113,113,113,0,1,11.6,météo idéale
2010-03-01,28,25,9,25,28,26,0.1,86,10,1015,12.625,35,25,27,113,113,113,0,1,11.6,météo favorable
2010-03-02,28,25,15,25,28,26,0,83,10,1015,6,32,24,27,113,113,113,0,1,11.6,météo idéale
2010-03-03,28,25,20,26,28,26,0,82,10,1013,7.75,33,25,27,113,113,113,0,1,11.6,météo idéale
2010-03-04,28,25,12,26,28,26,0,80,10,1015,9.875,33,24,27,113,113,113,0,1,11.6,météo idéale
2010-03-05,27,24,8,26,27,25,0.8,88,9.75,1014,17.875,32,24,25,113,116,113,0,1,11.6,météo favorable
2010-03-06,24,23,14,24,24,23,5.4,92,9.625,1013,80.25,28,23,23,119,122,122,0,1,6,météo défavorable
2010-03-07,23,21,18,22,22,22,8,90,9.5,1014,93,25,21,21,122,122,119,0,1,6,météo défavorable
2010-03-08,23,22,19,22,23,22,0.7,84,8.375,1015,65.375,25,19,22,116,119,122,0,1,7.4,météo défavorable
2010-03-09,23,22,16,22,23,23,2.6,87,9.875,1015,85.25,25,21,22,119,122,122,0,1,6,météo défavorable
2010-03-10,24,23,17,23,24,24,4.4,88,10,1015,92.75,26,21,23,122,119,122,0,1,6,météo défavorable
2010-03-11,25,24,17,24,24,24,2.6,91,10,1014,63,28,23,24,116,119,119,0,1,7.4,météo correcte
2010-03-12,26,24,21,24,25,25,0.3,85,10,1014,59.375,28,23,25,116,116,116,0,1,8.8,météo correcte
2010-03-13,27,25,16,25,27,26,0,86,10,1013,37.75,31,24,26,116,116,113,0,1,11.6,météo favorable
2010-03-14,28,25,13,26,28,26,0,87,10,1014,10.5,33,25,26,113,113,116,0,1,11.6,météo idéale
2010-03-15,28,24,10,25,28,26,0,84,10,1014,1.625,38,26,28,113,113,113,0,1,11.6,météo favorable
2010-03-16,28,24,7,26,28,26,0.1,84,10,1014,25.125,35,26,26,113,116,116,0,1,11.6,météo favorable
2010-03-17,27,24,14,25,26,26,0.2,88,10,1014,25.25,31,24,26,113,113,113,0,1,11.6,météo idéale
2010-03-18,28,25,12,26,28,26,0,83,10,1015,13,33,25,28,113,113,113,0,1,11.6,météo idéale
2010-03-19,28,25,17,26,28,26,0,85,10,1016,21.125,32,24,27,116,113,116,0,1,11.6,météo idéale
2010-03-20,28,25,15,26,28,26,0,81,10,1017,8.875,33,24,27,113,113,113,0,1,11.6,météo idéale
2010-03-21,28,25,19,26,28,26,0.1,80,10,1018,9.25,31,24,26,116,113,113,0,1,11.6,météo idéale
2010-03-22,27,25,22,26,27,26,0.1,80,10,1018,18,30,23,26,113,113,113,0,1,11.6,météo idéale
2010-03-23,28,25,21,26,28,26,0.1,81,10,1017,20.125,31,23,26,113,113,113,0,1,11.6,météo idéale
2010-03-24,28,26,18,26,28,26,0,78,10,1017,21.25,32,23,27,116,113,113,0,1,11.6,météo idéale
2010-03-25,28,25,16,26,28,26,0,78,10,1016,3.625,34,23,26,113,113,113,0,1,11.6,météo idéale
2010-03-26,28,25,21,26,28,26,0.1,78,10,1015,12.5,32,23,26,116,113,113,0,1,11.6,météo idéale
2010-03-27,28,25,14,26,28,26,0,85,10,1015,10,34,24,26,116,113,113,0,1,11.6,météo idéale
2010-03-28,28,25,18,26,28,26,0,78,10,1015,10.875,33,24,26,116,113,113,0,1,11.6,météo idéale
2010-03-29,28,25,21,26,28,26,0,78,10,1015,14,31,22,26,116,113,113,0,1,11.6,météo idéale
2010-03-30,28,26,18,26,28,26,0,78,10,1016,15.875,32,22,26,113,113,113,0,1,11.6,météo idéale
2010-03-31,28,26,18,26,27,26,0.3,82,9.875,1016,18.375,32,24,26,116,113,113,0,1,11.6,météo idéale
2010-04-01,28,25,9,26,28,25,2.6,85,9.625,1015,15.75,33,24,26,113,113,176,0,1,11.6,météo idéale
2010-04-02,26,24,15,25,26,25,0.6,81,9.75,1013,33.625,29,23,25,116,116,116,0,1,11.6,météo favorable
2010-04-03,27,23,9,24,27,25,0,70,10,1014,34.5,30,19,25,116,113,116,0,1,10.2,météo favorable
2010-04-04,27,23,17,25,27,25,0,70,10,1015,2.875,34,22,25,113,113,113,0,1,11.6,météo idéale
2010-04-05,26,24,17,25,26,25,0.1,70,10,1016,25.625,28,20,25,113,119,113,0,1,10.2,météo correcte
2010-04-06,26,23,17,23,25,25,1.1,79,9.875,1016,24.625,28,20,24,116,113,113,0,1,11.6,météo idéale
2010-04-07,27,24,23,25,27,25,0,71,10,1016,10.25,28,20,25,113,113,116,0,1,11.6,météo idéale
2010-04-08,27,25,24,25,27,26,0,72,10,1016,25.75,30,21,26,119,113,113,0,1,11.6,météo idéale
2010-04-09,27,25,23,26,27,26,0.1,75,10,1016,31.25,30,22,26,116,113,113,0,1,11.6,météo favorable
2010-04-10,27,24,20,25,27,24,1.5,86,9.625,1017,40.875,29,22,25,116,116,116,0,1,10.2,météo favorable
2010-04-11,27,24,24,25,27,25,1.5,77,9.75,1015,23.625,30,22,25,113,116,113,0,1,11.6,météo favorable
2010-04-12,27,25,22,25,26,26,1.7,81,9.875,1014,34.25,29,23,26,116,113,116,0,1,11.6,météo favorable
2010-04-13,27,25,14,25,27,25,3.3,87,9.625,1013,42.75,31,24,26,116,113,116,0,1,11.6,météo favorable
2010-04-14,28,25,7,25,28,26,6.9,87,9.125,1014,54.375,34,25,26,119,113,116,0,1,10.2,météo favorable
2010-04-15,26,24,20,25,26,25,3.8,86,9.875,1014,46.5,29,24,25,116,116,116,0,1,11.6,météo favorable
2010-04-16,26,24,21,25,26,24,0.4,81,10,1015,53,28,22,24,119,119,116,0,1,10.2,météo correcte
2010-04-17,25,24,23,24,25,25,0.6,80,10,1016,70.25,28,21,25,119,122,116,0,1,6.2,météo défavorable
2010-04-18,27,24,18,25,27,26,0,84,10,1016,39.375,30,23,26,113,116,116,0,1,11.6,météo favorable
2010-04-19,28,25,11,26,28,26,1.2,88,9.75,1015,33.5,33,25,27,113,116,116,0,1,11.6,météo favorable
2010-04-20,27,26,8,26,27,26,2.6,91,9.75,1014,34.875,34,26,27,116,116,116,0,1,11.6,météo favorable
2010-04-21,28,26,8,26,28,26,1.7,90,9.75,1013,21.625,35,26,27,113,113,113,0,1,11.6,météo favorable
2010-04-22,26,26,9,26,26,26,3.8,88,10,1014,61.5,31,25,26,116,119,116,0,1,6.2,météo correcte
2010-04-23,26,26,11,26,26,26,3,91,9.875,1015,48,31,25,26,119,119,116,0,1,10.3,météo correcte
2010-04-24,26,25,14,26,26,26,0.3,85,9.875,1016,31.625,30,24,26,113,116,116,0,1,11.6,météo favorable
2010-04-25,27,25,19,26,26,25,0.2,83,10,1015,42,30,23,25,116,116,116,0,1,11.6,météo favorable
2010-04-26,27,25,17,26,27,27,0.1,85,10,1014,29.625,32,24,27,116,116,113,0,1,11.6,météo favorable
2010-04-27,29,26,18,27,29,27,0,82,10,1016,10.25,34,25,28,113,116,113,0,1,11.6,météo favorable
2010-04-28,29,26,12,27,29,27,0.2,84,10,1017,15.25,34,25,28,116,116,113,0,1,12.5,météo favorable
2010-04-29,29,26,10,27,29,27,0,84,10,1017,13.875,36,25,27,113,113,113,0,1,12.9,météo favorable
2010-04-30,28,26,13,27,28,26,0,82,10,1017,4.25,36,26,27,113,113,113,0,1,12.9,météo favorable
2010-05-01,28,26,14,27,28,27,0,84,10,1017,10.125,34,25,27,113,113,113,0,1,12.9,météo idéale
2010-05-02,27,25,17,26,27,26,3,86,9.875,1018,37.5,31,24,26,116,113,116,0,1,12.9,météo favorable
2010-05-03,27,25,18,26,27,26,2.1,86,9.75,1018,34.375,31,24,26,116,116,113,0,1,12.9,météo favorable
2010-05-04,27,25,21,26,27,26,1.9,84,9.75,1017,41.625,30,24,26,116,116,116,0,1,12.9,météo favorable
2010-05-05,27,25,18,26,27,25,0,76,10,1016,6.125,31,22,26,113,113,113,0,1,12.9,météo idéale
2010-05-06,27,24,17,26,27,26,0,79,10,1016,12,30,22,26,113,113,113,0,1,12.9,météo idéale
2010-05-07,27,25,15,26,27,26,1.5,89,9.875,1016,33.75,31,24,26,116,116,116,0,1,12.9,météo favorable
2010-05-08,28,25,12,26,28,26,1.4,89,9.75,1015,34.25,32,25,26,116,116,116,0,1,12.9,météo favorable
2010-05-09,28,26,14,27,28,27,1.2,81,9.75,1016,19.5,33,25,27,113,113,113,0,1,13,météo idéale
2010-05-10,27,25,15,26,27,26,1.5,86,9.625,1016,22.375,31,24,26,113,113,113,0,1,13,météo idéale
2010-05-11,27,26,18,26,27,26,1.8,83,9.75,1016,23.75,30,23,26,113,116,113,0,1,13,météo favorable
2010-05-12,28,25,21,26,28,26,1.4,86,9.75,1016,23.375,31,23,26,113,113,116,0,1,13,météo idéale
2010-05-13,27,25,20,26,27,26,2.2,86,9.625,1017,33,31,24,26,116,113,116,0,1,13,météo favorable
2010-05-14,27,26,25,26,27,26,2.7,86,9.625,1018,33.625,31,24,26,116,113,116,0,1,13,météo favorable
2010-05-15,27,26,23,26,27,26,0.7,87,10,1018,55.625,30,24,26,122,116,116,0,1,11.9,météo correcte
2010-05-16,28,25,20,27,28,27,1.1,84,9.875,1017,30.375,32,24,27,116,113,116,0,1,13,météo favorable
2010-05-17,27,26,21,26,27,26,6.9,89,9.5,1016,52.25,31,25,26,116,116,116,0,1,13,météo favorable
2010-05-18,28,26,21,26,28,27,0.1,82,10,1016,29.625,32,24,27,116,113,113,0,1,13,météo idéale
2010-05-19,28,26,20,27,28,27,1,81,9.875,1015,25.375,33,24,27,116,113,113,0,1,13,météo idéale
2010-05-20,28,26,20,27,28,27,0.5,80,9.875,1015,23.125,32,24,27,116,113,113,0,1,13,météo idéale
2010-05-21,29,26,14,27,29,27,0.2,84,9.875,1014,19,34,25,27,113,113,116,0,1,13,météo idéale
2010-05-22,28,26,10,27,28,26,1.3,88,9.75,1013,44.25,34,26,26,116,116,119,0,1,12,météo favorable
2010-05-23,28,26,8,26,28,26,2.4,84,9.75,1011,36,34,25,27,116,116,113,0,1,13,météo favorable
2010-05-24,28,26,12,27,28,27,0.4,87,9.75,1012,27.125,35,26,28,116,200,113,0,1,13,météo correcte
2010-05-25,28,26,9,27,28,27,1.7,88,9.375,1013,38.25,35,26,27,200,200,200,0,1,13.1,météo correcte
2010-05-26,28,26,10,27,28,27,7.5,90,9.25,1014,49.75,34,26,27,116,116,119,0,1,12,météo favorable
2010-05-27,26,26,15,26,26,26,2.9,88,8.5,1014,79.625,31,25,26,119,200,119,0,1,8.2,météo défavorable
2010-05-28,27,25,21,26,27,27,19.7,90,8.375,1013,68.5,31,25,27,119,116,116,0,1,12,météo très défavorable
2010-05-29,28,26,17,27,28,27,3.4,89,9.625,1012,31.875,34,26,27,116,113,113,0,1,13.1,météo favorable
2010-05-30,28,26,8,27,28,27,1.2,89,9.875,1016,52.25,35,26,27,119,200,116,0,1,10.7,météo correcte
2010-05-31,29,26,12,27,29,28,4.2,85,9.375,1018,45.25,36,26,28,116,200,116,0,1,12,météo correcte
2010-06-01,29,27,14,27,29,28,0.9,86,9.75,1017,53,36,26,28,119,116,116,0,1,13.1,météo favorable
2010-06-02,28,26,15,27,28,27,6.9,87,9.125,1016,50.875,35,26,28,116,119,116,0,1,13.1,météo correcte
2010-06-03,29,27,12,28,29,28,0.4,82,9.875,1017,38.125,35,26,28,116,116,116,0,1,13.1,météo favorable
2010-06-04,29,26,14,28,29,27,0.2,86,10,1018,44.375,35,25,27,116,116,116,0,1,13.1,météo favorable
2010-06-05,29,26,13,27,29,27,0.1,85,10,1017,16.5,34,25,27,116,113,113,0,1,13.1,météo idéale
2010-06-06,29,26,11,27,29,27,0,85,10,1016,8.75,35,25,28,113,113,113,0,1,13.1,météo favorable
2010-06-07,29,26,11,27,29,27,0.4,84,10,1016,15.625,36,26,28,116,113,113,0,1,13.5,météo favorable
2010-06-08,29,26,12,28,28,27,0.2,85,10,1018,15.375,35,26,28,113,113,113,0,1,13.5,météo favorable
2010-06-09,29,27,17,27,29,27,1.1,84,9.875,1017,12,35,25,28,116,113,113,0,1,13.5,météo favorable
2010-06-10,29,27,19,28,28,27,0.2,83,10,1017,4.5,36,25,27,113,113,113,0,1,13.5,météo favorable
2010-06-11,28,27,15,27,28,27,0.8,81,9.875,1018,13.625,34,25,27,116,113,113,0,1,13.5,météo idéale
2010-06-12,28,26,17,27,28,26,4.5,89,9.875,1018,34.75,33,25,27,116,116,116,0,1,13.5,météo favorable
2010-06-13,29,26,18,27,29,27,0,82,10,1016,13.375,35,25,27,113,113,113,0,1,13.5,météo favorable
2010-06-14,28,27,14,27,28,27,0.8,85,9.75,1017,21.375,34,25,27,113,116,116,0,1,13.5,météo favorable
2010-06-15,29,27,16,27,29,27,0.2,82,10,1017,14.625,34,25,28,113,113,113,0,1,13.5,météo idéale
2010-06-16,29,27,19,27,28,28,0.4,81,9.875,1017,16.25,34,25,28,113,113,113,0,1,13.5,météo idéale
2010-06-17,28,26,18,26,28,27,3.6,87,9.375,1016,35.5,33,25,27,200,113,113,0,1,13.3,météo favorable
2010-06-18,28,26,22,27,28,27,3.9,88,9.875,1015,57.625,32,25,27,116,116,119,0,1,12.1,météo correcte
2010-06-19,26,25,21,26,26,26,18.7,89,8.375,1015,65.375,31,25,26,122,116,116,0,1,12.1,météo très défavorable
2010-06-20,27,26,19,26,26,26,2.3,88,9.875,1014,44.375,31,24,26,116,116,116,0,1,13.5,météo favorable
2010-06-21,28,26,19,27,27,26,2.4,87,9.75,1015,40.875,32,24,26,116,116,116,0,1,13.5,météo favorable
2010-06-22,28,26,21,27,28,27,5.2,84,9.5,1016,33.5,32,24,27,116,116,113,0,1,13.5,météo favorable
2010-06-23,28,26,22,27,27,26,6.4,88,10,1016,36.25,32,24,26,113,116,116,0,1,13.5,météo favorable
2010-06-24,27,26,22,27,27,27,2.7,85,9.875,1016,42.875,32,25,27,116,116,119,0,1,12.1,météo favorable
2010-06-25,28,26,19,27,27,26,0.6,88,9.75,1016,59,32,25,26,119,116,116,0,1,13.3,météo correcte
2010-06-26,28,26,17,27,28,27,0.7,86,9.75,1014,32.875,34,26,27,116,113,200,0,1,13.5,météo favorable
2010-06-27,28,26,9,27,28,27,1.2,85,9.75,1014,25.75,36,26,27,113,113,200,0,1,13.5,météo favorable
2010-06-28,28,26,8,27,28,27,1.6,87,9.625,1016,47.25,36,26,28,200,116,113,0,1,13.3,météo favorable
2010-06-29,29,26,16,27,29,27,1.6,87,9.875,1017,34.25,35,26,27,113,113,116,0,1,13.5,météo favorable
2010-06-30,29,26,19,26,29,27,1,86,10,1017,26.125,33,25,27,116,113,116,0,1,13.5,météo idéale
2010-07-01,29,26,19,27,28,27,2,87,9.375,1018,27.625,34,26,27,113,200,176,0,1,13.5,météo correcte
2010-07-02,29,27,18,28,28,27,1.6,88,9.75,1016,24,35,26,27,113,113,113,0,1,13.5,météo favorable
2010-07-03,29,27,18,28,29,28,0.4,84,9.875,1017,14.5,36,25,28,113,113,113,0,1,13.5,météo favorable
2010-07-04,29,27,14,28,29,27,1.3,84,9.75,1017,14.875,35,25,27,113,116,113,0,1,13.5,météo favorable
2010-07-05,28,26,17,27,27,26,8.5,89,9.25,1015,31.5,33,24,26,113,116,116,0,1,12.1,météo correcte
2010-07-06,28,26,12,27,28,27,5.5,87,9.5,1016,42.375,35,26,28,113,116,113,0,1,13.5,météo favorable
2010-07-07,30,27,14,28,30,28,1.4,84,10,1016,21,36,26,28,113,113,113,0,1,13.5,météo favorable
2010-07-08,29,27,16,28,28,28,0.5,83,9.875,1016,13.625,35,25,28,113,113,113,0,1,13.5,météo favorable
2010-07-09,28,27,20,27,28,28,0.3,81,9.875,1016,15.5,34,25,28,113,113,113,0,1,13.5,météo idéale
2010-07-10,29,27,17,27,29,28,0.7,85,10,1016,12.625,36,26,28,113,113,116,0,1,13.5,météo favorable
2010-07-11,29,27,16,28,29,28,0.6,84,9.875,1016,21.625,35,26,28,116,113,113,0,1,13.5,météo favorable
2010-07-12,28,27,19,27,28,27,2.5,86,9.5,1016,38,33,25,27,113,116,116,0,1,13.5,météo favorable
2010-07-13,28,26,22,26,28,26,3,87,9.75,1016,36.625,32,25,26,116,113,116,0,1,13.5,météo favorable
2010-07-14,28,26,24,27,28,27,3.2,86,9.875,1016,52.125,32,25,27,116,116,116,0,1,13.5,météo favorable
2010-07-15,28,26,22,27,28,27,4.6,87,10,1015,43.5,33,25,27,116,116,116,0,1,13.3,météo favorable
2010-07-16,28,26,20,26,28,27,6.9,88,9.5,1016,43.875,35,26,27,116,113,116,0,1,13.5,météo favorable
2010-07-17,27,25,28,27,26,25,9.9,86,8.75,1019,61.25,32,24,25,116,116,119,0,1,10.8,météo correcte
2010-07-18,29,26,20,27,28,26,1.5,90,9.875,1017,58.5,34,25,26,116,116,119,0,1,13.3,météo correcte
2010-07-19,27,26,16,26,27,26,4,90,9.875,1016,57.125,32,25,26,119,200,119,0,1,12.1,météo correcte
2010-07-20,27,26,18,26,26,26,9.6,91,9.375,1016,55.25,31,25,26,116,119,119,0,1,12.1,météo correcte
2010-07-21,27,26,21,26,27,26,18.2,89,8.5,1015,55.875,32,25,26,119,116,116,0,1,13,météo très défavorable
2010-07-22,27,26,22,26,27,26,8.8,88,8.875,1017,50.625,33,25,26,116,116,116,0,1,13,météo correcte
2010-07-23,27,26,22,27,27,26,2.2,89,9.75,1017,57.25,31,25,26,116,116,116,0,1,13,météo correcte
2010-07-24,28,26,21,27,27,27,2.8,89,9.875,1018,48.375,33,25,27,116,116,116,0,1,11.6,météo favorable
2010-07-25,29,27,17,28,29,27,0,85,10,1017,12.75,34,25,27,116,113,113,0,1,11.6,météo idéale
2010-07-26,29,26,17,27,28,26,0.3,86,10,1017,14.25,34,25,27,113,113,113,0,1,11.6,météo idéale
2010-07-27,28,26,14,27,28,27,1.4,86,9.75,1017,19,34,25,27,113,113,113,0,1,11.6,météo idéale
2010-07-28,29,25,17,27,29,26,2.9,88,9.75,1017,23.75,34,25,26,116,113,113,0,1,11.6,météo idéale
2010-07-29,29,25,14,27,28,26,1.7,90,9.75,1017,49.125,34,25,26,116,116,116,0,1,11.6,météo favorable
2010-07-30,29,25,15,27,29,27,0.4,87,9.875,1014,40.75,35,25,27,116,113,116,0,1,11.6,météo favorable
2010-07-31,29,25,12,27,29,26,0.6,86,9.875,1013,30.125,35,25,28,116,113,113,0,1,11.6,météo favorable
2010-08-01,29,25,14,27,29,26,0.9,87,9.875,1013,25,34,24,26,116,116,116,0,1,11.6,météo favorable
2010-08-02,29,25,14,27,29,26,1.5,88,9.75,1015,36.25,35,25,27,116,116,116,0,1,11.6,météo favorable
2010-08-03,29,25,14,27,29,26,4.8,88,9.625,1014,34.375,33,24,26,116,116,113,0,1,11.6,météo favorable
2010-08-04,29,25,11,27,29,26,1.3,88,9.75,1013,31.875,37,26,27,116,113,113,0,1,11.6,météo favorable
2010-08-05,29,25,12,27,29,27,2.5,85,9.875,1015,10.125,36,26,28,113,113,113,0,1,11.6,météo favorable
2010-08-06,29,26,14,28,29,27,4.4,90,9.375,1015,27.875,36,26,27,116,116,113,0,1,11.6,météo favorable
2010-08-07,29,26,17,27,29,26,0,84,10,1015,19.125,35,25,27,113,113,113,0,1,11.6,météo favorable
2010-08-08,29,26,17,27,29,26,6.9,88,9.375,1015,33,33,25,26,116,116,113,0,1,11.6,météo favorable
2010-08-09,28,25,15,26,28,26,4.9,89,9.25,1014,37.75,33,24,26,116,200,116,0,1,11.6,météo correcte
2010-08-10,28,25,10,27,28,26,7.3,91,9.25,1014,39.625,34,26,26,200,200,116,0,1,10.3,météo correcte
2010-08-11,29,25,10,27,28,26,8.4,87,9.25,1013,42.5,35,25,26,116,200,116,0,1,10.3,météo correcte
2010-08-12,29,25,7,27,28,25,10.4,88,8.625,1014,45.125,35,25,26,116,200,119,0,1,8.9,météo correcte
2010-08-13,29,25,10,27,28,26,3.4,85,9.625,1015,19.625,35,25,27,113,116,113,0,1,11.6,météo favorable
2010-08-14,29,25,8,27,29,26,6.8,87,9.5,1016,20.875,36,26,27,113,113,116,0,1,11.6,météo favorable
2010-08-15,29,25,8,27,28,26,10.7,87,8.75,1016,17.375,36,26,27,113,113,200,0,1,11.6,météo correcte
2010-08-16,28,25,14,27,28,26,4.5,87,9.5,1016,24,34,26,26,113,116,116,0,1,11.6,météo favorable
2010-08-17,29,26,17,27,29,27,5.6,90,9.375,1017,38.25,35,25,27,200,200,116,0,1,11.6,météo correcte
2010-08-18,30,26,15,28,30,27,0.8,88,10,1017,24.125,36,26,27,116,113,113,0,1,11.6,météo favorable
2010-08-19,29,25,10,28,28,25,4.3,88,9.5,1014,14.75,36,25,26,113,113,113,0,1,11.6,météo favorable
2010-08-20,28,25,4,26,28,25,10.7,84,8.75,1013,34,34,24,25,113,119,116,0,1,10.3,météo correcte
2010-08-21,30,24,8,26,30,26,0.4,83,9.875,1015,14.125,36,24,27,113,113,113,0,1,11.6,météo favorable
2010-08-22,28,25,13,27,28,26,5.2,89,9.375,1016,23.625,34,25,26,116,200,116,0,1,11.6,météo correcte
2010-08-23,29,26,14,27,28,27,5,91,9.25,1015,28.375,35,26,27,116,200,116,0,1,11.6,météo correcte
2010-08-24,30,26,17,28,30,27,0.5,87,9.875,1015,24,36,25,27,116,113,113,0,1,11.6,météo favorable
2010-08-25,29,26,12,27,28,26,5,86,9.375,1015,27.375,34,25,27,116,116,113,0,1,11.6,météo favorable
2010-08-26,29,25,8,27,28,26,5.6,85,9.375,1013,21.25,35,25,26,116,113,116,0,1,11.6,météo favorable
2010-08-27,29,25,8,27,29,26,2.1,85,9.875,1013,13.75,36,26,27,113,113,113,0,1,11.6,météo favorable
2010-08-28,30,25,9,27,30,26,1.5,87,9.875,1014,8.75,39,26,27,113,113,113,0,1,11.6,météo favorable
2010-08-29,30,25,12,27,30,27,0.4,87,9.875,1014,18,39,26,27,113,113,116,0,1,11.6,météo favorable
2010-08-30,28,25,30,27,27,25,13.8,91,8.375,1010,58.375,32,25,25,119,116,119,0,1,7.5,météo défavorable
2010-08-31,29,26,25,26,29,27,3.3,86,9.875,1010,37.125,34,25,27,116,113,113,0,1,11.6,météo favorable
2010-09-01,29,25,7,27,29,27,4.1,84,9.625,1014,16.625,38,26,28,116,113,176,0,7,11.6,météo favorable
2010-09-02,30,26,10,28,29,27,2,89,10,1017,23.375,38,27,27,113,113,116,0,7,11.6,météo favorable
2010-09-03,30,26,15,27,30,27,0.1,88,10,1017,28.5,36,25,27,116,113,116,0,7,11.6,météo favorable
2010-09-04,29,25,12,27,29,26,3.6,87,9.5,1016,22.625,37,25,26,113,113,113,0,7,11.6,météo favorable
2010-09-05,28,25,16,26,28,26,2.2,85,9.75,1014,18,33,25,26,113,113,113,0,7,11.6,météo idéale
2010-09-06,29,25,16,27,29,26,2.9,88,9.625,1015,25.25,34,25,26,113,116,116,0,7,11.6,météo favorable
2010-09-07,28,25,13,27,28,26,7.2,92,9,1015,54.25,33,25,26,116,200,200,0,7,8.9,météo correcte
2010-09-08,29,25,15,27,29,26,3.8,86,9.75,1014,26.25,35,25,27,116,113,113,0,7,11.6,météo favorable
2010-09-09,28,25,12,27,28,26,2.5,87,9.625,1013,14.5,33,25,26,113,113,113,0,7,11.6,météo idéale
2010-09-10,29,25,17,26,28,26,2.9,86,9.75,1012,14,34,24,26,113,113,113,0,7,11.6,météo idéale
2010-09-11,28,25,15,27,28,26,1.6,89,9.75,1012,42.5,33,25,26,116,116,119,0,7,10.2,météo favorable
2010-09-12,28,26,17,27,28,26,9.8,90,9.125,1012,46.375,34,26,26,119,116,116,0,6,11.6,météo correcte
2010-09-13,28,25,15,27,28,26,4.8,87,9.625,1012,30,34,25,27,116,116,113,0,7,11.6,météo favorable
2010-09-14,29,25,12,27,28,26,2,86,9.75,1013,21.25,34,25,26,113,116,116,0,7,11.6,météo favorable
2010-09-15,30,25,9,27,30,26,2,86,9.75,1012,20.75,39,26,26,113,113,113,0,7,11.6,météo favorable
2010-09-16,29,25,10,27,29,26,1,86,9.875,1010,17.125,36,25,27,113,113,113,0,7,11.6,météo favorable
2010-09-17,29,25,11,26,29,27,3.6,85,9.75,1008,18,36,25,27,116,113,116,0,7,11.6,météo favorable
2010-09-18,29,25,14,26,29,26,4.5,85,9.75,1010,15.25,34,25,27,113,113,113,0,7,11.6,météo favorable
2010-09-19,29,25,9,27,29,26,3.5,86,9.625,1012,16.375,37,25,26,113,113,116,0,7,11.6,météo favorable
2010-09-20,29,25,7,27,29,25,4.8,85,9.375,1013,25.375,35,25,26,113,116,116,0,7,11.6,météo favorable
2010-09-21,28,25,17,27,28,26,1.8,87,9.75,1014,28.875,33,24,26,116,116,113,0,7,11.6,météo favorable
2010-09-22,30,25,21,27,30,26,0.4,83,9.875,1014,37.25,34,24,26,116,113,116,0,7,11.6,météo favorable
2010-09-23,28,25,18,27,28,26,0.4,85,9.75,1014,35.875,32,23,26,116,116,116,0,7,11.6,météo favorable
2010-09-24,29,25,17,27,29,26,1.2,86,9.75,1014,46.25,33,24,26,116,116,116,0,6,11.6,météo favorable
2010-09-25,28,25,18,27,28,26,3.4,87,9.5,1012,28.75,33,25,26,116,116,113,0,7,11.6,météo favorable
2010-09-26,29,25,14,27,29,26,2.4,90,9.875,1012,28.625,34,25,26,113,113,116,0,7,11.6,météo idéale
2010-09-27,29,25,12,27,28,26,2,86,9.75,1012,22.75,35,25,26,113,113,116,0,7,11.6,météo favorable
2010-09-28,28,25,17,27,28,25,7.5,87,9.25,1011,31.125,33,25,26,200,116,116,0,7,11.6,météo favorable
2010-09-29,28,25,17,26,28,25,6.5,88,9,1012,45.25,32,25,26,116,119,116,0,7,10.2,météo correcte
2010-09-30,28,25,11,27,28,25,8.6,87,9.125,1013,28.75,32,25,26,116,113,116,0,7,11.6,météo correcte
2010-10-01,28,25,12,26,26,25,2.7,89,9.75,1012,58.375,32,24,25,116,122,116,0,1,8.8,météo correcte
2010-10-02,29,25,12,27,28,25,5,87,9.375,1011,33.5,35,25,26,116,116,116,0,1,11.6,météo favorable
2010-10-03,29,25,5,26,27,26,2.8,92,9.875,1010,45.5,36,26,26,113,200,116,0,1,8.8,météo correcte
2010-10-04,28,25,11,26,28,26,7.8,89,9.375,1009,24.625,34,25,26,116,116,113,0,1,11.6,météo favorable
2010-10-05,28,24,11,26,28,26,8.3,89,9.25,1007,30.25,34,25,26,116,116,116,0,1,11.6,météo correcte
2010-10-06,28,25,21,27,28,26,8.3,86,9,1007,23.75,33,24,26,113,116,113,0,1,11.6,météo correcte
2010-10-07,28,25,24,27,27,26,13,86,8.875,1009,41.5,32,24,26,116,119,116,0,1,10.2,météo défavorable
2010-10-08,29,25,19,26,27,25,0.5,87,9,1013,54.5,33,25,26,116,116,119,0,1,7.4,météo favorable
2010-10-09,29,25,8,27,28,25,0,90,10,1013,30.75,36,26,26,116,116,113,0,1,11.6,météo favorable
2010-10-10,29,24,10,26,29,26,1.3,90,9.875,1014,16.625,36,26,26,113,113,116,0,1,11.6,météo favorable
2010-10-11,29,25,7,27,29,26,4.4,90,9.375,1015,18.25,37,26,27,113,113,113,0,1,11.6,météo favorable
2010-10-12,28,25,5,27,28,25,6.6,87,9.375,1014,25.375,36,26,26,113,113,116,0,1,11.6,météo favorable
2010-10-13,29,25,9,27,28,25,6.6,88,9.5,1015,21.875,35,25,26,113,116,113,0,1,11.6,météo favorable
2010-10-14,29,25,15,26,29,26,1.2,88,9.875,1014,21.75,34,24,26,113,113,116,0,1,11.6,météo idéale
2010-10-15,28,25,10,27,28,26,3.9,85,9.5,1014,23.25,34,24,26,113,116,113,0,1,11.6,météo favorable
2010-10-16,29,25,7,27,29,26,3.7,86,9.75,1014,19.125,36,26,26,113,116,116,0,1,11.6,météo favorable
2010-10-17,29,25,9,26,29,25,1.7,83,9.875,1014,17.5,34,24,26,116,113,113,0,1,11.6,météo idéale
2010-10-18,28,24,12,26,28,25,1.6,85,9.875,1014,9.5,34,24,26,113,113,113,0,1,11.6,météo idéale
2010-10-19,28,24,17,26,28,26,1,85,10,1015,23,32,24,26,113,116,116,0,1,11.6,météo favorable
2010-10-20,29,24,14,26,29,26,0.3,88,9.875,1014,15.875,34,24,26,113,113,116,0,1,8.7,météo idéale
2010-10-21,30,24,11,27,30,25,0.8,83,10,1014,11.125,37,25,28,113,113,113,0,1,8.7,météo favorable
2010-10-22,29,24,15,26,29,26,0.2,86,9.875,1015,11.875,34,24,26,113,113,116,0,1,8.7,météo idéale
2010-10-23,29,25,17,27,29,25,0.8,85,10,1014,19.25,32,24,26,116,113,113,0,1,8.7,météo idéale
2010-10-24,29,25,19,26,29,25,0.2,81,9.875,1014,23.125,32,24,26,116,113,113,0,1,8.7,météo idéale
2010-10-25,29,25,18,27,29,25,0.3,81,9.875,1014,19.25,32,23,25,113,113,113,0,1,8.7,météo idéale
2010-10-26,28,25,17,27,28,26,1.7,84,9.75,1014,33.875,32,23,26,116,116,116,0,1,8.7,météo favorable
2010-10-27,28,24,16,26,28,25,4.1,88,9.625,1013,30.875,32,23,25,116,116,116,0,1,8.7,météo favorable
2010-10-28,25,24,13,25,25,25,1.5,82,9.5,1011,29.375,28,22,26,176,176,113,0,1,8.7,météo favorable
2010-10-29,28,25,8,26,27,25,6,89,9.5,1013,28.25,33,24,26,116,116,113,0,1,8.7,météo favorable
2010-10-30,28,25,15,26,28,25,3.1,88,9.5,1013,27.875,33,24,25,116,113,113,0,1,8.7,météo favorable
2010-10-31,29,25,20,26,28,25,3.4,86,9.5,1015,38,32,23,25,116,113,116,0,1,8.7,météo favorable
2010-11-01,28,24,19,26,28,26,3.4,86,9.75,1016,43.125,31,23,26,116,116,116,0,1,8.7,météo favorable
2010-11-02,28,25,17,26,28,25,2.3,90,9.75,1014,40.5,32,24,25,116,113,116,0,1,8.7,météo favorable
2010-11-03,27,24,17,26,27,25,5.7,88,9.75,1011,47.625,30,24,25,119,116,116,0,1,8.7,météo favorable
2010-11-04,28,24,18,26,28,25,4.5,89,9.75,1011,35.25,32,24,25,116,116,116,0,1,8.7,météo favorable
2010-11-05,27,25,19,26,27,25,16.9,92,8.375,1011,63.5,32,25,25,119,119,116,0,1,7.2,météo très défavorable
2010-11-06,28,25,13,26,27,25,9.9,88,9.25,1011,34.625,32,24,26,116,116,116,0,1,8.7,météo correcte
2010-11-07,28,24,13,26,26,24,1.9,90,9.875,1009,38,33,24,25,116,116,116,0,1,8.7,météo favorable
2010-11-08,27,24,5,25,26,24,5.1,90,9.625,1009,64.625,31,24,24,116,122,119,0,1,5.7,météo correcte
2010-11-09,27,23,7,25,26,24,11.2,90,9.25,1010,48.375,31,24,24,116,116,116,0,1,8.7,météo correcte
2010-11-10,25,23,8,25,25,25,0.1,89,10,1011,34,29,24,26,116,116,116,0,1,8.7,météo favorable
2010-11-11,28,24,10,25,27,24,2.1,92,9.875,1013,40.625,33,24,25,116,116,116,0,1,7.2,météo favorable
2010-11-12,27,23,8,25,27,24,2.6,89,10,1013,42.25,32,23,24,113,116,119,0,1,7.2,météo favorable
2010-11-13,27,23,5,25,27,23,4.6,86,9.625,1013,31.5,31,23,24,113,116,116,0,1,7.2,météo favorable
2010-11-14,27,23,6,25,27,23,2.5,88,10,1014,50,30,22,24,113,116,119,0,1,7.2,météo favorable
2010-11-15,28,23,11,25,28,24,0.1,84,10,1014,31,32,23,25,113,116,116,0,1,8.7,météo favorable
2010-11-16,27,23,12,25,27,24,0,83,10,1016,13.875,30,22,24,113,113,113,0,1,8.7,météo idéale
2010-11-17,27,23,13,24,27,24,0.2,84,10,1016,24.25,30,22,24,113,116,119,0,1,7.2,météo favorable
2010-11-18,27,23,15,25,27,24,0,80,10,1015,12.5,30,21,24,113,113,113,0,1,8.7,météo idéale
2010-11-19,28,23,14,24,28,24,0.1,79,10,1014,17.375,31,22,25,113,113,113,0,1,8.7,météo idéale
2010-11-20,27,23,19,25,27,24,0.1,83,10,1016,23,29,21,24,113,113,116,0,1,8.7,météo idéale
2010-11-21,27,24,18,25,27,24,0.4,84,9.875,1017,26.375,30,22,25,113,113,116,0,1,8.7,météo idéale
2010-11-22,26,23,21,24,26,23,2.6,88,9.875,1015,52.5,28,22,24,116,116,116,0,1,8.7,météo favorable
2010-11-23,26,23,18,24,26,24,2.6,84,9.875,1013,42.875,29,22,24,116,116,113,0,1,8.7,météo favorable
2010-11-24,27,23,19,24,27,23,0,77,10,1014,16,29,20,24,113,113,113,0,1,8.7,météo idéale
2010-11-25,26,23,18,24,26,23,0,74,10,1016,4.75,28,20,23,113,113,113,0,1,8.7,météo idéale
2010-11-26,26,23,15,24,26,23,0.3,82,9.875,1015,25.125,28,21,24,113,116,113,0,1,8.7,météo favorable
2010-11-27,27,22,18,24,27,24,0.2,85,10,1015,23.125,29,22,24,113,116,116,0,1,8.7,météo favorable
2010-11-28,27,23,17,24,27,24,0.1,82,10,1016,28.25,29,22,24,116,113,116,0,1,8.7,météo idéale
2010-11-29,27,23,20,24,27,24,0.2,76,10,1016,20.875,28,21,24,116,113,113,0,1,8.7,météo idéale
2010-11-30,27,23,18,24,27,23,0.1,79,10,1015,24.5,29,20,23,116,113,116,0,1,8.7,météo idéale
2010-12-01,27,23,16,24,27,23,0,82,10,1015,25.375,30,21,23,116,113,113,0,6,8.7,météo idéale
2010-12-02,26,22,15,23,26,23,0.1,75,10,1014,21.625,28,19,23,113,116,113,0,6,8.7,météo favorable
2010-12-03,26,20,8,23,26,22,0,73,10,1014,10.625,31,22,23,113,113,116,0,6,8.7,météo idéale
2010-12-04,26,20,6,23,26,21,0,79,10,1015,6.625,32,20,24,113,113,113,0,6,8.7,météo idéale
2010-12-05,26,20,12,23,26,23,0,80,10,1016,1.5,30,22,24,113,113,113,0,6,8.7,météo idéale
2010-12-06,27,21,13,23,27,23,0,85,10,1015,13.25,30,21,24,113,113,113,0,6,8.7,météo idéale
2010-12-07,27,23,9,24,26,23,4.6,91,9.5,1014,57.25,30,23,24,116,122,116,0,6,4.1,météo correcte
2010-12-08,26,23,12,24,26,24,3.5,89,9.5,1015,42.75,29,23,24,116,116,116,0,6,8.7,météo favorable
2010-12-09,27,24,18,25,27,25,0.1,83,10,1014,46.875,30,22,25,116,116,113,0,6,8.7,météo favorable
2010-12-10,27,23,12,25,27,24,0.1,85,10,1013,20.5,31,23,25,113,113,113,0,6,8.7,météo idéale
2010-12-11,27,22,5,24,27,24,0,90,10,1013,16.375,33,23,24,113,113,116,0,6,8.7,météo idéale
2010-12-12,27,22,10,24,27,24,0.3,91,9.875,1013,24.125,32,23,24,113,113,116,0,6,8.7,météo idéale
2010-12-13,27,23,8,24,27,23,0,88,10,1012,16.75,32,23,24,113,113,113,0,6,8.7,météo idéale
2010-12-14,27,21,9,24,27,23,0.5,89,9.875,1011,21.5,31,23,23,113,113,116,0,6,8.7,météo idéale
2010-12-15,25,22,7,23,25,22,4.2,91,9.5,1012,33.875,28,22,22,113,116,116,0,6,8.7,météo favorable
2010-12-16,25,22,18,23,25,23,1.5,83,10,1016,73.625,27,21,23,119,119,119,0,5,4.1,météo défavorable
2010-12-17,26,22,16,24,26,23,0.3,81,10,1016,44.75,28,21,23,119,116,113,0,6,8.7,météo favorable
2010-12-18,26,22,18,23,26,23,0.2,83,10,1015,26.125,27,20,23,113,116,116,0,6,8.7,météo favorable
2010-12-19,27,22,10,24,27,23,0.1,84,10,1012,22.125,29,21,24,113,116,113,0,6,8.7,météo favorable
2010-12-20,27,22,13,24,26,23,3.9,91,9.625,1013,30.375,30,23,23,113,113,116,0,6,8.7,météo favorable
2010-12-21,26,22,12,23,26,23,0.8,87,9.875,1015,38.875,28,22,23,116,116,116,0,6,5.7,météo favorable
2010-12-22,25,22,13,23,25,22,0.5,82,10,1016,62.5,27,21,23,122,119,116,0,5,5.7,météo correcte
2010-12-23,25,21,7,23,25,22,0.2,86,10,1015,54.25,27,20,22,116,122,116,0,6,5.7,météo correcte
2010-12-24,26,20,8,22,26,21,0,80,10,1014,2.375,31,22,24,113,113,113,0,6,8.7,météo idéale
2010-12-25,25,20,17,22,25,23,0.7,89,9.875,1015,42.125,27,21,23,116,119,119,0,6,5.7,météo correcte
2010-12-26,26,22,16,23,26,24,0.8,89,10,1015,63.75,29,23,24,119,122,119,0,5,7.2,météo correcte
2010-12-27,26,23,5,24,26,23,4.2,91,9.375,1015,35.25,31,23,24,116,116,116,0,6,8.7,météo favorable
2010-12-28,25,22,16,23,25,23,2.2,91,9.875,1017,57.25,27,22,23,116,119,119,0,6,5.7,météo correcte
2010-12-29,24,22,18,22,23,22,0.6,85,10,1016,66.75,26,21,22,122,119,116,0,5,4.1,météo défavorable
2010-12-30,25,21,17,22,25,22,0,81,10,1016,37.625,27,19,22,116,116,116,0,6,8.7,météo favorable
2010-12-31,25,21,17,22,25,22,0.1,78,10,1017,20.5,26,19,22,113,113,113,0,6,11.4,météo idéale
2011-01-01,25,21,17,22,25,22,0.6,84,9.875,1017,25.25,27,19,22,113,116,116,0,1,11.4,météo favorable
2011-01-02,25,22,18,22,25,22,0.8,82,9.875,1017,43.75,26,20,23,116,116,116,0,1,10.1,météo favorable
2011-01-03,25,22,19,22,25,22,0,79,10,1015,14.75,27,19,22,113,113,113,0,1,11.5,météo idéale
2011-01-04,25,21,19,22,25,23,0,82,10,1016,43.625,27,20,23,116,116,116,0,1,10.1,météo favorable
2011-01-05,24,22,15,22,24,23,5.7,92,9.625,1016,77.75,26,22,23,122,119,119,0,1,5.7,météo défavorable
2011-01-06,25,23,13,23,25,23,2,90,9.875,1014,58.625,28,22,23,119,116,116,0,1,11.5,météo correcte
2011-01-07,26,22,10,23,26,23,1,89,9.875,1013,25.375,29,23,24,116,116,113,0,1,11.5,météo favorable
2011-01-08,27,22,9,24,27,23,2.8,90,9.625,1014,18.25,31,23,24,113,113,113,0,1,11.5,météo idéale
2011-01-09,27,23,14,24,27,24,0.2,89,10,1016,25.875,30,23,24,116,113,113,0,1,11.5,météo idéale
2011-01-10,26,23,19,24,26,24,0.7,88,9.875,1017,35.625,29,22,24,116,116,116,0,1,11.5,météo favorable
2011-01-11,26,23,20,24,26,23,0.1,84,10,1018,41.5,28,21,23,116,116,116,0,1,11.5,météo favorable
2011-01-12,25,23,18,23,25,23,1.4,90,10,1017,52.25,28,22,23,116,119,116,0,1,7.2,météo correcte
2011-01-13,26,23,15,23,25,24,1.6,88,9.75,1017,38.625,28,22,24,116,116,116,0,1,11.1,météo favorable
2011-01-14,26,23,18,24,25,23,0.7,85,9.75,1016,36.25,28,22,24,116,113,113,0,1,11.1,météo favorable
2011-01-15,27,22,15,23,27,23,0.1,87,10,1015,19.125,29,22,24,116,113,113,0,1,11.1,météo idéale
2011-01-16,27,22,16,23,27,23,0.1,89,10,1015,17.125,29,22,24,116,113,113,0,1,11.1,météo idéale
2011-01-17,26,23,18,23,26,24,0.1,86,10,1016,31,29,22,24,116,113,116,0,1,11.1,météo favorable
2011-01-18,27,23,18,24,27,24,0.3,86,9.875,1017,36.25,29,22,24,119,113,113,0,1,11.1,météo favorable
2011-01-19,27,23,17,24,27,23,0.1,87,10,1017,31.5,30,22,24,119,113,113,0,1,11.1,météo favorable
2011-01-20,26,22,18,23,26,23,0.3,83,9.875,1016,28.875,28,21,24,116,116,113,0,1,11.1,météo favorable
2011-01-21,26,21,17,23,26,23,0.8,85,9.75,1014,32.25,28,22,24,116,116,113,0,1,11.1,météo favorable
2011-01-22,27,22,13,23,27,23,0.4,89,10,1014,12.625,30,22,24,113,113,113,0,1,11.1,météo idéale
2011-01-23,26,23,12,24,26,23,1.3,90,9.75,1016,16.75,29,22,24,113,113,113,0,1,11.1,météo idéale
2011-01-24,27,22,15,23,27,23,0.2,85,10,1018,21,29,22,23,116,113,113,0,1,11.2,météo idéale
2011-01-25,26,22,18,23,26,23,0.1,85,10,1017,27.625,28,20,23,116,113,116,0,1,11.6,météo idéale
2011-01-26,26,22,17,23,26,23,0,82,10,1017,16.375,28,20,23,116,113,113,0,1,11.6,météo idéale
2011-01-27,27,22,18,23,27,23,0.1,84,10,1017,31.75,29,21,24,116,113,113,0,1,10.1,météo favorable
2011-01-28,26,22,16,23,26,23,0.3,81,9.875,1017,22.375,28,21,25,116,113,113,0,1,11.6,météo idéale
2011-01-29,26,21,12,23,26,23,0,84,10,1019,3.5,31,22,25,113,113,113,0,1,11.6,météo idéale
2011-01-30,26,21,13,23,26,23,0.5,90,9.75,1019,23.125,28,21,23,113,113,116,0,1,11.6,météo idéale
2011-01-31,26,22,15,23,26,23,0,84,10,1018,20.875,29,21,24,113,113,113,0,1,11.6,météo idéale
2011-02-01,27,21,17,23,27,23,0,84,10,1018,26.5,28,21,23,119,113,113,0,1,11.6,météo idéale
2011-02-02,26,23,18,23,26,23,0.7,84,9.75,1019,30.5,28,21,23,116,113,113,0,1,11.6,météo favorable
2011-02-03,26,22,18,23,26,23,0.2,80,10,1018,25.625,27,20,23,116,113,113,0,1,11.6,météo idéale
2011-02-04,26,22,17,23,26,23,0.5,79,9.875,1017,22.25,27,20,23,116,113,113,0,1,11.6,météo idéale
2011-02-05,26,22,17,23,26,23,0.7,90,9.875,1016,45.5,28,21,23,116,113,116,0,1,11.6,météo favorable
2011-02-06,26,23,19,24,26,23,0.8,89,9.75,1018,51,28,22,23,119,116,116,0,1,11.6,météo favorable
2011-02-07,27,23,21,24,27,23,0.2,83,10,1019,38.875,29,21,24,116,113,116,0,1,11.6,météo favorable
2011-02-08,26,23,18,24,26,23,0.5,85,9.875,1020,45.25,28,21,23,116,113,116,0,1,11.6,météo favorable
2011-02-09,26,22,17,23,25,23,0.4,81,9.875,1018,25.625,28,21,23,113,113,113,0,1,11.6,météo idéale
2011-02-10,27,23,20,24,27,24,0.1,84,10,1016,43.125,28,21,24,116,113,116,0,1,11.6,météo favorable
2011-02-11,26,22,20,23,26,23,0.8,84,9.75,1017,36,28,21,24,116,116,116,0,1,11.6,météo favorable
2011-02-12,27,23,20,24,27,24,0.4,87,9.875,1019,44.125,29,22,24,119,113,116,0,1,11.6,météo favorable
2011-02-13,27,23,18,24,27,24,1.4,85,9.875,1017,39.5,29,22,24,119,113,113,0,1,11.6,météo favorable
2011-02-14,26,22,13,23,25,23,3.1,89,9.625,1017,30.875,28,22,23,116,113,116,0,1,11.6,météo favorable
2011-02-15,27,22,17,23,27,23,0.8,89,9.875,1017,25,29,22,24,116,113,113,0,1,11.6,météo idéale
2011-02-16,25,22,16,23,25,23,1.4,89,9.625,1017,19.25,28,22,23,113,113,113,0,1,11.6,météo idéale
2011-02-17,25,22,13,23,25,23,3,85,9.75,1016,28.375,28,22,23,116,116,113,0,1,11.6,météo favorable
2011-02-18,25,22,9,23,25,22,4.6,88,9.5,1016,25.25,29,22,22,116,113,116,0,1,11.6,météo favorable
2011-02-19,25,21,10,22,25,22,3.1,89,9.5,1015,21.625,28,21,23,116,113,113,0,1,11.6,météo favorable
2011-02-20,26,21,12,22,26,22,1.5,89,9.75,1016,25.375,31,23,22,113,113,116,0,1,11.6,météo idéale
2011-02-21,25,21,18,22,25,23,1.9,84,9.875,1018,70.25,27,21,23,122,122,116,0,1,8.7,météo défavorable
2011-02-22,26,22,18,23,26,23,0.2,84,10,1018,26.375,27,20,23,116,113,113,0,1,11.6,météo idéale
2011-02-23,26,21,14,22,26,22,0,82,10,1017,11.5,29,20,22,113,113,113,0,1,11.6,météo idéale
2011-02-24,25,20,17,22,25,22,0,81,10,1018,7.125,27,18,22,113,113,113,0,1,11.6,météo idéale
2011-02-25,26,21,23,22,26,22,0.2,79,10,1020,19.75,27,19,22,116,113,116,0,1,11.6,météo idéale
2011-02-26,25,21,22,22,25,22,0.1,74,10,1019,21.875,26,19,22,116,113,113,0,1,11.6,météo idéale
2011-02-27,27,23,16,24,27,24,0.9,81,10,1018,63.25,29,21,24,116,113,176,0,1,7.3,météo correcte
2011-02-28,26,22,23,23,26,22,0.3,75,9.875,1020,24.25,27,18,22,113,113,113,0,1,11.6,météo idéale
2011-03-01,25,22,21,23,25,22,0.3,76,10,1017,21.5,27,19,23,113,113,113,0,1,11.6,météo idéale
2011-03-02,25,21,12,22,25,24,1.9,78,10,1016,22,27,20,24,113,113,113,0,1,11.6,météo idéale
2011-03-03,27,23,15,24,27,24,0.5,80,10,1017,60.75,29,21,24,116,113,176,0,1,7.4,météo correcte
2011-03-04,27,23,14,24,27,24,0.8,81,9.875,1017,59.75,29,21,24,116,116,176,0,1,7.4,météo correcte
2011-03-05,27,23,15,24,27,23,1,80,10,1017,55.875,29,20,23,116,116,116,0,1,8.8,météo correcte
2011-03-06,26,22,17,24,26,23,1.3,78,10,1018,56.875,28,20,23,116,116,116,0,1,8.8,météo correcte
2011-03-07,25,21,13,23,25,22,1.7,83,9.75,1016,29.625,27,21,22,116,113,176,0,1,11.6,météo idéale
2011-03-08,26,21,14,22,26,21,0,73,10,1017,13,27,20,22,113,113,113,0,1,11.6,météo idéale
2011-03-09,26,21,14,22,26,21,0.1,79,10,1018,14.625,29,19,22,113,113,113,0,1,11.6,météo idéale
2011-03-10,27,21,11,22,27,21,0.1,85,10,1017,11.625,29,19,22,113,113,113,0,1,11.6,météo idéale
2011-03-11,26,21,14,22,26,22,0.9,76,9.75,1017,37.625,27,19,23,116,116,116,0,1,10.2,météo favorable
2011-03-12,26,21,13,22,26,22,0,73,10,1018,8,29,19,23,113,113,113,0,1,11.6,météo idéale
2011-03-13,26,21,14,22,26,22,0.1,75,10,1018,12.25,28,18,22,113,113,116,0,1,11.6,météo idéale
2011-03-14,26,21,16,23,26,22,0.6,82,9.875,1018,24.25,27,19,22,113,116,116,0,1,11.6,météo favorable
2011-03-15,25,21,15,23,25,22,0.9,83,9.75,1019,18.75,27,20,22,113,113,116,0,1,11.6,météo idéale
2011-03-16,26,21,14,23,25,22,0.7,80,9.75,1019,26,28,20,23,113,116,113,0,1,11.6,météo favorable
2011-03-17,26,21,17,23,26,23,1.1,87,9.75,1019,26,27,20,23,113,113,116,0,1,11.6,météo idéale
2011-03-18,27,21,10,23,27,22,0.3,85,9.875,1017,18,29,20,22,113,113,113,0,1,11.6,météo idéale
2011-03-19,27,21,12,23,27,22,1.4,88,9.75,1016,19.625,29,20,23,113,116,113,0,1,11.6,météo favorable
2011-03-20,24,21,17,22,24,22,1.2,84,9.75,1017,46.625,26,20,22,116,119,116,0,1,8.8,météo correcte
2011-03-21,25,20,16,22,25,21,1.4,85,9.5,1016,24.25,27,19,22,116,113,116,0,1,11.6,météo idéale
2011-03-22,24,21,17,22,24,21,2.8,85,9.5,1015,35.375,26,19,21,116,113,116,0,1,11.6,météo favorable
2011-03-23,26,21,17,23,26,22,0.7,87,9.875,1017,36.875,28,20,22,116,116,116,0,1,11.6,météo favorable
2011-03-24,26,22,18,23,26,23,0,84,10,1016,23.625,28,21,24,116,113,113,0,1,11.6,météo idéale
2011-03-25,27,22,15,24,26,24,5.8,88,9.5,1016,27.375,30,22,24,116,113,113,0,1,11.6,météo favorable
2011-03-26,26,23,17,24,26,24,3.8,91,9.5,1016,17.625,29,23,24,113,113,113,0,1,11.6,météo favorable
2011-03-27,26,23,16,24,26,23,1.9,90,9.75,1017,18.75,29,23,24,116,113,113,0,1,11.6,météo idéale
2011-03-28,26,22,19,23,25,23,1.1,86,9.875,1017,16.5,29,22,23,113,113,113,0,1,11.6,météo idéale
2011-03-29,26,22,15,24,26,24,1.2,88,9.875,1018,17.375,29,22,24,113,113,113,0,1,11.6,météo idéale
2011-03-30,26,23,15,24,26,24,4.3,92,9.375,1017,31,29,24,24,116,113,116,0,1,11.6,météo favorable
2011-03-31,27,23,15,25,27,24,1.8,88,9.875,1016,27.625,30,23,24,116,113,113,0,1,11.6,météo idéale
2011-04-01,27,23,15,24,27,23,0.3,86,9.875,1017,18.375,30,22,24,113,113,113,0,1,11.6,météo idéale
2011-04-02,26,23,15,24,26,24,1.8,88,9.75,1017,27.5,29,23,24,116,116,113,0,1,11.6,météo favorable
2011-04-03,27,23,15,24,27,24,0.3,87,10,1017,18.375,32,23,24,113,113,113,0,1,11.6,météo idéale
2011-04-04,27,22,19,24,27,23,0.2,84,10,1018,29,29,22,23,116,113,116,0,1,11.6,météo idéale
2011-04-05,26,23,20,24,26,23,1,90,9.875,1018,56.125,28,21,23,116,116,119,0,1,8.9,météo correcte
2011-04-06,27,23,18,24,27,24,0.4,84,10,1018,24.125,29,22,24,113,113,113,0,1,11.6,météo idéale
2011-04-07,27,22,15,24,27,23,0.1,82,10,1017,18,29,21,24,113,113,113,0,1,11.6,météo idéale
2011-04-08,26,22,16,23,26,23,2.2,83,9.75,1017,40.75,28,21,23,116,116,116,0,1,11.6,météo favorable
2011-04-09,27,22,14,24,27,23,0,83,10,1018,9.875,29,21,24,113,113,113,0,1,11.6,météo idéale
2011-04-10,27,22,10,24,27,22,0.9,87,9.875,1018,19,31,21,23,113,113,113,0,1,11.6,météo idéale
2011-04-11,28,22,12,24,28,23,0,77,10,1016,11.875,32,21,24,113,113,113,0,1,11.6,météo idéale
2011-04-12,26,21,12,24,25,23,1.8,88,9.875,1016,34.25,29,22,23,113,116,119,0,1,10.2,météo favorable
2011-04-13,26,22,10,24,26,22,8.9,87,8.875,1016,33.25,30,22,23,116,116,116,0,1,11.6,météo correcte
2011-04-14,26,22,8,24,26,23,6.9,90,9.375,1015,24.125,29,23,23,116,113,116,0,1,11.6,météo favorable
2011-04-15,27,22,11,24,25,23,3,92,9.5,1014,33.375,31,23,23,116,113,116,0,1,11.6,météo favorable
2011-04-16,27,22,12,24,27,23,0.6,88,9.875,1014,28.5,30,22,23,116,116,116,0,1,11.6,météo favorable
2011-04-17,27,22,9,24,27,22,0.7,87,9.875,1015,26.125,32,22,23,113,116,116,0,1,11.6,météo favorable
2011-04-18,27,21,7,23,27,22,1.4,86,9.875,1016,22.5,32,23,23,113,116,116,0,1,10.2,météo favorable
2011-04-19,27,22,4,24,26,22,2.5,87,9.875,1016,24.125,30,22,23,113,116,116,0,1,11.6,météo favorable
2011-04-20,26,21,6,24,26,22,2.2,85,9.875,1015,13.125,30,23,23,113,113,113,0,1,11.6,météo idéale
2011-04-21,27,21,6,24,27,23,1.9,84,9.75,1014,14.5,30,21,24,113,113,113,0,1,11.6,météo idéale
2011-04-22,27,22,8,24,26,23,2.3,87,9.875,1015,15.625,31,22,24,113,113,113,0,1,11.6,météo idéale
2011-04-23,28,22,9,24,28,24,0.5,85,9.875,1015,27.875,36,23,24,113,113,116,0,1,8.9,météo favorable
2011-04-24,27,22,14,24,27,24,0.7,85,9.875,1017,13.75,33,23,24,113,113,116,0,1,11.6,météo idéale
2011-04-25,27,23,18,25,27,24,2,87,9.875,1015,20.875,30,22,24,116,113,113,0,1,11.6,météo idéale
2011-04-26,27,23,18,24,27,24,13.3,89,8.625,1016,32,29,23,24,116,113,356,0,1,11.6,météo défavorable
2011-04-27,26,23,20,24,26,24,6.5,90,10,1017,64.75,28,23,24,116,122,119,0,1,7.6,météo correcte
2011-04-28,27,23,23,24,27,24,0.2,85,10,1017,40.75,29,22,24,116,113,116,0,1,12.5,météo favorable
2011-04-29,27,23,19,25,27,23,0.7,86,9.875,1015,29.125,29,21,23,116,113,116,0,1,12.5,météo idéale
2011-04-30,26,23,19,25,26,23,2.6,89,9.75,1014,43.75,28,22,24,116,116,176,0,1,12.9,météo favorable
2011-05-01,26,23,14,25,26,24,4.2,88,9.5,1014,51.25,29,22,24,119,116,353,0,1,12.9,météo favorable
2011-05-02,26,24,18,25,26,24,2.1,88,10,1015,65.75,29,23,24,119,116,119,0,1,9.3,météo défavorable
2011-05-03,26,23,16,25,26,24,1.1,89,9.75,1015,60.875,29,23,24,119,116,119,0,1,11.9,météo correcte
2011-05-04,27,23,11,24,27,23,0.3,86,9.875,1015,40.25,30,22,24,113,116,116,0,1,12.9,météo favorable
2011-05-05,27,22,8,24,26,23,0.8,83,10,1015,33.125,30,22,24,116,119,113,0,1,12.9,météo correcte
2011-05-06,26,22,10,24,26,23,0.1,79,10,1016,22.375,28,20,24,113,116,116,0,1,12.9,météo favorable
2011-05-07,27,22,14,24,26,23,0,81,10,1015,20.25,29,21,24,113,116,113,0,1,12.9,météo favorable
2011-05-08,27,22,12,25,27,24,0,83,10,1014,23.875,30,22,24,113,116,116,0,1,12.9,météo favorable
2011-05-09,28,23,15,25,27,24,2.7,86,10,1013,46.375,31,22,24,116,116,119,0,1,11.9,météo favorable
2011-05-10,27,23,7,25,26,24,6.8,89,9.375,1012,48.875,32,24,25,116,116,119,0,1,13,météo favorable
2011-05-11,27,23,7,25,27,24,5.3,89,9.375,1014,33.25,32,24,25,116,116,116,0,1,13,météo favorable
2011-05-12,26,23,9,25,26,24,7.1,86,9.125,1013,21.375,31,24,25,113,113,113,0,1,13,météo favorable
2011-05-13,26,23,11,25,26,24,9.5,86,9,1011,40.125,30,23,24,116,116,116,0,1,13,météo correcte
2011-05-14,26,23,9,25,26,23,11.5,87,9.25,1012,50.625,30,23,24,116,116,116,0,1,11.9,météo correcte
2011-05-15,27,23,17,25,27,24,7.8,87,9.5,1012,27.125,31,24,24,113,113,116,0,1,13,météo favorable
2011-05-16,28,23,15,26,28,24,2.7,86,10,1013,38.5,32,23,24,113,116,116,0,1,13,météo favorable
2011-05-17,28,23,9,25,26,23,10.7,89,9,1013,41.75,31,23,24,116,116,116,0,1,13,météo correcte
2011-05-18,27,23,11,26,27,25,5.1,88,9.25,1014,24.125,31,24,25,113,113,113,0,1,13,météo favorable
2011-05-19,27,24,13,25,27,25,4.2,87,9.75,1015,46.875,31,23,25,116,116,116,0,1,13,météo favorable
2011-05-20,26,23,15,25,24,23,14.6,91,9.25,1014,66.5,29,23,24,116,119,119,0,1,10.7,météo défavorable
2011-05-21,28,23,17,24,28,25,2.3,89,9.25,1015,41.75,32,24,25,116,116,116,0,1,13,météo favorable
2011-05-22,28,24,9,26,27,25,5.4,90,9.5,1015,44.875,33,25,26,116,200,113,0,1,13,météo correcte
2011-05-23,27,24,6,26,27,24,10.9,89,8.75,1015,35.125,33,25,25,116,116,116,0,1,13,météo correcte
2011-05-24,28,24,7,26,27,24,7.9,90,9.5,1014,39,34,25,25,113,116,119,0,1,13,météo favorable
2011-05-25,27,24,8,26,27,24,6.9,87,9.625,1015,50.75,32,25,25,119,116,116,0,1,12,météo favorable
2011-05-26,29,24,8,26,29,25,2.7,89,9.75,1015,28.125,34,24,26,116,113,113,0,1,13.1,météo idéale
2011-05-27,28,24,8,26,28,25,2,88,9.75,1014,18,35,25,26,113,176,116,0,1,13.1,météo favorable
2011-05-28,29,24,9,26,28,25,9.8,88,9,1014,20.75,34,24,26,116,113,356,0,1,13.1,météo correcte
2011-05-29,28,24,15,27,28,25,3.6,85,9.75,1016,63.875,32,23,26,116,116,176,0,1,10.7,météo correcte
2011-05-30,28,25,14,26,28,25,1.5,84,10,1016,61.375,32,23,26,116,116,116,0,1,12,météo correcte
2011-05-31,28,24,16,25,28,26,2.4,89,9.875,1014,43.25,33,25,26,116,113,113,0,1,13.1,météo favorable
2011-06-01,28,25,11,26,27,25,2.8,87,9.875,1014,46.125,32,25,26,116,116,116,0,7,13.1,météo favorable
2011-06-02,26,24,9,26,26,24,2.4,89,8.625,1014,71.625,31,24,25,122,200,119,0,6,9.4,météo défavorable
2011-06-03,27,24,9,25,27,25,3.6,88,9,1013,75.75,31,23,26,119,122,119,0,7,8.2,météo défavorable
2011-06-04,28,24,8,25,27,25,5.1,89,9.5,1014,49.25,32,24,25,119,119,116,0,6,12,météo correcte
2011-06-05,28,24,10,26,27,24,8.8,87,9.5,1014,67.125,33,24,24,116,122,119,0,7,9.5,météo défavorable
2011-06-06,26,23,13,24,25,25,10.6,89,9.125,1013,70.5,29,23,25,116,119,116,0,5,9.5,météo défavorable
2011-06-07,25,24,11,25,25,24,30.3,90,8.5,1014,78.75,28,23,25,356,356,116,0,5,9.5,météo très défavorable
2011-06-08,26,24,8,26,26,26,2.2,86,9.625,1015,56.25,30,24,26,176,176,116,0,6,13.5,météo correcte
2011-06-09,29,25,9,27,28,26,5,89,8.875,1014,47,36,26,26,113,356,119,0,6,13.3,météo correcte
2011-06-10,29,25,11,27,28,26,5.6,91,9.375,1015,27.5,35,25,27,113,356,116,0,7,13.5,météo correcte
2011-06-11,27,26,9,27,27,26,0.9,88,9.5,1015,26.25,32,25,27,176,176,113,0,7,13.5,météo favorable
2011-06-12,27,25,15,27,27,26,0.1,89,10,1015,22.625,31,24,26,116,116,113,0,7,13.5,météo favorable
2011-06-13,28,25,17,27,28,26,3.8,88,9.75,1015,24.5,34,25,26,116,113,113,0,7,13.5,météo favorable
2011-06-14,29,25,16,27,29,26,3.1,88,9.75,1016,26.75,34,25,26,113,116,113,0,7,13.5,météo favorable
2011-06-15,28,25,16,27,28,26,9.6,88,9.125,1015,28.75,35,26,26,116,113,113,0,7,13.5,météo correcte
2011-06-16,28,25,15,27,27,26,6.2,88,9.5,1016,39.625,33,24,26,116,119,116,0,7,13.3,météo correcte
2011-06-17,30,26,20,27,30,27,0.2,86,10,1018,36.5,34,24,27,116,113,113,0,6,13.5,météo favorable
2011-06-18,29,26,21,27,29,26,0.9,86,9.875,1018,37.875,33,24,26,116,113,116,0,6,13.5,météo favorable
2011-06-19,28,25,17,27,28,25,5.2,86,9.625,1016,30.25,33,24,26,116,113,176,0,6,13.5,météo favorable
2011-06-20,30,25,19,27,30,26,0.3,84,9.875,1015,24.25,33,24,26,116,113,113,0,7,13.5,météo idéale
2011-06-21,30,25,18,27,30,27,0.4,87,9.875,1017,27.125,35,25,27,116,176,113,0,7,13.5,météo favorable
2011-06-22,30,26,21,27,30,27,0,86,10,1017,35.5,34,24,27,116,113,116,0,7,13.5,météo favorable
2011-06-23,29,26,21,27,29,26,0.3,82,9.875,1016,40.125,33,24,26,116,113,116,0,6,13.3,météo favorable
2011-06-24,29,25,18,27,29,26,2.8,83,9.875,1016,41.5,33,24,26,116,113,116,0,7,13.3,météo favorable
2011-06-25,29,25,16,27,28,26,1.4,84,9.75,1016,22.75,32,24,26,113,176,113,0,7,13.5,météo favorable
2011-06-26,28,25,16,27,28,26,8.9,83,9.125,1017,31.375,33,24,26,116,356,356,0,7,13.5,météo correcte
2011-06-27,29,25,15,27,29,26,0.6,81,10,1017,52.875,34,23,26,116,116,116,0,7,12.1,météo favorable
2011-06-28,29,25,23,27,29,27,0.3,85,9.875,1017,51.375,33,24,27,116,113,116,0,6,13.5,météo favorable
2011-06-29,29,26,21,27,29,26,0.5,86,9.875,1017,51.375,34,24,26,119,116,116,0,6,13.3,météo favorable
2011-06-30,29,25,22,27,29,26,0.2,84,10,1016,29.875,33,23,26,116,113,116,0,7,13.5,météo idéale
2011-07-01,28,24,24,27,27,24,5.2,88,9.375,1015,50.5,31,23,25,116,119,116,0,7,12.1,météo correcte
2011-07-02,27,25,20,25,27,25,1.4,88,9.75,1015,69.875,30,24,25,119,116,119,0,6,10.9,météo défavorable
2011-07-03,28,24,16,26,27,24,9.3,90,9.5,1015,64.125,32,24,25,119,116,119,0,6,12.1,météo correcte
2011-07-04,28,24,20,25,28,26,7.5,87,9.625,1015,60.125,33,24,26,116,119,116,0,7,10.9,météo correcte
2011-07-05,29,25,18,27,28,26,2.9,87,9.625,1016,39.25,33,24,26,116,113,113,0,6,13.5,météo favorable
2011-07-06,28,25,17,26,28,26,2.3,85,9.75,1017,40.875,32,24,26,119,116,116,0,7,13.3,météo favorable
2011-07-07,27,25,20,26,27,25,2.5,87,9.875,1017,45.625,31,24,26,116,116,116,0,7,13.5,météo favorable
2011-07-08,27,25,19,26,27,26,2.2,88,9.875,1016,62,31,24,26,116,119,119,0,6,12.1,météo correcte
2011-07-09,29,26,18,27,29,26,1.2,88,9.75,1016,45.625,33,24,26,116,116,116,0,6,13.5,météo favorable
2011-07-10,28,25,21,27,28,25,2.6,86,9.75,1016,34.875,32,24,26,119,116,113,0,7,13.3,météo favorable
2011-07-11,28,24,17,26,28,25,2.5,86,9.75,1017,28.5,32,24,26,116,116,116,0,7,13.5,météo favorable
2011-07-12,28,25,18,26,28,25,3,88,9.625,1016,35.25,32,24,26,116,113,113,0,7,13.5,météo favorable
2011-07-13,29,25,15,26,28,25,6.7,88,9,1015,28.75,34,24,26,113,200,200,0,7,13.5,météo correcte
2011-07-14,28,25,10,26,27,25,17.9,89,8.375,1014,38.25,34,24,25,113,200,116,0,7,13.5,météo très défavorable
2011-07-15,28,24,9,26,28,25,15.9,86,9,1016,19.25,33,24,26,113,113,113,0,7,13.5,météo défavorable
2011-07-16,28,24,13,26,28,26,5.9,86,9.625,1016,18.125,34,24,26,113,113,113,0,7,13.5,météo favorable
2011-07-17,28,24,18,26,28,26,2.8,86,9.75,1016,33.625,32,24,26,116,116,116,0,7,13.5,météo favorable
2011-07-18,29,25,19,27,29,26,0.7,88,9.875,1016,43,33,24,26,119,113,116,0,7,13.3,météo favorable
2011-07-19,29,25,12,27,28,26,4.4,85,9.625,1016,29.25,34,25,26,116,113,113,0,7,13.5,météo favorable
2011-07-20,29,25,16,27,29,26,0.9,86,9.75,1016,20.625,34,24,26,116,113,113,0,7,13.5,météo idéale
2011-07-21,29,25,18,27,29,26,2.3,87,9.75,1017,29.125,33,25,26,116,113,116,0,7,13,météo idéale
2011-07-22,29,25,19,27,28,26,4.6,88,9.5,1017,35.125,32,24,26,113,116,116,0,7,13,météo favorable
2011-07-23,27,25,14,27,26,26,9.8,87,8.125,1017,70,31,24,26,356,356,116,0,6,9.4,météo défavorable
2011-07-24,28,25,21,27,28,27,2.1,88,9.875,1016,54,33,25,27,119,116,116,0,6,11.6,météo favorable
2011-07-25,29,25,21,27,29,26,0.2,81,10,1016,36.75,33,24,26,116,113,116,0,6,11.6,météo favorable
2011-07-26,29,25,19,27,28,26,3.9,86,9.625,1014,32,32,24,26,113,113,116,0,7,11.6,météo favorable
2011-07-27,28,25,18,27,28,25,4.8,88,9.5,1015,39.25,32,24,26,116,116,116,0,7,11.6,météo favorable
2011-07-28,27,25,18,27,27,25,7.8,87,9.5,1015,46.625,32,24,26,116,116,116,0,7,11.6,météo favorable
2011-07-29,29,25,14,27,28,26,4.4,88,9.25,1014,33.25,34,24,26,116,200,116,0,7,11.6,météo correcte
2011-07-30,28,25,17,26,28,26,1.8,83,9.75,1014,26.25,32,24,26,113,116,116,0,7,11.6,météo favorable
2011-07-31,29,25,19,27,29,26,0.5,86,9.875,1015,26.75,33,24,26,113,113,113,0,7,11.6,météo idéale
2011-08-01,30,25,21,27,30,26,0.4,82,9.875,1014,29.125,34,24,26,116,113,113,0,1,11.6,météo idéale
2011-08-02,28,25,29,26,28,26,6.9,85,9.625,1012,57,32,24,26,116,116,116,0,1,10.3,météo correcte
2011-08-03,27,25,27,25,26,25,18.9,89,8.625,1014,71.5,30,24,26,119,356,122,0,1,6.3,météo très défavorable
2011-08-04,28,26,20,27,28,27,7.4,88,8.75,1016,46,33,25,27,116,356,116,0,1,11.6,météo correcte
2011-08-05,30,26,19,27,30,27,0.6,88,10,1017,37.625,34,25,27,116,113,116,0,1,11.6,météo favorable
2011-08-06,29,26,23,27,28,26,1.9,88,10,1017,48.625,33,24,26,116,116,116,0,1,10.3,météo favorable
2011-08-07,28,26,18,27,28,26,1.6,88,9.75,1017,59.75,33,25,26,119,116,119,0,1,10.3,météo correcte
2011-08-08,30,25,17,27,30,26,0.4,84,10,1016,29.25,35,24,26,116,113,113,0,1,11.6,météo favorable
2011-08-09,30,24,19,26,30,26,0,83,10,1015,18.625,34,24,27,113,113,113,0,1,11.6,météo idéale
2011-08-10,29,25,19,27,28,26,4.6,88,9.5,1015,30.75,34,25,26,116,113,116,0,1,11.6,météo favorable
2011-08-11,29,26,16,27,29,27,1.5,86,9.75,1015,29.5,34,25,27,116,176,113,0,1,11.6,météo favorable
2011-08-12,29,26,16,27,29,26,6.4,84,9.375,1015,35,34,25,27,119,356,113,0,1,11.6,météo correcte
2011-08-13,29,25,8,26,28,25,3.4,85,9.75,1015,27.125,34,24,26,113,176,113,0,1,11.6,météo favorable
2011-08-14,29,24,12,26,29,26,1.6,82,9.75,1014,13.75,34,24,27,113,113,113,0,1,11.6,météo idéale
2011-08-15,30,25,19,27,30,26,0.7,84,10,1014,9.25,35,25,27,113,113,113,0,1,11.6,météo favorable
2011-08-16,28,25,24,28,28,25,6.9,87,9.125,1016,45.375,33,24,26,116,116,116,0,1,11.6,météo favorable
2011-08-17,29,26,21,27,28,26,5.5,86,9.25,1015,41,33,25,26,119,116,116,0,1,11.6,météo favorable
2011-08-18,28,26,19,27,28,26,1.7,82,9.625,1014,29.625,33,24,26,116,116,113,0,1,11.6,météo favorable
2011-08-19,29,25,12,27,28,26,8.4,87,9.375,1013,24.5,34,24,26,113,116,113,0,1,11.6,météo correcte
2011-08-20,30,25,16,27,30,27,0.4,85,10,1013,35.75,34,25,27,116,116,113,0,1,11.6,météo favorable
2011-08-21,28,25,21,27,27,25,8.7,91,9.25,1012,66.625,32,24,25,116,116,122,0,1,8.9,météo défavorable
2011-08-22,26,25,35,25,26,25,73.9,91,6.125,1010,73.25,29,24,25,122,359,119,0,1,8.9,météo très défavorable
2011-08-23,27,25,21,25,27,25,22.6,88,7.75,1011,39.5,32,25,26,116,116,113,0,1,10.2,météo très défavorable
2011-08-24,29,25,24,27,28,26,6.6,88,9.375,1013,46.875,33,24,26,116,116,119,0,1,10.2,météo favorable
2011-08-25,28,26,15,27,28,26,3.1,85,9.625,1016,39.875,33,25,26,113,116,116,0,1,11.6,météo favorable
2011-08-26,29,25,11,27,29,26,1.9,83,9.75,1016,22.625,34,24,26,113,113,116,0,1,11.6,météo idéale
2011-08-27,29,25,9,26,28,26,2.7,82,9.625,1015,13.5,34,25,26,113,113,113,0,1,11.6,météo idéale
2011-08-28,29,25,13,27,29,26,0.4,85,9.875,1015,25.875,35,25,27,113,200,113,0,1,11.6,météo correcte
2011-08-29,29,25,20,27,29,26,0.4,88,9.875,1015,21.75,34,25,26,113,113,116,0,1,11.6,météo idéale
2011-08-30,28,25,17,27,28,26,3.2,85,9.625,1015,39.625,33,25,26,116,116,116,0,1,11.6,météo favorable
2011-08-31,29,25,18,27,29,26,1.4,83,9.875,1015,22.625,33,24,26,113,116,113,0,1,11.6,météo favorable
2011-09-01,29,25,13,27,28,26,4.4,82,9.375,1016,20.75,34,24,26,116,113,176,0,7,11.6,météo favorable
2011-09-02,29,25,12,27,28,25,8.8,84,9.25,1015,19.25,35,25,26,113,113,116,0,7,11.6,météo correcte
2011-09-03,29,25,8,27,29,25,9.4,85,9,1015,18.375,36,25,26,113,113,113,0,7,11.6,météo correcte
2011-09-04,30,24,6,26,29,26,4.7,83,9.625,1015,15.125,38,25,26,113,113,113,0,7,11.6,météo favorable
2011-09-05,30,24,9,26,29,25,2.7,83,9.625,1014,17.875,36,24,26,113,116,116,0,7,11.6,météo favorable
2011-09-06,30,24,5,27,30,26,1,84,9.875,1015,17.5,36,24,27,113,116,113,0,7,11.6,météo favorable
2011-09-07,29,25,14,27,29,27,1.6,86,9.875,1014,18.375,35,25,27,113,113,116,0,7,11.6,météo favorable
2011-09-08,28,25,12,27,28,25,12.9,85,9.25,1015,29.75,35,26,26,113,113,113,0,7,11.6,météo correcte
2011-09-09,29,25,20,27,29,26,2.2,84,10,1014,39.875,35,25,26,116,113,113,0,7,11.6,météo favorable
2011-09-10,29,26,19,28,29,26,2.1,85,9.75,1012,33.5,34,24,26,116,113,116,0,7,11.6,météo favorable
2011-09-11,29,26,14,27,28,27,4.1,82,9.5,1012,55.125,33,24,27,116,116,116,0,6,11.6,météo correcte
2011-09-12,29,26,18,27,29,26,4.7,83,9.5,1013,32.625,33,24,26,113,116,113,0,7,11.6,météo favorable
2011-09-13,28,26,20,26,28,26,0.7,85,9.75,1013,36.125,33,24,26,116,116,116,0,7,11.6,météo favorable
2011-09-14,28,26,17,27,28,26,4.8,87,8.5,1015,34,33,25,27,113,116,113,0,7,10.2,météo favorable
2011-09-15,30,26,19,27,30,27,0.3,85,9.875,1016,25.5,36,25,27,116,113,113,0,7,11.6,météo favorable
2011-09-16,29,25,16,27,29,25,1.1,86,9.875,1016,21.375,34,24,25,116,113,113,0,7,11.6,météo idéale
2011-09-17,27,24,13,25,27,25,7.7,84,9,1014,17.875,31,23,25,113,116,113,0,7,11.6,météo favorable
2011-09-18,27,24,12,26,27,25,10,87,8.875,1014,32.875,31,24,25,116,200,200,0,7,11.6,météo correcte
2011-09-19,28,24,15,26,27,25,8.8,86,9,1013,40.875,33,24,25,116,116,116,0,7,11.6,météo correcte
2011-09-20,29,25,15,26,28,26,2.1,86,9.75,1014,42.25,33,24,26,116,200,116,0,7,10.2,météo correcte
2011-09-21,29,25,16,26,29,26,1.5,90,9.75,1015,38.375,35,25,26,119,113,113,0,7,11.6,météo favorable
2011-09-22,29,26,20,27,28,26,5,88,9.625,1015,42.875,34,24,26,116,113,200,0,6,11.6,météo favorable
2011-09-23,29,26,20,27,29,26,0.2,83,10,1017,31.875,33,24,26,116,113,113,0,6,11.6,météo favorable
2011-09-24,28,25,16,27,28,26,1,85,9.75,1015,33.375,32,23,26,116,113,116,0,7,11.6,météo favorable
2011-09-25,29,25,10,26,28,26,6,87,9.5,1014,37.875,34,25,26,116,116,116,0,7,11.6,météo favorable
2011-09-26,30,24,6,26,29,26,2.1,88,9.625,1014,16,37,25,26,113,113,200,0,7,11.6,météo favorable
2011-09-27,30,25,6,27,30,26,2.2,89,9.875,1014,14.875,41,26,27,113,113,113,0,7,11.6,météo correcte
2011-09-28,28,25,9,27,28,26,6.9,86,9.5,1012,26.375,35,25,26,116,113,113,0,7,11.6,météo favorable
2011-09-29,30,25,4,26,30,25,4.4,82,9.625,1011,15.25,46,27,26,113,113,113,0,7,11.6,météo défavorable
2011-09-30,29,24,6,26,29,26,8.8,82,9.25,1012,10.5,36,25,26,113,113,356,0,7,11.6,météo correcte
2011-10-01,30,25,13,27,30,26,2.9,87,9.75,1014,20.75,36,25,27,116,113,113,0,1,11.6,météo favorable
2011-10-02,29,25,17,27,29,27,2.2,85,9.875,1015,14.25,34,25,27,113,113,113,0,1,11.6,météo idéale
2011-10-03,29,26,20,27,29,26,0.1,84,10,1016,34.75,33,24,26,116,113,113,0,1,11.6,météo favorable
2011-10-04,28,25,16,26,28,26,2.4,85,9.75,1015,23.875,32,23,26,116,113,113,0,1,11.6,météo idéale
2011-10-05,28,25,13,26,28,25,12.2,86,9,1013,22.5,33,24,26,113,113,116,0,1,11.6,météo correcte
2011-10-06,28,25,13,27,28,26,3.4,82,9.75,1013,19.5,34,25,26,113,113,113,0,1,11.6,météo favorable
2011-10-07,29,25,18,27,29,26,1.7,85,9.75,1013,24.5,33,24,26,116,113,116,0,1,11.6,météo idéale
2011-10-08,28,25,16,27,27,26,4.8,84,9.375,1014,25.875,32,24,26,116,116,113,0,1,11.6,météo favorable
2011-10-09,29,25,17,27,29,26,1.1,85,9.625,1014,25.625,33,24,26,116,113,113,0,1,11.6,météo idéale
2011-10-10,29,25,18,27,29,26,0.3,81,10,1013,24.5,33,24,26,116,113,113,0,1,11.6,météo idéale
2011-10-11,29,24,13,26,28,26,2.7,85,9.75,1013,23.5,34,24,26,113,113,116,0,1,11.6,météo idéale
2011-10-12,29,25,15,26,28,25,5.7,84,9.625,1013,22.75,35,24,26,116,113,116,0,1,11.6,météo favorable
2011-10-13,28,25,15,26,28,25,4.1,86,9.625,1013,26.375,32,24,26,116,116,116,0,1,11.6,météo favorable
2011-10-14,29,25,18,27,28,26,0.3,81,10,1014,14.5,34,24,26,116,113,113,0,1,11.6,météo idéale
2011-10-15,29,25,19,26,29,26,0.6,81,9.75,1013,23,32,23,26,113,113,113,0,1,11.6,météo idéale
2011-10-16,29,24,22,26,28,26,2.9,84,9.75,1014,23.375,32,24,26,113,116,116,0,1,11.6,météo favorable
2011-10-17,28,24,19,26,28,26,2.1,84,9.625,1013,25.625,32,23,26,116,113,113,0,1,11.6,météo idéale
2011-10-18,28,24,15,26,28,25,4.7,83,9.5,1013,22.75,32,23,26,116,113,113,0,1,11.6,météo favorable
2011-10-19,28,24,17,26,28,26,1.6,83,9.75,1015,14.625,33,24,26,116,113,113,0,1,11.6,météo idéale
2011-10-20,28,24,15,26,28,25,0.8,84,9.75,1014,18.375,32,24,26,113,113,113,0,1,11.6,météo idéale
2011-10-21,28,24,10,25,27,24,6.8,84,9.375,1011,20,32,23,25,113,113,113,0,1,8.7,météo favorable
2011-10-22,28,23,5,26,28,24,1.7,82,9.875,1011,10.625,34,24,25,113,113,113,0,1,8.7,météo idéale
2011-10-23,28,23,12,26,28,25,0.6,83,10,1014,13.875,34,24,26,113,113,113,0,1,8.7,météo idéale
2011-10-24,29,25,18,27,29,26,1.1,84,10,1014,34.875,32,24,26,116,116,116,0,1,8.7,météo favorable
2011-10-25,29,25,16,27,29,26,1.4,88,9.875,1012,32.875,34,24,26,116,113,116,0,1,8.7,météo favorable
2011-10-26,29,25,17,27,29,26,4.8,82,9.5,1012,33.625,33,25,26,200,113,113,0,1,8.7,météo favorable
2011-10-27,28,25,22,27,28,26,2.6,86,9.75,1012,37.125,32,23,26,116,116,116,0,1,8.7,météo favorable
2011-10-28,29,25,22,26,29,25,1.6,87,9.625,1014,33.25,32,24,25,116,113,116,0,1,8.7,météo favorable
2011-10-29,29,25,21,26,29,26,4.2,84,9.75,1015,34.75,33,24,26,116,113,113,0,1,8.7,météo favorable
2011-10-30,28,25,19,26,28,26,1.7,85,9.625,1014,43,32,23,26,116,116,116,0,1,8.7,météo favorable
2011-10-31,28,25,21,26,27,25,1.2,88,9.75,1013,43.375,31,23,25,116,116,116,0,1,8.7,météo favorable
2011-11-01,29,25,13,26,29,25,1,84,9.875,1013,22.375,35,24,26,113,113,116,0,1,8.7,météo favorable
2011-11-02,28,24,7,26,27,24,3,87,9.625,1013,44.625,32,24,25,119,116,116,0,1,7.2,météo favorable
2011-11-03,27,24,13,25,27,25,10.4,86,9.25,1013,46.375,31,24,25,116,116,116,0,1,8.7,météo correcte
2011-11-04,28,24,12,25,27,25,1.7,86,9.125,1012,41.75,31,24,26,116,113,116,0,1,7.2,météo favorable
2011-11-05,28,25,8,26,28,25,0,86,10,1011,32.75,33,25,26,113,119,116,0,1,7.2,météo correcte
2011-11-06,29,24,6,26,29,25,1.7,87,9.75,1012,15.375,37,25,26,113,113,113,0,1,8.7,météo favorable
2011-11-07,28,24,4,26,28,25,10.7,88,9.125,1012,19.875,36,25,25,113,113,116,0,1,8.7,météo correcte
2011-11-08,28,24,4,26,28,24,6.9,86,9.5,1011,36.625,33,24,25,116,116,116,0,1,8.7,météo favorable
2011-11-09,28,24,13,26,27,25,2.6,87,9.875,1011,39.875,33,24,25,113,116,119,0,1,8.7,météo favorable
2011-11-10,28,25,11,26,28,25,3.8,85,9.625,1012,27.375,34,25,26,116,116,113,0,1,8.7,météo favorable
2011-11-11,28,25,11,26,27,25,4.1,85,9.375,1013,22.875,33,24,26,113,116,113,0,1,8.7,météo favorable
2011-11-12,29,24,19,26,29,25,0.2,82,10,1014,27.875,32,23,25,116,113,113,0,1,8.7,météo idéale
2011-11-13,29,25,23,26,29,25,0.1,83,10,1014,33.75,31,23,25,116,113,116,0,1,8.7,météo favorable
2011-11-14,28,24,15,26,27,25,2.1,89,9.75,1015,34.75,32,23,25,116,113,116,0,1,8.7,météo favorable
2011-11-15,28,24,18,26,28,25,2.6,84,9.75,1014,37,31,23,25,116,116,113,0,1,8.7,météo favorable
2011-11-16,27,24,18,26,27,25,1.1,85,9.75,1013,26.875,29,22,25,116,113,113,0,1,8.7,météo idéale
2011-11-17,28,24,20,26,28,25,2.7,87,9.75,1013,36.5,31,23,25,116,113,116,0,1,8.7,météo favorable
2011-11-18,28,24,15,25,28,25,1.9,85,9.625,1014,27.25,31,24,25,113,113,116,0,1,8.7,météo idéale
2011-11-19,28,24,13,25,28,25,0.6,82,10,1014,29.125,35,23,25,116,113,116,0,1,8.7,météo favorable
2011-11-20,27,24,17,25,27,25,3.2,87,9.875,1014,38.25,31,22,25,116,116,119,0,1,8.7,météo favorable
2011-11-21,27,24,18,25,27,24,2.6,86,9.625,1014,45.5,30,22,24,119,116,116,0,1,8.7,météo favorable
2011-11-22,27,24,17,25,27,25,2.2,87,9.625,1016,35.375,30,23,25,116,113,116,0,1,8.7,météo favorable
2011-11-23,27,24,20,25,27,25,0.9,85,9.625,1016,32.625,30,23,25,116,116,116,0,1,8.7,météo favorable
2011-11-24,28,24,16,25,28,25,1.5,86,9.875,1016,15.875,31,23,25,113,113,113,0,1,8.7,météo idéale
2011-11-25,27,23,13,25,27,24,3,87,9.75,1015,13.25,31,23,24,113,113,113,0,1,8.7,météo favorable
2011-11-26,27,23,12,25,27,24,4.9,87,9.5,1014,32.25,30,23,24,116,116,116,0,1,8.7,météo favorable
2011-11-27,27,23,9,24,27,23,4.4,90,9.375,1011,40.125,31,23,24,116,116,116,0,1,7.2,météo favorable
2011-11-28,27,23,12,24,26,24,3.3,88,9.375,1010,27.25,30,23,24,116,113,116,0,1,8.7,météo favorable
2011-11-29,27,23,7,25,27,24,2.5,88,9.625,1010,28.75,31,23,24,116,116,113,0,1,8.7,météo favorable
2011-11-30,28,23,7,24,28,24,1.3,85,9.75,1012,14.625,34,23,24,113,113,116,0,1,8.7,météo idéale
2011-12-01,27,22,10,24,27,24,1.6,85,9.75,1014,14.75,31,22,24,113,113,113,0,6,8.7,météo idéale
2011-12-02,27,23,12,25,27,24,3.4,85,9.75,1014,16.875,30,22,24,113,113,113,0,6,8.7,météo favorable
2011-12-03,27,23,13,24,27,24,0,82,10,1015,9.625,31,22,24,113,113,113,0,6,8.7,météo idéale
2011-12-04,27,23,16,24,27,23,0,84,10,1012,9.75,30,21,24,113,113,113,0,6,8.7,météo idéale
2011-12-05,26,23,11,24,26,24,2.4,88,9.625,1012,28,30,22,24,116,113,116,0,6,8.7,météo idéale
2011-12-06,28,23,6,24,28,24,4.8,86,9.5,1012,14.75,33,24,24,113,113,116,0,6,8.7,météo favorable
2011-12-07,26,23,15,24,26,24,7.1,87,9.25,1013,19.5,30,23,24,113,113,116,0,6,8.7,météo favorable
2011-12-08,27,23,11,25,27,24,5,89,9.375,1014,19.5,31,24,24,113,113,113,0,6,8.7,météo favorable
2011-12-09,26,24,18,25,26,24,2.9,91,10,1013,58.5,29,23,24,119,119,119,0,6,7.2,météo correcte
2011-12-10,26,24,18,24,26,24,3,88,9.875,1013,61.25,29,23,24,119,116,116,0,5,7.2,météo correcte
2011-12-11,26,23,11,24,26,24,2,88,9.625,1013,39,29,23,24,116,116,116,0,6,8.7,météo favorable
2011-12-12,28,23,8,24,28,24,0.2,82,10,1013,22,33,23,25,113,113,116,0,6,8.7,météo idéale
2011-12-13,28,22,6,24,28,23,0,86,10,1013,4.25,35,23,24,113,113,113,0,6,8.7,météo favorable
2011-12-14,28,22,8,24,28,23,0.8,88,9.875,1013,12,32,22,24,113,113,113,0,6,8.7,météo idéale
2011-12-15,27,23,23,24,27,23,0.6,79,9.875,1014,40.375,28,21,23,116,113,116,0,6,8.7,météo favorable
2011-12-16,26,23,18,24,26,23,0.4,76,9.875,1016,30,28,20,23,113,116,113,0,6,8.7,météo favorable
2011-12-17,26,22,17,23,26,23,0.2,81,10,1017,27.625,28,20,23,116,113,113,0,6,8.7,météo idéale
2011-12-18,26,22,14,23,26,23,0.2,77,10,1017,22.25,28,20,23,113,116,113,0,6,8.7,météo favorable
2011-12-19,26,22,19,23,26,23,0.1,73,10,1017,10.375,27,19,23,113,113,113,0,6,8.7,météo idéale
2011-12-20,26,22,23,23,25,23,0.3,81,10,1018,48.5,27,20,23,116,113,122,0,6,7.2,météo favorable
2011-12-21,26,23,24,23,26,23,0.3,76,9.875,1018,49.5,28,20,24,119,116,116,0,6,8.7,météo favorable
2011-12-22,26,23,26,24,26,24,0.3,76,10,1019,30.25,28,20,24,116,116,113,0,6,8.7,météo favorable
2011-12-23,27,23,24,24,27,24,0.5,78,9.875,1019,36.875,28,20,24,116,113,116,0,6,8.7,météo favorable
2011-12-24,27,23,21,24,27,24,0.4,85,10,1019,50,29,21,24,116,113,116,0,5,8.7,météo favorable
2011-12-25,26,23,17,23,26,23,0.4,88,9.875,1019,45.75,28,21,23,116,116,119,0,6,8.7,météo favorable
2011-12-26,26,23,16,24,26,23,0.5,86,9.875,1018,36.625,28,21,24,116,116,113,0,6,8.7,météo favorable
2011-12-27,27,23,18,23,27,23,0,80,10,1018,13.375,28,20,24,113,113,113,0,6,8.7,météo idéale
2011-12-28,27,23,18,23,27,24,0.5,84,9.875,1019,35,29,21,24,116,113,116,0,6,8.7,météo favorable
2011-12-29,26,23,21,24,26,24,1.8,88,9.625,1018,31.625,28,22,24,116,113,116,0,6,8.7,météo favorable
2011-12-30,27,23,21,24,27,24,1.6,83,9.875,1019,30.875,29,22,24,116,113,113,0,6,8.7,météo favorable
2011-12-31,27,23,22,24,27,24,0.8,83,9.875,1019,34.5,29,21,24,116,113,116,0,6,11.4,météo favorable
2012-01-01,27,23,23,24,27,24,0.4,82,9.75,1020,36.125,28,21,24,116,113,116,0,1,11.4,météo favorable
2012-01-02,26,23,20,24,25,24,0.8,83,9.75,1018,31.75,28,21,24,116,116,113,0,1,11.4,météo favorable
2012-01-03,27,23,11,24,27,23,1.6,84,9.75,1017,16,30,22,24,113,113,113,0,1,11.5,météo idéale
2012-01-04,27,23,9,23,27,23,2.4,87,9.75,1018,14.5,30,22,23,113,113,113,0,1,11.4,météo idéale
2012-01-05,26,22,8,23,26,23,1.9,84,9.625,1017,28.5,29,22,23,116,176,116,0,1,11.5,météo favorable
2012-01-06,26,22,10,23,26,23,6.2,88,9.625,1017,22,29,22,23,113,113,176,0,1,11.5,météo favorable
2012-01-07,27,23,17,24,27,24,0.5,83,10,1017,56.125,29,21,24,116,116,116,0,1,8.7,météo correcte
2012-01-08,27,23,18,23,27,23,0.1,83,10,1018,28.125,29,21,24,116,113,113,0,1,11.5,météo idéale
2012-01-09,27,23,15,24,27,24,0.3,83,10,1018,52.875,29,22,24,116,113,116,0,1,8.7,météo favorable
2012-01-10,26,22,15,23,26,23,1,87,9.875,1016,26.125,28,22,23,113,113,113,0,1,11.5,météo idéale
2012-01-11,26,22,18,23,26,23,0.2,86,10,1017,21.5,28,21,23,116,113,113,0,1,11.5,météo idéale
2012-01-12,26,22,19,23,26,23,0,81,10,1017,17.25,28,20,23,113,113,113,0,1,11.5,météo idéale
2012-01-13,27,23,22,24,27,24,1,84,9.875,1019,49.125,29,22,24,116,113,119,0,1,10.1,météo favorable
2012-01-14,27,23,19,24,27,23,0.3,83,9.875,1020,31.875,28,21,24,116,113,113,0,1,11.1,météo favorable
2012-01-15,27,23,19,24,27,23,0.2,83,10,1021,27.375,28,21,23,113,113,116,0,1,11.1,météo idéale
2012-01-16,27,22,17,23,27,23,0.4,81,9.875,1020,27.25,28,20,23,116,113,113,0,1,11.1,météo idéale
2012-01-17,26,22,22,23,26,23,0.7,86,9.875,1019,42.125,27,20,23,116,113,119,0,1,10.1,météo favorable
2012-01-18,24,22,23,23,24,22,1.2,84,10,1017,63.625,26,20,22,119,119,116,0,1,8.6,météo correcte
2012-01-19,26,21,10,22,26,22,2,82,9.75,1017,23.5,29,22,23,113,116,113,0,1,11.1,météo favorable
2012-01-20,26,22,12,22,26,22,1.3,86,9.875,1017,18.125,29,21,23,113,113,113,0,1,11.1,météo idéale
2012-01-21,25,21,19,22,25,23,1.9,82,9.75,1018,29.5,27,21,23,113,116,116,0,1,11.1,météo favorable
2012-01-22,26,22,19,23,26,22,0.2,85,10,1017,36.625,28,20,22,116,113,116,0,1,11.1,météo favorable
2012-01-23,25,22,21,23,25,22,1.6,86,9.625,1017,50.125,27,20,22,119,116,116,0,1,11.1,météo favorable
2012-01-24,25,21,20,22,25,22,1.4,78,9.75,1017,37,27,20,23,116,116,113,0,1,11.2,météo favorable
2012-01-25,25,21,17,23,25,22,0.4,82,9.75,1018,27.125,27,19,22,116,113,116,0,1,11.2,météo idéale
2012-01-26,25,22,20,23,25,22,0.5,82,9.875,1018,39.875,27,19,23,116,116,116,0,1,11.6,météo favorable
2012-01-27,26,22,18,22,26,23,0.3,79,9.875,1018,32.5,28,20,23,119,113,113,0,1,11.6,météo favorable
2012-01-28,26,22,20,23,26,22,0.5,85,9.875,1020,43,27,20,23,116,113,116,0,1,11.6,météo favorable
2012-01-29,26,22,22,22,26,22,1,81,9.75,1020,30.75,27,21,23,116,116,113,0,1,11.6,météo favorable
2012-01-30,25,22,18,22,25,23,0,84,10,1019,39.375,27,20,23,116,116,116,0,1,11.6,météo favorable
2012-01-31,26,22,22,23,26,23,0.6,85,9.75,1019,54.75,28,21,23,119,116,116,0,1,11.6,météo favorable
2012-02-01,26,22,21,23,26,23,0.6,85,9.75,1018,39.125,28,20,23,116,113,176,0,1,11.6,météo favorable
2012-02-02,26,22,17,23,26,23,0.9,86,9.75,1017,43.375,28,20,23,116,113,116,0,1,11.6,météo favorable
2012-02-03,26,22,16,23,26,23,1.5,85,9.5,1017,43.625,28,21,23,116,113,119,0,1,10.2,météo favorable
2012-02-04,26,22,18,22,26,22,0.6,86,9.875,1017,42.375,27,20,22,116,116,116,0,1,11.6,météo favorable
2012-02-05,26,22,19,23,26,23,0.2,85,10,1017,34.125,28,20,23,116,113,116,0,1,11.6,météo favorable
2012-02-06,25,22,16,23,25,23,1.6,85,9.625,1018,36.625,27,21,23,116,116,116,0,1,11.6,météo favorable
2012-02-07,26,22,18,23,26,23,0.9,84,9.75,1017,39.875,28,20,23,116,113,116,0,1,11.6,météo favorable
2012-02-08,26,22,18,23,26,23,0.7,84,9.875,1017,37,28,21,23,116,113,113,0,1,11.6,météo favorable
2012-02-09,26,22,17,23,26,23,0.6,88,9.875,1017,45.75,29,21,23,116,113,119,0,1,10.2,météo favorable
2012-02-10,27,22,16,23,27,23,0.8,85,10,1017,24.875,29,21,24,116,113,113,0,1,11.6,météo idéale
2012-02-11,27,22,14,23,27,23,0.1,81,10,1017,19.25,30,21,24,113,113,113,0,1,11.6,météo idéale
2012-02-12,26,21,8,23,26,23,0.2,82,10,1016,13.375,29,23,24,113,113,113,0,1,11.6,météo idéale
2012-02-13,27,20,5,23,27,23,0.7,85,9.75,1016,16.125,32,22,23,113,113,116,0,1,11.6,météo idéale
2012-02-14,26,22,14,23,25,22,2.3,90,9.75,1018,37.5,28,21,23,116,116,116,0,1,11.6,météo favorable
2012-02-15,25,22,14,23,25,22,1.5,88,9.625,1018,36,28,21,22,116,113,116,0,1,11.6,météo favorable
2012-02-16,25,22,12,23,25,23,1.1,88,9.625,1018,33.625,28,21,23,116,113,116,0,1,11.6,météo favorable
2012-02-17,26,21,10,22,26,22,0.2,82,10,1016,23.375,29,21,23,116,113,113,0,1,11.6,météo idéale
2012-02-18,26,21,8,22,26,22,0.8,86,9.875,1017,11.5,31,21,22,113,113,113,0,1,11.6,météo idéale
2012-02-19,26,21,15,22,26,23,0.7,81,10,1017,13.625,28,21,24,113,116,113,0,1,11.6,météo favorable
2012-02-20,26,22,12,23,26,22,0.1,78,10,1017,14.5,29,20,24,116,113,113,0,1,11.6,météo idéale
2012-02-21,27,21,12,23,27,23,0.4,88,9.875,1018,20.625,30,22,23,113,113,116,0,1,11.6,météo idéale
2012-02-22,27,22,14,23,27,23,0,82,10,1018,19.375,30,20,23,113,113,113,0,1,11.6,météo idéale
2012-02-23,27,22,14,24,27,23,0.1,83,10,1018,23.375,30,21,24,116,113,113,0,1,11.6,météo idéale
2012-02-24,27,23,20,23,27,23,0,82,10,1019,38.125,28,21,23,119,113,116,0,1,11.6,météo favorable
2012-02-25,27,23,20,24,27,23,0.3,84,10,1018,22.5,29,20,23,116,113,113,0,1,11.6,météo idéale
2012-02-26,26,22,22,24,26,23,0.7,82,10,1020,29.625,28,20,23,116,116,113,0,1,11.6,météo favorable
2012-02-27,26,22,22,23,26,23,1.1,76,9.875,1021,28.625,28,21,23,116,113,113,0,1,11.6,météo idéale
2012-02-28,25,22,17,23,25,23,3.3,86,9.625,1019,33.875,28,21,23,116,113,116,0,1,11.6,météo favorable
2012-02-29,26,22,19,23,26,23,0.3,83,10,1019,32.375,27,20,23,113,116,116,0,1,11.6,météo favorable
2012-03-01,25,22,18,23,25,23,0.4,84,9.875,1019,48,27,20,23,119,116,116,0,1,11.6,météo favorable
2012-03-02,26,22,19,24,26,23,0.1,86,10,1019,37.625,28,21,23,116,113,116,0,1,11.6,météo favorable
2012-03-03,26,22,20,23,26,23,0.5,84,9.75,1018,42.375,28,21,24,116,113,116,0,1,11.6,météo favorable
2012-03-04,27,23,20,24,27,24,0.5,83,9.75,1018,29.375,29,21,24,116,113,113,0,1,11.6,météo idéale
2012-03-05,26,23,19,24,26,23,0.5,82,9.75,1020,33.75,28,21,24,116,116,113,0,1,11.6,météo favorable
2012-03-06,26,22,22,24,26,23,0.5,79,10,1020,27.75,28,20,23,119,113,113,0,1,11.6,météo idéale
2012-03-07,25,22,25,23,25,23,1.8,85,10,1019,65.75,27,20,23,122,119,119,0,1,7.4,météo défavorable
2012-03-08,26,22,23,23,26,23,1.3,81,9.875,1018,37.625,27,20,23,116,113,116,0,1,11.6,météo favorable
2012-03-09,26,22,15,23,26,23,1,83,9.875,1017,21.375,30,21,23,116,113,113,0,1,11.6,météo idéale
2012-03-10,26,21,12,23,26,23,1.3,85,9.75,1018,14.875,31,22,23,113,113,116,0,1,11.6,météo idéale
2012-03-11,27,22,13,23,27,23,1.6,87,9.625,1018,27.625,29,21,23,113,113,116,0,1,10.2,météo idéale
2012-03-12,26,22,17,23,26,22,1.6,85,9.625,1018,32.75,27,21,22,116,116,116,0,1,11.6,météo favorable
2012-03-13,26,22,16,23,26,22,1.5,85,9.75,1018,26.25,28,20,22,113,113,113,0,1,11.6,météo idéale
2012-03-14,26,21,19,23,26,22,1.4,86,9.75,1018,37.875,28,21,22,116,113,116,0,1,11.6,météo favorable
2012-03-15,26,22,19,23,26,23,0.1,81,10,1018,23.375,28,20,23,116,113,113,0,1,11.6,météo idéale
2012-03-16,27,22,19,23,27,23,0.1,76,10,1018,16.5,28,20,24,116,113,113,0,1,11.6,météo idéale
2012-03-17,26,22,15,24,26,23,0.6,82,10,1018,13.25,28,21,24,113,113,113,0,1,11.6,météo idéale
2012-03-18,26,22,10,24,26,22,5.2,85,9.375,1017,18,29,22,23,113,113,113,0,1,11.6,météo favorable
2012-03-19,26,21,8,23,26,22,3.3,84,9.75,1016,13.625,30,21,23,116,113,113,0,1,11.6,météo favorable
2012-03-20,26,21,14,23,26,23,1.6,82,9.75,1015,19.875,28,21,23,116,113,113,0,1,11.6,météo idéale
2012-03-21,26,22,14,23,26,22,3,88,9.625,1017,22.5,28,21,22,116,113,116,0,1,11.6,météo favorable
2012-03-22,24,21,14,23,24,22,9.4,89,9.5,1016,52.25,27,21,22,116,116,119,0,1,10.2,météo correcte
2012-03-23,25,21,16,23,25,22,7.5,89,9.375,1015,45.375,27,21,22,116,116,119,0,1,8.8,météo favorable
2012-03-24,25,22,16,23,25,22,9.1,90,9.25,1016,45.125,27,21,23,116,116,116,0,1,11.6,météo correcte
2012-03-25,25,22,10,23,25,23,7.5,87,9.125,1016,36.25,28,22,23,116,116,116,0,1,11.6,météo favorable
2012-03-26,26,22,12,24,26,24,2.4,84,9.75,1015,14.625,31,23,25,113,113,113,0,1,11.6,météo idéale
2012-03-27,27,22,3,24,27,23,2.3,87,9.875,1016,9.875,34,24,24,113,113,113,0,1,11.6,météo idéale
2012-03-28,26,22,19,24,26,23,4.7,89,9.75,1016,23.625,29,22,23,113,116,116,0,1,11.6,météo favorable
2012-03-29,25,22,15,23,25,23,7.2,88,9.5,1016,50.625,27,21,23,116,119,116,0,1,10.2,météo correcte
2012-03-30,25,22,15,24,25,23,4.8,89,9.75,1018,44.25,28,22,23,116,116,116,0,1,11.6,météo favorable
2012-03-31,26,23,17,24,26,23,2.6,87,10,1018,56.375,28,22,24,119,116,116,0,1,11.6,météo correcte
2012-04-01,27,22,12,24,27,24,0.2,84,10,1016,26.25,30,22,25,116,113,113,0,1,11.6,météo idéale
2012-04-02,28,22,9,24,28,24,0,85,10,1014,5,34,23,25,113,113,113,0,1,11.6,météo idéale
2012-04-03,28,22,6,25,28,24,0.3,85,10,1015,9.75,34,24,25,113,113,116,0,1,11.6,météo idéale
2012-04-04,27,23,12,25,27,23,2.1,88,9.75,1015,17.625,31,23,24,113,113,116,0,1,11.6,météo idéale
2012-04-05,27,23,14,24,27,24,0.9,84,9.75,1014,23.75,30,22,24,113,113,116,0,1,11.6,météo idéale
2012-04-06,27,23,13,25,27,24,0.6,85,9.875,1015,13.875,31,23,25,113,113,113,0,1,11.6,météo idéale
2012-04-07,27,23,9,25,26,24,1,86,9.875,1016,16.75,31,23,24,113,113,113,0,1,11.6,météo idéale
2012-04-08,27,23,10,24,26,24,2.9,88,9.75,1015,18.375,32,23,24,113,113,113,0,1,11.6,météo idéale
2012-04-09,26,22,10,24,25,23,14.2,88,9,1014,32.5,28,22,23,116,116,116,0,1,10.2,météo défavorable
2012-04-10,26,22,15,24,26,24,6.5,88,9.25,1015,36.125,29,23,24,116,116,122,0,1,10.2,météo favorable
2012-04-11,27,23,15,25,27,24,1.4,86,9.625,1016,19.125,30,23,25,113,113,113,0,1,11.6,météo idéale
2012-04-12,27,23,10,25,27,24,4.3,87,9.75,1016,28.75,31,23,24,116,116,116,0,1,11.6,météo favorable
2012-04-13,27,22,6,25,27,23,5.8,89,9.25,1016,28.25,32,23,24,113,113,116,0,1,11.6,météo favorable
2012-04-14,26,23,20,24,26,23,6.4,90,9.375,1016,48,29,23,23,116,116,122,0,1,10.2,météo favorable
2012-04-15,25,22,24,23,25,22,0.4,77,10,1018,37.25,27,21,22,116,116,113,0,1,11.6,météo favorable
2012-04-16,26,21,19,24,26,22,0,77,10,1018,27.625,27,19,22,113,116,116,0,1,11.6,météo favorable
2012-04-17,26,21,18,23,26,23,0.1,79,10,1017,20.5,28,19,23,113,113,116,0,1,10.2,météo idéale
2012-04-18,27,21,14,23,27,22,0,78,10,1016,7.25,33,21,23,113,113,113,0,1,11.6,météo idéale
2012-04-19,26,20,12,23,26,23,0,78,10,1016,11,28,21,23,113,113,113,0,1,11.6,météo idéale
2012-04-20,27,21,14,24,27,24,0.2,82,9.875,1015,19,29,21,24,113,113,116,0,1,11.6,météo idéale
2012-04-21,27,22,16,25,26,24,5.9,91,9.375,1014,24.625,30,23,24,116,113,116,0,1,11.6,météo favorable
2012-04-22,26,23,11,25,26,24,5,91,9.5,1014,29.875,30,24,25,116,116,116,0,1,11.6,météo favorable
2012-04-23,27,24,15,26,27,25,2.8,91,9.75,1014,33.625,31,24,25,116,116,113,0,1,11.6,météo favorable
2012-04-24,28,24,17,26,28,25,1.3,89,9.875,1014,25,31,24,25,116,113,116,0,1,11.6,météo idéale
2012-04-25,27,24,11,26,27,24,7.2,88,9.5,1016,29.25,30,24,25,113,116,113,0,1,11.6,météo favorable
2012-04-26,27,24,17,25,27,24,1.8,87,9.75,1017,27.75,30,23,25,116,113,116,0,1,11.6,météo idéale
2012-04-27,26,23,18,25,26,24,1.4,82,9.875,1016,46,29,23,24,113,119,116,0,1,11.8,météo correcte
2012-04-28,27,23,19,25,27,24,0,82,10,1016,24,29,21,24,113,113,113,0,1,12.5,météo idéale
2012-04-29,26,23,19,24,25,24,1.7,87,9.75,1016,42.875,28,22,24,116,116,116,0,1,12.9,météo favorable
2012-04-30,27,23,18,25,26,24,1.1,87,9.875,1016,41.125,29,22,24,116,116,116,0,1,12.9,météo favorable
2012-05-01,27,23,18,25,27,24,0.1,85,10,1015,31.5,30,22,24,113,116,116,0,1,12.9,météo favorable
2012-05-02,27,23,17,25,26,24,3.2,91,9.875,1015,60,30,23,24,119,116,119,0,1,11.9,météo correcte
2012-05-03,27,23,10,25,27,24,11,89,9.125,1014,48.25,31,24,24,116,119,116,0,1,12.9,météo correcte
2012-05-04,28,23,6,25,26,24,7.1,88,9.5,1014,26.875,33,24,24,113,113,113,0,1,12.9,météo favorable
2012-05-05,27,23,5,25,27,24,6.6,89,9.5,1013,21.875,33,24,24,113,113,116,0,1,12.9,météo favorable
2012-05-06,26,23,5,24,26,23,5.7,88,9.5,1013,39.25,30,23,24,116,116,116,0,1,12.9,météo favorable
2012-05-07,26,22,8,24,26,24,3.1,89,9.875,1014,47.25,31,24,24,119,116,119,0,1,11.9,météo favorable
2012-05-08,28,23,9,25,27,24,4.1,89,9.375,1014,31.875,32,24,25,116,113,116,0,1,12.9,météo favorable
2012-05-09,27,23,13,25,27,25,6.3,89,9.375,1013,28.125,31,24,25,116,116,116,0,1,13,météo favorable
2012-05-10,27,24,12,25,27,25,2.1,90,9.625,1014,28.75,33,25,25,116,113,116,0,1,13,météo idéale
2012-05-11,27,24,14,26,27,25,7.5,90,9.25,1016,23.75,31,24,25,116,113,113,0,1,13,météo favorable
2012-05-12,28,24,13,26,28,25,0.8,91,9.75,1018,19.125,34,24,25,113,113,113,0,1,13,météo idéale
2012-05-13,28,24,14,26,27,25,2.8,87,9.5,1017,31.25,32,24,25,116,113,113,0,1,13,météo favorable
2012-05-14,28,24,13,26,28,25,2.8,85,9.625,1016,36,32,23,25,113,113,119,0,1,13,météo favorable
2012-05-15,27,24,12,25,26,24,4.7,86,9.625,1016,23,31,23,25,116,113,113,0,1,13,météo favorable
2012-05-16,27,23,14,25,27,24,2.9,89,9.75,1016,46,31,23,24,116,116,116,0,1,13,météo favorable
2012-05-17,27,24,18,25,27,25,6.4,89,9.5,1015,51.625,30,23,25,116,116,119,0,1,13,météo favorable
2012-05-18,27,24,18,25,27,25,7.3,89,9.25,1014,50,31,23,25,119,356,116,0,1,13,météo correcte
2012-05-19,28,24,17,26,27,25,2.1,85,9.75,1016,34.875,32,24,25,116,113,113,0,1,13,météo favorable
2012-05-20,28,24,18,26,28,25,2.3,87,9.875,1016,42.75,32,24,25,116,116,116,0,1,13,météo favorable
2012-05-21,28,24,17,26,28,25,3.3,84,9.75,1018,37.5,32,23,25,116,116,116,0,1,13,météo favorable
2012-05-22,28,23,15,25,27,25,1.4,86,9.75,1017,33,31,23,25,116,116,113,0,1,13,météo favorable
2012-05-23,28,24,19,26,28,25,0.7,86,9.625,1017,41.875,31,23,25,116,116,116,0,1,13,météo favorable
2012-05-24,28,24,21,26,28,25,0.1,82,10,1018,36.5,31,22,25,116,113,116,0,1,13.1,météo favorable
2012-05-25,28,24,17,25,28,24,0.5,85,9.875,1017,44.375,31,22,25,116,116,116,0,1,13.1,météo favorable
2012-05-26,28,23,14,25,28,24,0.1,80,10,1016,7.375,32,22,25,113,113,113,0,1,13.1,météo idéale
2012-05-27,28,23,17,26,28,24,1.1,86,10,1016,29,31,23,25,113,119,116,0,1,13.1,météo correcte
2012-05-28,27,24,13,26,27,25,2.2,85,9.75,1016,27.75,31,23,25,113,116,113,0,1,13.1,météo favorable
2012-05-29,27,24,12,26,27,25,3.1,88,9.875,1016,35.875,31,24,25,116,116,116,0,1,13.1,météo favorable
2012-05-30,29,24,15,26,29,25,3,89,9.75,1016,24.25,33,24,26,113,113,116,0,1,13.1,météo favorable
2012-05-31,29,25,15,26,28,25,1.6,87,9.75,1017,27.25,33,24,26,116,113,113,0,1,13.1,météo idéale
2012-06-01,29,25,17,27,29,26,0.6,89,9.875,1018,35.5,34,24,26,116,113,116,0,1,13.1,météo favorable
2012-06-02,29,24,13,26,29,25,0.1,84,10,1018,33.75,33,24,26,116,113,113,0,1,13.1,météo favorable
2012-06-03,29,24,10,26,29,25,0.1,85,10,1018,17.75,34,24,26,113,113,113,0,1,13.1,météo idéale
2012-06-04,29,23,10,26,29,25,0,82,10,1016,11.5,34,23,26,113,113,113,0,1,13.1,météo idéale
2012-06-05,29,23,14,26,29,25,0,84,10,1016,6.875,34,24,27,113,113,113,0,1,13.1,météo idéale
2012-06-06,29,25,19,26,29,26,2.3,87,9.75,1018,45.25,33,24,26,119,116,113,0,1,13.1,météo favorable
2012-06-07,29,25,21,27,29,26,0,86,10,1018,30.75,33,24,26,116,113,116,0,1,13.5,météo favorable
2012-06-08,29,25,19,27,29,26,0.1,84,10,1017,31.625,33,23,26,119,113,113,0,1,13.3,météo favorable
2012-06-09,29,25,14,27,29,26,0,81,10,1016,8.75,33,23,26,113,113,113,0,1,13.5,météo idéale
2012-06-10,29,24,14,26,29,26,0.5,81,9.875,1016,19.375,33,23,26,113,176,113,0,1,13.5,météo favorable
2012-06-11,29,24,13,27,29,26,1,85,9.875,1016,25,34,24,26,116,113,113,0,1,13.5,météo idéale
2012-06-12,29,25,19,27,29,26,0.4,82,9.875,1016,26.375,33,24,26,116,113,113,0,1,13.5,météo idéale
2012-06-13,29,25,18,27,29,26,0.1,82,10,1016,12,33,25,28,113,113,113,0,1,13.5,météo idéale
2012-06-14,30,25,15,27,30,26,0.1,81,10,1017,14.375,34,24,26,113,113,113,0,1,13.5,météo idéale
2012-06-15,30,24,17,26,30,26,0,81,10,1016,24.25,33,23,26,113,119,113,0,1,13.3,météo correcte
2012-06-16,29,24,17,27,29,26,4.4,89,9.75,1016,41.375,33,24,26,113,200,200,0,1,13.3,météo correcte
2012-06-17,28,25,13,26,28,26,9.7,87,9.375,1016,54.25,32,24,26,116,119,116,0,1,12.1,météo correcte
2012-06-18,28,25,17,26,28,26,0.8,82,9.875,1017,33,32,24,26,113,116,116,0,1,13.5,météo favorable
2012-06-19,29,25,21,27,29,26,0.3,82,9.875,1018,34.75,32,23,26,116,113,116,0,1,13.5,météo favorable
2012-06-20,28,25,17,27,28,26,3.6,88,9.5,1017,41.5,33,24,26,119,113,116,0,1,13.3,météo favorable
2012-06-21,29,25,17,27,29,26,0.2,85,10,1015,35.625,35,24,27,116,113,113,0,1,13.5,météo favorable
2012-06-22,29,25,13,27,29,26,0,82,10,1016,13.25,35,24,27,113,113,113,0,1,13.5,météo favorable
2012-06-23,29,25,18,27,29,26,0.1,78,10,1017,24.25,33,23,26,113,116,113,0,1,13.5,météo favorable
2012-06-24,29,25,19,27,29,26,0,83,10,1018,24.375,33,23,26,116,113,116,0,1,13.5,météo idéale
2012-06-25,28,25,18,27,28,25,1.4,85,9.75,1017,30,32,23,25,116,113,116,0,1,13.5,météo favorable
2012-06-26,28,25,19,27,28,26,4.6,85,9.375,1017,36.125,32,24,26,116,356,116,0,1,13.5,météo correcte
2012-06-27,30,25,18,27,30,26,0.1,84,10,1019,22.125,34,24,27,116,113,113,0,1,13.5,météo idéale
2012-06-28,29,25,18,27,28,26,0.9,79,10,1019,19.125,33,23,26,116,113,113,0,1,13.5,météo idéale
2012-06-29,28,24,13,26,28,26,1.6,79,10,1017,7.625,34,24,26,113,113,113,0,1,13.5,météo idéale
2012-06-30,29,25,18,27,29,26,0.3,82,10,1016,21.75,33,23,26,116,113,113,0,1,13.5,météo idéale
2012-07-01,29,25,17,27,28,26,1.5,81,9.75,1017,30.75,33,24,26,116,113,113,0,7,13.5,météo favorable
2012-07-02,29,25,18,27,29,26,1.7,87,9.75,1017,44.875,33,24,26,116,116,116,0,7,13.5,météo favorable
2012-07-03,29,25,19,27,29,26,0.5,83,9.875,1016,42.5,33,23,26,119,113,116,0,6,13.3,météo favorable
2012-07-04,29,25,23,27,28,25,7.1,84,9.5,1015,52.125,32,23,25,116,116,119,0,7,13.3,météo favorable
2012-07-05,26,25,11,26,26,25,13.5,88,8.875,1016,74.375,30,24,25,356,356,119,0,7,8.4,météo défavorable
2012-07-06,27,25,17,27,27,26,0,83,10,1016,28.125,30,24,26,116,116,113,0,7,13.5,météo favorable
2012-07-07,26,25,14,26,26,26,0.6,82,10,1016,43.625,30,23,26,353,353,113,0,7,13.3,météo correcte
2012-07-08,29,25,14,27,28,26,1.8,84,9.875,1016,22.5,32,23,26,113,176,116,0,7,13.5,météo favorable
2012-07-09,28,24,14,26,28,25,1.5,84,9.75,1016,28.875,32,23,26,116,116,116,0,7,13.5,météo favorable
2012-07-10,29,25,19,27,29,26,0.4,86,10,1016,34.875,33,24,26,116,113,119,0,7,13.3,météo favorable
2012-07-11,30,25,18,27,30,26,0.3,83,10,1016,27.25,33,23,26,116,113,113,0,7,13.5,météo idéale
2012-07-12,27,24,13,26,27,25,5.2,82,9.375,1014,33.75,31,23,26,116,116,113,0,7,13.5,météo favorable
2012-07-13,28,24,13,26,27,25,2.6,86,9.75,1016,29.375,32,24,25,116,116,116,0,7,13.5,météo favorable
2012-07-14,29,24,19,26,29,26,0.3,87,9.75,1018,32.875,33,24,26,116,113,116,0,7,13.5,météo favorable
2012-07-15,29,25,20,27,28,26,1.9,87,9.75,1018,48.125,34,24,26,116,200,119,0,7,13.3,météo correcte
2012-07-16,30,26,18,27,30,26,0.2,82,10,1017,27.75,34,24,26,116,113,113,0,6,13.5,météo idéale
2012-07-17,30,25,14,27,30,26,0.6,85,10,1018,25.375,35,23,26,113,113,116,0,7,13.5,météo favorable
2012-07-18,29,25,17,27,29,26,1.1,82,9.75,1018,33.5,32,23,26,116,113,116,0,7,13.5,météo favorable
2012-07-19,28,25,19,27,28,26,2.2,86,9.875,1018,51.25,32,24,26,116,116,116,0,7,13.5,météo favorable
2012-07-20,28,25,19,27,28,26,2.3,87,10,1016,60.125,33,24,26,116,119,119,0,6,12,météo correcte
2012-07-21,28,25,18,27,28,26,3,87,9.625,1017,39,33,25,26,200,113,113,0,6,13,météo favorable
2012-07-22,30,25,22,27,30,26,0.2,84,9.875,1019,38.5,35,24,26,116,113,116,0,6,13,météo favorable
2012-07-23,29,25,20,27,29,26,0.3,81,10,1018,28.75,33,24,26,116,113,113,0,6,11.6,météo idéale
2012-07-24,29,25,19,27,29,26,0.3,85,10,1018,32.125,34,24,27,116,113,113,0,7,11.6,météo favorable
2012-07-25,29,25,17,27,29,26,0.1,81,10,1017,25.75,33,24,27,116,113,113,0,7,11.6,météo idéale
2012-07-26,29,24,15,26,29,26,0.7,84,9.875,1017,32.5,33,24,26,113,116,116,0,7,11.6,météo favorable
2012-07-27,29,25,20,27,29,26,0.2,80,10,1017,21.25,32,23,26,116,113,113,0,7,11.6,météo idéale
2012-07-28,29,25,18,27,29,26,1.1,86,10,1017,39.75,34,24,26,116,113,116,0,7,11.6,météo favorable
2012-07-29,26,25,14,25,26,26,0,88,10,1015,42.875,30,24,26,116,116,116,0,7,11.6,météo favorable
2012-07-30,29,25,19,27,29,25,3,87,9.75,1015,42.5,33,24,26,116,116,116,0,7,10.3,météo favorable
2012-07-31,28,25,18,26,27,25,5.4,84,9.5,1017,52.625,31,24,26,116,116,116,0,6,11.6,météo favorable
2012-08-01,29,25,17,27,29,26,1.4,85,9.75,1016,41,34,24,27,116,116,116,0,1,11.6,météo favorable
2012-08-02,30,25,18,27,30,26,0.1,82,10,1017,20.25,34,24,26,113,113,113,0,1,11.6,météo idéale
2012-08-03,29,25,17,27,29,26,2.2,85,9.75,1015,36.5,33,23,26,116,116,116,0,1,11.6,météo favorable
2012-08-04,28,25,25,26,28,26,10.5,81,9.125,1018,39.75,32,24,27,116,116,113,0,1,11.6,météo correcte
2012-08-05,29,26,18,27,29,26,0.2,85,10,1018,40.5,33,24,26,116,116,116,0,1,11.6,météo favorable
2012-08-06,29,25,14,27,29,26,0.4,85,9.875,1017,34.75,33,24,26,113,176,116,0,1,11.6,météo favorable
2012-08-07,30,26,16,27,30,26,0.7,84,10,1016,53.25,35,24,27,116,113,116,0,1,8.9,météo favorable
2012-08-08,29,26,16,27,29,26,0.8,85,9.625,1016,43.5,33,24,26,116,116,176,0,1,11.6,météo favorable
2012-08-09,30,25,10,27,30,26,0.4,83,9.875,1015,18.375,36,24,27,113,113,113,0,1,11.6,météo favorable
2012-08-10,29,25,18,27,29,27,0.9,87,9.875,1016,24,34,25,27,113,113,116,0,1,11.6,météo idéale
2012-08-11,27,26,17,27,27,26,0.4,82,10,1016,52,30,24,27,116,116,119,0,1,10.3,météo favorable
2012-08-12,28,26,24,27,28,26,6.1,77,9.375,1016,47.625,32,24,26,116,356,116,0,1,11.6,météo correcte
2012-08-13,29,25,18,27,28,26,0.3,84,10,1016,26.375,33,24,26,116,113,116,0,1,11.6,météo idéale
2012-08-14,29,25,18,27,29,26,1.6,83,9.875,1016,25,33,24,26,116,113,113,0,1,11.6,météo idéale
2012-08-15,29,25,17,27,29,26,1.8,87,9.875,1017,26.5,33,24,26,113,113,116,0,1,11.6,météo idéale
2012-08-16,29,25,15,26,28,26,2.8,87,9.625,1016,35.5,33,24,26,116,113,113,0,1,11.6,météo favorable
2012-08-17,28,25,16,27,28,26,3.8,88,9.375,1016,28.125,33,24,26,116,116,116,0,1,11.6,météo favorable
2012-08-18,29,25,20,27,29,26,2.5,84,9.625,1017,31.75,34,25,27,116,113,116,0,1,11.6,météo favorable
2012-08-19,30,25,19,27,30,26,0.2,82,10,1018,31.25,34,24,27,119,113,113,0,1,11.6,météo favorable
2012-08-20,29,25,15,27,29,26,0.5,82,9.875,1018,32.375,34,24,26,116,119,113,0,1,10.3,météo correcte
2012-08-21,29,25,16,27,29,26,0.6,85,9.75,1016,43.625,33,24,26,116,113,116,0,1,11.6,météo favorable
2012-08-22,29,26,18,27,29,27,1.7,84,10,1015,55.25,35,25,27,119,116,116,0,1,11.6,météo correcte
2012-08-23,27,25,35,27,27,25,11.2,89,9.125,1010,79.75,31,24,25,119,122,119,0,1,6.2,météo défavorable
2012-08-24,27,25,28,26,25,25,10,90,9.25,1013,56.875,30,23,25,116,119,116,0,1,8.9,météo correcte
2012-08-25,29,24,18,26,29,26,0.2,79,10,1014,41.625,33,23,26,116,116,116,0,1,11.6,météo favorable
2012-08-26,29,25,14,26,28,25,0.1,84,10,1016,53.375,32,23,26,116,116,119,0,1,10.2,météo favorable
2012-08-27,29,24,17,26,29,25,0.3,80,10,1018,39,32,23,25,116,116,116,0,1,11.6,météo favorable
2012-08-28,29,25,18,27,29,26,0.4,83,9.875,1017,32,33,23,26,116,113,116,0,1,11.6,météo favorable
2012-08-29,29,25,15,27,29,26,0.2,80,10,1016,21.625,34,23,26,116,113,113,0,1,11.6,météo idéale
2012-08-30,29,25,14,26,29,25,1.2,85,9.875,1016,25,33,24,26,113,113,116,0,1,11.6,météo idéale
2012-08-31,29,25,14,26,29,26,0.3,83,10,1017,22.625,34,23,26,116,113,113,0,1,11.6,météo idéale
2012-09-01,29,24,9,26,29,25,1.2,86,9.875,1015,22.375,34,24,26,113,116,113,0,1,11.6,météo favorable
2012-09-02,29,24,9,26,29,25,0.1,86,10,1015,9.75,41,26,26,113,113,113,0,1,11.6,météo correcte
2012-09-03,29,24,8,26,29,26,0,86,10,1016,3.875,40,27,28,113,113,113,0,1,11.6,météo correcte
2012-09-04,26,24,4,26,26,26,0,87,10,1015,16.375,34,25,26,113,113,116,0,1,11.6,météo idéale
2012-09-05,26,24,4,26,26,25,0,86,10,1016,9,32,24,27,113,113,113,0,1,11.6,météo idéale
2012-09-06,30,24,7,27,30,26,0,85,10,1016,5.375,43,27,26,113,113,113,0,1,11.6,météo correcte
2012-09-07,30,24,8,27,30,25,0,84,10,1015,2.375,38,26,27,113,113,113,0,1,11.6,météo favorable
2012-09-08,30,23,8,27,30,26,0,85,10,1016,2.875,40,26,27,113,113,113,0,1,11.6,météo correcte
2012-09-09,30,24,14,27,30,26,0,80,10,1017,1.25,40,27,27,113,113,113,0,1,11.6,météo correcte
2012-09-10,30,24,11,27,30,26,0,78,10,1017,4.25,36,24,27,113,113,113,0,1,11.6,météo favorable
2012-09-11,30,24,14,27,30,26,0,82,10,1016,7,37,25,26,113,113,113,0,1,11.6,météo favorable
2012-09-12,30,25,13,27,30,26,0,78,10,1014,13,35,23,27,113,113,113,0,1,11.6,météo favorable
2012-09-13,29,25,12,27,28,26,2.7,85,9.75,1014,22.5,34,24,26,113,113,113,0,1,11.6,météo idéale
2012-09-14,29,25,12,27,29,26,1.9,85,9.75,1015,20.625,35,24,26,116,113,113,0,1,11.6,météo favorable
2012-09-15,29,25,10,27,29,26,3.9,84,9.625,1015,19.625,35,24,26,113,116,116,0,1,11.6,météo favorable
2012-09-16,30,25,11,27,30,26,0,82,10,1015,7.5,40,25,27,113,113,113,0,1,11.6,météo correcte
2012-09-17,30,25,14,27,29,26,1.2,84,9.875,1015,14.625,35,25,27,113,116,113,0,1,11.6,météo favorable
2012-09-18,28,26,13,27,28,26,4.1,88,9.5,1015,49.25,32,25,26,116,200,113,0,1,8.8,météo correcte
2012-09-19,29,26,17,27,29,26,4,86,9.625,1015,29.875,34,24,27,116,113,116,0,1,11.6,météo favorable
2012-09-20,28,25,13,27,28,26,2.5,86,9.75,1013,24,33,24,26,116,113,113,0,1,11.6,météo idéale
2012-09-21,29,25,9,27,29,26,2,80,9.75,1014,15.125,34,24,27,113,113,113,0,1,11.6,météo idéale
2012-09-22,29,25,15,27,29,27,2,83,9.75,1016,10.125,35,24,27,113,113,113,0,1,11.6,météo favorable
2012-09-23,30,26,19,27,30,27,0,82,10,1017,28.125,34,24,27,116,113,116,0,1,11.6,météo idéale
2012-09-24,29,26,18,27,29,26,1.6,83,9.875,1015,25.875,33,24,26,113,113,116,0,1,11.6,météo idéale
2012-09-25,29,25,13,26,28,26,1.9,85,9.875,1015,21.375,34,24,26,113,113,113,0,1,11.6,météo idéale
2012-09-26,29,25,11,27,28,26,6.1,84,9.625,1015,16.75,34,24,26,113,116,113,0,1,11.6,météo favorable
2012-09-27,29,25,12,26,28,26,6.4,83,9.375,1014,24.625,33,24,26,116,116,116,0,1,11.6,météo favorable
2012-09-28,29,24,9,26,29,25,2.6,84,9.75,1014,16.375,33,24,26,113,113,113,0,1,11.6,météo idéale
2012-09-29,29,25,14,27,29,26,0.3,84,10,1015,14.125,34,24,27,113,113,113,0,1,11.6,météo idéale
2012-09-30,29,25,13,27,29,26,1.4,86,9.75,1016,18.5,35,25,27,113,113,113,0,1,11.6,météo favorable
2012-10-01,29,25,16,27,29,26,2.6,87,9.875,1016,16.5,34,24,26,113,113,113,0,1,11.6,météo idéale
2012-10-02,30,25,19,27,30,26,1.5,82,9.625,1016,31.875,34,24,26,113,113,116,0,1,11.6,météo favorable
2012-10-03,30,25,19,27,30,26,0.9,80,9.75,1017,25.625,33,23,26,113,113,116,0,1,11.6,météo idéale
2012-10-04,29,25,15,27,29,25,1.6,85,9.875,1015,24.25,33,23,26,113,113,116,0,1,11.6,météo idéale
2012-10-05,29,24,7,26,28,25,2.8,81,9.625,1012,19.625,34,24,26,113,113,113,0,1,11.6,météo idéale
2012-10-06,29,23,5,26,29,25,3.8,83,9.625,1010,18.25,33,23,26,113,113,113,0,1,11.6,météo favorable
2012-10-07,29,24,9,26,29,26,2.3,83,9.875,1014,13.5,35,24,26,113,113,113,0,1,11.6,météo favorable
2012-10-08,29,25,10,27,29,26,13,84,8.5,1016,34.125,34,25,26,116,200,116,0,1,11.6,météo défavorable
2012-10-09,28,25,12,26,28,26,5.1,86,9.625,1015,19.375,34,24,26,116,113,113,0,1,11.6,météo favorable
2012-10-10,29,25,13,27,29,26,7,86,9.375,1014,18,34,24,26,113,113,113,0,1,11.6,météo favorable
2012-10-11,29,25,15,27,29,26,4,85,9.75,1013,27.5,33,25,26,116,113,113,0,1,11.6,météo favorable
2012-10-12,28,25,15,27,28,26,1.4,84,9.875,1012,39.75,33,24,26,116,113,116,0,1,11.6,météo favorable
2012-10-13,29,25,13,27,29,26,7.2,88,9.5,1010,46.875,36,25,26,116,113,113,0,1,10.2,météo favorable
2012-10-14,29,25,12,27,27,26,6.4,87,9.125,1008,34.75,35,25,26,116,116,116,0,1,11.6,météo favorable
2012-10-15,29,26,18,27,29,26,5.8,84,9.625,1008,28.75,34,24,27,116,116,116,0,1,11.6,météo favorable
2012-10-16,29,26,13,27,29,26,5.3,85,9.625,1010,24.875,36,25,27,116,113,113,0,1,11.6,météo favorable
2012-10-17,30,25,4,27,29,26,3.1,83,9.625,1013,31.625,36,25,26,113,116,116,0,1,11.6,météo favorable
2012-10-18,29,25,15,26,28,26,4.6,85,9.625,1013,23.75,34,24,26,113,116,116,0,1,11.6,météo favorable
2012-10-19,29,25,17,26,28,26,1.9,86,10,1013,33.625,33,24,26,116,116,116,0,1,11.6,météo favorable
2012-10-20,28,25,16,27,28,26,1.2,83,9.75,1013,28.75,32,23,26,116,116,113,0,1,8.7,météo favorable
2012-10-21,28,25,13,26,28,25,1.1,86,9.75,1013,31.25,32,23,26,116,116,113,0,1,8.7,météo favorable
2012-10-22,28,24,12,26,28,25,3.5,84,9.625,1011,21.625,32,24,26,113,116,113,0,1,8.7,météo favorable
2012-10-23,28,25,16,26,27,25,1.4,86,9.875,1011,43.875,31,24,26,116,116,116,0,1,8.7,météo favorable
2012-10-24,28,25,17,26,28,26,1,87,10,1011,55,32,24,26,116,116,119,0,1,8.7,météo correcte
2012-10-25,29,25,21,27,28,25,3,87,10,1011,52.875,33,24,26,116,116,116,0,1,8.7,météo favorable
2012-10-26,28,25,17,26,28,26,1.6,85,9.875,1011,42.25,32,24,26,116,116,113,0,1,8.7,météo favorable
2012-10-27,29,26,18,27,29,26,0.2,87,10,1010,18.5,34,24,26,113,113,113,0,1,8.7,météo idéale
2012-10-28,29,26,18,27,29,26,0.4,87,9.875,1010,24.875,35,25,26,116,113,113,0,1,8.7,météo favorable
2012-10-29,29,25,7,27,29,25,2.6,87,9.75,1012,24.5,35,25,26,116,113,113,0,1,8.7,météo favorable
2012-10-30,29,24,9,26,28,26,1.2,88,9.875,1015,11,36,25,27,113,113,113,0,1,8.7,météo favorable
2012-10-31,29,25,10,26,29,26,0.8,87,10,1015,10.625,35,25,26,113,113,113,0,1,8.7,météo favorable
2012-11-01,29,24,12,26,28,25,4.7,87,9.625,1015,17.75,34,25,25,113,113,176,0,1,8.7,météo favorable
2012-11-02,29,24,13,26,29,25,0.6,83,9.75,1014,23,33,23,26,116,113,116,0,1,8.7,météo idéale
2012-11-03,28,25,10,26,28,25,1.3,88,9.625,1015,34.75,32,24,25,116,113,116,0,1,8.7,météo favorable
2012-11-04,29,24,15,26,29,25,0,84,10,1014,28.125,32,23,26,116,113,116,0,1,8.7,météo idéale
2012-11-05,28,25,10,26,28,25,0,86,10,1014,31.625,33,24,26,116,113,116,0,1,8.7,météo favorable
2012-11-06,28,24,13,26,28,25,0.7,87,9.875,1014,26.125,32,24,26,113,116,116,0,1,8.7,météo favorable
2012-11-07,29,24,10,26,29,25,0.5,86,9.75,1013,20.125,34,24,26,113,113,113,0,1,8.7,météo idéale
2012-11-08,29,24,15,26,29,25,0,85,10,1015,14,33,24,26,113,113,113,0,1,8.7,météo idéale
2012-11-09,28,24,10,26,28,25,1.1,86,9.875,1014,25,34,24,26,113,113,116,0,1,8.7,météo idéale
2012-11-10,28,25,13,26,28,25,1.2,86,9.875,1014,29.125,33,24,25,116,113,113,0,1,8.7,météo idéale
2012-11-11,28,24,13,26,27,25,2.9,89,9.75,1013,39.25,32,24,25,116,116,116,0,1,8.7,météo favorable
2012-11-12,28,25,15,26,28,25,0.7,88,9.75,1014,35.75,33,24,25,200,200,116,0,1,8.7,météo correcte
2012-11-13,28,25,14,26,28,26,0,86,9.875,1013,55.25,32,24,26,116,200,122,0,1,8.7,météo correcte
2012-11-14,28,24,14,26,28,25,0.9,88,9.875,1014,45.625,32,24,26,116,119,116,0,1,7.2,météo correcte
2012-11-15,28,24,14,26,28,25,0.9,85,9.875,1013,40.5,32,24,26,116,116,113,0,1,8.7,météo favorable
2012-11-16,28,24,13,26,28,25,1.4,88,9.875,1013,27.75,33,24,26,113,116,113,0,1,8.7,météo favorable
2012-11-17,28,25,14,26,28,25,2.3,87,9.875,1014,43.125,32,24,26,116,116,116,0,1,8.7,météo favorable
2012-11-18,28,25,10,26,28,25,1.2,87,9.875,1015,26,33,24,26,116,116,113,0,1,8.7,météo favorable
2012-11-19,28,24,8,26,28,24,2.7,86,9.75,1014,21.75,33,24,25,113,113,113,0,1,8.7,météo idéale
2012-11-20,28,24,7,25,27,24,3.5,88,9.625,1012,27,33,24,25,113,113,116,0,1,8.7,météo favorable
2012-11-21,28,24,3,25,28,24,1.4,86,9.875,1012,30.625,34,24,25,113,113,116,0,1,8.7,météo favorable
2012-11-22,28,23,5,25,27,24,0.5,87,9.875,1013,25.25,33,24,25,113,116,113,0,1,8.7,météo favorable
2012-11-23,28,23,8,25,28,24,1.1,89,9.875,1014,24.375,33,24,24,113,113,116,0,1,8.7,météo idéale
2012-11-24,28,23,12,24,28,25,0.3,85,10,1015,26.75,33,23,25,113,113,116,0,1,8.7,météo idéale
2012-11-25,28,24,15,25,28,25,1,86,9.75,1016,36,31,23,25,116,113,116,0,1,8.7,météo favorable
2012-11-26,27,24,16,25,27,25,0.8,87,10,1018,59.75,31,23,25,119,119,119,0,1,7.2,météo correcte
2012-11-27,28,24,10,26,28,25,0.5,87,9.875,1017,39.875,33,24,25,116,113,116,0,1,8.7,météo favorable
2012-11-28,28,24,13,25,27,25,1.1,87,9.875,1016,33.375,31,24,25,116,113,116,0,1,8.7,météo favorable
2012-11-29,28,24,14,25,28,25,2.2,85,9.75,1016,28.125,31,23,25,113,113,116,0,1,8.7,météo idéale
2012-11-30,28,23,9,25,28,24,0.2,85,10,1015,28,32,22,25,116,113,116,0,1,8.7,météo idéale
2012-12-01,27,23,9,25,26,23,7.4,85,9.5,1015,38.375,30,23,24,113,113,119,0,1,8.7,météo favorable
2012-12-02,27,23,4,25,26,23,5.4,85,9.5,1013,37.125,31,23,24,116,113,116,0,1,8.7,météo favorable
2012-12-03,27,23,9,24,26,23,3.1,88,9.5,1013,31.25,30,23,23,113,113,119,0,1,8.7,météo favorable
2012-12-04,27,23,19,24,27,24,0.5,82,9.875,1015,39.75,29,22,24,116,113,113,0,1,8.7,météo favorable
2012-12-05,27,23,15,25,27,24,0.3,85,9.875,1015,28.625,29,21,24,113,113,116,0,1,8.7,météo idéale
2012-12-06,27,23,18,24,27,24,0.3,83,10,1014,41.25,29,21,24,116,113,116,0,1,8.7,météo favorable
2012-12-07,26,23,18,24,26,24,0,74,10,1014,38.5,28,21,24,113,116,116,0,1,8.7,météo favorable
2012-12-08,28,24,19,25,28,24,1.2,88,10,1016,58.75,31,23,24,119,116,116,0,1,7.2,météo correcte
2012-12-09,28,24,17,25,28,24,0.2,85,10,1017,35.875,30,22,24,116,113,116,0,1,8.7,météo favorable
2012-12-10,27,24,22,25,27,24,0.2,80,10,1016,36.5,29,22,24,116,113,116,0,1,8.7,météo favorable
2012-12-11,27,23,22,24,27,24,1,84,9.875,1016,52,29,22,24,116,116,119,0,1,7.2,météo favorable
2012-12-12,28,25,20,25,28,25,0.3,81,10,1017,40.625,30,22,25,116,113,119,0,1,8.7,météo favorable
2012-12-13,26,24,14,24,26,24,1.3,88,9.875,1015,43,29,22,24,116,116,116,0,1,8.7,météo favorable
2012-12-14,27,23,14,24,27,24,0.2,84,9.875,1014,24.75,30,22,24,116,113,116,0,1,8.7,météo idéale
2012-12-15,26,23,9,24,26,23,0.5,82,9.875,1014,27.875,29,21,24,116,116,113,0,1,8.7,météo favorable
2012-12-16,27,22,11,23,27,23,0.4,81,9.875,1015,22.75,29,21,24,113,116,113,0,1,8.7,météo favorable
2012-12-17,27,22,15,24,27,24,0,82,10,1015,17.875,30,21,24,116,113,113,0,1,8.7,météo idéale
2012-12-18,27,22,15,24,27,24,0.2,84,9.875,1016,24.625,30,22,24,113,113,116,0,1,8.7,météo idéale
2012-12-19,27,23,12,24,27,23,0.2,84,9.875,1015,26.5,31,22,24,116,113,116,0,1,8.7,météo idéale
2012-12-20,26,23,15,24,26,23,0.3,85,9.875,1016,38,28,21,24,116,116,116,0,1,8.7,météo favorable
2012-12-21,26,22,14,23,26,23,0.9,88,9.875,1015,47.125,28,22,23,116,116,116,0,1,8.7,météo favorable
2012-12-22,26,22,15,23,26,23,0.6,83,9.875,1015,37.375,28,21,24,116,116,116,0,1,8.7,météo favorable
2012-12-23,27,22,16,23,27,23,0.2,79,9.875,1016,27,28,21,23,116,113,113,0,1,8.7,météo idéale
2012-12-24,27,22,19,24,27,24,0.2,83,10,1016,35.5,29,21,24,113,116,119,0,1,8.7,météo favorable
2012-12-25,27,23,15,24,26,24,0.9,90,10,1015,43.25,29,23,24,116,116,116,0,1,8.7,météo favorable
2012-12-26,27,23,17,24,27,24,0.1,87,10,1017,42.5,30,22,24,116,116,116,0,1,8.7,météo favorable
2012-12-27,26,23,14,24,26,24,1.7,89,9.75,1016,44.125,29,23,24,116,116,116,0,1,8.7,météo favorable
2012-12-28,27,23,18,24,27,24,0.5,86,9.75,1017,41.875,29,22,24,116,116,116,0,1,8.7,météo favorable
2012-12-29,27,23,19,24,27,23,0.2,84,10,1017,36.375,29,21,24,116,113,116,0,1,8.7,météo favorable
2012-12-30,27,22,9,23,27,24,0.2,81,10,1018,30.5,30,21,24,113,113,122,0,1,10.1,météo favorable
2012-12-31,26,22,12,23,26,23,0.2,87,9.875,1019,20.625,29,21,23,113,113,116,0,1,11.4,météo idéale
2013-01-01,27,23,17,24,27,23,0.3,81,10,1018,28.75,29,21,24,116,116,113,0,1,11.4,météo favorable
2013-01-02,27,23,18,24,27,23,0.1,74,10,1017,18.125,28,20,24,116,113,113,0,1,11.5,météo idéale
2013-01-03,26,22,17,24,26,24,0.6,86,9.875,1018,57.25,29,22,24,116,116,119,0,1,10.1,météo correcte
2013-01-04,27,23,18,24,27,24,0.4,87,9.875,1021,42.125,29,22,24,116,113,116,0,1,11.5,météo favorable
2013-01-05,27,23,21,24,27,24,0.9,83,9.75,1021,47.25,29,21,24,119,116,116,0,1,11.5,météo favorable
2013-01-06,27,24,23,24,27,24,0.4,83,10,1019,58.25,29,21,24,119,116,119,0,1,10.1,météo correcte
2013-01-07,27,24,25,24,27,24,0.2,80,10,1019,40.25,29,22,24,119,113,116,0,1,11.5,météo favorable
2013-01-08,27,23,26,24,27,24,0.3,86,10,1020,52.75,29,21,24,116,116,116,0,1,10.1,météo favorable
2013-01-09,27,23,26,24,27,24,0.1,79,10,1021,41.75,28,21,24,116,113,116,0,1,11.5,météo favorable
2013-01-10,26,23,23,24,26,23,0.5,83,10,1020,52.625,28,20,23,116,116,119,0,1,10.1,météo favorable
2013-01-11,26,22,17,23,26,22,0.8,83,9.75,1018,39.25,27,20,22,116,113,116,0,1,11.5,météo favorable
2013-01-12,27,22,14,23,27,22,1.1,88,10,1015,39.125,29,21,23,113,113,116,0,1,11.5,météo favorable
2013-01-13,26,21,14,22,26,22,0.1,78,10,1016,19,29,20,22,113,113,113,0,1,11.1,météo idéale
2013-01-14,25,21,13,22,25,22,0.5,79,9.875,1017,19.125,27,19,22,113,113,116,0,1,11.1,météo idéale
2013-01-15,26,21,18,23,26,23,0.4,85,9.875,1016,32.875,28,20,23,116,113,116,0,1,11.1,météo favorable
2013-01-16,25,22,18,22,25,23,0.3,80,10,1017,32.625,27,20,23,116,116,113,0,1,10.1,météo favorable
2013-01-17,26,22,18,23,26,23,0.1,80,10,1017,19.25,28,20,23,116,113,113,0,1,11.1,météo idéale
2013-01-18,26,22,13,23,26,23,0.5,80,9.875,1018,32.125,28,21,23,116,113,116,0,1,11.1,météo favorable
2013-01-19,26,22,17,23,26,23,0.4,86,9.875,1018,25.5,28,21,23,116,116,116,0,1,11.1,météo favorable
2013-01-20,26,22,16,23,26,23,0.1,81,10,1017,28.75,28,21,23,116,116,113,0,1,11.1,météo favorable
2013-01-21,26,22,15,23,26,23,0.3,84,9.875,1017,16.625,29,21,24,116,113,113,0,1,11.1,météo idéale
2013-01-22,27,22,17,23,27,24,0.2,85,9.875,1017,19.125,29,21,24,113,113,113,0,1,11.1,météo idéale
2013-01-23,27,23,15,24,27,24,0.3,86,9.875,1019,15.75,30,22,24,113,113,113,0,1,11.1,météo idéale
2013-01-24,27,22,16,23,27,23,0,80,10,1019,14.25,29,21,24,113,113,113,0,1,11.2,météo idéale
2013-01-25,27,22,15,23,27,23,0.1,83,10,1018,23.25,29,21,24,113,113,116,0,1,11.6,météo idéale
2013-01-26,25,23,15,23,25,24,0.9,86,9.75,1019,37.375,28,22,24,113,116,116,0,1,11.6,météo favorable
2013-01-27,27,23,15,24,27,24,0.4,85,9.875,1020,27.25,29,22,24,116,113,113,0,1,11.6,météo idéale
2013-01-28,26,23,18,23,26,23,0.7,86,9.875,1021,32.125,28,21,23,116,113,116,0,1,11.6,météo favorable
2013-01-29,25,22,15,23,25,23,0.7,87,9.75,1019,39.125,27,21,23,116,116,116,0,1,11.6,météo favorable
2013-01-30,26,22,20,23,26,22,0.4,87,9.875,1019,42.625,28,20,23,116,116,116,0,1,11.6,météo favorable
2013-01-31,26,22,17,23,26,23,1.4,88,9.875,1018,55,28,21,23,116,116,353,0,1,10.2,météo correcte
2013-02-01,25,22,15,23,25,23,0.3,83,10,1018,60.25,27,21,23,116,119,116,0,1,7.3,météo correcte
2013-02-02,26,21,14,22,26,22,0,76,10,1018,3.75,29,20,24,113,113,113,0,1,11.6,météo idéale
2013-02-03,26,22,18,23,26,23,0,76,10,1016,16.25,28,20,23,113,113,113,0,1,11.6,météo idéale
2013-02-04,26,21,16,23,26,22,0.2,74,10,1016,6.125,28,21,23,113,113,113,0,1,11.6,météo idéale
2013-02-05,26,21,16,23,26,22,0.4,83,9.875,1018,18.5,27,21,22,113,116,113,0,1,11.6,météo favorable
2013-02-06,26,21,18,23,26,23,0.2,85,9.875,1017,32.25,28,20,23,113,119,113,0,1,10.2,météo correcte
2013-02-07,27,21,15,23,27,23,0.3,84,10,1015,22.625,29,21,23,113,113,116,0,1,11.6,météo idéale
2013-02-08,26,22,18,23,26,23,1.1,82,9.625,1017,23.375,28,21,24,116,113,113,0,1,11.6,météo idéale
2013-02-09,27,22,17,23,27,23,0.5,84,9.875,1017,19.375,28,21,23,116,113,113,0,1,11.6,météo idéale
2013-02-10,26,22,16,23,26,23,0.2,83,10,1019,24.625,28,20,23,116,113,116,0,1,11.6,météo idéale
2013-02-11,25,22,18,23,25,22,2.5,89,10,1020,60.875,27,20,22,116,116,119,0,1,10.2,météo correcte
2013-02-12,26,21,18,22,26,22,0,79,10,1019,10.125,27,19,22,113,113,113,0,1,11.6,météo idéale
2013-02-13,26,21,15,23,26,23,0,81,10,1018,12.875,28,20,23,113,113,113,0,1,11.6,météo idéale
2013-02-14,27,22,18,23,27,23,0.4,86,9.875,1019,38.375,28,21,23,116,116,116,0,1,11.6,météo favorable
2013-02-15,27,23,18,24,27,23,0.1,81,10,1019,28.75,28,21,24,116,113,113,0,1,11.6,météo idéale
2013-02-16,27,22,21,23,27,23,0.2,82,10,1017,27.5,29,21,24,116,113,113,0,1,11.6,météo idéale
2013-02-17,26,22,15,23,26,23,0.4,82,9.75,1018,15,29,21,24,113,113,113,0,1,11.6,météo idéale
2013-02-18,27,22,19,23,27,23,0.1,83,10,1019,21,28,21,23,113,113,116,0,1,11.6,météo idéale
2013-02-19,26,23,21,23,26,23,0.2,82,9.875,1019,26.5,28,20,23,113,113,116,0,1,11.6,météo idéale
2013-02-20,26,22,18,23,26,23,0.3,84,10,1018,37.75,28,20,23,116,113,116,0,1,11.6,météo favorable
2013-02-21,27,22,19,23,27,23,0.2,83,10,1018,29.375,29,21,24,116,113,116,0,1,11.6,météo idéale
2013-02-22,27,22,15,23,27,23,0.5,85,9.875,1018,29.5,29,21,23,113,116,116,0,1,11.6,météo favorable
2013-02-23,26,22,20,23,26,23,0.2,79,9.875,1017,27.25,28,21,23,119,113,113,0,1,11.6,météo idéale
2013-02-24,26,22,16,23,26,23,0.2,84,10,1017,38,28,20,23,119,113,116,0,1,10.2,météo favorable
2013-02-25,27,22,17,23,27,23,0.1,85,10,1016,29,29,21,23,116,113,116,0,1,11.6,météo idéale
2013-02-26,27,23,18,24,27,23,0.3,87,10,1017,40.875,29,21,23,116,113,116,0,1,11.6,météo favorable
2013-02-27,27,23,15,24,27,23,0.2,85,10,1018,27.5,30,21,24,116,113,113,0,1,11.6,météo idéale
2013-02-28,27,22,15,23,27,23,0,87,10,1016,13.875,30,22,24,113,113,113,0,1,11.6,météo idéale
2013-03-01,27,21,10,23,27,23,0,80,10,1015,11.25,34,22,24,113,113,113,0,1,11.6,météo idéale
2013-03-02,27,21,12,23,27,23,0,78,10,1015,1.625,31,23,23,113,113,113,0,1,11.6,météo idéale
2013-03-03,27,21,10,23,27,24,0.2,87,10,1016,27.375,30,23,24,113,116,116,0,1,10.2,météo favorable
2013-03-04,28,22,13,24,28,23,1.5,89,9.375,1018,36.875,33,23,23,113,113,119,0,1,8.8,météo favorable
2013-03-05,25,22,15,23,25,22,0.7,83,10,1018,52.375,27,21,23,116,119,116,0,1,8.8,météo correcte
2013-03-06,26,21,12,23,26,23,0.5,85,9.875,1018,33.875,28,21,23,116,113,113,0,1,11.6,météo favorable
2013-03-07,27,22,8,24,27,23,2.7,85,9.875,1018,36,31,22,24,113,113,119,0,1,10.2,météo favorable
2013-03-08,27,22,6,23,27,22,1.8,83,9.875,1018,32.375,29,21,23,116,116,116,0,1,10.2,météo favorable
2013-03-09,27,21,9,23,27,22,0.8,85,10,1017,22.625,30,21,22,113,116,116,0,1,11.6,météo favorable
2013-03-10,26,21,10,22,26,22,0.2,81,10,1016,49.25,28,19,22,119,122,116,0,1,8.8,météo correcte
2013-03-11,25,20,13,22,25,22,0.1,76,10,1016,20.25,27,19,22,113,119,113,0,1,10.2,météo correcte
2013-03-12,26,21,18,22,26,22,0.1,76,10,1017,18.875,27,18,22,113,113,113,0,1,11.6,météo idéale
2013-03-13,26,21,17,23,26,22,0.1,76,10,1016,22.25,27,18,22,116,113,113,0,1,11.6,météo idéale
2013-03-14,26,21,14,23,26,22,0,72,10,1016,25.75,27,18,23,116,113,113,0,1,11.6,météo idéale
2013-03-15,26,21,9,23,26,23,0,72,10,1016,23,28,18,23,113,116,116,0,1,11.6,météo favorable
2013-03-16,26,21,13,23,26,22,0.5,83,9.875,1017,29.75,28,20,23,116,116,116,0,1,11.6,météo favorable
2013-03-17,26,21,20,23,26,23,0.4,82,9.75,1019,37.5,28,20,23,116,113,116,0,1,11.6,météo favorable
2013-03-18,26,22,21,24,26,23,0.3,84,9.875,1019,36.75,28,20,23,116,113,116,0,1,11.6,météo favorable
2013-03-19,27,22,18,23,27,23,0.5,82,9.875,1016,34,28,21,24,116,113,113,0,1,11.6,météo favorable
2013-03-20,27,22,15,24,27,24,0.5,84,9.75,1015,22.375,29,21,24,116,113,116,0,1,11.6,météo idéale
2013-03-21,27,23,13,24,27,24,1.6,88,9.75,1015,30.875,30,22,25,116,113,113,0,1,11.6,météo favorable
2013-03-22,27,23,10,24,27,24,1.7,87,9.625,1016,13.625,31,23,25,113,113,113,0,1,11.6,météo idéale
2013-03-23,27,23,17,24,27,24,2,89,9.75,1018,17.625,30,22,24,116,113,113,0,1,11.6,météo idéale
2013-03-24,27,23,21,24,27,24,0.2,85,9.875,1016,23.25,30,22,24,116,113,113,0,1,11.6,météo idéale
2013-03-25,27,23,18,24,27,24,0.2,89,10,1015,29.625,30,22,24,116,113,116,0,1,11.6,météo idéale
2013-03-26,28,23,14,25,28,24,0.1,86,10,1017,16.25,31,23,25,113,113,113,0,1,11.6,météo idéale
2013-03-27,28,22,10,24,28,24,0,87,10,1017,7,36,24,26,113,113,113,0,1,11.6,météo favorable
2013-03-28,28,22,12,24,28,24,0.7,86,9.875,1017,20.125,35,23,24,113,113,116,0,1,11.6,météo favorable
2013-03-29,26,22,19,24,25,22,2.3,90,9.875,1019,56.5,30,22,23,116,116,119,0,1,8.8,météo correcte
2013-03-30,26,22,19,23,25,23,1.6,87,10,1019,69.75,27,21,23,119,119,119,0,1,7.5,météo défavorable
2013-03-31,24,23,17,23,24,23,5.1,90,9.625,1020,67.125,27,21,23,119,116,116,0,1,8.8,météo défavorable
2013-04-01,27,23,24,25,27,24,1.4,87,10,1019,48.125,29,22,24,116,116,353,0,1,10.2,météo favorable
2013-04-02,27,23,20,25,27,24,0.8,86,9.625,1018,34,30,22,25,116,113,113,0,1,11.6,météo favorable
2013-04-03,28,23,15,25,28,24,0.6,86,10,1018,22.75,31,22,24,116,113,113,0,1,11.6,météo idéale
2013-04-04,27,23,21,24,27,24,0.8,85,9.75,1019,36.875,30,22,24,116,113,116,0,1,11.6,météo favorable
2013-04-05,27,23,18,24,27,24,1.4,85,9.875,1018,54,29,22,24,119,116,116,0,1,10.2,météo favorable
2013-04-06,28,23,19,25,28,24,0.2,86,10,1017,24.5,30,22,25,116,113,113,0,1,11.6,météo idéale
2013-04-07,28,23,13,24,28,24,0.5,85,9.875,1017,23.75,31,22,25,113,116,113,0,1,11.6,météo favorable
2013-04-08,28,23,20,25,28,24,0.5,85,9.875,1017,30.875,30,22,24,116,113,116,0,1,11.6,météo favorable
2013-04-09,27,23,19,25,27,24,0.3,86,10,1017,28.375,30,22,24,116,113,116,0,1,11.6,météo idéale
2013-04-10,27,23,18,25,27,24,1.1,83,9.75,1017,35.375,29,22,24,116,113,116,0,1,11.6,météo favorable
2013-04-11,27,23,20,25,27,24,0,79,10,1016,27.25,29,21,24,116,113,116,0,1,11.6,météo idéale
2013-04-12,27,23,19,25,27,24,1.1,86,9.75,1017,37.5,29,22,24,116,113,116,0,1,11.6,météo favorable
2013-04-13,28,24,19,25,28,24,0.2,85,10,1016,37.625,30,22,24,116,113,116,0,1,11.6,météo favorable
2013-04-14,27,24,21,25,27,24,1.5,84,10,1016,39.125,29,22,24,116,113,113,0,1,11.6,météo favorable
2013-04-15,27,23,19,25,27,24,1.3,86,9.75,1017,39.75,30,22,24,116,113,116,0,1,11.6,météo favorable
2013-04-16,27,23,16,25,27,23,2,89,9.75,1017,30.125,30,22,24,116,113,116,0,1,11.6,météo favorable
2013-04-17,26,22,17,24,26,23,3.9,88,9.75,1016,41.375,29,22,23,116,116,116,0,1,11.6,météo favorable
2013-04-18,26,23,23,24,26,23,2.4,86,9.75,1017,43.25,28,21,24,116,113,116,0,1,11.6,météo favorable
2013-04-19,26,23,22,24,26,23,1.9,86,9.875,1018,53,28,21,23,116,116,116,0,1,11.6,météo favorable
2013-04-20,25,23,22,24,25,23,4.2,86,10,1017,58.625,28,22,23,116,116,116,0,1,11.6,météo correcte
2013-04-21,26,22,22,24,26,23,0.6,80,9.75,1017,37.875,28,21,23,116,116,113,0,1,11.6,météo favorable
2013-04-22,27,22,17,24,27,23,0.3,81,9.875,1017,16.125,28,20,23,113,113,116,0,1,11.6,météo idéale
2013-04-23,27,22,20,24,27,23,1.4,86,9.75,1016,29.625,29,21,23,116,113,116,0,1,11.6,météo idéale
2013-04-24,26,23,13,24,26,23,5,86,9.375,1016,25,29,22,24,116,113,113,0,1,11.6,météo favorable
2013-04-25,27,22,11,24,26,23,2.1,87,9.75,1017,26.125,30,22,24,113,113,116,0,1,11.6,météo idéale
2013-04-26,28,22,9,24,28,23,1.2,87,9.875,1017,21,32,22,24,113,113,113,0,1,11.6,météo idéale
2013-04-27,27,22,10,24,26,23,2.8,88,9.625,1015,27.875,30,22,23,113,116,116,0,1,12.5,météo favorable
2013-04-28,26,22,15,24,26,23,2.5,87,9.625,1015,28.375,29,22,24,116,113,116,0,1,12.5,météo idéale
2013-04-29,27,23,15,24,26,24,2.4,89,9.75,1016,29.75,30,22,24,116,113,116,0,1,12.9,météo idéale
2013-04-30,27,23,17,25,27,24,0.9,88,9.75,1016,45.75,30,23,24,116,113,116,0,1,12.9,météo favorable
2013-05-01,27,23,20,25,27,24,1.1,87,9.875,1015,43,30,22,24,116,116,116,0,1,12.9,météo favorable
2013-05-02,27,23,8,25,27,24,1.1,88,9.625,1014,26,31,24,25,113,113,116,0,1,12.9,météo idéale
2013-05-03,28,22,7,25,28,25,0.3,88,10,1013,10.75,38,25,25,113,113,113,0,1,12.9,météo favorable
2013-05-04,28,23,10,25,27,25,1.5,85,9.875,1011,24.625,32,24,26,113,116,113,0,1,12.9,météo favorable
2013-05-05,28,24,8,26,28,25,3.4,87,9.375,1014,27.375,33,24,25,116,116,116,0,1,12.9,météo favorable
2013-05-06,29,24,5,26,28,25,7.3,87,9.5,1016,18.75,35,25,26,113,113,113,0,1,12.9,météo favorable
2013-05-07,28,24,11,26,27,25,5.5,91,9.5,1018,47,32,25,25,113,116,122,0,1,12.9,météo favorable
2013-05-08,28,24,14,26,27,25,2.8,91,9.625,1020,53.125,32,24,25,116,119,116,0,1,11.9,météo correcte
2013-05-09,27,24,15,25,27,25,2,87,9.75,1019,47.5,31,23,25,116,116,119,0,1,13,météo favorable
2013-05-10,27,23,14,25,27,24,2.5,87,9.625,1018,45.125,31,23,25,116,116,119,0,1,13,météo favorable
2013-05-11,27,23,5,25,27,24,3.5,86,9.75,1017,18.75,32,24,25,113,113,116,0,1,13,météo favorable
2013-05-12,28,23,6,25,27,24,2.2,86,9.875,1016,23.875,33,24,25,116,113,116,0,1,13,météo idéale
2013-05-13,28,23,13,26,28,25,9.1,89,9,1016,19.375,32,24,25,113,113,113,0,1,13,météo correcte
2013-05-14,28,24,13,25,27,25,3.9,90,9.75,1017,38.375,32,24,25,200,116,200,0,1,13,météo favorable
2013-05-15,27,24,12,26,27,24,4.7,88,9.375,1017,36.5,30,23,25,116,116,116,0,1,13,météo favorable
2013-05-16,28,24,13,25,27,25,3.4,88,9.75,1016,23,31,23,25,113,116,113,0,1,13,météo favorable
2013-05-17,28,24,14,25,27,25,2,88,10,1018,33.375,31,23,25,116,113,116,0,1,13,météo favorable
2013-05-18,28,23,14,25,28,24,1.8,89,9.875,1018,43.75,31,23,24,116,119,116,0,1,13,météo correcte
2013-05-19,28,24,15,26,27,25,1.3,87,9.875,1017,40.375,31,23,25,116,113,116,0,1,13,météo favorable
2013-05-20,28,24,18,26,28,25,0.7,85,9.75,1017,49.75,31,23,25,119,113,116,0,1,13,météo favorable
2013-05-21,26,24,17,25,26,24,4.1,89,10,1016,62.375,29,23,24,119,116,116,0,1,12,météo correcte
2013-05-22,26,24,19,25,26,24,8.8,89,8.625,1016,68.75,29,23,24,119,116,122,0,1,10.7,météo défavorable
2013-05-23,27,24,19,25,27,25,1.1,85,9.375,1017,55.75,30,22,25,116,116,116,0,1,13,météo correcte
2013-05-24,27,24,18,25,27,25,4.7,88,9.625,1017,41.875,30,23,25,116,116,113,0,1,13.1,météo favorable
2013-05-25,27,24,16,25,27,25,4.6,90,9.875,1017,40.125,31,24,25,116,200,116,0,1,13.1,météo correcte
2013-05-26,27,24,17,26,27,25,3.3,87,9.625,1017,34.5,31,24,25,113,113,116,0,1,13.1,météo favorable
2013-05-27,27,24,18,26,27,25,3.6,88,9.625,1017,49.5,31,24,25,119,116,116,0,1,13.1,météo favorable
2013-05-28,28,24,18,26,28,25,1.8,89,9.75,1017,52.625,32,24,25,200,113,119,0,1,13.1,météo favorable
2013-05-29,28,24,20,26,28,25,0.7,90,10,1017,60.875,32,23,25,119,116,116,0,1,13.1,météo correcte
2013-05-30,28,24,19,26,27,25,0.8,89,9.875,1018,54.5,31,24,25,119,116,116,0,1,13.1,météo favorable
2013-05-31,27,24,18,26,27,25,1.9,87,9.875,1018,56.5,31,23,25,116,116,119,0,1,12,météo correcte
2013-06-01,28,24,18,26,27,25,1.3,88,9.75,1018,47.5,31,23,25,116,116,116,0,1,13.1,météo favorable
2013-06-02,28,24,18,25,28,25,1.4,87,9.75,1018,45.5,31,23,25,119,116,116,0,1,13.1,météo favorable
2013-06-03,28,24,19,26,28,25,1.3,89,9.875,1017,54.5,31,24,25,116,116,119,0,1,12,météo favorable
2013-06-04,27,25,18,26,27,25,1.8,95,9.25,1017,70.375,31,25,26,200,122,122,0,1,9.5,météo défavorable
2013-06-05,28,25,19,26,28,25,0.6,89,9.75,1017,47.125,32,24,25,116,113,116,0,1,13.1,météo favorable
2013-06-06,28,24,19,26,28,25,1.6,85,9.875,1016,35.625,31,23,25,116,116,113,0,1,13.1,météo favorable
2013-06-07,27,23,19,25,27,25,1.4,86,9.75,1017,29.625,30,22,25,116,113,116,0,1,13.5,météo idéale
2013-06-08,28,24,12,26,28,25,0.9,89,9.75,1017,32,32,23,25,116,113,113,0,1,13.5,météo favorable
2013-06-09,29,24,19,26,29,25,0.4,88,9.875,1017,41.125,32,24,26,116,113,116,0,1,13.5,météo favorable
2013-06-10,28,25,18,26,28,25,1.5,88,9.875,1017,58.875,32,24,25,119,116,119,0,1,12.1,météo correcte
2013-06-11,27,25,18,26,27,25,1.2,89,9.875,1018,54.125,31,24,25,119,116,116,0,1,13.3,météo favorable
2013-06-12,28,24,15,26,28,26,0.9,89,9.75,1018,51,32,24,26,116,116,116,0,1,13.3,météo favorable
2013-06-13,29,25,20,26,29,25,1,90,9.875,1017,51.75,33,24,25,116,116,119,0,1,13.3,météo favorable
2013-06-14,29,25,21,26,29,26,1.3,89,9.875,1016,46.875,34,24,26,116,113,116,0,1,13.5,météo favorable
2013-06-15,28,25,17,26,28,26,2.9,93,10,1018,54,33,25,26,119,116,116,0,1,13.3,météo favorable
2013-06-16,29,25,20,26,29,26,0.2,89,10,1017,36,33,25,26,116,116,116,0,1,13.5,météo favorable
2013-06-17,29,25,18,26,29,25,0.5,89,9.875,1018,51.375,32,24,26,119,116,116,0,1,13.3,météo favorable
2013-06-18,28,25,21,26,28,25,0.6,89,10,1018,45.25,32,24,25,119,113,116,0,1,13.3,météo favorable
2013-06-19,27,24,19,26,27,24,4.7,87,8.625,1016,46.25,30,23,24,200,116,116,0,1,13.5,météo favorable
2013-06-20,28,24,25,26,28,25,0.4,88,9.75,1017,45.625,32,24,25,119,113,116,0,1,13.3,météo favorable
2013-06-21,28,25,19,26,28,25,0.6,86,9.75,1017,48.625,31,23,25,116,113,116,0,1,13.3,météo favorable
2013-06-22,27,24,17,25,26,25,0.8,88,9.75,1017,49.75,29,23,25,116,116,116,0,1,13.5,météo favorable
2013-06-23,27,24,15,25,27,25,2.3,89,9.75,1017,47.625,31,24,25,116,116,116,0,1,13.5,météo favorable
2013-06-24,28,24,14,26,28,25,2.5,90,9.875,1018,53.25,32,24,25,119,116,116,0,1,13.3,météo favorable
2013-06-25,28,25,14,26,28,25,2.6,88,9.875,1017,54.25,32,24,25,119,116,116,0,1,13.3,météo favorable
2013-06-26,28,24,15,25,27,25,2.3,89,10,1017,56.25,32,23,25,116,116,116,0,1,12.1,météo correcte
2013-06-27,27,25,16,26,27,25,3.3,88,9.625,1016,52,31,25,25,200,116,116,0,1,13.3,météo favorable
2013-06-28,29,24,17,26,29,26,0.4,88,9.875,1016,42.375,32,24,26,116,116,116,0,1,13.5,météo favorable
2013-06-29,28,25,19,26,28,25,0.7,87,9.75,1016,45.375,32,24,25,116,113,116,0,1,13.3,météo favorable
2013-06-30,27,25,17,26,27,25,7.2,85,9.125,1016,44.125,31,24,25,116,200,356,0,1,13.5,météo correcte
2013-07-01,28,24,18,26,28,26,2,88,9.75,1018,40.375,33,24,26,119,113,116,0,1,13.3,météo favorable
2013-07-02,28,24,19,25,28,25,1.6,87,9.625,1019,41.25,31,24,25,113,113,116,0,1,13.5,météo favorable
2013-07-03,28,24,18,26,28,25,1.1,89,9.75,1017,43.5,32,23,25,116,116,116,0,1,13.5,météo favorable
2013-07-04,28,24,21,26,28,26,1.5,89,9.75,1018,45.625,32,24,26,119,113,116,0,1,13.3,météo favorable
2013-07-05,29,24,17,26,29,25,0.6,87,9.875,1018,35.75,33,23,25,116,113,116,0,1,13.5,météo favorable
2013-07-06,28,24,18,26,28,24,6.1,90,9.375,1016,42.5,31,23,25,119,116,113,0,1,13.3,météo favorable
2013-07-07,28,24,16,26,27,25,2.2,91,9.75,1016,50.25,32,24,25,116,116,200,0,1,13.3,météo favorable
2013-07-08,29,25,21,26,29,26,0.8,89,9.5,1018,55.875,34,24,26,119,116,116,0,1,13.3,météo correcte
2013-07-09,29,25,26,26,29,26,2.5,90,9.75,1018,52.875,34,24,26,119,113,116,0,1,13.3,météo favorable
2013-07-10,28,25,21,26,28,26,1.4,89,10,1018,61.5,33,24,26,116,116,116,0,1,10.9,météo correcte
2013-07-11,28,25,15,26,28,26,0.3,87,10,1018,55,33,24,26,116,119,116,0,1,13.3,météo correcte
2013-07-12,29,24,11,26,29,25,1.5,86,9.625,1016,27,33,23,25,116,113,116,0,1,13.5,météo idéale
2013-07-13,28,24,10,25,27,25,3.2,83,9.625,1015,23.875,32,23,25,116,113,116,0,1,13.5,météo favorable
2013-07-14,28,24,13,26,27,25,1.7,83,9.875,1015,19,31,23,25,113,113,113,0,1,13.5,météo idéale
2013-07-15,28,24,14,26,28,25,2.1,84,9.75,1016,29.375,32,23,26,116,116,116,0,1,13.3,météo favorable
2013-07-16,29,25,18,27,29,26,0.2,86,10,1017,34.875,33,24,26,116,113,116,0,1,13.5,météo favorable
2013-07-17,29,25,18,27,28,26,1.2,87,9.75,1018,52.25,33,24,26,116,116,119,0,1,13.3,météo favorable
2013-07-18,28,25,18,26,26,25,3.9,88,9.75,1018,55,32,24,25,200,200,116,0,1,12.1,météo correcte
2013-07-19,29,25,21,27,29,26,0.1,85,10,1019,37.125,33,23,26,116,113,116,0,1,13.5,météo favorable
2013-07-20,29,25,18,27,29,26,0.7,85,9.75,1018,45.25,33,23,26,119,116,116,0,1,13.3,météo favorable
2013-07-21,29,25,21,26,29,26,0.2,84,10,1018,37.5,33,23,26,116,113,116,0,1,13,météo favorable
2013-07-22,28,25,17,27,28,26,0.7,89,9.75,1018,60.125,33,24,26,200,200,116,0,1,10.7,météo correcte
2013-07-23,29,25,15,27,29,26,0.4,83,10,1017,45.875,33,24,27,119,116,113,0,1,12,météo favorable
2013-07-24,29,25,14,27,29,26,0.2,86,9.75,1016,27.375,34,24,26,116,116,200,0,1,11.6,météo favorable
2013-07-25,28,25,17,26,28,26,1.5,85,9.75,1018,24.25,32,24,26,116,113,113,0,1,11.6,météo idéale
2013-07-26,29,24,17,26,29,26,2.2,83,9.625,1018,24.125,32,23,26,113,113,116,0,1,11.6,météo idéale
2013-07-27,28,25,15,26,27,25,4.7,86,9.5,1017,38,31,24,25,116,113,116,0,1,11.6,météo favorable
2013-07-28,28,24,9,26,28,25,1.3,85,9.75,1017,18.625,34,24,26,113,113,113,0,1,11.6,météo idéale
2013-07-29,29,24,15,26,29,26,0,83,10,1018,6,34,24,27,113,113,113,0,1,11.6,météo idéale
2013-07-30,29,25,18,27,29,26,0.4,86,9.875,1019,28.5,33,24,26,116,113,116,0,1,11.6,météo idéale
2013-07-31,29,25,13,26,29,25,5.2,84,9.625,1017,21.75,34,24,26,113,113,113,0,1,11.6,météo favorable
2013-08-01,28,25,14,26,27,26,1.9,84,9.625,1017,29.125,32,24,26,116,200,116,0,1,11.6,météo correcte
2013-08-02,29,25,20,27,29,26,0.2,84,9.875,1018,40,34,24,26,116,113,116,0,1,11.6,météo favorable
2013-08-03,30,26,19,27,30,27,0.4,87,9.375,1019,49.75,35,24,27,200,113,200,0,1,11.6,météo favorable
2013-08-04,30,26,17,27,30,26,0.4,88,9.625,1017,41.25,34,24,27,200,200,116,0,1,11.6,météo correcte
2013-08-05,28,25,14,26,28,25,3.2,85,9.75,1016,21.375,32,24,26,113,113,113,0,1,11.6,météo favorable
2013-08-06,29,25,16,26,28,26,1.2,81,9.75,1015,20,33,23,26,113,113,113,0,1,11.6,météo idéale
2013-08-07,29,24,19,26,29,26,1.9,83,9.75,1014,21.75,32,23,26,113,113,113,0,1,11.6,météo idéale
2013-08-08,29,25,21,27,29,25,2,87,9.75,1014,43.75,33,24,25,119,113,116,0,1,11.6,météo favorable
2013-08-09,28,25,18,27,28,26,3.1,87,9.875,1015,42.625,32,24,26,116,116,116,0,1,11.6,météo favorable
2013-08-10,29,25,20,26,29,26,2.4,86,9.75,1015,47.625,33,24,26,119,113,116,0,1,11.6,météo favorable
2013-08-11,29,25,22,27,28,26,4.3,81,9.5,1015,23.375,32,23,26,116,113,113,0,1,11.6,météo favorable
2013-08-12,28,24,19,26,28,26,2.3,83,9.75,1016,39.75,32,23,26,116,116,116,0,1,11.6,météo favorable
2013-08-13,29,25,20,27,29,26,0.9,84,9.75,1016,37.125,33,24,26,116,113,116,0,1,11.6,météo favorable
2013-08-14,30,25,20,27,30,27,0.4,84,10,1016,33.75,34,24,27,119,113,113,0,1,11.6,météo favorable
2013-08-15,30,26,18,27,30,26,0.9,85,9.875,1016,28.375,35,24,26,116,113,116,0,1,11.6,météo favorable
2013-08-16,29,25,16,27,28,26,1.7,84,9.75,1015,28.625,33,24,26,116,113,113,0,1,11.6,météo idéale
2013-08-17,30,25,17,27,30,26,0.2,84,10,1015,30.375,35,24,27,116,113,113,0,1,11.6,météo favorable
2013-08-18,29,25,18,27,29,26,3.9,85,9.75,1015,41.375,33,24,26,116,113,116,0,1,11.6,météo favorable
2013-08-19,29,25,18,27,29,26,3.4,89,9.75,1014,44.625,33,24,26,116,176,116,0,1,11.6,météo favorable
2013-08-20,28,25,19,26,28,26,12.6,83,9.5,1016,58.875,32,24,26,116,356,353,0,1,11.6,météo correcte
2013-08-21,29,25,19,27,29,26,0.3,84,10,1016,59,33,24,26,116,116,119,0,1,10.2,météo correcte
2013-08-22,28,25,16,27,27,26,4.9,87,9.5,1014,49.5,32,24,26,200,119,116,0,1,8.9,météo correcte
2013-08-23,29,26,17,27,29,27,0.4,85,9.875,1015,52.25,33,25,27,119,113,116,0,1,11.6,météo favorable
2013-08-24,29,25,19,27,29,26,1,84,10,1017,34.375,34,24,26,113,116,116,0,1,11.6,météo favorable
2013-08-25,29,25,19,27,29,26,1.2,85,9.75,1016,50.625,33,24,26,116,116,116,0,1,11.6,météo favorable
2013-08-26,29,25,17,27,29,26,1.4,86,9.625,1015,42.625,33,24,26,119,113,116,0,1,11.6,météo favorable
2013-08-27,29,25,19,27,29,26,0.4,81,9.875,1015,31.375,33,24,26,116,113,113,0,1,11.6,météo favorable
2013-08-28,29,25,19,27,29,26,0.9,86,9.875,1016,30.125,33,24,26,116,113,113,0,1,11.6,météo favorable
2013-08-29,28,25,16,27,28,26,3.8,86,9.625,1016,35.625,32,24,26,116,113,113,0,1,11.6,météo favorable
2013-08-30,29,25,14,27,29,26,1.8,87,9.625,1016,21.75,34,25,26,116,113,113,0,1,11.6,météo idéale
2013-08-31,29,25,18,27,29,26,2.9,89,9.875,1015,40.125,34,25,26,116,113,116,0,1,11.6,météo favorable
2013-09-01,30,25,18,26,30,26,0.4,86,9.875,1014,39.125,34,25,26,116,113,116,0,1,11.6,météo favorable
2013-09-02,29,25,14,27,29,26,1.6,82,9.625,1014,27.125,33,23,26,116,113,116,0,1,11.6,météo idéale
2013-09-03,28,25,19,26,28,26,1,86,9.75,1013,44.125,32,23,26,116,116,116,0,1,11.6,météo favorable
2013-09-04,29,25,21,27,27,25,3.3,91,9.75,1013,56.625,33,24,25,119,116,119,0,1,10.2,météo correcte
2013-09-05,26,25,20,25,25,25,25.9,92,7.625,1013,62.5,29,24,25,119,116,119,0,1,8.9,météo très défavorable
2013-09-06,27,24,11,25,27,26,9.3,87,9.625,1014,71.375,31,24,26,122,116,116,0,1,8.9,météo défavorable
2013-09-07,29,25,16,27,27,26,1.1,86,9.875,1014,56.25,32,24,26,116,119,119,0,1,7.5,météo correcte
2013-09-08,29,25,14,25,29,26,2.1,88,9.375,1014,54.375,34,25,27,116,116,116,0,1,11.6,météo favorable
2013-09-09,30,26,15,27,30,26,0.2,83,9.875,1015,41,34,24,27,116,119,113,0,1,10.2,météo correcte
2013-09-10,28,25,17,27,28,26,1.6,85,9.75,1016,29,32,23,26,116,113,113,0,1,11.6,météo idéale
2013-09-11,28,25,13,26,28,26,1.4,84,9.75,1015,32.125,32,24,26,116,116,116,0,1,11.6,météo favorable
2013-09-12,28,25,10,27,28,26,7.2,88,9.25,1012,36.75,34,25,26,116,113,116,0,1,11.6,météo favorable
2013-09-13,28,25,12,26,28,26,2.4,84,9.625,1010,27.5,33,24,26,116,113,116,0,1,11.6,météo idéale
2013-09-14,29,25,12,26,27,26,3,84,9.5,1013,18.5,33,25,27,113,113,113,0,1,11.6,météo favorable
2013-09-15,30,25,14,27,30,26,1.5,88,9.75,1015,22.625,35,25,27,113,116,116,0,1,11.6,météo favorable
2013-09-16,30,25,14,27,30,27,1.1,85,9.75,1016,20.625,35,25,27,113,113,113,0,1,11.6,météo favorable
2013-09-17,29,26,14,27,29,26,3.3,86,9.625,1014,36.375,34,25,27,116,116,113,0,1,11.6,météo favorable
2013-09-18,28,25,11,27,28,26,4.2,86,9.375,1014,32.25,34,25,27,116,116,113,0,1,11.6,météo favorable
2013-09-19,29,25,11,27,29,27,1.1,85,9.875,1014,18.625,36,25,27,113,113,113,0,1,11.6,météo favorable
2013-09-20,30,25,8,27,29,26,6.9,85,9.125,1014,27.375,36,25,26,113,113,200,0,1,11.6,météo favorable
2013-09-21,30,25,6,27,28,26,9,84,9,1012,15.25,38,26,27,113,113,113,0,1,11.6,météo correcte
2013-09-22,30,25,12,27,30,26,0,84,10,1015,6.875,37,25,27,113,113,113,0,1,11.6,météo favorable
2013-09-23,30,25,14,27,30,26,2,89,9.75,1016,20.375,36,25,27,113,113,116,0,1,11.6,météo favorable
2013-09-24,29,26,13,27,29,26,2.1,84,9.625,1015,30.5,35,25,27,113,113,116,0,1,11.6,météo favorable
2013-09-25,29,25,13,27,29,26,1.5,85,9.875,1013,18.75,35,25,27,113,113,113,0,1,11.6,météo favorable
2013-09-26,29,25,11,26,29,26,1.7,85,9.875,1013,14,34,25,27,113,113,113,0,1,11.6,météo idéale
2013-09-27,29,25,12,27,29,26,1.8,85,9.875,1014,7.125,37,25,27,113,113,113,0,1,11.6,météo favorable
2013-09-28,30,25,13,27,30,26,0.3,82,9.875,1015,8.75,35,24,27,113,113,113,0,1,11.6,météo favorable
2013-09-29,30,25,14,27,30,27,1.5,85,9.75,1015,16.75,35,25,27,113,113,113,0,1,11.6,météo favorable
2013-09-30,29,25,12,27,29,26,2.3,85,9.875,1016,15.75,35,25,27,113,113,113,0,1,11.6,météo favorable
2013-10-01,29,26,13,27,29,26,2.4,86,9.625,1016,35.875,34,25,26,116,116,116,0,1,11.6,météo favorable
2013-10-02,29,25,17,27,29,26,4.3,86,9.375,1015,32.25,33,24,26,116,113,113,0,1,11.6,météo favorable
2013-10-03,28,25,14,27,28,26,4.6,87,9.625,1015,27.625,33,24,26,116,200,113,0,1,11.6,météo correcte
2013-10-04,29,25,10,27,29,26,5,85,9.5,1014,29,34,25,26,113,113,116,0,1,11.6,météo favorable
2013-10-05,30,25,5,26,29,26,2,82,9.875,1014,17.625,35,24,27,113,113,113,0,1,11.6,météo favorable
2013-10-06,29,24,8,27,28,26,3.1,84,9.5,1014,13.75,36,25,26,113,113,113,0,1,11.6,météo favorable
2013-10-07,29,25,9,27,29,26,6,85,9.375,1014,20,35,25,27,113,200,113,0,1,11.6,météo correcte
2013-10-08,28,25,9,27,28,26,1.8,83,9.625,1015,23.625,33,25,26,116,200,116,0,1,11.6,météo correcte
2013-10-09,29,25,10,27,29,26,2.8,84,9.625,1015,24.625,34,25,26,113,116,113,0,1,11.6,météo favorable
2013-10-10,29,25,14,26,28,26,3.3,86,9.75,1014,28.125,33,24,26,113,113,116,0,1,11.6,météo favorable
2013-10-11,29,25,15,27,29,26,0.8,83,9.875,1014,18.375,33,23,26,113,113,113,0,1,11.6,météo idéale
2013-10-12,29,25,12,27,28,26,2.7,83,9.75,1014,25.75,33,24,26,116,116,116,0,1,11.6,météo favorable
2013-10-13,28,25,14,27,28,26,3.6,86,9.875,1014,32.625,34,25,26,116,116,116,0,1,11.6,météo favorable
2013-10-14,30,25,18,27,30,26,0.2,83,10,1013,31.375,34,24,27,116,113,113,0,1,11.6,météo favorable
2013-10-15,29,25,13,27,29,26,2.3,82,9.75,1013,27.625,33,24,27,116,113,113,0,1,11.6,météo idéale
2013-10-16,29,25,11,26,29,26,0,78,10,1014,19.625,34,24,26,113,113,116,0,1,11.6,météo idéale
2013-10-17,29,24,8,26,29,26,0,79,10,1014,13.5,35,23,26,113,113,113,0,1,11.6,météo favorable
2013-10-18,29,24,4,26,29,25,0,84,10,1014,38.375,33,23,26,113,119,116,0,1,8.8,météo correcte
2013-10-19,29,24,5,27,29,25,3.8,83,9.625,1014,17.875,36,25,26,113,113,113,0,1,11.6,météo favorable
2013-10-20,29,24,12,26,28,26,3.9,86,9.25,1014,18.375,34,24,26,113,200,200,0,1,8.7,météo correcte
2013-10-21,28,25,10,27,28,26,7.3,87,9.5,1014,24.5,34,25,26,116,116,116,0,1,8.7,météo favorable
2013-10-22,29,25,16,26,29,26,0.2,83,10,1014,20.125,34,23,26,113,113,113,0,1,8.7,météo idéale
2013-10-23,29,25,18,27,29,26,2.8,83,9.875,1014,35.125,33,23,26,116,116,116,0,1,8.7,météo favorable
2013-10-24,29,25,19,27,29,26,1.4,86,9.875,1015,42.375,34,24,26,116,113,116,0,1,8.7,météo favorable
2013-10-25,29,25,18,27,29,26,1.1,82,9.75,1016,32,34,24,26,116,113,113,0,1,8.7,météo favorable
2013-10-26,28,25,20,26,28,26,5.8,85,9.5,1016,38.625,32,24,26,116,113,116,0,1,8.7,météo favorable
2013-10-27,29,25,15,27,29,26,0.5,81,9.875,1015,26.125,33,24,26,116,113,113,0,1,8.7,météo idéale
2013-10-28,29,25,19,27,29,26,0.9,83,9.875,1016,36.25,33,23,26,116,113,116,0,1,8.7,météo favorable
2013-10-29,29,25,17,26,29,26,0.3,83,9.875,1015,28.5,34,24,27,116,113,113,0,1,8.7,météo idéale
2013-10-30,29,25,13,27,28,25,0.7,84,10,1014,25.625,33,24,26,116,113,113,0,1,8.7,météo idéale
2013-10-31,28,25,15,26,28,25,1.2,86,9.875,1013,32.5,32,23,25,113,113,116,0,1,8.7,météo favorable
2013-11-01,28,24,16,25,28,25,5.4,85,9.625,1013,55.25,31,23,25,116,116,116,0,1,7.2,météo correcte
2013-11-02,29,24,13,26,27,26,1.4,83,9.875,1013,63.125,33,24,26,116,116,119,0,1,8.7,météo correcte
2013-11-03,28,25,16,26,27,25,0.2,85,10,1013,58.875,32,23,25,116,116,119,0,1,7.2,météo correcte
2013-11-04,28,24,11,26,28,24,2,83,9.875,1012,36.25,33,23,25,116,116,116,0,1,8.7,météo favorable
2013-11-05,28,23,9,25,27,24,5.3,83,9.625,1012,29,31,23,25,113,116,116,0,1,8.7,météo favorable
2013-11-06,28,24,6,25,27,24,4.7,85,9.625,1012,27,32,23,25,113,116,116,0,1,8.7,météo favorable
2013-11-07,28,24,10,25,27,25,4.8,86,9.25,1013,22.625,32,24,25,113,113,116,0,1,8.7,météo favorable
2013-11-08,28,24,10,26,27,25,1.6,85,9.875,1014,18.5,32,24,25,113,113,113,0,1,8.7,météo idéale
2013-11-09,28,24,13,26,28,25,3.1,85,9.75,1015,22,32,24,26,116,113,113,0,1,8.7,météo favorable
2013-11-10,28,25,17,26,27,25,0.9,86,9.875,1016,32.125,31,23,25,116,113,113,0,1,8.7,météo favorable
2013-11-11,29,24,17,26,29,25,0.3,86,9.875,1016,33.125,32,23,25,116,113,116,0,1,8.7,météo favorable
2013-11-12,29,25,19,26,29,26,0.2,86,10,1015,43.25,32,24,26,116,113,116,0,1,8.7,météo favorable
2013-11-13,29,25,17,26,29,25,0.1,83,10,1015,29.125,32,23,26,116,113,113,0,1,8.7,météo idéale
2013-11-14,28,24,15,26,28,25,1,86,10,1016,32,31,23,25,116,113,116,0,1,8.7,météo favorable
2013-11-15,28,24,13,26,27,24,1.6,89,9.5,1015,34,31,24,25,116,200,116,0,1,8.7,météo correcte
2013-11-16,29,24,9,25,29,24,0.9,87,9.875,1014,27.25,34,24,25,116,113,116,0,1,8.7,météo idéale
2013-11-17,28,24,13,25,28,24,0.3,84,10,1012,39.5,32,23,25,119,116,113,0,1,8.7,météo favorable
2013-11-18,28,23,14,25,28,24,0.2,81,10,1011,30.75,31,22,24,116,113,113,0,1,8.7,météo favorable
2013-11-19,27,23,11,24,27,24,0.5,83,9.875,1012,24.25,30,21,24,116,113,113,0,1,8.7,météo idéale
2013-11-20,28,22,14,24,28,25,0.2,84,9.875,1015,20.75,30,22,25,113,113,116,0,1,8.7,météo idéale
2013-11-21,27,24,14,25,26,24,3.6,90,9.375,1016,41.25,30,23,24,116,116,116,0,1,8.7,météo favorable
2013-11-22,27,23,15,25,27,24,2.2,87,10,1015,46.875,30,23,24,116,116,116,0,1,8.7,météo favorable
2013-11-23,28,23,13,25,28,24,0.2,85,10,1014,31.5,34,23,24,116,113,116,0,1,8.7,météo favorable
2013-11-24,27,23,13,25,27,24,1.5,87,9.75,1014,22.75,30,23,25,113,113,116,0,1,8.7,météo idéale
2013-11-25,27,23,18,25,27,25,2.2,85,9.625,1016,24.875,30,23,25,116,113,116,0,1,8.7,météo idéale
2013-11-26,28,24,19,25,28,25,0.4,82,9.75,1016,36,30,22,25,116,113,116,0,1,8.7,météo favorable
2013-11-27,27,24,19,25,27,24,0.7,88,9.875,1014,36.125,30,22,24,119,113,116,0,1,8.7,météo favorable
2013-11-28,27,24,17,25,27,24,1.2,88,9.875,1016,36.125,30,23,24,116,113,116,0,1,8.7,météo favorable
2013-11-29,26,23,18,25,26,23,2.2,90,10,1016,57.375,28,22,24,116,116,116,0,1,7.2,météo correcte
2013-11-30,26,23,15,24,25,23,4,90,9.75,1015,43,28,22,23,116,116,116,0,1,8.7,météo favorable
2013-12-01,27,23,10,24,26,24,5.6,87,9.375,1013,23.75,30,23,24,113,116,116,0,1,8.7,météo favorable
2013-12-02,27,23,10,25,27,24,3.3,87,9.625,1014,28.75,31,23,24,113,113,122,0,1,8.7,météo favorable
2013-12-03,27,23,7,25,27,24,2.1,87,9.625,1016,33.875,31,23,25,116,116,116,0,1,8.7,météo favorable
2013-12-04,27,23,8,25,27,23,5.5,90,9.5,1017,37.125,31,23,24,116,116,116,0,1,8.7,météo favorable
2013-12-05,27,23,15,24,27,23,1.6,86,9.875,1017,33.25,29,22,24,116,116,113,0,1,8.7,météo favorable
2013-12-06,26,22,14,24,26,23,2.4,86,9.625,1017,36.875,29,22,24,116,116,116,0,1,8.7,météo favorable
2013-12-07,26,23,22,24,26,24,1.8,81,9.75,1018,37.125,28,21,24,116,116,116,0,1,8.7,météo favorable
2013-12-08,25,23,25,24,25,23,7.4,86,9.625,1018,61.75,27,22,23,116,119,116,0,1,5.7,météo correcte
2013-12-09,27,24,24,25,27,24,0.7,86,10,1018,51.5,30,22,24,116,116,116,0,1,8.7,météo favorable
2013-12-10,28,24,22,25,28,24,0.3,85,10,1018,41.625,30,22,25,113,113,116,0,1,8.7,météo favorable
2013-12-11,26,23,19,25,26,25,0.3,85,10,1019,50,29,23,25,116,116,116,0,1,8.7,météo favorable
2013-12-12,28,24,16,25,28,24,0.1,87,10,1017,28.25,30,22,25,116,113,113,0,1,8.7,météo idéale
2013-12-13,27,24,18,24,27,24,0,80,10,1017,20.5,29,22,24,113,113,113,0,1,8.7,météo idéale
2013-12-14,27,23,22,24,27,24,0.1,80,10,1018,43.25,30,23,25,116,116,113,0,1,5.7,météo favorable
2013-12-15,27,24,21,25,27,24,0.9,84,9.875,1019,62.375,29,22,25,119,119,116,0,1,5.7,météo correcte
2013-12-16,26,24,17,24,26,24,2.3,88,10,1018,51,29,23,24,116,116,116,0,1,8.7,météo favorable
2013-12-17,27,24,17,24,27,24,1.1,88,9.875,1018,40.25,29,22,24,116,116,116,0,1,8.7,météo favorable
2013-12-18,26,23,16,24,26,24,1.7,82,9.875,1017,33.875,29,22,24,119,116,113,0,1,8.7,météo favorable
2013-12-19,27,23,17,24,27,24,0.6,84,9.875,1018,33.375,30,22,24,113,113,116,0,1,8.7,météo favorable
2013-12-20,25,24,18,24,25,24,1.7,84,9.875,1017,60.125,28,22,24,119,116,119,0,1,8.7,météo correcte
2013-12-21,26,23,19,24,26,23,1,85,9.75,1017,47.25,28,21,24,116,116,116,0,1,8.7,météo favorable
2013-12-22,26,23,22,24,26,24,0.3,81,9.875,1018,31.75,28,21,24,116,113,116,0,1,8.7,météo favorable
2013-12-23,26,23,22,24,26,23,3.3,84,9.875,1017,40.625,28,21,23,116,113,200,0,1,8.7,météo favorable
2013-12-24,25,22,11,23,25,22,4.6,86,9.375,1014,40.375,28,21,23,116,116,116,0,1,8.7,météo favorable
2013-12-25,27,22,10,23,27,23,1.3,81,9.875,1016,21.25,30,22,24,113,113,113,0,1,8.7,météo idéale
2013-12-26,27,22,15,24,27,24,1.8,88,9.875,1018,11.875,30,22,24,113,113,113,0,1,8.7,météo idéale
2013-12-27,27,23,14,24,26,24,2.1,90,9.75,1019,25.5,30,23,24,113,113,116,0,1,8.7,météo idéale
2013-12-28,26,23,15,24,26,23,1.3,88,9.75,1018,45.625,29,22,24,116,116,116,0,1,8.7,météo favorable
2013-12-29,27,23,18,24,27,24,0.2,85,10,1017,39.25,29,22,24,116,113,116,0,1,8.7,météo favorable
2013-12-30,26,23,19,24,26,24,0,87,10,1018,52,28,22,24,116,116,116,0,1,10.1,météo favorable
2013-12-31,27,23,19,24,27,24,0.1,84,10,1019,29.75,29,21,24,113,113,116,0,1,11.4,météo idéale
2014-01-01,27,23,21,24,27,24,0.6,83,9.875,1019,45.875,29,21,24,116,113,116,0,1,11.4,météo favorable
2014-01-02,26,23,22,24,26,23,0.7,86,9.75,1017,51.625,29,21,24,119,116,116,0,1,11.4,météo favorable
2014-01-03,27,23,15,24,27,24,0.1,89,10,1017,34.125,29,22,24,116,113,116,0,1,11.5,météo favorable
2014-01-04,26,23,21,24,26,23,1,90,9.75,1018,50.75,29,22,24,116,116,116,0,1,11.5,météo favorable
2014-01-05,27,24,25,24,27,24,0.2,82,10,1018,38.25,29,22,24,116,113,116,0,1,11.5,météo favorable
2014-01-06,27,24,22,24,27,25,0.4,85,10,1017,61.5,29,22,25,116,116,119,0,1,7.2,météo correcte
2014-01-07,27,23,22,24,27,24,0.5,82,9.75,1018,49.75,29,22,24,119,116,113,0,1,11.5,météo favorable
2014-01-08,27,23,21,24,27,23,0.3,85,10,1019,38.625,28,21,24,116,113,116,0,1,11.5,météo favorable
2014-01-09,27,23,21,24,27,23,0.1,85,10,1020,42.75,29,21,24,116,113,116,0,1,11.5,météo favorable
2014-01-10,26,23,21,24,26,23,0.2,83,9.875,1019,32,28,20,23,113,116,116,0,1,11.5,météo favorable
2014-01-11,26,22,19,23,26,23,0.3,82,9.875,1020,28.25,28,20,23,116,113,116,0,1,11.5,météo idéale
2014-01-12,27,23,19,23,27,23,0.6,83,9.75,1020,38.625,29,21,24,116,116,113,0,1,11.5,météo favorable
2014-01-13,25,23,18,23,25,23,1.2,84,9.875,1020,46.75,27,21,23,116,116,116,0,1,10.1,météo favorable
2014-01-14,25,23,17,23,25,23,0.7,83,10,1019,57,27,21,23,113,119,119,0,1,7.1,météo correcte
2014-01-15,26,22,19,23,26,23,0.1,74,10,1019,22.875,27,19,24,113,113,113,0,1,11.1,météo idéale
2014-01-16,26,21,18,23,26,23,0.3,79,9.875,1017,31.75,27,20,23,116,113,113,0,1,11.1,météo favorable
2014-01-17,26,22,17,23,26,23,0,84,10,1018,26.375,28,21,23,116,113,116,0,1,11.1,météo idéale
2014-01-18,27,22,16,24,27,23,0,86,10,1019,22.625,30,22,24,116,113,113,0,1,11.1,météo idéale
2014-01-19,27,22,13,24,27,24,0.1,86,10,1019,18.75,30,22,24,116,113,113,0,1,11.1,météo idéale
2014-01-20,26,23,15,24,26,23,1.2,85,9.875,1018,21.75,29,22,24,116,113,113,0,1,11.1,météo idéale
2014-01-21,26,22,16,23,26,23,0.3,82,9.875,1017,17.875,29,21,24,116,113,113,0,1,11.1,météo idéale
2014-01-22,27,22,13,23,27,23,0.3,85,10,1017,21.625,30,22,24,116,113,113,0,1,11.1,météo idéale
2014-01-23,27,23,17,23,27,24,0.8,87,9.875,1019,22.625,29,22,24,116,113,113,0,1,11.1,météo idéale
2014-01-24,27,23,16,24,27,23,1,90,9.875,1019,43.5,29,22,23,119,113,116,0,1,11.2,météo favorable
2014-01-25,26,22,17,23,26,23,0.3,86,9.875,1017,31.125,28,21,24,113,113,116,0,1,11.6,météo favorable
2014-01-26,27,22,18,23,27,23,0.1,80,10,1018,17.875,28,21,23,113,113,113,0,1,11.6,météo idéale
2014-01-27,27,23,21,23,27,24,0.4,83,9.875,1018,40.375,29,21,24,116,113,116,0,1,11.6,météo favorable
2014-01-28,27,23,20,24,27,23,0.1,81,10,1019,29,29,21,24,116,113,113,0,1,11.6,météo idéale
2014-01-29,27,22,21,23,27,23,0.1,81,10,1019,26,28,20,23,116,113,116,0,1,11.6,météo idéale
2014-01-30,26,22,21,23,26,23,0.8,82,9.75,1019,30.875,28,20,23,116,113,113,0,1,11.6,météo favorable
2014-01-31,26,23,21,23,26,23,0.5,83,9.875,1018,44.875,28,20,23,116,116,116,0,1,11.6,météo favorable
2014-02-01,25,23,18,24,25,23,3.8,88,9.75,1017,54.375,27,21,23,119,116,353,0,1,11.6,météo favorable
2014-02-02,26,22,17,23,25,23,1.2,88,10,1017,55.875,28,21,24,116,116,119,0,1,10.2,météo correcte
2014-02-03,26,22,19,23,26,23,1.1,85,9.75,1017,46,28,21,23,116,116,116,0,1,11.6,météo favorable
2014-02-04,26,23,17,23,26,23,0.5,84,9.875,1018,35,28,20,23,116,113,116,0,1,11.6,météo favorable
2014-02-05,26,22,17,23,26,23,1,88,9.875,1017,40,28,21,23,116,116,116,0,1,11.6,météo favorable
2014-02-06,26,22,17,23,26,23,3.6,88,9.75,1017,33.375,28,21,23,113,113,116,0,1,11.6,météo favorable
2014-02-07,26,22,18,23,25,23,2.6,87,9.875,1019,45.5,28,22,23,116,116,116,0,1,11.6,météo favorable
2014-02-08,25,22,19,23,25,23,1.3,88,9.75,1018,49.875,28,22,23,116,116,116,0,1,11.6,météo favorable
2014-02-09,27,22,15,23,27,24,0.2,88,10,1017,30,29,22,24,116,113,113,0,1,11.6,météo favorable
2014-02-10,27,22,18,24,27,24,0.2,85,10,1017,24.5,29,22,24,116,113,113,0,1,11.6,météo idéale
2014-02-11,26,22,18,23,26,23,0.1,84,10,1017,27.75,29,21,24,113,113,113,0,1,11.6,météo idéale
2014-02-12,27,22,17,23,27,23,0.5,85,9.875,1017,28.5,29,21,23,116,113,113,0,1,11.6,météo idéale
2014-02-13,27,22,14,23,27,23,1.1,86,9.625,1017,21.625,29,21,24,113,113,113,0,1,11.6,météo idéale
2014-02-14,27,22,14,24,27,24,1.6,86,9.75,1018,25.5,29,22,24,116,113,113,0,1,11.6,météo idéale
2014-02-15,27,23,18,24,27,23,0,79,10,1020,22,29,21,24,116,113,113,0,1,11.6,météo idéale
2014-02-16,27,22,17,23,27,23,0.1,84,10,1018,24.875,28,21,23,116,113,116,0,1,11.6,météo idéale
2014-02-17,27,22,17,23,27,23,0.5,80,10,1018,26,28,20,23,116,113,113,0,1,11.6,météo idéale
2014-02-18,27,22,17,23,27,23,0.4,86,9.875,1018,25.125,29,21,23,116,113,113,0,1,11.6,météo idéale
2014-02-19,27,22,23,23,27,23,0.8,82,9.875,1018,38.75,28,21,23,116,113,119,0,1,10.2,météo favorable
2014-02-20,27,23,22,24,27,23,0.2,83,10,1018,31.375,28,20,23,116,113,116,0,1,11.6,météo favorable
2014-02-21,25,23,21,23,25,23,2.9,86,9.875,1018,46.625,27,21,23,119,113,116,0,1,11.6,météo favorable
2014-02-22,25,22,17,23,25,23,1.8,87,9.75,1018,39.625,27,21,23,116,116,116,0,1,11.6,météo favorable
2014-02-23,27,22,18,23,27,23,0.3,83,9.875,1018,32.5,28,21,23,116,113,113,0,1,11.6,météo favorable
2014-02-24,27,22,17,23,27,23,0.1,82,10,1018,24.25,28,21,23,116,113,116,0,1,11.6,météo idéale
2014-02-25,26,22,18,23,26,23,0.4,82,10,1017,22.125,28,20,23,116,113,113,0,1,11.6,météo idéale
2014-02-26,26,22,17,23,26,23,0.4,82,9.875,1017,16.25,28,20,23,116,113,113,0,1,11.6,météo idéale
2014-02-27,27,22,14,23,27,23,1.4,84,9.875,1017,23.625,29,21,24,113,116,113,0,1,11.6,météo favorable
2014-02-28,27,22,17,24,27,23,0.3,84,9.875,1017,22.125,29,21,24,116,113,113,0,1,11.6,météo idéale
2014-03-01,27,22,16,23,27,23,0.4,85,9.875,1017,25.125,28,21,24,113,116,113,0,1,11.6,météo favorable
2014-03-02,27,22,9,23,27,23,0.8,85,9.875,1016,17.25,30,21,23,113,113,113,0,1,11.6,météo idéale
2014-03-03,26,22,14,23,26,23,0.8,83,9.75,1016,35.375,28,20,23,116,113,116,0,1,11.6,météo favorable
2014-03-04,26,21,16,22,26,23,0.4,84,9.75,1017,19.375,28,20,23,113,113,116,0,1,11.6,météo idéale
2014-03-05,27,22,18,23,27,23,0.3,83,9.875,1018,30.75,29,21,23,116,113,116,0,1,11.6,météo favorable
2014-03-06,27,22,20,24,27,23,0,79,10,1019,17.375,28,20,23,113,113,113,0,1,11.6,météo idéale
2014-03-07,26,22,16,23,26,23,0.9,82,9.75,1018,19.25,28,20,23,116,113,113,0,1,11.6,météo idéale
2014-03-08,26,22,11,24,24,23,0.7,84,9.75,1017,25.25,29,21,23,116,116,113,0,1,11.6,météo favorable
2014-03-09,27,21,6,23,27,23,0,87,10,1018,17.5,30,22,23,113,113,113,0,1,11.6,météo idéale
2014-03-10,27,22,7,23,27,22,1.7,85,9.75,1017,22.625,31,22,23,113,113,116,0,1,11.6,météo idéale
2014-03-11,26,21,10,23,26,23,1.3,85,9.75,1016,21.625,29,21,23,113,113,116,0,1,11.6,météo idéale
2014-03-12,27,22,15,23,27,23,0.7,85,9.875,1016,22.75,29,21,23,116,116,113,0,1,11.6,météo favorable
2014-03-13,27,22,16,24,27,23,0.1,83,10,1017,18.25,29,21,24,116,113,113,0,1,11.6,météo idéale
2014-03-14,27,22,8,24,27,23,0.8,84,9.875,1017,13.5,31,22,24,113,113,116,0,1,11.6,météo idéale
2014-03-15,27,22,12,24,27,23,0.6,81,9.875,1016,10,29,21,24,113,113,113,0,1,11.6,météo idéale
2014-03-16,27,22,17,24,27,24,0.1,82,10,1015,15,29,21,24,113,113,113,0,1,11.6,météo idéale
2014-03-17,27,23,19,24,27,24,0.2,81,9.875,1016,26.125,29,21,24,116,113,113,0,1,11.6,météo idéale
2014-03-18,27,23,18,24,27,24,0.1,83,10,1018,25.625,29,21,24,113,116,113,0,1,11.6,météo favorable
2014-03-19,27,23,17,24,27,24,0.6,81,9.75,1017,26.875,29,21,24,113,113,113,0,1,11.6,météo idéale
2014-03-20,27,22,18,24,27,23,0.6,78,9.875,1017,21.375,29,21,25,116,113,113,0,1,11.6,météo idéale
2014-03-21,28,22,14,24,28,24,0.4,85,10,1017,13,31,22,25,113,113,113,0,1,11.6,météo idéale
2014-03-22,28,23,14,25,28,24,0.2,83,9.875,1019,14.75,32,22,26,113,113,113,0,1,11.6,météo idéale
2014-03-23,28,23,15,25,28,24,0.1,84,10,1018,19.25,30,22,24,113,113,113,0,1,11.6,météo idéale
2014-03-24,27,23,14,24,27,24,1.3,81,9.875,1017,53.75,29,21,24,116,116,116,0,1,8.8,météo favorable
2014-03-25,27,23,14,24,27,24,1.7,82,9.875,1017,54.75,29,21,24,116,116,116,0,1,8.8,météo favorable
2014-03-26,27,23,15,25,27,24,0.9,81,9.75,1017,49,30,21,24,116,113,113,0,1,8.8,météo favorable
2014-03-27,27,22,20,24,27,24,0.6,83,9.875,1020,27.375,30,22,24,119,113,113,0,1,11.6,météo idéale
2014-03-28,27,23,19,25,26,23,0.9,86,9.75,1019,50.375,29,21,24,116,116,116,0,1,11.6,météo favorable
2014-03-29,27,23,21,24,27,23,0.9,83,9.875,1018,29.5,29,21,24,113,116,116,0,1,11.6,météo favorable
2014-03-30,27,22,20,24,27,23,1,85,9.875,1017,24.625,29,21,24,116,113,113,0,1,11.6,météo idéale
2014-03-31,27,22,15,24,27,23,1.8,85,9.875,1017,17.125,29,22,24,113,113,113,0,1,11.6,météo idéale
2014-04-01,27,22,14,24,27,24,1.5,86,9.875,1018,10.75,31,22,24,113,113,113,0,6,11.6,météo idéale
2014-04-02,27,22,9,24,26,23,2.2,87,9.875,1018,21.5,31,23,24,113,113,116,0,6,11.6,météo idéale
2014-04-03,26,22,15,24,26,23,4.3,90,9.5,1017,43.875,28,22,23,116,113,116,0,6,11.6,météo favorable
2014-04-04,26,22,18,24,26,23,1.9,88,9.875,1018,56.875,28,21,23,116,116,119,0,5,10.2,météo correcte
2014-04-05,26,23,22,24,26,24,4,87,9.75,1018,47.5,28,22,24,116,113,119,0,5,10.2,météo favorable
2014-04-06,26,23,22,24,26,24,1.1,88,9.75,1018,57.5,29,22,24,119,116,119,0,5,10.2,météo correcte
2014-04-07,26,24,21,24,26,24,1.9,86,10,1018,67.125,29,22,24,119,116,119,0,5,8.9,météo défavorable
2014-04-08,27,23,22,24,27,24,0.2,85,10,1018,42.625,30,22,24,116,113,116,0,5,11.6,météo favorable
2014-04-09,27,24,14,25,27,24,1.2,87,9.875,1019,48,30,22,24,116,116,116,0,5,11.6,météo favorable
2014-04-10,28,23,16,25,28,24,0.3,82,10,1020,27.25,30,22,24,113,116,113,0,7,11.6,météo favorable
2014-04-11,27,23,18,24,26,24,0.7,84,9.875,1019,40,28,21,24,116,116,116,0,6,11.6,météo favorable
2014-04-12,27,22,21,24,27,23,0.1,79,10,1019,17.875,29,20,24,113,116,113,0,6,11.6,météo favorable
2014-04-13,27,22,15,24,27,23,0.4,82,9.875,1017,27.5,29,21,24,116,116,116,0,6,11.6,météo favorable
2014-04-14,27,23,18,24,27,24,0.1,80,10,1015,19.5,29,21,24,116,113,113,0,6,11.6,météo idéale
2014-04-15,27,23,15,25,27,24,0.9,82,9.875,1014,24,30,21,24,116,113,116,0,6,11.6,météo idéale
2014-04-16,27,23,13,24,27,24,3.4,84,9.375,1015,16.125,31,22,24,113,113,113,0,6,11.6,météo favorable
2014-04-17,26,23,21,24,26,23,2.2,87,9.875,1017,42.125,28,21,23,116,116,116,0,6,11.6,météo favorable
2014-04-18,26,23,22,24,26,24,1.8,85,9.875,1018,50,29,21,24,116,116,116,0,5,11.6,météo favorable
2014-04-19,26,23,20,24,26,23,3.4,87,9.875,1018,52.125,28,22,23,116,116,116,0,5,11.6,météo favorable
2014-04-20,27,23,19,25,27,24,0.6,84,9.875,1018,38.5,30,21,24,116,113,116,0,6,11.6,météo favorable
2014-04-21,27,23,17,25,27,24,1.7,86,9.875,1016,26.375,30,23,25,116,113,113,0,6,11.6,météo idéale
2014-04-22,28,23,12,25,28,24,0,86,10,1014,15,36,25,25,113,113,113,0,7,11.6,météo favorable
2014-04-23,28,23,8,25,28,25,0.1,87,10,1015,7,37,25,25,113,113,113,0,7,11.6,météo favorable
2014-04-24,28,23,13,25,28,25,0,85,10,1017,8.875,32,24,25,113,113,113,0,7,11.6,météo idéale
2014-04-25,28,23,15,26,28,25,0,84,10,1017,3.375,37,25,26,113,113,113,0,7,11.6,météo favorable
2014-04-26,27,23,15,26,27,25,0.9,85,9.875,1016,17.5,32,23,25,113,119,113,0,7,10.3,météo correcte
2014-04-27,28,23,17,26,28,25,0,80,10,1016,6.125,31,23,25,113,113,113,0,7,11.6,météo idéale
2014-04-28,28,23,18,26,28,24,0.1,82,10,1016,9.375,31,22,25,113,113,113,0,7,12.5,météo idéale
2014-04-29,28,23,18,25,28,25,0.1,82,10,1016,17.25,30,22,26,116,113,113,0,7,12.9,météo idéale
2014-04-30,28,23,16,25,28,24,0.7,82,9.875,1017,27.25,31,22,25,116,113,113,0,7,12.9,météo idéale
2014-05-01,28,23,16,25,28,25,0.8,82,10,1016,25.25,30,22,25,116,113,113,0,1,12.9,météo idéale
2014-05-02,28,24,17,26,28,25,0.4,81,9.75,1016,32,31,22,25,116,113,113,0,1,12.9,météo favorable
2014-05-03,27,24,15,26,27,25,1.6,85,9.75,1019,33.375,31,23,25,116,116,113,0,1,12.9,météo favorable
2014-05-04,28,24,16,25,28,25,0.9,81,9.875,1018,24.125,31,23,25,116,113,113,0,1,12.9,météo idéale
2014-05-05,28,23,10,25,28,24,1.9,82,9.75,1016,18.875,32,23,24,113,113,116,0,1,12.9,météo idéale
2014-05-06,28,23,9,25,27,24,3.6,83,9.375,1015,24.625,32,23,25,113,113,116,0,1,12.9,météo favorable
2014-05-07,28,23,7,25,28,24,0,83,10,1017,14.75,32,23,25,113,113,113,0,1,12.9,météo idéale
2014-05-08,26,23,9,25,25,23,2.6,88,9.875,1017,44.875,29,22,23,116,116,116,0,1,12.9,météo favorable
2014-05-09,26,22,15,24,26,23,2.5,84,9.625,1017,27.75,28,22,23,116,113,116,0,1,13,météo idéale
2014-05-10,25,22,18,24,23,22,3.4,86,9,1017,48,27,21,23,116,119,113,0,1,11.9,météo correcte
2014-05-11,26,21,15,24,25,23,3.2,83,9.625,1015,28.25,28,22,24,116,116,113,0,1,13,météo favorable
2014-05-12,27,23,16,25,26,24,2.2,88,9.875,1016,35.25,30,23,24,116,116,116,0,1,13,météo favorable
2014-05-13,28,23,18,25,28,24,0.7,84,9.75,1015,48.125,31,23,25,116,113,116,0,1,13,météo favorable
2014-05-14,28,24,19,25,28,24,0.6,88,9.75,1017,51,30,22,24,116,116,119,0,1,13,météo favorable
2014-05-15,27,24,17,25,27,24,0.5,87,9.875,1017,43.875,30,22,24,116,116,116,0,1,13,météo favorable
2014-05-16,27,23,17,25,27,24,0.7,84,9.75,1016,39.875,30,22,24,116,116,116,0,1,13,météo favorable
2014-05-17,27,23,15,25,27,24,0.8,85,9.625,1015,37.25,30,22,24,116,116,116,0,1,13,météo favorable
2014-05-18,28,23,15,25,28,24,0.2,84,9.875,1015,14.5,31,22,25,113,113,113,0,1,13,météo idéale
2014-05-19,27,24,15,26,27,24,3.7,89,9.75,1016,35.875,30,23,25,116,116,116,0,1,13,météo favorable
2014-05-20,28,24,12,25,28,25,3.5,85,9.5,1016,26.625,33,23,25,116,113,113,0,1,13,météo favorable
2014-05-21,28,24,12,26,28,25,1.3,84,9.75,1017,19.625,33,24,25,116,113,113,0,1,13,météo idéale
2014-05-22,28,24,17,26,28,25,0.3,81,9.875,1018,24.125,31,23,25,113,113,113,0,1,13,météo idéale
2014-05-23,28,24,20,26,28,25,0.3,82,9.875,1018,32,31,22,25,113,116,113,0,1,13,météo favorable
2014-05-24,28,24,17,26,28,25,0.2,80,10,1019,31.875,31,22,25,116,116,113,0,1,13,météo favorable
2014-05-25,28,24,15,25,28,25,0.6,82,9.75,1018,38,31,22,25,119,113,116,0,1,13.1,météo favorable
2014-05-26,28,24,16,26,28,25,0.8,82,9.75,1018,33,30,22,25,116,116,116,0,1,13.1,météo favorable
2014-05-27,28,24,18,26,28,25,0.9,83,9.875,1018,33.75,31,22,25,116,113,116,0,1,13.1,météo favorable
2014-05-28,27,24,16,25,27,24,0.7,84,9.75,1017,36.25,30,22,25,116,116,116,0,1,13.1,météo favorable
2014-05-29,28,24,18,26,28,25,0.8,84,9.875,1016,37.625,31,22,25,116,116,116,0,1,13.1,météo favorable
2014-05-30,28,24,20,26,28,25,0.1,82,10,1016,35.75,31,22,25,116,113,116,0,1,13.1,météo favorable
2014-05-31,28,24,19,26,28,25,0.4,82,10,1016,54.5,31,22,25,116,116,116,0,1,13.1,météo favorable
2014-06-01,28,24,17,26,28,25,0.6,85,9.875,1016,48.625,31,23,26,116,116,113,0,1,13.1,météo favorable
2014-06-02,28,24,12,26,28,25,1.2,83,9.75,1015,29.625,33,24,26,116,113,113,0,1,13.1,météo idéale
2014-06-03,29,24,10,26,29,25,0.2,81,9.875,1015,15.875,33,23,26,113,113,113,0,1,13.1,météo idéale
2014-06-04,29,24,14,26,29,26,0,81,10,1015,32.75,32,22,26,116,116,116,0,1,13.1,météo favorable
2014-06-05,28,25,18,26,28,25,0.3,85,9.875,1015,39.5,32,23,25,116,113,113,0,1,13.1,météo favorable
2014-06-06,28,24,19,26,28,25,0.5,82,9.75,1016,45.5,31,23,25,116,116,116,0,1,13.1,météo favorable
2014-06-07,28,24,19,26,28,25,0.5,82,9.75,1016,45.5,31,22,25,116,119,116,0,1,13.3,météo correcte
2014-06-08,28,24,15,26,28,25,1.6,87,9.75,1016,29.25,31,23,25,116,113,113,0,1,13.5,météo idéale
2014-06-09,29,24,17,26,29,26,0.1,84,10,1017,28.125,32,23,26,116,113,116,0,1,13.5,météo idéale
2014-06-10,29,25,18,27,29,26,0.2,84,10,1018,18.625,32,23,26,116,113,113,0,1,13.5,météo idéale
2014-06-11,29,25,18,27,29,25,0.2,84,10,1018,30.25,32,23,26,116,113,113,0,1,13.5,météo favorable
2014-06-12,28,24,19,26,28,25,0.2,79,10,1018,22.75,31,22,25,116,113,113,0,1,13.5,météo idéale
2014-06-13,28,24,18,26,28,25,0.6,82,9.875,1018,34.875,31,22,25,116,113,113,0,1,13.3,météo favorable
2014-06-14,29,24,19,26,29,26,0.7,86,9.875,1018,43.75,32,23,26,116,116,119,0,1,13.3,météo favorable
2014-06-15,29,25,19,27,29,26,0.3,87,10,1018,39.5,33,23,26,116,116,116,0,1,13.5,météo favorable
2014-06-16,29,25,17,27,29,26,0,83,10,1019,19.75,32,23,26,113,113,113,0,1,13.5,météo idéale
2014-06-17,29,24,12,26,28,25,1.5,83,9.875,1018,23,33,23,26,116,113,113,0,1,13.5,météo idéale
2014-06-18,27,24,14,26,27,25,1.6,83,9.75,1018,25.75,31,23,25,113,113,113,0,1,13.5,météo idéale
2014-06-19,29,24,18,26,29,25,0.9,84,9.875,1019,32.125,32,23,26,116,113,113,0,1,13.5,météo favorable
2014-06-20,28,25,15,26,28,26,5.5,86,9.375,1018,40.875,32,24,26,200,116,113,0,1,13.5,météo favorable
2014-06-21,29,25,15,27,29,26,1.6,88,9.625,1017,28.5,34,24,26,116,113,113,0,1,13.5,météo idéale
2014-06-22,29,25,18,27,29,26,0.4,85,9.875,1017,30.25,33,24,26,116,113,116,0,1,13.5,météo favorable
2014-06-23,29,25,18,27,28,26,1.5,83,10,1019,36.125,32,23,26,116,116,116,0,1,13.5,météo favorable
2014-06-24,29,25,16,26,29,26,0.9,82,9.75,1020,26.625,33,23,27,116,116,113,0,1,13.5,météo favorable
2014-06-25,29,25,18,26,29,26,0,81,10,1019,26,33,23,26,116,113,113,0,1,13.5,météo idéale
2014-06-26,30,25,17,27,30,26,0,83,10,1019,26.625,34,24,26,116,113,113,0,1,13.5,météo idéale
2014-06-27,29,25,18,27,29,26,0.2,82,10,1018,33.25,33,24,26,116,116,113,0,1,13.5,météo favorable
2014-06-28,29,25,19,27,29,26,0.2,80,10,1019,27.25,33,23,26,116,113,113,0,1,13.5,météo idéale
2014-06-29,29,25,18,27,29,26,0.6,85,9.875,1019,24.25,33,23,26,113,116,116,0,1,13.5,météo favorable
2014-06-30,29,25,17,27,28,25,2.3,88,9.75,1017,32.25,32,24,26,116,113,116,0,1,13.5,météo favorable
2014-07-01,29,25,18,27,29,26,0.3,84,9.875,1017,31,33,24,26,116,113,113,0,1,13.5,météo favorable
2014-07-02,29,25,16,26,29,26,0.2,82,10,1018,40.125,32,23,26,116,119,113,0,1,13.3,météo correcte
2014-07-03,28,25,20,26,28,26,1.8,82,9.75,1019,32.125,31,23,26,116,113,116,0,1,13.5,météo favorable
2014-07-04,29,25,19,27,29,26,0.2,82,10,1020,37.875,33,23,26,116,113,113,0,1,13.5,météo favorable
2014-07-05,28,24,17,26,28,25,1.1,85,9.75,1018,41.25,32,23,26,116,116,116,0,1,13.5,météo favorable
2014-07-06,29,25,19,26,29,26,0.7,85,9.75,1018,40.5,33,23,26,116,113,116,0,1,13.5,météo favorable
2014-07-07,29,25,18,27,29,26,0.2,82,10,1021,27.75,33,23,26,116,113,113,0,1,13.5,météo idéale
2014-07-08,29,25,18,27,29,26,0.1,81,10,1021,19.375,32,23,26,113,113,113,0,1,13.5,météo idéale
2014-07-09,28,24,16,26,28,25,1,83,9.875,1019,31,31,23,26,116,113,116,0,1,13.5,météo favorable
2014-07-10,29,24,20,26,29,26,0.3,83,10,1018,37,32,23,26,116,113,116,0,1,13.5,météo favorable
2014-07-11,28,25,21,27,28,26,1.4,83,9.75,1018,43.25,32,24,26,116,113,116,0,1,13.3,météo favorable
2014-07-12,29,25,16,26,29,26,0.8,81,9.875,1018,27.375,33,23,26,116,113,113,0,1,13.5,météo idéale
2014-07-13,28,24,11,26,28,25,1.9,82,9.875,1018,26.75,32,23,26,116,116,113,0,1,13.5,météo favorable
2014-07-14,28,24,14,26,28,25,1,82,9.75,1018,25.625,32,23,26,113,116,113,0,1,13.5,météo favorable
2014-07-15,29,24,13,26,29,26,0.4,83,10,1018,38.375,33,23,26,116,116,116,0,1,13.5,météo favorable
2014-07-16,29,25,18,27,29,26,0.3,83,9.875,1019,28.625,33,23,26,116,116,113,0,1,13.5,météo favorable
2014-07-17,29,25,16,27,29,26,0.2,83,10,1019,33.375,33,23,26,116,116,116,0,1,13.5,météo favorable
2014-07-18,28,25,16,26,28,25,2.2,86,9.625,1019,35.625,32,23,25,116,116,116,0,1,13.5,météo favorable
2014-07-19,28,24,17,26,28,26,2.5,85,9.75,1018,43.25,32,24,26,119,113,116,0,1,12.1,météo favorable
2014-07-20,30,26,18,27,30,26,0.2,83,10,1018,34.5,34,24,26,116,113,116,0,1,13.5,météo favorable
2014-07-21,29,25,17,26,29,25,2,82,9.875,1018,41.875,32,23,26,116,119,116,0,1,13,météo correcte
2014-07-22,26,25,13,26,26,26,0.8,83,9.625,1018,47.875,29,23,26,176,176,116,0,1,13,météo favorable
2014-07-23,29,25,20,27,29,26,0.5,84,9.75,1018,41.125,34,24,26,116,113,116,0,1,13,météo favorable
2014-07-24,29,26,23,27,28,26,0.4,84,9.875,1017,56.125,32,23,26,116,116,116,0,1,11.6,météo correcte
2014-07-25,29,25,19,27,29,26,0.4,84,9.75,1018,39.125,33,24,27,116,113,116,0,1,11.6,météo favorable
2014-07-26,29,26,20,27,29,26,0.3,84,9.75,1018,41.625,33,24,27,116,200,113,0,1,11.6,météo correcte
2014-07-27,30,25,17,27,30,26,0.1,82,10,1019,16.625,34,24,27,113,113,113,0,1,11.6,météo idéale
2014-07-28,29,25,15,27,29,26,0.9,82,9.875,1018,23.375,33,24,26,116,113,113,0,1,11.6,météo idéale
2014-07-29,28,25,13,26,28,25,3.6,84,9.625,1017,15.25,32,24,26,113,113,113,0,1,11.6,météo favorable
2014-07-30,29,24,16,26,29,26,0.2,81,10,1017,15.875,33,23,27,116,113,113,0,1,11.6,météo idéale
2014-07-31,29,24,14,26,28,26,2.9,86,9.875,1016,26.625,33,24,26,116,113,113,0,1,11.6,météo idéale
2014-08-01,30,25,21,26,30,26,0.2,83,10,1015,32.375,34,24,26,116,113,119,0,1,10.3,météo favorable
2014-08-02,26,25,25,26,25,25,18.1,90,8.375,1017,65,29,23,25,116,119,119,0,1,7.6,météo très défavorable
2014-08-03,29,25,18,26,29,25,0.2,84,10,1018,36.125,32,24,26,116,113,113,0,1,11.6,météo favorable
2014-08-04,29,25,19,26,29,26,0.3,87,9.875,1018,46.375,33,24,26,119,113,116,0,1,11.6,météo favorable
2014-08-05,28,25,17,26,28,26,1.9,89,9.75,1017,49.125,33,25,26,119,113,116,0,1,11.6,météo favorable
2014-08-06,28,25,17,27,28,26,1.8,87,9.75,1017,45.25,33,24,26,119,113,116,0,1,11.6,météo favorable
2014-08-07,29,25,19,27,29,26,0.1,83,10,1017,32.5,33,24,26,116,113,116,0,1,11.6,météo favorable
2014-08-08,29,25,21,27,28,25,2.4,87,9.875,1018,44.75,32,24,25,116,116,119,0,1,10.3,météo favorable
2014-08-09,29,25,19,27,29,26,1.9,85,9.75,1017,38,33,23,26,116,113,116,0,1,11.6,météo favorable
2014-08-10,29,24,18,26,29,26,0.8,81,9.875,1017,17.375,33,23,26,116,113,113,0,1,11.6,météo idéale
2014-08-11,28,25,19,27,28,26,4.8,89,9.5,1017,54.125,33,24,26,119,116,116,0,1,11.6,météo favorable
2014-08-12,28,25,15,27,28,26,4,87,9.25,1017,43.75,33,25,27,200,200,116,0,1,11.6,météo correcte
2014-08-13,30,26,19,27,30,26,0.1,85,10,1018,37.5,34,24,26,116,113,116,0,1,11.6,météo favorable
2014-08-14,30,25,18,27,30,26,0.2,83,10,1018,27.875,34,23,27,119,113,113,0,1,11.6,météo idéale
2014-08-15,29,25,17,27,29,26,0.1,85,10,1018,35.5,34,23,26,116,113,119,0,1,10.3,météo favorable
2014-08-16,28,26,18,27,28,26,1.4,87,9.875,1017,52.375,33,25,27,119,113,116,0,1,11.6,météo favorable
2014-08-17,30,26,15,27,30,26,0.5,86,9.75,1017,45.625,35,25,26,200,200,113,0,1,11.6,météo correcte
2014-08-18,29,25,15,27,29,26,0.2,88,10,1016,39.75,34,25,26,116,116,116,0,1,11.6,météo favorable
2014-08-19,29,25,14,27,29,26,4.6,87,9.25,1016,31.75,34,24,26,116,356,113,0,1,11.6,météo correcte
2014-08-20,29,25,17,27,29,26,4.7,88,9.75,1017,42.625,34,24,26,116,116,116,0,1,11.6,météo favorable
2014-08-21,29,25,18,27,29,26,1.2,87,9.5,1015,50.25,34,25,26,116,200,116,0,1,10.2,météo correcte
2014-08-22,27,25,17,26,25,25,13,91,8.75,1012,60.375,32,24,25,116,122,116,0,1,10.2,météo défavorable
2014-08-23,27,25,22,26,26,25,13.5,90,8.25,1013,60.625,31,24,25,119,116,122,0,1,8.9,météo défavorable
2014-08-24,28,25,18,26,28,26,1.1,86,9.875,1013,52,33,24,27,119,116,116,0,1,11.6,météo favorable
2014-08-25,28,24,21,26,28,26,2.8,86,9.625,1013,43.5,33,24,26,116,116,116,0,1,11.6,météo favorable
2014-08-26,30,26,20,27,30,26,0.4,85,10,1016,36.75,35,24,27,119,113,113,0,1,11.6,météo favorable
2014-08-27,29,26,20,27,29,27,0.5,86,9.875,1017,39.75,34,24,27,116,113,116,0,1,11.6,météo favorable
2014-08-28,29,25,26,27,29,25,2.8,86,9.625,1016,38,33,24,25,119,113,113,0,1,11.6,météo favorable
2014-08-29,29,24,12,26,29,25,1.9,85,9.125,1017,29.25,33,23,26,113,116,113,0,1,11.6,météo favorable
2014-08-30,29,25,15,26,28,25,1.9,86,9.75,1018,26.375,33,24,26,116,200,116,0,1,11.6,météo correcte
2014-08-31,29,25,17,26,29,26,0.9,83,9.75,1018,32.5,32,24,26,116,113,116,0,1,11.6,météo favorable
2014-09-01,29,25,17,26,29,26,1,85,9.875,1017,30.625,33,23,26,116,113,116,0,1,11.6,météo favorable
2014-09-02,29,25,16,27,29,26,1,85,9.75,1015,32.75,34,24,27,116,113,113,0,1,11.6,météo favorable
2014-09-03,30,25,16,27,30,26,0.3,85,10,1016,36.875,35,24,26,116,113,116,0,1,11.6,météo favorable
2014-09-04,28,25,18,27,28,26,3.2,85,9.5,1016,46,32,24,26,116,116,116,0,1,11.6,météo favorable
2014-09-05,28,25,16,27,28,26,2.6,88,10,1017,36.75,33,25,26,113,116,116,0,1,11.6,météo favorable
2014-09-06,29,25,15,27,28,26,3.3,85,9.75,1015,22.5,33,24,26,113,113,113,0,1,11.6,météo favorable
2014-09-07,26,25,14,26,26,25,6.2,86,9.625,1017,51.625,30,24,26,116,116,119,0,1,8.9,météo favorable
2014-09-08,29,25,15,26,29,26,3.4,87,9.875,1017,42.625,33,24,26,116,113,116,0,1,11.6,météo favorable
2014-09-09,29,25,14,27,29,26,1,84,9.875,1017,31.625,34,24,27,116,116,113,0,1,11.6,météo favorable
2014-09-10,29,25,13,26,28,26,4.2,87,9.625,1016,34.625,33,24,26,116,113,116,0,1,11.6,météo favorable
2014-09-11,29,24,15,26,29,26,1,85,9.75,1015,36.75,33,24,26,116,113,116,0,1,11.6,météo favorable
2014-09-12,30,26,17,27,30,27,0.5,78,10,1016,36.25,33,24,28,116,113,113,0,1,11.6,météo favorable
2014-09-13,29,26,14,27,29,26,1.7,83,9.875,1014,53.25,34,24,27,116,116,116,0,1,8.8,météo favorable
2014-09-14,29,25,14,27,29,26,1.8,86,9.75,1016,40.5,34,24,26,116,113,116,0,1,11.6,météo favorable
2014-09-15,29,25,12,26,29,25,1,84,9.875,1016,25.625,33,24,26,116,176,113,0,1,11.6,météo favorable
2014-09-16,29,24,13,26,29,26,1,84,9.875,1016,17.5,35,24,26,113,113,113,0,1,11.6,météo favorable
2014-09-17,29,25,12,26,29,26,0.9,86,9.875,1015,20,34,24,26,113,113,116,0,1,11.6,météo idéale
2014-09-18,29,25,9,26,28,26,5.9,87,9.375,1015,25.875,35,25,26,113,113,200,0,1,11.6,météo favorable
2014-09-19,29,25,16,27,28,26,1.8,85,9.75,1015,22.75,34,24,26,113,113,116,0,1,11.6,météo idéale
2014-09-20,29,25,15,26,29,26,2.3,85,9.75,1015,23,34,24,26,113,113,116,0,1,11.6,météo idéale
2014-09-21,29,25,15,27,29,26,1.7,85,9.875,1016,38,34,24,27,116,113,116,0,1,11.6,météo favorable
2014-09-22,29,25,12,27,28,26,6.8,87,9.5,1014,35.125,35,25,26,116,116,116,0,1,11.6,météo favorable
2014-09-23,29,25,13,26,29,26,3.1,85,9.75,1015,18.5,34,24,26,113,113,113,0,1,11.6,météo favorable
2014-09-24,29,25,14,27,28,26,5.4,85,9.375,1016,28.5,34,24,26,113,119,113,0,1,10.2,météo correcte
2014-09-25,28,25,13,26,27,25,5.3,86,9.375,1014,36.125,32,24,25,113,119,116,0,1,10.2,météo correcte
2014-09-26,28,24,12,26,27,25,7.2,86,9,1012,25,32,24,26,200,200,113,0,1,11.6,météo correcte
2014-09-27,29,25,11,26,28,25,2.4,84,9.75,1014,27.625,33,24,26,200,113,113,0,1,11.6,météo idéale
2014-09-28,29,25,13,27,29,26,0.9,83,9.875,1015,18.5,34,24,27,116,113,113,0,1,11.6,météo idéale
2014-09-29,30,24,11,26,30,25,0,82,10,1015,8.75,35,24,27,113,113,113,0,1,11.6,météo favorable
2014-09-30,29,25,10,27,29,26,0.1,86,10,1016,6.5,36,26,28,113,113,113,0,1,11.6,météo favorable
2014-10-01,30,25,15,27,30,26,0.1,85,10,1016,10.875,35,24,27,113,113,113,0,1,11.6,météo favorable
2014-10-02,29,26,14,27,29,26,0.8,88,9.875,1017,29,35,25,27,116,113,116,0,1,11.6,météo favorable
2014-10-03,30,25,16,27,30,26,0.2,85,10,1016,20.875,37,25,27,116,113,113,0,1,11.6,météo favorable
2014-10-04,30,25,14,26,30,26,0,83,10,1015,12.25,35,24,28,113,113,113,0,1,11.6,météo favorable
2014-10-05,30,24,15,26,30,26,0,82,10,1015,5,35,24,26,113,113,113,0,1,11.6,météo favorable
2014-10-06,30,24,16,26,30,26,0,84,10,1015,18.5,34,23,26,113,113,116,0,1,11.6,météo idéale
2014-10-07,30,25,14,27,30,26,0,82,10,1015,22.625,34,23,26,116,113,113,0,1,11.6,météo idéale
2014-10-08,29,25,10,27,29,25,3,85,9.625,1013,28.375,36,25,26,116,113,113,0,1,11.6,météo favorable
2014-10-09,30,24,7,26,29,25,2.2,85,9.875,1011,13.375,36,24,26,113,113,113,0,1,11.6,météo favorable
2014-10-10,29,24,8,26,28,25,3.1,84,9.75,1012,16.125,34,25,26,113,113,113,0,1,11.6,météo favorable
2014-10-11,29,24,9,26,28,25,2.3,84,9.875,1015,16.125,34,25,26,113,113,116,0,1,11.6,météo idéale
2014-10-12,29,25,12,27,29,26,3.9,85,9.75,1015,20,35,24,26,113,113,116,0,1,11.6,météo favorable
2014-10-13,29,25,17,26,29,25,1.5,83,9.75,1014,28.75,34,24,26,116,113,116,0,1,11.6,météo idéale
2014-10-14,28,24,12,25,28,25,4.7,86,9.375,1014,29.25,33,23,26,116,116,113,0,1,11.6,météo favorable
2014-10-15,29,24,12,26,29,25,0,87,10,1015,12.625,35,24,26,113,113,113,0,1,11.6,météo favorable
2014-10-16,29,23,6,26,29,26,0.4,86,9.875,1015,14.75,39,25,27,113,113,116,0,1,11.6,météo favorable
2014-10-17,30,24,6,26,30,26,0.5,85,9.875,1014,21.125,38,25,27,113,113,116,0,1,11.6,météo favorable
2014-10-18,29,25,9,26,29,26,0.7,84,9.75,1014,26.625,34,24,26,116,113,116,0,1,11.6,météo idéale
2014-10-19,29,24,7,26,29,25,4.7,84,9.625,1014,23.125,34,24,26,116,113,113,0,1,11.6,météo favorable
2014-10-20,28,24,10,26,28,25,3.4,84,9.5,1015,19.25,32,24,26,113,116,116,0,1,8.7,météo favorable
2014-10-21,29,24,13,26,29,26,0.4,82,10,1015,20.25,34,24,26,113,113,113,0,1,8.7,météo idéale
2014-10-22,29,25,15,27,29,26,0.1,83,10,1015,20.75,34,24,27,116,113,113,0,1,8.7,météo idéale
2014-10-23,30,25,16,26,30,26,0.5,86,9.875,1014,19.875,34,24,27,113,113,113,0,1,8.7,météo idéale
2014-10-24,29,25,14,27,29,26,2.3,86,9.625,1014,25.5,34,24,27,116,113,113,0,1,8.7,météo idéale
2014-10-25,29,25,14,27,29,26,1,83,9.875,1013,16.875,34,24,27,113,113,113,0,1,8.7,météo idéale
2014-10-26,28,25,12,27,28,26,2.1,84,9.75,1013,17,34,24,26,113,113,113,0,1,8.7,météo idéale
2014-10-27,29,25,7,27,29,26,1.8,86,9.875,1014,15,35,25,26,113,113,116,0,1,8.7,météo favorable
2014-10-28,29,25,14,27,29,26,1.5,87,9.875,1016,25.5,34,24,26,113,113,116,0,1,8.7,météo idéale
2014-10-29,29,25,12,26,28,25,1.7,88,10,1013,49.25,34,25,26,116,116,119,0,1,8.7,météo favorable
2014-10-30,29,24,7,26,28,25,3.9,86,9.625,1011,29.125,34,25,26,113,113,113,0,1,8.7,météo favorable
2014-10-31,28,25,10,26,27,26,1.3,87,9.75,1013,22.5,33,24,27,113,113,113,0,1,8.7,météo idéale
2014-11-01,29,25,12,27,29,26,0.9,87,9.75,1015,21.375,35,25,27,113,113,116,0,1,8.7,météo favorable
2014-11-02,29,25,10,27,28,25,7.1,89,9.25,1016,37,35,25,26,116,200,200,0,1,8.7,météo correcte
2014-11-03,29,25,13,26,29,25,2.7,86,9.875,1015,23.625,33,24,25,113,113,116,0,1,8.7,météo idéale
2014-11-04,28,23,12,26,25,23,4.7,88,9.75,1012,65.125,31,23,24,113,119,122,0,1,5.7,météo défavorable
2014-11-05,26,23,9,24,26,24,4.1,81,8.875,1014,40.875,30,23,25,116,113,113,0,1,8.7,météo favorable
2014-11-06,28,24,15,26,28,26,2.6,87,9.875,1015,30.25,32,24,26,113,116,116,0,1,8.7,météo favorable
2014-11-07,26,24,12,25,24,24,9.1,95,7.25,1014,69.125,29,24,24,116,143,143,0,1,5.7,météo défavorable
2014-11-08,28,25,15,26,28,26,4.6,88,9.375,1013,45.75,33,24,26,116,200,119,0,1,8.7,météo correcte
2014-11-09,28,25,13,26,28,26,3.4,87,9.375,1014,46.875,33,25,26,116,200,113,0,1,8.7,météo correcte
2014-11-10,28,25,16,26,28,26,5.2,86,9.5,1014,32.5,33,24,26,113,116,113,0,1,8.7,météo favorable
2014-11-11,29,25,15,26,29,25,2,85,9.875,1013,23.125,33,24,26,116,113,113,0,1,8.7,météo idéale
2014-11-12,28,24,13,26,28,25,2.5,85,9.875,1013,22.625,32,24,25,113,113,116,0,1,8.7,météo idéale
2014-11-13,28,23,8,25,28,25,4,85,9.625,1014,15.875,32,23,25,113,116,116,0,1,8.7,météo favorable
2014-11-14,28,24,11,25,28,25,3.8,84,9.625,1015,17.125,32,23,26,113,113,113,0,1,8.7,météo favorable
2014-11-15,28,24,14,26,28,25,1.5,87,9.875,1017,26.75,32,24,25,116,113,116,0,1,8.7,météo idéale
2014-11-16,29,24,19,26,29,26,0.3,85,10,1018,42.5,32,24,26,116,113,116,0,1,8.7,météo favorable
2014-11-17,28,25,19,26,28,25,0.5,88,9.875,1017,52.625,32,24,25,116,116,116,0,1,8.7,météo favorable
2014-11-18,28,25,16,26,28,25,0.9,84,10,1016,38.5,32,24,26,113,113,116,0,1,8.7,météo favorable
2014-11-19,28,24,18,26,28,25,2.5,88,9.75,1017,46.625,32,23,25,116,116,116,0,1,8.7,météo favorable
2014-11-20,27,25,18,26,27,25,4.2,82,9.75,1017,34,30,23,25,116,113,113,0,1,8.7,météo favorable
2014-11-21,28,24,16,26,28,25,0.6,82,9.75,1016,33,31,23,25,116,113,116,0,1,8.7,météo favorable
2014-11-22,27,24,18,25,26,25,3.4,87,9.5,1017,46.875,30,23,25,116,116,119,0,1,7.2,météo favorable
2014-11-23,28,25,21,26,27,25,0.6,82,9.875,1017,58.625,31,23,25,116,116,116,0,1,8.7,météo correcte
2014-11-24,28,25,23,26,28,25,1,89,10,1017,59.5,31,23,25,116,116,119,0,1,7.2,météo correcte
2014-11-25,27,25,21,25,26,25,1.8,86,10,1017,62,30,23,25,119,116,116,0,1,7.2,météo correcte
2014-11-26,28,24,18,26,28,25,0.3,85,9.875,1016,37.125,31,22,25,116,113,116,0,1,8.7,météo favorable
2014-11-27,28,23,13,25,28,23,0.9,83,9.875,1015,24.25,31,22,24,113,113,113,0,1,8.7,météo idéale
2014-11-28,28,22,11,24,28,24,0,82,10,1015,7.375,33,23,25,113,113,113,0,1,8.7,météo idéale
2014-11-29,27,23,10,25,27,24,4.8,88,9.75,1015,25.625,31,24,24,113,113,113,0,1,8.7,météo favorable
2014-11-30,28,23,10,25,28,24,1.1,88,9.75,1017,16.5,33,23,25,113,113,113,0,1,8.7,météo idéale
2014-12-01,27,24,14,25,27,24,1.9,87,9.75,1016,28,30,23,24,113,116,116,0,1,8.7,météo favorable
2014-12-02,27,23,15,25,27,24,2.5,89,9.625,1014,45.25,30,23,24,116,116,116,0,1,8.7,météo favorable
2014-12-03,27,23,15,25,27,24,1.4,88,9.875,1013,45.75,30,23,25,116,116,116,0,1,8.7,météo favorable
2014-12-04,27,23,10,24,27,24,4.6,86,9.375,1014,46.125,31,23,24,116,113,116,0,1,7.2,météo favorable
2014-12-05,28,23,10,25,28,24,0.7,85,9.875,1014,35.375,31,23,24,113,119,113,0,1,7.2,météo correcte
2014-12-06,26,23,9,24,26,23,1.6,84,10,1013,23,30,22,24,113,116,113,0,1,8.7,météo favorable
2014-12-07,27,22,8,23,27,23,0.1,81,10,1013,10.5,34,24,24,113,113,116,0,1,8.7,météo idéale
2014-12-08,27,21,6,23,27,23,0,81,10,1015,5.75,36,24,24,113,113,113,0,1,8.7,météo favorable
2014-12-09,27,21,10,23,27,23,0,85,10,1015,4.25,31,23,24,113,113,113,0,1,8.7,météo idéale
2014-12-10,27,22,10,24,27,24,1.8,83,9.75,1015,18.375,30,23,24,113,116,116,0,1,8.7,météo favorable
2014-12-11,28,23,13,24,28,24,0.8,86,9.875,1018,11.5,32,23,24,113,113,113,0,1,8.7,météo idéale
2014-12-12,27,23,12,25,27,24,1.4,87,9.75,1017,27.125,30,23,24,116,113,113,0,1,8.7,météo idéale
2014-12-13,27,23,11,24,27,24,1.2,83,9.75,1015,20.875,30,22,25,116,113,113,0,1,8.7,météo idéale
2014-12-14,27,22,8,24,27,23,1.2,85,9.875,1013,18.125,30,22,24,113,113,116,0,1,8.7,météo idéale
2014-12-15,26,22,8,23,26,23,6.9,89,9.5,1015,55.5,29,23,23,122,116,119,0,1,8.7,météo correcte
2014-12-16,25,22,14,23,25,24,2.6,89,9.875,1017,59.875,27,22,24,119,119,119,0,1,4.1,météo correcte
2014-12-17,27,22,12,24,27,23,2.4,86,9.75,1017,29.5,31,23,23,116,113,113,0,1,8.7,météo idéale
2014-12-18,26,22,15,23,26,22,0.9,87,9.75,1017,25,29,21,23,113,113,116,0,1,8.7,météo idéale
2014-12-19,27,23,15,24,27,23,0.3,85,9.875,1016,35.5,29,21,23,113,116,119,0,1,8.7,météo favorable
2014-12-20,27,23,15,24,27,24,0.2,84,9.875,1017,30.5,29,21,24,113,116,116,0,1,8.7,météo favorable
2014-12-21,27,23,19,24,27,23,0,80,10,1018,20.25,29,21,24,116,113,113,0,1,8.7,météo idéale
2014-12-22,28,22,14,24,28,24,0.1,86,10,1017,28.375,31,22,24,119,113,116,0,1,8.7,météo idéale
2014-12-23,27,23,17,24,27,25,0.4,83,10,1017,46.625,30,22,25,113,119,116,0,1,5.7,météo correcte
2014-12-24,27,23,20,24,27,24,0.1,81,10,1017,28.5,29,21,24,116,113,116,0,1,8.7,météo idéale
2014-12-25,27,23,17,24,27,24,0.8,84,9.875,1019,41.75,29,21,24,116,116,116,0,1,8.7,météo favorable
2014-12-26,27,23,17,24,27,24,0.4,84,10,1018,42.375,29,21,24,116,113,116,0,1,8.7,météo favorable
2014-12-27,27,22,14,23,27,23,0.1,85,10,1018,23.625,29,21,23,113,113,113,0,1,8.7,météo idéale
2014-12-28,26,23,14,24,26,23,1.4,86,9.875,1017,37.625,28,21,24,116,116,116,0,1,8.7,météo favorable
2014-12-29,27,22,16,24,27,24,0.2,85,10,1019,36.875,29,22,24,116,113,116,0,1,8.7,météo favorable
2014-12-30,27,23,18,24,27,24,0.4,85,10,1021,40.375,29,22,24,116,113,116,0,1,8.7,météo favorable
2014-12-31,27,24,17,24,27,24,0.6,84,9.875,1020,37.125,30,22,24,116,113,113,0,1,11.4,météo favorable
2015-01-01,27,23,18,24,27,24,0.6,84,9.75,1020,39.25,30,22,24,116,113,176,0,1,11.4,météo favorable
2015-01-02,27,24,21,25,27,24,0.2,83,10,1021,34.75,29,22,24,116,113,116,0,1,11.4,météo favorable
2015-01-03,27,23,24,24,27,24,0.4,82,9.75,1021,46.125,29,21,24,116,116,116,0,1,11.5,météo favorable
2015-01-04,27,24,22,24,27,24,0.8,81,10,1022,55.625,29,21,24,119,113,116,0,1,10.1,météo correcte
2015-01-05,26,23,21,24,26,24,0.6,84,9.875,1022,30.375,29,21,24,113,116,116,0,1,11.5,météo favorable
2015-01-06,27,23,20,24,27,23,0.4,81,9.875,1021,32.25,29,21,24,116,113,113,0,1,11.5,météo favorable
2015-01-07,27,23,18,24,27,23,0.2,83,10,1018,24.75,28,21,23,116,113,116,0,1,11.5,météo idéale
2015-01-08,27,22,15,24,27,23,0.4,83,9.75,1018,22.5,29,21,24,116,113,113,0,1,11.5,météo idéale
2015-01-09,26,22,17,23,26,23,0.4,87,9.875,1019,28.125,28,21,23,116,116,113,0,1,11.5,météo favorable
2015-01-10,26,23,16,24,26,24,0.7,88,9.875,1020,22.25,29,22,24,113,113,113,0,1,11.5,météo idéale
2015-01-11,27,23,19,24,27,24,0.1,83,10,1020,44.75,29,22,24,119,116,116,0,1,11.5,météo favorable
2015-01-12,26,23,21,24,26,24,3.9,87,9.875,1020,57.5,28,22,24,116,116,116,0,1,10.1,météo correcte
2015-01-13,27,23,21,24,27,23,0.6,88,9.875,1018,45.125,29,22,23,116,113,116,0,1,10.1,météo favorable
2015-01-14,28,23,16,24,28,24,0.7,82,9.875,1017,36.5,31,21,24,116,113,113,0,1,11.1,météo favorable
2015-01-15,28,23,14,24,28,23,4.3,86,9.625,1017,29.125,31,21,24,116,113,113,0,1,11.1,météo favorable
2015-01-16,28,22,9,24,28,22,2.7,92,9.875,1017,13.75,32,22,23,113,113,113,0,1,11.1,météo idéale
2015-01-17,28,21,5,25,27,22,2.8,90,9.75,1017,24.25,32,23,23,113,116,116,0,1,11.1,météo favorable
2015-01-18,28,21,5,23,28,21,0.6,94,9.875,1017,33.875,32,22,22,116,113,116,0,1,11.1,météo favorable
2015-01-19,29,19,6,23,27,23,0.7,82,8.875,1017,14.75,34,22,23,113,113,116,0,1,11.1,météo idéale
2015-01-20,28,21,7,23,28,22,0.3,89,9.875,1017,16.25,30,21,22,113,116,116,0,1,11.1,météo favorable
2015-01-21,28,20,11,24,28,22,0,86,10,1016,9.625,32,21,23,113,113,113,0,1,11.1,météo idéale
2015-01-22,28,20,8,23,27,22,1.9,89,9.875,1017,30.125,30,22,23,116,116,116,0,1,11.1,météo favorable
2015-01-23,28,21,7,23,28,22,0.6,86,9.875,1017,20.625,32,21,23,116,113,113,0,1,11.1,météo idéale
2015-01-24,28,21,12,24,28,22,0.2,85,10,1017,11,31,21,23,113,113,113,0,1,11.2,météo idéale
2015-01-25,29,22,13,24,29,23,0,81,10,1017,7.25,31,21,24,113,113,113,0,1,11.6,météo idéale
2015-01-26,29,22,15,24,29,23,0,78,10,1016,18.125,31,21,24,116,113,116,0,1,11.6,météo idéale
2015-01-27,28,23,12,25,28,23,0.4,82,9.875,1017,13,31,22,24,113,113,113,0,1,11.6,météo idéale
2015-01-28,29,21,10,24,29,21,0,92,10,1017,4.25,33,24,22,113,113,113,0,1,11.6,météo idéale
2015-01-29,28,21,10,24,28,22,1.1,85,9.875,1017,13.75,30,21,23,113,113,113,0,1,11.6,météo idéale
2015-01-30,28,21,10,23,28,22,2.2,84,9.875,1017,17.125,30,21,23,113,113,113,0,1,11.6,météo idéale
2015-01-31,27,21,9,24,27,22,2.3,86,9.875,1018,22.25,30,21,23,116,113,113,0,1,11.6,météo idéale
2015-02-01,27,22,16,24,27,23,0.4,75,9.75,1019,35.125,29,20,23,119,116,113,0,1,11.6,météo favorable
2015-02-02,28,22,19,24,28,24,0.3,78,9.875,1019,22.625,29,20,24,113,116,113,0,1,11.6,météo favorable
2015-02-03,29,23,13,24,29,24,0.1,82,10,1019,20.875,31,22,25,116,113,113,0,1,11.6,météo idéale
2015-02-04,29,23,15,24,29,24,0.3,79,9.875,1018,13,31,21,24,113,113,113,0,1,11.6,météo idéale
2015-02-05,29,23,16,24,29,23,0,79,10,1017,12,31,20,24,113,113,113,0,1,11.6,météo idéale
2015-02-06,28,22,8,24,27,23,0.4,82,9.875,1016,11.25,34,24,24,113,113,116,0,1,11.6,météo idéale
2015-02-07,29,21,10,24,29,23,0,80,10,1016,10.625,34,22,24,113,113,116,0,1,11.6,météo idéale
2015-02-08,28,21,14,24,28,23,1.8,82,9.75,1017,20.5,31,21,24,113,113,116,0,1,11.6,météo idéale
2015-02-09,28,22,13,24,27,23,3.9,86,9.5,1016,18.625,30,21,24,113,113,113,0,1,11.6,météo favorable
2015-02-10,28,22,18,25,28,24,0.4,78,9.875,1013,26.5,30,21,25,116,113,113,0,1,11.6,météo idéale
2015-02-11,29,23,17,25,29,24,1.5,84,9.875,1013,27.875,31,22,24,116,113,113,0,1,11.6,météo idéale
2015-02-12,28,22,8,24,28,23,1.3,84,10,1016,40.125,30,21,23,113,119,116,0,1,10.2,météo correcte
2015-02-13,28,22,10,24,28,23,3.6,87,9.625,1017,29.375,31,22,23,116,116,113,0,1,11.6,météo favorable
2015-02-14,28,22,11,25,28,23,1.6,88,9.75,1017,20.875,31,22,23,113,116,113,0,1,11.6,météo favorable
2015-02-15,31,20,6,24,27,23,1.7,87,9.875,1018,32,34,22,23,113,116,119,0,1,10.2,météo favorable
2015-02-16,26,23,15,24,26,23,2.6,87,9.875,1019,56.5,28,21,23,116,119,116,0,1,7.3,météo correcte
2015-02-17,29,23,16,25,29,24,0.2,79,10,1018,25.25,31,21,25,116,113,113,0,1,11.6,météo idéale
2015-02-18,29,23,17,25,29,24,0.1,79,10,1018,27.25,31,21,24,116,116,113,0,1,11.6,météo favorable
2015-02-19,29,23,12,25,29,24,0.1,82,10,1016,24.5,32,21,24,116,113,113,0,1,11.6,météo idéale
2015-02-20,29,22,14,25,29,24,0,78,10,1018,8.75,32,24,24,113,113,113,0,1,11.6,météo idéale
2015-02-21,28,23,19,25,28,24,0.1,76,10,1019,19.25,30,21,25,113,116,113,0,1,11.6,météo favorable
2015-02-22,28,23,18,25,28,23,0.8,79,9.875,1019,24.5,30,20,24,113,113,116,0,1,11.6,météo idéale
2015-02-23,28,23,16,24,28,24,0.3,75,10,1019,9.875,30,20,24,113,113,113,0,1,11.6,météo idéale
2015-02-24,28,22,15,24,28,23,0.2,75,9.875,1017,11.5,30,20,25,116,113,113,0,1,11.6,météo idéale
2015-02-25,29,22,16,24,29,24,0.2,73,9.875,1017,11.5,30,20,25,113,116,113,0,1,11.6,météo favorable
2015-02-26,29,23,19,25,29,24,0.4,75,10,1018,19.375,30,20,24,116,113,116,0,1,11.6,météo idéale
2015-02-27,29,23,21,25,29,24,0.2,74,9.875,1019,21.375,30,20,24,113,113,116,0,1,11.6,météo idéale
2015-02-28,29,23,20,25,29,23,0.4,81,9.875,1020,37,30,20,24,116,113,116,0,1,11.6,météo favorable
2015-03-01,28,23,19,25,28,23,0.5,74,9.875,1021,29.375,29,19,24,116,113,113,0,1,11.6,météo idéale
2015-03-02,28,22,15,24,28,23,1.1,72,9.875,1019,16.5,29,19,24,113,113,113,0,1,11.6,météo idéale
2015-03-03,28,22,17,24,28,23,0.2,74,10,1018,13,29,19,24,113,113,113,0,1,11.6,météo idéale
2015-03-04,28,22,21,24,28,24,0.2,69,10,1019,22.5,29,19,24,113,116,113,0,1,11.6,météo favorable
2015-03-05,28,23,22,24,28,24,0.1,71,10,1020,27.125,29,19,24,116,116,113,0,1,11.6,météo favorable
2015-03-06,29,23,19,25,29,24,0.1,69,10,1020,17,30,19,25,113,113,113,0,1,11.6,météo idéale
2015-03-07,28,22,17,24,28,23,0.4,73,9.875,1021,37.5,29,19,24,119,113,113,0,1,11.6,météo favorable
2015-03-08,28,22,17,24,28,23,0.2,74,9.875,1019,22.75,29,19,23,113,116,113,0,1,11.6,météo favorable
2015-03-09,28,23,18,25,28,24,0.3,75,10,1018,15.875,29,19,24,113,113,116,0,1,11.6,météo idéale
2015-03-10,26,23,13,23,26,23,1,80,10,1018,49.875,28,20,23,116,116,116,0,1,8.8,météo favorable
2015-03-11,26,22,15,23,26,23,0.7,79,10,1017,54.875,28,20,23,116,116,116,0,1,8.8,météo favorable
2015-03-12,26,22,16,24,26,23,0.4,79,10,1017,63.75,28,20,24,116,116,176,0,1,7.4,météo correcte
2015-03-13,27,22,15,24,27,23,0.3,80,10,1017,52.875,29,20,24,116,116,116,0,1,8.8,météo favorable
2015-03-14,27,22,16,24,27,23,0.5,81,10,1018,50.625,29,21,24,116,116,116,0,1,8.8,météo favorable
2015-03-15,27,22,13,24,27,24,0.4,80,10,1018,48.875,30,21,24,116,113,116,0,1,8.8,météo favorable
2015-03-16,27,22,14,24,27,24,0.3,81,10,1018,57.625,29,21,24,113,116,176,0,1,7.4,météo correcte
2015-03-17,27,22,15,24,27,24,0.5,80,10,1017,50.875,30,21,24,113,113,113,0,1,8.8,météo favorable
2015-03-18,27,22,14,24,27,23,0.7,80,9.875,1017,48.375,29,21,24,113,116,113,0,1,8.8,météo favorable
2015-03-19,29,23,14,25,29,24,0,76,10,1018,27.125,31,20,24,116,113,113,0,1,11.6,météo idéale
2015-03-20,29,22,13,25,29,23,1,77,9.75,1018,15.5,31,20,24,113,116,176,0,1,11.6,météo favorable
2015-03-21,28,22,9,24,28,22,1.9,87,9.875,1017,26.75,31,21,23,113,116,113,0,1,11.6,météo favorable
2015-03-22,28,21,11,24,28,23,1.1,81,9.875,1017,20.75,31,21,24,113,116,116,0,1,11.6,météo favorable
2015-03-23,28,21,13,24,28,23,1,81,9.875,1018,14.5,30,21,23,113,116,113,0,1,11.6,météo favorable
2015-03-24,29,22,12,25,29,23,0.1,78,10,1019,10.75,32,21,24,113,116,113,0,1,11.6,météo favorable
2015-03-25,29,22,13,25,29,24,0.2,74,10,1019,9.375,31,21,25,113,116,113,0,1,11.6,météo favorable
2015-03-26,29,23,17,25,29,24,0.2,71,10,1018,14.25,30,20,25,113,113,113,0,1,11.6,météo idéale
2015-03-27,29,23,17,26,29,24,0.3,71,9.875,1019,21.875,30,20,25,116,116,113,0,1,11.6,météo favorable
2015-03-28,29,23,14,26,29,24,0.2,74,10,1021,12.375,31,21,26,116,113,113,0,1,11.6,météo idéale
2015-03-29,29,22,14,26,29,23,0.2,71,10,1020,20.125,30,20,24,113,116,113,0,1,11.6,météo favorable
2015-03-30,28,20,14,25,27,23,0.4,70,9.875,1018,12.875,29,21,25,113,116,113,0,1,11.6,météo favorable
2015-03-31,27,20,12,25,26,23,0.8,72,9.875,1017,24.875,29,21,24,116,116,113,0,1,11.6,météo favorable
2015-04-01,28,22,16,25,28,24,0.6,78,9.75,1018,19,30,22,24,113,116,113,0,1,11.6,météo favorable
2015-04-02,29,22,15,26,29,24,0.4,76,9.875,1019,20.125,31,21,24,113,113,116,0,1,11.6,météo idéale
2015-04-03,28,23,19,25,28,24,0.5,67,9.75,1018,30.5,29,20,24,116,116,113,0,1,11.6,météo favorable
2015-04-04,28,22,14,25,28,22,3.5,81,9.625,1015,27.25,30,20,23,116,116,116,0,1,11.6,météo favorable
2015-04-05,28,22,11,25,28,23,2.5,81,9.875,1015,13.375,31,21,23,113,113,113,0,1,11.6,météo idéale
2015-04-06,28,22,16,25,27,24,1.2,79,9.75,1017,19.125,30,21,24,116,113,113,0,1,11.6,météo idéale
2015-04-07,28,23,16,25,28,24,0.2,77,10,1017,20,30,20,24,116,113,113,0,1,11.6,météo idéale
2015-04-08,28,23,17,25,28,24,0.4,74,9.875,1017,27.75,30,20,24,116,116,113,0,1,11.6,météo favorable
2015-04-09,29,23,17,25,29,24,0.2,74,10,1018,25.875,31,20,24,113,113,116,0,1,11.6,météo idéale
2015-04-10,28,23,18,25,28,24,1.1,75,9.875,1018,36.875,30,20,24,119,113,113,0,1,11.6,météo favorable
2015-04-11,29,23,17,25,29,24,0.4,75,10,1018,17.75,31,20,25,113,116,113,0,1,11.6,météo favorable
2015-04-12,29,23,18,26,29,24,0.2,76,10,1019,20.125,30,20,24,116,113,113,0,1,11.6,météo idéale
2015-04-13,27,23,12,25,27,24,2.6,84,9.75,1016,53.625,30,22,24,116,113,116,0,1,8.9,météo favorable
2015-04-14,27,23,13,25,27,24,3.3,85,9.625,1016,54.875,30,22,24,116,116,116,0,1,8.9,météo favorable
2015-04-15,27,23,15,25,27,24,1.1,83,9.875,1016,53.125,30,21,24,116,116,116,0,1,8.9,météo favorable
2015-04-16,25,22,12,25,25,24,0,79,10,1018,11.75,27,21,24,113,113,113,0,1,11.6,météo idéale
2015-04-17,29,23,18,25,29,24,0.3,76,9.875,1018,22.25,31,20,24,113,116,113,0,1,11.6,météo favorable
2015-04-18,29,23,13,25,29,24,0.2,80,10,1017,16.75,32,21,25,116,113,113,0,1,11.6,météo idéale
2015-04-19,30,23,13,26,30,25,0.2,81,10,1016,6.875,33,22,26,113,113,113,0,1,11.6,météo idéale
2015-04-20,30,23,16,27,30,24,0.3,77,9.875,1017,11.5,33,22,26,113,113,113,0,1,11.6,météo idéale
2015-04-21,29,23,14,26,29,24,0.1,72,10,1018,8.75,33,21,25,113,113,113,0,1,11.6,météo idéale
2015-04-22,29,23,15,26,29,24,0,72,10,1016,9.5,31,21,26,116,113,113,0,1,11.6,météo idéale
2015-04-23,30,22,11,27,30,24,0,80,10,1016,20.875,33,21,25,113,116,113,0,1,11.6,météo favorable
2015-04-24,30,21,9,27,30,23,0.1,90,10,1015,14.75,33,22,24,113,116,113,0,1,11.6,météo favorable
2015-04-25,30,21,9,27,30,23,0,92,9,1016,11.625,34,23,24,113,113,113,0,1,11.6,météo idéale
2015-04-26,30,21,15,26,30,23,0,93,8,1014,7.625,33,22,23,113,113,113,0,1,11.6,météo idéale
2015-04-27,31,22,14,27,31,27,0,73,10,1014,5,36,24,28,113,113,113,0,1,11.6,météo favorable
2015-04-28,28,24,16,26,28,24,1.4,84,10,1017,54.5,31,22,25,116,113,116,0,1,11.8,météo favorable
2015-04-29,30,23,17,27,30,24,0,86,10,1015,1.75,33,24,26,113,113,113,0,1,12.5,météo idéale
2015-04-30,30,23,17,27,30,24,0,85,10,1015,0.75,34,23,26,113,113,113,0,1,12.9,météo idéale
2015-05-01,30,23,15,27,30,24,0,78,10,1016,2.875,33,24,27,113,113,113,0,1,12.9,météo idéale
2015-05-02,30,24,15,27,30,25,0.2,76,10,1015,19.75,33,23,27,113,113,113,0,1,12.9,météo idéale
2015-05-03,30,23,14,27,30,24,0.1,78,10,1016,2,34,22,27,113,113,113,0,1,12.9,météo idéale
2015-05-04,31,24,19,27,31,26,0.1,76,10,1018,12.25,33,22,26,116,113,113,0,1,12.9,météo idéale
2015-05-05,31,24,19,27,31,25,0,78,10,1020,10.5,33,22,25,116,113,113,0,1,12.9,météo idéale
2015-05-06,31,24,19,27,31,25,0.1,76,10,1018,13.25,33,21,26,113,113,113,0,1,12.9,météo idéale
2015-05-07,31,24,16,28,31,25,0.1,77,10,1018,12.875,34,23,27,113,113,113,0,1,12.9,météo idéale
2015-05-08,31,24,18,27,31,25,0.1,73,10,1019,10.5,33,21,26,113,113,113,0,1,12.9,météo idéale
2015-05-09,30,24,19,27,30,25,0.1,71,10,1019,29.75,31,20,26,116,113,113,0,1,13,météo idéale
2015-05-10,30,24,20,27,30,25,0.3,72,9.875,1018,33.5,32,21,26,116,116,116,0,1,13,météo favorable
2015-05-11,30,24,20,27,30,26,0,68,10,1019,31.75,32,21,26,116,116,116,0,1,13,météo favorable
2015-05-12,30,25,19,27,30,26,0.4,76,9.875,1019,47,33,21,26,116,116,119,0,1,13,météo favorable
2015-05-13,30,24,19,27,30,25,0.6,73,9.875,1019,27,33,21,26,116,116,113,0,1,13,météo favorable
2015-05-14,30,24,15,27,30,25,0.3,76,10,1018,19.25,33,21,25,116,113,116,0,1,13,météo idéale
2015-05-15,30,23,12,27,29,25,0.3,77,9.875,1018,20.75,33,21,25,113,113,113,0,1,13,météo idéale
2015-05-16,30,23,11,27,28,24,9.3,84,9.125,1018,28,33,22,24,116,116,356,0,1,13,météo correcte
2015-05-17,29,23,11,26,29,25,1.3,79,9.75,1019,27.75,32,21,25,116,116,116,0,1,13,météo favorable
2015-05-18,30,23,10,27,30,25,0.2,79,10,1018,22.25,33,21,25,113,116,113,0,1,13,météo favorable
2015-05-19,30,23,10,27,30,25,0.5,80,9.875,1017,18.375,34,22,26,113,116,113,0,1,13,météo favorable
2015-05-20,30,23,9,27,30,24,1.2,87,9.75,1016,22,33,23,25,116,116,113,0,1,13,météo favorable
2015-05-21,31,23,14,27,31,25,0.6,84,9.875,1017,23.5,34,23,26,116,116,113,0,1,13,météo favorable
2015-05-22,31,24,17,28,31,26,0.3,80,10,1019,24.25,34,23,26,113,113,116,0,1,13,météo idéale
2015-05-23,30,24,18,28,30,26,0.4,75,10,1020,40.625,33,22,26,116,116,113,0,1,13,météo favorable
2015-05-24,31,24,16,27,31,25,0.1,73,10,1019,12.875,33,22,26,113,113,113,0,1,13,météo idéale
2015-05-25,31,24,15,27,31,25,1.1,80,10,1018,12.625,33,22,25,113,113,113,0,1,13.1,météo idéale
2015-05-26,30,23,11,27,30,24,1.7,82,9.875,1017,15.75,33,22,24,113,176,113,0,1,13.1,météo favorable
2015-05-27,30,22,8,26,29,23,9.1,87,9.125,1015,21,34,22,24,113,116,356,0,1,13.1,météo correcte
2015-05-28,30,22,9,26,30,24,0.5,77,10,1015,11.125,34,22,26,113,113,113,0,1,13.1,météo idéale
2015-05-29,30,23,8,28,28,24,9.8,86,8.875,1016,22,35,24,25,116,113,116,0,1,13.1,météo correcte
2015-05-30,31,23,8,27,30,25,2.8,82,9.875,1016,39.5,35,23,26,116,116,116,0,1,13.1,météo favorable
2015-05-31,30,25,11,27,30,26,0.5,83,10,1017,56.625,35,23,26,116,119,116,0,1,12,météo correcte
2015-06-01,30,25,15,28,30,26,0.4,83,9.875,1017,27.25,35,23,26,113,116,113,0,1,13.1,météo favorable
2015-06-02,29,24,13,28,29,24,2.3,89,10,1016,45.75,33,23,25,116,116,113,0,1,13.1,météo favorable
2015-06-03,30,24,13,27,30,25,1.2,82,9.75,1015,25.625,34,23,26,113,116,113,0,1,13.1,météo favorable
2015-06-04,31,24,13,28,31,25,0.2,78,10,1016,28.75,34,23,26,116,116,113,0,1,13.1,météo favorable
2015-06-05,31,24,12,28,31,26,0.1,83,10,1016,29.125,34,23,26,116,116,116,0,1,13.1,météo favorable
2015-06-06,31,25,13,28,31,26,0.3,81,9.875,1015,31.375,35,23,26,116,116,113,0,1,13.1,météo favorable
2015-06-07,31,25,14,28,31,26,0.3,82,10,1017,18.125,35,23,26,113,113,113,0,1,13.1,météo favorable
2015-06-08,32,24,15,28,32,26,0.1,79,10,1017,7.25,35,24,28,113,113,113,0,1,13.5,météo favorable
2015-06-09,31,24,15,28,31,26,0.1,74,10,1016,0.625,39,26,28,113,113,113,0,1,13.5,météo favorable
2015-06-10,31,24,15,28,31,26,0.1,74,10,1016,7.625,35,25,26,113,113,113,0,1,13.5,météo favorable
2015-06-11,31,24,16,27,31,26,0.2,74,10,1018,20.75,33,22,26,113,113,113,0,1,13.5,météo idéale
2015-06-12,31,24,15,27,31,26,0.8,77,9.75,1018,26.625,34,23,27,116,116,113,0,1,13.5,météo favorable
2015-06-13,31,25,18,28,31,26,0.4,75,9.875,1018,32.375,34,23,27,113,176,113,0,1,13.5,météo favorable
2015-06-14,31,25,18,28,31,26,0.5,77,9.875,1017,21,34,23,27,116,176,113,0,1,13.5,météo favorable
2015-06-15,31,25,16,27,31,26,0.1,75,10,1018,7.25,34,22,27,113,113,113,0,1,13.5,météo idéale
2015-06-16,31,24,16,28,31,27,0,69,10,1018,17.375,34,23,27,113,113,116,0,1,13.5,météo idéale
2015-06-17,26,25,11,25,26,26,8,84,9.25,1017,40.25,30,24,26,293,293,200,0,1,13.5,météo correcte
2015-06-18,31,26,15,28,31,26,0.2,79,10,1018,24.5,36,23,27,116,113,113,0,1,13.5,météo favorable
2015-06-19,31,25,16,28,31,26,0.1,78,10,1018,16,35,23,27,116,113,113,0,1,13.5,météo favorable
2015-06-20,31,24,14,28,31,26,0.5,76,9.875,1018,22.125,34,23,26,113,200,113,0,1,13.5,météo correcte
2015-06-21,31,24,16,27,31,26,0.5,75,9.875,1019,14.875,33,22,26,113,113,113,0,1,13.5,météo idéale
2015-06-22,31,25,17,28,30,26,0.3,81,9.875,1019,36.875,34,23,27,116,113,200,0,1,13.5,météo favorable
2015-06-23,31,25,19,28,31,26,0.3,75,9.875,1020,36.875,35,23,27,116,116,116,0,1,13.5,météo favorable
2015-06-24,31,26,19,27,31,26,0.4,73,9.875,1021,45.25,34,23,27,119,113,113,0,1,13.3,météo favorable
2015-06-25,31,25,18,28,31,26,0.1,71,10,1021,15.5,34,21,26,116,113,113,0,1,13.5,météo idéale
2015-06-26,31,25,18,28,31,26,0.1,76,10,1020,25.25,34,22,27,116,113,113,0,1,13.5,météo idéale
2015-06-27,31,26,20,28,31,26,0.1,76,10,1020,50.625,35,23,27,119,119,116,0,1,12.1,météo correcte
2015-06-28,32,26,18,28,32,27,0.1,73,10,1020,45.125,36,23,27,119,113,116,0,1,13.3,météo favorable
2015-06-29,31,26,19,28,31,26,0.1,75,10,1020,30.875,34,22,26,119,113,113,0,1,13.3,météo favorable
2015-06-30,30,25,18,28,30,26,0.4,77,9.875,1019,33.625,33,23,26,116,116,116,0,1,13.5,météo favorable
2015-07-01,30,25,18,27,30,26,0.5,75,9.875,1019,37.75,34,23,27,116,116,113,0,1,13.5,météo favorable
2015-07-02,31,25,18,28,31,26,0.2,74,10,1019,39.875,34,22,26,116,122,113,0,1,13.3,météo correcte
2015-07-03,31,25,20,27,31,26,0.3,74,9.875,1018,58.625,34,22,26,119,119,116,0,1,12.1,météo correcte
2015-07-04,31,26,21,28,31,26,0.1,73,10,1018,41.625,34,22,27,119,113,113,0,1,13.3,météo favorable
2015-07-05,32,25,18,28,32,26,0.2,79,10,1019,39.125,35,23,27,116,113,119,0,1,13.3,météo favorable
2015-07-06,31,25,17,28,31,26,0.4,74,9.875,1018,41.625,35,22,27,116,119,113,0,1,13.3,météo correcte
2015-07-07,31,25,15,27,31,26,0.3,75,9.875,1018,46.125,34,23,27,119,119,113,0,1,12.1,météo correcte
2015-07-08,31,25,16,28,30,26,0.4,76,9.875,1018,49.5,34,23,27,119,122,116,0,1,12.1,météo correcte
2015-07-09,30,25,15,28,30,26,0.4,73,9.875,1017,38.125,34,23,27,116,116,113,0,1,13.5,météo favorable
2015-07-10,30,24,15,28,30,26,0.2,72,10,1017,9.75,33,22,27,113,113,113,0,1,13.5,météo idéale
2015-07-11,30,25,16,27,30,26,0.2,73,10,1018,42.5,33,22,27,116,119,116,0,1,12.1,météo correcte
2015-07-12,29,25,14,27,28,25,3.2,82,9.875,1018,51.625,32,23,26,116,116,119,0,1,13.3,météo favorable
2015-07-13,31,25,18,28,31,26,0,75,10,1018,17.625,34,22,26,116,113,113,0,1,13.5,météo idéale
2015-07-14,31,25,18,27,31,26,0.2,80,10,1018,37,34,23,27,116,113,116,0,1,13.5,météo favorable
2015-07-15,32,25,17,27,32,26,0,76,10,1017,32.25,35,23,27,116,113,113,0,1,13.5,météo favorable
2015-07-16,31,25,19,28,30,26,1.8,82,9.75,1018,44.125,34,23,26,116,116,353,0,1,13.3,météo favorable
2015-07-17,31,25,16,28,31,26,0.1,72,10,1018,14.75,35,23,27,113,113,113,0,1,13.5,météo favorable
2015-07-18,31,24,12,28,31,26,0.4,73,9.875,1018,13,34,23,26,113,113,116,0,1,13.5,météo idéale
2015-07-19,31,24,15,27,31,26,0,72,10,1018,15.25,34,22,26,113,113,113,0,1,13.5,météo idéale
2015-07-20,31,24,14,27,31,26,0.1,76,10,1017,17.625,34,23,26,116,113,113,0,1,13.5,météo idéale
2015-07-21,32,25,15,28,32,27,0.2,78,10,1016,34.5,36,23,27,119,113,113,0,1,13,météo favorable
2015-07-22,32,25,12,28,32,26,2,85,9.75,1018,22.75,37,24,27,116,113,386,0,1,13,météo favorable
2015-07-23,32,25,14,28,32,27,0,78,10,1019,7.25,37,24,28,113,113,113,0,1,13,météo favorable
2015-07-24,31,25,16,28,31,26,0.3,74,10,1019,26.75,35,23,28,116,119,113,0,1,10.3,météo correcte
2015-07-25,31,25,17,28,31,26,0.2,76,10,1018,7.375,34,24,28,113,113,113,0,1,11.6,météo idéale
2015-07-26,32,25,18,28,32,26,0.2,74,10,1017,13.375,35,23,27,116,113,113,0,1,11.6,météo favorable
2015-07-27,31,25,18,28,31,26,0.2,74,10,1018,31.5,34,22,27,116,116,113,0,1,11.6,météo favorable
2015-07-28,32,25,18,28,32,26,0,77,10,1017,24.375,35,23,27,113,113,113,0,1,11.6,météo favorable
2015-07-29,31,25,15,28,31,26,0.3,74,10,1017,25.75,34,23,27,116,116,113,0,1,11.6,météo favorable
2015-07-30,31,25,19,28,31,26,0.1,78,10,1018,12.875,35,23,27,113,113,113,0,1,11.6,météo favorable
2015-07-31,31,25,17,28,31,26,1.1,80,9.75,1017,34.75,35,23,27,116,113,116,0,1,11.6,météo favorable
2015-08-01,31,25,16,28,31,26,0.4,76,10,1017,22.375,35,22,27,116,116,113,0,1,11.6,météo favorable
2015-08-02,32,24,14,27,32,26,0.2,75,9.875,1015,16.75,35,23,27,113,116,113,0,1,11.6,météo favorable
2015-08-03,32,26,19,28,32,27,0.1,74,10,1017,27,36,23,27,116,113,113,0,1,11.6,météo favorable
2015-08-04,32,25,18,28,32,26,0.1,77,10,1018,22.625,35,23,27,113,113,113,0,1,11.6,météo favorable
2015-08-05,31,25,15,28,31,26,0.1,73,10,1017,19.125,34,23,27,113,113,113,0,1,11.6,météo idéale
2015-08-06,31,25,14,28,31,26,1,79,9.875,1016,18.375,35,22,26,113,113,113,0,1,11.6,météo favorable
2015-08-07,31,25,16,28,31,26,0.9,80,9.875,1015,18.625,35,23,27,113,113,113,0,1,11.6,météo favorable
2015-08-08,31,25,14,28,31,26,2.9,78,9.5,1015,26.5,35,24,27,116,113,113,0,1,11.6,météo favorable
2015-08-09,31,25,14,28,31,26,0.4,78,9.875,1015,20.125,35,24,28,113,116,113,0,1,11.6,météo favorable
2015-08-10,31,25,15,28,31,26,0.4,74,9.875,1016,14.375,35,22,27,113,113,113,0,1,11.6,météo favorable
2015-08-11,31,25,18,27,31,27,0.3,72,9.875,1017,23.25,35,22,27,116,113,113,0,1,11.6,météo favorable
2015-08-12,32,26,17,28,32,27,0.2,73,10,1016,26.75,35,23,27,116,113,113,0,1,11.6,météo favorable
2015-08-13,31,25,17,28,31,26,0.2,71,10,1016,18.875,34,23,27,113,113,113,0,1,11.6,météo idéale
2015-08-14,32,25,18,28,32,26,0.1,74,10,1017,14,34,22,27,113,113,113,0,1,11.6,météo idéale
2015-08-15,31,25,11,28,30,25,3.1,88,9.75,1016,27.875,36,24,26,116,116,116,0,1,11.6,météo favorable
2015-08-16,31,24,10,28,28,25,4.7,83,9.625,1017,30.625,35,24,26,116,116,116,0,1,11.6,météo favorable
2015-08-17,31,25,16,27,31,26,0.1,75,10,1017,18.25,34,23,26,116,113,113,0,1,11.6,météo idéale
2015-08-18,31,24,17,28,31,26,0,74,10,1017,7.125,36,23,28,113,113,113,0,1,11.6,météo favorable
2015-08-19,32,25,16,28,32,26,0,75,10,1017,3.875,36,23,28,113,113,113,0,1,11.6,météo favorable
2015-08-20,31,25,14,28,31,27,0.2,79,9.875,1016,19.25,37,25,27,113,119,113,0,1,10.3,météo correcte
2015-08-21,31,24,11,28,31,24,1.8,93,9.75,1016,21.875,36,24,26,116,113,113,0,1,11.6,météo favorable
2015-08-22,31,24,11,28,31,24,1.1,91,10,1015,11.625,36,25,26,113,116,113,0,1,11.6,météo favorable
2015-08-23,31,24,14,27,31,26,0.4,77,10,1014,8.75,35,24,27,113,113,113,0,1,11.6,météo favorable
2015-08-24,32,25,16,28,32,27,0.4,82,9.875,1014,21.25,37,24,27,116,113,176,0,1,11.6,météo favorable
2015-08-25,30,26,17,28,29,27,0.6,83,9.75,1014,32.625,34,24,27,116,116,116,0,1,11.6,météo favorable
2015-08-26,32,26,17,29,32,27,0.1,78,10,1015,24.875,37,24,28,116,113,113,0,1,11.6,météo favorable
2015-08-27,31,26,21,28,31,27,6,80,9.625,1013,62.125,37,24,27,119,116,119,0,1,7.5,météo correcte
2015-08-28,27,25,15,25,26,26,10.5,83,9.25,1016,67.875,31,24,26,119,119,116,0,1,8.9,météo défavorable
2015-08-29,31,26,17,28,31,27,0.1,80,10,1017,30.25,36,24,27,116,113,113,0,1,11.6,météo favorable
2015-08-30,30,26,15,28,30,27,0.9,83,9.625,1017,26.375,35,24,27,200,113,113,0,1,11.6,météo favorable
2015-08-31,32,26,15,28,32,30,0.4,67,10,1017,17,37,24,31,113,113,113,0,1,11.6,météo favorable
2015-09-01,29,25,13,27,29,26,1.4,83,9.875,1015,59.625,34,24,27,116,116,176,0,1,7.5,météo correcte
2015-09-02,32,25,10,28,32,25,1.6,93,8.625,1016,23.125,39,25,26,116,113,113,0,1,11.6,météo favorable
2015-09-03,31,23,9,29,31,24,0,91,8,1015,7,39,26,28,113,113,113,0,1,11.6,météo favorable
2015-09-04,29,25,13,26,29,26,8.2,85,9.75,1014,32.625,36,26,27,113,116,116,0,1,10.2,météo correcte
2015-09-05,28,25,12,27,28,26,5.2,84,9.5,1015,54.875,33,24,26,116,116,116,0,1,8.9,météo favorable
2015-09-06,32,26,14,28,32,26,1.8,78,9.75,1015,29.75,36,23,27,299,113,113,0,1,11.6,météo favorable
2015-09-07,28,25,11,28,28,27,0,77,10,1016,22,32,23,27,113,113,116,0,1,11.6,météo idéale
2015-09-08,32,26,15,28,32,26,0,77,10,1016,10.5,36,24,27,113,113,113,0,1,11.6,météo favorable
2015-09-09,32,26,14,28,32,27,0,78,10,1015,17.375,37,23,28,116,113,113,0,1,11.6,météo favorable
2015-09-10,33,26,14,29,33,27,0,78,10,1015,14.375,39,24,28,113,113,113,0,1,11.6,météo favorable
2015-09-11,32,26,15,29,32,27,1.9,78,9.875,1015,24.375,37,24,27,116,113,116,0,1,11.6,météo favorable
2015-09-12,31,26,18,28,30,27,0,79,10,1016,40.125,34,23,27,116,113,116,0,1,11.6,météo favorable
2015-09-13,32,26,18,28,32,27,0,77,10,1017,42.75,36,23,27,116,113,116,0,1,11.6,météo favorable
2015-09-14,32,26,16,28,32,27,0,77,10,1016,22.25,36,23,27,113,113,113,0,1,11.6,météo favorable
2015-09-15,31,26,18,28,30,27,1.3,80,10,1016,45.625,35,23,27,116,116,119,0,1,10.2,météo favorable
2015-09-16,29,25,11,27,29,26,1.6,84,9.875,1014,46.375,35,24,27,353,113,116,0,1,10.2,météo favorable
2015-09-17,29,25,12,27,29,26,2.4,85,9.875,1014,49.875,34,24,27,116,116,113,0,1,8.8,météo favorable
2015-09-18,29,25,12,27,29,26,3.3,85,9.75,1014,53.5,34,24,27,116,116,113,0,1,8.8,météo favorable
2015-09-19,29,25,14,27,29,26,3.3,84,9.625,1014,49.75,34,24,26,116,116,116,0,1,8.8,météo favorable
2015-09-20,29,24,11,27,29,24,10.7,92,8.875,1013,38.625,36,25,25,305,113,116,0,1,11.6,météo correcte
2015-09-21,29,24,9,28,29,25,16.4,87,9,1013,23.125,35,25,26,113,116,116,0,1,11.6,météo très défavorable
2015-09-22,30,24,11,27,30,25,14,86,9,1012,19.375,35,25,26,176,116,113,0,1,11.6,météo défavorable
2015-09-23,31,23,10,28,30,25,17.1,88,8.5,1013,14.5,36,25,26,113,113,359,0,1,11.6,météo très défavorable
2015-09-24,31,23,9,28,31,25,1,90,9.75,1013,16.875,37,24,25,113,113,116,0,1,11.6,météo favorable
2015-09-25,31,24,9,29,31,25,0.2,87,10,1014,10.25,38,25,26,113,113,113,0,1,11.6,météo favorable
2015-09-26,31,23,9,29,31,25,0.1,83,10,1014,7.5,38,25,28,113,113,113,0,1,11.6,météo favorable
2015-09-27,32,23,10,29,32,24,0,88,10,1015,3.25,38,27,26,113,113,113,0,1,11.6,météo favorable
2015-09-28,32,22,10,29,32,25,0,90,10,1014,4.375,42,26,26,113,113,113,0,1,11.6,météo correcte
2015-09-29,32,24,10,29,32,26,0,82,10,1012,10.875,42,25,26,113,113,113,0,1,11.6,météo correcte
2015-09-30,31,23,8,29,31,24,0,85,10,1011,5.875,41,26,25,113,113,113,0,1,11.6,météo correcte
2015-10-01,31,23,13,28,31,25,0.2,87,10,1009,14.875,37,24,26,113,113,113,0,1,11.6,météo favorable
2015-10-02,31,26,17,28,30,27,0.8,73,10,1009,26.875,36,24,28,116,113,113,0,1,11.6,météo favorable
2015-10-03,31,26,15,29,31,26,0.1,78,10,1011,25.375,35,23,27,113,116,113,0,1,11.6,météo favorable
2015-10-04,32,26,13,29,32,26,0,87,10,1013,13.375,37,24,27,113,113,113,0,1,11.6,météo favorable
2015-10-05,32,26,12,29,31,27,0.4,84,10,1016,31.25,38,25,27,116,116,113,0,1,10.2,météo favorable
2015-10-06,32,27,14,29,32,27,0.9,81,9.875,1016,25.5,38,24,27,116,113,113,0,1,11.6,météo favorable
2015-10-07,32,26,15,29,32,27,0.1,79,10,1016,25.5,37,24,27,116,113,113,0,1,11.6,météo favorable
2015-10-08,32,25,12,29,31,26,2.3,87,9.75,1014,25,38,24,27,113,113,200,0,1,11.6,météo favorable
2015-10-09,31,25,13,28,31,27,1.3,84,10,1016,29.625,36,24,27,113,116,116,0,1,11.6,météo favorable
2015-10-10,32,26,17,29,32,27,2.9,79,9.625,1016,23.5,36,24,28,113,113,113,0,1,11.6,météo favorable
2015-10-11,32,26,17,29,32,27,0,80,10,1015,26.625,37,24,27,113,113,116,0,1,11.6,météo favorable
2015-10-12,31,26,17,28,31,27,0.9,80,9.875,1015,27.875,36,24,27,116,113,116,0,1,11.6,météo favorable
2015-10-13,31,26,16,28,31,27,0.8,79,9.875,1015,24.25,36,23,27,116,113,116,0,1,11.6,météo favorable
2015-10-14,31,26,15,28,31,26,1.8,82,9.75,1015,24,36,24,27,116,113,113,0,1,11.6,météo favorable
2015-10-15,31,25,14,28,31,26,0.2,78,10,1015,16.375,36,24,27,113,113,113,0,1,11.6,météo favorable
2015-10-16,31,25,10,28,28,25,10.6,84,8.875,1014,22.125,36,25,26,113,200,113,0,1,11.6,météo correcte
2015-10-17,30,24,9,27,29,25,9.3,89,9.125,1016,18,36,25,25,113,113,113,0,1,11.6,météo correcte
2015-10-18,30,23,5,28,29,24,5.6,91,9.25,1016,16.875,38,25,25,113,113,113,0,1,11.6,météo favorable
2015-10-19,30,23,3,27,29,24,5.3,90,9.5,1016,19.25,36,25,25,116,113,113,0,1,11.6,météo favorable
2015-10-20,31,23,9,27,31,25,0.5,82,9.875,1015,13.875,36,24,26,113,113,113,0,1,11.6,météo favorable
2015-10-21,31,24,7,28,31,24,1.1,87,9.875,1015,12,37,24,26,113,113,113,0,1,8.7,météo favorable
2015-10-22,31,24,8,28,31,25,3.6,89,9.5,1014,14.75,37,25,26,113,113,113,0,1,8.7,météo favorable
2015-10-23,27,22,2,27,26,25,0.5,83,10,1011,8.5,34,25,27,113,113,113,0,1,8.7,météo idéale
2015-10-24,29,25,14,27,29,26,1,83,10,1014,51.375,33,23,26,116,113,116,0,1,5.7,météo favorable
2015-10-25,29,22,8,27,29,24,1.2,85,9.875,1014,12.875,36,24,25,113,116,113,0,1,8.7,météo favorable
2015-10-26,29,23,9,26,28,25,12.4,82,9,1015,30.125,33,23,25,113,116,356,0,1,8.7,météo correcte
2015-10-27,30,24,10,27,30,26,3.1,79,9.75,1016,37,35,23,27,116,116,113,0,1,8.7,météo favorable
2015-10-28,30,25,10,28,29,25,10.4,88,9,1016,28.375,35,24,25,113,116,116,0,1,8.7,météo correcte
2015-10-29,30,24,11,27,29,25,7.5,86,9.375,1015,19.375,35,25,26,113,200,113,0,1,8.7,météo correcte
2015-10-30,30,25,12,27,29,26,2.7,84,9.625,1014,20.25,36,25,26,113,116,113,0,1,8.7,météo favorable
2015-10-31,30,25,13,27,30,26,2.3,85,9.75,1015,22.5,35,24,26,113,113,116,0,1,8.7,météo favorable
2015-11-01,29,25,13,27,28,25,1.9,85,9.375,1014,36.5,34,23,26,200,116,113,0,1,7.2,météo favorable
2015-11-02,30,25,16,27,30,26,1.9,83,9.75,1014,27,34,23,26,113,113,116,0,1,8.7,météo idéale
2015-11-03,29,26,15,27,29,26,2.9,83,9.625,1015,43.375,34,24,27,119,200,176,0,1,8.7,météo correcte
2015-11-04,29,25,15,27,29,25,2.5,86,9.75,1015,32.5,33,24,26,116,116,113,0,1,8.7,météo favorable
2015-11-05,30,24,14,27,30,25,1.7,83,9.75,1015,25.375,34,23,26,116,113,113,0,1,8.7,météo idéale
2015-11-06,30,24,17,27,30,26,0.1,81,10,1016,19.5,33,23,26,113,113,113,0,1,8.7,météo idéale
2015-11-07,29,24,17,27,26,24,1.3,87,9.875,1015,47,32,23,25,116,116,116,0,1,7.2,météo favorable
2015-11-08,30,26,15,27,30,26,0.1,83,9.75,1016,38.875,34,23,27,116,200,113,0,1,8.7,météo correcte
2015-11-09,30,26,18,28,30,26,0.1,80,10,1017,31.125,34,24,26,116,113,116,0,1,8.7,météo favorable
2015-11-10,30,25,17,27,30,26,0.4,81,9.875,1018,28.75,33,23,26,116,113,113,0,1,8.7,météo idéale
2015-11-11,30,25,13,27,30,25,0.2,82,10,1016,16.25,35,23,26,113,113,113,0,1,8.7,météo favorable
2015-11-12,30,24,11,27,30,25,0.3,79,10,1015,24.875,34,23,26,116,116,113,0,1,8.7,météo favorable
2015-11-13,30,23,13,27,29,26,1.3,80,9.75,1015,22.875,33,23,26,116,113,116,0,1,8.7,météo idéale
2015-11-14,29,24,15,27,29,25,0.3,81,9.875,1016,21,33,22,26,116,113,113,0,1,8.7,météo idéale
2015-11-15,30,24,15,27,30,25,0.1,77,10,1017,11,34,23,26,113,113,113,0,1,8.7,météo idéale
2015-11-16,29,24,15,27,29,24,0.9,81,9.75,1015,28.125,32,22,25,116,113,113,0,1,8.7,météo idéale
2015-11-17,30,25,15,27,30,26,0.3,80,9.875,1014,18.25,33,22,26,116,113,113,0,1,8.7,météo idéale
2015-11-18,29,24,11,27,29,25,5.8,81,9.625,1014,30.75,33,23,26,116,116,113,0,1,8.7,météo favorable
2015-11-19,29,23,9,26,29,24,5.1,85,9.375,1014,23.875,33,23,24,113,116,113,0,1,8.7,météo favorable
2015-11-20,28,23,14,25,28,24,0.4,69,9.875,1013,30.75,30,21,25,119,113,113,0,1,8.7,météo favorable
2015-11-21,28,22,12,25,27,24,0.4,72,9.875,1014,16.75,32,22,24,113,116,113,0,1,8.7,météo favorable
2015-11-22,29,23,15,25,29,24,0.1,78,10,1015,17.375,31,21,25,116,113,113,0,1,8.7,météo idéale
2015-11-23,29,22,6,26,28,22,4.7,93,9.5,1014,31.25,33,24,23,116,116,116,0,1,8.7,météo favorable
2015-11-24,29,22,8,26,29,22,0.8,89,9.875,1014,16.625,33,24,23,113,113,113,0,1,8.7,météo idéale
2015-11-25,29,22,10,26,29,24,1.1,83,9.875,1015,16.375,33,22,24,113,113,113,0,1,8.7,météo idéale
2015-11-26,29,23,9,26,29,24,2.4,86,9.75,1016,16,33,23,25,113,113,113,0,1,8.7,météo idéale
2015-11-27,29,23,10,26,29,23,0.3,92,10,1014,26.25,33,23,24,116,113,113,0,1,8.7,météo idéale
2015-11-28,29,22,9,26,28,24,2.4,91,10,1014,30.125,33,23,24,113,116,116,0,1,8.7,météo favorable
2015-11-29,28,23,10,24,27,25,1,83,10,1014,62.5,31,22,25,116,119,116,0,1,5.7,météo correcte
2015-11-30,29,25,13,27,29,25,1.4,83,9.625,1014,32.25,33,23,26,116,116,113,0,1,8.7,météo favorable
2015-12-01,30,25,14,27,29,25,1.4,88,9.75,1015,30.625,34,24,26,116,113,116,0,1,8.7,météo favorable
2015-12-02,30,24,15,27,30,26,0.3,83,9.875,1016,16.125,34,24,26,113,113,113,0,1,8.7,météo idéale
2015-12-03,27,25,14,27,26,26,0,79,10,1017,47.625,29,23,26,116,116,116,0,1,8.7,météo favorable
2015-12-04,29,24,17,26,29,25,0.7,82,9.75,1019,34.125,32,22,25,116,116,116,0,1,8.7,météo favorable
2015-12-05,29,25,18,26,29,25,0.5,82,9.75,1020,35.75,32,22,25,116,116,176,0,1,8.7,météo favorable
2015-12-06,29,24,17,26,28,24,0.1,81,10,1019,20.375,31,22,25,113,113,113,0,1,8.7,météo idéale
2015-12-07,29,24,15,26,28,24,0.1,80,10,1016,20.625,32,22,25,113,113,113,0,1,8.7,météo idéale
2015-12-08,29,23,13,26,29,25,0.2,82,10,1016,18.375,32,22,25,113,113,113,0,1,8.7,météo idéale
2015-12-09,29,24,14,26,29,25,0.1,82,10,1017,13.75,34,22,25,113,113,113,0,1,8.7,météo idéale
2015-12-10,29,23,12,26,29,23,0,86,10,1017,12.25,34,22,24,113,113,113,0,1,8.7,météo idéale
2015-12-11,29,22,13,26,29,25,1.4,79,9.75,1017,15.375,32,22,26,116,113,113,0,1,8.7,météo idéale
2015-12-12,29,24,14,26,29,25,0.2,77,10,1017,17.75,32,22,25,113,113,113,0,1,8.7,météo idéale
2015-12-13,28,24,15,26,28,24,0.7,77,9.875,1016,21.125,31,21,25,113,116,113,0,1,8.7,météo favorable
2015-12-14,29,23,14,25,29,24,0.1,81,10,1015,19.375,31,21,25,113,113,113,0,1,8.7,météo idéale
2015-12-15,29,23,14,25,29,24,0.1,77,10,1014,21.375,31,21,25,116,113,113,0,1,8.7,météo idéale
2015-12-16,29,23,13,25,29,24,0.2,81,10,1015,17.625,31,21,25,113,113,113,0,1,8.7,météo idéale
2015-12-17,29,24,16,25,29,24,0.2,80,10,1016,26.75,32,21,25,116,113,116,0,1,8.7,météo idéale
2015-12-18,27,23,16,24,27,24,0.5,81,10,1017,52.375,30,21,24,116,116,116,0,1,5.7,météo favorable
2015-12-19,27,23,14,24,27,24,0.9,83,10,1016,52.375,30,21,24,116,116,116,0,1,5.7,météo favorable
2015-12-20,27,23,15,24,27,24,1.5,83,9.875,1016,53.875,30,21,24,116,116,116,0,1,5.7,météo favorable
2015-12-21,29,24,18,25,29,25,0.2,76,10,1019,35.875,31,21,25,116,113,119,0,1,8.7,météo favorable
2015-12-22,29,25,20,26,29,25,0.3,75,10,1019,34.25,31,21,25,119,113,113,0,1,7.2,météo favorable
2015-12-23,29,24,18,25,29,25,0.3,80,10,1019,39,31,21,25,116,113,116,0,1,8.7,météo favorable
2015-12-24,29,24,21,26,29,25,0.1,80,10,1020,30.75,31,21,25,116,113,116,0,1,8.7,météo favorable
2015-12-25,28,24,21,25,28,25,0.5,81,9.875,1020,42.125,31,21,25,116,113,116,0,1,8.7,météo favorable
2015-12-26,29,24,19,25,29,24,0.7,82,10,1019,26.125,31,21,24,116,113,116,0,1,8.7,météo idéale
2015-12-27,29,24,18,25,29,24,0.1,77,10,1017,30.5,30,21,25,116,113,116,0,1,8.7,météo favorable
2015-12-28,26,23,16,24,26,24,0.9,84,9.875,1017,59.5,29,21,24,116,116,116,0,1,5.7,météo correcte
2015-12-29,29,24,19,25,29,24,0.2,78,10,1021,33,31,21,25,116,113,116,0,1,8.7,météo favorable
2015-12-30,28,24,19,25,28,25,1,77,9.625,1022,41.25,30,21,25,116,116,176,0,1,8.7,météo favorable
2015-12-31,28,24,19,25,28,24,0.4,80,9.75,1020,19.75,30,20,24,113,113,116,0,1,11.4,météo idéale
2016-01-01,29,24,16,25,29,24,0.3,80,10,1019,22,30,20,24,113,113,116,0,1,11.4,météo idéale
2016-01-02,28,23,15,25,28,23,0.1,77,10,1018,11.625,30,21,26,113,113,113,0,1,11.4,météo idéale
2016-01-03,29,22,15,24,29,23,0,79,10,1018,9.875,30,21,24,113,113,113,0,1,11.5,météo idéale
2016-01-04,27,23,17,24,27,24,0.6,83,10,1018,55.625,29,21,24,116,116,116,0,1,8.7,météo correcte
2016-01-05,29,20,9,24,28,22,1.4,84,9.875,1018,19.75,32,22,23,113,113,116,0,1,11.5,météo idéale
2016-01-06,27,22,12,25,25,24,1.8,85,9.625,1017,30.875,30,22,24,116,116,176,0,1,11.5,météo favorable
2016-01-07,28,23,13,25,28,23,0.1,84,10,1017,19.875,31,21,24,113,113,113,0,1,11.5,météo idéale
2016-01-08,29,21,5,25,29,22,0.6,91,10,1016,13.875,33,22,23,113,113,113,0,1,11.5,météo idéale
2016-01-09,29,21,6,24,29,22,0.5,90,9.875,1015,21,32,21,23,113,113,116,0,1,11.5,météo idéale
2016-01-10,29,22,9,24,29,24,0.1,81,10,1016,16,33,21,24,113,113,116,0,1,11.5,météo idéale
2016-01-11,29,21,12,24,29,24,0.6,81,9.875,1018,29.625,31,21,24,116,176,116,0,1,11.5,météo favorable
2016-01-12,29,21,11,24,29,23,0,78,10,1018,2.5,33,23,24,113,113,113,0,1,11.5,météo idéale
2016-01-13,28,22,14,24,28,23,0,71,10,1018,11.625,30,21,25,113,113,113,0,1,11.5,météo idéale
2016-01-14,27,21,12,24,27,23,0.1,68,10,1018,13.625,29,20,25,113,116,113,0,1,11.1,météo favorable
2016-01-15,27,21,14,24,27,23,0.2,70,9.875,1017,27.25,28,19,24,116,113,113,0,1,11.1,météo idéale
2016-01-16,28,22,11,24,27,23,0.2,80,10,1016,33.125,30,20,24,116,116,113,0,1,11.1,météo favorable
2016-01-17,28,21,11,25,28,23,0.1,81,10,1017,23.5,31,21,24,113,116,113,0,1,11.1,météo favorable
2016-01-18,27,20,12,24,27,23,0.2,80,10,1017,23.5,29,22,25,113,116,113,0,1,11.1,météo favorable
2016-01-19,28,22,10,24,28,23,0.5,83,9.875,1018,23.125,31,23,24,113,116,116,0,1,11.1,météo favorable
2016-01-20,28,22,11,24,28,23,0.4,79,9.875,1018,21.125,31,21,24,113,119,113,0,1,10.1,météo correcte
2016-01-21,29,21,12,24,29,24,0,77,10,1018,10,31,21,24,113,113,113,0,1,11.1,météo idéale
2016-01-22,28,23,14,24,28,23,0.1,78,10,1018,14.625,31,20,24,113,113,116,0,1,11.1,météo idéale
2016-01-23,28,23,16,25,28,24,0.4,75,9.875,1017,20.375,30,20,25,113,116,113,0,1,11.1,météo favorable
2016-01-24,28,22,13,25,28,22,0.1,89,10,1017,38.5,30,21,23,116,116,116,0,1,11.2,météo favorable
2016-01-25,29,21,17,24,28,23,0,77,10,1020,9.25,31,21,25,113,113,113,0,1,11.2,météo idéale
2016-01-26,29,23,18,25,29,24,0,74,10,1021,20.625,30,20,24,116,113,113,0,1,11.6,météo idéale
2016-01-27,28,24,21,25,28,24,0,72,10,1019,11.375,30,20,25,113,113,113,0,1,11.6,météo idéale
2016-01-28,28,23,17,24,28,24,0.2,76,9.875,1019,19.375,30,20,24,116,113,116,0,1,11.6,météo idéale
2016-01-29,29,21,13,25,29,22,0,83,10,1017,14,33,20,23,116,113,113,0,1,11.6,météo idéale
2016-01-30,28,22,12,23,28,23,0.1,77,10,1018,24,30,21,24,113,116,113,0,1,11.6,météo favorable
2016-01-31,29,23,15,24,29,24,0.1,73,10,1019,17.25,30,20,24,113,113,113,0,1,11.6,météo idéale
2016-02-01,28,22,13,24,27,23,0.2,79,10,1017,14.5,30,20,24,113,113,113,0,1,11.6,météo idéale
2016-02-02,29,22,9,24,29,22,0,83,10,1017,10.5,33,20,23,113,113,113,0,1,11.6,météo idéale
2016-02-03,28,21,11,24,28,23,0.7,80,10,1016,22.75,31,20,24,116,116,113,0,1,11.6,météo favorable
2016-02-04,28,21,14,24,28,22,0.4,77,9.875,1016,11.375,30,19,23,113,113,113,0,1,11.6,météo idéale
2016-02-05,27,20,5,23,27,21,1,83,9.875,1017,22,29,19,22,113,116,116,0,1,11.6,météo favorable
2016-02-06,28,19,11,24,28,23,0.3,80,9.875,1018,14.625,31,20,23,113,113,116,0,1,11.6,météo idéale
2016-02-07,29,22,15,25,29,23,0.3,85,10,1017,12.75,31,22,24,116,113,113,0,1,11.6,météo idéale
2016-02-08,29,22,11,25,29,23,0.1,83,10,1018,10.125,32,22,24,113,113,113,0,1,11.6,météo idéale
2016-02-09,29,22,13,25,29,24,0,83,10,1019,8.625,33,22,25,113,113,113,0,1,11.6,météo idéale
2016-02-10,29,22,14,25,29,23,0.3,80,9.875,1020,25.75,31,22,24,116,113,113,0,1,11.6,météo idéale
2016-02-11,29,22,13,24,29,23,0.1,76,10,1020,8.5,32,21,25,113,113,113,0,1,11.6,météo idéale
2016-02-12,29,22,15,24,29,23,0.2,78,9.875,1020,20.75,30,20,24,116,113,113,0,1,11.6,météo idéale
2016-02-13,28,22,14,24,28,22,0.4,84,9.875,1018,18,30,20,23,116,113,113,0,1,11.6,météo idéale
2016-02-14,28,22,14,24,28,23,0.4,78,10,1016,16.5,30,20,23,113,116,116,0,1,11.6,météo favorable
2016-02-15,28,21,18,24,28,24,1.2,80,9.875,1016,34.125,30,21,24,116,113,116,0,1,11.6,météo favorable
2016-02-16,29,24,20,25,29,24,0.2,79,10,1016,35.625,31,21,25,116,116,116,0,1,11.6,météo favorable
2016-02-17,29,23,14,25,29,24,0.6,83,10,1017,17.625,32,22,25,113,116,113,0,1,11.6,météo favorable
2016-02-18,30,22,14,25,30,23,0.4,90,10,1017,14.625,33,22,24,113,113,113,0,1,11.6,météo idéale
2016-02-19,30,22,11,25,27,23,6.9,89,9.5,1017,16.75,35,22,23,113,116,113,0,1,11.6,météo favorable
2016-02-20,27,23,18,24,27,23,0.6,78,10,1017,45.25,29,21,23,116,116,116,0,1,10.2,météo favorable
2016-02-21,29,22,12,24,29,23,0.7,85,9.875,1015,32.375,31,21,23,113,116,116,0,1,10.2,météo favorable
2016-02-22,28,21,7,24,28,22,0.4,91,9.875,1014,19.625,32,21,22,113,113,113,0,1,11.6,météo idéale
2016-02-23,29,22,14,25,29,23,0.2,79,10,1017,9.375,31,22,25,113,113,113,0,1,11.6,météo idéale
2016-02-24,29,23,18,25,29,24,0.3,79,9.875,1018,20,31,21,25,113,116,113,0,1,11.6,météo favorable
2016-02-25,29,23,17,25,29,24,0.3,78,9.875,1018,23,31,21,26,116,113,113,0,1,11.6,météo idéale
2016-02-26,28,22,15,25,28,24,0.5,80,9.875,1018,18.125,30,21,24,116,113,113,0,1,11.6,météo idéale
2016-02-27,29,22,14,24,29,23,0.2,79,10,1017,9.625,30,21,24,113,113,113,0,1,11.6,météo idéale
2016-02-28,28,22,9,25,27,23,2.3,79,9.75,1018,24.625,30,21,24,116,116,116,0,1,11.6,météo favorable
2016-02-29,28,21,14,25,28,24,0.4,77,10,1018,12.375,30,21,24,113,113,113,0,1,11.6,météo idéale
2016-03-01,29,23,16,25,29,24,0.2,76,10,1018,13,31,21,25,113,113,113,0,1,11.6,météo idéale
2016-03-02,29,23,15,25,29,24,0.2,79,10,1018,22,31,21,24,116,113,113,0,1,11.6,météo idéale
2016-03-03,29,23,13,25,28,23,2.2,80,9.875,1017,30,31,21,24,116,116,353,0,1,11.6,météo favorable
2016-03-04,29,23,15,25,29,24,1.5,83,9.75,1016,27.125,31,21,24,113,113,176,0,1,11.6,météo idéale
2016-03-05,29,23,10,25,28,24,2.3,87,9.75,1016,30.875,32,22,24,116,116,116,0,1,11.6,météo favorable
2016-03-06,28,22,8,25,28,24,1.6,85,9.625,1017,44.625,31,22,24,116,116,116,0,1,10.2,météo favorable
2016-03-07,29,21,9,25,27,23,8,88,9.125,1017,49.25,34,23,23,119,116,119,0,1,10.2,météo correcte
2016-03-08,26,22,17,24,26,23,0.8,77,10,1018,56.625,28,21,23,119,119,116,0,1,7.4,météo correcte
2016-03-09,27,22,21,24,27,23,0.1,68,10,1020,19.25,28,18,23,113,116,113,0,1,10.2,météo favorable
2016-03-10,27,21,17,24,27,22,0.6,71,9.75,1021,18,28,17,23,113,116,113,0,1,11.6,météo favorable
2016-03-11,28,22,21,24,28,23,0.1,73,10,1020,9.125,29,18,23,113,113,113,0,1,11.6,météo idéale
2016-03-12,28,22,19,25,28,23,0.5,82,9.75,1020,33.625,29,20,24,116,116,116,0,1,10.2,météo favorable
2016-03-13,28,23,18,25,28,24,0.5,82,9.75,1018,49,30,21,24,119,116,116,0,1,11.6,météo favorable
2016-03-14,28,23,17,25,28,24,0.9,85,9.875,1018,53.5,31,21,24,119,116,116,0,1,11.6,météo favorable
2016-03-15,29,23,13,25,29,24,1.1,84,9.875,1017,39.5,31,21,24,116,116,116,0,1,11.6,météo favorable
2016-03-16,29,23,10,25,28,24,1.4,82,9.875,1017,23.875,31,22,24,113,116,113,0,1,11.6,météo favorable
2016-03-17,29,22,14,24,29,23,0,72,10,1018,5.625,33,21,24,113,113,113,0,1,11.6,météo idéale
2016-03-18,29,22,16,25,29,24,0,75,10,1017,1.5,31,22,25,113,113,113,0,1,11.6,météo idéale
2016-03-19,29,22,16,25,29,24,0,77,10,1018,2,31,23,25,113,113,113,0,1,11.6,météo idéale
2016-03-20,30,22,15,25,30,24,0.1,78,10,1018,6.25,32,22,26,113,113,113,0,1,11.6,météo idéale
2016-03-21,30,23,15,26,30,23,0.2,78,9.875,1018,16.625,32,22,26,116,113,113,0,1,11.6,météo idéale
2016-03-22,29,23,15,26,29,24,0.2,73,10,1020,12.25,31,21,26,113,116,113,0,1,11.6,météo favorable
2016-03-23,29,23,18,26,29,24,0.5,79,9.75,1020,27.75,31,21,24,113,116,116,0,1,11.6,météo favorable
2016-03-24,29,24,18,25,29,24,0,77,10,1019,28,31,21,25,116,113,116,0,1,11.6,météo idéale
2016-03-25,29,24,21,26,29,25,0.1,75,10,1019,30.625,31,20,25,113,113,116,0,1,11.6,météo favorable
2016-03-26,29,24,22,25,29,25,0,74,10,1020,39,30,20,25,119,116,113,0,1,11.6,météo favorable
2016-03-27,29,23,20,25,29,24,1.3,74,9.875,1021,29.75,31,20,24,116,113,113,0,1,11.6,météo idéale
2016-03-28,29,23,19,25,29,24,0.2,73,10,1019,17.75,30,20,24,113,113,113,0,1,11.6,météo idéale
2016-03-29,28,22,16,25,28,24,0.2,77,10,1018,23.875,30,20,24,116,113,116,0,1,11.6,météo idéale
2016-03-30,27,22,13,25,27,24,1.2,75,9.875,1018,30,29,20,24,116,113,113,0,1,11.6,météo favorable
2016-03-31,28,23,18,26,28,24,1.9,80,9.625,1019,30.75,30,21,24,116,116,116,0,1,11.6,météo favorable
2016-04-01,28,23,15,25,28,23,5.5,83,9.5,1018,24.625,30,21,24,113,116,113,0,1,11.6,météo favorable
2016-04-02,28,23,17,25,28,24,4.8,84,9.625,1017,15.25,31,22,25,116,113,113,0,1,11.6,météo favorable
2016-04-03,29,23,14,25,29,24,0.2,79,10,1017,22.75,31,22,25,116,116,113,0,1,11.6,météo favorable
2016-04-04,29,23,13,26,29,24,0,77,10,1018,16.125,31,21,24,113,116,113,0,1,11.6,météo favorable
2016-04-05,29,21,8,26,29,23,0.1,83,10,1017,13.125,33,21,24,113,113,113,0,1,11.6,météo idéale
2016-04-06,30,21,7,27,29,23,0,80,10,1016,14,34,21,24,113,113,113,0,1,11.6,météo idéale
2016-04-07,29,22,12,26,29,23,0.3,84,10,1016,12,32,22,24,113,113,113,0,1,11.6,météo idéale
2016-04-08,29,22,14,26,29,24,0.4,78,9.875,1016,13.625,32,23,25,113,116,113,0,1,11.6,météo favorable
2016-04-09,30,23,17,26,30,25,0.1,78,10,1016,11.75,32,21,25,113,113,113,0,1,11.6,météo idéale
2016-04-10,30,23,15,26,30,25,0,77,10,1017,17,32,21,25,113,113,116,0,1,11.6,météo idéale
2016-04-11,30,23,13,26,29,24,1.9,84,9.75,1016,19.5,32,22,24,113,116,113,0,1,11.6,météo favorable
2016-04-12,30,22,8,26,29,26,7.2,70,9.625,1016,20.25,33,21,27,113,176,176,0,1,11.6,météo favorable
2016-04-13,27,23,12,25,27,24,2.6,84,9.75,1016,55,30,22,24,116,113,116,0,1,8.9,météo correcte
2016-04-14,27,23,13,25,27,24,3.3,85,9.625,1016,53.5,30,22,24,116,116,116,0,1,8.9,météo favorable
2016-04-15,27,23,15,25,27,24,1.1,82,9.875,1016,52.625,30,21,24,116,116,116,0,1,8.9,météo favorable
2016-04-16,27,23,15,25,27,24,1.8,83,9.875,1017,52.875,29,21,24,116,116,116,0,1,8.9,météo favorable
2016-04-17,27,23,15,25,27,24,1.3,83,10,1017,58.5,29,21,24,116,116,116,0,1,8.9,météo correcte
2016-04-18,27,23,15,25,27,24,1,82,10,1017,61.625,30,21,24,176,116,116,0,1,8.9,météo correcte
2016-04-19,27,23,14,25,27,24,1.1,83,9.875,1017,61.125,30,21,24,116,116,176,0,1,7.5,météo correcte
2016-04-20,27,23,14,25,27,24,1.1,83,10,1016,59.875,30,22,25,116,116,176,0,1,7.5,météo correcte
2016-04-21,29,23,15,26,29,25,0,72,10,1017,44.375,31,19,25,116,116,119,0,1,10.2,météo favorable
2016-04-22,29,23,13,26,29,25,1.1,87,9.75,1017,49.375,32,23,25,116,116,119,0,1,10.3,météo favorable
2016-04-23,30,24,12,27,30,25,1.8,89,9.625,1015,35.25,35,23,25,116,113,116,0,1,11.6,météo favorable
2016-04-24,30,23,14,27,30,24,1.7,92,9.75,1014,26.375,34,23,25,113,116,116,0,1,11.6,météo favorable
2016-04-25,29,23,5,27,28,24,10.9,90,9,1013,53.875,35,24,25,119,116,116,0,1,10.3,météo correcte
2016-04-26,29,23,8,26,29,24,1.3,86,10,1012,44.75,33,23,24,116,116,116,0,1,11.6,météo favorable
2016-04-27,30,24,13,27,30,25,1.3,82,9.75,1013,35.75,33,23,26,116,116,116,0,1,12.5,météo favorable
2016-04-28,30,23,12,27,29,24,4.1,87,9.5,1014,21.875,35,24,26,116,113,113,0,1,12.5,météo favorable
2016-04-29,29,23,10,27,29,24,8.4,87,9.375,1014,26.5,33,23,25,113,116,113,0,1,12.9,météo correcte
2016-04-30,26,23,11,26,26,23,6.6,88,9.25,1014,31.75,29,23,24,122,116,113,0,1,12.9,météo favorable
2016-05-01,27,22,11,26,27,23,7.3,84,9.25,1016,26.5,31,23,24,116,116,116,0,1,12.9,météo favorable
2016-05-02,28,22,11,26,28,23,4.9,83,9.75,1017,29.625,31,22,24,113,116,119,0,1,12.9,météo favorable
2016-05-03,29,23,14,26,29,25,2.4,80,9.625,1017,24.5,31,22,25,113,116,113,0,1,12.9,météo favorable
2016-05-04,29,23,13,26,29,24,8.9,87,9,1016,22.625,32,23,24,113,116,113,0,1,12.9,météo correcte
2016-05-05,29,24,13,26,28,25,3.5,87,9.5,1015,19.25,33,24,25,113,113,113,0,1,12.9,météo favorable
2016-05-06,30,25,15,27,30,26,1,86,9.875,1014,30.375,34,24,26,116,113,113,0,1,12.9,météo favorable
2016-05-07,30,25,18,28,30,26,0.2,84,10,1014,24.5,34,24,26,116,116,113,0,1,12.9,météo favorable
2016-05-08,29,24,7,26,29,25,4.2,85,9.5,1016,30.5,33,24,25,116,116,116,0,1,12.9,météo favorable
2016-05-09,29,24,14,27,28,25,2.7,85,9.75,1016,24.375,33,24,26,116,113,113,0,1,13,météo idéale
2016-05-10,29,24,16,26,29,25,0.3,78,9.875,1018,32.625,32,22,25,116,113,116,0,1,13,météo favorable
2016-05-11,29,24,12,27,29,25,0.2,76,9.875,1018,35.875,32,21,25,116,116,119,0,1,13,météo favorable
2016-05-12,30,24,15,27,29,25,0.9,86,9.875,1017,42.875,32,23,25,116,113,116,0,1,13,météo favorable
2016-05-13,29,24,12,27,28,24,6,88,9.375,1017,34,33,23,25,116,116,116,0,1,13,météo favorable
2016-05-14,30,24,15,27,30,26,0.7,83,9.875,1017,33.875,33,23,26,116,116,116,0,1,13,météo favorable
2016-05-15,29,25,15,27,29,25,1.6,80,9.875,1018,36.5,33,23,26,116,116,113,0,1,13,météo favorable
2016-05-16,30,24,17,27,30,25,0.3,84,9.875,1018,33,33,23,26,116,116,116,0,1,13,météo favorable
2016-05-17,30,25,16,27,30,25,0.5,81,9.75,1019,36.625,34,23,26,116,113,116,0,1,13,météo favorable
2016-05-18,27,25,14,27,27,26,0.2,79,10,1018,40.375,30,22,26,116,116,116,0,1,13,météo favorable
2016-05-19,28,24,15,26,28,25,1.8,83,10,1016,59.25,31,23,25,116,116,116,0,1,12,météo correcte
2016-05-20,28,24,15,26,28,25,2.8,85,9.75,1016,55.125,31,23,25,116,116,116,0,1,12,météo correcte
2016-05-21,28,24,15,26,28,25,1.7,85,9.75,1016,68.375,32,23,25,176,116,176,0,1,9.4,météo défavorable
2016-05-22,31,25,15,28,31,26,0.4,83,9.875,1017,21.75,35,23,26,116,113,113,0,1,13,météo favorable
2016-05-23,31,25,17,28,31,26,0.4,84,9.75,1018,35.75,35,24,27,116,116,116,0,1,13,météo favorable
2016-05-24,31,25,14,28,31,26,0.3,80,9.875,1019,34.625,35,24,26,119,113,113,0,1,13.1,météo favorable
2016-05-25,30,25,15,27,30,26,0.5,76,9.875,1018,26.125,33,23,26,116,113,116,0,1,13.1,météo idéale
2016-05-26,25,25,12,25,25,25,0,79,10,1015,42.375,28,22,25,116,116,116,0,1,13.1,météo favorable
2016-05-27,29,25,9,26,29,25,1.5,83,9.75,1015,40.75,33,22,25,116,116,176,0,1,13.1,météo favorable
2016-05-28,30,25,14,27,30,26,5,79,9.375,1017,21.375,34,23,26,176,116,176,0,1,13.1,météo favorable
2016-05-29,29,24,12,27,29,25,6.3,85,9.125,1016,16.25,34,24,25,113,116,113,0,1,13.1,météo favorable
2016-05-30,30,25,12,27,29,25,3.9,83,9.625,1016,25.5,34,23,26,113,119,113,0,1,13.1,météo correcte
2016-05-31,28,25,14,26,28,26,1.5,83,9.875,1017,61,32,23,26,116,116,116,0,1,12,météo correcte
2016-06-01,29,25,15,26,28,26,2.6,84,9.75,1017,42.5,33,24,26,116,116,116,0,1,13.1,météo favorable
2016-06-02,30,25,14,27,29,26,1.7,84,9.75,1017,53.75,34,24,26,116,122,353,0,1,12,météo correcte
2016-06-03,31,25,15,28,31,26,0.7,84,9.75,1017,38,35,24,27,116,116,116,0,1,13.1,météo favorable
2016-06-04,30,25,15,26,30,26,2.4,85,9.875,1017,50.875,34,24,26,116,119,116,0,1,12,météo correcte
2016-06-05,30,25,12,27,30,26,0.9,83,9.875,1017,57.625,34,24,26,122,119,116,0,1,12,météo correcte
2016-06-06,31,25,16,28,31,26,0.2,84,10,1017,30.5,35,24,26,116,116,116,0,1,13.1,météo favorable
2016-06-07,30,25,15,28,30,26,1.3,83,9.75,1017,30.75,35,23,27,116,113,116,0,1,13.5,météo favorable
2016-06-08,30,25,14,26,30,26,0.2,85,10,1018,38,35,24,26,116,116,116,0,1,13.5,météo favorable
2016-06-09,31,25,14,28,31,26,0.3,85,10,1019,32.375,36,24,27,119,113,113,0,1,12.1,météo favorable
2016-06-10,26,25,9,25,25,26,1.2,88,9.875,1019,28,29,24,26,116,116,113,0,1,13.5,météo favorable
2016-06-11,30,24,13,27,30,25,0.3,80,10,1020,14,35,23,26,116,113,113,0,1,13.5,météo favorable
2016-06-12,31,23,13,28,31,26,0.3,81,10,1019,6.5,36,23,27,113,113,113,0,1,13.5,météo favorable
2016-06-13,31,25,14,28,31,26,0.8,84,9.75,1018,29.625,36,24,27,116,113,116,0,1,13.5,météo favorable
2016-06-14,31,26,16,28,31,26,0.1,82,10,1020,20.875,35,24,27,116,113,113,0,1,13.5,météo favorable
2016-06-15,26,25,12,26,26,26,0.4,85,10,1019,35.125,30,23,26,116,116,116,0,1,13.5,météo favorable
2016-06-16,29,25,16,27,29,26,1.8,82,9.875,1017,59,33,23,26,116,176,116,0,1,10.9,météo correcte
2016-06-17,31,24,15,28,30,26,0.3,74,10,1018,9.875,35,23,26,113,113,113,0,1,13.5,météo favorable
2016-06-18,31,25,15,28,31,26,0.2,76,10,1018,12.375,34,22,27,113,113,113,0,1,13.5,météo idéale
2016-06-19,31,25,17,28,31,27,0.3,80,9.875,1017,40,36,23,27,116,113,116,0,1,13.5,météo favorable
2016-06-20,30,26,17,28,30,26,1,83,9.75,1018,54,34,23,26,116,119,116,0,1,13.3,météo correcte
2016-06-21,31,25,17,28,31,26,0.6,78,9.875,1018,37.125,34,23,26,116,113,116,0,1,13.5,météo favorable
2016-06-22,31,25,18,28,30,26,0.8,75,9.875,1019,28.375,34,22,26,116,113,116,0,1,13.5,météo idéale
2016-06-23,30,25,16,28,30,26,0.6,77,9.875,1019,23.625,34,22,26,113,113,116,0,1,13.5,météo idéale
2016-06-24,31,25,15,27,31,26,0.1,79,10,1018,31.875,35,23,27,116,113,113,0,1,13.5,météo favorable
2016-06-25,31,25,15,28,31,26,0.5,80,9.875,1017,35.875,35,23,27,116,116,116,0,1,13.5,météo favorable
2016-06-26,30,25,12,28,29,25,3.6,80,9.625,1017,20.25,35,23,26,113,113,113,0,1,13.5,météo favorable
2016-06-27,30,24,15,27,30,26,0,78,10,1017,12.75,35,23,26,113,113,113,0,1,13.5,météo favorable
2016-06-28,31,25,15,28,31,26,0.2,77,10,1017,21,34,22,26,113,113,113,0,1,13.5,météo idéale
2016-06-29,31,25,16,27,31,26,0.4,76,9.75,1017,27.125,34,22,27,116,116,113,0,1,13.5,météo favorable
2016-06-30,31,26,17,28,31,26,0.3,76,9.875,1018,27.5,34,22,27,116,116,113,0,1,13.5,météo favorable
2016-07-01,30,25,19,28,30,26,0.7,81,9.75,1018,42.125,34,24,27,116,116,116,0,7,13.3,météo favorable
2016-07-02,30,25,15,28,30,27,3.8,83,9.5,1019,42.75,35,24,27,116,200,116,0,6,13.5,météo correcte
2016-07-03,31,25,16,28,31,26,0.2,79,10,1020,25.125,35,23,27,116,113,113,0,7,13.5,météo favorable
2016-07-04,31,26,18,28,31,26,0.1,79,10,1019,33.625,35,23,27,116,113,116,0,7,13.5,météo favorable
2016-07-05,30,25,17,28,30,27,2.3,81,9.75,1019,44.875,34,24,27,119,113,116,0,7,13.3,météo favorable
2016-07-06,31,26,15,28,31,27,0.5,85,9.75,1019,36,37,24,27,116,116,113,0,7,13.5,météo favorable
2016-07-07,31,25,16,28,31,26,0.2,78,10,1019,27,35,24,27,119,113,113,0,6,13.3,météo favorable
2016-07-08,31,24,15,27,31,26,0.2,76,9.875,1019,16.75,34,23,26,116,113,113,0,7,13.5,météo idéale
2016-07-09,30,24,15,27,29,26,1.5,81,9.75,1019,24.5,34,23,27,116,116,113,0,7,13.5,météo favorable
2016-07-10,31,25,18,28,31,27,0.6,82,9.75,1019,32,36,24,27,116,113,116,0,7,13.5,météo favorable
2016-07-11,32,26,16,28,32,27,0.2,82,10,1019,31.875,37,24,27,116,113,113,0,7,13.5,météo favorable
2016-07-12,31,25,17,28,31,26,0.3,79,10,1017,33.25,35,24,26,116,113,116,0,6,13.5,météo favorable
2016-07-13,30,25,12,27,30,26,1.3,80,9.875,1017,23.125,34,23,26,116,113,113,0,7,13.5,météo idéale
2016-07-14,30,25,14,28,30,26,0.9,77,9.875,1017,24.625,34,23,26,116,113,116,0,7,13.5,météo idéale
2016-07-15,31,25,15,27,31,26,0.3,80,10,1016,21.5,35,23,27,116,113,116,0,7,13.5,météo favorable
2016-07-16,31,25,17,28,31,26,1.5,82,9.875,1017,31.125,35,23,27,116,113,116,0,7,13.5,météo favorable
2016-07-17,31,25,14,28,31,28,2.2,73,9.875,1018,24.125,36,23,29,116,176,176,0,7,13.5,météo favorable
2016-07-18,29,25,17,27,29,26,1.4,84,10,1018,60,33,23,26,116,116,116,0,7,12.1,météo correcte
2016-07-19,29,25,18,27,29,26,1.8,83,10,1017,55.5,33,23,26,116,116,116,0,6,12.1,météo correcte
2016-07-20,29,25,19,27,29,26,1.7,83,10,1017,55.125,33,23,26,116,116,116,0,7,12,météo correcte
2016-07-21,29,25,19,27,29,26,4.2,84,9.625,1017,62.875,33,23,26,176,116,116,0,7,10.7,météo correcte
2016-07-22,29,25,16,27,29,26,2.4,85,9.75,1017,74.25,33,24,26,176,176,176,0,7,8.1,météo défavorable
2016-07-23,29,26,17,27,29,26,1.4,83,9.875,1017,68.5,33,24,27,176,176,116,0,7,7.8,météo défavorable
2016-07-24,29,26,17,27,29,26,0.8,84,10,1017,54.375,34,24,27,116,116,116,0,7,9.1,météo favorable
2016-07-25,29,25,16,27,29,26,0.7,83,10,1017,54,34,24,27,116,113,113,0,7,9.1,météo favorable
2016-07-26,29,25,16,27,29,26,1,82,9.875,1017,53.25,33,23,27,116,116,116,0,7,9.1,météo favorable
2016-07-27,29,25,16,27,29,26,1.4,82,9.875,1017,51.875,34,23,26,116,113,113,0,7,9,météo favorable
2016-07-28,32,25,12,28,31,26,1.4,79,9.75,1016,19,37,24,27,113,113,113,0,7,11.6,météo favorable
2016-07-29,31,25,17,28,31,27,1.1,75,9.875,1016,19.625,35,23,27,113,113,116,0,7,11.6,météo favorable
2016-07-30,32,26,19,28,32,27,0.2,77,10,1016,27.125,35,23,27,116,113,116,0,7,11.6,météo favorable
2016-07-31,31,26,26,28,30,27,0.8,78,9.75,1015,42.5,35,23,27,116,116,116,0,7,11.6,météo favorable
2016-08-01,31,26,20,28,31,27,1.7,82,9.75,1017,47,36,24,27,119,116,116,0,1,11.6,météo favorable
2016-08-02,31,25,14,28,31,26,6.6,82,9.375,1017,20.625,35,23,26,116,113,356,0,1,11.6,météo favorable
2016-08-03,31,24,14,27,31,26,1.4,80,9.875,1017,12.875,36,23,27,113,113,113,0,1,11.6,météo favorable
2016-08-04,31,25,17,28,31,26,0.2,79,10,1017,30.375,36,23,27,116,116,116,0,1,11.6,météo favorable
2016-08-05,31,26,19,28,30,26,0.8,83,9.625,1016,36,35,24,27,116,200,116,0,1,11.6,météo correcte
2016-08-06,29,26,14,28,29,26,2.1,84,9.75,1016,28.625,34,24,27,116,113,116,0,1,11.6,météo idéale
2016-08-07,32,26,12,29,32,27,0,84,10,1017,18.75,39,25,28,116,113,113,0,1,11.6,météo favorable
2016-08-08,32,26,13,28,32,27,0.3,81,9.875,1017,28.5,38,25,27,116,113,113,0,1,11.6,météo favorable
2016-08-09,32,25,14,28,30,26,1.9,81,9.625,1018,29.5,37,24,26,116,113,116,0,1,11.6,météo favorable
2016-08-10,30,25,14,28,30,26,1,78,9.875,1017,23.625,34,23,27,113,113,113,0,1,11.6,météo idéale
2016-08-11,31,25,15,28,31,26,0.4,80,10,1016,18.875,35,23,27,113,113,116,0,1,11.6,météo favorable
2016-08-12,31,25,13,28,31,26,0,78,10,1015,19,36,23,27,116,113,113,0,1,11.6,météo favorable
2016-08-13,30,25,15,28,30,25,5.4,85,9.375,1016,22.125,35,23,26,116,113,116,0,1,11.6,météo favorable
2016-08-14,31,24,15,27,31,26,1.1,83,9.875,1016,18.125,35,24,27,113,113,116,0,1,11.6,météo favorable
2016-08-15,31,25,15,28,31,26,0.3,80,10,1017,18.75,36,24,27,116,113,113,0,1,11.6,météo favorable
2016-08-16,31,25,15,27,31,26,0.5,77,10,1017,21.875,34,23,27,116,113,116,0,1,11.6,météo idéale
2016-08-17,31,25,14,28,31,27,0.2,82,10,1017,16.875,37,24,27,116,113,113,0,1,11.6,météo favorable
2016-08-18,33,26,15,28,33,27,0.1,80,10,1017,17.375,38,25,29,116,113,113,0,1,11.6,météo favorable
2016-08-19,32,26,13,28,32,27,0,80,10,1016,8,38,24,27,113,113,113,0,1,11.6,météo favorable
2016-08-20,32,25,11,28,32,26,0.1,82,10,1016,16.375,38,24,27,116,113,113,0,1,11.6,météo favorable
2016-08-21,31,25,9,29,31,26,4.1,80,9.375,1016,24.75,37,24,27,113,113,116,0,1,11.6,météo favorable
2016-08-22,31,25,10,28,30,26,1.2,78,9.75,1016,18.375,37,23,27,113,113,113,0,1,11.6,météo favorable
2016-08-23,31,25,11,28,31,26,0.3,77,10,1016,12.625,35,24,27,113,113,113,0,1,11.6,météo favorable
2016-08-24,30,24,12,29,28,26,8.2,80,9.25,1013,34.625,36,24,26,113,119,113,0,1,10.2,météo correcte
2016-08-25,31,26,13,28,30,27,0.6,82,9.625,1013,36.125,36,24,27,116,176,116,0,1,11.6,météo favorable
2016-08-26,29,25,10,27,29,25,5.5,84,9.625,1014,49.25,34,24,25,119,116,116,0,1,11.6,météo favorable
2016-08-27,31,24,10,28,30,25,3.9,87,9.75,1014,15.75,36,24,26,113,113,113,0,1,11.6,météo favorable
2016-08-28,31,24,10,27,29,24,5.8,87,9.625,1015,19.375,36,24,25,113,113,116,0,1,11.6,météo favorable
2016-08-29,31,24,14,28,31,25,0.3,91,10,1016,12.25,37,25,27,113,113,113,0,1,11.6,météo favorable
2016-08-30,32,26,14,28,31,30,0.1,69,10,1017,13.375,38,24,31,113,113,113,0,1,11.6,météo favorable
2016-08-31,28,26,13,28,28,27,0,78,10,1017,30.875,32,24,27,116,116,113,0,1,11.6,météo favorable
2016-09-01,31,26,16,28,31,26,0.2,77,10,1017,13.875,35,24,27,113,113,113,0,1,11.6,météo favorable
2016-09-02,31,26,15,28,31,27,0.5,79,9.875,1018,26.25,36,24,28,116,113,113,0,1,11.6,météo favorable
2016-09-03,32,26,16,29,32,27,0.3,83,9.875,1016,39,37,24,27,116,116,116,0,1,11.6,météo favorable
2016-09-04,33,26,18,29,33,27,0.1,82,10,1016,30.5,37,24,27,116,113,116,0,1,11.6,météo favorable
2016-09-05,32,25,21,28,29,26,3.5,76,9.875,1016,49.625,36,24,26,116,119,116,0,1,8.9,météo correcte
2016-09-06,31,25,17,28,31,27,0.3,81,10,1016,27.625,36,24,27,113,113,116,0,1,11.6,météo favorable
2016-09-07,31,25,14,28,31,26,0.2,76,10,1017,16.375,36,23,27,116,113,113,0,1,11.6,météo favorable
2016-09-08,31,25,16,28,31,26,0.3,76,10,1016,9.5,35,23,27,113,113,113,0,1,11.6,météo favorable
2016-09-09,31,25,12,28,31,26,3.1,83,9.625,1016,13.75,36,24,27,113,113,113,0,1,11.6,météo favorable
2016-09-10,31,25,12,28,31,26,0.6,80,10,1017,11.875,37,24,27,113,113,113,0,1,11.6,météo favorable
2016-09-11,31,25,10,28,31,25,3.7,84,9.75,1017,18,36,24,26,113,113,116,0,1,11.6,météo favorable
2016-09-12,31,25,12,28,30,26,3.4,80,9.625,1015,13.375,36,23,27,113,113,113,0,1,11.6,météo favorable
2016-09-13,31,25,12,28,31,26,3.7,80,9.5,1015,14.5,36,24,27,113,116,113,0,1,11.6,météo favorable
2016-09-14,31,25,10,28,31,26,0.6,79,10,1016,7.875,37,24,27,113,113,113,0,1,11.6,météo favorable
2016-09-15,31,25,12,28,31,26,0.4,79,10,1016,7,36,26,27,113,113,113,0,1,11.6,météo favorable
2016-09-16,31,25,10,28,30,25,3,86,9.625,1016,15.125,36,24,25,113,113,116,0,1,11.6,météo favorable
2016-09-17,29,24,11,27,29,25,3.5,85,9.75,1015,13.125,34,24,25,113,113,113,0,1,11.6,météo favorable
2016-09-18,30,24,9,28,30,26,1,80,10,1015,23.625,35,24,26,116,113,113,0,1,11.6,météo favorable
2016-09-19,31,25,10,28,30,26,2.3,80,9.625,1015,17.625,36,24,27,113,113,113,0,1,11.6,météo favorable
2016-09-20,31,25,10,28,30,26,1.2,80,9.875,1015,15.125,36,23,27,113,113,113,0,1,11.6,météo favorable
2016-09-21,33,24,5,28,31,25,2.5,87,9.875,1013,16.125,39,24,25,113,116,116,0,1,11.6,météo favorable
2016-09-22,31,24,6,28,30,25,2.8,87,9.625,1014,22.75,37,23,25,113,116,116,0,1,11.6,météo favorable
2016-09-23,31,23,8,28,31,24,0.1,90,10,1016,6.375,39,25,26,113,113,113,0,1,11.6,météo favorable
2016-09-24,31,24,9,29,31,26,2.4,84,9.75,1016,18.625,37,24,26,113,113,116,0,1,11.6,météo favorable
2016-09-25,31,25,10,28,31,26,1,80,9.875,1015,18.875,37,24,27,116,113,113,0,1,11.6,météo favorable
2016-09-26,32,25,10,28,32,27,0,80,10,1015,16.125,37,24,27,113,113,113,0,1,11.6,météo favorable
2016-09-27,31,25,17,28,31,27,1,81,9.75,1015,23.375,37,24,28,113,113,116,0,1,11.6,météo favorable
2016-09-28,32,26,18,29,32,27,0.2,79,10,1016,28,38,24,27,116,113,116,0,1,11.6,météo favorable
2016-09-29,31,27,26,28,31,27,0.5,75,9.875,1015,40.625,35,23,27,116,116,116,0,1,11.6,météo favorable
2016-09-30,30,26,17,28,30,26,0.9,79,9.75,1013,32.625,34,23,26,116,113,116,0,1,11.6,météo favorable
2016-10-01,30,25,16,28,29,26,2.6,81,9.75,1012,31.75,33,23,26,116,113,116,0,1,11.6,météo favorable
2016-10-02,30,25,13,28,30,26,0.9,76,9.875,1012,20.875,34,23,26,116,113,113,0,1,11.6,météo idéale
2016-10-03,31,25,14,28,28,25,4.2,88,9,1013,65.875,34,24,25,116,116,119,0,1,8.8,météo défavorable
2016-10-04,29,26,15,27,28,26,2,84,10,1014,74,33,24,26,116,122,119,0,1,7.4,météo défavorable
2016-10-05,30,26,10,27,29,26,0.4,85,10,1014,62.125,35,24,27,116,122,116,0,1,10.2,météo correcte
2016-10-06,31,26,12,28,31,26,0.3,84,9.875,1013,22.125,38,25,27,116,113,113,0,1,11.6,météo favorable
2016-10-07,31,26,14,28,31,27,2.2,80,9.75,1012,22.125,36,24,27,116,113,113,0,1,11.6,météo favorable
2016-10-08,31,25,9,28,30,26,4.5,79,9.5,1011,25.375,36,24,27,113,116,113,0,1,11.6,météo favorable
2016-10-09,31,23,8,28,30,25,2.4,83,9.875,1012,35.375,35,23,26,116,116,116,0,1,11.6,météo favorable
2016-10-10,31,23,6,29,31,24,1.4,91,9.875,1013,17.5,37,24,25,113,116,113,0,1,11.6,météo favorable
2016-10-11,31,23,9,28,30,25,3.3,87,7.75,1013,19.25,37,24,26,113,116,113,0,1,11.6,météo favorable
2016-10-12,31,24,9,28,31,25,0.4,93,9.875,1013,21.375,37,24,26,113,113,113,0,1,11.6,météo favorable
2016-10-13,31,24,7,29,31,26,1.5,85,9.875,1014,13.75,38,25,27,113,113,113,0,1,11.6,météo favorable
2016-10-14,31,25,9,28,29,26,5.2,85,9.5,1015,23.625,37,25,26,113,113,116,0,1,11.6,météo favorable
2016-10-15,31,25,11,28,31,26,0,80,10,1015,20.75,36,23,27,113,113,113,0,1,11.6,météo favorable
2016-10-16,31,24,6,28,29,24,7.5,89,9.5,1013,25.375,35,24,25,113,113,116,0,1,11.6,météo favorable
2016-10-17,30,23,12,27,30,24,0.1,93,10,1011,13.875,35,23,25,113,113,113,0,1,11.6,météo favorable
2016-10-18,30,24,10,25,30,25,0.4,81,10,1011,44,34,23,26,116,116,116,0,1,11.6,météo favorable
2016-10-19,28,25,12,26,28,25,0.6,86,8.375,1012,54.625,32,23,25,119,113,116,0,1,11.6,météo favorable
2016-10-20,31,26,14,28,31,26,0.4,87,10,1013,27.25,36,24,26,116,113,113,0,1,8.7,météo favorable
2016-10-21,31,25,11,28,30,25,0.7,86,9.875,1013,13.5,36,25,27,113,113,113,0,1,8.7,météo favorable
2016-10-22,31,23,6,28,31,25,0.2,85,9.875,1014,14,37,24,26,113,113,113,0,1,8.7,météo favorable
2016-10-23,32,23,6,28,31,26,1.7,82,9.75,1015,18.625,40,24,26,113,116,116,0,1,8.7,météo correcte
2016-10-24,31,25,8,27,29,25,2.2,85,9.625,1014,15,36,24,26,113,113,113,0,1,8.7,météo favorable
2016-10-25,31,24,8,27,29,25,4.9,85,9.375,1012,20.875,35,24,25,113,113,116,0,1,8.7,météo favorable
2016-10-26,30,24,8,27,30,25,3.1,83,9.75,1012,24.75,35,23,26,116,116,116,0,1,8.7,météo favorable
2016-10-27,31,24,8,27,30,25,4,88,9.625,1011,17.375,37,25,26,116,113,113,0,1,8.7,météo favorable
2016-10-28,30,24,9,27,29,25,8.1,90,9.125,1012,25.875,36,25,25,113,116,116,0,1,8.7,météo correcte
2016-10-29,31,24,6,27,30,24,10,90,8.75,1013,32,37,25,25,116,116,116,0,1,8.7,météo correcte
2016-10-30,31,23,4,27,29,24,6.8,92,9.5,1013,26.25,36,25,25,113,116,116,0,1,8.7,météo favorable
2016-10-31,31,22,5,27,30,25,16.8,88,8.625,1010,23.375,37,24,26,113,116,359,0,1,8.7,météo très défavorable
2016-11-01,29,24,7,27,28,24,7.1,91,9.25,1009,36.875,34,24,24,116,116,113,0,1,7.2,météo favorable
2016-11-02,29,24,15,26,29,25,1.8,83,9.875,1012,29.125,33,23,25,113,113,116,0,1,8.7,météo idéale
2016-11-03,28,24,12,26,28,24,2.6,87,9.625,1013,34.875,32,23,25,119,116,113,0,1,8.7,météo favorable
2016-11-04,28,24,10,26,28,24,7.7,87,9.375,1014,26.625,34,24,25,200,113,113,0,1,8.7,météo favorable
2016-11-05,29,22,12,27,29,25,3.2,84,9.625,1015,15.25,34,24,26,113,113,113,0,1,8.7,météo favorable
2016-11-06,30,24,8,27,29,24,6.9,90,9.375,1013,24.75,35,24,25,113,116,113,0,1,8.7,météo favorable
2016-11-07,29,23,5,27,28,23,4.6,87,9.5,1013,26.125,35,24,24,113,116,113,0,1,8.7,météo favorable
2016-11-08,29,23,6,26,28,24,8.8,86,9.375,1013,32,33,24,24,113,116,116,0,1,8.7,météo correcte
2016-11-09,29,23,9,26,29,24,7.3,88,9.375,1014,23.25,35,24,25,113,116,116,0,1,8.7,météo favorable
2016-11-10,30,24,8,27,29,25,3.9,87,9.5,1015,27.125,35,24,25,116,113,116,0,1,8.7,météo favorable
2016-11-11,30,24,8,27,28,25,5.8,87,9.375,1013,25.875,35,25,25,113,113,113,0,1,8.7,météo favorable
2016-11-12,30,24,12,27,30,25,8.4,90,8.875,1014,20.25,36,25,26,113,116,116,0,1,8.7,météo correcte
2016-11-13,30,24,10,27,29,25,4.8,88,9.5,1013,17.5,35,25,26,113,113,113,0,1,8.7,météo favorable
2016-11-14,29,24,8,26,29,24,7,91,9.375,1012,21.5,34,24,25,113,116,113,0,1,8.7,météo favorable
2016-11-15,30,23,8,26,28,23,7.6,92,9.5,1011,20.25,34,24,24,113,116,113,0,1,8.7,météo favorable
2016-11-16,29,23,12,26,29,25,0.9,87,9.75,1012,20.375,33,24,26,116,113,113,0,1,8.7,météo idéale
2016-11-17,30,25,9,27,29,25,10.8,88,9.25,1011,26,35,24,26,116,113,116,0,1,8.7,météo correcte
2016-11-18,27,24,5,26,27,24,7.6,90,8.875,1012,54.625,31,24,25,116,119,116,0,1,5.7,météo correcte
2016-11-19,28,24,7,26,28,24,12.2,92,8.875,1012,44,33,24,25,116,116,116,0,1,8.7,météo correcte
2016-11-20,29,23,7,26,28,24,9.6,92,9.25,1011,60.875,34,24,24,116,119,122,0,1,5.7,météo correcte
2016-11-21,28,23,5,25,26,23,5.9,92,9.625,1012,60.125,31,23,24,116,119,119,0,1,5.7,météo correcte
2016-11-22,29,23,7,26,28,25,3.2,89,10,1013,62.625,32,23,25,116,119,116,0,1,5.7,météo correcte
2016-11-23,29,24,15,26,29,25,1.1,83,9.625,1014,31.875,32,23,25,113,116,116,0,1,8.7,météo favorable
2016-11-24,29,25,16,26,29,25,0.3,81,9.875,1015,34.5,32,22,25,116,113,116,0,1,8.7,météo favorable
2016-11-25,29,24,15,26,29,25,0.2,83,10,1015,26.375,33,22,25,116,113,116,0,1,8.7,météo idéale
2016-11-26,27,24,13,26,27,25,2.4,81,9.75,1014,35.625,31,23,25,116,116,116,0,1,8.7,météo favorable
2016-11-27,29,24,13,26,29,24,0.8,85,9.75,1012,37.25,32,22,25,116,113,116,0,1,7.2,météo favorable
2016-11-28,27,22,12,22,27,22,7.2,91,9.625,1011,39.5,30,23,23,122,116,113,0,1,7.2,météo favorable
2016-11-29,29,21,6,24,29,23,0,88,10,1012,10,33,22,23,113,113,113,0,1,8.7,météo idéale
2016-11-30,29,22,8,25,29,23,2.2,90,10,1013,28.125,33,23,24,113,116,353,0,1,8.7,météo favorable
2016-12-01,29,23,12,26,28,24,0.9,84,9.875,1014,26.125,33,24,25,116,116,116,0,7,8.7,météo favorable
2016-12-02,29,24,8,26,28,24,4.2,88,9.375,1016,30.875,33,23,24,116,116,116,0,7,8.7,météo favorable
2016-12-03,28,23,8,26,27,23,10.2,92,9.125,1015,25.375,33,24,24,113,116,116,0,7,8.7,météo correcte
2016-12-04,29,23,8,26,29,23,1.3,86,9.75,1015,21.25,33,24,24,113,116,116,0,7,8.7,météo favorable
2016-12-05,28,23,10,25,28,24,1.3,88,9.875,1016,38.875,31,23,24,116,116,116,0,7,8.7,météo favorable
2016-12-06,28,24,13,25,28,24,0.9,85,9.875,1018,43.75,32,23,25,116,116,116,0,6,8.7,météo favorable
2016-12-07,29,24,13,26,29,25,0.3,86,10,1017,40.625,32,22,25,116,116,116,0,7,8.7,météo favorable
2016-12-08,28,24,13,25,28,24,0.2,83,10,1017,37,31,22,25,116,116,116,0,7,8.7,météo favorable
2016-12-09,29,24,12,26,29,25,0.1,86,10,1017,27.375,33,23,25,116,113,116,0,7,8.7,météo idéale
2016-12-10,29,24,14,26,29,25,0.1,85,10,1018,27.25,33,23,25,116,113,116,0,7,8.7,météo idéale
2016-12-11,29,24,18,26,29,25,0.2,79,10,1019,24,31,22,25,116,113,113,0,7,8.7,météo idéale
2016-12-12,29,24,19,25,29,25,0.1,82,10,1018,28.375,31,22,25,113,113,116,0,7,8.7,météo idéale
2016-12-13,28,24,17,25,28,25,1,83,9.875,1018,38.125,31,22,25,116,116,116,0,7,8.7,météo favorable
2016-12-14,29,24,15,25,28,24,0.3,78,9.875,1018,19.25,31,22,25,113,113,113,0,7,8.7,météo idéale
2016-12-15,29,23,12,25,29,23,0,80,10,1017,13.875,33,21,25,113,113,113,0,7,8.7,météo idéale
2016-12-16,29,23,14,25,29,25,0.1,84,10,1018,17.75,32,22,25,113,113,116,0,7,8.7,météo idéale
2016-12-17,29,24,18,26,29,24,0.2,83,10,1019,36.25,31,22,25,116,113,116,0,7,8.7,météo favorable
2016-12-18,29,24,23,26,29,25,0.2,76,10,1020,30.625,31,22,25,116,113,116,0,7,8.7,météo favorable
2016-12-19,28,23,20,25,28,24,0.7,79,9.75,1020,30.125,30,20,24,116,113,116,0,7,8.7,météo favorable
2016-12-20,28,22,17,24,28,24,8.4,81,9.5,1017,30.5,29,21,24,116,116,116,0,6,8.7,météo correcte
2016-12-21,28,23,16,25,28,24,0.3,81,9.875,1015,22.125,30,21,24,116,113,113,0,7,8.7,météo idéale
2016-12-22,28,23,14,25,28,24,0,81,10,1016,21.625,32,21,24,113,113,116,0,7,8.7,météo idéale
2016-12-23,28,23,13,25,28,24,0.2,81,9.875,1017,26.375,30,21,25,116,113,113,0,7,8.7,météo idéale
2016-12-24,28,24,18,25,28,25,0.1,80,10,1018,28.25,31,21,25,113,116,116,0,7,8.7,météo favorable
2016-12-25,29,24,19,25,29,24,0.1,77,10,1018,21.5,31,21,25,113,113,116,0,7,8.7,météo idéale
2016-12-26,28,24,19,25,28,24,0.2,77,10,1018,21.625,30,20,24,116,113,113,0,7,8.7,météo idéale
2016-12-27,28,23,17,25,28,24,0.2,79,10,1018,20.125,30,20,24,113,113,116,0,7,8.7,météo idéale
2016-12-28,28,23,15,24,28,24,0.2,79,10,1017,17.375,30,20,24,113,113,113,0,6,8.7,météo idéale
2016-12-29,28,23,14,25,28,24,0.1,79,10,1016,18.125,31,21,25,113,113,113,0,7,8.7,météo idéale
2016-12-30,28,23,13,25,28,23,0.4,77,10,1017,15.5,31,21,25,113,113,113,0,6,11.4,météo idéale
2016-12-31,28,22,16,24,28,24,0.3,80,9.875,1018,21.5,30,23,24,116,113,176,0,6,11.4,météo idéale
2017-01-01,28,24,18,25,28,24,0.2,78,10,1020,38.375,30,21,24,116,116,113,0,1,11.4,météo favorable
2017-01-02,28,23,16,25,28,23,0.4,82,9.75,1020,34.375,30,21,24,116,113,116,0,1,11.5,météo favorable
2017-01-03,28,23,15,25,28,23,0.1,82,10,1017,21.375,30,21,24,116,113,113,0,1,11.5,météo idéale
2017-01-04,28,22,12,24,28,22,0,77,10,1016,28,29,21,25,116,116,113,0,1,11.5,météo favorable
2017-01-05,28,23,13,24,28,23,0.2,79,9.875,1016,13.125,32,21,25,116,113,113,0,1,11.5,météo idéale
2017-01-06,29,23,15,25,29,24,0.1,83,10,1018,29.25,32,21,24,116,113,116,0,1,11.5,météo idéale
2017-01-07,28,23,18,25,28,24,0.2,80,10,1019,30.625,30,21,24,116,113,116,0,1,11.5,météo favorable
2017-01-08,28,22,10,24,28,23,0.3,82,10,1019,15.75,31,22,24,113,113,113,0,1,11.5,météo idéale
2017-01-09,27,21,10,24,27,23,0.7,79,9.75,1019,12.625,31,25,23,113,113,113,0,1,11.5,météo idéale
2017-01-10,27,22,13,24,27,22,4,85,9.75,1016,19,30,21,22,113,113,176,0,1,11.5,météo favorable
2017-01-11,27,22,17,24,27,23,0.6,73,9.75,1017,37.625,28,20,23,116,116,116,0,1,11.5,météo favorable
2017-01-12,26,22,19,23,26,22,0.4,72,9.875,1019,24.125,27,17,23,116,116,116,0,1,11.5,météo favorable
2017-01-13,27,21,19,24,27,23,1.1,75,9.5,1018,17.625,28,18,23,113,113,176,0,1,11.1,météo idéale
2017-01-14,28,23,21,24,28,23,0.4,74,10,1018,23.5,29,19,23,116,113,113,0,1,11.1,météo idéale
2017-01-15,28,22,18,24,28,23,0.1,75,10,1018,9.125,29,19,23,113,113,113,0,1,11.1,météo idéale
2017-01-16,27,22,18,24,27,23,0.4,75,9.875,1018,20.5,29,19,23,116,113,176,0,1,11.1,météo idéale
2017-01-17,28,22,17,24,28,23,0.2,77,10,1019,23.875,29,19,23,116,113,116,0,1,11.1,météo idéale
2017-01-18,27,21,13,23,27,22,0.3,72,9.875,1019,27.625,28,19,24,116,116,113,0,1,11.1,météo favorable
2017-01-19,27,17,8,22,27,17,0,89,10,1017,0,31,20,21,113,113,113,0,1,11.1,météo idéale
2017-01-20,27,17,5,22,26,20,0.3,84,9.875,1017,17.625,33,21,21,113,116,176,0,1,11.1,météo favorable
2017-01-21,28,19,4,22,27,21,0.2,81,10,1017,22.125,31,22,22,113,116,116,0,1,10.1,météo favorable
2017-01-22,27,19,6,22,27,22,0.2,76,10,1017,34,30,19,22,113,116,119,0,1,10.1,météo favorable
2017-01-23,27,19,12,23,27,21,0,79,10,1015,1.875,31,22,23,113,113,113,0,1,11.1,météo idéale
2017-01-24,28,21,15,24,28,22,0.2,90,9.875,1015,11.375,31,23,23,116,113,113,0,1,11.2,météo idéale
2017-01-25,29,20,7,23,28,22,0.9,87,9,1018,23.625,33,24,23,113,119,116,0,1,10.1,météo correcte
2017-01-26,28,21,12,23,28,22,0,77,10,1019,5.375,31,21,23,113,113,113,0,1,11.6,météo idéale
2017-01-27,28,21,13,23,28,23,0.1,83,10,1020,20.5,30,22,24,113,116,113,0,1,11.6,météo favorable
2017-01-28,29,22,14,24,29,23,0,83,10,1019,14,32,21,24,113,113,113,0,1,11.6,météo idéale
2017-01-29,28,23,17,25,28,23,0.2,80,10,1019,18.625,30,21,24,116,113,113,0,1,11.6,météo idéale
2017-01-30,28,22,11,24,28,23,0.1,80,10,1019,19.75,31,21,24,113,116,113,0,1,11.6,météo favorable
2017-01-31,29,22,15,24,29,23,0.2,78,9.875,1019,16.75,30,21,24,116,113,116,0,1,11.6,météo idéale
2017-02-01,28,23,18,24,28,24,0.1,78,10,1019,21.125,30,20,24,113,113,116,0,1,11.6,météo idéale
2017-02-02,28,23,15,24,28,23,0.2,80,9.875,1018,20.875,30,21,24,113,113,113,0,1,11.6,météo idéale
2017-02-03,28,23,16,24,28,24,0.1,80,10,1019,18.25,30,21,24,113,113,113,0,1,11.6,météo idéale
2017-02-04,27,22,14,24,27,23,3.2,84,9.625,1019,22.25,30,21,24,116,113,113,0,1,11.6,météo favorable
2017-02-05,28,22,17,24,28,23,0.1,80,10,1019,15.125,30,22,24,113,113,116,0,1,11.6,météo idéale
2017-02-06,28,22,14,24,28,23,1,85,9.75,1018,19.75,30,21,24,113,116,113,0,1,11.6,météo favorable
2017-02-07,28,23,19,24,28,24,0.5,79,9.75,1018,40.75,30,21,24,116,116,116,0,1,11.6,météo favorable
2017-02-08,28,23,15,25,28,24,0.6,79,9.875,1018,34.75,30,21,25,119,116,113,0,1,11.6,météo favorable
2017-02-09,29,23,14,25,29,24,0.3,79,10,1019,14,32,22,26,116,113,113,0,1,11.6,météo idéale
2017-02-10,28,21,12,24,28,23,0.4,79,10,1021,10.75,30,21,24,113,116,113,0,1,11.6,météo favorable
2017-02-11,28,22,16,24,28,23,0.1,76,10,1020,7.625,30,20,25,113,113,113,0,1,11.6,météo idéale
2017-02-12,28,22,11,24,28,22,0.2,81,10,1018,22.75,29,20,23,116,116,113,0,1,11.6,météo favorable
2017-02-13,28,21,5,23,26,22,1.1,84,9.875,1016,38.5,30,20,23,116,116,116,0,1,11.6,météo favorable
2017-02-14,28,20,8,23,27,22,0.4,79,9.875,1017,16.625,31,21,23,113,116,113,0,1,11.6,météo favorable
2017-02-15,28,20,10,23,28,21,0,81,10,1019,3.5,32,22,24,113,113,113,0,1,11.6,météo idéale
2017-02-16,28,19,10,24,28,21,0,89,10,1019,3,33,23,22,113,113,113,0,1,11.6,météo idéale
2017-02-17,28,19,8,24,28,20,0,86,10,1019,2.125,33,23,22,113,113,113,0,1,11.6,météo idéale
2017-02-18,28,18,9,23,28,22,0.2,73,10,1019,9.5,31,21,23,113,113,113,0,1,11.6,météo idéale
2017-02-19,27,20,11,24,27,21,1,85,9.75,1019,25.375,29,20,22,113,119,113,0,1,10.2,météo correcte
2017-02-20,28,18,10,24,28,22,0.8,76,9.875,1016,8.625,31,20,23,113,113,113,0,1,11.6,météo idéale
2017-02-21,27,20,14,24,27,22,0.4,73,9.875,1013,25.5,28,19,23,116,122,113,0,1,10.2,météo correcte
2017-02-22,28,21,4,23,27,21,0.5,85,9.875,1013,41.375,30,19,22,113,119,119,0,1,7.3,météo correcte
2017-02-23,27,19,10,24,27,20,0.5,92,9.75,1014,27.125,29,20,21,116,116,176,0,1,11.6,météo favorable
2017-02-24,28,19,10,24,28,21,0.2,83,9.875,1015,19.125,30,21,22,116,116,113,0,1,11.6,météo favorable
2017-02-25,28,18,10,24,28,21,0.6,89,9.75,1017,19.625,30,22,22,113,116,113,0,1,11.6,météo favorable
2017-02-26,28,21,12,25,28,24,0.4,79,9.75,1018,21.625,30,20,24,116,113,113,0,1,11.6,météo idéale
2017-02-27,29,22,17,25,29,24,0.2,78,10,1019,19.375,31,21,24,113,113,116,0,1,11.6,météo idéale
2017-02-28,28,23,18,25,28,24,0.6,76,9.75,1020,31,30,20,24,116,116,176,0,1,11.6,météo favorable
2017-03-01,29,23,20,24,29,24,0.2,77,10,1019,26.375,30,20,24,116,113,116,0,1,11.6,météo idéale
2017-03-02,29,23,19,25,29,24,0.1,74,10,1020,20.125,30,20,24,116,113,113,0,1,11.6,météo idéale
2017-03-03,29,23,18,25,29,24,0.1,75,10,1020,18.875,30,19,24,116,113,113,0,1,11.6,météo idéale
2017-03-04,28,22,17,25,28,23,0.8,76,9.75,1019,15.5,29,20,24,113,116,176,0,1,11.6,météo favorable
2017-03-05,29,22,18,24,29,23,0.3,74,9.875,1017,14.25,29,20,23,113,113,116,0,1,11.6,météo idéale
2017-03-06,26,22,21,24,25,22,4,81,9.875,1018,57.875,27,19,22,116,116,119,0,1,7.4,météo correcte
2017-03-07,25,22,22,22,25,22,4.2,78,10,1020,66.375,27,19,22,119,119,116,0,1,8.8,météo défavorable
2017-03-08,27,21,21,23,27,22,0.5,73,10,1021,33.375,27,18,22,116,116,113,0,1,11.6,météo favorable
2017-03-09,27,21,18,24,27,23,0.8,80,9.625,1019,39.125,28,19,23,116,116,176,0,1,11.6,météo favorable
2017-03-10,27,23,17,24,27,23,1.5,79,9.875,1017,31.5,29,20,24,116,113,113,0,1,11.6,météo favorable
2017-03-11,29,22,15,25,29,23,0.3,84,10,1017,10.875,31,21,24,113,113,113,0,1,11.6,météo idéale
2017-03-12,29,23,15,25,29,24,0.4,80,10,1017,15.75,31,22,24,116,113,113,0,1,11.6,météo idéale
2017-03-13,28,22,17,25,28,24,0.4,78,9.875,1018,18.875,30,20,24,113,116,113,0,1,11.6,météo favorable
2017-03-14,28,23,17,25,28,24,0.2,76,10,1019,23.375,30,20,24,116,116,113,0,1,11.6,météo favorable
2017-03-15,28,22,15,25,28,23,0,80,10,1018,13.75,30,21,24,113,116,113,0,1,11.6,météo favorable
2017-03-16,28,22,16,25,28,24,0.3,76,9.875,1019,14.375,31,21,24,113,116,176,0,1,11.6,météo favorable
2017-03-17,28,22,15,25,28,23,0.2,76,10,1019,16.375,30,20,24,113,116,113,0,1,11.6,météo favorable
2017-03-18,29,22,19,25,29,24,0.3,77,9.875,1018,20.75,30,20,24,116,116,113,0,1,11.6,météo favorable
2017-03-19,28,21,12,24,28,22,0.6,87,9.875,1017,19,30,20,23,116,113,116,0,1,11.6,météo idéale
2017-03-20,29,19,5,25,28,21,0.4,92,9.875,1016,14.75,32,20,22,113,113,113,0,1,11.6,météo idéale
2017-03-21,28,21,10,25,28,23,1.1,82,10,1017,18.875,31,21,24,113,113,113,0,1,11.6,météo idéale
2017-03-22,28,22,14,25,28,24,0.8,83,9.875,1016,27.25,31,21,24,113,113,116,0,1,11.6,météo idéale
2017-03-23,29,21,6,26,28,22,6.3,92,9.25,1016,32.5,32,22,22,113,116,116,0,1,10.2,météo favorable
2017-03-24,27,21,7,24,27,23,1.3,83,9.875,1016,30.125,30,21,24,116,116,116,0,1,11.6,météo favorable
2017-03-25,26,22,13,25,26,23,0.4,84,9.75,1015,31.625,29,21,24,116,116,113,0,1,11.6,météo favorable
2017-03-26,28,21,9,25,28,23,2.3,91,7.75,1014,26.25,31,22,24,116,113,116,0,1,11.6,météo idéale
2017-03-27,29,21,9,25,29,22,6,93,7.5,1015,21.25,33,22,23,116,113,176,0,1,11.6,météo favorable
2017-03-28,29,20,5,26,29,22,2.4,93,7.875,1015,14.375,33,22,22,113,113,116,0,1,11.6,météo idéale
2017-03-29,30,21,6,26,29,23,3.6,87,9.625,1015,23.75,35,22,23,113,116,116,0,1,11.6,météo favorable
2017-03-30,29,22,10,25,27,23,0.7,79,10,1016,27.875,32,21,24,113,116,353,0,1,11.6,météo favorable
2017-03-31,28,21,13,24,28,23,0,79,10,1017,11,30,21,24,113,113,113,0,1,11.6,météo idéale
2017-04-01,30,22,11,26,29,23,1,90,10,1019,11.125,34,22,24,113,113,113,0,1,11.6,météo idéale
2017-04-02,29,22,10,26,29,24,3.4,87,8.75,1018,7.75,33,23,25,113,113,113,0,1,11.6,météo favorable
2017-04-03,29,23,11,25,29,24,1.3,82,9.75,1018,16.625,31,22,24,116,113,113,0,1,11.6,météo idéale
2017-04-04,28,23,16,25,28,24,0.1,81,10,1018,18.125,31,21,24,113,113,113,0,1,11.6,météo idéale
2017-04-05,29,23,14,25,29,24,0.2,75,10,1019,10.375,31,21,26,113,113,113,0,1,11.6,météo idéale
2017-04-06,29,22,15,25,29,24,0.1,80,10,1019,18.75,32,20,24,116,113,116,0,1,11.6,météo idéale
2017-04-07,29,23,14,25,29,24,0.1,80,10,1017,23.125,33,21,25,116,113,113,0,1,11.6,météo idéale
2017-04-08,30,22,11,26,30,24,0.1,79,10,1016,11.75,35,23,25,113,113,113,0,1,11.6,météo favorable
2017-04-09,29,21,12,26,29,23,0.5,84,10,1015,8.875,33,22,25,113,113,113,0,1,11.6,météo idéale
2017-04-10,29,22,10,26,29,23,3.6,83,9.625,1015,11.625,33,22,24,113,113,176,0,1,11.6,météo favorable
2017-04-11,29,21,10,26,28,21,3.3,89,9.375,1015,21.5,31,21,22,113,116,113,0,1,11.6,météo favorable
2017-04-12,28,20,6,25,27,21,6.1,92,9.25,1014,23,31,21,22,116,113,116,0,1,11.6,météo favorable
2017-04-13,29,21,3,25,28,22,3.9,89,9.625,1015,28.375,33,22,23,113,116,116,0,1,11.6,météo favorable
2017-04-14,30,21,4,25,28,22,4.3,90,9.5,1015,18.875,33,21,23,113,116,113,0,1,11.6,météo favorable
2017-04-15,31,21,5,26,29,24,0.3,81,9.875,1016,24,34,21,24,113,116,116,0,1,11.6,météo favorable
2017-04-16,29,22,12,26,28,23,7.6,87,9.625,1016,27,31,22,24,113,116,113,0,1,11.6,météo favorable
2017-04-17,27,23,17,25,26,23,3.7,86,10,1017,53.5,30,22,23,116,116,119,0,1,10.2,météo favorable
2017-04-18,27,23,15,25,27,23,0.6,81,10,1017,67.25,29,21,24,119,119,116,0,1,6.2,météo défavorable
2017-04-19,28,22,15,25,28,23,0.3,78,9.875,1017,30.125,29,20,23,116,116,116,0,1,11.6,météo favorable
2017-04-20,28,21,13,25,27,23,0.8,77,9.625,1016,29.75,29,20,24,116,119,176,0,1,10.2,météo correcte
2017-04-21,28,21,14,25,27,24,0.8,75,9.75,1016,23.25,30,20,24,113,113,116,0,1,11.6,météo idéale
2017-04-22,29,22,14,25,29,24,0.1,72,10,1016,28,30,20,24,113,116,113,0,1,11.6,météo favorable
2017-04-23,29,23,15,26,28,24,2.8,86,9.5,1015,31.375,31,22,24,116,116,116,0,1,11.6,météo favorable
2017-04-24,29,24,13,26,29,25,2.6,87,9.875,1014,50.625,32,23,25,119,116,116,0,1,11.6,météo favorable
2017-04-25,29,24,12,27,29,24,4.6,91,9.375,1014,40.125,33,23,25,116,116,116,0,1,11.6,météo favorable
2017-04-26,29,23,11,26,29,24,13.4,88,8.875,1015,21.375,33,23,25,116,113,356,0,1,11.6,météo défavorable
2017-04-27,29,23,13,26,29,25,0.7,86,9.875,1016,37.875,33,23,25,116,116,116,0,1,12.5,météo favorable
2017-04-28,28,24,15,26,28,25,3.3,83,9.875,1017,48.75,31,23,25,119,116,116,0,1,12.5,météo favorable
2017-04-29,27,24,15,26,26,24,3.9,86,9.625,1018,54.875,30,22,24,116,122,116,0,1,12.9,météo correcte
2017-04-30,27,23,18,25,27,23,1.7,85,9.75,1018,50.125,29,22,24,116,119,116,0,1,11.9,météo correcte
2017-05-01,27,23,16,25,27,24,2.7,83,9.75,1017,33.5,30,21,24,116,116,116,0,1,12.9,météo favorable
2017-05-02,29,23,15,25,29,24,0.5,81,9.75,1017,30.5,31,22,24,116,116,116,0,1,12.9,météo favorable
2017-05-03,29,23,12,26,29,24,0.8,84,9.875,1016,27,32,22,25,116,113,116,0,1,12.9,météo idéale
2017-05-04,29,23,14,26,29,24,4.3,87,9.5,1015,26.25,32,23,24,116,116,113,0,1,12.9,météo favorable
2017-05-05,29,23,15,26,29,25,1.2,82,9.75,1015,27.25,32,22,25,116,113,116,0,1,12.9,météo idéale
2017-05-06,30,24,14,27,30,25,0.1,82,10,1016,16.25,33,22,25,116,113,113,0,1,12.9,météo idéale
2017-05-07,29,24,16,26,29,25,0.3,79,9.875,1016,18.25,32,22,25,116,113,113,0,1,12.9,météo idéale
2017-05-08,29,24,11,26,29,24,1.3,82,9.625,1015,33.125,32,22,25,116,113,176,0,1,12.9,météo favorable
2017-05-09,29,23,8,27,28,24,9.3,89,9.125,1014,43.5,33,23,24,113,119,116,0,1,11.9,météo correcte
2017-05-10,29,23,10,26,28,23,8.7,90,9.5,1015,31,32,23,23,116,116,116,0,1,13,météo correcte
2017-05-11,29,22,8,26,28,23,9,83,9.125,1015,19.5,33,23,24,113,116,113,0,1,13,météo correcte
2017-05-12,31,22,8,26,28,24,2.7,81,9.625,1016,27.125,36,22,25,113,116,119,0,1,13,météo favorable
2017-05-13,30,23,11,27,29,25,1,85,9.875,1016,11,38,23,25,113,113,113,0,1,13,météo favorable
2017-05-14,30,23,13,26,30,25,6.3,87,9.375,1016,17,34,24,26,116,113,113,0,1,13,météo favorable
2017-05-15,30,24,13,27,30,25,1.5,88,9.625,1016,21.875,35,24,26,113,113,176,0,1,13,météo favorable
2017-05-16,30,25,14,27,30,25,0.3,86,9.875,1017,22,35,25,27,116,113,113,0,1,13,météo favorable
2017-05-17,30,24,17,27,30,26,0.3,82,9.875,1017,33.875,34,23,26,116,116,116,0,1,13,météo favorable
2017-05-18,29,25,17,27,29,26,0.5,82,9.75,1017,46.5,33,23,26,119,116,116,0,1,13,météo favorable
2017-05-19,30,25,15,27,30,25,0,79,10,1016,46.25,33,22,25,119,116,119,0,1,12,météo favorable
2017-05-20,29,25,13,27,29,25,1.7,83,9.75,1016,34.375,33,22,26,116,113,116,0,1,13,météo favorable
2017-05-21,30,24,13,27,30,25,1.8,86,9.75,1017,24,34,23,25,116,113,176,0,1,13,météo idéale
2017-05-22,31,24,15,27,31,25,0.4,80,9.875,1017,29.375,34,24,27,116,116,113,0,1,13,météo favorable
2017-05-23,31,24,15,27,31,26,0.1,81,10,1018,18.375,34,23,26,116,113,113,0,1,13,météo idéale
2017-05-24,31,25,16,27,31,25,0.2,82,10,1018,20.375,35,23,26,116,113,113,0,1,13.1,météo favorable
2017-05-25,31,24,16,27,31,25,0.1,79,10,1019,22.5,34,23,26,116,113,113,0,1,13.1,météo idéale
2017-05-26,30,24,12,27,30,25,1.4,78,9.75,1018,21.875,33,22,26,116,116,113,0,1,13.1,météo favorable
2017-05-27,29,24,13,27,29,25,1.9,82,9.75,1018,28.75,32,22,25,116,113,116,0,1,13.1,météo idéale
2017-05-28,30,24,15,27,30,25,4.6,85,9.5,1018,15.375,33,23,25,113,113,113,0,1,13.1,météo favorable
2017-05-29,30,24,14,27,29,26,9.9,83,9.375,1019,22,34,23,26,116,200,356,0,1,13.1,météo correcte
2017-05-30,30,25,15,27,30,26,1.3,83,9.5,1019,31.125,34,23,26,200,200,200,0,1,13.1,météo correcte
2017-05-31,30,25,14,27,29,25,3.2,84,9.5,1019,44.25,33,23,25,200,116,119,0,1,13.1,météo favorable
2017-06-01,30,24,16,27,30,25,0.4,77,10,1018,15.75,33,22,25,116,113,113,0,1,13.1,météo idéale
2017-06-02,29,24,15,26,29,26,1.1,80,9.875,1018,28.875,33,23,26,116,113,113,0,1,13.1,météo idéale
2017-06-03,31,25,14,28,31,26,0.2,85,10,1017,22.125,36,24,26,116,113,113,0,1,13.1,météo favorable
2017-06-04,31,25,13,28,30,26,0.5,83,9.75,1016,29.625,36,24,27,116,113,116,0,1,13.1,météo favorable
2017-06-05,31,25,15,28,31,26,0.2,79,10,1017,19.125,36,24,27,116,113,113,0,1,13.1,météo favorable
2017-06-06,31,25,16,28,31,26,0,77,10,1016,14.125,34,23,26,116,113,113,0,1,13.1,météo idéale
2017-06-07,31,25,16,28,31,26,0.4,78,9.875,1015,20.875,34,22,26,116,113,113,0,1,13.5,météo idéale
2017-06-08,30,24,11,27,30,25,1.2,79,9.875,1016,21.375,34,22,26,116,116,113,0,1,13.5,météo favorable
2017-06-09,29,24,12,27,29,25,2.2,83,9.625,1018,17.75,34,23,26,116,116,113,0,1,13.5,météo favorable
2017-06-10,30,24,14,27,30,26,0.5,81,10,1018,14.875,35,23,26,113,113,116,0,1,13.5,météo favorable
2017-06-11,30,25,18,27,30,25,0.3,77,10,1018,24,33,23,26,116,113,116,0,1,13.5,météo idéale
2017-06-12,30,24,15,27,30,25,0.3,80,10,1016,16.875,33,23,26,116,113,113,0,1,13.5,météo idéale
2017-06-13,30,25,14,27,30,26,1.8,83,9.75,1016,26.25,34,23,26,113,113,116,0,1,13.5,météo idéale
2017-06-14,31,25,16,28,31,26,1.9,82,9.75,1017,24.5,35,23,26,116,113,113,0,1,13.5,météo favorable
2017-06-15,30,25,17,28,30,26,3.8,82,9.75,1017,20.625,34,23,26,113,113,116,0,1,13.5,météo favorable
2017-06-16,31,25,16,28,31,26,0.4,79,10,1017,14.375,34,23,26,113,113,113,0,1,13.5,météo idéale
2017-06-17,30,25,18,27,30,26,0.2,77,10,1016,20.75,33,23,26,116,116,116,0,1,13.5,météo favorable
2017-06-18,30,24,18,27,30,25,2.6,79,9.625,1016,21.625,33,22,26,116,113,113,0,1,13.5,météo idéale
2017-06-19,30,25,18,27,30,26,1.2,81,9.5,1017,33,33,23,26,116,200,200,0,1,13.5,météo correcte
2017-06-20,30,25,17,28,30,26,0.4,78,10,1017,37.25,34,23,26,116,113,116,0,1,13.5,météo favorable
2017-06-21,30,25,19,27,30,26,0.2,77,10,1017,36.875,33,22,26,116,113,116,0,1,13.5,météo favorable
2017-06-22,31,25,16,27,31,25,0.2,76,10,1016,17.75,33,22,26,116,113,113,0,1,13.5,météo idéale
2017-06-23,30,24,15,27,30,25,0.2,78,10,1016,16.625,33,22,26,113,113,116,0,1,13.5,météo idéale
2017-06-24,30,24,17,27,30,26,0.5,79,10,1018,22.875,33,23,26,116,113,113,0,1,13.5,météo idéale
2017-06-25,31,25,18,27,31,26,2.7,82,9.875,1018,25.5,35,23,26,116,113,116,0,1,13.5,météo favorable
2017-06-26,31,25,18,27,31,26,0.3,83,9.875,1017,35.625,35,23,27,116,116,116,0,1,13.5,météo favorable
2017-06-27,31,25,14,28,31,26,0.3,83,9.875,1017,27.125,35,23,26,116,116,113,0,1,13.5,météo favorable
2017-06-28,31,25,15,27,31,26,0.4,80,10,1017,24,34,23,26,113,113,116,0,1,13.5,météo idéale
2017-06-29,31,25,18,28,30,26,0.8,80,10,1017,24.75,34,23,26,116,116,113,0,1,13.5,météo favorable
2017-06-30,30,25,15,28,29,26,3.5,83,9.875,1018,45.5,35,23,27,116,116,353,0,1,12.1,météo favorable
2017-07-01,31,25,17,28,31,26,0.1,78,10,1019,25.375,35,23,26,116,113,116,0,1,13.5,météo favorable
2017-07-02,31,25,18,28,31,26,1,78,9.875,1019,26.25,35,23,26,116,116,116,0,1,13.5,météo favorable
2017-07-03,30,25,15,28,30,26,1,81,9.75,1018,32,34,23,27,116,113,116,0,1,13.5,météo favorable
2017-07-04,31,25,17,28,31,26,0.8,82,10,1018,20.625,35,23,27,113,113,116,0,1,13.5,météo favorable
2017-07-05,31,26,17,28,31,27,0.7,80,9.875,1019,27.125,36,24,27,116,113,113,0,1,13.5,météo favorable
2017-07-06,31,25,16,28,31,26,0.1,78,10,1018,19.625,35,23,26,116,113,113,0,1,13.5,météo favorable
2017-07-07,30,25,13,27,30,26,4,81,9.5,1017,33.375,34,23,26,116,116,176,0,1,13.5,météo favorable
2017-07-08,31,24,15,28,30,26,0.7,83,9.875,1017,23.875,35,23,26,116,113,116,0,1,13.5,météo favorable
2017-07-09,31,25,8,29,31,26,0.4,86,9.875,1016,32.25,38,24,27,116,116,116,0,1,13.5,météo favorable
2017-07-10,31,23,8,28,31,25,0,86,10,1017,5.75,46,26,27,113,113,113,0,1,13.5,météo défavorable
2017-07-11,30,22,9,29,29,25,6.2,85,9.5,1016,12,36,24,25,113,113,116,0,1,13.5,météo favorable
2017-07-12,30,24,11,27,30,26,4.3,80,9.5,1017,16,34,23,26,113,116,113,0,1,13.5,météo favorable
2017-07-13,30,25,14,27,30,26,1.9,83,9.875,1018,19.375,34,23,26,113,113,116,0,1,13.5,météo idéale
2017-07-14,31,25,15,28,31,26,0.2,83,10,1017,17.75,36,24,27,116,113,113,0,1,13.5,météo favorable
2017-07-15,31,25,15,28,30,27,0.2,83,10,1016,30,36,24,27,116,116,116,0,1,13.5,météo favorable
2017-07-16,31,26,13,28,31,27,0.4,80,10,1017,23,36,24,27,116,113,113,0,1,13.5,météo favorable
2017-07-17,31,25,16,28,31,26,0.3,79,10,1018,21.75,34,23,27,116,113,113,0,1,13.5,météo idéale
2017-07-18,31,25,18,28,31,27,0.2,80,10,1018,30.25,36,24,27,113,113,116,0,1,13.3,météo favorable
2017-07-19,31,25,25,28,31,26,0,78,10,1018,21.875,35,24,27,113,113,113,0,1,13.5,météo favorable
2017-07-20,31,25,20,28,31,26,0.1,79,10,1018,19,35,23,26,113,116,113,0,1,13.4,météo favorable
2017-07-21,31,25,22,27,31,26,1.3,82,9.5,1017,23,34,23,27,116,113,113,0,1,13,météo idéale
2017-07-22,31,25,14,28,31,27,1.6,85,9.75,1017,25.375,37,25,27,116,113,113,0,1,13,météo favorable
2017-07-23,32,26,18,28,32,27,0.3,83,9.875,1017,21.625,37,25,27,116,113,113,0,1,13,météo favorable
2017-07-24,32,26,19,28,32,27,0.1,80,10,1018,16.75,37,24,27,116,113,113,0,1,11.6,météo favorable
2017-07-25,31,25,17,28,31,26,2.7,85,9.75,1017,24.125,35,24,26,116,113,116,0,1,11.6,météo favorable
2017-07-26,30,25,13,27,30,26,1.7,82,9.625,1016,20.375,35,24,27,116,113,113,0,1,11.6,météo favorable
2017-07-27,31,25,13,28,31,27,0.5,82,10,1015,16.75,38,24,27,113,113,116,0,1,11.6,météo favorable
2017-07-28,31,25,15,28,31,27,0.4,81,9.875,1015,12.375,37,24,28,113,113,113,0,1,11.6,météo favorable
2017-07-29,31,26,15,28,31,27,3.3,77,9.625,1016,17.125,36,24,27,113,113,116,0,1,11.6,météo favorable
2017-07-30,31,25,19,28,31,27,0.6,79,9.75,1018,17.75,35,23,27,116,113,113,0,1,11.6,météo favorable
2017-07-31,32,26,19,28,32,27,0.3,83,10,1018,21.875,36,24,27,116,113,113,0,1,11.6,météo favorable
2017-08-01,32,26,22,29,32,27,0.1,78,10,1018,19.125,37,25,27,113,116,113,0,1,11.6,météo favorable
2017-08-02,30,26,23,28,30,27,0.9,82,9.75,1017,36.125,35,24,27,116,116,116,0,1,11.6,météo favorable
2017-08-03,31,26,26,29,31,27,2,81,9.375,1018,38,37,24,27,116,176,113,0,1,11.6,météo favorable
2017-08-04,31,26,17,27,31,27,1.6,82,9.875,1018,30.625,35,24,27,116,113,176,0,1,11.6,météo favorable
2017-08-05,31,26,16,28,31,27,1,82,9.75,1017,30.125,36,24,27,116,116,116,0,1,11.6,météo favorable
2017-08-06,30,25,14,28,30,26,2.8,80,9.75,1016,18.125,34,23,26,113,113,113,0,1,11.6,météo idéale
2017-08-07,31,25,16,28,31,26,4.2,83,9.875,1016,17.25,36,24,27,116,113,386,0,1,11.6,météo favorable
2017-08-08,32,26,20,28,32,27,0.7,84,9.75,1016,23.125,37,24,27,176,113,116,0,1,11.6,météo favorable
2017-08-09,31,26,18,28,31,27,2.8,83,9.625,1017,27.75,36,24,27,113,116,176,0,1,11.6,météo favorable
2017-08-10,32,25,13,28,32,26,0.1,81,10,1017,18.625,40,24,27,116,113,116,0,1,11.6,météo correcte
2017-08-11,31,25,10,28,31,26,1.8,79,9.75,1016,12.875,37,25,27,113,113,113,0,1,11.6,météo favorable
2017-08-12,32,25,17,28,32,27,3.8,79,9.5,1016,8.75,36,25,29,113,113,113,0,1,11.6,météo favorable
2017-08-13,31,25,19,28,31,27,0.3,82,9.875,1017,16.375,36,24,27,113,113,113,0,1,11.6,météo favorable
2017-08-14,31,26,20,28,31,27,5.1,83,9.625,1016,36.125,36,24,27,116,116,356,0,1,11.6,météo favorable
2017-08-15,32,26,19,28,32,27,1.1,79,9.875,1016,30.25,37,24,27,116,116,113,0,1,11.6,météo favorable
2017-08-16,31,26,22,29,31,26,1.1,82,9.75,1015,34.125,36,23,26,113,113,116,0,1,10.3,météo favorable
2017-08-17,29,26,20,26,28,26,9.6,86,9.5,1015,46.5,33,24,26,116,122,113,0,1,8.9,météo correcte
2017-08-18,31,26,20,28,31,26,0.1,81,10,1014,9.75,36,25,27,113,113,113,0,1,11.6,météo favorable
2017-08-19,31,26,23,28,30,27,2.1,84,9.75,1012,30.75,36,24,27,116,116,113,0,1,11.6,météo favorable
2017-08-20,30,26,15,28,28,26,2.5,85,9.25,1016,38.875,36,24,26,116,116,116,0,1,11.6,météo favorable
2017-08-21,31,26,16,28,31,27,0.1,80,10,1016,16.375,36,24,27,113,116,113,0,1,11.6,météo favorable
2017-08-22,30,25,14,28,30,26,2.4,85,9.75,1016,31.25,36,24,27,116,116,113,0,1,11.6,météo favorable
2017-08-23,31,25,13,28,31,26,1,82,9.875,1014,21.125,37,24,27,113,116,113,0,1,11.6,météo favorable
2017-08-24,31,25,12,28,31,27,0.7,87,9.75,1015,24.875,38,25,27,113,200,200,0,1,11.6,météo correcte
2017-08-25,31,26,15,28,31,27,1.8,81,9.625,1016,25.5,37,25,27,116,116,113,0,1,11.6,météo favorable
2017-08-26,31,26,17,28,31,26,0.6,80,9.75,1015,22.5,35,24,27,116,113,113,0,1,11.6,météo favorable
2017-08-27,31,26,17,28,31,26,0.5,78,9.875,1014,18.625,35,23,27,113,113,113,0,1,11.6,météo favorable
2017-08-28,30,25,10,28,30,26,1.6,81,9.75,1014,24.875,36,24,27,113,116,116,0,1,11.6,météo favorable
2017-08-29,31,25,14,28,30,26,7.9,82,9,1016,18.25,36,24,27,113,113,113,0,1,11.6,météo favorable
2017-08-30,32,26,16,28,32,27,0.1,81,10,1016,17.75,37,25,28,116,113,113,0,1,11.6,météo favorable
2017-08-31,32,26,15,28,32,27,0.2,82,10,1017,13.375,38,25,27,113,113,113,0,1,11.6,météo favorable
2017-09-01,31,25,14,28,31,26,0.9,79,9.875,1017,19.25,35,24,27,113,113,116,0,1,11.6,météo favorable
2017-09-02,31,26,15,28,31,27,0.3,81,9.875,1016,25.5,36,23,27,116,113,113,0,1,11.6,météo favorable
2017-09-03,31,25,12,28,31,27,1.3,80,9.875,1016,27.5,36,24,27,113,116,116,0,1,11.6,météo favorable
2017-09-04,31,26,12,28,31,27,0.5,84,9.875,1014,24.625,37,24,27,113,113,116,0,1,11.6,météo favorable
2017-09-05,32,26,15,28,32,27,7.3,82,9.375,1013,19.75,38,24,27,113,113,176,0,1,11.6,météo favorable
2017-09-06,29,26,45,28,27,26,10.7,84,9.5,1010,50,33,24,26,116,122,122,0,1,8.9,météo correcte
2017-09-07,29,26,24,27,29,26,5.1,87,9.875,1012,43.25,34,25,27,116,116,116,0,1,11.6,météo favorable
2017-09-08,31,26,17,28,31,26,4.9,83,9.625,1013,21.875,36,24,27,116,113,113,0,1,11.6,météo favorable
2017-09-09,30,25,13,28,30,26,5.5,81,9.5,1012,20.75,35,24,27,116,113,113,0,1,11.6,météo favorable
2017-09-10,31,24,17,27,31,27,0.5,84,9.875,1014,15.875,36,24,27,113,113,113,0,1,11.6,météo favorable
2017-09-11,31,26,14,28,31,27,1.6,86,9.875,1014,17.375,38,25,27,113,113,113,0,1,11.6,météo favorable
2017-09-12,31,26,12,28,31,26,0,83,10,1014,12.875,38,26,28,116,113,113,0,1,11.6,météo favorable
2017-09-13,31,25,9,28,31,27,0.6,83,9.75,1013,19,37,26,27,113,116,116,0,1,11.6,météo favorable
2017-09-14,31,26,12,28,30,26,3,81,9.75,1014,33.375,36,24,27,113,116,116,0,1,11.6,météo favorable
2017-09-15,30,25,15,28,29,26,2.3,82,9.875,1016,54.125,34,23,26,116,116,116,0,1,10.2,météo favorable
2017-09-16,31,25,17,27,31,26,0.9,86,9.75,1015,22.375,36,24,27,113,113,113,0,1,11.6,météo favorable
2017-09-17,31,25,12,28,31,27,1.3,86,9.875,1014,15.875,38,25,27,113,113,116,0,1,11.6,météo favorable
2017-09-18,31,25,14,28,31,27,1.3,83,9.875,1013,15.375,37,25,27,113,113,113,0,1,11.6,météo favorable
2017-09-19,30,26,27,28,28,26,4.6,83,9.625,1013,41.75,34,24,26,116,116,116,0,1,10.2,météo favorable
2017-09-20,27,26,63,27,26,26,128.7,87,7.25,1003,85.125,31,24,26,122,122,119,0,1,6,météo très défavorable
2017-09-21,27,26,26,27,27,26,9.4,88,9.25,1011,49.375,32,24,26,116,116,119,0,1,8.8,météo correcte
2017-09-22,28,25,20,27,28,26,5.1,87,9.375,1012,37,33,24,27,116,116,116,0,1,11.6,météo favorable
2017-09-23,30,26,15,28,30,27,1.7,89,9.375,1013,40.625,36,25,27,116,200,353,0,1,11.6,météo correcte
2017-09-24,30,26,14,28,30,26,0.9,89,9.875,1015,36.875,36,25,27,116,113,113,0,1,11.6,météo favorable
2017-09-25,30,25,14,27,30,26,5.5,87,9.375,1015,19.5,35,25,26,113,113,113,0,1,11.6,météo favorable
2017-09-26,30,25,14,27,30,26,0.7,88,9.75,1016,21.125,36,25,26,116,113,113,0,1,11.6,météo favorable
2017-09-27,30,25,15,27,30,26,2.6,88,9.5,1015,24,35,24,26,116,113,176,0,1,11.6,météo favorable
2017-09-28,30,25,19,27,30,26,0.4,85,9.875,1015,17.25,34,24,26,113,113,113,0,1,11.6,météo idéale
2017-09-29,30,25,17,27,30,25,3.1,78,9.625,1014,25.125,33,23,26,116,113,116,0,1,11.6,météo favorable
2017-09-30,27,24,13,26,27,25,2.6,81,9.875,1014,37,31,23,25,116,116,353,0,1,11.6,météo favorable
2017-10-01,29,24,13,27,29,26,2.7,82,9.875,1013,28.625,33,23,26,113,116,116,0,1,11.6,météo favorable
2017-10-02,29,25,17,27,29,26,1.8,84,9.625,1013,25.75,33,24,26,116,113,113,0,1,11.6,météo idéale
2017-10-03,30,25,15,27,30,26,0.8,84,9.75,1014,19.625,35,23,26,113,113,113,0,1,11.6,météo favorable
2017-10-04,30,25,14,27,30,26,1.1,85,9.875,1013,14.75,36,24,27,113,113,113,0,1,11.6,météo favorable
2017-10-05,30,25,13,27,30,26,2.9,82,9.625,1014,33.875,35,24,27,113,119,176,0,1,10.2,météo correcte
2017-10-06,29,25,7,27,29,25,14.8,85,8.625,1015,25.875,35,24,26,176,113,116,0,1,11.6,météo défavorable
2017-10-07,29,24,10,27,29,25,4,86,9.375,1016,18,35,24,26,113,113,116,0,1,11.6,météo favorable
2017-10-08,29,25,11,27,29,25,3.7,86,9.5,1013,30.75,34,24,26,113,113,116,0,1,11.6,météo favorable
2017-10-09,29,24,9,27,28,25,4.5,86,8.875,1011,42.125,34,23,25,113,116,119,0,1,8.8,météo favorable
2017-10-10,29,24,10,26,26,25,4.2,85,9.875,1011,48.25,33,24,25,113,119,116,0,1,10.2,météo correcte
2017-10-11,29,25,12,27,29,25,6.7,89,9.125,1012,27.625,34,24,26,116,116,113,0,1,11.6,météo favorable
2017-10-12,30,25,13,28,30,26,1.5,85,9.875,1012,12.875,37,25,27,113,113,113,0,1,11.6,météo favorable
2017-10-13,30,25,14,27,30,26,3.3,87,9.625,1013,19.25,35,24,26,116,113,113,0,1,11.6,météo favorable
2017-10-14,30,25,12,27,30,26,1.1,86,9.75,1013,26.875,35,24,27,116,116,116,0,1,11.6,météo favorable
2017-10-15,29,25,16,27,29,25,6.5,86,9.375,1015,29.875,33,24,25,116,116,116,0,1,11.6,météo favorable
2017-10-16,28,25,19,27,27,26,8.6,87,9.125,1015,35.375,32,24,26,116,116,113,0,1,11.6,météo correcte
2017-10-17,30,26,18,27,30,26,3.3,89,9.25,1016,27.75,35,25,26,200,113,116,0,1,11.6,météo favorable
2017-10-18,29,25,22,27,29,26,2.6,84,9.875,1016,35.625,33,24,26,116,116,116,0,1,11.6,météo favorable
2017-10-19,30,25,25,27,30,26,0.3,81,10,1016,24.5,34,23,26,113,113,116,0,1,11.6,météo idéale
2017-10-20,29,25,21,27,29,25,0.2,81,10,1016,14.375,33,22,26,113,113,113,0,1,8.7,météo idéale
2017-10-21,29,24,22,27,29,25,0.1,82,10,1017,12.75,33,22,25,113,113,113,0,1,8.7,météo idéale
2017-10-22,29,24,19,27,29,25,0.3,81,9.875,1017,11.5,32,22,25,113,113,113,0,1,8.7,météo idéale
2017-10-23,29,24,16,26,29,25,1.1,81,9.625,1016,16.25,32,22,25,113,113,113,0,1,8.7,météo idéale
2017-10-24,29,24,13,26,29,25,0,80,10,1015,16.75,34,22,25,113,113,113,0,1,8.7,météo idéale
2017-10-25,29,24,12,27,29,25,2.4,83,9.75,1014,19.125,34,23,26,113,113,113,0,1,8.7,météo idéale
2017-10-26,30,24,17,27,30,25,0.6,87,10,1014,16.75,34,24,26,113,116,113,0,1,8.7,météo favorable
2017-10-27,29,24,15,26,29,25,1.2,86,9.875,1013,36,33,23,26,116,116,116,0,1,8.7,météo favorable
2017-10-28,28,24,10,26,28,25,6,86,9.25,1013,33.625,32,24,26,116,116,113,0,1,8.7,météo favorable
2017-10-29,29,24,12,27,29,25,3.5,85,9.75,1013,28.625,33,23,26,116,116,113,0,1,8.7,météo favorable
2017-10-30,29,24,4,27,28,25,5.6,84,9.5,1014,30.25,35,24,25,113,116,116,0,1,8.7,météo favorable
2017-10-31,28,24,8,27,28,25,7.5,85,9.375,1014,28.5,33,24,25,113,116,356,0,1,8.7,météo favorable
2017-11-01,29,24,14,26,29,24,0.2,73,10,1014,20.25,33,23,25,116,113,116,0,7,8.7,météo idéale
2017-11-02,29,24,15,26,29,24,0.2,79,10,1014,19.125,31,22,25,113,113,113,0,7,8.7,météo idéale
2017-11-03,29,23,13,26,29,25,0,79,10,1014,10.25,33,23,25,113,113,113,0,7,8.7,météo idéale
2017-11-04,29,24,16,26,29,24,1.3,85,9.75,1013,20.625,32,22,25,113,113,113,0,7,8.7,météo idéale
2017-11-05,28,24,16,26,28,25,4.5,87,9.875,1015,35.625,31,23,25,116,116,116,0,7,8.7,météo favorable
2017-11-06,29,24,13,26,29,25,6.5,85,9.25,1015,29.375,33,23,25,113,116,116,0,7,8.7,météo favorable
2017-11-07,27,24,11,25,27,25,7.2,88,10,1014,66.125,31,23,25,119,119,119,0,7,5.7,météo défavorable
2017-11-08,27,24,12,26,27,24,4,86,10,1013,67.625,31,23,25,116,122,116,0,7,5.7,météo défavorable
2017-11-09,27,24,16,25,27,25,2.4,85,8.875,1013,72.875,31,24,25,122,116,119,0,6,7.2,météo défavorable
2017-11-10,28,24,14,26,28,25,2.6,86,9.75,1013,51.125,32,23,25,116,116,116,0,6,8.7,météo favorable
2017-11-11,27,24,15,26,27,25,4.2,86,9.875,1013,48.25,31,24,25,116,116,122,0,7,8.7,météo favorable
2017-11-12,29,24,18,26,29,25,1.3,83,9.75,1013,36.5,32,23,25,116,116,113,0,7,8.7,météo favorable
2017-11-13,29,24,18,26,29,25,1.1,83,9.625,1013,21.375,32,23,25,113,113,113,0,7,8.7,météo idéale
2017-11-14,28,24,15,26,28,25,3.7,85,9.625,1012,23.5,32,23,25,113,116,113,0,7,8.7,météo favorable
2017-11-15,29,24,14,27,28,25,0.8,87,9.875,1010,21.875,33,24,26,113,116,113,0,7,8.7,météo favorable
2017-11-16,27,24,10,26,27,25,0.7,90,8.875,1011,56.375,32,24,26,119,116,116,0,7,5.7,météo correcte
2017-11-17,29,24,12,26,29,25,1.7,86,10,1011,39.875,33,24,26,116,116,116,0,7,8.7,météo favorable
2017-11-18,29,24,6,26,27,24,6.6,94,9.5,1010,46.125,33,24,24,116,116,119,0,7,8.7,météo favorable
2017-11-19,27,24,9,26,26,24,3.7,88,9.625,1011,50.25,31,23,24,116,122,116,0,6,7.2,météo correcte
2017-11-20,28,24,8,26,28,25,2.2,86,9.5,1013,26.375,33,24,26,116,116,116,0,7,8.7,météo favorable
2017-11-21,29,23,15,26,29,24,0.1,83,10,1014,15.75,34,23,26,116,113,113,0,7,8.7,météo idéale
2017-11-22,29,23,12,26,29,25,0,86,10,1015,13.25,34,24,26,116,113,113,0,7,8.7,météo idéale
2017-11-23,29,24,8,26,29,25,3.8,90,9.5,1014,24.375,34,24,25,113,116,116,0,7,8.7,météo favorable
2017-11-24,29,24,14,26,29,25,4.8,89,9.25,1015,34.625,33,24,25,116,116,116,0,7,8.7,météo favorable
2017-11-25,29,24,12,26,29,25,0.1,84,10,1016,26.75,33,24,26,116,116,113,0,7,8.7,météo favorable
2017-11-26,28,24,17,26,28,24,0.1,81,10,1015,12.75,30,23,25,113,113,113,0,7,8.7,météo idéale
2017-11-27,28,23,15,25,28,24,0.5,79,9.875,1015,16,31,23,26,113,113,113,0,7,8.7,météo idéale
2017-11-28,29,23,10,25,29,25,0,86,10,1017,7.5,35,25,25,113,113,113,0,7,8.7,météo favorable
2017-11-29,29,24,18,26,29,25,0.2,87,10,1016,28.875,32,23,25,113,113,116,0,7,8.7,météo idéale
2017-11-30,28,23,13,25,28,24,0.3,84,10,1014,14.375,32,22,25,113,116,113,0,7,8.7,météo favorable
2017-12-01,29,23,6,25,29,24,0,82,10,1013,10.125,39,24,25,113,113,113,0,1,8.7,météo favorable
2017-12-02,29,22,4,24,29,24,0,81,10,1013,0.75,40,25,27,113,113,113,0,1,8.7,météo correcte
2017-12-03,28,22,10,25,28,24,2,88,9.75,1013,14.375,34,25,25,113,116,113,0,1,8.7,météo favorable
2017-12-04,28,23,9,26,28,24,6.6,86,9.125,1016,21,33,23,25,113,200,116,0,1,8.7,météo correcte
2017-12-05,28,24,18,26,28,24,0.7,85,9.875,1017,31.875,31,23,25,116,116,116,0,1,8.7,météo favorable
2017-12-06,27,24,21,25,27,24,0.5,85,9.75,1017,40.5,30,22,24,116,116,116,0,1,8.7,météo favorable
2017-12-07,27,24,22,25,27,24,0.8,83,9.75,1016,37,30,22,24,116,116,116,0,1,8.7,météo favorable
2017-12-08,27,23,22,25,27,24,0.4,79,10,1017,33.5,29,21,24,113,122,113,0,1,7.2,météo correcte
2017-12-09,28,23,22,25,28,24,0.2,80,10,1017,7.75,30,21,24,113,113,113,0,1,8.7,météo idéale
2017-12-10,28,23,16,25,28,24,0.4,82,9.75,1016,15.75,30,22,24,113,113,113,0,1,8.7,météo idéale
2017-12-11,28,22,13,25,28,23,0.3,76,9.875,1014,20.875,30,22,24,116,116,113,0,1,8.7,météo favorable
2017-12-12,28,22,11,24,28,23,0.1,84,10,1014,14.25,31,22,25,116,113,113,0,1,8.7,météo idéale
2017-12-13,28,22,8,25,28,23,0.1,82,10,1017,19.25,31,23,25,113,116,113,0,1,8.7,météo favorable
2017-12-14,29,23,14,25,29,24,0,81,10,1018,17.625,32,22,25,113,113,113,0,1,8.7,météo idéale
2017-12-15,28,23,17,25,28,24,0.1,82,10,1019,15.875,30,22,24,113,113,113,0,1,8.7,météo idéale
2017-12-16,28,23,19,25,28,24,1,83,9.75,1019,28.5,31,22,24,116,113,116,0,1,8.7,météo idéale
2017-12-17,28,23,23,25,28,25,0.6,82,10,1019,34.5,31,22,25,113,116,116,0,1,8.7,météo favorable
2017-12-18,27,24,20,24,27,24,1.6,86,9.875,1019,53.75,30,22,24,116,116,116,0,1,7.2,météo favorable
2017-12-19,28,23,17,25,28,24,0.5,84,9.875,1018,24.125,31,22,24,116,113,113,0,1,8.7,météo idéale
2017-12-20,28,23,17,25,28,24,0.3,83,9.875,1017,16.625,31,22,24,113,113,113,0,1,8.7,météo idéale
2017-12-21,28,23,14,25,28,24,0.5,82,9.875,1017,22.375,31,22,24,113,113,113,0,1,8.7,météo idéale
2017-12-22,28,23,17,25,28,24,0.7,83,9.625,1018,22.5,30,22,24,113,113,113,0,1,8.7,météo idéale
2017-12-23,28,23,19,24,28,23,0.3,82,9.875,1018,16.875,30,21,24,113,113,113,0,1,8.7,météo idéale
2017-12-24,28,23,20,24,28,24,0.7,81,9.75,1018,18.75,30,21,24,113,113,113,0,1,8.7,météo idéale
2017-12-25,28,23,18,24,28,24,0.3,84,10,1018,17.625,30,21,24,113,113,113,0,1,8.7,météo idéale
2017-12-26,27,23,19,25,27,24,2,81,9.75,1018,21.125,29,21,24,113,116,113,0,1,8.7,météo favorable
2017-12-27,27,23,24,24,27,24,0.5,79,9.875,1019,18.375,29,21,24,113,113,113,0,1,8.7,météo idéale
2017-12-28,27,23,17,24,27,24,1.5,81,9.625,1017,19.75,29,22,24,113,113,113,0,1,8.7,météo idéale
2017-12-29,27,23,17,24,27,23,0.3,78,9.875,1017,15.75,29,21,24,113,113,113,0,1,8.7,météo idéale
2017-12-30,27,22,14,24,27,23,0.2,82,9.875,1018,18.125,29,21,23,113,113,113,0,1,11.4,météo idéale
2017-12-31,28,22,14,24,28,23,0,85,10,1018,11.75,31,21,24,113,113,113,0,1,11.4,météo idéale
2018-01-01,27,23,19,24,27,23,0.1,83,10,1018,30,29,21,24,116,116,113,0,1,11.4,météo favorable
2018-01-02,28,22,14,23,28,23,0,82,10,1016,9.5,30,21,24,113,113,113,0,1,11.4,météo idéale
2018-01-03,27,22,10,24,27,23,0.2,85,9.875,1016,19,30,21,24,113,113,113,0,1,11.5,météo idéale
2018-01-04,28,22,13,24,28,23,0,86,10,1017,11.375,32,22,24,113,113,113,0,1,11.5,météo idéale
2018-01-05,28,23,13,24,28,24,0,86,10,1018,21.875,31,22,24,116,113,116,0,1,11.5,météo idéale
2018-01-06,28,23,17,25,28,24,0.8,83,9.75,1018,27,31,22,24,116,113,113,0,1,11.5,météo idéale
2018-01-07,28,23,21,25,28,24,0.5,82,9.875,1017,27.875,31,21,24,113,116,113,0,1,11.5,météo favorable
2018-01-08,28,23,18,24,28,23,0.4,81,9.875,1017,12.75,29,21,24,113,113,113,0,1,11.5,météo idéale
2018-01-09,28,23,22,24,28,23,0.8,83,9.75,1017,26.5,30,21,24,116,116,113,0,1,11.5,météo favorable
2018-01-10,27,23,18,24,27,24,2.1,87,9.75,1017,37.375,29,22,24,116,116,113,0,1,11.5,météo favorable
2018-01-11,26,23,24,24,26,24,3.7,83,9.875,1019,38.25,29,22,24,116,116,116,0,1,11.5,météo favorable
2018-01-12,27,23,22,24,27,24,0.7,85,9.75,1018,31.625,29,21,24,116,116,113,0,1,11.5,météo favorable
2018-01-13,27,23,21,24,27,24,1.1,85,9.625,1018,30.375,30,21,24,116,113,116,0,1,11.1,météo favorable
2018-01-14,27,23,21,24,27,23,1.6,85,9.875,1017,33.625,29,21,24,116,113,116,0,1,11.1,météo favorable
2018-01-15,26,22,15,24,26,23,1.7,83,9.625,1017,23.125,29,21,24,116,113,113,0,1,11.1,météo idéale
2018-01-16,27,22,17,24,27,23,1.1,86,9.625,1017,26,30,21,23,116,113,116,0,1,11.1,météo idéale
2018-01-17,27,23,14,24,27,23,1.3,85,9.875,1018,25.25,29,21,24,116,113,113,0,1,11.1,météo idéale
2018-01-18,28,22,12,24,28,23,0.2,86,10,1017,23.125,30,22,24,113,116,113,0,1,11.1,météo favorable
2018-01-19,27,22,13,24,27,24,0,84,10,1018,20.125,30,22,24,113,113,113,0,1,11.1,météo idéale
2018-01-20,28,23,19,24,28,23,0.1,84,10,1019,25,30,21,24,113,113,113,0,1,11.1,météo idéale
2018-01-21,28,23,18,24,28,23,0,79,10,1018,11.625,29,21,24,113,113,113,0,1,11.1,météo idéale
2018-01-22,28,22,19,24,28,23,0.7,82,9.75,1017,21.75,30,21,24,116,116,113,0,1,11.1,météo favorable
2018-01-23,27,22,17,24,27,23,0.6,85,9.75,1016,26.75,30,21,24,113,116,116,0,1,11.1,météo favorable
2018-01-24,28,23,17,24,28,23,0.2,82,10,1017,20.125,30,21,24,116,113,113,0,1,11.2,météo idéale
2018-01-25,27,23,19,24,26,23,0.2,78,10,1018,26.375,29,21,23,113,116,113,0,1,11.6,météo favorable
2018-01-26,27,22,19,23,27,23,0.8,81,9.875,1018,25.75,29,20,23,113,116,116,0,1,11.6,météo favorable
2018-01-27,26,23,25,24,26,23,1.1,80,9.75,1018,38.5,28,20,23,116,116,116,0,1,11.6,météo favorable
2018-01-28,27,23,27,24,27,23,1.4,81,9.625,1018,43.375,29,20,23,116,116,116,0,1,11.6,météo favorable
2018-01-29,27,23,28,24,27,23,1,83,9.875,1016,56.625,28,20,23,116,116,119,0,1,8.7,météo correcte
2018-01-30,27,22,21,24,27,23,0.4,77,9.875,1016,31.875,29,20,23,116,116,113,0,1,11.6,météo favorable
2018-01-31,26,21,16,23,26,22,0.1,67,10,1017,14,27,19,23,113,113,113,0,1,11.6,météo idéale
2018-02-01,26,21,19,23,26,22,0.2,73,10,1018,20.875,27,18,23,113,116,113,0,1,10.2,météo favorable
2018-02-02,27,22,18,23,27,22,0.4,81,10,1018,16,28,19,23,113,113,113,0,1,11.6,météo idéale
2018-02-03,27,22,19,23,27,22,0.9,78,9.875,1018,25.875,28,20,22,116,113,113,0,1,11.6,météo idéale
2018-02-04,26,21,21,23,26,22,1,81,9.875,1018,28.875,28,19,23,116,116,113,0,1,11.6,météo favorable
2018-02-05,28,22,18,23,28,23,0.4,85,9.875,1019,15.5,29,21,23,113,113,116,0,1,11.6,météo idéale
2018-02-06,28,23,22,24,28,23,0.7,80,9.875,1020,23.375,29,21,23,116,113,113,0,1,11.6,météo idéale
2018-02-07,28,22,24,24,28,23,0.6,78,9.875,1020,17.375,29,19,23,113,113,113,0,1,11.6,météo idéale
2018-02-08,27,22,23,24,27,23,0.5,80,9.875,1020,19.5,29,20,23,113,113,113,0,1,11.6,météo idéale
2018-02-09,26,22,23,23,26,23,2.1,80,9.875,1019,30.25,28,20,23,116,116,113,0,1,11.6,météo favorable
2018-02-10,27,23,30,24,27,24,0.5,75,9.875,1020,27.75,29,20,24,116,116,116,0,1,11.6,météo favorable
2018-02-11,27,23,28,24,27,23,0.6,71,9.875,1021,20.5,28,19,23,116,113,113,0,1,11.6,météo idéale
2018-02-12,27,22,30,24,27,23,0.6,74,9.75,1022,10.75,28,18,23,113,113,113,0,1,11.6,météo idéale
2018-02-13,27,22,28,24,27,23,0.4,74,9.875,1022,16,28,19,23,113,113,113,0,1,11.6,météo idéale
2018-02-14,27,22,24,24,27,23,0.4,74,10,1022,9.875,29,19,23,113,113,113,0,1,11.6,météo idéale
2018-02-15,27,22,21,24,27,22,0.5,81,9.875,1021,19,28,19,23,113,113,116,0,1,11.6,météo idéale
2018-02-16,27,22,18,24,27,22,0.3,81,10,1021,23,28,20,23,113,113,116,0,1,11.6,météo idéale
2018-02-17,27,22,21,23,27,22,1.2,81,9.625,1021,25.5,28,20,23,116,113,113,0,1,11.6,météo idéale
2018-02-18,27,22,21,24,27,23,0.2,75,10,1021,12.5,29,20,23,113,113,113,0,1,11.6,météo idéale
2018-02-19,27,22,27,24,27,23,0.5,76,9.875,1021,24,29,19,23,113,113,116,0,1,11.6,météo idéale
2018-02-20,28,22,27,24,28,23,0.8,77,9.75,1021,23.375,29,19,23,116,113,113,0,1,11.6,météo idéale
2018-02-21,27,22,27,24,27,23,1.1,79,9.75,1022,31.875,28,19,23,113,116,116,0,1,11.6,météo favorable
2018-02-22,27,22,27,24,27,22,0,75,10,1023,9,28,18,23,113,113,113,0,1,11.6,météo idéale
2018-02-23,27,22,23,23,27,22,0.1,77,10,1021,13.875,28,18,22,113,113,113,0,1,11.6,météo idéale
2018-02-24,26,21,21,23,26,22,1.3,79,9.75,1019,13.625,28,19,22,113,113,113,0,1,11.6,météo idéale
2018-02-25,27,21,17,23,27,22,0.8,81,9.75,1019,24,28,19,22,113,116,113,0,1,11.6,météo favorable
2018-02-26,27,21,17,23,27,22,0.5,80,9.875,1019,23,28,19,23,113,113,113,0,1,11.6,météo idéale
2018-02-27,27,21,14,23,27,22,1.9,83,9.625,1017,20.25,29,20,22,113,113,116,0,1,11.6,météo idéale
2018-02-28,26,21,11,23,26,22,10.3,85,9,1017,30.25,27,20,22,113,116,356,0,1,11.6,météo correcte
2018-03-01,27,21,12,23,27,22,0.3,81,9.875,1018,21.625,29,20,23,113,113,116,0,1,11.6,météo idéale
2018-03-02,27,21,11,23,27,23,0,79,10,1017,13.125,31,23,23,113,113,113,0,1,11.6,météo idéale
2018-03-03,27,20,10,23,27,23,0,80,10,1014,6.875,32,21,25,113,113,113,0,1,11.6,météo idéale
2018-03-04,26,21,13,23,26,21,2.1,77,10,1012,37.5,28,23,22,116,119,116,0,1,8.8,météo correcte
2018-03-05,26,20,11,23,26,21,0.6,72,10,1015,49.5,28,18,22,116,119,113,0,1,8.8,météo correcte
2018-03-06,26,20,11,22,26,22,0,65,10,1018,21.375,27,17,23,113,116,113,0,1,11.6,météo favorable
2018-03-07,27,21,15,23,27,22,0,72,10,1019,14.625,28,18,23,113,113,113,0,1,11.6,météo idéale
2018-03-08,28,22,15,24,28,23,0.4,89,9.875,1018,16.25,31,22,24,113,113,113,0,1,11.6,météo idéale
2018-03-09,29,23,16,25,29,23,0.3,87,9.875,1019,20.5,31,22,25,116,113,113,0,1,11.6,météo idéale
2018-03-10,28,23,22,25,28,24,0.3,82,10,1019,31.25,31,22,24,116,116,113,0,1,11.6,météo favorable
2018-03-11,28,23,24,25,28,24,0.5,83,9.875,1018,19.125,30,21,24,113,113,113,0,1,11.6,météo idéale
2018-03-12,28,23,22,25,28,24,0.3,80,9.875,1017,20.125,30,21,24,113,116,113,0,1,11.6,météo favorable
2018-03-13,29,22,17,25,29,23,0,85,10,1018,8,31,23,26,113,113,113,0,1,11.6,météo idéale
2018-03-14,29,22,19,25,29,23,0.3,83,9.875,1018,11.375,31,23,26,113,113,113,0,1,11.6,météo idéale
2018-03-15,29,22,14,25,29,23,0.2,80,10,1018,4.875,31,24,25,113,113,113,0,1,11.6,météo idéale
2018-03-16,29,22,14,25,29,23,0,84,10,1018,1.875,32,23,25,113,113,113,0,1,11.6,météo idéale
2018-03-17,29,22,15,25,29,24,0.2,82,10,1017,4.5,34,24,25,113,113,113,0,1,11.6,météo idéale
2018-03-18,28,22,11,25,28,23,0.5,77,9.875,1015,14.125,31,22,24,113,113,113,0,1,11.6,météo idéale
2018-03-19,28,22,9,25,28,24,0.8,76,9.875,1014,15.5,31,21,25,113,113,113,0,1,11.6,météo idéale
2018-03-20,29,22,16,25,29,24,0,78,10,1016,14.5,31,21,25,113,113,113,0,1,11.6,météo idéale
2018-03-21,29,23,19,25,29,24,0.2,83,10,1017,15.125,31,21,24,113,113,113,0,1,11.6,météo idéale
2018-03-22,29,23,13,26,29,24,0.5,82,10,1018,22.875,32,22,25,116,113,113,0,1,11.6,météo idéale
2018-03-23,28,23,12,25,28,24,1.4,81,9.75,1017,12.125,31,22,25,113,113,113,0,1,11.6,météo idéale
2018-03-24,27,22,7,25,27,23,2.9,78,9.875,1017,27.625,30,21,24,116,113,116,0,1,11.6,météo idéale
2018-03-25,27,22,13,25,27,23,1.5,81,9.75,1017,37.125,29,21,24,116,116,116,0,1,11.6,météo favorable
2018-03-26,29,22,14,25,29,24,0.5,81,9.875,1017,13.875,31,21,24,113,113,113,0,1,11.6,météo idéale
2018-03-27,28,22,11,25,27,22,4.8,85,9.375,1016,22.375,30,21,23,113,116,113,0,1,11.6,météo favorable
2018-03-28,28,21,18,24,28,23,0.9,82,9.75,1017,22.125,29,20,23,113,116,113,0,1,11.6,météo favorable
2018-03-29,26,21,17,24,26,22,0.2,66,9.875,1017,17.75,28,19,23,116,113,113,0,1,11.6,météo idéale
2018-03-30,26,21,16,24,26,22,0.4,71,10,1017,24.125,27,17,22,113,119,113,0,1,10.2,météo correcte
2018-03-31,27,21,12,23,26,22,1,75,9.625,1016,26.125,28,20,23,113,116,176,0,1,11.6,météo favorable
2018-04-01,28,21,12,24,28,23,0.2,78,10,1015,17.75,30,20,24,113,113,116,0,1,11.6,météo idéale
2018-04-02,28,22,12,25,28,23,0.1,74,10,1015,8.5,31,21,25,113,113,113,0,1,11.6,météo idéale
2018-04-03,28,22,11,25,28,24,0,81,10,1015,13.625,32,21,24,113,113,113,0,1,11.6,météo idéale
2018-04-04,28,23,13,26,28,24,1.5,85,9.875,1015,23.875,31,21,24,116,113,113,0,1,11.6,météo idéale
2018-04-05,29,22,15,25,29,24,0.5,82,9.875,1015,17.875,31,22,25,116,113,113,0,1,11.6,météo idéale
2018-04-06,29,23,17,25,29,24,0.5,83,10,1016,18.875,31,21,24,113,113,113,0,1,11.6,météo idéale
2018-04-07,29,23,14,25,29,24,0.4,83,9.75,1016,25,32,22,25,113,113,116,0,1,11.6,météo idéale
2018-04-08,29,23,14,26,29,24,0.5,82,10,1017,14.625,32,22,25,113,113,113,0,1,11.6,météo idéale
2018-04-09,29,23,19,26,29,24,0.3,79,9.875,1018,15,31,22,25,113,113,113,0,1,11.6,météo idéale
2018-04-10,29,23,21,26,29,24,0.4,78,9.875,1019,19,31,21,24,116,113,113,0,1,11.6,météo idéale
2018-04-11,29,23,19,24,29,24,1.8,80,9.75,1018,22.625,31,21,25,116,113,113,0,1,11.6,météo idéale
2018-04-12,29,23,20,25,29,24,0.5,81,9.75,1017,17.25,31,21,25,113,113,113,0,1,11.6,météo idéale
2018-04-13,28,23,21,26,28,24,0.5,77,9.875,1018,20.75,31,21,24,116,113,116,0,1,11.6,météo idéale
2018-04-14,28,23,22,26,28,23,0.8,81,9.75,1019,23.125,30,20,24,113,116,116,0,1,11.6,météo favorable
2018-04-15,29,23,21,26,29,24,0.1,79,10,1021,14.875,30,20,24,113,113,113,0,1,11.6,météo idéale
2018-04-16,28,23,18,26,28,24,1.3,81,9.625,1019,25,30,21,24,116,113,113,0,1,11.6,météo idéale
2018-04-17,29,23,15,25,29,24,1,82,9.75,1017,24.5,31,21,24,116,113,113,0,1,11.6,météo idéale
2018-04-18,29,23,16,26,29,24,1.4,81,9.75,1019,15.75,31,21,25,113,113,113,0,1,11.6,météo idéale
2018-04-19,29,23,21,26,29,24,0.8,79,9.75,1019,19.5,31,21,25,116,113,113,0,1,11.6,météo idéale
2018-04-20,29,23,22,26,29,24,0.6,83,9.875,1019,32.25,31,21,25,116,116,116,0,1,11.6,météo favorable
2018-04-21,29,23,19,26,29,24,0.5,82,9.875,1018,34.5,31,22,25,116,116,116,0,1,11.6,météo favorable
2018-04-22,29,23,20,26,29,24,0.6,81,9.875,1017,20.25,30,21,24,116,113,113,0,1,11.6,météo idéale
2018-04-23,28,23,17,26,28,24,0.7,84,9.75,1017,30.25,31,22,24,116,113,116,0,1,11.6,météo favorable
2018-04-24,28,23,18,26,28,24,0.7,80,9.875,1017,37.75,31,22,25,116,119,113,0,1,10.3,météo correcte
2018-04-25,30,23,14,26,30,24,0,79,10,1017,15.125,34,22,26,116,113,113,0,1,11.6,météo idéale
2018-04-26,28,23,14,26,28,24,3.7,87,9.625,1016,35.625,31,22,24,116,116,113,0,1,11.6,météo favorable
2018-04-27,29,24,18,26,29,24,0.3,81,9.875,1017,17.5,32,22,25,116,113,113,0,1,11.6,météo idéale
2018-04-28,29,23,18,26,29,24,0.2,81,10,1018,13.125,32,21,25,113,113,113,0,1,12.5,météo idéale
2018-04-29,28,23,18,26,28,24,0.7,81,9.75,1019,16.5,30,21,24,113,113,116,0,1,12.9,météo idéale
2018-04-30,29,23,17,26,29,24,0.4,83,9.875,1018,16.875,31,22,25,116,113,113,0,1,12.9,météo idéale
2018-05-01,29,23,16,26,28,24,0.3,82,9.875,1019,16.875,32,22,25,113,113,113,0,1,12.9,météo idéale
2018-05-02,29,23,19,26,29,24,0.1,81,10,1019,12.25,31,22,25,113,113,113,0,1,12.9,météo idéale
2018-05-03,28,23,17,26,28,24,3.3,84,9.75,1017,33.125,31,22,25,116,116,116,0,1,12.9,météo favorable
2018-05-04,28,23,19,26,28,24,3.4,85,9.625,1017,37.125,31,22,24,116,116,113,0,1,12.9,météo favorable
2018-05-05,28,23,21,26,28,24,3.4,83,9.75,1018,39.375,30,22,25,116,116,116,0,1,12.9,météo favorable
2018-05-06,28,24,23,26,28,24,0.6,81,9.75,1019,41.875,31,22,25,116,116,116,0,1,12.9,météo favorable
2018-05-07,29,23,20,26,29,24,0.4,82,9.875,1019,22.5,31,21,24,116,113,113,0,1,12.9,météo idéale
2018-05-08,29,23,20,26,29,24,0.8,82,9.75,1018,20.75,31,21,24,116,113,113,0,1,12.9,météo idéale
2018-05-09,29,23,19,26,29,24,0.6,82,9.75,1018,28,31,21,24,116,116,113,0,1,13,météo favorable
2018-05-10,29,23,22,26,29,24,0.2,79,10,1018,15.875,32,21,24,116,113,113,0,1,13,météo idéale
2018-05-11,29,23,17,26,29,24,0.2,79,10,1019,14,31,21,25,116,113,113,0,1,13,météo idéale
2018-05-12,28,23,17,25,27,24,1.1,81,9.625,1018,26.875,30,21,24,116,116,113,0,1,13,météo favorable
2018-05-13,30,23,19,26,30,24,0.2,82,10,1017,17.25,32,22,25,113,113,116,0,1,13,météo idéale
2018-05-14,30,23,21,26,30,24,0.3,83,10,1017,19.375,32,22,25,116,113,113,0,1,13,météo idéale
2018-05-15,29,23,20,26,29,24,0.5,77,9.875,1018,24.125,31,21,24,116,113,116,0,1,13,météo idéale
2018-05-16,29,23,21,26,29,24,0.4,81,10,1018,27.375,31,21,24,116,116,116,0,1,13,météo favorable
2018-05-17,29,23,22,25,29,24,2.9,80,9.625,1017,27.25,31,21,24,116,113,113,0,1,13,météo idéale
2018-05-18,28,23,24,25,28,24,0.8,81,9.75,1017,26.625,30,21,24,116,113,116,0,1,13,météo idéale
2018-05-19,28,23,22,26,28,24,1.3,82,9.75,1018,42.875,30,21,24,116,116,116,0,1,13,météo favorable
2018-05-20,28,23,22,26,27,24,1.3,82,9.75,1018,34.5,30,22,24,116,113,116,0,1,13,météo favorable
2018-05-21,29,23,18,26,29,24,0.4,83,9.875,1017,19.625,31,21,24,116,113,113,0,1,13,météo idéale
2018-05-22,29,23,19,26,29,24,0.6,83,9.875,1017,25.375,31,22,24,116,113,116,0,1,13,météo idéale
2018-05-23,29,23,19,26,29,24,0.5,83,9.875,1019,25.875,32,22,25,116,113,116,0,1,13,météo idéale
2018-05-24,30,23,19,26,30,24,1,85,9.75,1018,22,32,22,25,116,113,113,0,1,13,météo idéale
2018-05-25,29,23,18,26,28,24,4.7,85,9.25,1017,25.875,31,22,24,116,113,113,0,1,13.1,météo favorable
2018-05-26,29,23,18,26,29,25,0.8,83,9.75,1017,25.5,32,22,25,116,116,113,0,1,13.1,météo favorable
2018-05-27,30,24,17,27,29,25,1.8,85,9.75,1017,26.125,33,23,26,116,116,113,0,1,13.1,météo favorable
2018-05-28,28,24,19,27,28,25,5,85,9.5,1018,32.375,32,23,25,116,116,113,0,1,13.1,météo favorable
2018-05-29,29,24,20,27,29,25,0.8,83,9.75,1018,29.375,32,22,25,116,116,113,0,1,13.1,météo favorable
2018-05-30,30,24,19,27,30,25,0.6,83,9.875,1018,20.75,33,22,25,116,113,113,0,1,13.1,météo idéale
2018-05-31,29,24,18,26,29,25,0.4,82,10,1017,21,32,22,25,116,113,113,0,1,13.1,météo idéale
2018-06-01,30,24,18,27,30,25,0.4,83,10,1016,18.625,33,22,25,116,113,113,0,1,13.1,météo idéale
2018-06-02,30,24,17,27,30,25,0.8,84,9.875,1017,19.5,33,24,27,116,113,113,0,1,13.1,météo idéale
2018-06-03,31,24,14,28,31,25,0,81,10,1019,9.625,35,23,27,113,113,113,0,1,13.1,météo favorable
2018-06-04,31,23,16,27,31,25,0,84,10,1019,10.125,34,23,26,113,113,113,0,1,13.1,météo idéale
2018-06-05,30,24,15,27,30,25,0,83,10,1017,14.125,34,23,26,113,113,113,0,1,13.1,météo idéale
2018-06-06,31,24,16,27,31,26,0.1,82,10,1017,22.875,34,23,26,113,116,113,0,1,13.1,météo favorable
2018-06-07,31,24,18,28,31,26,0.1,78,10,1018,14.875,34,23,27,116,113,113,0,1,13.5,météo idéale
2018-06-08,30,24,18,27,30,25,1.2,83,9.75,1019,25.75,33,23,25,116,116,116,0,1,13.5,météo favorable
2018-06-09,30,24,21,27,30,25,0.6,81,9.75,1018,25.875,33,22,25,116,113,116,0,1,13.5,météo idéale
2018-06-10,30,24,19,27,30,25,1.8,81,9.625,1018,32.25,33,22,26,116,113,116,0,1,13.5,météo favorable
2018-06-11,30,25,21,27,30,25,0.8,82,9.875,1018,22.5,33,23,26,116,116,113,0,1,13.5,météo favorable
2018-06-12,31,24,21,27,31,26,0.6,85,9.875,1019,24,35,23,26,116,113,113,0,1,13.5,météo favorable
2018-06-13,31,25,21,28,31,26,0,82,10,1020,16.125,34,23,26,113,113,113,0,1,13.5,météo idéale
2018-06-14,31,25,18,28,31,25,0,80,10,1019,6.5,34,22,26,113,113,113,0,1,13.5,météo idéale
2018-06-15,30,24,18,27,30,25,0.1,79,10,1019,13.25,33,22,26,116,113,113,0,1,13.5,météo idéale
2018-06-16,31,24,16,27,31,26,0.3,81,9.875,1018,10.75,36,23,26,113,113,113,0,1,13.5,météo favorable
2018-06-17,31,25,13,28,31,25,0.3,82,9.875,1019,14,35,24,27,113,113,113,0,1,13.5,météo favorable
2018-06-18,31,24,16,27,31,26,1.3,83,9.875,1018,15.5,35,23,26,113,113,116,0,1,13.5,météo favorable
2018-06-19,30,24,15,28,30,25,1.6,85,9.875,1017,26.5,34,23,26,113,116,113,0,1,13.5,météo favorable
2018-06-20,30,25,14,27,30,25,4.5,85,9.5,1018,23.5,34,23,26,113,116,116,0,1,13.5,météo favorable
2018-06-21,30,24,15,27,30,26,0,78,10,1018,24.5,33,23,26,113,113,116,0,1,13.5,météo idéale
2018-06-22,29,25,18,27,28,25,3.5,86,9.375,1018,59.5,33,23,25,116,200,200,0,1,12.1,météo correcte
2018-06-23,28,24,15,25,26,24,1.6,78,9.375,1019,42.875,30,23,25,116,119,113,0,1,13.3,météo correcte
2018-06-24,30,24,22,27,30,26,0.4,80,9.75,1019,20.75,34,22,26,116,113,113,0,1,13.5,météo idéale
2018-06-25,30,25,21,27,30,25,0,81,10,1019,22.5,33,22,26,113,116,113,0,1,13.5,météo favorable
2018-06-26,30,25,18,28,30,26,0.1,79,10,1018,23.875,33,22,26,113,116,113,0,1,13.5,météo favorable
2018-06-27,30,25,15,27,29,25,0.2,80,10,1018,18.625,33,22,26,113,113,113,0,1,13.5,météo idéale
2018-06-28,30,24,16,27,29,26,1.4,78,9.75,1018,22.875,33,22,26,113,116,113,0,1,13.5,météo favorable
2018-06-29,30,25,19,27,30,26,0.1,83,10,1019,27.75,34,23,26,113,116,116,0,1,13.5,météo favorable
2018-06-30,31,25,19,27,31,26,0.1,80,10,1017,24.75,34,23,26,116,113,113,0,1,13.5,météo idéale
2018-07-01,31,24,17,27,31,26,0,82,10,1016,7,35,24,26,113,113,113,0,1,13.5,météo favorable
2018-07-02,31,24,15,28,30,26,0.3,83,9.875,1016,17.75,35,23,26,113,116,113,0,1,13.5,météo favorable
2018-07-03,31,25,18,27,31,26,0.1,79,10,1018,16.625,35,23,26,116,113,113,0,1,13.5,météo favorable
2018-07-04,31,25,23,28,31,26,0.1,83,10,1018,24.625,35,23,26,113,113,116,0,1,13.5,météo favorable
2018-07-05,30,25,19,28,30,26,0.1,80,10,1019,22.625,34,22,26,113,116,113,0,1,13.5,météo favorable
2018-07-06,30,25,19,28,30,26,0.1,78,10,1018,8.625,34,22,26,113,113,113,0,1,13.5,météo idéale
2018-07-07,30,25,23,28,30,26,0,78,10,1018,16.625,34,22,26,113,113,113,0,1,13.5,météo idéale
2018-07-08,30,25,24,28,30,26,0.5,83,9.875,1018,26.125,34,23,26,116,116,116,0,1,13.5,météo favorable
2018-07-09,27,25,26,27,26,25,14.3,89,8.5,1017,66.375,30,23,25,116,119,122,0,1,9.6,météo défavorable
2018-07-10,30,25,23,27,30,26,0.4,81,9.875,1017,34.125,34,24,26,116,113,113,0,1,13.5,météo favorable
2018-07-11,31,25,21,28,31,26,0.1,83,10,1018,11.625,35,23,26,113,113,113,0,1,13.5,météo favorable
2018-07-12,30,24,19,27,30,25,0.5,80,10,1019,15.875,33,23,26,116,116,113,0,1,13.5,météo favorable
2018-07-13,31,24,20,27,31,26,0.1,77,10,1019,14.125,34,22,27,116,113,113,0,1,13.5,météo idéale
2018-07-14,30,25,21,27,30,26,0.2,83,10,1019,21.5,34,23,26,116,116,116,0,1,13.5,météo favorable
2018-07-15,30,25,20,27,30,26,0.5,84,9.875,1018,28.25,35,23,26,116,116,113,0,1,13.5,météo favorable
2018-07-16,30,25,20,27,30,26,2.5,85,9.625,1019,33.25,34,23,26,116,116,116,0,1,13.5,météo favorable
2018-07-17,31,25,20,27,31,26,0.6,83,9.875,1020,24.875,34,23,26,200,116,113,0,1,13.5,météo favorable
2018-07-18,30,25,20,27,30,26,0.4,82,9.875,1019,18,34,23,26,113,116,113,0,1,13.5,météo favorable
2018-07-19,31,25,20,27,31,26,0.9,85,9.75,1017,33.25,35,24,27,116,113,116,0,1,13.5,météo favorable
2018-07-20,31,25,23,28,31,26,0.3,81,9.875,1018,21.5,34,24,26,113,113,113,0,1,13.5,météo idéale
2018-07-21,30,25,17,28,30,26,0.1,81,10,1018,11.75,34,23,26,113,116,113,0,1,13,météo favorable
2018-07-22,30,25,17,27,29,25,1.2,79,9.75,1016,28.5,32,23,26,113,116,116,0,1,13,météo favorable
2018-07-23,30,25,20,27,30,26,0.4,79,9.875,1017,28.75,33,22,26,116,113,116,0,1,13,météo idéale
2018-07-24,31,24,15,27,31,26,0.7,84,9.75,1019,22.875,34,23,26,116,113,113,0,1,11.6,météo idéale
2018-07-25,31,24,18,27,31,26,0.4,83,10,1018,20.375,34,23,26,116,113,113,0,1,11.6,météo idéale
2018-07-26,30,25,18,28,30,26,0.5,82,9.875,1019,23.375,34,23,26,116,116,113,0,1,11.6,météo favorable
2018-07-27,31,25,18,27,31,26,0.2,81,10,1018,17.875,35,23,26,113,113,113,0,1,11.6,météo favorable
2018-07-28,30,25,21,27,30,26,0.3,79,9.875,1018,22.875,34,23,26,116,113,113,0,1,11.6,météo idéale
2018-07-29,31,24,21,27,31,26,0.2,78,9.875,1018,19.625,34,22,26,116,116,113,0,1,11.6,météo favorable
2018-07-30,31,25,21,28,31,26,0.2,83,10,1018,29.125,36,23,26,116,116,113,0,1,11.6,météo favorable
2018-07-31,31,25,20,28,31,26,0.1,79,10,1018,18.5,34,22,26,113,116,113,0,1,11.6,météo favorable
2018-08-01,30,25,20,27,29,26,2.3,81,9.625,1017,29.375,33,23,26,116,116,116,0,1,11.6,météo favorable
2018-08-02,31,24,20,27,31,26,0.3,79,9.875,1017,19,34,23,26,116,113,113,0,1,11.6,météo idéale
2018-08-03,31,25,18,27,31,26,0.1,81,10,1018,16.25,34,23,26,113,113,116,0,1,11.6,météo idéale
2018-08-04,30,25,19,28,30,26,1,86,9.5,1017,31.625,35,24,26,116,200,200,0,1,11.6,météo correcte
2018-08-05,31,25,19,28,30,26,5.3,83,9.25,1017,27.875,34,24,26,113,200,200,0,1,11.6,météo correcte
2018-08-06,31,25,18,27,31,26,0.3,84,9.625,1018,34.125,36,24,27,116,116,113,0,1,11.6,météo favorable
2018-08-07,31,25,18,28,31,26,0,83,10,1019,11.125,35,24,26,116,113,113,0,1,11.6,météo favorable
2018-08-08,31,25,16,28,31,26,0,82,10,1019,16.5,36,23,27,113,113,113,0,1,11.6,météo favorable
2018-08-09,31,25,13,28,31,26,0.7,77,10,1018,11,35,24,26,113,113,113,0,1,11.6,météo favorable
2018-08-10,31,24,18,27,31,26,0.5,83,9.875,1018,18.375,35,23,26,116,113,113,0,1,11.6,météo favorable
2018-08-11,31,25,18,28,31,26,1.5,86,9.75,1019,26.875,36,24,27,116,113,113,0,1,11.6,météo favorable
2018-08-12,31,25,22,28,31,26,0.5,78,9.75,1019,20,34,24,26,113,113,113,0,1,11.6,météo idéale
2018-08-13,31,25,19,28,31,26,0.9,81,9.875,1017,19.75,34,23,26,116,113,113,0,1,11.6,météo idéale
2018-08-14,31,25,19,27,31,26,0.2,83,10,1016,20.125,34,23,26,116,113,113,0,1,11.6,météo idéale
2018-08-15,31,25,17,28,31,26,0.6,81,10,1018,14.625,35,23,26,113,113,113,0,1,11.6,météo favorable
2018-08-16,31,25,21,28,31,26,1.7,84,9.875,1018,29.75,35,23,26,116,116,116,0,1,11.6,météo favorable
2018-08-17,30,25,17,28,30,26,3,83,9.625,1019,28.5,35,24,26,116,116,113,0,1,11.6,météo favorable
2018-08-18,30,25,17,27,30,26,0.6,80,9.875,1018,23,34,23,26,116,113,116,0,1,11.6,météo idéale
2018-08-19,31,24,18,27,31,26,0.5,80,9.75,1017,22.75,34,23,26,116,113,116,0,1,11.6,météo idéale
2018-08-20,30,25,18,27,30,26,4.5,82,9.5,1018,32,34,23,26,116,113,116,0,1,11.6,météo favorable
2018-08-21,30,25,18,27,30,26,0.6,80,9.875,1018,26.5,34,23,26,116,116,113,0,1,11.6,météo favorable
2018-08-22,31,25,21,27,31,26,0.3,78,9.875,1018,22.75,35,23,27,116,113,113,0,1,11.6,météo favorable
2018-08-23,31,25,20,27,31,26,1.1,79,9.75,1017,19,35,23,27,116,113,113,0,1,11.6,météo favorable
2018-08-24,30,24,13,27,30,25,4.7,79,9.5,1017,22.5,33,23,26,113,116,116,0,1,11.6,météo favorable
2018-08-25,30,25,20,27,30,26,0.5,79,9.875,1017,22,34,22,26,116,113,113,0,1,11.6,météo idéale
2018-08-26,29,24,19,27,29,25,1.2,82,9.75,1018,26.125,32,22,26,116,113,113,0,1,11.6,météo idéale
2018-08-27,30,25,18,27,30,26,1.1,81,9.75,1017,26.625,33,23,26,116,116,116,0,1,11.6,météo favorable
2018-08-28,31,25,18,27,31,26,1.1,83,9.875,1017,34.125,35,23,27,116,113,116,0,1,11.6,météo favorable
2018-08-29,30,26,23,28,30,26,2.1,81,9.5,1016,38,34,23,26,116,200,200,0,1,11.6,météo correcte
2018-08-30,30,25,20,27,28,25,0.9,83,9.875,1016,34.375,34,23,25,116,116,116,0,1,11.6,météo favorable
2018-08-31,30,25,21,27,30,26,1.6,82,10,1016,38.5,34,23,26,116,113,113,0,1,11.6,météo favorable
2018-09-01,31,25,18,28,31,26,0.3,82,10,1016,20.375,35,23,26,113,113,113,0,7,11.6,météo favorable
2018-09-02,31,25,17,27,31,26,0.4,82,9.875,1015,22.25,35,23,26,116,116,113,0,7,11.6,météo favorable
2018-09-03,31,25,17,28,31,26,0.1,85,10,1014,25.5,36,24,26,116,113,113,0,7,11.6,météo favorable
2018-09-04,31,25,14,28,31,26,0.9,83,9.75,1015,22.625,36,24,27,116,113,113,0,7,11.6,météo favorable
2018-09-05,30,25,12,28,30,26,1.5,82,9.75,1015,19.375,35,24,27,116,113,113,0,7,11.6,météo favorable
2018-09-06,31,25,13,27,31,26,0.6,82,9.875,1016,14.5,35,24,27,113,113,113,0,7,11.6,météo favorable
2018-09-07,31,25,15,28,31,26,0.4,82,9.875,1016,21.625,35,24,26,113,113,113,0,7,11.6,météo favorable
2018-09-08,30,24,13,27,30,26,2.6,85,10,1014,28.375,35,24,26,113,116,113,0,7,11.6,météo favorable
2018-09-09,31,25,10,27,31,26,0.3,78,10,1014,17.5,36,24,27,116,113,113,0,7,11.6,météo favorable
2018-09-10,31,24,5,28,31,26,1.4,83,9.75,1015,19.5,36,23,26,113,113,113,0,7,11.6,météo favorable
2018-09-11,30,24,13,27,30,26,1.3,80,9.875,1015,24.25,35,24,27,113,116,116,0,7,11.6,météo favorable
2018-09-12,32,25,17,28,32,27,0.3,83,9.875,1015,16.25,36,24,27,113,113,113,0,7,11.6,météo favorable
2018-09-13,32,26,22,29,32,27,0.4,79,9.875,1013,28.25,36,24,27,116,116,113,0,7,11.6,météo favorable
2018-09-14,29,25,24,28,28,25,8.5,85,9.625,1011,43,33,24,26,116,116,122,0,7,10.2,météo correcte
2018-09-15,30,25,15,27,29,26,1.2,79,9.75,1012,52.75,34,24,26,116,116,119,0,7,8.8,météo favorable
2018-09-16,30,25,8,26,30,26,1.9,84,8.625,1015,65.25,35,24,27,119,116,119,0,6,8.8,météo défavorable
2018-09-17,31,25,16,27,31,26,1.3,85,10,1015,15.125,36,24,27,116,113,113,0,7,11.6,météo favorable
2018-09-18,30,25,16,28,30,26,0.4,85,9.875,1015,27.5,35,24,27,116,113,116,0,7,11.6,météo favorable
2018-09-19,31,26,20,28,31,26,1.3,84,9.625,1015,24,36,24,27,116,113,113,0,7,11.6,météo favorable
2018-09-20,31,25,20,28,31,26,0.5,82,9.875,1016,18.75,36,24,27,116,113,113,0,7,11.6,météo favorable
2018-09-21,31,25,19,28,31,26,0.1,83,10,1015,19.125,35,23,26,113,113,116,0,7,11.6,météo favorable
2018-09-22,30,25,14,28,30,26,2.1,84,9.875,1014,19.75,35,23,26,116,113,113,0,7,11.6,météo favorable
2018-09-23,30,25,15,28,30,26,2.3,81,9.75,1014,21.75,34,23,26,113,113,113,0,7,11.6,météo idéale
2018-09-24,30,25,19,28,30,26,1.2,80,9.75,1015,25.375,34,23,26,116,113,113,0,7,11.6,météo idéale
2018-09-25,30,25,21,28,30,26,1.1,82,9.625,1016,24,35,23,26,116,200,113,0,7,11.6,météo correcte
2018-09-26,31,25,18,28,31,26,2.1,83,9.625,1015,22.375,35,23,26,200,113,113,0,7,11.6,météo favorable
2018-09-27,30,25,16,28,30,26,0.3,83,9.875,1014,20.25,35,24,26,116,113,113,0,7,11.6,météo favorable
2018-09-28,31,25,19,28,31,26,0.5,82,9.875,1014,29.75,35,23,26,116,113,116,0,7,11.6,météo favorable
2018-09-29,29,25,20,27,29,26,2.2,77,9.875,1014,39.25,32,23,26,116,116,116,0,7,11.6,météo favorable
2018-09-30,30,25,15,28,30,26,0.5,83,9.875,1014,30.375,34,23,26,116,116,113,0,7,11.6,météo favorable
2018-10-01,30,25,10,27,30,26,2.5,80,9.75,1014,27.25,35,24,27,113,116,116,0,1,11.6,météo favorable
2018-10-02,31,24,6,27,31,26,0.3,80,9.875,1013,14.25,35,23,26,113,113,113,0,1,11.6,météo favorable
2018-10-03,30,24,8,27,29,25,4.1,82,9.625,1012,17.875,35,23,26,113,113,113,0,1,11.6,météo favorable
2018-10-04,30,25,12,27,28,26,4.2,84,9.625,1014,58.75,34,23,26,116,116,119,0,1,7.4,météo correcte
2018-10-05,30,25,14,27,28,25,4.2,85,9.5,1015,47.375,34,24,25,116,116,119,0,1,10.2,météo favorable
2018-10-06,29,25,13,27,28,25,8.5,84,9.625,1015,56.25,33,23,25,116,119,116,0,1,10.2,météo correcte
2018-10-07,27,24,10,26,27,25,2.2,85,9.875,1014,66.5,31,23,25,119,119,116,0,1,10.2,météo défavorable
2018-10-08,29,25,12,27,29,25,7.7,85,10,1015,60.625,33,24,26,116,119,116,0,1,10.2,météo correcte
2018-10-09,29,25,18,27,29,25,1.3,84,9.625,1015,46.625,34,24,26,116,116,116,0,1,11.6,météo favorable
2018-10-10,30,25,18,27,30,25,1,83,9.75,1014,29.5,33,23,26,116,116,116,0,1,11.6,météo favorable
2018-10-11,29,24,12,27,28,25,3,84,9.875,1013,39.625,33,23,25,116,119,116,0,1,8.8,météo correcte
2018-10-12,30,24,11,27,29,25,5.2,85,9.625,1014,36.25,34,24,25,113,116,119,0,1,10.2,météo favorable
2018-10-13,26,23,14,26,25,24,12.3,90,9.125,1016,63,29,23,24,119,116,116,0,1,8.8,météo correcte
2018-10-14,29,23,12,26,29,25,6.8,85,9.5,1016,42.5,33,23,26,116,116,116,0,1,11.6,météo favorable
2018-10-15,29,24,19,27,29,25,3.2,83,9.75,1016,30.625,33,23,26,116,116,113,0,1,11.6,météo favorable
2018-10-16,30,25,19,27,29,26,1,83,9.75,1016,26.625,33,23,26,113,116,116,0,1,11.6,météo favorable
2018-10-17,29,25,22,27,28,26,3,84,9.75,1015,43.625,33,23,26,116,116,116,0,1,11.6,météo favorable
2018-10-18,29,25,18,27,29,25,0.7,81,9.875,1015,23,32,23,25,116,113,113,0,1,11.6,météo idéale
2018-10-19,30,24,18,27,30,25,0.9,79,9.875,1015,17.75,33,22,25,116,113,113,0,1,11.6,météo idéale
2018-10-20,29,24,15,27,29,25,0.7,83,9.875,1013,28,33,22,25,116,116,116,0,1,8.7,météo favorable
2018-10-21,30,24,13,27,30,25,0.2,82,9.875,1013,19.5,34,23,26,116,113,113,0,1,8.7,météo idéale
2018-10-22,30,25,16,27,30,25,1.3,86,9.75,1014,24.875,33,23,25,116,116,113,0,1,8.7,météo favorable
2018-10-23,29,24,13,27,29,25,1.4,82,9.875,1014,26.625,33,23,26,116,113,113,0,1,8.7,météo idéale
2018-10-24,29,24,10,27,29,25,0.3,81,9.875,1014,21.125,34,23,26,113,113,116,0,1,8.7,météo idéale
2018-10-25,29,24,6,26,29,25,3.8,78,9.75,1014,25.75,34,23,26,116,113,116,0,1,8.7,météo favorable
2018-10-26,29,24,11,27,29,25,0,79,10,1014,14.875,34,22,26,113,113,113,0,1,8.7,météo idéale
2018-10-27,30,24,10,27,30,25,0.2,80,10,1015,19.5,34,23,26,113,113,116,0,1,8.7,météo idéale
2018-10-28,29,24,10,26,29,25,0.4,79,10,1015,13,34,23,25,113,113,113,0,1,8.7,météo idéale
2018-10-29,29,23,4,26,28,24,2.2,84,9.875,1014,36.375,33,22,25,113,116,116,0,1,5.7,météo favorable
2018-10-30,29,23,6,25,29,25,0.6,79,9.875,1015,35.75,33,22,25,116,116,116,0,1,8.7,météo favorable
2018-10-31,29,21,8,26,29,25,4.3,83,9.75,1016,30.125,33,23,25,113,116,176,0,1,8.7,météo favorable
2018-11-01,30,24,14,26,30,25,0.1,84,10,1016,16,33,23,26,113,113,113,0,1,8.7,météo idéale
2018-11-02,29,25,17,27,29,25,1.3,81,9.75,1017,25.125,32,23,25,113,113,116,0,1,8.7,météo idéale
2018-11-03,29,24,18,27,29,24,7.5,85,9.5,1016,28.875,33,23,25,113,113,116,0,1,8.7,météo favorable
2018-11-04,26,24,14,25,25,24,1.8,82,9.375,1016,55.5,28,22,25,119,122,116,0,1,5.7,météo correcte
2018-11-05,27,24,17,26,27,24,6.3,88,9.5,1014,42.125,30,23,24,116,116,116,0,1,7.2,météo favorable
2018-11-06,27,24,10,25,27,24,9.7,87,8.75,1014,25.625,31,23,24,116,116,116,0,1,8.7,météo correcte
2018-11-07,28,23,12,25,28,25,6.8,87,9.5,1014,19.75,32,24,25,113,113,113,0,1,8.7,météo favorable
2018-11-08,29,24,13,26,29,25,0.5,85,9.875,1013,30.25,33,23,26,116,116,113,0,1,8.7,météo favorable
2018-11-09,29,24,13,26,29,25,4.5,89,9.75,1013,24.75,34,24,25,116,116,116,0,1,8.7,météo favorable
2018-11-10,29,24,12,26,29,25,3.4,87,9.75,1013,30,34,24,26,116,113,113,0,1,8.7,météo favorable
2018-11-11,29,24,13,26,29,25,1,85,9.75,1013,23,33,23,25,116,116,113,0,1,8.7,météo favorable
2018-11-12,29,25,17,27,29,25,3.5,84,9.75,1014,27.375,32,23,25,113,116,113,0,1,8.7,météo favorable
2018-11-13,29,25,21,26,29,25,0.7,87,9.875,1015,42.125,33,23,25,116,200,116,0,1,7.2,météo correcte
2018-11-14,29,24,20,26,28,25,0.8,84,9.75,1015,34.125,32,23,25,116,113,116,0,1,8.7,météo favorable
2018-11-15,28,25,18,26,27,25,4.5,86,9.5,1015,37.375,31,23,25,116,116,116,0,1,8.7,météo favorable
2018-11-16,28,24,19,26,27,25,1.5,87,9.875,1015,45.375,31,23,25,116,116,116,0,1,8.7,météo favorable
2018-11-17,29,24,18,26,29,25,0.1,84,10,1016,23.375,32,23,25,113,113,113,0,1,8.7,météo idéale
2018-11-18,29,24,17,26,29,25,0,83,10,1016,11.125,32,23,26,113,113,113,0,1,8.7,météo idéale
2018-11-19,29,24,18,26,29,24,0.1,80,10,1016,12.625,32,23,25,116,113,113,0,1,8.7,météo idéale
2018-11-20,29,24,17,26,29,24,0.1,87,10,1017,17.625,32,23,25,113,113,113,0,1,8.7,météo idéale
2018-11-21,29,24,20,26,29,25,0.2,82,9.875,1017,14.5,32,23,25,113,113,113,0,1,8.7,météo idéale
2018-11-22,29,23,16,26,29,24,0,82,10,1017,10.625,32,22,25,113,113,113,0,1,8.7,météo idéale
2018-11-23,28,23,14,25,28,24,0,84,10,1015,11.25,31,24,25,113,113,113,0,1,8.7,météo idéale
2018-11-24,29,23,10,25,29,24,0,85,10,1015,6,33,23,25,113,113,113,0,1,8.7,météo idéale
2018-11-25,29,23,9,25,29,24,0.2,87,10,1016,12.875,34,24,25,113,113,116,0,1,8.7,météo idéale
2018-11-26,29,23,12,25,29,24,0.2,85,9.875,1016,21.625,32,23,25,113,113,116,0,1,8.7,météo idéale
2018-11-27,28,23,12,25,28,24,0.5,87,9.875,1015,29,31,22,24,113,116,116,0,1,8.7,météo favorable
2018-11-28,29,23,8,25,29,23,0,78,10,1015,9.25,35,24,27,113,113,113,0,1,8.7,météo favorable
2018-11-29,29,22,7,25,29,23,0,72,10,1017,0.25,35,25,26,113,113,113,0,1,8.7,météo favorable
2018-11-30,28,19,13,25,28,24,2,85,9.75,1018,22.5,31,24,24,113,116,176,0,1,8.7,météo favorable
2018-12-01,28,23,15,25,28,24,1.2,84,9.75,1018,26.375,30,22,24,113,116,116,0,1,8.7,météo favorable
2018-12-02,28,23,18,25,28,24,0.4,81,9.875,1018,19.75,31,22,25,113,116,113,0,1,8.7,météo favorable
2018-12-03,28,23,18,25,28,24,0.8,84,9.75,1017,27.5,31,22,24,116,113,116,0,1,8.7,météo idéale
2018-12-04,28,23,15,25,28,24,0.4,83,9.875,1016,15.25,31,22,24,113,113,113,0,1,8.7,météo idéale
2018-12-05,28,23,18,25,28,24,0.5,83,9.875,1017,22.5,31,22,24,116,116,113,0,1,8.7,météo favorable
2018-12-06,29,23,17,25,29,24,0.1,84,10,1019,20.5,31,22,24,116,116,113,0,1,8.7,météo favorable
2018-12-07,29,23,16,25,29,24,0.3,85,9.875,1020,25.75,31,22,24,116,113,116,0,1,8.7,météo idéale
2018-12-08,28,23,17,25,27,24,1.6,87,9.875,1019,29.375,30,22,24,116,116,113,0,1,8.7,météo favorable
2018-12-09,28,23,19,25,28,24,0.1,79,10,1019,9.375,30,22,24,113,113,113,0,1,8.7,météo idéale
2018-12-10,28,23,19,25,28,24,0.2,81,10,1019,14.375,31,21,24,113,113,113,0,1,8.7,météo idéale
2018-12-11,28,22,18,25,28,23,0.1,82,10,1019,8.125,30,22,26,113,113,113,0,1,8.7,météo idéale
2018-12-12,28,22,8,24,28,23,0.1,82,10,1019,4.5,35,24,24,113,113,113,0,1,8.7,météo favorable
2018-12-13,28,22,18,25,28,24,0.3,82,9.875,1019,14.625,30,23,24,113,113,116,0,1,8.7,météo idéale
2018-12-14,28,23,20,25,28,24,0.8,84,9.75,1020,26.5,30,21,24,116,113,116,0,1,8.7,météo idéale
2018-12-15,28,23,19,25,28,24,0.5,81,9.875,1021,20.25,30,22,24,113,113,113,0,1,8.7,météo idéale
2018-12-16,28,23,18,24,28,24,0.6,82,9.875,1020,24.625,30,21,24,116,113,113,0,1,8.7,météo idéale
2018-12-17,28,22,13,24,28,23,0,79,10,1019,14.625,30,22,26,113,113,113,0,1,8.7,météo idéale
2018-12-18,28,21,10,24,28,22,0,81,10,1018,3,34,24,26,113,113,113,0,1,8.7,météo idéale
2018-12-19,27,21,11,23,27,23,1.1,84,9.75,1018,19.5,30,24,24,113,116,116,0,1,8.7,météo favorable
2018-12-20,28,23,17,24,28,23,0.3,85,9.875,1018,15.75,30,21,24,113,113,113,0,1,8.7,météo idéale
2018-12-21,28,20,15,24,28,24,1.3,82,9.5,1018,27,30,21,20,176,113,113,0,1,7.2,météo idéale
2018-12-22,27,22,9,24,26,23,2.2,90,9.75,1018,33.875,30,22,24,113,116,116,0,1,8.7,météo favorable
2018-12-23,28,22,16,24,28,23,0.3,84,9.875,1019,22.5,30,22,24,113,113,113,0,1,8.7,météo idéale
2018-12-24,28,19,17,24,28,23,0.4,82,9.875,1018,23.75,30,21,23,113,113,113,0,1,8.7,météo idéale
2018-12-25,27,22,17,24,27,23,0.8,84,9.75,1018,22.375,29,21,23,116,113,116,0,1,8.7,météo idéale
2018-12-26,28,22,21,24,28,23,0.3,84,9.875,1018,25.875,30,21,24,113,116,116,0,1,8.7,météo favorable
2018-12-27,27,23,21,24,27,23,1,85,9.625,1019,31.875,30,21,23,116,116,116,0,1,8.7,météo favorable
2018-12-28,27,23,28,24,26,23,1.4,85,10,1020,49.375,29,21,23,113,119,119,0,1,5.7,météo correcte
2018-12-29,27,23,23,24,27,23,1.2,85,9.5,1021,39,29,20,23,116,116,116,0,1,8.7,météo favorable
2018-12-30,27,23,22,24,27,23,0.1,77,10,1019,13.5,29,20,24,113,113,113,0,1,8.7,météo idéale
2018-12-31,27,19,22,24,27,23,0.6,82,9.875,1020,20.75,29,20,23,113,113,113,0,1,11.4,météo idéale
2019-01-01,23,21,18,20,23,20,1.2,80,9.625,1020,70.875,24,19,21,176,176,176,0,1,7.2,météo défavorable
2019-01-02,23,19,18,19,23,21,2,84,9.5,1019,69.375,23,19,21,176,353,176,0,1,7.2,météo défavorable
2019-01-03,23,18,21,18,23,21,1,84,9.875,1019,56.25,24,19,21,353,176,176,0,1,7.2,météo correcte
2019-01-04,25,22,18,19,24,22,0.1,79,10,1019,21.875,25,19,22,116,113,116,0,1,11.4,météo idéale
2019-01-05,23,19,19,19,23,21,2,84,9.5,1019,68.5,24,20,21,353,176,176,0,1,8.7,météo défavorable
2019-01-06,23,21,18,20,23,22,3,84,9.25,1019,81.125,24,19,22,176,176,176,0,1,5.7,météo défavorable
2019-01-07,23,21,15,19,23,21,6.2,84,9.5,1019,74,24,20,21,176,353,356,0,1,8.7,météo défavorable
2019-01-08,23,20,14,18,23,20,0.9,83,9.75,1019,37.5,23,18,21,176,113,116,0,1,11.5,météo favorable
2019-01-09,22,18,12,17,22,21,8.6,86,9,1018,63.625,23,19,20,116,356,356,0,1,8.7,météo correcte
2019-01-10,23,18,12,17,23,21,10.6,85,9.125,1016,59.75,24,20,21,116,176,356,0,1,8.7,météo correcte
2019-01-11,24,18,9,17,24,21,5.9,87,9.625,1018,65.25,24,20,21,116,176,176,0,1,7.2,météo défavorable
2019-01-12,24,21,13,18,24,21,0.3,82,9.875,1019,29,25,19,22,116,116,176,0,1,11.5,météo favorable
2019-01-13,23,18,15,18,23,20,1.9,86,9.5,1019,72.25,24,19,21,176,176,176,0,1,5.5,météo défavorable
2019-01-14,24,18,13,17,23,22,0.1,86,10,1019,27.375,25,18,20,176,113,116,0,1,11.1,météo idéale
2019-01-15,24,17,12,17,23,22,0,83,10,1018,17.375,25,18,20,116,113,116,0,1,11.1,météo idéale
2019-01-16,23,17,10,17,23,21,2.6,87,9.875,1019,44.875,24,18,20,116,353,353,0,1,7.1,météo correcte
2019-01-17,23,17,9,17,23,21,4.5,87,9.375,1019,64.5,24,20,20,176,176,176,0,1,8.6,météo correcte
2019-01-18,22,21,13,18,22,21,5.9,82,9.875,1018,39.5,23,18,21,116,353,176,0,1,11.1,météo correcte
2019-01-19,24,17,16,17,23,21,0.8,80,9.625,1019,46,24,18,20,116,176,176,0,1,8.6,météo favorable
2019-01-20,24,21,18,19,23,21,3.2,81,9.75,1019,62,24,18,21,116,353,176,0,1,7.1,météo correcte
2019-01-21,24,18,13,18,24,21,2.8,85,9.875,1020,55.875,24,20,21,116,353,353,0,1,8.6,météo correcte
2019-01-22,24,18,19,18,24,21,3.2,88,9.375,1021,73.875,25,20,21,176,176,176,0,1,5.6,météo défavorable
2019-01-23,22,17,22,18,21,19,2.8,86,9.25,1022,71.375,23,19,19,176,176,176,0,1,7.1,météo défavorable
2019-01-24,22,17,20,17,21,21,3.7,86,9.75,1020,63.625,22,18,19,353,353,176,0,1,7.1,météo correcte
2019-01-25,23,18,17,17,22,21,5.8,89,10,1020,62.875,23,20,20,353,353,353,0,1,5.8,météo correcte
2019-01-26,23,17,17,17,23,20,0,85,10,1019,19.375,23,18,20,116,113,116,0,1,11.6,météo favorable
2019-01-27,22,17,18,16,22,20,0.2,81,9.875,1018,32.625,23,17,20,116,116,176,0,1,10.1,météo favorable
2019-01-28,23,17,17,17,22,21,3.6,82,9.875,1017,58.25,23,18,19,176,353,353,0,1,5.8,météo correcte
2019-01-29,24,18,15,16,23,21,0.5,82,9,1017,46.25,24,18,20,176,116,176,0,1,11.6,météo favorable
2019-01-30,24,18,14,18,24,22,0.2,82,10,1018,28.375,25,18,21,176,113,116,0,1,11.6,météo idéale
2019-01-31,23,18,15,18,23,21,2.4,84,9.875,1019,52.125,24,18,20,353,176,353,0,1,7.3,météo favorable
2019-02-01,23,17,16,17,21,21,2.4,83,9.625,1019,59,24,18,19,176,176,176,0,1,5.8,météo correcte
2019-02-02,23,18,15,17,23,22,1.2,84,9.875,1018,48.625,24,18,20,176,299,116,0,1,8.7,météo correcte
2019-02-03,25,17,14,17,23,22,0.6,84,10,1017,68,25,19,20,176,176,176,0,1,5.8,météo défavorable
2019-02-04,25,18,14,17,23,22,1.9,84,10,1017,72.625,25,18,20,176,176,176,0,1,5.8,météo défavorable
2019-02-05,26,17,11,17,24,24,0.5,85,12.125,1017,52.5,26,18,20,116,176,116,0,1,8.7,météo favorable
2019-02-06,25,21,11,17,24,22,1.9,84,9.625,1017,54.625,25,18,21,116,116,116,0,1,8.7,météo favorable
2019-02-07,24,23,12,19,24,22,4.2,82,9.5,1017,29.875,25,18,21,116,116,356,0,1,10.2,météo favorable
2019-02-08,23,22,19,18,23,21,8,87,9.75,1017,69,24,19,21,176,356,353,0,1,7.3,météo défavorable
2019-02-09,23,18,19,18,23,21,3.3,84,17.875,1018,55,23,19,20,176,116,353,0,1,10.2,météo correcte
2019-02-10,25,22,21,19,24,23,2.9,82,13.875,1018,76.125,26,19,22,176,176,176,0,1,5.8,météo défavorable
2019-02-11,23,21,20,19,23,21,1.5,81,13.125,1019,64.375,24,19,22,176,176,176,0,1,8.7,météo correcte
2019-02-12,23,21,21,19,23,21,3.7,79,10.875,1019,64.125,24,18,21,176,353,353,0,1,8.7,météo correcte
2019-02-13,24,21,21,19,24,22,1.5,78,13.125,1019,58.125,25,18,23,176,116,176,0,1,10.2,météo correcte
2019-02-14,23,18,21,19,23,22,3,85,13.25,1018,76.625,24,19,20,176,353,176,0,1,5.9,météo défavorable
2019-02-15,25,20,19,19,25,22,3.4,84,12.125,1018,57,25,20,22,176,353,176,0,1,5.9,météo correcte
2019-02-16,26,21,15,20,26,22,1.2,82,14.75,1018,54,27,20,22,116,176,176,0,1,8.7,météo favorable
2019-02-17,24,22,18,20,24,22,2.7,81,14.25,1019,70.75,25,20,23,116,176,176,0,1,7.3,météo défavorable
2019-02-18,25,22,19,20,25,22,0.9,80,11.125,1020,45.25,26,19,23,353,116,176,0,1,10.2,météo favorable
2019-02-19,24,22,16,20,24,22,1.6,75,9.875,1020,67.5,24,19,23,176,353,299,0,1,7.3,météo défavorable
2019-02-20,25,18,20,20,25,22,7.6,82,9.625,1019,73.875,26,19,22,353,356,353,0,1,5.9,météo défavorable
2019-02-21,24,19,22,20,24,22,0.7,77,9.875,1019,56.25,24,19,22,176,176,116,0,1,8.7,météo correcte
2019-02-22,24,18,22,19,24,21,1.6,82,10,1021,59.25,24,19,21,176,176,176,0,1,5.9,météo correcte
2019-02-23,24,19,20,20,24,21,1.2,79,19.375,1021,74.25,24,19,22,176,176,176,0,1,5.9,météo défavorable
2019-02-24,23,18,21,20,23,21,0.3,77,11.125,1020,46.875,24,18,22,176,176,116,0,1,7.3,météo favorable
2019-02-25,24,18,18,19,24,21,1.5,77,9.75,1020,69.5,24,19,22,176,299,176,0,1,5.9,météo défavorable
2019-02-26,23,17,20,19,23,22,2.8,79,9.75,1020,67.625,24,18,22,176,176,353,0,1,7.3,météo défavorable
2019-02-27,25,18,21,19,23,22,8,83,10,1020,65.875,26,19,21,353,353,353,0,1,7.3,météo défavorable
2019-02-28,23,19,17,19,23,22,3.5,83,9.875,1019,65,24,19,21,353,353,353,0,1,7.3,météo défavorable
2019-03-01,24,18,17,20,24,22,1.6,81,9.75,1019,52.25,25,19,21,353,299,116,0,1,8.8,météo correcte
2019-03-02,24,18,15,19,24,22,0.5,82,9.875,1019,46.125,24,18,21,176,176,116,0,1,8.8,météo favorable
2019-03-03,26,19,18,19,25,23,0.3,81,10,1017,42.25,27,19,21,176,116,176,0,1,11.6,météo favorable
2019-03-04,25,18,14,20,25,24,4.2,78,9.25,1019,74.375,26,20,23,176,353,176,0,1,6,météo défavorable
2019-03-05,23,20,15,21,22,23,3.6,85,9.875,1018,62.25,25,20,22,119,353,176,0,1,8.8,météo correcte
2019-03-06,24,20,12,21,24,23,3,81,9.75,1019,59.875,26,20,23,116,353,176,0,1,7.4,météo correcte
2019-03-07,26,20,17,21,25,23,2.5,79,9.5,1019,64.875,27,20,23,176,176,176,0,1,6,météo correcte
2019-03-08,26,20,18,20,26,24,0.2,74,10,1018,34.75,27,20,23,176,113,176,0,1,11.6,météo favorable
2019-03-09,26,20,19,21,26,25,4.7,76,9.5,1017,72.5,28,21,23,353,176,176,0,1,6,météo défavorable
2019-03-10,26,18,19,21,26,24,1.3,74,9.625,1019,77.25,27,20,23,176,176,176,0,1,6,météo défavorable
2019-03-11,26,20,19,21,25,25,5.8,76,9.25,1019,76.25,27,21,23,176,356,176,0,1,6,météo défavorable
2019-03-12,27,19,15,20,26,25,0.9,73,9.625,1017,52.25,28,21,23,176,176,176,0,1,7.4,météo favorable
2019-03-13,26,19,10,20,26,24,8.6,76,9.125,1017,43.875,28,20,23,116,176,356,0,1,8.8,météo correcte
2019-03-14,26,20,13,20,26,24,5.4,77,9.25,1018,63.875,28,20,23,116,356,176,0,1,7.4,météo correcte
2019-03-15,27,20,15,21,26,25,1.7,73,9.875,1018,54.75,28,19,24,176,299,176,0,1,7.4,météo correcte
2019-03-16,27,20,17,21,27,24,0.2,73,10.375,1018,32.5,28,19,23,176,113,116,0,1,11.6,météo favorable
2019-03-17,27,18,15,20,27,25,0.2,69,19.875,1017,31.625,28,20,24,116,176,116,0,1,10.2,météo favorable
2019-03-18,26,20,19,21,26,25,2.1,74,18.875,1018,72.25,28,20,23,353,176,176,0,1,6,météo défavorable
2019-03-19,27,19,17,20,26,25,0,70,11.25,1018,13.5,28,20,23,116,113,116,0,1,11.6,météo idéale
2019-03-20,26,20,14,21,26,24,3.8,78,9.75,1017,61.625,27,20,24,176,353,176,0,1,6,météo correcte
2019-03-21,28,20,13,21,28,25,0.4,69,10,1016,43.875,29,20,25,116,116,176,0,1,10.2,météo favorable
2019-03-22,26,20,14,21,25,24,6.2,81,9.875,1017,59.5,28,21,24,176,353,353,0,1,7.4,météo correcte
2019-03-23,26,20,15,21,26,24,5.3,78,9.625,1019,67,28,21,24,176,353,353,0,1,6,météo défavorable
2019-03-24,28,20,17,21,27,25,1.1,73,9.875,1019,62.125,28,21,24,353,176,176,0,1,6.1,météo correcte
2019-03-25,26,21,22,22,26,24,1.2,75,9.75,1017,54.25,28,19,24,176,176,116,0,1,8.8,météo favorable
2019-03-26,27,21,18,22,27,25,0.7,71,9.875,1016,52.75,29,21,25,176,176,116,0,1,8.8,météo favorable
2019-03-27,27,19,16,22,27,25,1.4,73,10.125,1016,53.625,29,21,25,116,176,176,0,1,7.5,météo favorable
2019-03-28,28,21,17,21,28,26,0,70,19.25,1016,15.75,29,21,25,116,116,116,0,1,11.6,météo favorable
2019-03-29,27,21,13,22,27,24,12.8,78,18.125,1016,65.625,29,20,24,176,353,356,0,1,6.1,météo défavorable
2019-03-30,27,21,14,21,27,25,6.9,76,19.125,1016,61.875,28,20,24,116,176,176,0,1,7.5,météo correcte
2019-03-31,28,21,8,22,28,24,5.8,81,11.125,1016,55,29,20,24,116,353,353,0,1,7.5,météo correcte
2019-04-01,28,21,12,22,28,24,5.1,80,9.375,1017,42.5,29,20,24,116,176,356,0,1,8.8,météo favorable
2019-04-02,27,21,18,22,27,25,1,74,9.75,1018,59.5,29,21,24,176,176,176,0,1,6.1,météo correcte
2019-04-03,27,21,19,22,27,25,0.6,72,9.75,1020,61.375,29,21,25,176,176,176,0,1,8.9,météo correcte
2019-04-04,27,21,21,21,27,24,2,72,9.375,1020,67.375,28,20,24,176,176,176,0,1,6.1,météo défavorable
2019-04-05,27,18,19,21,27,24,0.9,70,9.75,1019,71.5,28,19,24,176,176,176,0,1,8.9,météo défavorable
2019-04-06,27,21,21,22,26,25,3.9,75,9.5,1020,66.5,28,21,24,353,176,176,0,1,6.1,météo défavorable
2019-04-07,27,19,19,21,27,25,2.7,75,9.5,1020,56.25,29,21,24,176,176,176,0,1,6.1,météo correcte
2019-04-08,27,19,18,21,27,24,2.4,73,9.25,1019,71.875,28,20,24,176,176,176,0,1,6.1,météo défavorable
2019-04-09,26,20,19,21,26,24,2.2,72,9.625,1017,65.125,28,20,24,353,176,176,0,1,6.1,météo défavorable
2019-04-10,25,21,20,21,24,24,9,80,9.5,1016,63.375,27,20,23,353,356,353,0,1,8.9,météo correcte
2019-04-11,27,21,19,22,27,24,4.7,79,9.5,1016,77.25,29,20,24,176,353,353,0,1,7.5,météo défavorable
2019-04-12,27,21,19,22,26,25,5.9,77,9.375,1017,72.375,28,22,24,353,176,176,0,1,7.5,météo défavorable
2019-04-13,27,21,22,22,26,26,3.3,75,9.625,1018,66.75,29,22,24,353,176,176,0,1,7.5,météo défavorable
2019-04-14,26,21,20,22,25,24,4,77,9.75,1018,64,27,21,24,353,353,176,0,1,7.5,météo correcte
2019-04-15,28,18,17,21,28,24,1.2,75,9.75,1018,38,29,20,24,116,116,176,0,1,10.2,météo favorable
2019-04-16,28,21,19,21,28,24,3.9,74,9.75,1018,61.5,29,20,24,353,176,176,0,1,7.5,météo correcte
2019-04-17,26,21,17,22,26,24,4.4,73,9.375,1017,65,28,19,24,176,176,176,0,1,6.2,météo défavorable
2019-04-18,28,21,19,21,28,24,1.8,72,9.5,1017,65.5,29,19,24,176,176,176,0,1,8.9,météo défavorable
2019-04-19,27,20,20,21,27,24,0.8,71,9.875,1018,67.375,28,19,24,176,176,176,0,1,6.2,météo défavorable
2019-04-20,27,21,21,22,27,24,2,73,9.375,1019,81.125,28,19,24,176,176,176,0,1,6.2,météo défavorable
2019-04-21,27,21,18,22,27,24,3.7,74,9.375,1018,72.875,28,20,24,353,176,176,0,1,6.2,météo défavorable
2019-04-22,26,18,16,22,26,24,3.9,75,10,1017,62.125,27,19,24,353,353,176,0,1,7.5,météo correcte
2019-04-23,27,20,9,21,27,24,1.4,72,10,1015,43.5,28,20,24,116,353,353,0,1,8.9,météo correcte
2019-04-24,26,20,8,21,26,24,3.9,76,9.625,1016,74.25,28,20,24,176,353,353,0,1,6.2,météo défavorable
2019-04-25,28,20,14,21,28,26,0.2,67,10,1017,28.75,29,20,25,116,116,116,0,1,11.6,météo favorable
2019-04-26,27,19,15,21,27,25,1.8,78,9.625,1018,61.375,29,22,25,176,176,176,0,1,6.2,météo correcte
2019-04-27,27,20,15,22,27,25,14,82,8.125,1017,68.25,30,23,25,116,353,356,0,1,8.9,météo défavorable
2019-04-28,27,22,17,23,27,25,9.7,80,8.875,1017,64.125,29,23,25,353,353,353,0,1,11.8,météo correcte
2019-04-29,26,22,18,22,26,25,9.8,80,9.5,1017,66.375,28,22,25,353,356,353,0,1,7.8,météo défavorable
2019-04-30,27,21,21,22,27,25,0.8,75,9.875,1018,56.75,28,21,25,176,176,353,0,1,9.3,météo correcte
2019-05-01,28,22,18,23,27,26,7.2,82,10,1019,70.625,31,23,25,353,353,353,0,1,8.1,météo défavorable
2019-05-02,26,18,20,23,26,24,4.3,79,9.75,1018,78.875,28,22,24,353,353,176,0,1,8.1,météo défavorable
2019-05-03,27,21,20,22,27,25,0.6,72,9.875,1018,42.625,29,20,25,176,113,116,0,1,12.9,météo favorable
2019-05-04,27,21,17,22,27,24,0.4,77,9.75,1017,36,28,21,24,116,116,176,0,1,12.9,météo favorable
2019-05-05,27,21,19,22,27,26,5.2,81,10,1017,64,29,22,25,353,353,353,0,1,9.4,météo correcte
2019-05-06,27,21,19,22,27,24,4.4,80,9.5,1018,67.625,29,21,24,353,176,353,0,1,9.4,météo défavorable
2019-05-07,26,21,18,22,26,24,4.8,79,10,1017,61.5,28,20,24,353,353,353,0,1,9.4,météo correcte
2019-05-08,27,21,18,22,27,24,1.9,77,9.75,1016,63.5,29,20,24,176,176,353,0,1,9.4,météo correcte
2019-05-09,28,21,14,22,28,25,1.4,76,9.75,1016,57.75,30,21,25,116,176,176,0,1,11.9,météo correcte
2019-05-10,29,21,12,22,29,26,0.9,71,9.75,1015,46.75,31,22,26,116,176,176,0,1,11.9,météo favorable
2019-05-11,28,21,14,23,28,25,9.2,83,9.125,1016,58.875,30,23,25,116,353,356,0,1,11.9,météo correcte
2019-05-12,28,20,15,23,28,26,8.3,80,9.625,1017,75.5,30,23,25,353,356,353,0,1,8.1,météo défavorable
2019-05-13,29,22,17,23,28,27,1.2,77,8,1018,53.75,31,23,26,353,386,116,0,1,9.4,météo correcte
2019-05-14,29,22,16,23,29,27,0,76,9,1018,35.5,32,23,26,116,116,116,0,1,13,météo favorable
2019-05-15,29,21,12,23,29,27,0.7,74,7.75,1017,53.5,32,23,27,116,176,176,0,1,11.9,météo favorable
2019-05-16,29,22,10,23,29,27,6,74,8.5,1017,61,32,23,27,176,353,356,0,1,9.4,météo correcte
2019-05-17,28,22,14,23,28,26,8.1,73,9.25,1016,58.375,31,23,26,116,356,176,0,1,10.7,météo correcte
2019-05-18,29,22,17,23,29,26,3.3,75,9.125,1016,76.625,30,22,26,353,176,176,0,1,8.1,météo défavorable
2019-05-19,29,22,15,23,29,26,4.2,75,9.375,1016,71.25,31,22,26,176,176,176,0,1,9.4,météo défavorable
2019-05-20,28,20,15,23,28,26,14.5,80,8.875,1016,70.25,30,22,26,116,356,356,0,1,10.7,météo défavorable
2019-05-21,29,22,17,23,29,26,1.5,77,9.625,1015,69.125,31,23,26,176,176,176,0,1,10.7,météo défavorable
2019-05-22,28,22,13,23,28,27,2.4,77,9.875,1015,66.125,31,23,26,176,353,176,0,1,10.7,météo défavorable
2019-05-23,29,22,13,23,28,27,5.4,77,9.625,1015,67.75,32,23,26,176,353,356,0,1,8.2,météo défavorable
2019-05-24,28,22,15,23,28,26,28.6,78,7.875,1015,74,31,22,26,359,356,356,0,1,8.2,météo très défavorable
2019-05-25,28,22,13,23,28,26,0.7,77,9.875,1015,60.375,31,22,26,353,176,176,0,1,9.4,météo correcte
2019-05-26,28,22,12,23,28,25,11.9,82,8.625,1015,66,30,22,25,353,356,356,0,1,12,météo défavorable
2019-05-27,28,22,12,23,28,25,17.5,79,8.75,1015,64.375,31,22,25,353,356,356,0,1,10.7,météo très défavorable
2019-05-28,27,19,12,23,26,24,24.3,88,7.375,1015,83.25,29,22,24,299,293,308,0,1,8.2,météo très défavorable
2019-05-29,27,21,15,23,26,25,16,84,9.5,1015,69.375,29,22,25,353,353,356,0,1,9.4,météo très défavorable
2019-05-30,24,20,10,22,24,22,48,93,6.875,1016,93.125,26,22,22,308,356,308,0,1,8.2,météo très défavorable
2019-05-31,28,22,17,23,28,24,5.3,81,9.5,1015,69.125,30,21,24,353,176,353,0,1,9.4,météo défavorable
2019-06-01,28,21,18,22,28,24,2.7,79,9.875,1015,50.25,29,21,24,176,176,353,0,1,12,météo favorable
2019-06-02,27,22,13,23,27,26,9.5,78,9.125,1015,63.375,30,22,25,176,356,356,0,1,8.2,météo correcte
2019-06-03,28,22,13,23,28,27,20.5,77,7.875,1016,81.75,31,23,26,176,356,356,0,1,8.2,météo très défavorable
2019-06-04,29,23,12,24,29,26,23.5,82,7.25,1017,64.625,32,23,26,116,356,359,0,1,10.7,météo très défavorable
2019-06-05,29,23,13,24,29,27,19.8,80,8.125,1016,79.75,32,23,27,176,356,356,0,1,8.2,météo très défavorable
2019-06-06,30,23,12,24,30,26,10.7,79,8.625,1016,57.875,32,22,26,116,356,356,0,1,12,météo correcte
2019-06-07,29,23,10,24,29,26,5.6,78,9.375,1016,70.125,31,22,26,176,356,176,0,1,10.9,météo défavorable
2019-06-08,29,23,17,24,29,26,3.6,76,7.875,1017,63,32,22,26,176,176,176,0,1,12.1,météo correcte
2019-06-09,28,23,17,24,28,26,2.4,76,18.375,1017,62.875,31,22,26,353,353,176,0,1,9.7,météo correcte
2019-06-10,28,23,18,24,28,27,6.6,81,9.625,1018,59.625,32,23,26,353,356,353,0,1,9.7,météo correcte
2019-06-11,29,23,16,23,29,26,0.2,74,15.375,1018,36.875,31,22,26,353,116,116,0,1,13.5,météo favorable
2019-06-12,29,22,19,23,29,26,1,74,19.75,1018,70.75,31,21,26,176,176,176,0,1,8.5,météo défavorable
2019-06-13,28,23,19,24,28,26,2.9,75,19.25,1019,71.25,31,22,26,353,176,176,0,1,9.7,météo défavorable
2019-06-14,28,20,19,23,28,26,3.2,78,19.125,1018,68.5,30,22,25,353,299,353,0,1,9.7,météo défavorable
2019-06-15,27,22,19,23,27,26,12.8,82,18.75,1018,72.5,30,24,25,353,356,356,0,1,8.5,météo défavorable
2019-06-16,28,22,20,23,28,27,2.6,85,19.125,1018,63.75,32,24,26,122,119,119,0,1,8.5,météo correcte
2019-06-17,28,23,21,24,28,27,0.9,82,19,1018,53.375,31,24,26,119,116,116,0,1,12.1,météo favorable
2019-06-18,29,23,21,24,28,27,0.5,78,19,1019,52.375,32,23,26,116,116,116,0,1,13.3,météo favorable
2019-06-19,30,23,23,23,29,28,0,78,10,1018,43.25,34,24,26,119,116,116,0,1,13.3,météo favorable
2019-06-20,28,23,24,24,28,27,0.6,82,9.625,1019,56.875,31,24,26,119,116,116,0,1,8.5,météo correcte
2019-06-21,29,23,19,24,28,27,0.5,77,9.375,1020,39.625,31,24,26,176,116,116,0,1,13.3,météo favorable
2019-06-22,29,23,17,24,29,27,0.1,75,10,1020,32.375,31,23,26,176,116,116,0,1,13.3,météo favorable
2019-06-23,29,21,17,23,28,27,0.1,76,10,1019,35.75,32,23,26,119,116,176,0,1,13.5,météo favorable
2019-06-24,30,22,17,23,29,29,0.8,76,9.625,1017,63.75,33,25,26,176,176,176,0,1,9.7,météo correcte
2019-06-25,29,23,15,24,28,28,8.8,86,9.375,1017,63.375,34,25,26,176,176,356,0,1,9.7,météo correcte
2019-06-26,31,23,17,24,29,28,1.1,77,9.625,1018,65.875,35,24,26,116,176,176,0,1,12.1,météo défavorable
2019-06-27,30,23,20,23,28,27,5.2,79,9.375,1017,71.25,34,23,25,353,176,353,0,1,8.5,météo défavorable
2019-06-28,29,22,21,23,28,26,2.2,79,9.5,1018,74.5,32,22,26,176,176,353,0,1,8.5,météo défavorable
2019-06-29,30,23,23,24,29,29,1.2,76,9.625,1018,69.125,34,24,26,176,176,176,0,1,9.7,météo défavorable
2019-06-30,29,23,19,24,29,28,1.1,76,9.875,1018,57.75,33,24,26,353,176,116,0,1,10.9,météo correcte
2019-07-01,29,22,17,23,28,28,0.2,75,10,1018,29.75,32,23,26,176,113,116,0,1,13.3,météo idéale
2019-07-02,31,22,11,23,29,29,0.9,76,9.75,1017,41.125,35,25,26,116,116,176,0,1,13.3,météo favorable
2019-07-03,30,22,17,23,29,28,0.3,70,10,1016,37.75,33,24,26,116,176,116,0,1,13.5,météo favorable
2019-07-04,30,22,21,23,29,28,1.9,75,9.75,1017,64.375,33,23,26,353,176,116,0,1,9.7,météo correcte
2019-07-05,29,22,22,23,28,27,12.9,83,9.125,1018,78.75,33,24,26,353,353,356,0,1,8.4,météo défavorable
2019-07-06,30,23,18,24,29,29,0.6,74,9.75,1019,53.625,34,24,26,176,176,116,0,1,12.1,météo favorable
2019-07-07,29,22,18,23,28,28,1.1,76,9.75,1018,62.625,33,23,25,176,176,176,0,1,9.7,météo correcte
2019-07-08,30,22,16,23,28,28,4.6,79,9.625,1017,73.25,34,25,25,353,176,176,0,1,8.4,météo défavorable
2019-07-09,30,23,23,24,28,28,7,78,9.625,1019,68.75,34,25,26,353,176,176,0,1,9.6,météo défavorable
2019-07-10,31,23,19,24,29,28,0.6,77,9.875,1019,58.125,36,24,27,176,176,116,0,1,10.9,météo correcte
2019-07-11,31,22,21,23,29,28,0.7,73,9.75,1017,49.125,35,23,26,176,116,176,0,1,13.3,météo favorable
2019-07-12,31,22,20,23,29,28,3,74,9.5,1016,70.5,34,23,26,353,299,176,0,1,10.9,météo défavorable
2019-07-13,30,22,20,23,29,28,2.6,76,9.5,1016,70.375,34,24,26,353,176,176,0,1,8.4,météo défavorable
2019-07-14,30,22,21,23,28,28,4.7,78,9.625,1017,77.5,34,24,25,353,176,176,0,1,8.4,météo défavorable
2019-07-15,31,23,22,24,29,29,0.9,77,9.875,1017,65.25,35,25,27,176,176,176,0,1,12.1,météo défavorable
2019-07-16,31,23,18,24,29,29,1.7,74,9.5,1018,45.25,36,24,26,176,176,116,0,1,13.3,météo favorable
2019-07-17,30,22,19,23,29,28,2,74,9.875,1017,55.625,34,24,26,176,176,176,0,1,12.1,météo correcte
2019-07-18,30,22,20,23,29,27,3.1,79,9.625,1018,70,34,24,26,353,176,353,0,1,8.4,météo défavorable
2019-07-19,31,23,17,24,29,29,4.4,80,9.625,1017,72.875,37,25,26,353,176,176,0,1,8.4,météo défavorable
2019-07-20,29,23,13,24,28,27,22.1,86,8.375,1017,58.25,33,25,26,176,356,359,0,1,10.8,météo très défavorable
2019-07-21,30,22,18,23,29,28,2.9,78,9.5,1016,71.875,34,24,26,176,176,176,0,1,9.4,météo défavorable
2019-07-22,29,22,19,23,28,28,1.4,77,9.5,1016,61.25,33,24,26,176,176,176,0,1,10.7,météo correcte
2019-07-23,30,23,22,24,29,28,2.4,78,9.75,1017,68.5,35,24,27,353,176,176,0,1,8.1,météo défavorable
2019-07-24,31,23,19,24,29,28,0.5,75,10,1018,39.875,35,24,26,353,176,116,0,1,9.1,météo favorable
2019-07-25,30,22,19,23,28,28,5.1,78,9.75,1017,66.75,34,24,26,176,176,353,0,1,6.5,météo défavorable
2019-07-26,31,23,21,24,30,29,3.2,78,9.875,1018,65.75,37,24,27,353,353,176,0,1,7.8,météo défavorable
2019-07-27,31,23,18,24,30,29,0,74,10,1019,14.875,35,24,27,116,116,116,0,1,11.6,météo favorable
2019-07-28,31,23,17,24,30,29,0.5,76,10,1017,55.25,35,24,27,176,176,176,0,1,6.5,météo correcte
2019-07-29,31,22,20,24,30,28,14.5,78,8.875,1015,78.375,35,24,26,176,176,356,0,1,6.5,météo défavorable
2019-07-30,29,24,18,24,28,28,10.2,85,9.25,1015,74.125,34,25,25,176,353,356,0,1,6.5,météo défavorable
2019-07-31,31,23,18,24,29,28,9.6,77,9.5,1015,68.25,35,24,27,176,353,356,0,1,6.5,météo défavorable
2019-08-01,31,23,19,24,29,29,4.5,75,9.625,1015,54.5,36,24,26,176,176,176,0,1,11.6,météo favorable
2019-08-02,30,23,17,24,29,28,6.8,81,9.75,1015,75.25,36,25,26,353,353,353,0,1,6.3,météo défavorable
2019-08-03,31,23,24,24,29,28,3.2,78,9.875,1017,74.625,35,24,27,176,176,353,0,1,6.3,météo défavorable
2019-08-04,30,23,22,24,29,28,3.1,78,9.125,1017,78.125,35,24,26,353,176,176,0,1,6.3,météo défavorable
2019-08-05,31,23,23,23,29,28,1.9,76,9.5,1017,71,36,24,26,176,176,176,0,1,8.9,météo défavorable
2019-08-06,30,23,20,24,28,28,5.1,82,10,1016,68.5,35,25,26,353,353,353,0,1,7.6,météo défavorable
2019-08-07,32,23,13,24,30,29,1,78,10,1018,68.125,38,25,27,116,176,176,0,1,6.3,météo défavorable
2019-08-08,31,23,18,24,29,29,1.9,79,9.5,1017,68.5,36,25,26,116,176,176,0,1,7.6,météo défavorable
2019-08-09,30,23,18,24,29,29,8.5,83,9,1017,75.125,36,25,26,353,356,176,0,1,6.2,météo défavorable
2019-08-10,31,24,18,24,29,28,0.8,78,10,1017,64.75,35,24,26,353,176,176,0,1,8.9,météo correcte
2019-08-11,31,22,17,23,29,28,1.6,77,9.75,1017,68.25,34,24,26,353,176,176,0,1,8.9,météo défavorable
2019-08-12,31,23,18,23,29,29,1,77,9.875,1016,52.75,36,25,26,353,176,116,0,1,8.9,météo favorable
2019-08-13,31,23,19,24,29,28,1.3,80,9.75,1016,56,36,24,26,353,176,116,0,1,7.6,météo correcte
2019-08-14,31,23,18,23,29,29,1.1,78,9.75,1017,64.625,36,25,26,176,176,176,0,1,6.2,météo correcte
2019-08-15,31,23,24,24,29,29,1.7,78,9.5,1018,71.75,37,25,27,176,176,176,0,1,6.2,météo défavorable
2019-08-16,31,23,19,24,30,29,1.2,77,9.875,1019,54.75,36,24,27,176,176,176,0,1,10.3,météo favorable
2019-08-17,30,22,17,23,29,28,5.5,79,9.375,1017,81.375,34,24,26,176,176,176,0,1,6.2,météo défavorable
2019-08-18,30,23,18,23,29,28,5.2,78,9.625,1017,73.625,34,24,26,353,176,176,0,1,6.2,météo défavorable
2019-08-19,30,23,18,24,30,29,1.3,80,9.5,1016,76,36,25,27,176,176,176,0,1,6.2,météo défavorable
2019-08-20,30,23,14,24,29,28,13.4,81,8.75,1017,78,36,25,27,176,356,356,0,1,6.2,météo défavorable
2019-08-21,30,23,16,24,29,28,5.2,81,9.5,1016,56.25,34,24,26,116,176,176,0,1,8.9,météo correcte
2019-08-22,30,23,19,24,29,28,2.4,75,9.875,1016,50.125,34,24,26,116,176,176,0,1,8.9,météo favorable
2019-08-23,30,23,19,24,29,28,4.5,79,9.625,1017,75,35,24,26,353,176,353,0,1,6.2,météo défavorable
2019-08-24,31,22,19,24,29,29,3.9,79,9.625,1017,74.75,36,25,26,353,176,176,0,1,6.2,météo défavorable
2019-08-25,31,23,19,24,29,28,1.1,78,9.75,1017,61.375,36,24,27,353,176,176,0,1,8.9,météo correcte
2019-08-26,32,23,17,24,30,29,0.5,78,10,1016,48.875,36,24,27,353,176,116,0,1,8.9,météo favorable
2019-08-27,31,23,18,24,30,29,0.5,75,9.875,1016,51.875,36,24,27,176,176,176,0,1,8.9,météo favorable
2019-08-28,27,19,25,24,27,25,14,89,8.625,1013,71.625,30,24,25,176,356,356,0,1,6.2,météo défavorable
2019-08-29,29,24,17,24,28,28,13.6,80,8.5,1014,76.5,33,24,26,356,176,176,0,1,6.2,météo défavorable
2019-08-30,30,24,15,24,29,29,2.9,79,9.375,1015,62.375,35,25,27,176,176,176,0,1,6.2,météo correcte
2019-08-31,31,23,13,24,29,29,2.2,79,9.625,1015,67.625,36,25,27,176,176,176,0,1,8.9,météo défavorable
2019-09-01,31,23,10,24,30,29,3.9,76,9.75,1015,56.625,36,24,27,176,176,176,0,1,8.9,météo correcte
2019-09-02,31,23,14,24,30,29,1.2,76,10,1014,51.5,36,25,27,116,176,299,0,1,8.9,météo favorable
2019-09-03,31,23,19,24,29,28,2.7,80,9.375,1014,74,36,24,27,176,176,176,0,1,6.1,météo défavorable
2019-09-04,30,24,17,24,29,29,2.1,75,9.5,1017,69.625,35,25,27,176,176,176,0,1,6.1,météo défavorable
2019-09-05,31,23,17,24,29,29,4.6,81,9.5,1016,61.125,36,25,26,176,176,176,0,1,6.1,météo correcte
2019-09-06,30,24,13,24,29,28,16.7,80,8.5,1014,78,35,25,27,176,356,356,0,1,6.1,météo très défavorable
2019-09-07,30,23,9,24,29,29,16,81,8.75,1014,79,35,25,26,176,356,356,0,1,6.1,météo très défavorable
2019-09-08,29,23,5,24,29,28,14.7,81,8.75,1016,62,34,25,27,116,356,356,0,1,7.5,météo défavorable
2019-09-09,30,23,8,24,29,29,11.5,80,9.375,1016,61.25,35,25,26,116,353,353,0,1,8.9,météo correcte
2019-09-10,32,23,12,24,31,29,1.9,81,9.75,1016,46.875,38,26,27,176,116,176,0,1,10.2,météo favorable
2019-09-11,31,23,12,24,30,29,5.6,81,9.625,1014,64.375,38,25,27,116,176,176,0,1,6.1,météo correcte
2019-09-12,30,24,12,24,29,29,6.6,82,9.375,1012,61,36,26,27,176,356,176,0,1,6.1,météo correcte
2019-09-13,31,24,14,25,30,29,3.1,80,9.5,1014,48,38,25,27,116,176,176,0,1,8.8,météo favorable
2019-09-14,30,24,17,25,30,29,8.5,82,9,1015,64.5,37,26,27,116,176,176,0,1,7.5,météo correcte
2019-09-15,30,24,16,25,29,29,5.9,84,9.25,1014,73.875,37,26,27,176,356,353,0,1,6.1,météo défavorable
2019-09-16,29,0,15,0,0,29,6.3,82,9.125,1014,72.625,37,26,27,176,356,353,0,1,6.1,météo très défavorable
2019-09-17,30,24,23,25,29,29,4.5,82,9.625,1013,71.25,36,25,26,353,176,353,0,1,7.4,météo défavorable
2019-09-18,30,24,21,24,29,28,1.9,83,9.625,1012,67.25,35,25,27,176,176,353,0,1,6.1,météo défavorable
2019-09-19,31,24,17,24,29,29,1.3,79,9.875,1011,68.125,36,24,26,176,176,353,0,1,6.1,météo défavorable
2019-09-20,32,23,13,24,30,31,0.8,78,9.875,1013,43.625,39,26,27,176,176,116,0,1,8.8,météo favorable
2019-09-21,31,25,10,25,30,30,0.8,76,10,1014,35,37,25,27,116,116,176,0,1,11.6,météo favorable
2019-09-22,29,24,16,24,29,29,2.3,82,9.75,1014,67.5,35,25,27,176,353,353,0,1,8.8,météo défavorable
2019-09-23,30,23,17,24,29,29,2.4,79,9.375,1013,73.25,36,25,26,353,176,176,0,1,8.8,météo défavorable
2019-09-24,30,24,15,24,30,27,45.5,91,7.25,1011,69,35,26,27,353,359,359,0,1,6,météo très défavorable
2019-09-25,29,22,16,23,28,28,88.6,85,7.75,1014,66,34,25,25,305,116,176,0,1,10.2,météo très défavorable
2019-09-26,30,24,17,25,29,29,4.9,84,9.125,1013,78.375,36,26,27,176,176,176,0,1,6,météo défavorable
2019-09-27,32,24,9,25,30,30,1.3,79,9.625,1015,41.125,39,26,27,116,116,176,0,1,10.2,météo favorable
2019-09-28,30,23,10,24,29,28,22.2,84,8.375,1015,40.75,36,26,27,116,356,359,0,1,8.8,météo très défavorable
2019-09-29,29,23,9,24,28,28,11,81,8.875,1013,83.375,35,25,26,176,356,176,0,1,6,météo défavorable
2019-09-30,29,23,14,24,29,28,3.4,84,9.875,1012,66.75,35,25,26,176,353,353,0,1,8.8,météo défavorable
2019-10-01,30,23,14,24,29,28,2.2,85,9.375,1011,69,37,26,26,353,176,176,0,1,6,météo défavorable
2019-10-02,31,24,10,24,29,29,0.2,77,10,1013,51.25,36,24,27,116,116,176,0,1,10.2,météo favorable
2019-10-03,31,23,12,24,30,30,0,76,10,1015,18.875,36,25,27,116,116,116,0,1,11.6,météo favorable
2019-10-04,30,23,11,24,30,29,7,83,9.375,1015,53.75,37,26,27,116,356,176,0,1,7.4,météo correcte
2019-10-05,31,24,9,25,30,29,2.6,80,9.75,1014,53.5,37,25,26,116,299,116,0,1,8.8,météo correcte
2019-10-06,31,23,13,24,29,29,10.1,81,9.125,1014,76,36,25,26,176,356,176,0,1,6,météo défavorable
2019-10-07,31,24,17,24,30,28,2.6,82,9.5,1015,74.5,36,25,27,176,176,176,0,1,6,météo défavorable
2019-10-08,30,24,20,24,29,28,3.3,81,9.75,1014,66.5,35,24,26,353,176,176,0,1,7.4,météo défavorable
2019-10-09,31,22,15,23,29,28,0.6,82,9.875,1014,69.25,36,25,26,176,176,176,0,1,6,météo défavorable
2019-10-10,30,22,8,23,29,28,6.5,81,9.5,1012,55.5,35,24,26,353,176,356,0,1,8.8,météo correcte
2019-10-11,30,23,7,24,30,28,4.8,76,9.75,1012,37,35,24,27,116,176,176,0,1,8.8,météo favorable
2019-10-12,31,23,9,24,30,30,3.1,75,9.75,1013,40.5,37,25,27,116,116,176,0,1,10.2,météo favorable
2019-10-13,31,23,9,24,30,29,0.9,76,10,1014,32.25,36,24,27,116,176,176,0,1,8.8,météo favorable
2019-10-14,30,23,11,24,29,28,12.2,84,9.125,1015,49.25,35,25,27,116,176,356,0,1,8.8,météo correcte
2019-10-15,28,22,9,24,28,27,8.5,83,9.125,1015,46.875,31,24,26,116,353,356,0,1,7.3,météo correcte
2019-10-16,28,23,8,24,28,26,10.4,81,9,1015,67.625,30,23,26,176,116,356,0,1,8.8,météo défavorable
2019-10-17,28,20,9,23,28,25,5.4,84,9.75,1015,50,30,22,25,116,353,353,0,1,10.2,météo correcte
2019-10-18,28,20,15,23,28,25,2.7,82,9.75,1014,54.625,31,22,25,176,299,176,0,1,5.9,météo correcte
2019-10-19,28,22,15,24,28,27,6.9,81,9.125,1014,59,31,23,26,116,176,176,0,1,8.8,météo correcte
2019-10-20,28,23,16,24,28,27,1.5,82,9.625,1015,59.5,32,24,26,176,176,176,0,1,7.3,météo correcte
2019-10-21,28,23,13,23,28,26,6.1,85,9.5,1014,66.75,32,24,26,176,353,356,0,1,7.2,météo défavorable
2019-10-22,28,23,12,23,28,25,1,83,9.75,1014,72.625,31,23,25,116,176,176,0,1,4.3,météo défavorable
2019-10-23,28,21,13,24,28,25,11,86,9.25,1013,40.25,30,23,25,116,116,356,0,1,8.7,météo correcte
2019-10-24,28,23,15,24,28,27,14.4,83,8.625,1014,73,31,24,26,176,356,176,0,1,4.3,météo défavorable
2019-10-25,27,20,14,23,27,25,8.6,89,9.625,1015,71.25,30,23,25,353,176,353,0,1,5.7,météo défavorable
2019-10-26,28,22,14,23,27,26,0.8,82,10,1015,23.75,30,23,25,116,116,116,0,1,8.7,météo favorable
2019-10-27,28,22,14,23,28,26,0.1,82,10,1015,33.5,30,23,26,176,116,116,0,1,8.7,météo favorable
2019-10-28,27,23,12,23,27,26,8.2,84,9.5,1015,74.625,30,23,25,353,353,356,0,1,5.7,météo défavorable
2019-10-29,26,18,16,23,26,24,1.2,83,9.875,1014,49.625,29,22,24,353,176,116,0,1,4.2,météo favorable
2019-10-30,27,21,14,23,26,25,3.8,83,9.875,1013,55,29,22,25,353,176,176,0,1,4.2,météo correcte
2019-10-31,28,20,12,23,28,26,2,77,9.75,1014,39.625,30,22,25,176,116,116,0,1,8.7,météo favorable
2019-11-01,27,21,15,22,27,25,1.2,81,9.75,1015,60.125,29,22,25,116,176,176,0,1,5.7,météo correcte
2019-11-02,26,22,11,22,26,25,5.9,84,9.625,1013,74.875,28,22,25,176,353,176,0,1,5.7,météo défavorable
2019-11-03,27,21,10,22,27,26,9.1,84,9.125,1013,68.25,30,23,24,116,356,356,0,1,5.7,météo défavorable
2019-11-04,28,22,11,22,27,27,16.5,85,8.125,1014,75.5,32,24,25,176,356,356,0,1,4.2,météo très défavorable
2019-11-05,28,20,18,23,28,26,3.9,85,9.25,1015,77.25,32,23,25,176,176,353,0,1,4.2,météo défavorable
2019-11-06,28,22,15,23,28,27,3.4,86,9.625,1017,70.75,32,24,25,176,176,353,0,1,5.7,météo défavorable
2019-11-07,29,22,16,23,28,27,1.8,84,9.625,1015,67.25,34,24,25,353,176,176,0,1,4.2,météo défavorable
2019-11-08,29,22,17,23,28,27,2.8,84,9,1013,75.75,33,24,25,176,176,176,0,1,4.2,météo défavorable
2019-11-09,28,22,16,23,27,27,2.3,86,9.5,1013,64.875,32,24,25,353,176,176,0,1,4.2,météo correcte
2019-11-10,28,22,14,23,28,26,4.3,87,9.625,1014,70.875,33,24,25,176,176,353,0,1,5.7,météo défavorable
2019-11-11,28,22,14,23,28,26,4.3,84,9.375,1014,67.125,31,23,25,176,116,176,0,1,7.2,météo défavorable
2019-11-12,28,22,15,22,27,26,2,84,9.75,1013,70.75,31,23,25,353,176,176,0,1,4.2,météo défavorable
2019-11-13,30,22,12,23,28,29,0.2,78,10,1013,23.875,35,25,25,176,116,113,0,1,7.2,météo favorable
2019-11-14,29,22,14,23,29,27,0.7,83,9.75,1015,42.25,33,23,25,116,176,176,0,1,7.2,météo favorable
2019-11-15,27,22,12,22,27,24,2,85,9.625,1014,54,29,22,24,116,176,176,0,1,5.7,météo favorable
2019-11-16,27,22,6,23,27,25,2.8,84,9.875,1011,40.25,29,23,25,116,176,176,0,1,7.2,météo favorable
2019-11-17,27,20,6,22,27,25,0.9,82,9.875,1010,44.625,30,22,25,116,116,176,0,1,8.7,météo favorable
2019-11-18,28,22,8,23,28,27,11.6,85,9,1011,67.25,32,24,26,176,353,356,0,1,4.2,météo défavorable
2019-11-19,28,22,6,23,28,27,9.5,86,8.75,1013,40.5,33,25,25,116,356,356,0,1,7.2,météo correcte
2019-11-20,29,22,6,23,29,27,6.5,87,9.625,1013,50.375,33,24,25,116,353,356,0,1,5.7,météo correcte
2019-11-21,29,22,10,23,29,27,8.6,84,8.75,1013,60.125,33,24,26,116,356,356,0,1,5.7,météo correcte
2019-11-22,28,22,15,22,27,25,2.2,83,9.625,1013,54.75,30,22,24,176,113,353,0,1,8.7,météo favorable
2019-11-23,27,19,14,21,27,25,1.4,82,9.625,1014,63.25,29,22,24,176,176,176,0,1,7.2,météo correcte
2019-11-24,29,22,9,23,29,26,0.1,79,10,1014,13.25,33,22,26,113,113,176,0,1,8.7,météo idéale
2019-11-25,30,21,13,22,30,27,0.7,86,9.875,1013,62.375,34,24,25,176,176,176,0,1,4.2,météo correcte
2019-11-26,29,22,16,23,29,27,1.2,87,7.75,1014,60.625,34,25,25,353,176,176,0,1,7.2,météo correcte
2019-11-27,28,23,15,23,28,27,1.9,85,9.375,1016,78.375,32,24,25,176,176,176,0,1,4.2,météo défavorable
2019-11-28,28,22,12,22,28,26,3.5,84,9.25,1015,70.25,32,23,25,176,176,176,0,1,4.2,météo défavorable
2019-11-29,29,21,3,22,29,26,1.3,81,9.5,1013,44.875,32,22,25,116,116,176,0,1,8.7,météo favorable
2019-11-30,28,21,6,22,28,25,4.4,83,9.75,1012,65.375,30,22,24,176,353,176,0,1,7.2,météo défavorable
2019-12-01,26,21,6,21,26,25,8.9,86,9,1015,70.375,28,22,24,176,353,356,0,1,5.7,météo défavorable
2019-12-02,28,21,13,22,27,26,4.1,88,9.75,1016,54.5,31,24,24,116,176,176,0,1,5.7,météo favorable
2019-12-03,29,23,9,23,28,28,4.2,86,9.5,1015,56.125,33,25,26,116,176,176,0,1,7.2,météo correcte
2019-12-04,29,23,13,23,28,27,2.7,86,9.25,1015,68.25,33,25,26,176,176,176,0,1,5.7,météo défavorable
2019-12-05,28,22,14,23,28,26,4.3,87,9.5,1016,58.375,32,24,25,176,176,353,0,1,4.1,météo correcte
2019-12-06,27,22,14,23,27,25,1.7,85,9.75,1017,41,29,23,25,116,176,299,0,1,7.2,météo favorable
2019-12-07,27,22,12,22,27,26,3.1,87,9.75,1017,52.75,30,24,24,116,353,176,0,1,7.2,météo correcte
2019-12-08,28,21,14,22,27,26,0,82,10,1016,23.5,31,22,24,116,113,116,0,1,8.7,météo idéale
2019-12-09,27,21,17,22,27,25,1.8,85,9.5,1017,66.375,29,22,24,176,176,176,0,1,4.1,météo défavorable
2019-12-10,28,21,17,22,27,25,4.6,87,9.75,1018,67.75,30,22,24,176,356,353,0,1,4.1,météo défavorable
2019-12-11,28,20,19,21,28,25,3.5,84,9.375,1017,73.25,30,22,24,176,353,176,0,1,7.2,météo défavorable
2019-12-12,25,21,18,21,25,24,8.4,85,9,1015,76.625,28,22,23,176,356,176,0,1,4.1,météo défavorable
2019-12-13,26,21,18,21,26,25,7.1,85,9.125,1014,67.375,28,22,23,353,356,176,0,1,8.7,météo défavorable
2019-12-14,28,20,19,22,27,26,2,85,9.25,1014,81.125,31,23,24,176,176,176,0,1,4.1,météo défavorable
2019-12-15,26,20,16,22,26,24,2.2,85,9.5,1016,71.5,28,23,24,353,176,176,0,1,4.1,météo défavorable
2019-12-16,26,21,21,22,26,25,4.8,85,9.875,1017,73.5,29,22,24,176,353,353,0,1,4.1,météo défavorable
2019-12-17,26,20,22,22,26,25,11.3,87,9.5,1016,79.25,29,23,23,353,356,353,0,1,4.1,météo défavorable
2019-12-18,28,21,22,22,27,26,2.1,85,9.125,1016,79.625,31,23,24,176,176,176,0,1,4.1,météo défavorable
2019-12-19,28,21,17,22,27,26,1.2,86,9.75,1016,70.5,31,23,24,176,176,176,0,1,4.1,météo défavorable
2019-12-20,28,21,17,21,28,27,0.1,82,10,1017,27.5,31,23,24,116,176,116,0,1,8.7,météo favorable
2019-12-21,27,21,14,21,27,25,3.8,85,9.5,1016,57.375,30,22,24,176,353,176,0,1,4.1,météo correcte
2019-12-22,28,21,15,21,28,26,3.1,86,9.5,1017,69.375,31,23,24,353,176,176,0,1,5.7,météo défavorable
2019-12-23,28,21,16,21,28,25,1.2,85,9.625,1017,65.125,30,22,24,176,176,176,0,1,4.1,météo défavorable
2019-12-24,27,19,17,22,27,24,1.2,88,9.75,1015,63.375,30,22,24,176,176,353,0,1,4.1,météo correcte
2019-12-25,26,20,23,23,26,24,3.3,86,9.5,1012,70.75,28,22,24,176,176,176,0,1,4.1,météo défavorable
2019-12-26,27,23,7,23,27,25,11.8,86,8.875,1013,72,30,23,25,353,356,356,0,1,7.2,météo défavorable
2019-12-27,26,19,10,21,26,25,0.7,84,9.75,1015,60.25,28,22,23,116,122,176,0,1,5.7,météo correcte
2019-12-28,29,21,11,21,28,26,0.9,86,9.75,1015,33,32,23,24,116,116,176,0,1,8.7,météo favorable
2019-12-29,28,21,12,22,28,26,5.1,85,9.625,1014,71.5,31,23,24,176,176,176,0,1,4.1,météo défavorable
2019-12-30,26,21,15,22,25,25,8,89,10,1015,71.125,29,23,23,353,353,353,0,1,4.1,météo défavorable
2019-12-31,28,21,9,22,28,27,7.3,86,9.375,1016,55.75,33,24,24,116,176,356,0,1,7.2,météo correcte
2020-01-01,27,22,8,22,27,26,8.4,86,9.25,1015,60.875,30,23,24,116,353,356,0,1,7.2,météo correcte
2020-01-02,27,19,13,22,26,25,3.9,87,8.5,1017,75,29,22,24,176,353,353,0,1,5.7,météo défavorable
2020-01-03,25,21,13,22,25,24,4.3,88,8.75,1019,63.875,28,22,23,353,353,176,0,1,5.7,météo correcte
2020-01-04,25,19,14,21,25,23,0.6,86,9.875,1019,47,27,20,22,116,176,176,0,1,7.2,météo favorable
2020-01-05,28,21,10,21,27,26,1.2,82,9.75,1018,64.625,31,22,23,176,176,176,0,1,5.7,météo correcte
2020-01-06,27,21,12,21,27,24,4.1,88,9.5,1016,72.625,29,22,23,176,176,176,0,1,7.2,météo défavorable
2020-01-07,26,18,15,21,26,24,1.2,82,9.625,1017,62.75,27,21,23,176,176,176,0,1,8.7,météo correcte
2020-01-08,25,21,16,21,25,24,5.4,86,9.875,1020,57.5,27,21,23,353,353,176,0,1,7.2,météo correcte
2020-01-09,26,20,22,21,26,23,1,85,9.625,1021,65.125,28,20,23,116,176,176,0,1,7.2,météo défavorable
2020-01-10,25,18,27,21,25,23,3.4,83,9.25,1021,72.375,26,20,23,176,176,176,0,1,5.7,météo défavorable
2020-01-11,25,20,28,20,25,24,3,82,9.375,1021,75.25,27,20,22,353,176,176,0,1,5.7,météo défavorable
2020-01-12,25,20,24,21,24,24,6,84,9.5,1022,74,27,21,22,353,353,176,0,1,5.7,météo défavorable
2020-01-13,26,18,29,20,25,24,3.2,81,9.375,1021,74.625,27,20,22,176,299,176,0,1,5.7,météo défavorable
2020-01-14,24,19,24,19,24,23,6.6,83,9.5,1020,72.75,26,20,21,176,353,176,0,1,5.5,météo défavorable
2020-01-15,25,20,19,20,24,24,21.9,88,8.75,1018,63.25,27,21,21,356,356,353,0,1,5.5,météo très défavorable
2020-01-16,26,19,16,20,26,24,0.4,83,9.875,1019,42.625,28,21,22,116,116,176,0,1,10.1,météo favorable
2020-01-17,26,17,14,20,25,23,0.3,83,10,1019,41.75,27,20,22,176,116,116,0,1,8.6,météo favorable
2020-01-18,24,16,21,20,24,22,1.2,85,9.75,1020,46.125,26,19,22,116,176,116,0,1,10.1,météo favorable
2020-01-19,24,18,19,20,23,23,5.2,88,9.75,1019,75.625,26,21,21,353,353,353,0,1,5.6,météo défavorable
2020-01-20,24,17,15,21,24,23,5.7,89,9.875,1018,82.625,26,21,22,353,353,176,0,1,5.6,météo défavorable
2020-01-21,25,20,19,21,25,23,0.5,83,10,1016,60.25,27,20,22,116,176,353,0,1,7.1,météo correcte
2020-01-22,25,18,14,21,25,24,2.6,87,9.375,1014,68.625,27,21,22,176,176,176,0,1,5.6,météo défavorable
2020-01-23,25,21,10,21,25,24,8,85,9.375,1013,66,27,21,23,176,353,356,0,1,5.6,météo défavorable
2020-01-24,25,21,5,21,25,23,4.8,86,10,1015,53.75,27,21,23,116,353,353,0,1,11.2,météo correcte
2020-01-25,26,20,6,20,26,24,4.2,85,9.875,1016,56.75,28,22,22,116,176,353,0,1,7.1,météo correcte
2020-01-26,26,20,8,21,26,24,7.1,87,10,1016,54.75,27,22,23,116,353,353,0,1,10.1,météo correcte
2020-01-27,26,20,8,20,25,26,15.5,86,8.75,1016,68.25,29,23,23,116,356,356,0,1,5.8,météo défavorable
2020-01-28,27,21,6,21,27,25,0.8,83,9.75,1015,39.25,28,22,23,116,176,176,0,1,8.7,météo favorable
2020-01-29,28,20,5,20,28,26,1,78,9.875,1016,38.375,30,21,23,116,116,176,0,1,10.1,météo favorable
2020-01-30,27,21,9,21,26,26,1.3,82,9.75,1016,34.875,30,23,24,116,116,176,0,1,10.1,météo favorable
2020-01-31,26,21,12,23,26,25,3.3,85,9.625,1018,52.25,29,22,23,116,176,176,0,1,8.7,météo favorable
2020-02-01,26,20,17,21,26,26,0.6,84,9.875,1019,50.375,29,22,23,116,176,176,0,1,8.7,météo favorable
2020-02-02,28,21,8,22,28,27,0.1,77,10,1018,24.125,30,22,25,113,116,176,0,1,11.6,météo favorable
2020-02-03,27,20,7,21,27,25,1.9,80,9.5,1019,64.5,28,22,24,176,176,176,0,1,10.2,météo correcte
2020-02-04,26,20,17,20,25,24,0.6,82,9.875,1020,39.125,27,21,23,116,176,353,0,1,10.2,météo favorable
2020-02-05,28,20,17,20,26,25,2.5,84,9.375,1019,73.625,30,22,23,176,176,176,0,1,5.8,météo défavorable
2020-02-06,27,19,23,21,26,25,4,83,9.5,1018,73.25,29,21,23,176,176,353,0,1,5.8,météo défavorable
2020-02-07,26,20,21,21,26,24,2.6,82,9.75,1020,67.125,28,21,23,176,353,353,0,1,7.3,météo défavorable
2020-02-08,25,20,22,21,25,23,1.8,82,9.625,1020,75.625,26,20,22,176,176,176,0,1,5.8,météo défavorable
2020-02-09,25,20,19,20,25,23,0.7,83,10,1020,29.75,27,20,23,116,176,116,0,1,11.6,météo favorable
2020-02-10,25,20,21,21,25,23,2.8,83,9.625,1020,73.5,27,20,23,353,353,353,0,1,5.8,météo défavorable
2020-02-11,26,19,22,20,25,24,2.7,83,9.625,1021,71.375,27,20,22,353,176,176,0,1,5.8,météo défavorable
2020-02-12,27,19,20,20,25,25,2.9,84,9.625,1020,61.125,29,21,22,353,176,176,0,1,7.3,météo correcte
2020-02-13,26,20,24,20,25,24,1.3,80,9.5,1019,74.25,28,21,22,176,176,176,0,1,7.3,météo défavorable
2020-02-14,26,19,21,20,25,24,6.1,83,9.5,1020,76.25,28,21,22,176,176,353,0,1,5.9,météo défavorable
2020-02-15,27,20,16,20,26,25,2.5,82,9.5,1019,66.625,29,22,23,353,176,176,0,1,5.9,météo défavorable
2020-02-16,26,18,18,21,26,24,2.7,82,9.375,1017,73.25,28,21,23,353,176,176,0,1,5.9,météo défavorable
2020-02-17,26,19,19,21,26,24,3,83,9.5,1017,75,27,21,23,176,299,353,0,1,5.9,météo défavorable
2020-02-18,25,20,22,21,25,23,3.5,82,9.625,1019,74.25,27,21,23,176,176,176,0,1,5.9,météo défavorable
2020-02-19,25,20,19,20,25,23,2.8,81,9.25,1019,68.5,27,19,22,176,176,176,0,1,5.9,météo défavorable
2020-02-20,26,20,22,20,25,25,1.6,80,9.75,1018,54.5,28,21,22,353,176,176,0,1,8.7,météo favorable
2020-02-21,26,17,15,20,25,23,0.6,80,9.75,1017,60.25,27,20,22,176,176,116,0,1,7.3,météo correcte
2020-02-22,26,20,10,21,26,24,0.4,73,9.875,1017,28.125,27,20,23,116,116,176,0,1,10.2,météo favorable
2020-02-23,26,20,11,21,25,24,1.1,74,9.75,1016,31.875,27,19,23,116,116,176,0,1,10.2,météo favorable
2020-02-24,24,20,9,21,24,22,12.1,87,8.875,1017,51.375,26,20,22,116,356,356,0,1,7.3,météo correcte
2020-02-25,24,17,14,21,24,22,7.8,86,10,1017,67.875,26,20,22,353,353,353,0,1,7.3,météo défavorable
2020-02-26,26,20,16,21,25,25,5.1,85,9.875,1017,63.75,28,22,23,353,353,176,0,1,7.3,météo correcte
2020-02-27,29,19,10,20,27,28,0.1,77,10,1018,18.125,31,22,23,116,113,113,0,1,11.6,météo idéale
2020-02-28,28,19,12,20,26,26,1,79,9.625,1018,45.625,30,22,23,116,176,176,0,1,8.8,météo favorable
2020-02-29,26,21,12,21,26,24,0.2,74,10,1019,26.25,28,21,23,116,176,116,0,1,10.2,météo favorable
2020-03-01,27,20,8,21,27,24,3.3,80,9.625,1019,71.5,28,20,24,176,176,176,0,6,5.9,météo défavorable
2020-03-02,25,20,12,21,25,23,11.8,87,8.5,1018,74.75,27,20,23,176,356,356,0,5,5.9,météo défavorable
2020-03-03,28,20,18,20,26,26,1.1,80,9.875,1018,73,30,21,23,176,176,176,0,6,6,météo défavorable
2020-03-04,28,20,18,21,27,25,0.5,79,9.875,1019,50,30,21,23,116,176,176,0,7,8.8,météo favorable
2020-03-05,28,20,18,21,27,25,2.4,80,9.5,1020,70.125,30,21,23,176,176,353,0,6,6,météo défavorable
2020-03-06,25,20,14,20,25,23,6.2,84,9.875,1019,51.125,27,20,23,176,353,176,0,6,10.2,météo correcte
2020-03-07,27,20,10,20,27,25,0.9,76,9.625,1017,50.875,28,21,24,116,176,176,0,7,8.8,météo favorable
2020-03-08,25,20,10,21,24,24,9.6,86,9.5,1018,74.375,27,22,23,176,356,353,0,5,6,météo défavorable
2020-03-09,25,20,20,20,24,24,13.3,86,9.125,1021,79.5,27,22,22,353,356,356,0,5,6,météo défavorable
2020-03-10,25,19,18,20,25,23,1.8,78,9.625,1020,60.25,27,19,22,176,176,176,0,5,11.6,météo correcte
2020-03-11,26,19,17,20,26,25,4.3,80,9.5,1017,67.125,28,21,23,176,176,176,0,5,8.8,météo défavorable
2020-03-12,26,20,16,21,26,25,0.2,79,9.875,1014,26.625,28,21,23,116,116,116,0,6,11.6,météo favorable
2020-03-13,26,20,11,21,26,24,19.8,81,8.25,1017,34.125,28,20,24,116,116,359,0,6,10.2,météo très défavorable
2020-03-14,26,17,14,21,26,23,3.5,81,9.875,1018,54.125,27,19,23,116,353,176,0,6,7.4,météo correcte
2020-03-15,24,18,19,19,24,23,0.9,77,9.75,1018,48,26,19,21,176,113,176,0,5,11.6,météo favorable
2020-03-16,25,19,18,19,25,23,2.7,78,9.625,1017,72.875,27,20,22,176,353,176,0,5,6,météo défavorable
2020-03-17,26,20,20,21,26,23,4.2,82,9.375,1017,79.875,27,20,23,176,176,353,0,5,6,météo défavorable
2020-03-18,25,20,15,21,25,23,13.9,83,8.375,1018,71.25,27,20,23,176,356,356,0,5,7.4,météo défavorable
2020-03-19,26,20,18,21,26,23,4.4,83,9.875,1020,67.625,27,19,23,176,176,353,0,5,6,météo défavorable
2020-03-20,25,20,23,21,25,23,1.8,75,9.625,1020,73.125,27,19,23,176,176,176,0,5,6,météo défavorable
2020-03-21,24,16,22,20,24,22,2,78,9.625,1020,62.875,26,18,22,116,116,176,0,5,8.8,météo correcte
2020-03-22,25,19,21,20,25,23,5.5,80,9.75,1019,59.625,27,20,22,353,176,353,0,6,6,météo correcte
2020-03-23,26,20,19,21,25,24,3.9,82,10,1021,75.5,28,21,22,353,353,116,0,5,6.1,météo défavorable
2020-03-24,24,19,15,20,24,23,2.3,83,9.875,1019,68.75,26,20,22,176,353,176,0,5,6.1,météo défavorable
2020-03-25,26,20,16,20,26,23,0.5,76,10,1017,54.375,27,20,23,176,116,116,0,5,10.2,météo favorable
2020-03-26,29,20,8,21,28,26,0.1,70,10,1015,25.25,30,20,25,116,116,116,0,6,11.6,météo favorable
2020-03-27,27,21,6,23,27,23,1.8,79,10,1014,23.875,28,20,23,113,116,353,0,7,10.2,météo favorable
2020-03-28,27,20,19,21,27,24,0.9,76,9.625,1017,58.125,28,20,24,116,176,176,0,6,8.8,météo correcte
2020-03-29,27,20,21,21,27,25,1,76,9.875,1019,67.375,29,22,24,176,176,176,0,6,7.5,météo défavorable
2020-03-30,27,20,18,21,26,25,0.8,75,9.875,1018,66.375,29,21,23,176,176,116,0,6,8.8,météo défavorable
2020-03-31,27,19,15,20,27,25,0.2,74,10,1015,26,28,20,23,116,113,113,0,6,11.6,météo idéale
