DATE,MAX_TEMPERATURE_C,MIN_TEMPERATURE_C,WINDSPEED_MAX_KMH,TEMPERATURE_MORNING_C,TEMPERATURE_NOON_C,TEMPERATURE_EVENING_C,PRECIP_TOTAL_DAY_MM,HUMIDITY_MAX_PERCENT,VISIBILITY_AVG_KM,PRESSURE_MAX_MB,CLOUDCOVER_AVG_PERCENT,HEATINDEX_MAX_C,DEWPOINT_MAX_C,WINDTEMP_MAX_C,WEATHER_CODE_MORNING,WEATHER_CODE_NOON,WEATHER_CODE_EVENING,TOTAL_SNOW_MM,UV_INDEX,SUNHOUR,OPINION
2009-01-01,15,5,12,5,15,7,0.2,69,10,1017,6.5,15,2,4,113,113,113,,,,météo correcte
2009-01-02,16,6,14,6,16,6,0,85,10,1020,1.875,16,3,4,113,113,113,,,,météo correcte
2009-01-03,17,7,14,7,17,7,0,72,10,1019,0.75,17,2,6,113,113,113,,,,météo correcte
2009-01-04,17,7,13,7,17,7,0,65,10,1017,5.625,17,1,6,113,113,113,,,,météo correcte
2009-01-05,15,7,10,7,15,8,0.3,55,10,1016,5.125,15,0,5,113,113,113,,,,météo correcte
2009-01-06,17,6,13,6,17,8,0,49,10,1017,5.625,17,0,4,113,113,113,,,,météo correcte
2009-01-07,17,7,12,7,17,9,0,45,10,1021,2.5,17,0,4,113,113,113,,,,météo correcte
2009-01-08,19,7,12,7,19,9,0,39,10,1023,3,19,0,5,113,113,113,,,,météo favorable
2009-01-09,19,8,13,8,19,10,0,47,10,1023,1.25,19,0,7,113,113,113,,,,météo favorable
2009-01-10,18,9,17,9,18,11,0,48,10,1022,0.375,18,0,7,113,113,113,,,,météo favorable
2009-01-11,18,8,14,8,18,9,0,68,10,1021,0.875,18,3,7,113,113,113,,,,météo favorable
2009-01-12,18,8,15,8,18,9,0,72,10,1022,0.5,18,5,7,113,113,113,,,,météo favorable
2009-01-13,18,8,14,8,18,9,0,75,10,1023,0.125,18,5,7,113,113,113,,,,météo favorable
2009-01-14,19,8,14,8,19,8,0,72,10,1023,5,19,3,7,113,113,113,,,,météo favorable
2009-01-15,21,8,13,9,21,8,0,74,10,1023,2.625,21,3,8,113,113,113,,,,météo favorable
2009-01-16,21,6,13,6,21,8,0,65,10,1022,16.125,21,2,6,113,113,113,,,,météo favorable
2009-01-17,21,8,13,8,21,10,0,46,10,1021,22.625,21,0,6,113,116,116,,,,météo favorable
2009-01-18,22,11,16,11,22,13,0,31,10,1020,1.625,22,0,10,113,113,113,,,,météo favorable
2009-01-19,22,11,15,11,22,13,0,39,10,1018,0,22,0,10,113,113,113,,,,météo favorable
2009-01-20,22,12,16,12,22,13,0,49,10,1016,0,22,2,11,113,113,113,,,,météo favorable
2009-01-21,21,8,13,11,21,8,0,80,10,1017,9.125,22,5,8,113,113,113,,,,météo favorable
2009-01-22,21,7,15,7,21,10,0,82,10,1017,7.625,21,7,7,113,113,113,,,,météo favorable
2009-01-23,22,11,15,11,22,13,0,78,10,1016,0.25,23,9,10,113,113,113,,,,météo favorable
2009-01-24,21,9,13,11,21,9,0,82,10,1016,16.625,23,6,9,113,113,116,,,,météo favorable
2009-01-25,19,8,12,8,19,13,0,71,10,1016,21.625,19,6,8,113,116,113,,,,météo favorable
2009-01-26,22,12,19,12,22,14,0,40,10,1015,0.875,22,1,11,113,113,113,,,,météo favorable
2009-01-27,21,12,17,12,21,13,0,45,10,1016,0,22,1,11,113,113,113,,,,météo favorable
2009-01-28,20,11,16,11,20,11,0,67,10,1015,0,20,6,9,113,113,113,,,,météo favorable
2009-01-29,20,10,14,10,20,10,0,65,10,1018,2.875,20,3,8,113,113,113,,,,météo favorable
2009-01-30,22,11,17,11,22,12,0,44,10,1016,1.375,22,0,10,113,113,113,,,,météo favorable
2009-01-31,21,11,14,11,21,11,0,37,10,1015,0,22,0,10,113,113,113,,,,météo favorable
2009-02-01,21,8,13,8,21,10,0,51,10,1017,0.875,22,1,6,113,113,113,,,,météo favorable
2009-02-02,19,8,15,8,19,10,0,64,10,1017,2.25,19,3,6,113,113,113,,,,météo favorable
2009-02-03,19,9,15,9,19,11,0,68,10,1018,0,19,5,7,113,113,113,,,,météo favorable
2009-02-04,19,8,15,8,19,10,0,72,10,1018,1.125,19,5,7,113,113,113,,,,météo favorable
2009-02-05,21,10,15,10,21,12,0,55,10,1018,0.125,22,3,8,113,113,113,,,,météo favorable
2009-02-06,22,11,16,11,22,12,0,48,10,1018,0,22,2,9,113,113,113,,,,météo favorable
2009-02-07,21,11,16,11,21,12,0,48,10,1018,0,22,2,9,113,113,113,,,,météo favorable
2009-02-08,21,11,16,11,21,12,0,65,10,1019,0,22,6,10,113,113,113,,,,météo favorable
2009-02-09,22,11,15,11,22,13,0,71,10,1020,0,22,8,9,113,113,113,,,,météo favorable
2009-02-10,23,12,14,12,23,13,0,62,10,1018,0,23,6,10,113,113,113,,,,météo favorable
2009-02-11,21,11,12,11,21,14,0.3,28,10,1018,10.5,21,0,10,113,113,113,,,,météo favorable
2009-02-12,21,10,15,10,21,14,0.4,40,10,1015,0.75,22,0,9,113,113,113,,,,météo favorable
2009-02-13,22,11,16,11,22,11,0,58,10,1016,2.75,22,3,10,113,113,113,,,,météo favorable
2009-02-14,24,12,15,12,24,14,0,37,10,1016,4.5,23,0,10,113,113,113,,,,météo favorable
2009-02-15,23,11,14,11,23,13,0,31,10,1016,0,23,0,10,113,113,113,,,,météo favorable
2009-02-16,23,11,13,11,23,14,0,35,10,1019,0,23,0,9,113,113,113,,,,météo favorable
2009-02-17,23,12,16,12,23,15,0,31,10,1018,0,23,0,11,113,113,113,,,,météo favorable
2009-02-18,23,12,16,12,23,14,0,33,10,1018,0.625,23,0,11,113,113,113,,,,météo favorable
2009-02-19,22,12,15,12,22,14,0,37,10,1016,0,22,0,10,113,113,113,,,,météo favorable
2009-02-20,23,11,15,11,23,15,0,29,10,1019,1,23,0,10,113,113,113,,,,météo favorable
2009-02-21,22,12,20,12,22,15,0,20,10,1018,0.625,22,0,10,113,113,113,,,,météo favorable
2009-02-22,21,10,16,10,21,14,0,26,10,1012,2.25,21,0,8,113,113,113,,,,météo favorable
2009-02-23,22,11,14,11,22,13,0,34,10,1012,5.875,22,0,9,113,113,113,,,,météo favorable
2009-02-24,22,11,15,11,22,14,0,39,10,1011,3.125,22,0,10,113,113,113,,,,météo favorable
2009-02-25,21,10,15,10,21,15,0.2,43,10,1010,4.625,21,3,9,113,113,113,,,,météo favorable
2009-02-26,22,11,15,11,22,14,0,39,10,1012,2,22,1,9,113,113,113,,,,météo favorable
2009-02-27,21,10,16,10,21,14,0,30,10,1013,0.375,21,0,9,113,113,113,,,,météo favorable
2009-02-28,20,9,15,9,20,13,0,32,10,1012,0,20,0,7,113,113,113,,,,météo favorable
2009-03-01,21,8,17,8,21,12,0,44,10,1013,2.5,21,1,6,113,113,113,,,,météo favorable
2009-03-02,21,8,16,8,21,14,0,57,10,1014,2.125,22,5,8,113,113,113,,,,météo favorable
2009-03-03,23,10,16,10,23,15,0,64,10,1014,4.375,24,8,9,113,113,113,,,,météo favorable
2009-03-04,23,12,17,12,23,17,0,55,10,1012,3.5,24,6,12,113,113,113,,,,météo favorable
2009-03-05,25,14,16,14,25,18,0,37,10,1011,4,24,3,13,113,113,113,,,,météo favorable
2009-03-06,26,15,17,15,26,19,0,41,10,1013,0,24,5,14,113,113,113,,,,météo idéale
2009-03-07,26,15,16,15,26,19,0,22,10,1015,0,24,0,14,113,113,113,,,,météo idéale
2009-03-08,26,15,15,15,26,19,0,24,10,1017,0.5,25,0,13,113,113,113,,,,météo idéale
2009-03-09,26,15,13,15,26,18,0,17,10,1018,2,24,0,13,113,113,113,,,,météo idéale
2009-03-10,25,14,17,14,25,18,0,14,10,1018,0.375,24,0,13,113,113,113,,,,météo favorable
2009-03-11,23,11,19,11,23,16,0,19,10,1017,0,22,0,10,113,113,113,,,,météo favorable
2009-03-12,27,13,16,13,27,18,0,18,10,1018,0,25,0,11,113,113,113,,,,météo favorable
2009-03-13,25,13,15,13,25,18,0,24,10,1022,15.25,24,0,12,116,113,113,,,,météo favorable
2009-03-14,27,14,14,14,27,16,0,23,10,1021,4.375,25,0,13,113,113,113,,,,météo favorable
2009-03-15,26,14,12,14,26,17,0,24,10,1017,26.75,25,0,13,116,113,113,,,,météo favorable
2009-03-16,26,14,12,14,26,19,0,24,10,1017,1.625,25,0,13,113,113,113,,,,météo favorable
2009-03-17,25,13,12,13,25,20,0,33,10,1017,2.375,24,3,12,113,113,113,,,,météo favorable
2009-03-18,26,14,12,14,26,20,0,32,10,1015,1.75,25,2,12,113,113,113,,,,météo favorable
2009-03-19,25,13,11,13,25,18,0.4,35,10,1016,3.75,24,3,12,113,113,113,,,,météo favorable
2009-03-20,23,13,10,13,23,18,1.4,41,10,1015,6.375,24,5,12,113,113,113,,,,météo favorable
2009-03-21,24,12,12,12,24,17,3.9,42,9.375,1015,28.625,24,4,11,176,176,176,,,,météo favorable
2009-03-22,24,15,12,15,24,18,5.3,52,9.5,1016,14.5,24,7,14,176,113,113,,,,météo favorable
2009-03-23,23,13,13,13,23,18,0.4,50,10,1017,6.375,24,8,12,113,113,113,,,,météo favorable
2009-03-24,25,14,12,14,25,19,0.2,40,10,1016,4,24,5,13,113,113,113,,,,météo favorable
2009-03-25,24,14,13,14,24,19,0.6,43,9.875,1016,7.875,24,6,13,113,113,113,,,,météo favorable
2009-03-26,24,12,12,12,24,17,1.1,27,10,1014,13.375,23,0,11,113,113,113,,,,météo favorable
2009-03-27,22,13,14,13,22,17,3.2,54,9.75,1015,12.5,24,8,12,113,113,176,,,,météo favorable
2009-03-28,22,13,14,13,22,16,4.8,62,9.375,1015,23.5,24,9,13,116,176,176,,,,météo favorable
2009-03-29,24,14,15,14,24,18,2,57,9.625,1014,9.75,24,9,13,113,113,176,,,,météo favorable
2009-03-30,24,13,16,13,24,18,1.4,51,9.625,1013,11,24,8,12,113,113,176,,,,météo favorable
2009-03-31,22,13,15,13,22,18,0.4,45,10,1011,4.25,23,6,12,113,113,113,,,,météo favorable
2009-04-01,26,13,15,13,26,20,0,45,10,1014,2.125,25,7,12,113,113,113,,,,météo favorable
2009-04-02,25,14,15,14,25,20,0.2,51,10,1014,7.875,25,10,13,113,113,113,,,,météo favorable
2009-04-03,24,14,14,14,24,20,1.3,60,9.75,1013,12,25,12,14,113,113,176,,,,météo favorable
2009-04-04,27,16,15,16,27,21,0.6,52,10,1013,6.25,26,10,16,113,113,113,,,,météo idéale
2009-04-05,27,16,16,16,27,22,0.1,52,10,1015,10,26,12,16,113,113,113,,,,météo idéale
2009-04-06,27,16,15,16,27,22,0,46,10,1014,9.75,26,9,16,113,113,113,,,,météo idéale
2009-04-07,27,17,16,17,27,23,0,22,10,1012,6,25,0,17,113,113,113,,,,météo idéale
2009-04-08,27,16,17,16,27,20,0,25,10,1014,10,25,0,15,113,113,113,,,,météo idéale
2009-04-09,27,16,15,16,27,21,0,28,10,1014,7,25,2,15,113,113,113,,,,météo idéale
2009-04-10,26,15,16,15,26,23,0,25,10,1014,0.625,24,2,14,113,113,113,,,,météo idéale
2009-04-11,28,16,18,16,28,24,0,32,10,1014,0.25,26,6,15,113,113,113,,,,météo idéale
2009-04-12,29,18,15,18,29,25,0,30,10,1013,0.25,27,6,17,113,113,113,,,,météo idéale
2009-04-13,27,16,13,16,27,24,1.7,44,10,1012,7,26,11,15,113,113,113,,,,météo idéale
2009-04-14,28,19,15,19,28,24,0.7,46,10,1011,9.125,27,12,19,113,113,113,,,,météo idéale
2009-04-15,30,18,14,18,30,25,0.9,44,9.875,1012,8.25,28,12,18,113,113,113,,,,météo idéale
2009-04-16,31,20,14,20,31,26,0.4,32,10,1011,2.875,29,8,20,113,113,113,,,,météo idéale
2009-04-17,29,19,20,19,29,26,0,23,10,1009,2.75,27,2,19,113,113,113,,,,météo idéale
2009-04-18,30,19,17,19,30,27,0,28,10,1009,0,28,3,19,113,113,113,,,,météo idéale
2009-04-19,30,18,16,18,30,27,0,29,10,1009,0.5,28,7,18,113,113,113,,,,météo idéale
2009-04-20,30,19,17,19,30,26,0,37,10,1009,3.125,28,10,19,113,113,113,,,,météo idéale
2009-04-21,30,19,17,19,30,24,0.1,44,10,1007,3.75,28,11,19,113,113,113,,,,météo idéale
2009-04-22,31,19,18,19,31,27,0.1,24,10,1010,0.625,28,5,19,113,113,113,,,,météo idéale
2009-04-23,30,20,18,20,30,27,0,22,10,1012,0.125,28,0,20,113,113,113,,,,météo idéale
2009-04-24,31,19,16,19,31,27,0,13,10,1014,0,29,0,19,113,113,113,,,,météo idéale
2009-04-25,32,19,14,19,32,27,0,10,10,1015,0.125,30,0,18,113,113,113,,,,météo idéale
2009-04-26,31,20,15,20,31,26,0,7,10,1015,4.125,29,0,20,113,113,113,,,,météo idéale
2009-04-27,31,18,16,18,31,26,0,14,10,1014,0,29,0,17,113,113,113,,,,météo idéale
2009-04-28,31,19,16,19,31,28,0,20,10,1014,0,29,2,19,113,113,113,,,,météo idéale
2009-04-29,31,20,15,20,31,27,0,34,10,1015,1.625,29,9,20,113,113,113,,,,météo idéale
2009-04-30,31,19,17,19,31,25,1.6,49,9.875,1012,6.375,29,14,19,113,113,176,,,,météo idéale
2009-05-01,29,20,15,20,29,23,5.7,71,9.625,1012,9.375,29,18,20,113,113,356,,,,météo favorable
2009-05-02,28,18,15,18,28,23,3.7,68,9.875,1014,11.5,28,17,18,113,113,386,,,,météo favorable
2009-05-03,30,18,15,18,30,23,3.3,46,9.75,1015,6,28,11,18,113,113,113,,,,météo favorable
2009-05-04,29,18,14,18,29,25,0.4,42,10,1014,5.875,27,11,18,113,113,113,,,,météo idéale
2009-05-05,29,18,15,18,29,25,1,42,10,1013,5.5,28,11,18,113,113,113,,,,météo idéale
2009-05-06,31,20,21,20,31,28,0.5,28,10,1011,0.375,29,6,20,113,113,113,,,,météo idéale
2009-05-07,31,20,15,20,31,28,0,17,10,1011,0,29,1,20,113,113,113,,,,météo idéale
2009-05-08,31,20,16,20,31,28,0,18,10,1010,0,29,0,20,113,113,113,,,,météo idéale
2009-05-09,30,19,17,19,30,25,0.2,23,10,1009,5.25,28,2,19,113,113,113,,,,météo idéale
2009-05-10,29,19,15,19,29,24,1.1,34,9.875,1009,6.625,27,7,19,113,113,113,,,,météo idéale
2009-05-11,24,14,12,14,24,17,12.1,78,8.375,1011,26.25,23,14,13,299,113,299,,,,météo correcte
2009-05-12,24,13,14,13,24,19,11.5,78,9.125,1011,22.875,25,15,12,299,176,386,,,,météo correcte
2009-05-13,22,15,13,15,22,20,8.6,74,8.875,1011,25,25,13,15,176,176,176,,,,météo correcte
2009-05-14,24,15,14,15,24,20,8.9,79,9.125,1009,14.875,25,17,14,113,386,356,,,,météo correcte
2009-05-15,23,14,10,14,23,21,10.8,73,8.875,1011,19.75,25,16,14,113,176,356,,,,météo correcte
2009-05-16,23,15,10,15,22,21,5.1,73,9.5,1012,16.875,25,15,15,176,176,113,,,,météo favorable
2009-05-17,26,16,14,16,26,22,3.8,77,9.625,1013,16.5,26,17,16,113,113,176,,,,météo favorable
2009-05-18,27,17,16,17,27,23,10.8,82,9.125,1011,17,28,20,17,113,113,356,,,,météo correcte
2009-05-19,29,19,15,19,29,25,4.5,73,9.875,1013,9.875,30,20,19,113,113,386,,,,météo favorable
2009-05-20,27,18,14,18,27,23,19.7,83,8.25,1011,15.875,29,20,18,113,176,359,,,,météo très défavorable
2009-05-21,27,17,13,17,27,23,19.5,82,8.875,1011,14,27,17,17,305,113,113,,,,météo très défavorable
2009-05-22,26,18,13,18,26,22,5.2,81,9.25,1010,15.875,27,19,18,113,176,356,,,,météo favorable
2009-05-23,27,17,13,17,27,23,4.6,72,9.5,1010,13.25,27,18,17,113,113,356,,,,météo favorable
2009-05-24,26,18,13,18,26,24,2.1,67,9.75,1008,9.375,27,17,18,113,176,113,,,,météo favorable
2009-05-25,16,14,12,14,15,15,42.9,83,7,1006,68.375,16,13,14,263,308,308,,,,météo très défavorable
2009-05-26,18,14,10,14,15,18,83.5,90,6.625,1006,50.75,18,15,14,308,308,176,,,,météo très défavorable
2009-05-27,25,16,12,16,25,21,1.5,75,9.75,1008,9,26,17,15,113,113,176,,,,météo idéale
2009-05-28,26,16,11,16,26,22,2.7,73,9.75,1009,14.875,26,17,16,113,113,176,,,,météo idéale
2009-05-29,27,16,13,16,27,23,0.9,61,9.875,1011,10.625,27,15,16,113,113,176,,,,météo idéale
2009-05-30,28,18,12,18,28,24,0.1,55,10,1010,9.25,27,14,18,113,113,113,,,,météo idéale
2009-05-31,27,17,13,17,27,22,3,72,9.375,1009,18.875,27,17,17,176,113,176,,,,météo favorable
2009-06-01,27,15,15,15,27,23,0.8,67,9.875,1008,13.75,27,16,16,113,113,176,,,,météo idéale
2009-06-02,28,18,14,18,28,24,0.8,61,9.875,1006,14.25,28,16,18,113,113,176,,,,météo idéale
2009-06-03,28,18,15,18,28,24,1,71,9.375,1007,27.25,29,18,18,113,113,263,,,,météo idéale
2009-06-04,28,19,14,19,28,24,13,84,8.625,1006,19.625,29,21,19,113,176,359,,,,météo défavorable
2009-06-05,27,18,11,18,27,24,15.3,81,8.625,1005,21.875,29,20,18,176,176,356,,,,météo défavorable
2009-06-06,27,18,12,18,27,23,10.6,80,8.5,1004,19.75,29,20,18,176,176,356,,,,météo correcte
2009-06-07,29,18,16,18,29,26,0.3,62,10,1003,6.25,29,15,18,113,113,113,,,,météo idéale
2009-06-08,31,20,17,20,30,28,0,33,10,1005,0.75,29,11,20,113,113,113,,,,météo idéale
2009-06-09,31,20,15,20,31,29,0,27,10,1008,0,29,8,20,113,113,113,,,,météo idéale
2009-06-10,31,20,15,20,31,27,0,35,10,1009,1,29,10,20,113,113,113,,,,météo idéale
2009-06-11,30,19,13,19,30,25,0.2,50,10,1009,5.875,29,14,19,113,113,113,,,,météo idéale
2009-06-12,28,18,13,18,28,23,0.9,63,9.75,1009,14.625,28,15,18,113,113,176,,,,météo idéale
2009-06-13,28,19,13,19,28,24,0.6,61,9.875,1010,12.875,29,16,19,113,113,176,,,,météo idéale
2009-06-14,27,18,10,18,27,23,7.8,73,9.125,1010,18.625,28,19,18,113,176,356,,,,météo favorable
2009-06-15,30,19,15,19,30,27,0.3,58,10,1008,8.25,30,15,19,113,113,113,,,,météo idéale
2009-06-16,32,21,15,21,32,29,0,37,10,1007,2.375,31,12,21,113,113,113,,,,météo idéale
2009-06-17,32,21,15,21,32,27,0,45,10,1008,4.625,30,14,21,113,113,113,,,,météo idéale
2009-06-18,32,21,16,21,32,28,0,42,10,1007,4,31,13,21,113,113,113,,,,météo idéale
2009-06-19,33,21,15,21,33,28,0,41,10,1006,4.875,31,13,21,113,113,113,,,,météo idéale
2009-06-20,32,21,15,21,32,27,0.1,53,10,1007,9.75,31,17,21,113,113,113,,,,météo idéale
2009-06-21,31,20,14,20,31,27,0.3,59,10,1007,13,31,17,20,113,113,113,,,,météo idéale
2009-06-22,30,20,12,20,29,27,0.9,66,9.75,1005,18.125,31,18,20,113,116,176,,,,météo favorable
2009-06-23,29,20,13,20,29,26,1.3,64,9.125,1006,25.875,30,18,20,113,116,176,,,,météo favorable
2009-06-24,28,19,14,19,28,26,3.5,75,9.625,1007,32.875,30,19,19,116,176,176,,,,météo favorable
2009-06-25,27,19,10,19,27,25,16.2,80,8.5,1007,27.625,29,21,19,113,176,359,,,,météo très défavorable
2009-06-26,27,20,9,20,27,24,13.9,82,8.875,1007,37.5,30,21,20,116,176,356,,,,météo défavorable
2009-06-27,26,20,8,20,26,24,14.6,85,8.375,1006,57.75,28,21,20,353,353,356,,,,météo défavorable
2009-06-28,24,20,11,20,24,23,20,90,8.875,1006,43.5,26,22,20,353,356,356,,,,météo très défavorable
2009-06-29,24,19,8,19,21,23,115.3,96,7.875,1005,42.5,26,22,19,299,305,299,,,,météo très défavorable
2009-06-30,24,19,9,19,24,23,10.8,95,8.5,1005,54.75,26,22,19,353,293,299,,,,météo correcte
2009-07-01,26,18,12,18,26,22,13.3,96,7.75,1005,39.875,28,22,18,113,176,356,,,,météo défavorable
2009-07-02,27,18,13,18,27,23,9.8,89,9,1005,29.125,28,21,18,176,176,356,,,,météo correcte
2009-07-03,28,19,15,19,28,23,2.3,85,9.625,1005,16,29,20,19,113,113,176,,,,météo idéale
2009-07-04,27,19,14,19,27,23,5.1,87,9.625,1006,16.625,28,21,19,113,113,176,,,,météo favorable
2009-07-05,26,18,13,18,26,23,3.5,88,8.875,1006,35.75,28,21,18,176,113,176,,,,météo favorable
2009-07-06,27,19,11,19,27,24,14.7,92,7,1006,43.5,29,22,19,143,176,356,,,,météo défavorable
2009-07-07,26,19,12,19,26,23,23.7,96,8,1007,47.375,29,22,19,176,176,359,,,,météo très défavorable
2009-07-08,28,19,13,19,28,23,13,95,9.125,1007,45.5,30,22,19,176,176,356,,,,météo défavorable
2009-07-09,25,20,11,20,25,23,17.8,94,6.25,1008,64.875,27,22,20,143,356,356,,,,météo très défavorable
2009-07-10,24,21,12,21,24,23,15.6,91,8,1009,51.5,26,21,21,176,176,356,,,,météo défavorable
2009-07-11,25,19,10,19,25,23,6.8,92,8.625,1007,57.375,27,21,19,263,353,296,,,,météo correcte
2009-07-12,25,21,10,21,25,23,16.2,91,7.5,1005,59.875,28,22,21,263,353,359,,,,météo très défavorable
2009-07-13,27,20,13,20,26,25,6.4,84,9.375,1004,35.5,29,21,20,176,353,176,,,,météo correcte
2009-07-14,27,20,11,20,27,24,18,90,8.5,1005,29.875,30,23,20,113,176,359,,,,météo très défavorable
2009-07-15,25,20,12,20,25,23,17.2,91,8.5,1005,35.875,27,22,20,176,356,356,,,,météo très défavorable
2009-07-16,25,18,10,18,25,23,13.1,91,8.5,1005,42.75,27,22,18,113,356,356,,,,météo défavorable
2009-07-17,26,22,12,22,26,24,18.9,91,9,1006,61.875,28,22,22,353,353,356,,,,météo très défavorable
2009-07-18,26,19,9,19,26,24,17.6,90,8.5,1006,40.125,29,23,19,176,356,356,,,,météo très défavorable
2009-07-19,28,20,11,20,28,24,14.2,91,8.625,1006,32.5,30,23,20,176,176,356,,,,météo défavorable
2009-07-20,25,19,8,19,25,23,23.3,94,8.625,1005,35.625,28,22,19,176,356,299,,,,météo très défavorable
2009-07-21,25,19,10,19,25,23,19.3,95,8.375,1007,42,27,22,19,113,356,356,,,,météo très défavorable
2009-07-22,25,19,11,19,24,23,15.3,91,8.5,1007,38.125,27,22,19,176,299,356,,,,météo défavorable
2009-07-23,25,18,12,18,25,23,15.5,93,6.625,1008,37.5,27,22,18,143,356,356,,,,météo défavorable
2009-07-24,25,19,10,19,25,24,19.6,94,8.875,1008,57.375,28,23,19,353,356,356,,,,météo très défavorable
2009-07-25,25,19,10,19,25,23,17.5,93,8,1007,55.25,27,23,19,176,356,356,,,,météo très défavorable
2009-07-26,25,19,9,19,25,23,39.3,97,7.375,1005,68.875,28,23,19,353,353,359,,,,météo très défavorable
2009-07-27,22,20,11,20,20,21,142.7,96,6.25,1003,55.125,23,20,20,305,305,299,,,,météo très défavorable
2009-07-28,22,19,16,19,20,21,64.8,96,6.875,1005,64.125,24,20,19,308,305,299,,,,météo très défavorable
2009-07-29,22,18,9,18,22,20,58.9,94,7.625,1006,50.5,25,20,18,305,299,299,,,,météo très défavorable
2009-07-30,21,17,10,17,20,20,62.3,98,7.5,1005,61.25,21,20,17,356,299,305,,,,météo très défavorable
2009-07-31,24,18,10,18,24,22,21.9,99,8.625,1005,70.875,27,22,18,353,176,359,,,,météo très défavorable
2009-08-01,25,19,10,19,25,22,22.4,98,8.125,1005,69.75,27,23,19,353,176,359,,,,météo très défavorable
2009-08-02,26,19,11,19,26,22,23.3,98,6.25,1006,57.125,29,23,19,176,353,359,,,,météo très défavorable
2009-08-03,25,18,6,18,25,22,10.2,98,6.625,1005,61.125,28,22,18,263,176,296,,,,météo correcte
2009-08-04,26,19,10,19,26,23,17.8,98,6.375,1004,57.375,29,23,19,266,176,359,,,,météo très défavorable
2009-08-05,25,20,12,20,25,23,37.1,98,7.375,1004,68.625,28,23,20,299,356,359,,,,météo très défavorable
2009-08-06,22,18,10,18,21,22,54,96,7.5,1006,73,25,21,18,299,305,299,,,,météo très défavorable
2009-08-07,26,18,8,18,26,23,29.7,97,8,1006,58.5,28,23,18,302,293,356,,,,météo très défavorable
2009-08-08,26,18,11,18,26,23,9.5,97,8.75,1005,50,28,22,18,263,176,356,,,,météo correcte
2009-08-09,25,18,11,18,25,23,22.7,97,8.375,1005,53.25,28,23,18,356,176,356,,,,météo très défavorable
2009-08-10,27,19,11,19,27,23,12.2,96,7.125,1006,55,29,23,19,143,176,356,,,,météo correcte
2009-08-11,27,20,9,20,27,24,20.4,95,8,1009,50.25,30,24,20,176,356,359,,,,météo très défavorable
2009-08-12,24,19,9,19,23,22,26.9,98,8.625,1009,81.375,26,23,19,299,353,356,,,,météo très défavorable
2009-08-13,23,20,10,20,23,22,27.9,99,7.875,1008,89.875,25,22,20,353,356,359,,,,météo très défavorable
2009-08-14,23,19,11,19,23,21,20.9,98,7.75,1010,70.25,25,22,19,176,293,356,,,,météo très défavorable
2009-08-15,25,17,14,17,25,21,17.9,97,6.25,1011,47.5,27,21,17,143,353,359,,,,météo très défavorable
2009-08-16,23,18,16,18,23,20,18.3,97,7.25,1010,47.25,25,21,18,113,176,359,,,,météo très défavorable
2009-08-17,25,18,12,18,25,21,24.3,98,8.125,1011,65.125,27,21,18,302,176,356,,,,météo très défavorable
2009-08-18,22,19,6,19,21,21,75.6,96,6.375,1010,50.875,25,21,19,305,305,293,,,,météo très défavorable
2009-08-19,25,18,11,18,25,22,10.3,96,9,1010,41,27,22,18,293,176,356,,,,météo correcte
2009-08-20,26,17,12,17,26,21,8.3,96,9.5,1010,33.75,27,20,17,113,113,356,,,,météo correcte
2009-08-21,26,16,15,16,26,21,9.9,97,8.875,1009,36.875,28,21,17,113,113,356,,,,météo correcte
2009-08-22,24,17,9,17,24,21,24.2,97,7.625,1007,51.375,26,21,17,176,176,359,,,,météo très défavorable
2009-08-23,24,18,10,18,24,21,29.8,98,7.375,1008,50.75,26,22,18,356,356,359,,,,météo très défavorable
2009-08-24,22,17,12,17,22,20,7.9,96,7.875,1010,38.125,24,20,17,116,176,299,,,,météo favorable
2009-08-25,23,17,7,17,23,21,7.2,96,8,1011,60.375,25,20,17,263,293,353,,,,météo correcte
2009-08-26,24,17,9,17,24,21,15.8,97,8.25,1010,50.125,26,21,17,293,176,356,,,,météo défavorable
2009-08-27,24,16,12,16,24,21,12.8,95,8.625,1011,54.75,26,21,16,176,353,356,,,,météo correcte
2009-08-28,24,18,13,18,24,21,13,95,8.75,1012,46.875,26,21,18,176,176,356,,,,météo défavorable
2009-08-29,24,17,10,17,24,22,14.8,97,7.375,1012,53.875,27,21,17,263,353,356,,,,météo défavorable
2009-08-30,23,18,8,18,23,22,24.3,97,7,1012,68.375,26,22,18,353,356,359,,,,météo très défavorable
2009-08-31,23,19,5,19,22,21,30.3,96,8.125,1012,43.375,26,21,19,305,308,176,,,,météo très défavorable
2009-09-01,26,17,10,17,26,22,4.3,95,9.5,1013,33.75,28,21,17,176,176,353,,,,météo favorable
2009-09-02,26,17,10,17,26,22,8.8,96,8.375,1010,51.5,27,21,17,353,176,356,,,,météo correcte
2009-09-03,25,17,11,17,25,23,9.6,92,8.75,1010,33.125,27,21,17,176,176,356,,,,météo correcte
2009-09-04,27,18,12,18,27,22,9.6,96,9,1009,26,28,21,18,176,113,356,,,,météo correcte
2009-09-05,25,16,9,16,24,21,11,93,8.25,1008,41.5,26,20,16,353,176,176,,,,météo correcte
2009-09-06,23,17,10,17,23,20,12,95,8.875,1005,46.625,24,19,17,176,176,299,,,,météo correcte
2009-09-07,24,17,12,17,24,21,31.1,98,7.75,1007,53.125,26,21,17,299,176,359,,,,météo très défavorable
2009-09-08,24,17,9,17,24,21,18.9,97,8.25,1010,47.125,26,21,17,176,356,356,,,,météo très défavorable
2009-09-09,23,18,17,18,23,20,27.1,96,8.375,1011,51.375,25,21,18,353,356,356,,,,météo très défavorable
2009-09-10,22,17,8,17,22,21,17.3,96,7.5,1012,60.25,25,20,17,299,296,356,,,,météo très défavorable
2009-09-11,24,15,8,15,24,21,12.1,97,7.125,1013,50.375,26,21,15,143,356,356,,,,météo correcte
2009-09-12,24,16,12,16,24,21,10.6,97,7.125,1013,34.625,26,21,16,143,176,356,,,,météo correcte
2009-09-13,25,16,12,16,25,21,6.9,97,7,1013,41.375,27,21,16,143,176,356,,,,météo favorable
2009-09-14,26,17,12,17,26,21,5.6,96,7.5,1013,24.125,27,21,17,143,113,356,,,,météo favorable
2009-09-15,25,16,13,16,25,21,7.2,96,7.25,1011,27.125,27,20,16,143,176,356,,,,météo favorable
2009-09-16,26,16,13,16,26,21,7.8,98,9.375,1011,25.75,27,20,16,113,113,356,,,,météo favorable
2009-09-17,26,16,13,16,26,21,8.3,98,8.375,1013,30.875,27,21,16,113,176,356,,,,météo correcte
2009-09-18,25,15,13,15,25,21,4.7,97,7.75,1013,31,27,20,16,143,176,353,,,,météo favorable
2009-09-19,25,15,14,15,25,20,5.6,97,8.5,1013,25.875,26,20,16,113,113,356,,,,météo favorable
2009-09-20,23,14,10,14,23,20,10.4,98,6.25,1013,41.625,25,20,14,143,176,356,,,,météo correcte
2009-09-21,23,15,8,15,23,19,6.4,96,8.75,1014,40.875,25,19,15,263,353,353,,,,météo correcte
2009-09-22,23,15,9,15,23,19,10,98,8.875,1013,33.875,25,20,15,176,176,356,,,,météo correcte
2009-09-23,23,15,11,15,23,20,8.6,97,9.375,1011,36.5,25,20,15,113,176,356,,,,météo correcte
2009-09-24,23,15,11,15,23,20,11.9,97,8,1012,33.75,25,20,15,143,176,356,,,,météo correcte
2009-09-25,24,14,12,14,24,20,12.3,97,6.625,1012,42.25,26,20,14,248,176,356,,,,météo correcte
2009-09-26,26,16,13,16,26,21,18.6,98,8.5,1014,39.375,27,21,16,353,386,359,,,,météo très défavorable
2009-09-27,27,17,13,17,27,21,10.8,96,8.125,1013,24.375,29,22,17,113,113,356,,,,météo correcte
2009-09-28,28,18,12,18,28,20,4.3,92,9.625,1012,11.875,29,19,18,113,113,176,,,,météo favorable
2009-09-29,26,16,9,16,26,20,9.8,96,8.5,1012,19.375,28,19,17,176,176,356,,,,météo correcte
2009-09-30,27,17,9,17,27,20,9.1,93,9,1012,17,28,18,17,113,113,176,,,,météo correcte
2009-10-01,27,16,9,16,27,20,6.8,95,9.25,1014,21.375,28,19,17,176,113,353,,,,météo favorable
2009-10-02,26,17,13,17,26,19,4.4,95,9.5,1015,15.125,27,20,17,113,113,176,,,,météo favorable
2009-10-03,23,16,8,16,23,19,8.8,97,9.125,1014,29.625,25,20,16,176,176,356,,,,météo correcte
2009-10-04,23,15,7,15,22,18,5,95,8.5,1013,36.625,24,18,15,293,293,176,,,,météo correcte
2009-10-05,25,15,12,15,25,19,1.8,97,9.625,1013,24.875,26,19,15,113,113,353,,,,météo idéale
2009-10-06,21,15,6,15,21,18,13.2,92,9.125,1012,38.625,23,18,16,116,176,299,,,,météo défavorable
2009-10-07,20,15,12,15,19,19,60.8,97,6.5,1010,53.5,20,19,15,305,359,305,,,,météo très défavorable
2009-10-08,17,15,9,15,16,16,55.9,96,7.625,1008,52.5,17,16,14,305,305,293,,,,météo très défavorable
2009-10-09,24,15,15,15,24,16,1,88,10,1011,4.25,25,15,14,113,113,113,,,,météo idéale
2009-10-10,24,15,13,15,24,15,0.5,89,9.875,1014,4.125,25,14,13,113,113,176,,,,météo idéale
2009-10-11,23,14,12,14,23,15,0.9,92,9.875,1015,6.625,25,15,13,113,113,176,,,,météo favorable
2009-10-12,23,13,12,13,23,15,0.4,90,9.875,1016,5.375,25,13,12,113,113,176,,,,météo favorable
2009-10-13,24,15,13,15,24,15,0,85,10,1017,2.5,25,13,14,113,113,113,,,,météo idéale
2009-10-14,24,14,12,14,24,15,0.8,94,9.75,1017,9,25,15,13,113,113,176,,,,météo favorable
2009-10-15,24,15,12,15,24,15,0.5,93,10,1017,7.375,25,15,14,113,113,113,,,,météo idéale
2009-10-16,24,15,13,15,24,15,0.4,94,9.875,1017,6.875,25,15,14,113,113,176,,,,météo idéale
2009-10-17,24,15,14,15,24,15,0.3,90,10,1015,4.5,25,14,14,113,113,113,,,,météo idéale
2009-10-18,24,15,12,15,24,15,0.2,92,9.875,1013,6,25,14,14,113,113,176,,,,météo idéale
2009-10-19,23,14,12,14,23,14,0.4,93,9,1014,5.75,24,13,13,113,113,143,,,,météo favorable
2009-10-20,22,14,13,14,22,15,0.1,90,9,1015,3.75,24,13,13,113,113,143,,,,météo favorable
2009-10-21,23,14,13,14,23,14,0,90,10,1017,1.875,24,12,13,113,113,113,,,,météo favorable
2009-10-22,23,14,12,14,23,14,0,88,10,1017,1.875,25,12,13,113,113,113,,,,météo favorable
2009-10-23,23,14,14,14,23,14,0,91,10,1016,2.75,25,13,14,113,113,113,,,,météo favorable
2009-10-24,23,14,13,14,23,14,0,91,10,1015,2.875,25,13,14,113,113,113,,,,météo favorable
2009-10-25,24,14,12,14,24,14,0,86,10,1016,1.25,25,12,14,113,113,113,,,,météo favorable
2009-10-26,23,15,13,15,23,15,0,85,10,1017,0.875,24,12,14,113,113,113,,,,météo favorable
2009-10-27,23,14,12,14,23,15,0,83,10,1018,0.25,24,12,13,113,113,113,,,,météo favorable
2009-10-28,24,14,12,14,24,15,0,78,10,1019,0,25,11,13,113,113,113,,,,météo favorable
2009-10-29,24,15,13,15,24,16,0,78,10,1020,0.25,24,12,14,113,113,113,,,,météo idéale
2009-10-30,24,14,12,14,24,15,0,83,10,1019,3.375,24,12,13,113,113,113,,,,météo favorable
2009-10-31,24,14,11,14,24,15,0,80,10,1018,0,24,11,13,113,113,113,,,,météo favorable
2009-11-01,24,13,13,13,24,14,0,75,10,1020,0,24,10,12,113,113,113,,,,météo favorable
2009-11-02,24,13,14,13,24,14,0,69,10,1022,0,24,8,11,113,113,113,,,,météo favorable
2009-11-03,24,13,13,13,24,13,0,72,10,1023,0.75,24,7,11,113,113,113,,,,météo favorable
2009-11-04,24,13,11,13,24,15,0,77,10,1022,2.125,24,11,12,113,113,113,,,,météo favorable
2009-11-05,23,13,12,13,23,14,0,71,10,1021,1.5,24,8,11,113,113,113,,,,météo favorable
2009-11-06,23,13,12,13,23,14,0,71,10,1019,0.75,24,8,11,113,113,113,,,,météo favorable
2009-11-07,23,13,12,13,23,13,0,66,10,1017,0,23,7,11,113,113,113,,,,météo favorable
2009-11-08,23,12,12,12,23,13,0,75,10,1017,0.125,24,9,11,113,113,113,,,,météo favorable
2009-11-09,22,12,11,12,22,12,0,78,10,1016,0.5,24,8,10,113,113,113,,,,météo favorable
2009-11-10,22,12,14,12,22,12,0,82,10,1013,1.5,23,9,11,113,113,113,,,,météo favorable
2009-11-11,22,12,13,12,22,14,0,75,10,1012,9.625,24,10,11,113,113,113,,,,météo favorable
2009-11-12,16,11,9,11,16,13,1.8,71,8.75,1017,39.75,16,9,12,116,116,293,,,,météo correcte
2009-11-13,21,14,13,14,21,15,0.1,74,10,1018,15.625,23,12,14,113,113,113,,,,météo favorable
2009-11-14,23,15,15,15,23,16,0.1,71,10,1016,18.25,23,12,14,113,113,116,,,,météo favorable
2009-11-15,22,14,16,14,22,15,0,73,10,1012,9.75,23,10,13,113,113,113,,,,météo favorable
2009-11-16,18,13,8,13,17,15,0.3,52,9.125,1015,29.625,18,6,13,116,113,116,,,,météo favorable
2009-11-17,19,11,14,11,19,11,2.2,90,8.75,1014,18.375,19,10,11,176,113,113,,,,météo favorable
2009-11-18,20,11,15,11,20,11,0.2,82,10,1016,1.75,20,8,10,113,113,113,,,,météo favorable
2009-11-19,20,10,13,10,20,10,0,76,10,1018,1,20,6,9,113,113,113,,,,météo favorable
2009-11-20,17,8,14,8,17,8,0,92,10,1019,1.875,17,7,7,113,113,113,,,,météo correcte
2009-11-21,17,7,12,7,17,9,0.1,92,10,1020,6.875,17,9,6,113,113,113,,,,météo correcte
2009-11-22,18,8,13,8,18,10,0.1,90,10,1020,7.5,18,9,7,113,113,113,,,,météo favorable
2009-11-23,19,7,14,7,19,10,0,91,10,1019,7.75,19,9,7,113,113,113,,,,météo favorable
2009-11-24,19,8,14,8,19,9,0,93,10,1018,6.875,19,9,8,113,113,113,,,,météo favorable
2009-11-25,20,10,13,10,20,10,0,89,10,1017,2.75,20,9,9,113,113,113,,,,météo favorable
2009-11-26,19,10,13,10,19,10,0,84,10,1016,1.625,19,7,9,113,113,113,,,,météo favorable
2009-11-27,19,9,12,9,19,10,0,86,10,1018,0.625,19,8,7,113,113,113,,,,météo favorable
2009-11-28,20,10,13,10,20,10,0,87,10,1020,0.875,20,8,9,113,113,113,,,,météo favorable
2009-11-29,20,10,13,10,20,10,0,89,10,1020,2.375,20,8,9,113,113,113,,,,météo favorable
2009-11-30,20,8,12,8,20,10,0,92,9,1020,5.75,20,10,8,113,113,143,,,,météo favorable
2009-12-01,19,10,13,10,19,10,0,93,9,1020,5.75,19,10,9,113,113,143,,,,météo favorable
2009-12-02,20,8,13,8,20,10,0,92,10,1019,7,20,10,8,113,113,113,,,,météo favorable
2009-12-03,19,8,13,8,19,9,0,95,9,1020,9.125,19,10,8,113,113,143,,,,météo favorable
2009-12-04,19,8,13,8,19,9,0,91,10,1018,5,19,9,8,113,113,113,,,,météo favorable
2009-12-05,20,9,12,10,20,9,0,86,10,1017,1.875,20,7,9,113,113,113,,,,météo favorable
2009-12-06,19,10,13,10,19,11,0,69,10,1016,0.125,19,6,9,113,113,113,,,,météo favorable
2009-12-07,18,9,15,9,18,9,0,80,10,1016,0.375,18,6,8,113,113,113,,,,météo favorable
2009-12-08,18,8,13,9,18,8,0,79,10,1017,0.875,18,5,8,113,113,113,,,,météo favorable
2009-12-09,19,9,12,9,19,10,0,83,10,1017,0.25,19,7,7,113,113,113,,,,météo favorable
2009-12-10,19,6,12,6,19,10,0,83,10,1017,2.25,19,7,6,113,113,113,,,,météo favorable
2009-12-11,20,8,13,8,20,11,0,73,10,1017,15.5,20,6,6,116,113,113,,,,météo favorable
2009-12-12,20,9,12,9,20,9,0,81,10,1018,4,20,6,8,113,113,113,,,,météo favorable
2009-12-13,19,9,10,9,19,9,0,66,10,1018,33.375,19,3,7,119,113,113,,,,météo favorable
2009-12-14,19,9,15,10,19,9,0,72,10,1017,2,19,4,9,113,113,113,,,,météo favorable
2009-12-15,18,9,13,9,18,12,0.1,50,10,1019,8.375,18,3,7,113,113,113,,,,météo favorable
2009-12-16,19,10,15,10,19,11,0,43,10,1018,2.5,19,0,8,113,113,113,,,,météo favorable
2009-12-17,19,10,15,10,19,11,0,47,10,1019,1.25,19,0,9,113,113,113,,,,météo favorable
2009-12-18,19,8,10,8,19,10,0,56,10,1020,12.625,19,1,6,113,113,113,,,,météo favorable
2009-12-19,18,8,13,8,18,9,0,53,10,1022,0,18,0,7,113,113,113,,,,météo favorable
2009-12-20,18,8,13,8,18,8,0,78,10,1023,0,18,5,7,113,113,113,,,,météo favorable
2009-12-21,18,8,13,8,18,9,0,63,10,1021,0,18,2,7,113,113,113,,,,météo favorable
2009-12-22,18,7,13,7,18,8,0,63,10,1020,0,18,2,6,113,113,113,,,,météo favorable
2009-12-23,17,7,12,7,17,7,0,61,10,1018,0,17,0,6,113,113,113,,,,météo correcte
2009-12-24,16,6,14,6,16,7,0,65,10,1018,0,16,1,5,113,113,113,,,,météo correcte
2009-12-25,16,5,13,5,16,7,0,79,10,1017,0,16,3,4,113,113,113,,,,météo correcte
2009-12-26,16,4,14,4,16,5,0,82,10,1015,1.25,16,2,4,113,113,113,,,,météo correcte
2009-12-27,16,5,13,5,16,5,0,84,10,1016,1.875,16,3,4,113,113,113,,,,météo correcte
2009-12-28,16,6,17,6,16,7,0,62,10,1015,0.125,16,1,4,113,113,113,,,,météo correcte
2009-12-29,17,6,13,6,17,7,0,77,10,1015,0.375,17,3,6,113,113,113,,,,météo correcte
2009-12-30,18,6,12,6,18,7,0.2,65,9.75,1016,6.125,18,1,4,113,113,113,,,,météo favorable
2009-12-31,14,6,14,6,14,6,3.3,74,9.25,1016,9,14,2,5,176,113,113,,,,météo correcte
2010-01-01,16,4,13,4,16,8,0,72,10,1021,0,16,3,2,113,113,113,,,,météo correcte
2010-01-02,18,6,12,6,18,9,0,74,10,1022,0,18,4,4,113,113,113,,,,météo favorable
2010-01-03,19,7,13,7,19,10,0,67,10,1019,0,19,4,7,113,113,113,,,,météo favorable
2010-01-04,18,9,15,9,18,9,0,73,10,1017,1.25,18,4,8,113,113,113,,,,météo favorable
2010-01-05,17,6,13,6,17,7,0,87,10,1017,1,17,5,4,113,113,113,,,,météo correcte
2010-01-06,18,6,13,6,18,7,0,81,10,1018,0.875,18,5,5,113,113,113,,,,météo favorable
2010-01-07,20,8,12,8,20,10,0,80,10,1020,0,20,7,7,113,113,113,,,,météo favorable
2010-01-08,20,9,12,9,20,10,0,63,10,1019,0,20,3,8,113,113,113,,,,météo favorable
2010-01-09,20,9,15,9,20,10,0,59,10,1017,0,20,2,7,113,113,113,,,,météo favorable
2010-01-10,19,9,13,9,19,10,0,63,10,1018,0,19,3,8,113,113,113,,,,météo favorable
2010-01-11,18,9,16,9,18,9,0,66,10,1018,0,18,3,8,113,113,113,,,,météo favorable
2010-01-12,18,8,16,8,18,9,0,69,10,1018,0,18,3,7,113,113,113,,,,météo favorable
2010-01-13,19,7,15,8,19,7,0.4,65,10,1021,3.125,19,1,7,113,113,113,,,,météo favorable
2010-01-14,18,8,14,8,18,9,0.6,74,9.75,1021,6.375,18,4,8,113,113,113,,,,météo favorable
2010-01-15,19,8,13,8,19,9,0,76,10,1023,1.5,19,5,7,113,113,113,,,,météo favorable
2010-01-16,19,9,14,9,19,10,0,84,10,1025,0.5,19,7,7,113,113,113,,,,météo favorable
2010-01-17,20,8,12,8,20,10,0,64,10,1024,7.875,20,3,7,113,113,113,,,,météo favorable
2010-01-18,20,9,13,10,20,9,0,55,10,1023,9.375,20,0,8,113,113,113,,,,météo favorable
2010-01-19,19,9,13,9,19,9,0,40,10,1020,0,19,0,7,113,113,113,,,,météo favorable
2010-01-20,19,8,13,8,19,9,0,59,10,1021,0.25,19,2,7,113,113,113,,,,météo favorable
2010-01-21,19,9,13,9,19,9,0,60,10,1020,0.125,19,1,7,113,113,113,,,,météo favorable
2010-01-22,18,7,14,8,18,7,0,65,10,1019,5.25,18,0,5,113,113,113,,,,météo favorable
2010-01-23,19,8,13,8,19,9,0,50,10,1019,1.125,19,0,6,113,113,113,,,,météo favorable
2010-01-24,19,7,12,7,19,7,0,39,10,1019,17.25,19,0,5,113,113,113,,,,météo favorable
2010-01-25,19,7,12,7,19,9,0,39,10,1019,5.625,19,0,5,113,113,113,,,,météo favorable
2010-01-26,19,8,14,8,19,9,0,50,10,1020,0,19,0,6,113,113,113,,,,météo favorable
2010-01-27,19,9,14,9,19,9,0,64,10,1019,0.125,19,3,7,113,113,113,,,,météo favorable
2010-01-28,19,8,14,8,19,8,0,61,10,1019,2.5,19,1,7,113,113,113,,,,météo favorable
2010-01-29,20,7,12,7,20,10,0,56,10,1018,3.625,20,1,6,113,113,113,,,,météo favorable
2010-01-30,18,8,17,8,18,8,0,77,10,1017,0.375,18,4,6,113,113,113,,,,météo favorable
2010-01-31,19,8,13,8,19,8,0,70,10,1018,0.75,19,3,6,113,113,113,,,,météo favorable
2010-02-01,18,7,15,7,18,7,0,38,10,1018,4.625,18,0,5,113,113,113,,,,météo favorable
2010-02-02,18,7,13,7,18,8,0,25,10,1016,0.625,18,0,5,113,113,113,,,,météo favorable
2010-02-03,17,7,16,7,17,8,0,41,10,1017,0.25,17,0,5,113,113,113,,,,météo correcte
2010-02-04,17,6,14,7,17,6,0,51,10,1017,10.25,17,0,4,113,113,113,,,,météo correcte
2010-02-05,17,7,15,7,17,9,0,63,10,1017,0,17,2,5,113,113,113,,,,météo correcte
2010-02-06,19,9,13,9,19,10,0,69,10,1019,0,19,4,7,113,113,113,,,,météo favorable
2010-02-07,20,10,14,10,20,10,0,77,10,1020,2,20,6,8,113,113,113,,,,météo favorable
2010-02-08,20,10,13,10,20,10,0,68,10,1017,11.625,20,4,9,113,116,113,,,,météo favorable
2010-02-09,10,8,13,9,8,9,49.4,89,7.75,1016,53.25,10,7,6,293,308,308,,,,météo très défavorable
2010-02-10,19,7,14,7,19,11,1.7,45,9.875,1020,0.75,19,1,5,113,113,113,,,,météo favorable
2010-02-11,20,8,13,8,20,11,0,51,10,1021,0,20,2,6,113,113,113,,,,météo favorable
2010-02-12,10,7,14,7,9,10,3.1,73,9.625,1021,16.25,10,5,4,113,176,176,,,,météo défavorable
2010-02-13,19,7,13,7,19,9,0,52,10,1021,6.375,19,2,4,113,113,113,,,,météo favorable
2010-02-14,20,7,13,7,20,10,0,49,10,1017,2.75,20,0,5,113,113,113,,,,météo favorable
2010-02-15,21,7,14,7,21,11,0,40,10,1020,0,21,0,5,113,113,113,,,,météo favorable
2010-02-16,19,7,14,7,19,12,0,38,10,1020,16.125,19,0,4,116,116,113,,,,météo favorable
2010-02-17,21,9,12,9,21,11,0,31,10,1019,1.25,21,0,7,113,113,113,,,,météo favorable
2010-02-18,19,7,15,7,19,11,0,56,10,1019,0.5,19,3,4,113,113,113,,,,météo favorable
2010-02-19,19,9,15,9,19,11,0,61,10,1018,1.625,19,4,7,113,113,113,,,,météo favorable
2010-02-20,19,9,15,9,19,12,0,67,10,1018,2.5,19,6,8,113,113,113,,,,météo favorable
2010-02-21,21,9,14,9,21,12,0,66,10,1018,1.375,21,6,8,113,113,113,,,,météo favorable
2010-02-22,20,10,13,10,20,13,0.1,69,10,1019,5.875,20,8,9,113,113,113,,,,météo favorable
2010-02-23,21,11,12,11,21,13,0,46,10,1016,13.375,22,3,9,113,113,113,,,,météo favorable
2010-02-24,20,10,12,10,20,12,0,53,10,1013,4.25,20,3,9,113,113,113,,,,météo favorable
2010-02-25,22,10,14,10,22,13,0,51,10,1016,6.75,23,4,8,116,113,113,,,,météo favorable
2010-02-26,22,11,13,11,22,13,0,57,10,1016,4.25,23,5,10,113,113,113,,,,météo favorable
2010-02-27,21,10,15,10,21,15,1.5,75,9.625,1016,13.125,22,10,9,113,113,176,,,,météo favorable
2010-02-28,23,12,14,12,23,15,0.1,70,10,1016,5.625,24,9,10,113,113,113,,,,météo favorable
2010-03-01,22,11,13,11,22,16,0.1,60,10,1016,10.875,24,8,10,113,113,113,,,,météo favorable
2010-03-02,23,12,14,12,23,16,0,43,10,1015,2.125,23,4,11,113,113,113,,,,météo favorable
2010-03-03,23,12,13,12,23,16,0,47,10,1013,13.625,23,5,10,113,113,113,,,,météo favorable
2010-03-04,24,13,14,13,24,17,0,35,10,1013,1.75,23,2,11,113,113,113,,,,météo favorable
2010-03-05,23,12,21,12,23,17,0,40,10,1013,2.875,23,3,10,113,113,113,,,,météo favorable
2010-03-06,25,12,15,12,25,16,0,34,10,1015,29.375,24,0,10,113,116,119,,,,météo favorable
2010-03-07,25,13,15,13,25,17,0,26,10,1016,0.375,24,0,12,113,113,113,,,,météo favorable
2010-03-08,25,14,15,14,25,19,0,37,10,1018,0.125,24,4,12,113,113,113,,,,météo favorable
2010-03-09,25,13,14,13,25,17,0,33,10,1020,0,24,1,12,113,113,113,,,,météo favorable
2010-03-10,25,13,14,13,25,17,0,34,10,1021,0,24,1,12,113,113,113,,,,météo favorable
2010-03-11,25,13,13,13,25,16,0,37,10,1021,9.75,24,1,11,113,113,116,,,,météo favorable
2010-03-12,25,14,15,14,25,18,0,35,10,1020,0.875,24,2,12,113,113,113,,,,météo favorable
2010-03-13,24,14,17,14,24,17,0,35,10,1017,1,24,2,12,113,113,113,,,,météo favorable
2010-03-14,24,13,14,13,24,19,0,38,10,1015,2.625,24,4,11,113,113,113,,,,météo favorable
2010-03-15,24,13,14,13,24,18,0.2,45,10,1015,3.5,24,5,12,113,113,113,,,,météo favorable
2010-03-16,24,14,15,14,24,16,3.8,63,10,1020,11.125,24,9,13,113,113,386,,,,météo favorable
2010-03-17,23,13,8,13,23,18,6.5,53,9.875,1022,13.125,25,9,13,113,386,386,,,,météo correcte
2010-03-18,25,14,12,14,25,19,0.8,51,10,1023,7.875,25,9,13,113,113,113,,,,météo favorable
2010-03-19,28,16,17,16,28,22,0,41,10,1022,1.75,26,8,14,113,113,113,,,,météo idéale
2010-03-20,29,17,15,17,29,24,0,49,10,1019,0.25,28,12,16,113,113,113,,,,météo idéale
2010-03-21,29,18,14,18,29,22,0,45,10,1016,2.375,27,9,17,113,113,113,,,,météo idéale
2010-03-22,28,17,14,17,28,23,0.7,58,9.875,1011,9.625,27,14,16,113,113,176,,,,météo idéale
2010-03-23,29,18,15,18,29,24,0.1,40,10,1008,2,27,9,18,113,113,113,,,,météo idéale
2010-03-24,30,18,15,18,30,24,0,32,10,1011,0,27,5,18,113,113,113,,,,météo idéale
2010-03-25,29,18,14,18,29,23,0,37,10,1013,6.375,27,7,18,113,116,113,,,,météo favorable
2010-03-26,29,19,14,19,29,23,0,28,10,1013,0.5,27,4,19,113,113,113,,,,météo idéale
2010-03-27,29,17,13,17,29,22,0,25,10,1013,1,27,2,17,113,113,113,,,,météo idéale
2010-03-28,28,17,14,17,28,23,1.6,42,10,1013,2.875,27,9,17,113,113,113,,,,météo idéale
2010-03-29,26,16,15,16,26,21,0.8,53,9.875,1013,6.625,26,11,16,113,113,176,,,,météo idéale
2010-03-30,24,16,15,16,24,19,2.6,51,9.875,1012,6.5,25,9,15,113,113,176,,,,météo idéale
2010-03-31,26,16,18,16,26,21,0.7,35,10,1010,4.625,25,6,15,113,113,113,,,,météo idéale
2010-04-01,27,18,19,18,27,22,0,33,10,1011,0.125,26,2,17,113,113,113,,,,météo idéale
2010-04-02,29,18,13,18,29,21,0,21,10,1014,0,27,0,17,113,113,113,,,,météo idéale
2010-04-03,28,18,17,18,28,22,0,20,10,1015,0,26,0,17,113,113,113,,,,météo idéale
2010-04-04,30,19,13,19,30,22,0,24,10,1016,0,28,0,19,113,113,113,,,,météo idéale
2010-04-05,29,19,17,19,29,21,0,17,10,1015,0,27,0,18,113,113,113,,,,météo idéale
2010-04-06,29,18,17,18,29,23,0,17,10,1014,0,27,0,18,113,113,113,,,,météo idéale
2010-04-07,30,19,15,19,30,23,0,22,10,1019,0,28,0,18,113,113,113,,,,météo idéale
2010-04-08,30,19,16,19,30,25,0,28,10,1020,0.875,28,5,19,113,113,113,,,,météo idéale
2010-04-09,32,21,16,21,32,25,0,28,10,1014,1.25,30,2,21,113,113,113,,,,météo idéale
2010-04-10,31,21,17,21,31,24,0,17,10,1010,7.5,29,0,21,116,113,113,,,,météo idéale
2010-04-11,32,21,15,21,32,26,0,24,10,1011,0.5,30,4,21,113,113,113,,,,météo idéale
2010-04-12,32,21,15,21,32,27,0,25,10,1012,0,30,5,21,113,113,113,,,,météo idéale
2010-04-13,31,21,17,21,31,25,0.3,26,10,1012,0.875,29,5,21,113,113,113,,,,météo idéale
2010-04-14,32,21,15,21,32,26,0.2,25,10,1014,0,30,2,21,113,113,113,,,,météo idéale
2010-04-15,31,21,16,21,31,27,0,33,10,1016,1.25,29,9,21,113,113,113,,,,météo idéale
2010-04-16,29,21,15,21,29,26,1.1,58,10,1015,10.125,28,17,21,113,113,386,,,,météo idéale
2010-04-17,30,21,17,21,30,26,3.3,50,9.875,1013,7.75,29,14,21,113,113,386,,,,météo favorable
2010-04-18,29,20,14,20,29,22,15.5,82,9,1012,14,29,19,20,113,113,356,,,,météo défavorable
2010-04-19,27,19,16,19,27,23,9.1,67,9.75,1010,16.75,27,17,19,113,386,386,,,,météo correcte
2010-04-20,29,20,16,20,29,25,3,55,9.875,1006,5.75,29,16,20,113,113,386,,,,météo favorable
2010-04-21,31,21,15,21,31,28,0.2,33,10,1010,2.5,30,11,21,113,113,113,,,,météo idéale
2010-04-22,32,21,17,21,32,27,0,26,10,1012,1.25,30,6,21,113,113,113,,,,météo idéale
2010-04-23,32,21,15,21,32,26,0,20,10,1012,0,29,2,21,113,113,113,,,,météo idéale
2010-04-24,31,21,15,21,31,26,0,22,10,1012,2.125,28,4,21,113,113,113,,,,météo idéale
2010-04-25,30,20,17,20,30,25,0,18,10,1012,4,28,0,20,113,113,113,,,,météo idéale
2010-04-26,32,20,13,20,31,27,0,21,10,1016,3.375,30,1,20,113,113,113,,,,météo idéale
2010-04-27,27,19,18,19,27,23,1.4,79,10,1018,11.875,26,19,19,113,113,353,,,,météo idéale
2010-04-28,27,18,14,18,27,24,8.7,71,9.75,1016,14,27,17,18,113,113,386,,,,météo correcte
2010-04-29,23,18,6,18,22,21,39.4,81,7.125,1015,35.75,25,18,18,359,356,356,,,,météo très défavorable
2010-04-30,26,19,10,19,26,24,16.4,79,8.5,1015,20.125,27,20,19,176,386,356,,,,météo très défavorable
2010-05-01,26,18,10,18,26,24,17.2,70,8.75,1015,20.75,27,17,18,113,113,113,,,,météo très défavorable
2010-05-02,26,19,12,19,26,23,37.9,76,8.375,1014,22.375,27,19,19,305,176,356,,,,météo très défavorable
2010-05-03,28,18,14,18,27,24,0.4,47,10,1012,7.875,27,12,17,113,113,113,,,,météo idéale
2010-05-04,30,20,12,20,30,25,3,56,10,1010,9.125,30,16,20,113,113,386,,,,météo favorable
2010-05-05,27,20,9,20,27,22,4.2,68,9.625,1010,20.375,27,17,20,113,386,176,,,,météo correcte
2010-05-06,25,18,6,18,25,18,13.9,77,8.625,1010,28.625,27,17,18,176,356,356,,,,météo défavorable
2010-05-07,25,18,9,18,25,23,13,80,8.625,1010,27,27,18,18,176,386,356,,,,météo défavorable
2010-05-08,24,18,13,18,24,22,5.6,72,9.125,1009,18.125,25,17,18,176,176,356,,,,météo favorable
2010-05-09,27,19,15,19,27,24,2.2,67,9.75,1007,10,27,17,19,113,113,176,,,,météo idéale
2010-05-10,29,20,15,20,29,25,0.3,52,10,1007,4.5,29,15,20,113,113,113,,,,météo idéale
2010-05-11,30,20,18,20,30,26,0.1,35,10,1009,0.75,28,9,20,113,113,113,,,,météo idéale
2010-05-12,31,21,18,21,31,27,0,26,10,1009,0,29,5,21,113,113,113,,,,météo idéale
2010-05-13,31,21,17,21,31,26,0,22,10,1010,0,29,2,21,113,113,113,,,,météo idéale
2010-05-14,31,21,17,21,31,26,0.2,27,10,1010,4.125,29,6,21,113,113,113,,,,météo idéale
2010-05-15,30,21,19,21,29,25,0.3,30,10,1010,7.625,27,6,21,113,113,113,,,,météo idéale
2010-05-16,32,21,16,21,31,28,0.2,34,10,1010,1.25,30,10,21,113,113,113,,,,météo idéale
2010-05-17,30,21,17,21,30,25,1.2,68,10,1012,9.25,29,19,21,113,113,386,,,,météo idéale
2010-05-18,28,21,12,21,28,23,6.1,76,9.375,1013,21.875,29,19,21,176,386,356,,,,météo correcte
2010-05-19,29,21,12,21,28,25,6.7,68,9.625,1011,20.375,30,19,21,113,386,386,,,,météo correcte
2010-05-20,31,21,16,21,31,25,1.3,45,9.875,1009,4.125,29,12,21,113,113,113,,,,météo idéale
2010-05-21,28,21,15,21,28,26,2.3,61,10,1010,9.75,28,18,21,113,113,386,,,,météo idéale
2010-05-22,28,20,16,20,28,25,12.2,78,9.25,1012,19.75,29,21,20,176,113,356,,,,météo correcte
2010-05-23,26,20,10,20,26,22,33.2,87,7.375,1012,40.75,28,21,20,353,356,359,,,,météo très défavorable
2010-05-24,25,19,11,19,25,21,109.2,90,6.875,1006,49.875,26,20,19,305,386,356,,,,météo très défavorable
2010-05-25,25,20,11,20,25,23,46.6,87,7.75,1006,31.5,27,21,20,176,356,356,,,,météo très défavorable
2010-05-26,26,21,12,21,25,22,27,91,8.25,1005,26.25,27,22,21,176,386,359,,,,météo très défavorable
2010-05-27,24,20,11,20,24,24,16.9,86,8.875,1007,23.125,27,21,20,386,356,356,,,,météo très défavorable
2010-05-28,27,19,13,19,27,25,3.5,77,9.75,1009,14.875,29,20,19,176,113,113,,,,météo favorable
2010-05-29,27,19,10,19,27,25,1.5,76,9.5,1010,17.25,29,20,19,113,176,176,,,,météo favorable
2010-05-30,29,20,12,20,28,25,1.8,65,10,1008,10.375,30,18,20,113,386,113,,,,météo correcte
2010-05-31,28,20,12,20,28,25,1.7,56,9.625,1009,10,29,16,20,113,176,176,,,,météo favorable
2010-06-01,29,19,14,19,29,25,1,57,9.75,1009,8,29,16,19,113,113,176,,,,météo idéale
2010-06-02,28,20,12,20,28,22,3.2,73,9.75,1010,13.25,28,18,20,113,113,176,,,,météo favorable
2010-06-03,28,19,13,19,28,23,12.2,79,9.25,1010,15.875,29,20,19,113,113,356,,,,météo correcte
2010-06-04,28,19,15,19,28,21,5.8,80,9.75,1010,16.875,29,17,19,113,113,353,,,,météo favorable
2010-06-05,26,18,16,18,26,24,5.8,69,9.625,1007,13.25,27,18,18,113,113,176,,,,météo favorable
2010-06-06,29,18,17,18,29,26,0.1,41,10,1006,4,28,12,18,113,113,113,,,,météo idéale
2010-06-07,30,19,15,19,30,26,0,39,10,1008,3.375,29,11,19,113,113,113,,,,météo idéale
2010-06-08,30,19,17,19,30,26,0.1,49,10,1009,8.875,29,14,19,113,113,113,,,,météo idéale
2010-06-09,32,20,18,20,32,29,0.2,42,10,1009,5.25,30,10,20,113,113,113,,,,météo idéale
2010-06-10,31,21,14,21,31,26,0,48,10,1010,5.75,29,14,21,113,113,113,,,,météo idéale
2010-06-11,31,21,14,21,31,26,0.2,47,10,1010,6.25,30,13,21,113,113,113,,,,météo idéale
2010-06-12,30,20,14,20,30,24,1.8,64,9.75,1010,9.625,30,17,20,113,113,176,,,,météo idéale
2010-06-13,30,19,15,19,30,24,3.6,67,9.375,1009,13.875,29,17,19,176,113,176,,,,météo favorable
2010-06-14,28,18,14,18,28,24,4.7,69,9.5,1010,16.125,29,18,18,113,113,176,,,,météo favorable
2010-06-15,29,19,13,19,29,24,3.5,68,9.625,1008,18.375,29,18,19,113,113,176,,,,météo favorable
2010-06-16,28,19,12,19,28,25,1.9,67,9.625,1007,19,29,19,19,113,116,176,,,,météo favorable
2010-06-17,23,19,8,19,23,19,10.9,79,8,1008,41.75,25,17,19,263,293,299,,,,météo correcte
2010-06-18,24,17,13,17,24,22,6.7,84,8.625,1009,33.125,26,19,17,293,176,353,,,,météo favorable
2010-06-19,29,19,16,19,29,24,4.8,85,9.75,1010,22.625,30,22,19,113,113,353,,,,météo favorable
2010-06-20,27,19,12,19,27,23,7.1,85,9.25,1010,36.25,28,21,19,176,176,353,,,,météo favorable
2010-06-21,27,19,13,19,27,24,6.9,84,9.25,1009,21.875,28,21,19,113,176,356,,,,météo favorable
2010-06-22,26,20,10,20,26,24,11.2,83,9.25,1007,35.375,28,21,20,176,176,356,,,,météo correcte
2010-06-23,25,19,11,19,25,23,9.1,82,9.125,1008,18.75,27,20,19,113,176,356,,,,météo correcte
2010-06-24,26,19,13,19,26,24,5.6,81,9.25,1006,20.125,28,20,19,113,176,356,,,,météo favorable
2010-06-25,27,19,15,19,27,23,2,81,9.5,1005,19.625,28,20,19,113,176,176,,,,météo favorable
2010-06-26,26,18,13,18,26,23,16.5,92,8.5,1006,32,28,21,18,113,176,359,,,,météo très défavorable
2010-06-27,26,19,13,19,26,22,12.9,90,8.25,1006,29.5,28,20,19,113,113,356,,,,météo correcte
2010-06-28,28,19,15,19,28,23,5.2,80,9.25,1006,15,29,20,19,113,113,356,,,,météo favorable
2010-06-29,26,19,12,19,26,23,5.9,78,9.375,1006,17.75,28,19,19,113,176,176,,,,météo favorable
2010-06-30,26,19,12,19,26,23,10.5,86,9,1007,22.75,28,20,19,113,113,356,,,,météo correcte
2010-07-01,26,19,12,19,26,23,6.9,84,8.875,1008,30.125,27,20,19,113,113,116,,,,météo favorable
2010-07-02,25,19,12,19,25,22,8.6,88,8.25,1008,45.5,27,20,19,293,176,353,,,,météo correcte
2010-07-03,25,20,10,20,25,23,8.6,89,8.25,1010,42.375,27,21,20,176,353,356,,,,météo correcte
2010-07-04,25,19,11,19,25,23,13.4,93,8.25,1011,48.25,27,21,19,119,176,356,,,,météo défavorable
2010-07-05,25,20,11,20,25,22,20.1,95,6.625,1012,59.125,27,22,20,263,293,359,,,,météo très défavorable
2010-07-06,24,21,8,21,24,23,18.2,94,7.25,1011,59.875,26,21,21,293,356,356,,,,météo très défavorable
2010-07-07,25,21,12,21,25,23,10.7,91,8.125,1012,54.875,27,21,21,176,353,356,,,,météo correcte
2010-07-08,25,19,11,19,25,23,8.9,92,7.375,1012,51.5,27,21,19,143,176,356,,,,météo correcte
2010-07-09,21,17,6,17,20,20,23.1,96,7.625,1009,56.875,21,19,17,299,302,299,,,,météo très défavorable
2010-07-10,21,18,7,18,20,21,47,95,7.25,1008,49.375,23,19,18,305,308,293,,,,météo très défavorable
2010-07-11,26,19,13,19,26,21,16.1,97,8.5,1006,45.5,28,22,19,113,116,359,,,,météo très défavorable
2010-07-12,22,17,13,17,22,21,14.7,90,7.875,1007,48,23,19,17,176,293,299,,,,météo défavorable
2010-07-13,25,17,11,17,25,23,21.6,94,8.5,1008,44.5,27,22,17,299,176,356,,,,météo très défavorable
2010-07-14,27,18,10,18,27,22,16.7,96,8.875,1009,50.25,29,22,18,176,176,356,,,,météo très défavorable
2010-07-15,25,18,11,18,25,23,9.2,92,8.875,1009,42.75,27,21,18,116,353,176,,,,météo correcte
2010-07-16,25,20,9,20,24,23,15.8,93,8,1008,60,27,22,20,293,293,353,,,,météo défavorable
2010-07-17,23,21,8,21,23,22,81.2,99,6.625,1008,77.125,26,22,21,308,299,305,,,,météo très défavorable
2010-07-18,24,19,4,19,23,23,37.3,97,6.875,1008,65.5,26,22,19,308,308,293,,,,météo très défavorable
2010-07-19,22,18,6,18,22,21,54.3,98,7,1007,54.375,23,21,18,176,356,308,,,,météo très défavorable
2010-07-20,23,18,10,18,23,22,29.3,98,7.625,1009,66,26,22,18,293,353,356,,,,météo très défavorable
2010-07-21,26,20,12,20,26,22,21.7,96,8.5,1009,56.75,28,22,20,176,176,356,,,,météo très défavorable
2010-07-22,23,20,8,20,23,22,27.2,97,7.625,1009,74.25,26,22,20,299,299,353,,,,météo très défavorable
2010-07-23,24,20,9,20,24,22,24.1,98,7.75,1007,74,26,23,20,293,353,359,,,,météo très défavorable
2010-07-24,25,20,10,20,25,23,24,98,7.375,1005,71.5,27,23,20,302,176,356,,,,météo très défavorable
2010-07-25,24,19,11,19,24,23,30.4,96,6.375,1004,52.5,26,22,19,263,356,359,,,,météo très défavorable
2010-07-26,23,18,13,18,23,22,23.1,96,5.875,1009,52.875,26,22,18,143,356,359,,,,météo très défavorable
2010-07-27,25,17,10,17,25,22,10.2,95,8,1010,54.125,27,21,17,293,176,353,,,,météo correcte
2010-07-28,26,20,10,20,26,23,14.1,93,8,1010,42.5,28,22,20,176,176,356,,,,météo défavorable
2010-07-29,26,18,10,18,26,22,25.9,96,7.625,1008,56.25,28,22,18,356,176,356,,,,météo très défavorable
2010-07-30,26,18,8,18,26,23,27.6,89,7.625,1008,43.125,28,21,18,293,176,356,,,,météo très défavorable
2010-07-31,26,17,6,17,25,23,24.8,90,7.375,1010,48,27,21,17,302,299,176,,,,météo très défavorable
2010-08-01,27,17,10,17,27,24,16.7,87,8.375,1010,30.375,29,22,18,176,176,356,,,,météo très défavorable
2010-08-02,25,17,9,17,25,23,14.5,92,7,1010,46.125,27,22,17,143,353,356,,,,météo défavorable
2010-08-03,26,18,10,18,26,23,14.4,91,8.25,1009,39.5,28,21,18,176,176,356,,,,météo défavorable
2010-08-04,26,17,10,17,26,23,17.2,93,8.125,1008,33.5,28,22,17,176,176,356,,,,météo très défavorable
2010-08-05,26,18,8,18,26,23,19.1,92,8.125,1010,48.875,28,21,18,176,176,356,,,,météo très défavorable
2010-08-06,27,18,10,18,27,23,15.8,92,8.625,1011,36.625,29,22,18,176,176,356,,,,météo défavorable
2010-08-07,27,18,10,18,27,23,19.1,91,8.25,1011,42.5,29,22,18,299,176,356,,,,météo très défavorable
2010-08-08,26,17,9,17,26,23,9.1,89,8.875,1010,27.875,29,21,17,116,176,356,,,,météo correcte
2010-08-09,27,17,8,17,27,23,15.3,88,8.75,1008,35.75,29,22,17,176,176,356,,,,météo défavorable
2010-08-10,27,17,6,17,26,24,10.4,89,9.375,1008,37.75,29,21,17,353,299,176,,,,météo correcte
2010-08-11,28,18,10,18,28,24,10.6,84,9,1009,22,30,21,18,176,113,356,,,,météo correcte
2010-08-12,27,18,8,18,27,23,29.9,90,7.375,1010,27.5,29,22,18,176,176,359,,,,météo très défavorable
2010-08-13,26,17,9,17,25,23,18.7,89,8.75,1010,36.625,28,21,17,176,176,353,,,,météo très défavorable
2010-08-14,25,18,10,18,25,22,36.7,98,7.25,1008,57.25,28,22,18,359,176,356,,,,météo très défavorable
2010-08-15,27,18,10,18,27,23,16.2,92,8.75,1011,52.125,29,22,18,299,176,356,,,,météo très défavorable
2010-08-16,24,17,3,17,24,23,8,92,6.625,1012,53.25,26,22,17,266,293,176,,,,météo correcte
2010-08-17,24,17,6,17,24,22,21.4,91,8,1010,53.25,26,21,17,143,176,176,,,,météo très défavorable
2010-08-18,21,19,5,19,21,20,59.4,92,7.125,1009,79.25,23,20,19,308,308,293,,,,météo très défavorable
2010-08-19,24,17,8,17,24,22,23,93,8.375,1013,51.5,27,21,17,299,299,356,,,,météo très défavorable
2010-08-20,25,18,9,18,25,21,42.6,97,8.125,1013,63.375,28,21,18,176,176,308,,,,météo très défavorable
2010-08-21,22,18,5,18,22,21,53,95,6.625,1011,70.5,24,20,18,302,302,305,,,,météo très défavorable
2010-08-22,22,19,8,19,22,20,117.7,97,6.25,1009,64,24,20,19,305,305,308,,,,météo très défavorable
2010-08-23,22,17,6,17,22,21,44.4,95,7,1008,78.875,25,20,17,308,302,302,,,,météo très défavorable
2010-08-24,23,18,10,18,23,20,92.6,97,6.375,1009,70.5,25,20,18,356,356,308,,,,météo très défavorable
2010-08-25,23,17,5,17,22,21,44.4,92,6.875,1011,50.375,25,19,17,305,299,176,,,,météo très défavorable
2010-08-26,27,17,9,17,27,23,23.3,92,8.25,1011,41.75,28,22,17,356,113,356,,,,météo très défavorable
2010-08-27,22,17,6,17,22,21,28.4,96,6.875,1010,56.125,25,21,17,305,299,296,,,,météo très défavorable
2010-08-28,25,17,9,17,25,22,9.3,96,7.875,1009,56.5,27,21,17,293,176,356,,,,météo correcte
2010-08-29,26,17,9,17,26,22,7.7,94,8.875,1010,41.625,28,21,17,293,176,353,,,,météo favorable
2010-08-30,25,17,9,17,25,22,13.4,96,7.375,1008,58.625,28,22,17,263,176,356,,,,météo défavorable
2010-08-31,27,17,9,17,27,22,15,94,8,1008,46.25,29,22,17,176,176,356,,,,météo défavorable
2010-09-01,27,18,9,18,27,22,7.7,94,9.75,1009,52.5,28,21,18,353,176,353,,,,météo favorable
2010-09-02,26,17,9,17,26,22,10,94,7.25,1010,53.5,28,22,17,263,176,356,,,,météo correcte
2010-09-03,26,17,9,17,26,22,25.6,92,7.375,1010,35.25,28,21,17,176,176,359,,,,météo très défavorable
2010-09-04,25,17,9,17,25,21,22.4,95,8.75,1009,58.75,27,20,17,299,353,353,,,,météo très défavorable
2010-09-05,27,17,9,17,27,23,21.5,92,8.125,1010,33,29,21,17,176,176,356,,,,météo très défavorable
2010-09-06,26,17,9,17,26,22,26.5,94,7.75,1009,36.625,28,22,17,176,176,356,,,,météo très défavorable
2010-09-07,26,17,9,17,26,22,28,92,8,1010,39.625,28,21,17,356,356,356,,,,météo très défavorable
2010-09-08,27,17,10,17,27,22,26.6,88,7.75,1012,18.5,29,21,17,176,356,356,,,,météo très défavorable
2010-09-09,26,18,9,18,26,21,33.3,90,7.5,1012,25.625,28,21,18,176,176,359,,,,météo très défavorable
2010-09-10,26,16,10,16,26,21,27,94,8,1011,27.5,27,21,17,176,176,356,,,,météo très défavorable
2010-09-11,24,17,8,17,24,21,22.2,95,8.125,1011,43.75,26,21,17,356,353,356,,,,météo très défavorable
2010-09-12,23,17,6,17,23,21,33.7,94,7.875,1012,58.125,26,20,17,305,305,353,,,,météo très défavorable
2010-09-13,26,15,10,15,26,21,7.4,95,9.5,1011,36.5,28,20,15,116,176,353,,,,météo favorable
2010-09-14,26,16,9,16,26,20,26,94,7.75,1009,42.625,28,21,16,113,176,359,,,,météo très défavorable
2010-09-15,23,16,7,16,23,20,21.9,93,7.75,1010,56.125,25,20,16,293,293,293,,,,météo très défavorable
2010-09-16,22,17,8,17,22,19,34.4,92,8,1010,55.875,25,19,17,308,293,293,,,,météo très défavorable
2010-09-17,23,16,8,16,23,19,13.5,89,8.75,1011,44.375,25,19,16,176,299,293,,,,météo défavorable
2010-09-18,26,16,10,16,26,20,23.6,94,8.125,1011,33.875,27,20,16,356,116,356,,,,météo très défavorable
2010-09-19,25,16,10,16,25,20,9.9,94,9.375,1012,35.875,27,20,16,116,116,176,,,,météo correcte
2010-09-20,24,15,10,15,24,20,21.1,98,8.375,1012,50.625,26,21,15,113,176,359,,,,météo très défavorable
2010-09-21,23,15,9,15,23,20,8.1,98,8.625,1012,64.5,25,20,15,263,353,353,,,,météo correcte
2010-09-22,23,16,5,16,23,19,14.2,97,8.875,1013,53.375,25,19,16,299,293,293,,,,météo défavorable
2010-09-23,22,16,5,16,22,17,15.3,86,8.375,1012,51.125,25,18,16,299,293,293,,,,météo défavorable
2010-09-24,24,15,9,15,24,17,8.3,94,9.375,1012,17.25,26,18,16,113,113,356,,,,météo correcte
2010-09-25,25,14,10,14,25,18,23.1,92,8.125,1013,11.375,27,19,15,113,356,356,,,,météo très défavorable
2010-09-26,25,15,9,15,25,18,12.7,92,8.75,1014,8,26,18,15,113,113,356,,,,météo correcte
2010-09-27,26,15,10,15,26,18,9.8,92,9,1014,7.25,27,17,15,113,113,176,,,,météo correcte
2010-09-28,24,14,9,14,24,17,24,97,8,1014,25,26,19,14,176,356,176,,,,météo très défavorable
2010-09-29,24,14,9,14,24,18,20.5,96,8,1015,27.25,26,19,14,176,356,356,,,,météo très défavorable
2010-09-30,24,15,10,15,24,17,24.9,95,7.5,1015,20.625,26,19,15,356,176,356,,,,météo très défavorable
2010-10-01,25,14,10,14,25,17,8.8,94,8.5,1015,11.875,26,18,14,113,176,176,,,,météo correcte
2010-10-02,25,13,10,13,25,17,5.4,93,9.625,1015,7.625,26,17,13,113,113,176,,,,météo favorable
2010-10-03,26,14,10,14,26,17,4.2,89,9.5,1014,6.125,26,16,14,113,113,113,,,,météo favorable
2010-10-04,26,15,10,15,26,17,5.5,87,9.625,1014,3.375,26,17,14,113,113,176,,,,météo favorable
2010-10-05,27,14,9,14,27,17,0,83,10,1013,1.25,26,14,13,113,113,113,,,,météo favorable
2010-10-06,27,15,10,15,27,15,0,86,10,1014,1.875,26,13,14,113,113,113,,,,météo idéale
2010-10-07,25,15,11,15,25,15,2.6,95,9.875,1013,14.875,26,16,15,113,113,353,,,,météo idéale
2010-10-08,23,14,11,14,23,15,4,96,9.25,1011,18.875,24,15,14,113,113,176,,,,météo favorable
2010-10-09,22,13,11,13,22,14,3.7,95,6.375,1009,36,23,14,13,248,113,176,,,,météo favorable
2010-10-10,23,13,10,13,23,14,8.3,94,9.25,1009,17.75,25,16,13,176,176,176,,,,météo correcte
2010-10-11,24,12,9,12,24,15,6.9,92,9.625,1013,10.75,25,16,11,113,113,176,,,,météo favorable
2010-10-12,24,12,10,12,24,15,3.7,88,9.75,1014,6,25,14,11,113,113,176,,,,météo favorable
2010-10-13,25,13,9,13,25,15,0.2,85,10,1014,3.875,25,13,12,113,113,113,,,,météo favorable
2010-10-14,25,15,9,16,25,15,0.1,85,10,1012,6.625,25,12,15,113,113,113,,,,météo idéale
2010-10-15,23,14,9,14,23,16,11.2,95,8.75,1013,38.5,25,16,15,176,353,356,,,,météo correcte
2010-10-16,20,12,3,12,20,16,3.4,93,8,1014,43.75,20,17,12,143,263,116,,,,météo correcte
2010-10-17,16,13,3,13,16,15,23.3,91,8,1016,54.25,16,14,13,299,302,293,,,,météo très défavorable
2010-10-18,22,14,9,14,22,15,12.2,97,9,1015,31,23,16,14,176,116,353,,,,météo correcte
2010-10-19,24,13,9,13,24,16,10.1,94,8.875,1015,12.625,24,15,14,113,113,356,,,,météo correcte
2010-10-20,23,14,10,14,23,16,14.1,92,8.625,1014,10.375,24,15,14,176,113,356,,,,météo défavorable
2010-10-21,22,14,9,14,22,15,7.3,85,9.25,1013,8.875,23,13,13,113,113,176,,,,météo favorable
2010-10-22,22,13,9,13,22,14,4.3,89,9.625,1011,7.25,23,12,13,113,113,176,,,,météo favorable
2010-10-23,24,11,9,11,24,15,0.1,81,10,1011,4.375,25,12,10,113,113,113,,,,météo favorable
2010-10-24,23,12,9,12,23,14,3.6,85,9.5,1012,5.375,23,12,11,113,113,176,,,,météo favorable
2010-10-25,22,11,9,11,22,14,6.8,89,9.375,1015,7.5,23,12,10,113,113,176,,,,météo favorable
2010-10-26,22,12,10,12,22,12,4.5,90,9.75,1017,5.125,22,11,11,113,113,176,,,,météo favorable
2010-10-27,23,10,10,10,23,13,2.1,79,9.75,1016,2.625,23,10,9,113,113,176,,,,météo favorable
2010-10-28,21,11,11,11,21,13,1.1,96,9,1017,14.875,22,12,11,113,113,143,,,,météo favorable
2010-10-29,21,10,11,10,21,14,4.4,97,6.5,1019,38.125,23,14,10,143,113,143,,,,météo favorable
2010-10-30,22,11,9,11,22,15,4.5,83,9.625,1021,13.125,23,12,11,113,113,113,,,,météo favorable
2010-10-31,17,12,8,12,17,14,0.2,64,10,1021,46.375,17,8,11,116,116,116,,,,météo correcte
2010-11-01,20,12,6,12,20,14,1.2,76,9.875,1017,10,21,10,11,113,113,113,,,,météo favorable
2010-11-02,21,11,9,11,21,11,0,87,10,1018,1.75,22,9,11,113,113,113,,,,météo favorable
2010-11-03,20,10,12,10,20,14,0.2,93,9,1020,13.75,22,13,10,113,113,143,,,,météo favorable
2010-11-04,21,12,11,12,21,14,0.2,98,7.5,1020,24.5,22,14,12,113,113,248,,,,météo favorable
2010-11-05,21,13,9,13,21,13,5.6,96,6.625,1019,14.875,23,14,13,143,176,176,,,,météo favorable
2010-11-06,22,11,11,11,22,14,5.2,92,8.75,1018,10.875,23,13,11,176,113,176,,,,météo favorable
2010-11-07,21,11,10,11,21,13,6,95,9.5,1018,13,22,13,11,113,113,176,,,,météo favorable
2010-11-08,20,10,10,10,20,15,5.1,99,8.125,1020,39.5,22,15,10,113,176,353,,,,météo favorable
2010-11-09,21,11,10,11,21,14,2.8,99,5.5,1021,56,22,16,11,248,176,353,,,,météo correcte
2010-11-10,19,12,9,12,19,12,13.2,99,8.25,1019,49.625,19,15,12,356,353,353,,,,météo défavorable
2010-11-11,19,11,9,11,19,14,7.8,98,8.625,1017,47.125,19,16,12,176,293,353,,,,météo correcte
2010-11-12,18,11,7,11,18,11,5.2,97,8.125,1013,33.75,18,13,11,293,176,176,,,,météo favorable
2010-11-13,15,10,6,10,15,12,4,95,7.625,1015,41,15,12,9,263,293,263,,,,météo correcte
2010-11-14,17,10,9,10,17,11,4.3,97,7.75,1019,42.125,17,12,10,116,176,176,,,,météo correcte
2010-11-15,19,8,10,8,19,11,4.4,98,9.5,1020,29.75,19,14,9,113,176,353,,,,météo favorable
2010-11-16,20,11,9,11,20,12,5,96,9.25,1017,21.625,20,14,11,176,113,176,,,,météo favorable
2010-11-17,19,9,9,9,19,12,2.7,98,8.25,1017,32,19,13,9,113,176,353,,,,météo favorable
2010-11-18,18,9,9,9,18,13,4.7,91,8.75,1017,22.5,18,11,9,113,116,176,,,,météo favorable
2010-11-19,20,9,8,9,20,11,4.6,78,9.625,1016,11.25,20,11,7,113,113,176,,,,météo favorable
2010-11-20,19,8,11,8,19,9,0.3,91,10,1013,7.75,19,9,7,113,113,113,,,,météo favorable
2010-11-21,17,6,10,6,17,12,2.6,99,8.375,1013,49.625,17,13,6,113,176,353,,,,météo correcte
2010-11-22,17,7,9,7,17,12,1.3,98,4.75,1015,71.75,17,13,7,248,116,353,,,,météo défavorable
2010-11-23,15,9,6,10,15,9,0.4,70,9.875,1014,24.25,15,7,9,116,113,113,,,,météo correcte
2010-11-24,21,9,10,9,21,11,0,94,8.625,1016,8.625,21,12,9,113,113,113,,,,météo favorable
2010-11-25,19,9,10,9,19,12,0,97,5,1016,15.375,19,12,9,143,113,143,,,,météo favorable
2010-11-26,19,10,9,10,19,13,3.9,99,6.75,1015,55.75,19,16,10,248,176,353,,,,météo correcte
2010-11-27,19,9,9,9,19,13,2.7,94,9.5,1016,16.25,19,12,9,113,113,176,,,,météo favorable
2010-11-28,21,10,9,10,21,12,1.4,79,9.875,1018,5,23,10,9,113,113,113,,,,météo favorable
2010-11-29,20,9,10,9,20,11,1.3,85,9.875,1017,3.75,20,9,7,113,113,113,,,,météo favorable
2010-11-30,17,8,9,8,17,9,7,97,8.375,1015,28.125,17,11,8,113,113,353,,,,météo correcte
2010-12-01,18,8,9,8,18,9,3.8,91,9,1017,14.625,18,9,7,113,113,113,,,,météo favorable
2010-12-02,18,7,8,7,18,10,7.4,89,9.125,1017,13.25,18,10,6,113,113,356,,,,météo favorable
2010-12-03,19,7,8,7,19,8,1.1,86,9.875,1018,3.875,19,7,5,113,113,113,,,,météo favorable
2010-12-04,19,8,9,8,19,8,0,80,10,1016,2.75,19,7,7,113,113,113,,,,météo favorable
2010-12-05,20,8,9,8,20,11,0,72,10,1017,1.75,20,6,6,113,113,113,,,,météo favorable
2010-12-06,20,9,9,9,20,12,0,75,10,1018,0.25,21,8,7,113,113,113,,,,météo favorable
2010-12-07,21,10,9,10,21,11,0.1,78,10,1018,0.75,22,7,9,113,113,113,,,,météo favorable
2010-12-08,16,9,6,9,15,12,0.6,83,10,1016,6.625,16,11,9,113,113,113,,,,météo correcte
2010-12-09,21,10,8,10,21,11,2.1,88,9.875,1014,4.625,23,10,9,113,113,113,,,,météo favorable
2010-12-10,18,8,8,8,18,11,3.1,80,9.75,1011,9,18,8,7,113,113,113,,,,météo favorable
2010-12-11,15,8,8,8,15,11,6.8,81,9.375,1010,10.5,15,8,7,176,113,113,,,,météo correcte
2010-12-12,14,6,11,6,14,11,6.2,99,8.75,1009,43.625,14,11,5,113,176,296,,,,météo correcte
2010-12-13,14,6,8,6,14,9,11.3,92,8.125,1013,29.375,14,10,6,113,176,356,,,,météo correcte
2010-12-14,15,5,10,5,15,6,3,87,9.75,1014,8.125,15,5,3,113,113,113,,,,météo correcte
2010-12-15,14,8,10,8,14,9,0.9,99,7.125,1017,36.5,14,11,8,113,176,266,,,,météo correcte
2010-12-16,17,7,10,7,17,10,1.3,96,7.875,1015,30.25,17,12,7,113,176,353,,,,météo correcte
2010-12-17,16,7,8,7,16,9,6.5,62,9.5,1016,8.875,16,5,6,113,356,113,,,,météo correcte
2010-12-18,19,6,10,6,19,9,1.2,52,10,1016,3.5,19,3,3,113,113,113,,,,météo favorable
2010-12-19,15,3,12,3,15,8,3.2,56,9.75,1020,4.25,15,1,0,113,176,113,,,,météo correcte
2010-12-20,18,5,9,5,18,6,0,88,10,1021,1.25,18,5,4,113,113,113,,,,météo favorable
2010-12-21,16,5,10,5,16,6,0,94,9,1016,5.375,16,6,4,113,113,143,,,,météo correcte
2010-12-22,15,4,9,4,15,6,0.8,93,9.875,1012,9.5,15,6,4,113,113,113,,,,météo correcte
2010-12-23,13,4,7,4,13,6,2.8,71,9.5,1014,13.25,13,4,2,113,176,113,,,,météo correcte
2010-12-24,14,4,9,4,14,6,0.8,94,9,1014,13.375,14,7,2,113,113,143,,,,météo correcte
2010-12-25,14,4,9,4,14,7,2.1,98,8.875,1014,31,14,9,4,176,176,353,,,,météo correcte
2010-12-26,16,5,9,5,16,8,2.7,91,9.375,1016,20.375,16,9,5,176,113,176,,,,météo correcte
2010-12-27,16,6,9,6,16,9,0.9,95,9.75,1016,12,16,10,5,113,113,176,,,,météo correcte
2010-12-28,16,7,9,7,16,10,1,92,9.875,1017,9.25,16,11,6,113,113,176,,,,météo correcte
2010-12-29,18,8,9,8,18,11,0.8,93,9.875,1017,9.125,18,11,7,113,113,113,,,,météo favorable
2010-12-30,22,10,6,10,22,12,0.7,64,10,1017,1.25,24,8,9,113,113,113,,,,météo favorable
2010-12-31,18,6,10,6,18,10,1,57,9.25,1016,16.875,18,2,4,113,113,113,,,,météo favorable
2011-01-01,16,6,6,6,16,9,5.1,78,8.75,1015,33,17,7,5,113,113,113,,,,météo correcte
2011-01-02,13,6,9,6,13,8,3.2,98,7.625,1015,36.625,13,10,6,113,176,248,,,,météo correcte
2011-01-03,13,6,10,6,13,10,6.2,99,7.25,1017,54.625,13,11,6,293,293,266,,,,météo correcte
2011-01-04,13,7,10,7,13,10,3.5,95,8.25,1017,32.5,13,10,7,176,176,263,,,,météo correcte
2011-01-05,17,8,10,8,17,10,0.7,88,9.875,1017,7.75,17,9,7,113,113,113,,,,météo correcte
2011-01-06,14,6,10,6,14,9,1.3,95,7.875,1017,10.75,14,8,4,113,113,143,,,,météo correcte
2011-01-07,16,6,9,6,16,9,0,83,10,1018,2,16,6,5,113,113,113,,,,météo correcte
2011-01-08,17,5,10,5,17,9,0,47,10,1016,1,17,1,2,113,113,113,,,,météo correcte
2011-01-09,17,4,11,4,17,8,0.1,42,10,1015,1,17,0,1,113,113,113,,,,météo correcte
2011-01-10,13,3,12,3,13,5,0,92,10,1014,13.625,13,4,1,113,113,116,,,,météo correcte
2011-01-11,12,5,10,5,12,8,2.4,99,6.75,1013,43.375,12,9,5,113,113,266,,,,météo très défavorable
2011-01-12,13,4,10,4,13,7,0.6,97,4.125,1013,72.5,13,9,4,248,116,248,,,,météo très défavorable
2011-01-13,14,5,11,5,14,7,0.1,95,9,1013,15.375,14,7,4,113,113,143,,,,météo correcte
2011-01-14,15,5,10,5,15,7,0,87,10,1015,4.875,15,6,4,113,113,113,,,,météo correcte
2011-01-15,18,4,9,4,18,7,1.5,52,9.875,1018,8.5,18,1,2,113,113,113,,,,météo favorable
2011-01-16,12,2,9,2,12,3,2.8,71,9.875,1016,19.875,12,0,-1,176,113,113,,,,météo très défavorable
2011-01-17,13,2,11,2,13,5,0.1,97,9,1014,19.375,13,6,-1,113,113,143,,,,météo correcte
2011-01-18,12,1,10,1,12,5,2.7,93,9.75,1013,35.875,12,5,1,113,113,353,,,,météo très défavorable
2011-01-19,10,2,9,2,10,6,2.8,93,6.75,1011,42,10,6,2,113,116,266,,,,météo très défavorable
2011-01-20,11,1,10,1,11,7,0.5,97,4.5,1015,46.25,11,7,1,143,116,248,,,,météo très défavorable
2011-01-21,14,2,11,2,14,7,0.1,96,6.75,1015,30.375,14,7,2,113,113,143,,,,météo correcte
2011-01-22,14,3,10,3,14,7,0.2,94,7.375,1016,23.5,14,6,3,113,113,113,,,,météo correcte
2011-01-23,15,4,11,4,15,7,0.4,93,9.5,1017,9.125,15,6,3,113,113,176,,,,météo correcte
2011-01-24,15,5,10,5,15,8,0,90,10,1017,6.75,15,6,4,113,113,113,,,,météo correcte
2011-01-25,15,4,9,4,15,9,1.4,62,9.875,1019,5.375,15,2,2,113,113,113,,,,météo correcte
2011-01-26,13,3,11,3,13,9,7.9,61,9.125,1019,18.375,13,1,0,176,176,113,,,,météo correcte
2011-01-27,17,4,10,4,17,7,0.3,79,9.875,1020,6.125,17,3,2,113,113,113,,,,météo correcte
2011-01-28,16,6,10,6,16,6,0,83,10,1018,2.5,16,3,5,113,113,113,,,,météo correcte
2011-01-29,16,5,10,5,16,6,0,83,10,1017,1.75,16,3,4,113,113,113,,,,météo correcte
2011-01-30,18,5,9,5,18,9,0,72,10,1019,1.625,18,4,3,113,113,113,,,,météo favorable
2011-01-31,17,6,12,6,17,6,0,85,10,1019,2,17,4,4,113,113,113,,,,météo correcte
2011-02-01,17,6,10,6,17,9,1.2,87,10,1019,9.125,17,7,5,113,113,113,,,,météo correcte
2011-02-02,17,7,12,7,17,11,2.5,93,9.75,1020,17.125,17,10,6,113,176,353,,,,météo correcte
2011-02-03,18,7,10,7,18,10,3,97,9.625,1021,14.25,18,12,6,113,113,176,,,,météo favorable
2011-02-04,16,7,9,7,16,10,4.5,93,8.625,1018,11.375,16,10,7,113,176,113,,,,météo correcte
2011-02-05,20,7,10,7,20,10,1.2,90,9.875,1017,9.375,20,9,7,113,113,113,,,,météo favorable
2011-02-06,21,9,11,9,21,11,1.4,86,9.875,1017,10.125,21,10,8,113,113,113,,,,météo favorable
2011-02-07,21,10,10,10,21,12,0.4,72,10,1015,1.5,22,8,8,113,113,113,,,,météo favorable
2011-02-08,22,7,12,7,22,12,0.5,44,10,1014,4.375,22,0,5,113,113,113,,,,météo favorable
2011-02-09,19,8,9,8,19,9,1.8,70,9.875,1011,10,19,4,6,113,113,113,,,,météo favorable
2011-02-10,19,6,10,6,19,10,0.4,82,10,1014,7.875,19,7,6,113,113,113,,,,météo favorable
2011-02-11,20,8,11,8,20,10,0,76,10,1014,2.875,20,5,7,113,113,113,,,,météo favorable
2011-02-12,20,8,11,8,20,9,0,86,10,1013,3,20,7,8,113,113,113,,,,météo favorable
2011-02-13,19,7,11,7,19,10,0,90,10,1012,7.125,19,9,7,113,113,113,,,,météo favorable
2011-02-14,21,9,9,9,21,11,4.8,75,9.5,1013,4.25,22,8,8,113,113,356,,,,météo favorable
2011-02-15,14,6,11,6,13,9,17.1,74,8.625,1016,25.375,14,7,3,353,356,356,,,,météo très défavorable
2011-02-16,10,4,14,4,10,6,21.9,91,8.625,1016,55,10,6,1,176,353,302,,,,météo très défavorable
2011-02-17,17,4,12,4,17,8,10.1,72,9.5,1017,18.5,17,2,1,176,113,113,,,,météo correcte
2011-02-18,16,5,10,5,16,9,0.6,65,9.875,1019,3.75,16,2,4,113,113,113,,,,météo correcte
2011-02-19,16,5,10,5,16,8,1.2,66,9.875,1020,6.75,16,2,3,113,113,113,,,,météo correcte
2011-02-20,17,5,9,5,17,11,0.4,53,10,1021,4.875,17,2,3,113,113,113,,,,météo correcte
2011-02-21,19,6,9,6,19,9,0.5,55,9.875,1020,12.5,19,0,4,113,113,116,,,,météo favorable
2011-02-22,18,7,12,7,18,11,0,75,10,1021,3.25,18,7,5,113,113,113,,,,météo favorable
2011-02-23,21,8,9,8,21,13,0.3,46,10,1020,3,21,2,7,113,113,113,,,,météo favorable
2011-02-24,20,7,12,7,20,10,0.2,39,10,1020,32.75,20,0,5,113,113,119,,,,météo favorable
2011-02-25,18,6,12,6,18,10,0.3,33,9.875,1018,17.125,18,0,3,113,113,113,,,,météo favorable
2011-02-26,21,7,12,7,21,11,0.3,39,9.875,1019,5.375,21,0,4,113,113,113,,,,météo favorable
2011-02-27,21,6,11,6,21,12,0.7,35,10,1021,2,21,0,3,113,113,113,,,,météo favorable
2011-02-28,20,7,12,7,20,13,0,36,10,1020,0,20,0,5,113,113,113,,,,météo favorable
2011-03-01,22,8,11,8,22,11,0,34,10,1018,5.625,21,0,6,113,113,113,,,,météo favorable
2011-03-02,21,10,9,10,21,13,0,51,10,1018,23.75,21,3,8,116,113,113,,,,météo favorable
2011-03-03,21,9,9,9,21,15,0.5,43,10,1016,11.625,21,2,8,113,113,113,,,,météo favorable
2011-03-04,19,9,8,9,19,13,0.3,48,9.375,1016,19.75,19,3,8,113,263,113,,,,météo correcte
2011-03-05,24,10,12,10,24,16,0,31,10,1016,1.25,23,0,8,113,113,113,,,,météo favorable
2011-03-06,24,11,12,11,24,17,0,30,10,1017,0,23,0,9,113,113,113,,,,météo favorable
2011-03-07,24,12,12,12,24,17,0,38,10,1016,0,23,2,11,113,113,113,,,,météo favorable
2011-03-08,24,12,13,12,24,16,0,38,10,1014,0,23,2,11,113,113,113,,,,météo favorable
2011-03-09,19,10,12,10,19,14,0.1,28,10,1017,20.125,19,0,8,113,116,113,,,,météo favorable
2011-03-10,25,9,12,9,25,16,1.4,40,9.875,1018,5.125,24,3,7,113,113,113,,,,météo favorable
2011-03-11,25,8,12,8,25,15,3.1,42,9.875,1016,4.5,24,3,6,113,113,113,,,,météo favorable
2011-03-12,22,8,11,8,22,14,1.5,46,9.875,1016,4.5,22,3,7,113,113,113,,,,météo favorable
2011-03-13,23,11,13,11,23,14,0,53,10,1015,3.875,23,4,9,113,113,113,,,,météo favorable
2011-03-14,25,11,13,11,25,15,0.1,54,10,1017,2.125,24,6,9,113,113,113,,,,météo favorable
2011-03-15,28,8,17,8,28,18,1.7,46,10,1021,0,26,6,6,113,113,113,,,,météo favorable
2011-03-16,25,11,13,11,25,17,0.6,59,10,1019,3.5,25,9,9,113,113,113,,,,météo favorable
2011-03-17,23,12,13,12,23,16,1.1,75,8.75,1015,24.375,23,12,12,113,116,263,,,,météo favorable
2011-03-18,21,12,8,12,21,16,0.8,60,9.75,1013,24.25,23,10,11,176,116,176,,,,météo favorable
2011-03-19,24,11,12,11,24,17,0.1,60,10,1010,14.25,25,10,10,113,113,113,,,,météo favorable
2011-03-20,25,11,13,11,25,16,0.9,39,10,1010,16.375,24,2,9,113,113,113,,,,météo favorable
2011-03-21,25,10,13,10,25,19,1.6,40,9.875,1011,2,24,3,8,113,113,113,,,,météo favorable
2011-03-22,27,13,11,13,27,19,0,35,10,1014,2,25,3,11,113,113,113,,,,météo favorable
2011-03-23,26,14,11,14,26,18,0,34,10,1015,4.25,24,1,12,113,113,113,,,,météo favorable
2011-03-24,27,12,12,12,27,19,0,29,10,1015,7.5,25,0,11,113,113,113,,,,météo favorable
2011-03-25,25,13,13,13,25,17,0.4,38,10,1015,3.875,24,3,11,113,113,113,,,,météo favorable
2011-03-26,26,13,12,13,26,18,0,39,10,1015,4.125,24,4,11,113,113,113,,,,météo favorable
2011-03-27,24,12,11,12,24,16,2.5,52,9.625,1016,14.375,24,6,11,113,113,176,,,,météo favorable
2011-03-28,21,10,10,10,21,15,8.1,73,8.875,1014,22,23,10,9,176,176,356,,,,météo correcte
2011-03-29,20,10,10,10,20,16,7.3,74,9,1015,23.5,20,12,9,176,116,356,,,,météo favorable
2011-03-30,21,9,10,9,21,16,11.5,73,8.75,1014,19.75,21,12,8,176,176,176,,,,météo correcte
2011-03-31,22,10,13,10,22,16,2.2,63,9.5,1012,13.25,24,9,9,113,113,176,,,,météo favorable
2011-04-01,22,11,13,11,22,16,0.6,56,10,1012,10.875,24,7,9,113,113,113,,,,météo favorable
2011-04-02,24,11,12,11,24,18,0.1,46,10,1014,5.875,24,7,10,113,113,113,,,,météo favorable
2011-04-03,25,11,10,11,25,17,1.9,43,9.875,1015,18.125,24,4,10,113,113,176,,,,météo favorable
2011-04-04,25,10,10,10,25,18,5.8,60,9.875,1015,27.375,24,3,8,353,176,113,,,,météo favorable
2011-04-05,25,11,10,11,25,19,0.5,33,10,1017,0.375,24,2,10,113,113,113,,,,météo favorable
2011-04-06,25,10,11,10,25,19,0.3,33,10,1016,0.25,24,2,8,113,113,113,,,,météo favorable
2011-04-07,27,12,10,12,27,18,0,31,10,1016,7.625,25,0,11,113,113,113,,,,météo favorable
2011-04-08,28,12,12,12,28,20,0,30,10,1016,4.75,26,2,11,113,113,113,,,,météo favorable
2011-04-09,27,13,10,13,27,19,0,30,10,1018,9.625,25,1,12,113,113,116,,,,météo favorable
2011-04-10,26,13,9,13,26,19,1.2,34,9.75,1019,22.75,25,3,11,176,116,176,,,,météo favorable
2011-04-11,25,13,11,13,25,20,2.7,52,9.875,1017,7.125,25,10,12,113,113,176,,,,météo favorable
2011-04-12,25,13,9,13,25,19,13.7,60,8.5,1016,15.875,25,11,12,113,176,356,,,,météo défavorable
2011-04-13,25,12,10,12,25,18,11.7,57,8.875,1016,21.375,25,9,10,176,176,176,,,,météo correcte
2011-04-14,23,11,8,11,23,18,9.3,54,9.5,1015,20.75,24,10,10,176,176,176,,,,météo correcte
2011-04-15,24,12,10,12,24,19,0.8,55,10,1013,8.125,25,10,11,113,113,113,,,,météo favorable
2011-04-16,26,14,13,14,26,20,0.3,49,10,1015,6,25,9,13,113,113,113,,,,météo favorable
2011-04-17,27,15,13,15,27,22,0.4,53,10,1016,7.5,27,12,14,113,113,113,,,,météo idéale
2011-04-18,27,14,8,14,25,22,7.4,52,9.5,1014,10.25,27,11,13,113,176,113,,,,météo favorable
2011-04-19,27,14,9,14,27,20,2.1,41,10,1012,19.375,26,7,12,113,113,113,,,,météo favorable
2011-04-20,27,13,11,13,27,22,2.1,37,9.875,1012,1.75,26,7,11,113,113,113,,,,météo favorable
2011-04-21,28,14,10,14,28,22,0,34,10,1014,0.375,26,2,13,113,113,113,,,,météo favorable
2011-04-22,27,13,12,13,27,22,0,28,10,1015,0,26,2,11,113,113,113,,,,météo favorable
2011-04-23,28,14,11,14,28,20,0,31,10,1014,2.125,26,3,12,113,113,113,,,,météo favorable
2011-04-24,27,14,13,14,27,21,1.4,46,10,1013,12,26,9,13,113,113,113,,,,météo favorable
2011-04-25,23,13,11,13,23,18,19.5,74,8.5,1015,15.25,25,14,13,176,386,356,,,,météo très défavorable
2011-04-26,23,12,10,12,23,19,4.5,71,9.25,1015,13.625,25,13,12,176,176,176,,,,météo favorable
2011-04-27,25,14,10,14,25,20,5.2,71,9.375,1014,17.5,26,15,14,113,386,176,,,,météo correcte
2011-04-28,26,15,11,15,26,22,19.4,72,8,1011,20.125,27,16,15,176,176,359,,,,météo très défavorable
2011-04-29,23,14,10,14,23,21,26.2,83,7.5,1010,20.875,25,17,14,356,356,176,,,,météo très défavorable
2011-04-30,24,14,9,14,23,21,21,73,7.75,1012,19.75,25,16,14,176,356,356,,,,météo très défavorable
2011-05-01,26,13,12,13,26,22,11,67,8.75,1013,12.75,26,16,13,176,113,356,,,,météo correcte
2011-05-02,25,13,10,13,25,19,13.7,70,8.625,1010,17.5,26,15,13,176,176,356,,,,météo défavorable
2011-05-03,25,14,10,14,25,22,13.9,74,8.75,1010,25.125,26,17,14,176,353,356,,,,météo défavorable
2011-05-04,24,15,12,15,24,21,23.3,84,8,1013,10.625,26,18,15,356,386,356,,,,météo très défavorable
2011-05-05,25,15,11,15,25,22,22,79,8.25,1012,11.625,26,18,16,176,176,356,,,,météo très défavorable
2011-05-06,26,16,11,16,26,22,17.9,74,8.25,1011,14.25,27,17,16,176,176,356,,,,météo très défavorable
2011-05-07,25,15,10,15,25,22,11.6,73,8.75,1010,15,26,17,14,176,176,356,,,,météo correcte
2011-05-08,25,13,12,13,25,21,7.1,68,9.375,1008,11.625,25,15,12,113,113,356,,,,météo favorable
2011-05-09,25,14,11,14,25,20,5.4,68,9.5,1008,12.25,26,14,13,113,176,176,,,,météo favorable
2011-05-10,24,15,9,15,24,21,25.1,75,8.125,1007,20,26,17,15,176,356,356,,,,météo très défavorable
2011-05-11,26,16,10,16,26,22,10.9,68,8.875,1008,14.875,26,16,16,113,176,356,,,,météo correcte
2011-05-12,27,16,8,16,27,22,11.7,68,9.125,1009,15.5,27,16,16,113,176,356,,,,météo correcte
2011-05-13,27,17,11,17,27,23,12.4,67,8.875,1009,13.625,27,17,16,113,176,356,,,,météo correcte
2011-05-14,28,17,11,17,28,24,8.2,65,9.25,1009,10,28,17,17,113,176,356,,,,météo correcte
2011-05-15,29,18,12,18,29,25,11.9,69,9.125,1011,10.25,29,19,18,113,113,356,,,,météo correcte
2011-05-16,27,17,10,17,26,24,14.7,73,8.625,1016,14.875,28,19,17,113,356,356,,,,météo défavorable
2011-05-17,26,17,11,17,26,24,23.6,76,8,1015,13.75,27,19,17,113,356,356,,,,météo très défavorable
2011-05-18,25,16,9,16,24,23,33.2,79,7.375,1012,17.75,26,18,16,356,356,356,,,,météo très défavorable
2011-05-19,24,16,12,16,24,21,14,75,8.25,1011,23.25,26,17,16,176,176,356,,,,météo défavorable
2011-05-20,24,15,10,15,24,22,11.2,75,9,1007,25.75,25,17,15,116,176,176,,,,météo correcte
2011-05-21,26,16,12,16,26,22,19.2,78,8.625,1005,16.5,27,18,16,176,113,356,,,,météo très défavorable
2011-05-22,27,17,12,17,27,24,4.8,62,9.75,1007,6,27,16,17,113,113,176,,,,météo favorable
2011-05-23,26,16,14,16,26,22,5.1,70,9.625,1010,10.875,26,16,16,113,113,176,,,,météo favorable
2011-05-24,26,16,14,16,26,23,21.7,83,8.125,1008,24.5,27,20,17,113,356,359,,,,météo très défavorable
2011-05-25,26,17,11,17,26,23,36.9,84,7,1009,18.625,28,20,17,356,356,356,,,,météo très défavorable
2011-05-26,28,18,12,18,28,24,14.5,78,8.75,1011,10.625,29,19,18,113,113,356,,,,météo défavorable
2011-05-27,28,19,11,19,28,24,35.1,73,7.25,1011,10.75,29,19,19,176,356,356,,,,météo très défavorable
2011-05-28,26,18,11,18,26,23,25.6,78,8.125,1010,27.5,27,19,18,116,356,356,,,,météo très défavorable
2011-05-29,27,17,12,17,27,24,8.3,72,9.25,1010,11.125,28,18,17,113,113,176,,,,météo correcte
2011-05-30,27,18,13,18,27,23,19.6,77,8.625,1009,23.625,28,19,18,113,113,356,,,,météo très défavorable
2011-05-31,24,16,12,16,24,21,16.5,76,8.625,1007,16.375,26,17,16,113,176,356,,,,météo très défavorable
2011-06-01,27,16,11,16,27,23,7.8,67,9.125,1008,10.875,27,17,16,113,113,356,,,,météo favorable
2011-06-02,27,17,11,17,27,24,10.5,66,8.75,1009,16,28,17,17,113,176,356,,,,météo correcte
2011-06-03,28,17,12,17,28,24,4.9,67,9.75,1011,9.5,28,17,17,113,113,176,,,,météo favorable
2011-06-04,27,18,13,18,27,23,1.2,57,9.875,1009,8.25,27,14,18,113,113,113,,,,météo idéale
2011-06-05,28,18,12,18,28,24,5.3,64,9.5,1009,10.5,28,16,18,113,113,113,,,,météo favorable
2011-06-06,28,18,11,18,28,24,10.3,70,8.625,1009,16.125,28,18,18,113,176,356,,,,météo correcte
2011-06-07,28,18,11,18,28,25,5.9,60,9.625,1009,8,28,16,18,113,113,176,,,,météo favorable
2011-06-08,28,18,12,18,28,24,6.4,63,9.5,1009,10.625,28,17,18,113,113,176,,,,météo favorable
2011-06-09,28,17,13,17,28,24,8.1,67,9,1006,10.5,28,17,17,113,113,356,,,,météo correcte
2011-06-10,27,17,13,17,27,23,8.8,76,9.25,1005,12.375,27,18,17,113,113,356,,,,météo correcte
2011-06-11,27,17,12,17,27,23,7.8,73,9.125,1005,18.875,28,18,17,176,176,176,,,,météo favorable
2011-06-12,27,18,11,18,27,24,16.6,78,8.375,1006,15.625,28,20,18,176,176,356,,,,météo très défavorable
2011-06-13,26,18,12,18,26,23,24.6,81,8.25,1007,20.75,27,20,18,176,176,356,,,,météo très défavorable
2011-06-14,27,18,11,18,27,23,30.6,81,8,1006,20,28,20,18,176,176,356,,,,météo très défavorable
2011-06-15,28,19,12,19,28,24,15.1,80,8.375,1005,19.75,29,20,19,113,176,356,,,,météo défavorable
2011-06-16,28,19,13,19,28,22,12.8,93,8.75,1003,36,29,21,19,176,113,356,,,,météo correcte
2011-06-17,27,20,9,20,27,24,30.2,85,7.5,1003,47,29,21,20,293,176,356,,,,météo très défavorable
2011-06-18,26,18,9,18,24,23,17.3,92,8.75,1003,45.875,28,20,18,299,299,353,,,,météo très défavorable
2011-06-19,27,18,7,18,24,24,10.7,82,8.375,1002,41.375,28,18,18,293,299,116,,,,météo correcte
2011-06-20,28,19,13,19,28,24,18.3,85,9,1003,38.625,29,21,19,116,116,356,,,,météo très défavorable
2011-06-21,28,19,13,19,28,24,17.9,84,8.75,1005,21.5,30,21,19,113,113,356,,,,météo très défavorable
2011-06-22,26,19,12,19,26,23,11.3,86,8.875,1004,31.75,28,20,19,113,176,176,,,,météo correcte
2011-06-23,27,19,11,19,27,24,13.4,85,8.5,1003,38.5,29,22,19,119,176,176,,,,météo défavorable
2011-06-24,24,19,8,19,24,22,36.4,93,7.75,1002,42.625,26,21,19,176,293,305,,,,météo très défavorable
2011-06-25,26,19,8,19,26,24,21.8,87,8.5,1003,43.375,28,21,19,299,176,176,,,,météo très défavorable
2011-06-26,27,20,11,20,27,24,25.8,89,8.25,1002,45.25,29,22,20,176,176,356,,,,météo très défavorable
2011-06-27,27,19,9,19,27,23,17.6,88,8.75,1002,40.125,29,21,19,293,176,353,,,,météo très défavorable
2011-06-28,26,19,10,19,26,23,12.7,86,8.25,1004,37.25,28,21,19,113,176,353,,,,météo correcte
2011-06-29,20,18,8,20,20,18,124.2,93,6.25,1006,70,20,19,18,305,305,308,,,,météo très défavorable
2011-06-30,22,18,8,18,21,21,48.8,92,6.875,1006,72.125,24,21,18,302,302,308,,,,météo très défavorable
2011-07-01,23,18,8,18,23,22,34,92,7.875,1005,69.625,25,20,18,302,299,353,,,,météo très défavorable
2011-07-02,22,20,9,20,22,21,45.9,95,7.375,1004,78.75,23,21,20,308,299,293,,,,météo très défavorable
2011-07-03,25,18,10,18,25,22,29.6,94,8.125,1006,54.75,27,21,18,176,176,299,,,,météo très défavorable
2011-07-04,23,20,9,20,22,21,88.3,95,5.875,1009,69.625,26,20,20,305,308,299,,,,météo très défavorable
2011-07-05,26,17,10,17,26,23,9.1,89,8.75,1010,42.5,28,21,17,116,113,356,,,,météo correcte
2011-07-06,26,18,9,18,26,23,6.3,85,9,1010,27.625,27,20,18,176,176,176,,,,météo favorable
2011-07-07,25,18,10,18,25,23,9,88,9.125,1009,42.625,27,21,18,119,176,176,,,,météo correcte
2011-07-08,26,18,12,18,26,23,13.5,88,8.75,1011,32.125,28,21,18,176,176,353,,,,météo défavorable
2011-07-09,26,18,12,18,26,23,17.8,88,7.25,1009,34.625,28,21,18,176,176,356,,,,météo très défavorable
2011-07-10,26,18,11,18,26,23,27.4,87,7.625,1006,32.875,28,21,18,176,356,356,,,,météo très défavorable
2011-07-11,28,18,12,18,28,24,19.8,87,8.125,1005,25.75,30,22,18,176,176,356,,,,météo très défavorable
2011-07-12,27,19,11,19,27,24,24.2,87,7.75,1005,25.75,29,22,19,176,176,356,,,,météo très défavorable
2011-07-13,27,19,10,19,27,24,22.3,85,8.375,1005,28.375,29,21,19,353,176,356,,,,météo très défavorable
2011-07-14,26,20,8,20,26,23,17.3,91,7.625,1005,53.375,28,21,20,293,293,356,,,,météo très défavorable
2011-07-15,25,19,9,19,25,23,14.4,87,8.375,1005,53,27,21,19,293,176,176,,,,météo défavorable
2011-07-16,26,19,12,19,26,23,16.1,89,8.625,1005,38.75,28,21,19,176,176,353,,,,météo très défavorable
2011-07-17,27,18,11,18,27,24,12.4,87,7.75,1004,29.75,29,22,18,176,176,176,,,,météo correcte
2011-07-18,27,19,12,19,27,23,8.8,91,9,1004,33.75,29,22,19,113,176,356,,,,météo correcte
2011-07-19,26,19,10,19,26,22,15.1,96,8,1002,60.5,28,22,19,176,176,359,,,,météo défavorable
2011-07-20,26,18,10,18,26,23,4.9,89,8.125,1002,48.125,27,21,18,116,176,176,,,,météo favorable
2011-07-21,27,19,11,19,27,24,8.5,88,8.625,1002,40.5,29,22,19,116,176,176,,,,météo correcte
2011-07-22,26,19,11,19,26,24,8.9,89,8,1003,48.25,28,22,19,143,176,353,,,,météo correcte
2011-07-23,25,20,13,20,25,22,11.1,93,7.875,1006,50,27,21,20,176,176,356,,,,météo correcte
2011-07-24,27,18,10,18,27,23,5.5,88,8.125,1008,38.625,28,21,18,116,176,176,,,,météo favorable
2011-07-25,27,17,10,17,27,24,9.5,86,8.375,1011,34.375,29,21,17,263,176,176,,,,météo correcte
2011-07-26,26,18,10,18,26,23,9.8,92,9.25,1012,51.75,28,21,18,176,176,353,,,,météo correcte
2011-07-27,24,17,6,17,23,23,14.2,90,9.125,1009,42,26,21,17,293,299,116,,,,météo défavorable
2011-07-28,23,18,6,18,22,21,23.7,93,8.25,1008,53.25,25,20,18,299,299,176,,,,météo très défavorable
2011-07-29,22,17,6,17,21,21,23.2,90,7.125,1007,57.375,24,20,17,356,302,293,,,,météo très défavorable
2011-07-30,25,19,9,19,25,22,15.6,93,8.625,1006,56.625,27,22,19,299,293,356,,,,météo défavorable
2011-07-31,24,19,8,19,23,23,43.5,93,6.125,1005,64.5,26,21,19,305,305,176,,,,météo très défavorable
2011-08-01,28,18,11,18,28,24,21.3,89,7,1004,38.125,30,22,18,356,176,356,,,,météo très défavorable
2011-08-02,27,19,9,19,27,24,29.2,87,7.25,1004,34.875,29,22,19,356,176,356,,,,météo très défavorable
2011-08-03,26,18,12,18,26,24,7.2,90,8.5,1005,34.625,28,22,18,113,176,176,,,,météo favorable
2011-08-04,27,19,11,19,27,23,8.3,92,9.25,1004,38.125,29,22,19,176,176,353,,,,météo correcte
2011-08-05,22,18,6,18,21,22,27.3,90,7,1004,57.875,24,19,18,293,299,263,,,,météo très défavorable
2011-08-06,26,20,12,20,26,23,11.4,96,8.625,1004,60.125,28,22,20,263,176,353,,,,météo correcte
2011-08-07,23,21,7,21,23,22,12.4,98,8.25,1004,87.875,26,22,21,266,353,353,,,,météo défavorable
2011-08-08,22,18,6,18,22,21,6.9,91,9.25,1007,43.875,25,21,18,116,293,293,,,,météo correcte
2011-08-09,26,18,11,18,26,22,10.7,93,9.375,1007,35.875,28,21,18,113,176,353,,,,météo correcte
2011-08-10,25,17,10,17,25,22,7.5,95,8.25,1007,42.25,27,21,17,176,176,353,,,,météo favorable
2011-08-11,26,17,9,17,26,22,9.2,93,7.5,1006,40.5,28,21,17,116,176,356,,,,météo correcte
2011-08-12,26,17,11,17,26,22,6.4,90,8.75,1005,29.375,28,21,17,113,176,353,,,,météo favorable
2011-08-13,25,17,10,17,25,22,8.3,89,8.625,1008,41.25,27,21,17,176,263,356,,,,météo correcte
2011-08-14,24,18,8,18,24,22,26.1,90,8.875,1010,53.25,26,20,18,305,293,353,,,,météo très défavorable
2011-08-15,25,17,10,17,25,22,20.1,92,7.75,1010,54.625,26,21,17,263,176,356,,,,météo très défavorable
2011-08-16,24,17,10,17,24,20,75.5,96,7.375,1007,47.375,26,20,17,113,176,308,,,,météo très défavorable
2011-08-17,22,18,8,18,21,21,89,96,6,1007,77.125,24,21,18,263,305,308,,,,météo très défavorable
2011-08-18,22,17,7,17,20,21,46.7,94,6.5,1008,46.25,25,19,17,305,305,116,,,,météo très défavorable
2011-08-19,25,16,8,16,25,22,4.8,88,8.25,1010,34.875,27,20,16,263,176,353,,,,météo favorable
2011-08-20,26,16,10,16,26,22,4.4,89,9.375,1012,27.125,28,21,17,113,176,176,,,,météo favorable
2011-08-21,27,17,12,17,27,22,7.4,92,9.25,1011,30.875,29,22,17,113,113,176,,,,météo favorable
2011-08-22,25,17,10,17,25,22,9,94,8,1009,55.5,28,22,17,143,353,353,,,,météo correcte
2011-08-23,25,16,8,16,25,22,8.7,97,7.625,1009,72.75,27,22,16,116,263,353,,,,météo défavorable
2011-08-24,25,17,9,17,25,22,41,96,7,1008,64.625,27,22,17,353,353,359,,,,météo très défavorable
2011-08-25,24,18,8,18,24,22,51.8,97,6.625,1010,74.875,26,22,18,308,263,353,,,,météo très défavorable
2011-08-26,25,18,10,18,25,22,61.5,96,5.375,1009,61.875,27,22,18,356,356,356,,,,météo très défavorable
2011-08-27,26,17,10,17,26,22,21.6,93,8.625,1009,37.875,28,21,17,113,176,176,,,,météo très défavorable
2011-08-28,26,17,11,17,26,22,7.5,93,9.375,1008,30.5,28,21,17,113,176,176,,,,météo favorable
2011-08-29,26,17,9,17,26,23,3.8,88,8.5,1010,23.125,28,21,17,113,176,176,,,,météo favorable
2011-08-30,27,17,11,17,27,23,6.1,89,9.5,1011,23.75,29,21,17,113,113,176,,,,météo favorable
2011-08-31,27,17,10,17,27,23,12.2,90,8.75,1010,27.875,29,22,17,113,176,353,,,,météo correcte
2011-09-01,27,18,11,18,27,23,4.5,91,9.5,1009,23.875,29,21,18,113,113,176,,,,météo favorable
2011-09-02,25,17,10,17,25,23,5.5,87,8.5,1008,29.875,27,21,17,113,176,113,,,,météo favorable
2011-09-03,27,16,11,16,27,22,2,91,8.125,1009,23.125,28,21,17,113,113,176,,,,météo idéale
2011-09-04,28,17,10,17,28,23,4.3,86,9.25,1011,11.75,29,21,17,113,113,176,,,,météo favorable
2011-09-05,28,17,12,17,28,23,12.3,88,9.125,1011,12.375,29,21,17,113,113,176,,,,météo correcte
2011-09-06,27,17,11,17,27,22,19.2,91,8.375,1008,17.5,28,21,17,113,113,356,,,,météo très défavorable
2011-09-07,26,17,9,17,26,22,20.7,93,8.375,1006,26.5,28,21,17,113,176,356,,,,météo très défavorable
2011-09-08,24,16,9,16,24,22,17.8,96,7.375,1006,60.875,26,21,16,266,263,356,,,,météo très défavorable
2011-09-09,24,20,7,20,24,22,33.5,96,8,1010,55.75,26,21,20,302,176,176,,,,météo très défavorable
2011-09-10,26,17,10,17,26,22,7.3,93,9.25,1011,24.25,28,21,17,113,176,353,,,,météo favorable
2011-09-11,26,16,10,16,26,22,7.1,93,9.5,1011,30.25,27,20,17,116,113,176,,,,météo favorable
2011-09-12,26,17,10,17,26,22,10.9,92,7.75,1011,30.75,27,21,17,116,176,176,,,,météo correcte
2011-09-13,27,17,10,17,27,22,8.9,93,9.25,1009,33.5,28,21,17,113,176,353,,,,météo correcte
2011-09-14,27,18,11,18,27,22,14.9,91,8.375,1008,23.5,28,21,18,176,176,356,,,,météo défavorable
2011-09-15,26,17,10,17,26,21,17.5,91,8.125,1008,26.25,27,21,17,176,176,176,,,,météo très défavorable
2011-09-16,26,16,10,16,26,22,9.1,93,8.375,1008,31.5,27,20,16,143,113,176,,,,météo correcte
2011-09-17,23,17,11,17,23,20,9.5,97,8.625,1006,47,25,20,17,116,176,302,,,,météo correcte
2011-09-18,21,16,4,16,21,19,42.2,94,5.875,1008,56.25,21,18,16,293,299,305,,,,météo très défavorable
2011-09-19,20,16,5,16,20,18,33.5,93,8,1010,62.125,20,18,16,293,299,302,,,,météo très défavorable
2011-09-20,21,15,4,15,20,18,18.6,90,8.75,1011,40.125,23,18,15,176,293,356,,,,météo très défavorable
2011-09-21,25,16,9,16,25,19,8.1,88,9,1009,30.875,26,19,16,176,176,176,,,,météo correcte
2011-09-22,21,16,5,16,20,18,27.6,90,8.375,1010,40.5,23,17,16,299,305,176,,,,météo très défavorable
2011-09-23,24,17,10,17,24,20,10.7,96,9.125,1009,45.625,26,19,17,353,116,299,,,,météo correcte
2011-09-24,22,15,6,15,22,19,17.2,92,9.25,1010,47.125,24,18,16,293,299,353,,,,météo très défavorable
2011-09-25,19,15,8,15,19,17,22.8,91,8.375,1011,59.625,19,17,15,293,299,299,,,,météo très défavorable
2011-09-26,18,15,5,15,17,17,56.7,93,6.625,1011,71.375,18,17,16,308,308,299,,,,météo très défavorable
2011-09-27,24,14,10,14,24,17,5.4,91,9.625,1011,12.25,25,16,14,113,113,176,,,,météo favorable
2011-09-28,25,14,10,14,25,17,5.6,93,9.5,1011,11.625,26,17,14,113,113,176,,,,météo favorable
2011-09-29,25,14,11,14,25,17,8.9,94,9.375,1011,13,26,18,14,176,113,176,,,,météo correcte
2011-09-30,26,15,10,15,26,18,6.3,93,9.375,1012,13.125,27,18,15,113,113,176,,,,météo favorable
2011-10-01,25,14,10,14,25,17,7.5,93,9.5,1010,12,26,18,14,113,113,176,,,,météo favorable
2011-10-02,24,14,10,14,24,16,12.4,93,8.875,1011,9.75,25,17,14,176,176,176,,,,météo correcte
2011-10-03,23,14,12,14,23,16,6.9,97,8,1010,30,25,18,14,113,176,353,,,,météo favorable
2011-10-04,23,14,11,14,23,16,11,98,6.75,1013,50.75,25,18,14,176,176,356,,,,météo correcte
2011-10-05,23,14,10,14,23,16,14.2,97,8.5,1015,38,25,19,14,176,176,353,,,,météo défavorable
2011-10-06,24,14,10,14,24,16,21.3,93,7.5,1017,12.25,26,18,14,113,356,356,,,,météo très défavorable
2011-10-07,24,14,10,14,24,16,11,90,8.75,1016,6.125,26,17,14,113,113,356,,,,météo correcte
2011-10-08,25,15,9,15,25,16,6.3,87,9.5,1016,3.875,26,15,15,113,113,176,,,,météo favorable
2011-10-09,25,16,9,16,25,16,3.5,84,9.75,1017,3.625,26,14,16,113,113,113,,,,météo favorable
2011-10-10,26,15,10,15,26,16,0,86,10,1017,2.75,26,14,15,113,113,113,,,,météo idéale
2011-10-11,25,13,12,13,25,16,0,94,9,1018,13.25,26,16,13,113,113,116,,,,météo favorable
2011-10-12,25,14,12,14,25,17,0.1,97,7.625,1017,22.625,26,18,14,113,113,143,,,,météo favorable
2011-10-13,24,13,12,13,24,17,0.4,97,4.75,1014,46.875,26,18,13,248,113,263,,,,météo favorable
2011-10-14,24,13,12,13,24,17,3.5,96,7.875,1014,25.125,26,18,13,113,113,353,,,,météo favorable
2011-10-15,23,13,10,13,23,15,9.7,95,8.25,1013,19,25,17,13,176,176,176,,,,météo correcte
2011-10-16,23,13,10,13,23,15,3,91,9.625,1014,8,25,15,13,113,113,176,,,,météo favorable
2011-10-17,24,14,10,14,24,15,4.8,86,9.625,1016,3.375,25,14,14,113,113,176,,,,météo favorable
2011-10-18,25,13,9,13,25,15,0.1,79,10,1016,0.625,25,11,12,113,113,113,,,,météo favorable
2011-10-19,24,13,10,13,24,14,0,86,10,1014,2.25,25,11,13,113,113,113,,,,météo favorable
2011-10-20,23,13,10,13,23,15,1.2,83,10,1014,6.5,25,13,12,113,113,113,,,,météo favorable
2011-10-21,20,9,10,9,20,13,4.7,83,8.875,1016,24.375,21,10,8,293,113,113,,,,météo favorable
2011-10-22,22,12,9,12,22,12,0.7,84,10,1016,1.75,24,10,12,113,113,113,,,,météo favorable
2011-10-23,22,11,10,11,22,12,0.9,89,9.875,1016,5.75,24,12,11,113,113,176,,,,météo favorable
2011-10-24,22,11,10,11,22,13,3.1,92,9.75,1017,8.125,23,13,11,113,113,176,,,,météo favorable
2011-10-25,22,13,10,13,22,13,5.1,89,9.75,1017,4.25,24,13,13,113,113,176,,,,météo favorable
2011-10-26,23,12,9,12,23,12,0.4,80,10,1017,2.125,24,8,10,113,113,113,,,,météo favorable
2011-10-27,22,11,12,11,22,12,0.2,92,10,1017,7.875,23,12,11,113,113,113,,,,météo favorable
2011-10-28,20,9,12,9,20,11,4.5,96,8.625,1018,19.5,20,13,10,113,113,176,,,,météo favorable
2011-10-29,20,9,11,9,20,11,2.2,93,9.25,1018,16.25,20,12,9,113,113,176,,,,météo favorable
2011-10-30,20,9,11,9,20,10,0.5,94,8.875,1015,12.875,20,12,9,113,113,176,,,,météo favorable
2011-10-31,17,9,8,9,17,11,1.4,89,9.75,1016,14,17,11,9,113,176,176,,,,météo correcte
2011-11-01,17,8,10,8,17,9,2.7,96,8.875,1015,28.75,17,11,8,116,113,353,,,,météo correcte
2011-11-02,17,8,10,8,17,10,4,96,8.5,1015,22,17,12,7,176,176,176,,,,météo correcte
2011-11-03,17,8,10,8,17,10,2.8,98,8.5,1015,34.875,17,12,8,113,176,353,,,,météo correcte
2011-11-04,18,8,10,8,18,10,3.5,95,9.375,1016,14.625,18,12,8,113,113,176,,,,météo favorable
2011-11-05,17,8,9,8,17,9,4.1,93,9,1017,16.625,17,10,8,113,176,176,,,,météo correcte
2011-11-06,17,7,10,7,17,9,4.9,97,8.125,1015,29.5,17,12,7,113,176,176,,,,météo correcte
2011-11-07,18,7,11,7,18,14,0.9,88,9.125,1019,15.375,18,13,7,113,113,176,,,,météo favorable
2011-11-08,21,11,10,11,21,12,0.1,94,8,1019,9.625,23,12,12,113,113,143,,,,météo favorable
2011-11-09,21,11,10,12,21,11,0.1,93,10,1017,6.25,23,12,12,113,113,113,,,,météo favorable
2011-11-10,20,9,11,9,20,11,0.1,95,7.25,1016,26.125,20,13,9,113,113,143,,,,météo favorable
2011-11-11,20,9,11,9,20,13,1.2,97,7.75,1015,40.875,20,14,9,113,113,353,,,,météo favorable
2011-11-12,17,8,10,8,17,11,4.5,99,6.25,1016,67.625,17,14,8,248,353,353,,,,météo défavorable
2011-11-13,18,8,9,8,18,11,8.4,96,8.375,1017,30.375,18,13,9,176,176,176,,,,météo correcte
2011-11-14,18,8,10,8,18,9,6.5,93,9.5,1017,15.25,18,11,9,113,113,176,,,,météo favorable
2011-11-15,17,8,10,8,17,10,1.9,91,9.625,1018,16.25,17,10,8,113,113,176,,,,météo correcte
2011-11-16,16,7,10,7,16,8,6.7,95,9.375,1016,23,16,10,6,113,176,176,,,,météo correcte
2011-11-17,16,7,9,7,16,9,2.6,98,8.875,1016,48.625,16,11,7,116,176,353,,,,météo correcte
2011-11-18,16,8,10,8,16,12,1.2,98,4.375,1016,56.625,16,13,8,143,176,266,,,,météo correcte
2011-11-19,18,8,10,8,18,11,0.5,96,5.875,1018,40.375,18,13,8,143,116,176,,,,météo favorable
2011-11-20,20,8,10,8,20,10,0.1,94,6.625,1020,14.5,20,12,8,143,113,116,,,,météo favorable
2011-11-21,20,9,10,9,20,10,0,88,9.375,1021,4.625,20,10,9,113,113,113,,,,météo favorable
2011-11-22,22,11,9,11,22,11,0,87,10,1020,2.375,23,10,11,113,113,113,,,,météo favorable
2011-11-23,21,11,9,11,21,11,0,87,10,1020,2.625,23,10,11,113,113,113,,,,météo favorable
2011-11-24,22,10,9,10,22,11,0,84,10,1020,2.875,23,9,10,113,113,113,,,,météo favorable
2011-11-25,20,10,10,10,20,10,0,88,10,1019,2.5,20,10,10,113,113,113,,,,météo favorable
2011-11-26,20,8,10,8,20,9,0,90,10,1018,4.5,20,10,8,113,113,113,,,,météo favorable
2011-11-27,20,8,10,8,20,9,0,93,8.625,1017,8.625,20,11,8,113,113,113,,,,météo favorable
2011-11-28,18,7,11,7,18,11,0.1,95,4.875,1014,28.75,18,12,7,143,113,143,,,,météo favorable
2011-11-29,17,9,10,9,17,12,0.8,96,6.125,1014,56.875,17,12,9,116,113,143,,,,météo correcte
2011-11-30,17,9,9,9,17,12,1.1,91,9.625,1015,25.5,17,12,9,116,113,176,,,,météo correcte
2011-12-01,19,9,9,9,19,11,0.3,93,10,1018,10.625,19,12,9,113,113,113,,,,météo favorable
2011-12-02,20,9,10,9,20,11,0.1,95,7.625,1016,14.125,20,11,9,113,113,143,,,,météo favorable
2011-12-03,17,6,10,6,17,11,0.4,94,6,1012,34.75,17,11,6,143,113,119,,,,météo correcte
2011-12-04,15,5,9,5,15,11,1.5,97,6.125,1014,50.75,15,12,6,116,176,263,,,,météo correcte
2011-12-05,17,6,10,6,17,11,0.6,97,5.875,1015,61,17,12,6,116,116,248,,,,météo correcte
2011-12-06,18,7,10,7,18,10,0.1,95,5.375,1017,23.75,18,11,7,143,113,143,,,,météo favorable
2011-12-07,19,8,9,8,19,10,0,90,10,1018,6.125,19,9,8,113,113,113,,,,météo favorable
2011-12-08,19,9,10,9,19,10,0,89,10,1017,3.875,19,9,9,113,113,113,,,,météo favorable
2011-12-09,21,9,8,9,21,11,0,74,10,1016,0.625,21,7,8,113,113,113,,,,météo favorable
2011-12-10,17,6,9,8,17,6,0,83,10,1015,4.875,17,4,6,113,113,113,,,,météo correcte
2011-12-11,15,4,11,4,15,6,0,90,10,1015,9.75,15,5,4,113,113,113,,,,météo correcte
2011-12-12,14,3,10,3,14,7,0,87,10,1017,16.375,14,6,3,113,113,116,,,,météo correcte
2011-12-13,15,4,10,4,15,6,0,91,10,1016,11.75,15,6,4,113,113,113,,,,météo correcte
2011-12-14,14,3,10,3,14,6,0,94,8.625,1016,20.375,14,7,3,113,113,116,,,,météo correcte
2011-12-15,15,3,10,3,15,5,0,94,8.375,1016,13.625,15,6,3,113,113,116,,,,météo correcte
2011-12-16,15,4,10,4,15,6,0,88,10,1018,4.75,15,5,4,113,113,113,,,,météo correcte
2011-12-17,16,4,9,4,16,6,0,87,9.75,1017,5.125,16,5,4,113,113,113,,,,météo correcte
2011-12-18,16,4,9,4,16,7,0,86,10,1018,4.125,16,5,4,113,113,113,,,,météo correcte
2011-12-19,18,6,9,6,18,9,0,80,10,1017,0.75,18,5,6,113,113,113,,,,météo favorable
2011-12-20,19,7,8,7,19,10,0,71,10,1018,0,19,5,6,113,113,113,,,,météo favorable
2011-12-21,18,7,9,7,18,10,0,64,10,1018,0,18,4,5,113,113,113,,,,météo favorable
2011-12-22,19,7,8,7,19,10,0,69,10,1017,0.125,19,4,6,113,113,113,,,,météo favorable
2011-12-23,17,4,9,4,17,7,0,64,10,1016,30.125,17,1,4,113,116,116,,,,météo correcte
2011-12-24,18,6,8,6,18,8,0,66,10,1016,4.375,18,2,5,113,113,113,,,,météo favorable
2011-12-25,17,6,9,6,17,9,0,63,10,1017,1.5,17,2,4,113,113,113,,,,météo correcte
2011-12-26,17,6,10,6,17,8,0,66,10,1017,0,17,2,4,113,113,113,,,,météo correcte
2011-12-27,19,6,10,6,19,9,0,56,10,1018,0,19,0,4,113,113,113,,,,météo favorable
2011-12-28,19,6,10,6,19,9,0,59,10,1019,0,19,1,4,113,113,113,,,,météo favorable
2011-12-29,19,6,8,6,19,10,0,63,10,1019,0,19,3,6,113,113,113,,,,météo favorable
2011-12-30,19,7,9,7,19,10,0,64,10,1020,0,19,4,5,113,113,113,,,,météo favorable
2011-12-31,20,8,9,8,20,11,0,61,10,1020,0.5,20,4,7,113,113,113,,,,météo favorable
2012-01-01,14,7,6,7,14,8,0,55,10,1019,35.25,14,0,7,116,113,116,,,,météo correcte
2012-01-02,12,6,4,6,12,9,3,70,9.75,1017,11,12,5,6,113,176,113,,,,météo défavorable
2012-01-03,16,4,8,4,16,6,0,71,10,1017,1.375,16,1,4,113,113,113,,,,météo correcte
2012-01-04,14,3,8,3,14,5,0,69,10,1016,3.875,14,0,1,113,113,113,,,,météo correcte
2012-01-05,15,3,8,3,15,5,0,72,10,1019,3.125,15,1,2,113,113,113,,,,météo correcte
2012-01-06,17,5,9,5,17,6,0,57,10,1022,1.875,17,0,2,113,113,113,,,,météo correcte
2012-01-07,17,4,10,4,17,7,0,36,10,1024,0.75,17,0,1,113,113,113,,,,météo correcte
2012-01-08,15,3,10,3,15,7,0,30,10,1024,35.75,15,0,0,116,119,113,,,,météo correcte
2012-01-09,7,3,10,3,6,5,5.7,65,9.5,1022,34,7,1,1,116,293,293,,,,météo très défavorable
2012-01-10,16,4,10,4,16,8,0.1,46,10,1022,4.875,16,0,2,113,113,113,,,,météo correcte
2012-01-11,15,3,10,3,15,4,0,46,10,1022,2.75,15,0,0,113,113,113,,,,météo correcte
2012-01-12,15,3,10,3,15,5,0,42,10,1021,0.5,15,0,0,113,113,113,,,,météo correcte
2012-01-13,13,2,12,2,13,5,0,56,10,1022,1.125,13,0,0,113,113,113,,,,météo correcte
2012-01-14,14,3,10,3,14,4,0,78,10,1019,0.375,14,1,3,113,113,113,,,,météo correcte
2012-01-15,14,3,10,3,14,4,0,82,10,1015,2.125,14,1,4,113,113,113,,,,météo correcte
2012-01-16,14,2,9,2,14,5,0.1,79,10,1013,9.375,14,2,2,113,113,113,,,,météo correcte
2012-01-17,11,4,7,4,11,6,1.8,67,9.5,1011,25.375,11,3,2,176,176,113,,,,météo très défavorable
2012-01-18,15,3,9,3,15,6,0,56,10,1015,3.875,15,0,0,113,113,113,,,,météo correcte
2012-01-19,14,2,13,2,14,7,0.1,31,10,1016,4.875,14,0,-1,113,113,113,,,,météo correcte
2012-01-20,15,2,12,2,15,6,0,37,10,1015,3.5,15,0,-1,113,113,113,,,,météo correcte
2012-01-21,14,3,10,3,14,7,0,60,10,1015,2.25,14,0,1,113,113,113,,,,météo correcte
2012-01-22,14,3,10,3,14,6,0,81,10,1016,1.75,14,2,3,113,113,113,,,,météo correcte
2012-01-23,16,5,10,5,16,6,0,74,10,1015,1.625,16,2,4,113,113,113,,,,météo correcte
2012-01-24,13,4,10,4,13,7,0,74,10,1013,1.625,13,2,4,113,113,113,,,,météo correcte
2012-01-25,17,5,10,5,17,8,0,73,10,1015,1,17,3,5,113,113,113,,,,météo correcte
2012-01-26,18,6,8,6,18,9,0,49,10,1015,0.625,18,0,4,113,113,113,,,,météo favorable
2012-01-27,17,5,9,5,17,9,0,47,10,1015,0,17,0,4,113,113,113,,,,météo correcte
2012-01-28,17,5,8,5,17,9,0,48,10,1016,0.125,17,0,3,113,113,113,,,,météo correcte
2012-01-29,18,4,11,4,18,8,0,42,10,1017,0,18,0,1,113,113,113,,,,météo favorable
2012-01-30,17,4,10,4,17,8,0,55,10,1018,0,17,0,3,113,113,113,,,,météo correcte
2012-01-31,17,4,9,4,17,8,0,46,10,1018,0,17,0,3,113,113,113,,,,météo correcte
2012-02-01,17,4,10,4,17,7,0,46,10,1019,0,17,0,1,113,113,113,,,,météo correcte
2012-02-02,17,4,10,4,17,7,0,52,10,1020,13.625,17,0,2,113,113,116,,,,météo correcte
2012-02-03,17,3,10,3,17,7,0,58,10,1019,14.625,17,0,2,113,113,116,,,,météo correcte
2012-02-04,19,5,8,5,19,8,0,49,10,1018,6.125,19,0,4,113,113,113,,,,météo favorable
2012-02-05,20,7,11,7,20,12,0,32,10,1018,13,20,0,5,113,116,113,,,,météo favorable
2012-02-06,22,9,10,9,22,11,0,33,10,1015,1.25,22,0,7,113,113,113,,,,météo favorable
2012-02-07,23,9,10,9,23,11,0,27,10,1016,7.125,22,0,8,113,113,113,,,,météo favorable
2012-02-08,9,5,13,5,9,7,37.3,91,8,1017,58.5,9,6,2,293,299,305,,,,météo très défavorable
2012-02-09,18,2,13,2,18,7,0.1,56,10,1019,3.875,18,1,-1,113,113,113,,,,météo favorable
2012-02-10,18,5,8,5,18,9,0,48,10,1019,0.625,18,0,3,113,113,113,,,,météo favorable
2012-02-11,17,4,9,4,17,9,0,50,10,1019,0.375,17,0,2,113,113,113,,,,météo correcte
2012-02-12,17,3,8,3,17,8,0,51,10,1018,7.5,17,0,2,113,113,113,,,,météo correcte
2012-02-13,18,5,9,5,18,9,0,42,10,1019,10.625,18,0,3,113,113,113,,,,météo favorable
2012-02-14,20,6,10,6,20,10,0.2,48,9.875,1019,8.125,20,1,4,113,113,113,,,,météo favorable
2012-02-15,17,6,12,6,17,10,0.2,40,10,1017,39.375,17,0,4,116,116,116,,,,météo correcte
2012-02-16,15,6,13,6,15,10,0.7,43,9.125,1017,29.125,15,0,3,116,176,113,,,,météo correcte
2012-02-17,18,5,12,5,18,11,1.5,48,9.625,1017,8.75,18,0,3,176,113,113,,,,météo favorable
2012-02-18,20,7,9,7,20,10,0,49,10,1016,11.5,20,0,6,113,113,116,,,,météo favorable
2012-02-19,19,9,11,9,19,10,0,64,10,1015,2.25,19,4,8,113,113,113,,,,météo favorable
2012-02-20,19,7,10,7,19,11,0,73,10,1014,3.875,19,6,7,113,113,113,,,,météo favorable
2012-02-21,19,7,11,7,19,12,0,76,10,1013,6,19,7,7,113,113,113,,,,météo favorable
2012-02-22,21,10,11,10,21,13,0,54,10,1014,3.25,22,4,9,113,113,113,,,,météo favorable
2012-02-23,23,11,10,11,23,15,0,36,10,1014,0,23,0,9,113,113,113,,,,météo favorable
2012-02-24,24,10,11,10,24,15,0,25,10,1013,0.625,23,0,8,113,113,113,,,,météo favorable
2012-02-25,23,10,11,10,23,14,0,25,10,1013,1.75,23,0,9,113,113,113,,,,météo favorable
2012-02-26,22,10,12,10,22,15,0,35,10,1013,1.375,22,0,8,113,113,113,,,,météo favorable
2012-02-27,23,11,10,11,23,15,0,52,10,1012,0,23,5,10,113,113,113,,,,météo favorable
2012-02-28,20,10,8,10,20,12,4.4,57,9.75,1010,25,20,3,9,113,116,293,,,,météo favorable
2012-02-29,18,5,10,5,18,12,4.2,52,9.625,1009,13.625,18,2,3,176,113,113,,,,météo favorable
2012-03-01,18,7,9,7,18,13,0,46,10,1011,5.875,18,1,5,113,113,113,,,,météo favorable
2012-03-02,17,7,11,7,17,12,0,47,10,1011,4.5,17,1,5,113,113,113,,,,météo correcte
2012-03-03,18,7,12,7,18,12,0,52,10,1010,4.75,18,2,6,113,113,113,,,,météo favorable
2012-03-04,19,8,12,8,19,13,0,58,10,1011,3.625,19,5,7,113,113,113,,,,météo favorable
2012-03-05,21,8,11,8,21,14,0,64,10,1012,7,22,6,9,113,113,113,,,,météo favorable
2012-03-06,22,10,10,10,22,16,0.3,48,10,1010,7.125,23,3,9,113,113,113,,,,météo favorable
2012-03-07,21,8,12,8,21,15,1.3,40,9.875,1009,8.125,23,1,6,113,113,113,,,,météo favorable
2012-03-08,23,9,12,9,23,15,0,33,10,1012,1,23,0,7,113,113,113,,,,météo favorable
2012-03-09,23,7,14,7,23,15,0,30,10,1014,0,23,0,4,113,113,113,,,,météo favorable
2012-03-10,22,8,12,8,22,15,0,26,10,1016,0,22,0,6,113,113,113,,,,météo favorable
2012-03-11,24,8,12,8,24,15,0,22,10,1017,0,23,0,6,113,113,113,,,,météo favorable
2012-03-12,23,9,12,9,23,15,0,24,10,1018,13.25,23,0,7,113,113,116,,,,météo favorable
2012-03-13,19,7,10,7,15,13,12.1,72,9.375,1018,40.25,20,4,5,293,176,113,,,,météo correcte
2012-03-14,21,9,9,9,21,15,0.1,42,10,1016,3.375,21,2,8,113,113,113,,,,météo favorable
2012-03-15,18,8,11,8,18,14,0,47,10,1014,5.125,18,3,7,113,113,113,,,,météo favorable
2012-03-16,22,9,13,9,22,17,0,51,10,1015,0.625,22,6,7,113,113,113,,,,météo favorable
2012-03-17,22,11,11,11,22,16,0,57,10,1012,3,23,5,11,113,113,113,,,,météo favorable
2012-03-18,23,11,11,11,23,17,0,64,10,1014,4.5,24,7,11,113,113,113,,,,météo favorable
2012-03-19,23,11,12,11,23,18,0,73,10,1016,11.75,25,12,11,113,113,116,,,,météo favorable
2012-03-20,25,12,12,12,25,19,0,71,10,1015,10.125,25,11,12,113,113,113,,,,météo favorable
2012-03-21,26,15,12,15,26,22,0,51,10,1014,2.125,25,7,14,113,113,113,,,,météo idéale
2012-03-22,27,15,11,15,27,21,0,31,10,1013,0,25,3,14,113,113,113,,,,météo idéale
2012-03-23,26,14,12,14,26,21,0,40,10,1015,0.125,24,6,14,113,113,113,,,,météo favorable
2012-03-24,25,14,12,14,25,20,0,58,10,1016,2.125,24,6,14,113,113,113,,,,météo favorable
2012-03-25,25,13,14,13,25,20,0.2,54,10,1015,4.75,25,7,13,113,113,113,,,,météo favorable
2012-03-26,27,15,10,15,27,21,0,45,10,1016,2.625,25,5,14,113,113,113,,,,météo idéale
2012-03-27,27,15,12,15,27,20,0.4,32,10,1017,4.625,25,3,14,113,113,113,,,,météo idéale
2012-03-28,28,14,10,14,28,21,0,29,10,1018,6,26,2,13,113,113,113,,,,météo favorable
2012-03-29,27,15,12,15,27,22,0,25,10,1016,0.125,25,1,14,113,113,113,,,,météo idéale
2012-03-30,27,15,14,15,27,22,0,32,10,1015,0.125,25,4,15,113,113,113,,,,météo idéale
2012-03-31,26,14,11,14,26,21,7.5,47,9.25,1019,5.75,25,9,13,176,113,176,,,,météo favorable
2012-04-01,27,15,12,15,27,22,0.2,49,10,1018,4.625,26,10,15,113,113,113,,,,météo idéale
2012-04-02,28,15,10,15,28,23,1.4,48,10,1018,4.375,26,10,15,113,113,113,,,,météo idéale
2012-04-03,25,15,10,15,25,20,8.1,48,9.625,1018,15.625,25,10,14,176,113,113,,,,météo correcte
2012-04-04,25,13,10,13,25,19,14,58,8.5,1017,17.5,25,10,12,176,176,356,,,,météo défavorable
2012-04-05,26,13,9,13,26,20,4.6,51,9.5,1014,10.25,25,9,12,176,113,113,,,,météo favorable
2012-04-06,22,13,11,13,22,19,14.4,66,8.625,1013,13.375,24,12,13,113,176,356,,,,météo défavorable
2012-04-07,23,11,9,11,23,19,8.9,59,9.25,1013,11.875,24,11,11,113,176,356,,,,météo correcte
2012-04-08,23,12,12,12,23,19,11.1,70,9.125,1012,12,24,13,12,113,113,356,,,,météo correcte
2012-04-09,23,12,13,12,23,19,17.5,75,8.625,1012,18.5,25,14,12,113,113,356,,,,météo très défavorable
2012-04-10,22,13,10,13,22,18,20.2,76,8.125,1012,19,24,14,12,176,386,356,,,,météo très défavorable
2012-04-11,23,12,10,12,23,20,12.3,64,8.625,1012,12,25,13,12,176,176,356,,,,météo correcte
2012-04-12,24,13,11,13,24,19,6,52,9.375,1012,8.625,24,9,12,113,113,356,,,,météo favorable
2012-04-13,25,13,9,13,25,21,0,39,10,1012,7.75,24,7,12,113,113,113,,,,météo favorable
2012-04-14,25,14,11,14,25,20,0.5,38,9.875,1014,24.5,24,6,13,176,113,113,,,,météo favorable
2012-04-15,23,13,9,13,23,16,4.1,54,9.625,1014,22.125,23,7,12,113,113,176,,,,météo favorable
2012-04-16,24,13,12,13,24,20,0.6,45,10,1011,3.625,24,7,11,113,113,113,,,,météo favorable
2012-04-17,26,14,11,14,26,21,0.2,48,10,1010,6.25,25,10,13,113,113,113,,,,météo favorable
2012-04-18,28,16,11,16,28,23,0,38,10,1010,4.5,26,8,15,113,113,113,,,,météo idéale
2012-04-19,28,16,12,16,28,24,0,38,10,1010,3.375,26,9,15,113,113,113,,,,météo idéale
2012-04-20,27,17,13,17,27,23,5,58,9.375,1012,7.125,27,14,17,113,113,356,,,,météo favorable
2012-04-21,27,16,13,16,27,23,9.7,59,9.125,1012,10,27,15,16,113,113,356,,,,météo correcte
2012-04-22,28,17,12,17,28,25,0,37,10,1008,2.375,26,9,16,113,113,113,,,,météo idéale
2012-04-23,27,16,13,16,27,24,0,27,10,1009,0,26,4,15,113,113,113,,,,météo idéale
2012-04-24,29,16,10,16,29,25,0,27,10,1011,0,27,5,16,113,113,113,,,,météo idéale
2012-04-25,27,17,10,17,27,23,0,26,10,1012,9.125,26,2,16,113,116,113,,,,météo favorable
2012-04-26,30,17,10,17,30,27,0,26,10,1013,0.25,28,5,16,113,113,113,,,,météo idéale
2012-04-27,29,17,12,17,29,24,0.4,27,10,1011,1.625,27,4,17,113,113,113,,,,météo idéale
2012-04-28,28,16,12,16,28,21,1.3,32,9.875,1008,6,26,3,14,113,113,176,,,,météo idéale
2012-04-29,26,15,10,15,26,21,0.1,33,10,1008,12.25,25,2,14,113,116,116,,,,météo favorable
2012-04-30,29,13,11,13,29,21,2.3,39,9.875,1008,9.25,27,3,12,176,113,113,,,,météo favorable
2012-05-01,26,13,10,13,26,18,3.4,33,9.375,1010,17.5,24,2,12,113,176,176,,,,météo favorable
2012-05-02,28,17,11,17,28,25,0,29,10,1011,2.875,26,3,16,113,113,113,,,,météo idéale
2012-05-03,28,16,12,16,27,25,0.6,28,10,1011,0,26,5,15,113,113,113,,,,météo idéale
2012-05-04,27,15,13,15,27,24,1.1,32,10,1011,0.625,26,7,15,113,113,113,,,,météo idéale
2012-05-05,26,14,10,14,26,20,4.8,43,9.625,1013,5.375,25,7,14,113,113,356,,,,météo favorable
2012-05-06,26,14,12,14,26,22,5.9,56,9.625,1012,7.5,25,12,13,176,113,176,,,,météo favorable
2012-05-07,27,16,13,16,27,23,5.9,54,9.5,1010,8.625,27,13,15,113,113,176,,,,météo favorable
2012-05-08,29,17,12,17,29,25,1.7,46,10,1010,4.75,28,13,17,113,113,113,,,,météo idéale
2012-05-09,28,17,10,17,28,24,20.1,58,7.875,1013,8.5,28,16,16,356,113,356,,,,météo très défavorable
2012-05-10,27,17,11,17,27,23,24.6,64,8.125,1014,11,27,16,17,113,176,359,,,,météo très défavorable
2012-05-11,27,17,12,17,27,23,16.8,67,8.5,1012,12.5,27,16,17,113,176,356,,,,météo très défavorable
2012-05-12,27,17,12,17,27,23,13.2,62,8.75,1009,8.875,27,15,17,113,113,356,,,,météo défavorable
2012-05-13,29,17,13,17,29,25,0.7,43,9.875,1008,4.375,28,12,17,113,113,113,,,,météo idéale
2012-05-14,31,19,12,19,31,28,0,37,10,1009,0.625,29,12,19,113,113,113,,,,météo idéale
2012-05-15,30,19,13,19,30,27,0.1,35,10,1009,1.375,28,11,19,113,113,113,,,,météo idéale
2012-05-16,29,18,12,18,29,25,0,38,10,1009,1.75,28,10,18,113,113,113,,,,météo idéale
2012-05-17,30,19,13,19,30,24,0.4,49,10,1008,3.375,28,12,19,113,113,113,,,,météo idéale
2012-05-18,29,18,11,18,29,24,14.3,64,8.875,1009,9,28,17,18,113,113,356,,,,météo défavorable
2012-05-19,29,18,12,18,29,23,7.5,58,9.375,1010,6.875,28,15,18,113,113,176,,,,météo favorable
2012-05-20,30,18,13,18,30,24,1.7,48,9.875,1010,5.25,28,12,18,113,113,113,,,,météo idéale
2012-05-21,30,19,14,19,30,27,0,39,10,1008,3.25,29,12,19,113,113,113,,,,météo idéale
2012-05-22,32,20,13,20,31,29,0,35,10,1008,0,30,12,20,113,113,113,,,,météo idéale
2012-05-23,32,21,14,21,32,30,0,27,10,1008,0,31,9,21,113,113,113,,,,météo idéale
2012-05-24,31,20,15,20,31,27,0,38,10,1006,1,29,11,20,113,113,113,,,,météo idéale
2012-05-25,31,21,14,21,31,26,1.5,55,9.75,1006,5.25,30,16,21,113,113,176,,,,météo idéale
2012-05-26,29,19,11,19,29,25,13.1,66,8.75,1007,16.375,30,18,19,176,176,356,,,,météo défavorable
2012-05-27,31,20,13,20,31,26,0.4,50,10,1006,5.875,31,14,20,113,113,113,,,,météo idéale
2012-05-28,31,20,14,20,31,26,0.7,61,10,1006,7.875,31,15,20,113,113,113,,,,météo idéale
2012-05-29,31,20,13,20,31,27,1.2,56,9.625,1007,10.125,31,17,20,113,113,176,,,,météo idéale
2012-05-30,31,20,12,20,31,27,8.2,56,9.375,1006,8,31,18,20,113,113,356,,,,météo correcte
2012-05-31,29,20,12,20,29,27,11.4,67,9,1005,14.75,35,21,21,113,176,356,,,,météo correcte
2012-06-01,30,19,12,19,30,26,12.7,69,8.625,1005,15.75,34,21,20,113,176,356,,,,météo correcte
2012-06-02,29,19,11,19,29,23,14.2,72,8.375,1004,16.625,33,21,20,113,176,356,,,,météo défavorable
2012-06-03,30,19,13,19,30,24,11.4,63,8.875,1002,6.625,32,18,19,113,113,356,,,,météo correcte
2012-06-04,32,20,12,20,32,28,0.6,35,10,1003,0.625,33,13,21,113,113,113,,,,météo idéale
2012-06-05,31,19,14,19,31,26,1.2,46,9.875,1005,4.75,31,15,20,113,113,113,,,,météo idéale
2012-06-06,29,18,13,18,29,25,7.7,60,9.25,1004,13.5,32,19,19,113,113,356,,,,météo favorable
2012-06-07,31,19,12,19,31,27,1.4,48,9.875,1005,8.75,32,16,20,113,113,113,,,,météo idéale
2012-06-08,29,19,12,19,29,26,11.5,64,8.5,1005,16.875,32,20,20,113,176,356,,,,météo correcte
2012-06-09,31,19,14,19,31,26,0.7,52,10,1005,6.875,32,17,20,113,113,113,,,,météo idéale
2012-06-10,30,19,13,19,30,24,2.4,57,9.75,1003,5.375,31,16,20,113,113,113,,,,météo idéale
2012-06-11,30,20,13,20,30,25,4.3,60,9.75,1004,7,31,18,20,113,113,176,,,,météo favorable
2012-06-12,30,19,13,19,30,25,5.3,62,9.625,1005,9.875,32,19,20,113,113,176,,,,météo favorable
2012-06-13,30,20,12,20,30,26,7,70,9.25,1006,16.625,33,21,20,113,176,356,,,,météo favorable
2012-06-14,30,21,12,21,30,26,8.5,71,9.125,1005,16.5,35,22,21,113,176,176,,,,météo correcte
2012-06-15,29,20,13,20,29,25,10.1,80,9,1003,18.125,34,23,21,113,176,356,,,,météo correcte
2012-06-16,30,21,13,21,30,25,5.5,74,9.625,1002,14.125,33,21,21,113,176,176,,,,météo favorable
2012-06-17,28,20,12,20,28,24,9,83,8.875,1002,17.25,32,22,21,113,176,356,,,,météo correcte
2012-06-18,28,19,11,19,27,25,8.2,87,8.875,1004,25.125,33,22,19,176,176,356,,,,météo correcte
2012-06-19,28,19,11,19,28,25,18.7,86,8.375,1002,26.25,34,23,20,113,176,356,,,,météo très défavorable
2012-06-20,28,20,11,20,28,25,20.1,81,8.25,1001,24.25,34,23,21,113,176,356,,,,météo très défavorable
2012-06-21,27,20,9,20,26,25,57,89,7.25,1002,41.25,34,23,21,305,176,176,,,,météo très défavorable
2012-06-22,27,19,11,19,27,23,21.8,91,8.125,1004,43.5,32,23,20,176,176,356,,,,météo très défavorable
2012-06-23,26,19,10,19,26,22,21.9,91,8.375,1003,37.375,31,23,20,116,176,356,,,,météo très défavorable
2012-06-24,22,18,7,18,21,21,66.6,91,6.375,1001,61.625,27,22,18,305,299,299,,,,météo très défavorable
2012-06-25,26,18,10,18,26,24,12.7,86,8.75,1000,37.625,32,23,19,353,176,176,,,,météo correcte
2012-06-26,27,19,12,19,27,24,12.7,78,8.625,1001,17.25,32,22,19,176,176,356,,,,météo correcte
2012-06-27,28,18,11,18,28,25,10.8,72,8.75,1003,18,32,21,19,113,176,356,,,,météo correcte
2012-06-28,28,18,12,18,28,25,7.2,79,8.75,1004,21.25,34,23,19,176,176,176,,,,météo favorable
2012-06-29,30,20,13,20,30,25,5.6,78,9.375,1004,15.875,33,22,20,113,113,176,,,,météo favorable
2012-06-30,29,20,12,20,29,26,8,76,8.75,1004,16.625,35,23,21,113,176,356,,,,météo correcte
2012-07-01,28,20,12,20,28,25,12.5,80,9.125,1004,19.25,35,24,20,113,176,176,,,,météo correcte
2012-07-02,28,20,12,20,28,24,17.6,86,8.125,1005,25.625,35,24,21,176,176,356,,,,météo très défavorable
2012-07-03,26,19,8,19,26,23,19.4,92,7.375,1003,50.5,32,24,20,176,263,356,,,,météo très défavorable
2012-07-04,25,21,5,21,23,22,29.1,89,8.25,1002,60.75,30,22,22,302,308,353,,,,météo très défavorable
2012-07-05,24,18,5,18,22,22,44.7,86,8,1004,51.25,28,21,19,356,305,353,,,,météo très défavorable
2012-07-06,24,18,6,18,24,23,30.2,85,8,1003,54.75,30,23,19,299,299,356,,,,météo très défavorable
2012-07-07,26,18,10,18,26,23,22.7,86,7.75,1003,42.75,31,22,19,299,263,176,,,,météo très défavorable
2012-07-08,27,20,10,20,26,24,24.1,85,8.375,1003,41.375,33,23,21,299,176,176,,,,météo très défavorable
2012-07-09,27,19,11,19,27,24,15.2,90,8.375,1006,41.25,34,24,20,353,176,356,,,,météo défavorable
2012-07-10,27,19,13,19,27,24,16,89,8.625,1007,33.375,34,24,20,113,176,356,,,,météo très défavorable
2012-07-11,27,19,12,19,27,23,26.8,92,7.875,1007,44.875,33,24,20,353,356,356,,,,météo très défavorable
2012-07-12,25,19,10,19,25,22,26.7,94,7.75,1006,46.75,31,24,19,176,176,356,,,,météo très défavorable
2012-07-13,23,20,7,20,21,23,146.4,93,6.875,1006,55,27,22,21,305,305,176,,,,météo très défavorable
2012-07-14,26,18,12,18,26,23,36,92,7.75,1004,43.125,32,24,19,176,176,356,,,,météo très défavorable
2012-07-15,26,20,11,20,26,23,113.9,91,6.875,1006,56.5,32,24,21,305,176,176,,,,météo très défavorable
2012-07-16,27,18,11,18,27,23,8.1,89,8.375,1006,41,33,24,19,116,176,353,,,,météo correcte
2012-07-17,27,17,12,17,27,23,7.6,90,7.25,1007,47.625,32,24,18,248,176,353,,,,météo favorable
2012-07-18,26,18,10,18,26,23,9.5,91,8.125,1003,43,33,24,19,116,176,176,,,,météo correcte
2012-07-19,25,18,10,18,25,23,12.4,91,7.875,1002,48.5,31,24,19,116,263,299,,,,météo correcte
2012-07-20,28,18,13,18,28,23,9.9,91,8.5,1006,42.875,33,23,19,113,176,356,,,,météo correcte
2012-07-21,27,18,11,18,27,24,8.9,88,9.375,1006,37.75,33,24,19,116,176,353,,,,météo correcte
2012-07-22,27,18,11,18,27,23,8.2,92,8.5,1005,51,34,25,19,116,176,353,,,,météo correcte
2012-07-23,26,20,9,20,26,24,23.6,89,7.125,1002,47,33,24,21,293,353,353,,,,météo très défavorable
2012-07-24,23,19,5,19,23,22,30.9,87,7.5,1002,50.875,29,24,20,299,302,293,,,,météo très défavorable
2012-07-25,25,18,8,18,24,24,12.9,88,8.375,1004,39.25,31,24,19,176,293,176,,,,météo correcte
2012-07-26,28,19,10,19,28,24,14.8,86,8.75,1004,26.875,34,23,19,116,176,356,,,,météo défavorable
2012-07-27,28,19,12,19,28,24,12.2,90,8.75,1004,32,34,24,19,113,113,356,,,,météo correcte
2012-07-28,27,20,11,20,27,23,15.6,93,8.375,1003,45.25,32,24,20,176,176,356,,,,météo défavorable
2012-07-29,27,19,11,19,27,23,16,92,8.125,1004,55.5,33,24,20,143,176,356,,,,météo très défavorable
2012-07-30,27,19,10,19,27,24,8.2,88,8.375,1004,49.375,34,24,20,293,113,176,,,,météo correcte
2012-07-31,26,18,11,18,26,23,6.9,90,7.5,1004,46,31,22,19,143,176,353,,,,météo favorable
2012-08-01,26,18,11,18,26,23,7.7,91,9.5,1003,59.875,32,24,18,353,176,353,,,,météo correcte
2012-08-02,26,18,10,18,26,24,17.6,89,8,1002,56.25,31,24,19,116,353,353,,,,météo très défavorable
2012-08-03,25,17,6,17,24,23,17.7,85,7.75,1004,40.375,31,23,18,116,293,176,,,,météo très défavorable
2012-08-04,28,18,10,18,28,25,13.8,79,8.625,1004,19.875,34,22,19,113,113,176,,,,météo défavorable
2012-08-05,28,18,11,18,28,25,23.8,81,8.125,1005,19,34,23,19,113,176,176,,,,météo très défavorable
2012-08-06,28,19,12,19,28,24,20.8,85,8.25,1006,22,34,24,19,113,176,356,,,,météo très défavorable
2012-08-07,27,18,12,18,27,24,17.2,88,8.625,1006,36.75,32,24,18,116,176,176,,,,météo très défavorable
2012-08-08,26,17,9,17,26,23,12.5,89,8.125,1006,34.75,33,24,18,143,176,353,,,,météo correcte
2012-08-09,28,18,10,18,28,25,13.7,80,8.75,1006,24.5,33,22,19,299,113,176,,,,météo défavorable
2012-08-10,29,18,12,18,29,24,12.5,81,8.75,1005,13.375,33,23,19,113,113,176,,,,météo correcte
2012-08-11,28,18,12,18,28,23,20.9,90,8.125,1008,28.875,33,24,19,176,176,356,,,,météo très défavorable
2012-08-12,26,17,10,17,26,22,13.3,90,8.625,1007,31,31,23,18,113,176,356,,,,météo défavorable
2012-08-13,26,17,11,17,26,22,8.7,91,9.25,1006,33.5,31,23,18,113,176,176,,,,météo correcte
2012-08-14,28,18,12,18,28,24,14.8,83,8.5,1007,20,33,22,19,176,113,356,,,,météo défavorable
2012-08-15,28,17,12,17,28,24,9.3,86,9.25,1008,21.375,34,24,18,113,113,176,,,,météo correcte
2012-08-16,29,19,13,19,29,24,4.8,84,9.5,1007,16.875,34,23,19,113,113,176,,,,météo favorable
2012-08-17,29,19,10,19,28,25,1.7,75,9.5,1007,16.25,32,21,20,176,176,113,,,,météo favorable
2012-08-18,27,19,11,19,27,24,5.4,87,9.125,1007,22.625,33,24,20,176,176,176,,,,météo favorable
2012-08-19,28,19,12,19,28,23,6.6,89,9.25,1007,32.25,33,23,19,176,113,353,,,,météo favorable
2012-08-20,26,16,10,16,26,23,8.6,92,9.375,1006,43.5,32,23,17,353,176,353,,,,météo correcte
2012-08-21,26,16,9,16,26,23,9.1,90,9.375,1006,41.375,31,23,17,116,176,353,,,,météo correcte
2012-08-22,25,16,9,16,25,22,11.2,92,6.875,1009,47.125,31,23,17,143,176,356,,,,météo correcte
2012-08-23,25,17,9,17,25,22,4,92,7.125,1009,49.375,29,22,18,248,176,176,,,,météo favorable
2012-08-24,24,16,10,16,24,21,27.7,97,5.75,1008,73.5,30,24,17,248,353,359,,,,météo très défavorable
2012-08-25,26,17,12,17,26,22,19,91,9,1009,43.25,32,23,18,116,176,353,,,,météo très défavorable
2012-08-26,28,17,12,17,28,23,17.5,86,8.5,1009,18,33,23,19,113,113,356,,,,météo très défavorable
2012-08-27,27,17,12,17,27,23,14.2,87,8.5,1008,23,33,23,18,113,176,356,,,,météo défavorable
2012-08-28,27,17,12,17,27,23,10.7,88,7.125,1009,25,32,24,18,113,176,176,,,,météo correcte
2012-08-29,27,17,11,17,27,23,14.4,88,8.75,1010,20.5,32,23,18,113,176,176,,,,météo défavorable
2012-08-30,27,18,11,18,27,23,12.7,88,8.75,1009,23.375,32,23,18,113,113,356,,,,météo correcte
2012-08-31,27,18,12,18,27,23,13.9,90,8.75,1009,29.375,31,23,18,113,176,356,,,,météo défavorable
2012-09-01,27,16,12,16,27,23,6.7,90,8,1007,33.875,32,23,17,143,176,176,,,,météo favorable
2012-09-02,27,19,11,19,27,23,35.1,94,7.375,1009,49.125,32,24,20,293,176,356,,,,météo très défavorable
2012-09-03,25,17,9,17,25,22,49.5,93,6.125,1008,47.125,30,23,18,359,176,356,,,,météo très défavorable
2012-09-04,27,17,11,17,27,22,30.9,90,7.25,1009,32,32,23,18,356,176,356,,,,météo très défavorable
2012-09-05,26,17,12,17,26,21,16,96,7.625,1013,45.25,30,22,17,116,176,356,,,,météo très défavorable
2012-09-06,26,16,11,16,26,21,5.5,91,8.25,1013,39.125,29,21,18,113,176,353,,,,météo favorable
2012-09-07,28,17,12,17,28,22,5,86,9.25,1013,22.5,31,21,18,113,113,176,,,,météo favorable
2012-09-08,29,18,12,18,29,23,8.8,84,9,1011,13.25,32,22,19,113,113,356,,,,météo correcte
2012-09-09,28,19,11,19,28,23,5.7,87,9.25,1011,15.875,31,22,20,113,113,176,,,,météo favorable
2012-09-10,27,17,11,17,27,22,12,91,8.875,1010,22.25,31,23,17,113,113,176,,,,météo correcte
2012-09-11,24,17,9,17,24,21,9.5,90,8.75,1010,26.625,28,22,17,176,176,356,,,,météo correcte
2012-09-12,26,17,10,17,26,22,10.8,93,8.875,1008,33.375,31,23,18,176,176,356,,,,météo correcte
2012-09-13,27,16,10,16,27,21,15,91,7,1008,33.375,31,22,16,143,113,176,,,,météo défavorable
2012-09-14,24,16,9,16,24,20,26.3,96,8.375,1007,49.25,29,22,17,176,176,299,,,,météo très défavorable
2012-09-15,20,15,6,15,19,18,61.2,92,6.875,1006,65.5,25,20,16,176,308,299,,,,météo très défavorable
2012-09-16,26,15,11,15,26,20,14.9,97,6.625,1007,43.75,30,22,16,143,176,356,,,,météo défavorable
2012-09-17,21,17,5,17,21,19,19.7,93,8.25,1012,55.5,26,20,17,299,299,176,,,,météo très défavorable
2012-09-18,24,16,9,16,24,20,3.3,84,9.875,1012,41.25,28,20,17,116,116,116,,,,météo favorable
2012-09-19,25,16,10,16,25,20,4.1,85,9.875,1010,30.5,29,19,18,353,116,113,,,,météo favorable
2012-09-20,26,16,11,16,26,19,7.8,90,9.125,1010,24.625,29,21,17,176,113,356,,,,météo favorable
2012-09-21,26,16,12,16,26,19,10.4,91,8.875,1010,16.25,29,21,16,113,176,176,,,,météo correcte
2012-09-22,26,16,11,16,26,19,13.8,90,8.5,1011,11.125,29,21,16,113,176,356,,,,météo défavorable
2012-09-23,27,16,11,16,27,18,9.5,88,9.125,1010,8.125,29,19,16,113,113,356,,,,météo correcte
2012-09-24,27,16,11,16,27,18,5.3,85,9.625,1009,6,28,17,17,113,113,176,,,,météo favorable
2012-09-25,26,16,11,16,26,18,3,86,9.625,1012,6.125,28,17,17,113,113,176,,,,météo favorable
2012-09-26,27,15,11,15,27,18,2.5,87,9.75,1014,7,29,17,16,113,113,176,,,,météo idéale
2012-09-27,25,16,11,16,25,19,0.3,85,10,1016,7.125,28,18,16,113,113,113,,,,météo idéale
2012-09-28,27,16,12,16,27,19,1.1,89,9.875,1014,11.125,30,19,16,113,113,176,,,,météo idéale
2012-09-29,28,16,11,16,28,19,2.9,87,9.875,1015,8,30,18,17,113,113,113,,,,météo idéale
2012-09-30,27,16,12,16,27,18,3.3,90,9.625,1014,10.125,29,19,17,113,113,176,,,,météo favorable
2012-10-01,26,15,12,15,26,18,6.4,92,9.375,1014,13.5,29,20,16,113,113,176,,,,météo favorable
2012-10-02,25,14,11,14,25,17,10.1,91,9,1014,14.5,28,20,15,113,113,176,,,,météo correcte
2012-10-03,26,15,11,15,26,17,4.5,87,9.625,1011,10.125,28,16,15,113,113,113,,,,météo favorable
2012-10-04,25,14,10,14,25,17,11.3,86,8.75,1009,7.25,28,18,15,113,113,356,,,,météo correcte
2012-10-05,26,14,11,14,26,16,1.8,83,9.75,1013,8.125,27,15,15,113,113,176,,,,météo favorable
2012-10-06,26,15,10,15,26,16,0,76,10,1014,1.5,27,13,15,113,113,113,,,,météo idéale
2012-10-07,27,15,10,15,27,16,0,75,10,1015,0.875,27,13,15,113,113,113,,,,météo idéale
2012-10-08,27,15,9,15,27,17,0,75,10,1015,0.875,28,13,15,113,113,113,,,,météo idéale
2012-10-09,26,15,11,15,26,15,0,79,10,1015,2.875,26,13,15,113,113,113,,,,météo idéale
2012-10-10,25,12,11,12,25,15,0.2,83,10,1015,5.25,26,13,12,113,113,113,,,,météo favorable
2012-10-11,26,14,9,14,26,16,0,73,10,1015,0.125,26,12,14,113,113,113,,,,météo favorable
2012-10-12,26,13,10,13,26,16,0,74,10,1015,0,26,12,14,113,113,113,,,,météo favorable
2012-10-13,25,13,10,13,25,15,0,74,10,1016,0.25,25,12,13,113,113,113,,,,météo favorable
2012-10-14,25,13,10,13,25,14,0,74,10,1016,0.25,25,10,12,113,113,113,,,,météo favorable
2012-10-15,24,12,12,12,24,13,0,84,10,1017,3.125,25,11,13,113,113,113,,,,météo favorable
2012-10-16,24,13,10,13,24,13,0,78,10,1019,2,25,10,13,113,113,113,,,,météo favorable
2012-10-17,25,13,9,13,25,15,0,70,10,1019,0,25,10,12,113,113,113,,,,météo favorable
2012-10-18,25,13,9,13,25,15,0,72,10,1018,0,25,10,12,113,113,113,,,,météo favorable
2012-10-19,25,12,9,12,25,14,0,72,10,1018,0,25,10,12,113,113,113,,,,météo favorable
2012-10-20,24,12,11,12,24,14,0,76,10,1018,0.375,25,10,12,113,113,113,,,,météo favorable
2012-10-21,24,12,10,12,24,15,0,78,10,1019,0.75,25,11,12,113,113,113,,,,météo favorable
2012-10-22,25,13,9,13,25,15,0,73,10,1019,0.25,25,11,12,113,113,113,,,,météo favorable
2012-10-23,25,12,9,12,25,14,0,69,10,1018,0,25,9,12,113,113,113,,,,météo favorable
2012-10-24,24,12,9,12,24,13,0,66,10,1015,0,25,8,11,113,113,113,,,,météo favorable
2012-10-25,22,11,11,11,22,12,0,74,10,1015,1.625,24,8,12,113,113,113,,,,météo favorable
2012-10-26,23,11,9,11,23,12,0,69,10,1016,0.125,23,7,10,113,113,113,,,,météo favorable
2012-10-27,24,11,9,11,24,12,0,64,10,1017,0,24,6,9,113,113,113,,,,météo favorable
2012-10-28,24,11,10,11,24,12,0,67,10,1018,0,24,7,10,113,113,113,,,,météo favorable
2012-10-29,25,11,9,11,25,13,0,70,10,1017,0,25,9,11,113,113,113,,,,météo favorable
2012-10-30,25,12,10,12,25,13,0,71,10,1017,0,25,9,11,113,113,113,,,,météo favorable
2012-10-31,25,11,10,11,25,13,0,73,10,1018,0,25,9,11,113,113,113,,,,météo favorable
2012-11-01,23,11,11,11,23,13,0,76,10,1017,0.25,24,10,11,113,113,113,,,,météo favorable
2012-11-02,23,10,10,10,23,12,0,58,10,1015,0.75,24,5,11,113,113,113,,,,météo favorable
2012-11-03,23,10,10,10,23,11,0,78,10,1016,0.875,24,8,10,113,113,113,,,,météo favorable
2012-11-04,22,10,10,10,22,12,0,78,10,1015,0.875,24,9,10,113,113,113,,,,météo favorable
2012-11-05,23,10,9,10,23,13,0,72,10,1016,0.625,24,9,10,113,113,113,,,,météo favorable
2012-11-06,23,11,9,11,23,12,0,62,10,1016,0,24,6,10,113,113,113,,,,météo favorable
2012-11-07,22,10,9,10,22,12,0,68,10,1016,0,23,6,9,113,113,113,,,,météo favorable
2012-11-08,21,9,10,9,21,10,0,76,10,1013,0.5,22,6,8,113,113,113,,,,météo favorable
2012-11-09,19,8,12,8,19,8,0,86,10,1015,3,20,8,8,113,113,113,,,,météo favorable
2012-11-10,21,9,9,9,21,10,0,77,10,1017,1.25,24,7,9,113,113,113,,,,météo favorable
2012-11-11,22,9,8,9,22,11,0,71,10,1017,0,23,6,9,113,113,113,,,,météo favorable
2012-11-12,21,9,10,9,21,10,0,70,10,1017,1.125,23,5,8,113,113,113,,,,météo favorable
2012-11-13,20,9,10,9,20,9,0,72,10,1018,6.25,24,6,8,113,113,113,,,,météo favorable
2012-11-14,20,10,10,10,20,10,0,77,10,1015,1.375,23,6,9,113,113,113,,,,météo favorable
2012-11-15,21,9,11,9,21,10,0,74,10,1018,0,22,7,8,113,113,113,,,,météo favorable
2012-11-16,23,9,9,9,23,11,0,73,10,1021,0,24,7,8,113,113,113,,,,météo favorable
2012-11-17,24,10,8,10,24,12,0,66,10,1018,0,24,6,10,113,113,113,,,,météo favorable
2012-11-18,24,10,8,10,24,12,0,58,10,1017,0,24,4,10,113,113,113,,,,météo favorable
2012-11-19,24,10,10,10,24,11,0,52,10,1017,0,24,2,9,113,113,113,,,,météo favorable
2012-11-20,22,10,9,10,22,11,0,65,10,1017,0,23,6,9,113,113,113,,,,météo favorable
2012-11-21,22,9,9,9,22,11,0,69,10,1018,0,23,7,9,113,113,113,,,,météo favorable
2012-11-22,22,10,9,10,22,12,0,73,10,1015,0,23,8,9,113,113,113,,,,météo favorable
2012-11-23,21,10,8,10,21,10,0,69,10,1015,1.625,23,5,9,113,113,113,,,,météo favorable
2012-11-24,21,8,9,8,21,10,0,31,10,1015,0.75,23,0,7,113,113,113,,,,météo favorable
2012-11-25,18,8,11,8,18,8,0,77,10,1014,0.375,19,5,7,113,113,113,,,,météo favorable
2012-11-26,19,7,10,7,19,8,0,78,10,1015,0.875,20,5,7,113,113,113,,,,météo favorable
2012-11-27,18,7,10,7,18,7,0,83,10,1014,2,19,5,7,113,113,113,,,,météo favorable
2012-11-28,18,7,10,7,18,7,0,83,10,1014,2.25,20,6,7,113,113,113,,,,météo favorable
2012-11-29,19,7,9,7,19,9,0,71,10,1014,0.625,21,5,7,113,113,113,,,,météo favorable
2012-11-30,21,8,10,8,21,10,0,70,10,1014,1.25,22,6,7,113,113,113,,,,météo favorable
2012-12-01,20,8,9,8,20,10,0,72,10,1016,0,22,6,7,113,113,113,,,,météo favorable
2012-12-02,20,8,9,8,20,11,0,71,10,1017,0,23,6,8,113,113,113,,,,météo favorable
2012-12-03,22,9,8,9,22,12,0,70,10,1017,0,23,7,8,113,113,113,,,,météo favorable
2012-12-04,22,9,9,9,22,11,0,74,10,1016,0,23,7,9,113,113,113,,,,météo favorable
2012-12-05,21,9,10,9,21,9,0,81,10,1016,6.5,24,8,9,113,113,113,,,,météo favorable
2012-12-06,22,7,10,7,22,11,0,82,10,1015,10.25,24,9,8,113,113,113,,,,météo favorable
2012-12-07,21,9,9,9,21,10,0,81,10,1015,2.5,24,8,9,113,113,113,,,,météo favorable
2012-12-08,21,7,10,7,21,9,0,82,10,1014,5,23,7,8,113,113,113,,,,météo favorable
2012-12-09,20,8,9,8,20,8,0,79,10,1013,0.875,22,5,8,113,113,113,,,,météo favorable
2012-12-10,19,7,9,7,19,10,0,76,10,1015,0.25,21,6,7,113,113,113,,,,météo favorable
2012-12-11,19,7,9,7,19,7,0,50,10,1015,10,20,0,6,113,116,113,,,,météo favorable
2012-12-12,15,6,11,6,15,6,0,43,10,1015,10.125,17,0,4,113,113,113,,,,météo correcte
2012-12-13,16,6,7,6,16,6,0,44,10,1018,27.625,18,0,4,116,116,113,,,,météo correcte
2012-12-14,19,6,10,6,19,9,0,44,10,1020,2.125,20,0,4,113,113,113,,,,météo favorable
2012-12-15,19,7,10,7,19,10,0,57,10,1019,0,21,3,6,113,113,113,,,,météo favorable
2012-12-16,19,8,9,8,19,11,0,44,10,1019,1.25,21,0,7,113,113,113,,,,météo favorable
2012-12-17,21,9,9,9,21,10,0,70,10,1017,0,22,6,8,113,113,113,,,,météo favorable
2012-12-18,21,8,8,8,21,11,0,69,10,1017,0,23,6,8,113,113,113,,,,météo favorable
2012-12-19,20,7,9,7,20,10,0,69,10,1015,0,22,5,7,113,113,113,,,,météo favorable
2012-12-20,19,6,9,6,19,8,0,70,10,1014,0.5,20,3,7,113,113,113,,,,météo favorable
2012-12-21,18,5,10,5,18,8,0,75,10,1016,0,19,4,5,113,113,113,,,,météo favorable
2012-12-22,17,4,10,4,17,7,0,76,10,1019,0,18,4,4,113,113,113,,,,météo correcte
2012-12-23,19,4,10,4,19,8,0,64,10,1022,0,21,2,2,113,113,113,,,,météo favorable
2012-12-24,19,6,8,6,19,7,0,63,10,1018,0,20,1,5,113,113,113,,,,météo favorable
2012-12-25,18,5,8,5,18,7,0,58,10,1015,0,19,0,4,113,113,113,,,,météo favorable
2012-12-26,16,3,10,3,16,6,0,74,10,1015,0,17,2,4,113,113,113,,,,météo correcte
2012-12-27,16,4,9,4,16,5,0,74,10,1016,3.25,16,1,4,113,113,113,,,,météo correcte
2012-12-28,19,5,8,5,19,8,0,67,10,1014,0,20,3,5,113,113,113,,,,météo favorable
2012-12-29,19,7,9,7,19,10,0,68,10,1014,0,20,4,6,113,113,113,,,,météo favorable
2012-12-30,18,6,10,6,18,8,0,70,10,1014,7.875,19,4,7,113,113,116,,,,météo favorable
2012-12-31,19,7,10,7,19,8,0,82,10,1012,3.875,20,5,7,113,113,113,,,,météo favorable
2013-01-01,18,6,10,6,18,10,0,73,10,1015,1.125,19,6,6,113,113,113,,,,météo favorable
2013-01-02,20,7,7,7,20,9,0,53,10,1015,2,22,0,6,113,113,113,,,,météo favorable
2013-01-03,17,6,8,6,17,8,0,61,10,1015,0,18,1,4,113,113,113,,,,météo correcte
2013-01-04,16,5,8,5,16,5,0,49,10,1016,6.875,18,0,4,113,113,116,,,,météo correcte
2013-01-05,18,5,9,5,18,7,0,41,10,1014,0,20,0,3,113,113,113,,,,météo favorable
2013-01-06,17,4,10,4,17,5,0,28,10,1015,0.875,19,0,2,113,113,113,,,,météo correcte
2013-01-07,15,3,9,3,15,6,0,52,10,1014,0,16,0,1,113,113,113,,,,météo correcte
2013-01-08,12,0,10,0,12,3,0,69,10,1013,0.25,13,0,1,113,113,113,,,,météo très défavorable
2013-01-09,13,1,10,1,13,3,0,75,10,1014,0.5,14,0,1,113,113,113,,,,météo très défavorable
2013-01-10,12,1,10,1,12,2,0,81,10,1013,2,13,0,1,113,113,113,,,,météo très défavorable
2013-01-11,13,-1,10,-1,13,4,0,83,10,1017,3.375,14,2,0,113,113,113,,,,météo très défavorable
2013-01-12,17,3,9,3,17,6,0,77,10,1017,0.5,18,3,4,113,113,113,,,,météo correcte
2013-01-13,17,4,10,4,17,8,0,72,10,1015,0,18,4,5,113,113,113,,,,météo correcte
2013-01-14,17,4,10,4,17,6,0,78,10,1015,0.75,18,3,4,113,113,113,,,,météo correcte
2013-01-15,19,5,8,5,19,9,0,68,10,1018,0.125,20,4,4,113,113,113,,,,météo favorable
2013-01-16,19,7,9,7,19,11,0,37,10,1019,2.125,20,0,6,113,113,113,,,,météo favorable
2013-01-17,20,8,9,8,20,10,0,34,10,1020,21.125,21,0,7,116,113,113,,,,météo favorable
2013-01-18,20,8,10,8,20,9,0.9,34,9.875,1021,16.5,22,0,7,113,113,113,,,,météo favorable
2013-01-19,10,6,12,6,9,6,19,81,8.25,1020,30.25,11,4,4,356,299,113,,,,météo très défavorable
2013-01-20,19,5,11,5,19,8,0.3,25,10,1019,1.125,20,0,2,113,113,113,,,,météo favorable
2013-01-21,17,5,10,5,17,7,0,41,10,1022,0,18,0,2,113,113,113,,,,météo correcte
2013-01-22,17,4,8,4,17,7,0,40,10,1021,0,18,0,2,113,113,113,,,,météo correcte
2013-01-23,18,4,9,4,18,8,0,41,10,1020,0,19,0,2,113,113,113,,,,météo favorable
2013-01-24,18,4,10,4,18,7,0,34,10,1021,0,19,0,2,113,113,113,,,,météo favorable
2013-01-25,16,3,10,3,16,7,0,54,10,1022,0,18,0,0,113,113,113,,,,météo correcte
2013-01-26,16,4,10,4,16,8,0,71,10,1018,0.25,17,4,4,113,113,113,,,,météo correcte
2013-01-27,16,4,11,4,16,8,0,75,10,1021,0.375,17,4,4,113,113,113,,,,météo correcte
2013-01-28,17,4,9,4,17,8,0,62,10,1020,16.125,18,1,4,113,113,113,,,,météo correcte
2013-01-29,17,6,8,6,17,6,0,51,10,1018,26.875,19,0,5,113,116,116,,,,météo correcte
2013-01-30,18,6,10,6,18,8,0,68,10,1021,3.875,19,3,6,113,113,113,,,,météo favorable
2013-01-31,18,6,10,6,18,7,0,62,10,1019,8,20,1,6,113,113,113,,,,météo favorable
2013-02-01,16,6,7,6,16,7,0,54,10,1020,15.25,17,0,5,116,113,113,,,,météo correcte
2013-02-02,17,5,10,5,17,8,0,50,10,1019,20.875,18,0,4,113,113,116,,,,météo correcte
2013-02-03,17,5,9,5,17,8,0,60,10,1018,16,18,2,4,113,113,113,,,,météo correcte
2013-02-04,18,6,9,6,18,10,0,60,10,1020,8.375,19,2,6,113,113,113,,,,météo favorable
2013-02-05,17,9,10,9,17,11,4.8,66,8.875,1023,44.75,19,6,8,119,263,176,,,,météo correcte
2013-02-06,20,7,8,7,20,11,2.2,43,9.5,1021,19.875,21,0,6,113,113,113,,,,météo favorable
2013-02-07,22,8,12,8,22,12,2.5,62,9,1018,23.625,23,1,6,266,113,113,,,,météo favorable
2013-02-08,21,7,10,7,21,11,0,26,10,1017,0,23,0,5,113,113,113,,,,météo favorable
2013-02-09,19,6,10,6,19,11,0,55,10,1020,0,22,3,4,113,113,113,,,,météo favorable
2013-02-10,20,8,8,8,20,12,0,36,10,1018,0.75,21,0,7,113,113,113,,,,météo favorable
2013-02-11,23,9,8,9,23,13,0,32,10,1018,0,23,0,8,113,113,113,,,,météo favorable
2013-02-12,22,8,8,8,22,12,0,26,10,1018,23.75,23,0,7,116,113,113,,,,météo favorable
2013-02-13,22,8,12,8,22,12,0,21,10,1017,9.875,23,0,6,113,113,113,,,,météo favorable
2013-02-14,23,8,10,8,23,13,0,27,10,1016,1,24,0,7,113,113,113,,,,météo favorable
2013-02-15,20,8,10,8,20,11,0.3,31,9.125,1017,38,21,0,7,116,116,119,,,,météo favorable
2013-02-16,10,6,12,6,9,9,33.7,87,7,1016,76,11,8,4,353,302,299,,,,météo très défavorable
2013-02-17,16,7,9,7,16,7,38.2,88,8.25,1015,32.375,17,7,5,299,176,113,,,,météo très défavorable
2013-02-18,15,5,10,5,15,8,0.5,76,10,1014,6.25,16,6,5,113,113,113,,,,météo correcte
2013-02-19,17,5,10,5,17,9,0.5,77,9.875,1017,11,18,6,6,113,113,113,,,,météo correcte
2013-02-20,18,6,7,6,18,10,0.5,60,10,1016,24.25,19,4,5,116,113,113,,,,météo favorable
2013-02-21,18,7,12,7,18,11,0,75,10,1018,4.75,19,7,8,113,113,113,,,,météo favorable
2013-02-22,23,9,8,9,23,14,0,42,10,1020,1.25,24,2,8,113,113,113,,,,météo favorable
2013-02-23,21,8,10,8,21,13,0,32,10,1020,27.875,22,0,7,113,116,116,,,,météo favorable
2013-02-24,19,10,10,10,19,12,0.5,43,9.875,1019,31.75,22,2,8,116,116,176,,,,météo favorable
2013-02-25,21,9,10,9,21,15,0,56,10,1020,1.375,23,7,8,113,113,113,,,,météo favorable
2013-02-26,23,10,9,10,23,15,0.1,40,10,1018,8,24,2,9,113,113,113,,,,météo favorable
2013-02-27,26,11,8,11,26,17,0,30,10,1018,0.125,25,0,10,113,113,113,,,,météo favorable
2013-02-28,24,11,11,11,24,16,0,32,10,1017,0,24,0,10,113,113,113,,,,météo favorable
2013-03-01,23,11,10,11,23,17,0,44,10,1017,0,24,5,11,113,113,113,,,,météo favorable
2013-03-02,24,9,9,9,24,17,0,46,10,1019,8.75,24,6,9,116,113,113,,,,météo favorable
2013-03-03,24,12,11,12,24,17,0,48,10,1019,0,24,7,11,113,113,113,,,,météo favorable
2013-03-04,24,12,11,12,24,16,0,63,10,1021,1.875,25,10,12,113,113,113,,,,météo favorable
2013-03-05,24,12,9,12,24,17,0,55,10,1020,1,25,8,13,113,113,113,,,,météo favorable
2013-03-06,24,13,11,13,24,17,0,47,10,1020,0.5,25,6,12,113,113,113,,,,météo favorable
2013-03-07,24,12,12,12,24,16,0,49,10,1020,1.125,24,6,11,113,113,113,,,,météo favorable
2013-03-08,23,12,12,12,23,15,0.1,60,10,1020,5.125,24,8,13,113,113,113,,,,météo favorable
2013-03-09,22,10,12,10,22,16,0.2,63,10,1016,11.125,25,10,11,113,113,116,,,,météo favorable
2013-03-10,23,11,8,11,23,15,2.5,50,9.75,1016,10.75,24,6,10,113,113,176,,,,météo favorable
2013-03-11,23,10,10,10,23,17,2.2,52,9.75,1016,13,25,8,9,113,113,113,,,,météo favorable
2013-03-12,24,13,12,13,24,16,0,49,10,1015,3.125,24,6,13,113,113,113,,,,météo favorable
2013-03-13,24,12,11,12,24,17,0,48,10,1016,4,24,7,12,113,113,113,,,,météo favorable
2013-03-14,27,13,8,13,27,20,0,35,10,1018,1.375,26,5,13,113,113,113,,,,météo favorable
2013-03-15,27,13,10,13,27,17,0.1,29,10,1019,13,26,1,13,113,113,116,,,,météo favorable
2013-03-16,27,13,10,13,27,18,0,25,10,1020,2.5,26,0,12,113,113,113,,,,météo favorable
2013-03-17,22,11,8,11,22,16,0,29,10,1018,37.875,23,0,11,119,116,113,,,,météo favorable
2013-03-18,23,11,14,11,23,18,0,37,10,1014,0,23,4,11,113,113,113,,,,météo favorable
2013-03-19,24,11,12,11,24,17,0,41,10,1013,1.75,24,4,11,113,113,113,,,,météo favorable
2013-03-20,24,11,12,11,24,18,0.1,61,10,1014,6.625,25,8,12,113,113,113,,,,météo favorable
2013-03-21,24,13,9,13,24,18,0.4,37,10,1013,6.5,24,5,12,113,113,113,,,,météo favorable
2013-03-22,24,12,13,12,24,18,0,46,10,1011,4.5,25,8,12,113,113,113,,,,météo favorable
2013-03-23,25,11,12,11,25,19,0,47,10,1015,25.625,26,7,12,119,119,113,,,,météo correcte
2013-03-24,26,14,12,14,26,20,0,27,10,1016,4,26,2,14,113,113,113,,,,météo favorable
2013-03-25,26,14,13,14,26,21,0,26,10,1012,1.125,26,3,14,113,113,113,,,,météo favorable
2013-03-26,25,14,12,14,25,21,0,31,10,1010,1.875,25,4,14,113,113,113,,,,météo favorable
2013-03-27,26,13,13,13,26,19,0,35,10,1012,16.25,26,4,13,113,113,116,,,,météo favorable
2013-03-28,27,14,11,14,27,20,0,25,10,1013,36.5,27,1,14,113,119,116,,,,météo correcte
2013-03-29,28,14,10,14,28,23,0.8,28,10,1012,5,28,5,14,113,113,113,,,,météo favorable
2013-03-30,26,14,12,14,26,23,0.4,32,10,1012,2,26,6,14,113,113,113,,,,météo favorable
2013-03-31,27,14,11,14,27,23,0.1,30,10,1013,3.875,27,5,14,113,113,113,,,,météo favorable
2013-04-01,26,14,11,14,26,23,0.1,32,10,1014,4.75,26,6,14,113,113,113,,,,météo favorable
2013-04-02,27,15,12,15,27,24,0,28,10,1014,4.5,27,5,15,113,113,113,,,,météo idéale
2013-04-03,28,15,10,15,28,23,0.3,23,10,1014,13.5,27,2,14,113,113,113,,,,météo idéale
2013-04-04,27,15,14,15,27,23,0.6,28,10,1010,1,26,4,14,113,113,113,,,,météo idéale
2013-04-05,26,15,13,15,26,22,0,26,10,1007,0,25,2,15,113,113,113,,,,météo idéale
2013-04-06,27,14,13,14,27,22,0,23,10,1008,0,26,1,14,113,113,113,,,,météo favorable
2013-04-07,27,15,13,15,27,23,0,26,10,1009,0,27,2,15,113,113,113,,,,météo idéale
2013-04-08,29,16,13,16,29,25,0,24,10,1011,0,28,4,17,113,113,113,,,,météo idéale
2013-04-09,30,16,12,16,30,26,0,30,10,1012,6.875,29,5,16,116,113,113,,,,météo idéale
2013-04-10,32,17,10,17,32,25,0,16,10,1012,16.75,31,0,17,113,113,116,,,,météo idéale
2013-04-11,30,16,13,16,30,24,0.1,16,10,1012,11.125,30,0,16,113,113,113,,,,météo idéale
2013-04-12,30,17,12,17,30,27,0,22,10,1014,0,29,4,17,113,113,113,,,,météo idéale
2013-04-13,32,18,9,18,32,26,0,18,10,1014,0.625,31,1,18,113,113,113,,,,météo idéale
2013-04-14,29,17,11,17,29,23,2.8,24,9.875,1014,6.625,29,2,17,113,113,176,,,,météo idéale
2013-04-15,28,16,13,16,28,24,1.1,31,10,1011,4.5,27,7,16,113,113,113,,,,météo idéale
2013-04-16,26,15,13,15,26,21,1.9,39,9.875,1007,8.75,26,8,15,113,113,176,,,,météo idéale
2013-04-17,25,13,10,13,25,20,11.4,53,9,1008,11.125,26,11,13,113,113,356,,,,météo correcte
2013-04-18,27,14,10,14,27,23,1.5,36,9.875,1010,2.625,27,8,14,113,113,113,,,,météo favorable
2013-04-19,25,13,10,13,25,21,3,44,9.875,1011,6.25,26,10,13,113,113,176,,,,météo favorable
2013-04-20,20,13,9,13,20,15,20.4,80,8,1013,31,23,13,14,176,263,305,,,,météo très défavorable
2013-04-21,15,14,9,14,14,14,42.2,81,7.625,1013,54.5,17,12,14,299,305,299,,,,météo très défavorable
2013-04-22,19,11,10,11,19,17,4,65,7.625,1015,36,23,12,12,116,263,176,,,,météo correcte
2013-04-23,22,11,12,11,22,18,14.1,76,8.75,1015,13.25,25,15,12,113,176,356,,,,météo défavorable
2013-04-24,24,12,12,12,24,20,8.7,70,9.125,1015,14,26,16,13,113,113,356,,,,météo correcte
2013-04-25,25,13,12,13,25,21,7.1,68,9.25,1014,14.75,27,16,14,113,176,356,,,,météo favorable
2013-04-26,27,16,13,16,27,24,2.9,55,9.75,1013,8.75,28,15,16,113,113,176,,,,météo idéale
2013-04-27,28,16,14,16,28,24,2.2,47,9.875,1012,6.375,29,13,16,113,113,113,,,,météo idéale
2013-04-28,29,19,13,19,29,25,0,44,10,1008,2.875,29,13,20,113,113,113,,,,météo idéale
2013-04-29,29,18,13,18,29,25,0,44,10,1010,4.5,29,13,19,113,113,113,,,,météo idéale
2013-04-30,30,18,13,18,30,27,0,45,10,1010,2.875,30,12,19,113,113,113,,,,météo idéale
2013-05-01,31,20,13,20,31,29,0,32,10,1009,1.25,30,10,21,113,113,113,,,,météo idéale
2013-05-02,30,18,11,18,30,26,0,23,10,1006,26.375,30,4,19,119,113,113,,,,météo idéale
2013-05-03,30,17,12,17,30,26,0,19,10,1007,0,29,2,17,113,113,113,,,,météo idéale
2013-05-04,30,18,11,18,30,25,0,24,10,1009,1.875,29,4,18,113,113,113,,,,météo idéale
2013-05-05,30,17,11,17,30,23,1.7,36,9.75,1010,5.375,30,9,17,113,113,176,,,,météo idéale
2013-05-06,27,16,13,16,27,23,8.3,55,9.125,1009,7.375,28,15,17,113,113,356,,,,météo correcte
2013-05-07,26,15,13,15,26,23,8.1,67,9.25,1009,15.375,28,18,16,113,176,356,,,,météo correcte
2013-05-08,26,16,13,16,26,23,18.4,72,8.75,1008,13.875,29,19,17,113,176,356,,,,météo très défavorable
2013-05-09,28,17,13,17,28,22,13.5,65,9.125,1008,8.875,29,17,18,113,113,356,,,,météo défavorable
2013-05-10,29,18,12,18,29,24,5.5,57,9.375,1009,6.875,30,17,18,113,113,356,,,,météo favorable
2013-05-11,31,18,9,18,31,26,2.6,49,9.875,1008,3.875,32,12,18,113,113,113,,,,météo idéale
2013-05-12,33,17,11,17,33,27,3.3,36,9.75,1011,0.875,32,8,16,176,113,113,,,,météo favorable
2013-05-13,29,16,9,16,29,27,1.6,39,9.625,1010,13.5,30,10,16,176,113,113,,,,météo idéale
2013-05-14,27,16,12,16,27,21,6.2,59,9.625,1009,11.875,28,14,16,176,113,176,,,,météo favorable
2013-05-15,27,16,11,16,27,22,6.3,60,9.375,1008,11.25,28,15,16,113,113,356,,,,météo favorable
2013-05-16,26,16,12,16,26,23,6.9,61,9.5,1007,12.25,29,17,17,113,176,176,,,,météo favorable
2013-05-17,28,17,10,17,28,20,2.5,59,9.75,1009,12.875,30,16,18,113,113,176,,,,météo idéale
2013-05-18,27,16,10,16,27,21,3.5,60,9.5,1008,14.5,30,17,17,113,176,176,,,,météo favorable
2013-05-19,29,17,12,17,29,23,7.8,70,9.125,1008,19.75,31,19,18,113,113,356,,,,météo favorable
2013-05-20,27,17,10,17,27,24,14,73,8.25,1009,17,31,19,18,176,356,356,,,,météo défavorable
2013-05-21,27,18,11,18,27,25,6.9,69,9.25,1008,21.125,33,21,19,113,176,176,,,,météo favorable
2013-05-22,28,19,12,19,28,25,11,68,8.875,1007,12.375,33,20,20,113,176,356,,,,météo correcte
2013-05-23,27,18,10,18,27,25,18.2,75,8.375,1007,20.875,33,22,19,176,356,356,,,,météo très défavorable
2013-05-24,27,18,12,18,27,25,25.1,81,7.875,1006,31,34,23,18,116,176,359,,,,météo très défavorable
2013-05-25,29,20,13,20,29,24,38.9,82,6.625,1005,30.125,34,22,20,356,176,359,,,,météo très défavorable
2013-05-26,29,20,12,20,29,25,29.8,74,7.25,1007,14.125,34,22,21,176,356,359,,,,météo très défavorable
2013-05-27,29,20,11,20,29,25,15.7,70,8.5,1007,13.25,34,21,20,113,356,356,,,,météo défavorable
2013-05-28,29,19,12,19,29,24,13,67,8.625,1007,14.875,32,19,20,113,176,356,,,,météo défavorable
2013-05-29,29,19,11,19,29,25,10.9,64,8.875,1007,11.75,32,19,19,113,176,356,,,,météo correcte
2013-05-30,22,19,6,19,22,20,9.6,77,8.75,1009,31.75,27,19,19,113,293,293,,,,météo correcte
2013-05-31,23,17,10,17,22,20,24.2,82,8.5,1008,41.25,27,18,18,299,176,116,,,,météo très défavorable
2013-06-01,22,16,8,16,22,21,5.3,88,7.875,1008,41.25,26,20,17,263,293,176,,,,météo correcte
2013-06-02,27,17,10,17,27,24,5.8,78,9.625,1009,29,31,19,17,116,113,176,,,,météo favorable
2013-06-03,28,18,12,18,28,25,7.9,67,9,1008,18.5,32,20,19,113,176,356,,,,météo favorable
2013-06-04,29,19,12,19,29,25,9.7,67,8.875,1008,20.125,33,20,20,113,176,356,,,,météo correcte
2013-06-05,28,19,12,19,28,25,21.5,75,8.375,1008,28.5,33,22,20,113,176,356,,,,météo très défavorable
2013-06-06,28,19,11,19,28,24,27.1,78,8.125,1007,28.125,32,22,19,176,176,356,,,,météo très défavorable
2013-06-07,28,18,10,18,28,24,17,79,8.25,1007,18.375,32,21,19,176,113,356,,,,météo très défavorable
2013-06-08,27,19,12,19,27,24,18.8,84,8.5,1006,24,34,24,19,176,176,356,,,,météo très défavorable
2013-06-09,26,19,10,19,26,23,18,93,9.25,1003,53.375,31,24,20,116,353,356,,,,météo très défavorable
2013-06-10,29,20,13,20,29,26,34.3,86,6.625,1004,40.375,35,24,21,176,386,359,,,,météo très défavorable
2013-06-11,29,20,11,20,29,25,65.6,81,5.5,1006,33.375,36,24,21,176,356,359,,,,météo très défavorable
2013-06-12,28,20,10,20,28,25,36.9,78,6.75,1006,28.125,34,23,21,176,356,356,,,,météo très défavorable
2013-06-13,29,20,12,20,29,25,11.5,75,8.875,1006,16,32,21,21,113,113,176,,,,météo correcte
2013-06-14,29,20,12,20,29,25,15.6,75,8.5,1005,22.875,34,21,20,113,176,356,,,,météo défavorable
2013-06-15,26,17,10,17,25,24,10.4,74,8.75,1007,46,31,20,18,353,353,116,,,,météo correcte
2013-06-16,26,17,8,17,26,23,23.6,77,8.375,1007,47.75,30,22,18,353,293,353,,,,météo très défavorable
2013-06-17,29,18,11,18,29,25,13.9,70,8.25,1007,34,33,21,19,176,116,356,,,,météo défavorable
2013-06-18,27,16,7,16,22,23,45.2,88,8.375,1005,59.75,31,20,16,305,299,116,,,,météo très défavorable
2013-06-19,27,17,10,17,27,25,27.4,80,8,1004,33.125,33,22,18,299,176,356,,,,météo très défavorable
2013-06-20,28,18,12,18,28,24,9.3,81,9.125,1005,25.5,33,23,19,113,176,353,,,,météo correcte
2013-06-21,28,19,12,19,28,25,8.4,82,9.5,1003,33.375,34,23,20,113,176,353,,,,météo correcte
2013-06-22,28,19,8,19,27,26,11.1,76,7.125,1004,37,34,23,20,263,176,356,,,,météo correcte
2013-06-23,30,21,11,21,30,26,16.6,79,8.625,1004,23.625,36,23,21,113,176,356,,,,météo très défavorable
2013-06-24,29,20,10,20,29,26,27.1,80,7.75,1003,25.625,36,24,21,113,176,356,,,,météo très défavorable
2013-06-25,28,20,12,20,28,24,21.2,85,8.25,1005,27.125,34,23,21,113,176,176,,,,météo très défavorable
2013-06-26,28,21,13,21,28,24,19.3,88,7.75,1005,40.375,34,23,21,263,176,356,,,,météo très défavorable
2013-06-27,28,20,12,20,28,23,41.5,90,7.625,1003,48.625,33,24,21,176,113,359,,,,météo très défavorable
2013-06-28,28,19,11,19,28,23,30.7,89,8.125,1002,36.25,33,24,20,113,176,356,,,,météo très défavorable
2013-06-29,25,20,9,20,25,22,22.3,89,8.125,1002,40.5,31,23,21,176,176,293,,,,météo très défavorable
2013-06-30,26,19,10,19,25,24,12.5,90,8.25,1003,34.375,32,22,20,176,176,176,,,,météo correcte
2013-07-01,26,18,8,18,24,24,19.1,82,8.375,1003,38,32,23,18,356,356,113,,,,météo très défavorable
2013-07-02,28,19,12,19,28,23,7.9,89,9.5,1003,33.75,33,24,19,113,176,353,,,,météo favorable
2013-07-03,26,19,11,19,26,23,9.1,92,8.125,1005,49.125,31,24,20,116,176,353,,,,météo correcte
2013-07-04,26,21,10,21,26,24,10.6,90,7.75,1005,43.125,33,24,22,143,176,356,,,,météo correcte
2013-07-05,22,20,6,20,22,22,82.1,93,6.625,1005,57.625,27,22,21,305,308,176,,,,météo très défavorable
2013-07-06,25,19,8,19,24,23,27,90,7.125,1007,56.5,31,23,20,305,293,176,,,,météo très défavorable
2013-07-07,26,19,9,19,26,24,18.2,87,8.375,1007,47.125,31,22,20,299,116,176,,,,météo très défavorable
2013-07-08,24,19,5,19,24,22,23.8,87,8,1006,53,30,23,20,299,293,356,,,,météo très défavorable
2013-07-09,26,19,9,19,25,23,51.7,88,7.25,1004,47.875,31,22,20,305,293,356,,,,météo très défavorable
2013-07-10,24,20,10,20,24,22,64.3,95,7.125,1002,54.25,29,23,21,305,299,299,,,,météo très défavorable
2013-07-11,24,19,10,19,24,24,33.4,88,8.25,1006,50.625,29,23,20,299,293,116,,,,météo très défavorable
2013-07-12,27,19,11,19,27,24,15.9,89,8.5,1007,43.875,33,24,20,176,176,353,,,,météo défavorable
2013-07-13,26,19,10,19,26,22,15,95,7.125,1006,64.25,31,24,20,143,353,356,,,,météo défavorable
2013-07-14,28,19,11,19,28,25,15.8,83,8.625,1004,30.625,34,23,20,176,176,176,,,,météo défavorable
2013-07-15,28,19,10,19,28,25,23,84,8,1006,32.875,34,24,20,356,176,176,,,,météo très défavorable
2013-07-16,28,19,12,19,28,24,17.3,85,8.375,1006,25.75,34,24,20,176,176,356,,,,météo très défavorable
2013-07-17,27,19,11,19,27,24,20,87,8.75,1005,41.75,33,24,20,353,176,353,,,,météo très défavorable
2013-07-18,27,19,6,19,26,24,8.2,82,9,1003,41.75,32,22,20,116,176,353,,,,météo correcte
2013-07-19,26,19,11,19,26,22,12.7,92,8.375,1003,47,31,24,20,263,176,293,,,,météo correcte
2013-07-20,28,19,12,19,28,24,14.1,84,8.5,1004,30.25,33,23,20,176,176,356,,,,météo défavorable
2013-07-21,28,18,10,18,28,24,15.5,84,8.375,1003,31.875,33,23,19,113,116,356,,,,météo défavorable
2013-07-22,27,19,11,19,27,24,16.1,84,8.5,1004,26.75,34,23,20,176,113,356,,,,météo très défavorable
2013-07-23,29,19,12,19,29,25,20.4,82,8.375,1004,23.125,34,23,20,113,113,356,,,,météo très défavorable
2013-07-24,28,19,12,19,28,24,17.1,82,8.5,1005,19,34,23,20,176,176,356,,,,météo très défavorable
2013-07-25,29,19,12,19,29,25,22.6,80,7.625,1004,23.375,35,23,20,176,176,356,,,,météo très défavorable
2013-07-26,27,18,12,18,27,23,17.5,86,8.25,1003,26.625,32,24,19,113,176,176,,,,météo très défavorable
2013-07-27,25,18,8,18,25,23,11.2,93,6.875,1004,48.875,32,24,18,143,263,353,,,,météo correcte
2013-07-28,25,18,8,18,25,23,10.9,93,7,1005,62.25,32,24,19,266,263,353,,,,météo correcte
2013-07-29,26,20,10,20,26,24,11.4,94,8.375,1005,57.625,33,25,21,116,353,356,,,,météo correcte
2013-07-30,28,20,12,20,28,23,31.9,92,6.25,1003,44.625,35,25,21,176,356,356,,,,météo très défavorable
2013-07-31,27,19,9,19,27,23,33.6,91,7.125,1003,44.125,34,25,20,293,356,356,,,,météo très défavorable
2013-08-01,25,19,10,19,25,22,23,93,8.5,1005,54.875,30,24,19,353,356,176,,,,météo très défavorable
2013-08-02,27,18,12,18,27,23,13.2,89,8.875,1006,37.875,32,24,19,113,113,356,,,,météo défavorable
2013-08-03,25,17,9,17,25,22,12,94,9,1007,49.75,31,24,18,116,353,353,,,,météo correcte
2013-08-04,27,18,9,18,27,24,13.2,85,8.875,1006,32.375,33,23,19,176,176,176,,,,météo défavorable
2013-08-05,27,19,12,19,27,23,17.8,88,8.75,1007,33,33,24,19,176,176,353,,,,météo très défavorable
2013-08-06,27,19,10,19,27,23,20.3,87,8.25,1008,40.75,32,23,19,293,116,176,,,,météo très défavorable
2013-08-07,27,18,11,18,27,23,18,89,8.625,1008,39.25,32,23,18,176,113,356,,,,météo très défavorable
2013-08-08,27,18,12,18,27,23,7.7,86,8.5,1007,36.25,31,22,19,143,113,353,,,,météo favorable
2013-08-09,26,17,10,17,26,23,10.9,90,8.375,1007,52.125,31,23,18,116,353,353,,,,météo correcte
2013-08-10,23,19,8,19,23,22,17,90,7.625,1008,50.75,29,23,20,356,293,263,,,,météo très défavorable
2013-08-11,25,18,11,18,25,21,26,97,8.125,1008,62.375,30,23,19,299,176,356,,,,météo très défavorable
2013-08-12,26,17,9,17,26,22,28.8,92,7.125,1009,45,32,24,18,353,353,356,,,,météo très défavorable
2013-08-13,26,17,9,17,26,23,31.5,87,7,1008,32.5,32,23,18,176,176,356,,,,météo très défavorable
2013-08-14,27,17,12,17,27,24,19.6,83,8.375,1008,19,32,23,17,113,113,356,,,,météo très défavorable
2013-08-15,28,17,12,17,28,23,13.9,87,8.625,1008,17.125,32,23,18,113,113,356,,,,météo défavorable
2013-08-16,29,16,10,16,29,24,18.7,88,8.5,1008,33.5,33,24,17,176,176,176,,,,météo très défavorable
2013-08-17,28,16,9,16,28,24,19.2,89,7.625,1006,46.125,32,24,16,176,176,176,,,,météo très défavorable
2013-08-18,29,17,10,17,29,25,16.4,85,8.5,1006,23.875,32,23,17,113,176,356,,,,météo très défavorable
2013-08-19,30,19,10,19,30,26,5.1,81,9.5,1006,12.75,33,22,19,113,113,176,,,,météo favorable
2013-08-20,28,18,12,18,28,24,3.5,85,9.375,1005,19.125,30,22,18,113,176,176,,,,météo favorable
2013-08-21,29,17,11,17,29,24,7,92,9.375,1005,30.75,32,23,17,113,113,176,,,,météo favorable
2013-08-22,29,18,9,18,29,25,5.6,81,9,1007,24.75,32,21,18,176,113,176,,,,météo favorable
2013-08-23,30,18,12,18,30,25,10.1,84,8.875,1007,18.125,32,22,18,113,113,356,,,,météo correcte
2013-08-24,30,18,12,18,30,25,9.1,86,8.875,1007,19,33,23,18,113,113,356,,,,météo correcte
2013-08-25,30,18,13,18,30,25,11.3,83,8.75,1006,21.875,33,22,18,113,113,356,,,,météo correcte
2013-08-26,29,19,11,19,29,25,9.1,89,9.375,1005,25,32,23,19,113,113,176,,,,météo correcte
2013-08-27,29,18,11,18,29,24,9.8,91,8.875,1007,37.625,32,23,18,116,176,353,,,,météo correcte
2013-08-28,26,17,10,17,26,23,4.7,91,8.375,1009,51,29,22,17,263,116,176,,,,météo favorable
2013-08-29,25,17,10,17,25,23,6.8,95,8.25,1009,43.75,28,23,17,143,176,293,,,,météo favorable
2013-08-30,28,17,11,17,28,24,11.1,91,7.375,1008,45.75,30,22,17,116,176,356,,,,météo correcte
2013-08-31,29,18,10,18,29,24,13.8,88,7.75,1008,29.75,32,23,18,116,176,176,,,,météo défavorable
2013-09-01,28,17,11,17,28,24,9.7,91,9.125,1008,29.625,31,23,17,116,176,353,,,,météo correcte
2013-09-02,27,18,10,18,27,24,11.6,92,9.25,1008,37.25,30,23,18,116,176,353,,,,météo correcte
2013-09-03,28,18,12,18,28,24,12.1,90,7.125,1008,41.125,31,23,18,143,176,353,,,,météo correcte
2013-09-04,28,18,11,18,28,23,10.1,87,9,1007,29.875,30,22,18,176,176,176,,,,météo correcte
2013-09-05,28,16,13,16,28,23,8.1,85,9.375,1007,16.625,29,21,17,113,113,176,,,,météo correcte
2013-09-06,29,17,12,17,29,22,9.6,80,9.125,1010,11.25,30,19,17,176,176,176,,,,météo correcte
2013-09-07,28,16,12,16,28,22,2.7,81,9.625,1011,16.875,29,19,16,113,113,176,,,,météo idéale
2013-09-08,28,15,12,15,28,21,0.7,79,9.625,1013,15.25,29,18,15,113,113,176,,,,météo idéale
2013-09-09,28,15,12,15,28,22,8,85,9.25,1013,17.625,30,20,15,113,113,176,,,,météo correcte
2013-09-10,27,15,12,15,27,22,11,87,9,1012,17.125,28,21,15,113,176,176,,,,météo correcte
2013-09-11,28,15,12,15,28,21,5.8,86,9.5,1011,15,29,20,15,113,113,176,,,,météo favorable
2013-09-12,28,16,10,16,28,22,3,86,9.5,1014,22.875,30,21,16,176,176,176,,,,météo favorable
2013-09-13,31,17,10,17,31,22,0.1,75,10,1014,5.875,31,18,18,113,113,113,,,,météo idéale
2013-09-14,31,18,10,18,31,22,0.2,71,10,1012,6,31,17,18,113,113,113,,,,météo idéale
2013-09-15,29,16,11,16,29,21,5.7,74,9.5,1009,7.375,29,16,16,113,113,176,,,,météo favorable
2013-09-16,30,17,12,17,30,21,1.7,73,9.875,1008,5.875,29,15,17,113,113,113,,,,météo idéale
2013-09-17,30,19,11,19,30,21,0.1,70,10,1009,4.125,29,15,19,113,113,113,,,,météo idéale
2013-09-18,30,18,13,18,30,22,0,72,10,1009,5,29,16,18,113,113,113,,,,météo idéale
2013-09-19,22,15,5,15,21,19,10.7,77,9.125,1010,32.875,25,17,16,116,299,353,,,,météo correcte
2013-09-20,30,17,11,17,30,22,8.6,83,9.375,1010,11.25,31,19,17,113,113,176,,,,météo correcte
2013-09-21,28,17,12,17,28,22,16.1,90,8.25,1010,13.75,31,22,18,113,356,176,,,,météo très défavorable
2013-09-22,29,16,12,16,29,21,9.6,89,9,1009,18.25,30,22,16,113,113,356,,,,météo correcte
2013-09-23,29,16,11,16,29,21,11.4,90,8,1008,23.125,31,22,16,143,176,176,,,,météo correcte
2013-09-24,30,17,11,17,30,22,23,85,8.25,1010,8.5,31,21,18,113,113,356,,,,météo très défavorable
2013-09-25,29,17,11,17,29,22,23.4,86,7.75,1012,8.5,30,21,18,113,113,356,,,,météo très défavorable
2013-09-26,28,16,12,16,28,20,13.5,96,8.375,1012,35,29,21,16,176,113,356,,,,météo défavorable
2013-09-27,27,17,11,17,27,21,33.4,97,4.625,1011,65.25,30,23,17,263,176,359,,,,météo très défavorable
2013-09-28,28,17,10,17,28,21,24.1,88,8.25,1011,27.125,29,20,17,176,113,356,,,,météo très défavorable
2013-09-29,28,16,11,16,28,19,11.8,93,8.75,1011,16.875,29,20,16,113,113,356,,,,météo correcte
2013-09-30,26,15,12,15,26,20,3.9,95,8.25,1010,33.875,27,20,15,113,113,176,,,,météo favorable
2013-10-01,25,16,10,16,25,19,4.3,89,8.375,1014,30.875,27,19,16,113,176,293,,,,météo favorable
2013-10-02,25,16,6,16,25,19,4.1,84,7.125,1016,43.625,27,19,16,176,263,116,,,,météo correcte
2013-10-03,19,15,4,15,19,17,19.5,89,8.125,1016,50.5,19,16,15,299,299,116,,,,météo très défavorable
2013-10-04,21,13,7,13,20,18,21.5,90,8,1014,58,23,18,13,302,293,293,,,,météo très défavorable
2013-10-05,22,15,7,15,22,18,12,96,7.875,1011,54,23,20,15,176,263,293,,,,météo correcte
2013-10-06,23,14,11,14,23,20,11.8,96,7.875,1015,55,25,20,15,302,176,353,,,,météo correcte
2013-10-07,25,16,13,16,25,21,1.9,93,8,1017,30.25,27,21,16,116,113,263,,,,météo favorable
2013-10-08,26,17,13,17,26,22,2.6,96,8.5,1018,35.25,28,21,17,113,113,263,,,,météo favorable
2013-10-09,27,17,12,17,27,18,6.4,98,8.875,1017,43.75,28,20,17,113,113,353,,,,météo favorable
2013-10-10,27,16,12,16,27,20,3.5,93,8.875,1017,33.875,29,20,16,176,113,353,,,,météo favorable
2013-10-11,28,16,9,16,28,20,0.5,79,10,1016,23.375,28,16,16,113,116,113,,,,météo favorable
2013-10-12,28,16,11,16,28,18,2.8,88,9.75,1015,5.875,28,18,17,113,113,176,,,,météo idéale
2013-10-13,21,15,6,15,21,17,15.5,93,9.125,1014,35,23,18,15,113,176,299,,,,météo défavorable
2013-10-14,16,13,10,13,16,15,68.2,91,6,1012,94.75,16,14,13,302,302,308,,,,météo très défavorable
2013-10-15,20,15,4,15,20,18,46,92,7,1014,74.5,20,18,16,359,302,116,,,,météo très défavorable
2013-10-16,24,13,10,13,24,16,5.2,95,9.5,1013,15,26,18,13,113,113,176,,,,météo favorable
2013-10-17,26,13,9,13,26,16,3.4,91,9.625,1015,8.5,27,17,13,113,113,176,,,,météo favorable
2013-10-18,25,15,10,15,25,16,6.1,92,9.625,1016,11.125,26,17,15,113,113,176,,,,météo favorable
2013-10-19,25,13,10,13,25,15,8.1,90,9.375,1017,9.25,26,16,13,113,176,176,,,,météo correcte
2013-10-20,22,14,9,14,22,15,7.4,88,9.5,1016,6.125,22,15,14,113,113,176,,,,météo favorable
2013-10-21,24,12,9,12,24,14,1.5,84,9.875,1015,3.125,25,12,12,113,113,176,,,,météo favorable
2013-10-22,23,12,11,12,23,13,0,92,9.625,1018,9.625,25,14,12,113,113,113,,,,météo favorable
2013-10-23,24,12,10,12,24,13,0,93,8,1019,12.375,25,15,12,113,113,113,,,,météo favorable
2013-10-24,25,12,10,12,25,14,1.9,93,9.125,1018,9.125,26,15,12,113,113,176,,,,météo favorable
2013-10-25,24,13,10,13,24,13,3.6,92,9.75,1016,8.5,25,14,13,113,113,176,,,,météo favorable
2013-10-26,23,11,11,11,23,13,4.3,94,9.625,1016,11.25,25,14,11,113,113,176,,,,météo favorable
2013-10-27,22,10,10,10,22,13,8.3,90,9.125,1015,9.25,25,14,10,113,113,356,,,,météo correcte
2013-10-28,22,11,9,11,22,12,4.4,85,9.75,1014,9.125,24,12,10,113,113,176,,,,météo favorable
2013-10-29,21,9,11,9,21,11,1.2,92,9.75,1016,11.375,23,12,9,113,113,176,,,,météo favorable
2013-10-30,21,9,10,9,21,11,0.1,90,10,1017,9.875,23,11,9,113,113,113,,,,météo favorable
2013-10-31,21,9,10,9,21,11,2.5,89,9.875,1018,7.75,23,12,9,113,113,176,,,,météo favorable
2013-11-01,21,9,10,9,21,11,1.1,90,10,1017,7.75,21,12,9,113,113,113,,,,météo favorable
2013-11-02,21,8,10,8,21,11,2.2,87,9.875,1018,9.375,23,12,8,113,113,176,,,,météo favorable
2013-11-03,21,9,10,9,21,11,0,86,10,1020,6.625,23,10,9,113,113,113,,,,météo favorable
2013-11-04,21,10,11,10,21,10,0,86,10,1020,3.625,23,10,10,113,113,113,,,,météo favorable
2013-11-05,22,9,10,9,22,12,0,88,10,1021,4.625,23,11,9,113,113,113,,,,météo favorable
2013-11-06,23,11,10,11,23,13,0,81,10,1021,2.375,24,10,11,113,113,113,,,,météo favorable
2013-11-07,24,11,9,11,24,13,0,68,10,1020,0,24,7,10,113,113,113,,,,météo favorable
2013-11-08,24,10,10,10,24,12,0,57,10,1019,0,23,4,9,113,113,113,,,,météo favorable
2013-11-09,25,10,12,10,25,12,0,47,10,1018,1.375,24,4,8,113,113,113,,,,météo favorable
2013-11-10,25,9,12,9,25,12,0,39,10,1018,0,24,2,7,113,113,113,,,,météo favorable
2013-11-11,23,10,10,10,23,12,0,59,10,1017,0,23,4,8,113,113,113,,,,météo favorable
2013-11-12,23,10,9,10,23,12,0,60,10,1016,0,23,4,8,113,113,113,,,,météo favorable
2013-11-13,23,10,10,10,23,11,0,66,10,1016,0,23,5,8,113,113,113,,,,météo favorable
2013-11-14,23,10,9,10,23,12,0,72,10,1018,0,23,7,9,113,113,113,,,,météo favorable
2013-11-15,23,10,8,10,23,12,0,72,10,1019,0,23,7,9,113,113,113,,,,météo favorable
2013-11-16,24,10,9,10,24,13,0,70,10,1020,0,23,8,9,113,113,113,,,,météo favorable
2013-11-17,23,11,9,11,23,13,0,70,10,1019,0,23,7,10,113,113,113,,,,météo favorable
2013-11-18,23,9,9,9,23,12,0,79,10,1018,0.25,24,8,10,113,113,113,,,,météo favorable
2013-11-19,21,9,10,9,21,10,0,87,10,1018,3,23,9,9,113,113,113,,,,météo favorable
2013-11-20,20,8,10,8,20,9,0,89,10,1016,5.875,20,9,8,113,113,113,,,,météo favorable
2013-11-21,20,7,9,7,20,9,0,87,10,1016,7.375,20,9,7,113,113,113,,,,météo favorable
2013-11-22,20,8,10,8,20,9,0,89,10,1017,5.5,20,9,8,113,113,113,,,,météo favorable
2013-11-23,20,7,11,7,20,9,0,93,10,1016,11.75,20,11,8,113,113,113,,,,météo favorable
2013-11-24,20,9,11,9,20,12,0,95,7.625,1017,28.625,20,14,9,143,113,116,,,,météo favorable
2013-11-25,20,8,11,8,20,11,0,96,6.375,1015,21.5,20,13,8,113,113,143,,,,météo favorable
2013-11-26,21,8,10,8,21,11,0,94,9,1015,13.625,21,12,8,113,113,113,,,,météo favorable
2013-11-27,20,8,11,8,20,11,0.1,94,8,1018,17,20,13,8,113,113,113,,,,météo favorable
2013-11-28,22,9,10,9,22,12,0,87,10,1020,6.375,24,12,9,113,113,113,,,,météo favorable
2013-11-29,22,10,10,10,22,12,0,87,10,1019,3.875,24,11,10,113,113,113,,,,météo favorable
2013-11-30,22,10,9,10,22,11,0,88,10,1017,3.875,24,11,10,113,113,113,,,,météo favorable
2013-12-01,19,7,10,7,19,9,0.1,93,10,1018,10.25,19,11,7,113,113,113,,,,météo favorable
2013-12-02,20,7,10,7,20,10,0,91,9,1019,10,20,11,7,113,113,113,,,,météo favorable
2013-12-03,23,10,7,10,23,13,0,71,10,1019,1,24,8,10,113,113,113,,,,météo favorable
2013-12-04,22,9,10,9,22,12,0,68,10,1019,0,22,6,8,113,113,113,,,,météo favorable
2013-12-05,22,9,8,9,22,11,0,74,10,1016,0,22,7,8,113,113,113,,,,météo favorable
2013-12-06,20,8,9,8,20,9,0,81,10,1016,1.25,20,7,8,113,113,113,,,,météo favorable
2013-12-07,21,9,9,9,21,9,0,80,10,1017,0.625,21,6,8,113,113,113,,,,météo favorable
2013-12-08,21,9,10,9,21,10,0,81,10,1016,1.875,22,8,9,113,113,113,,,,météo favorable
2013-12-09,20,9,9,9,20,11,0,76,10,1015,0,20,7,8,113,113,113,,,,météo favorable
2013-12-10,20,8,9,8,20,9,0,78,10,1014,0.75,20,5,7,113,113,113,,,,météo favorable
2013-12-11,19,8,9,8,19,8,0,82,10,1014,1.875,19,5,8,113,113,113,,,,météo favorable
2013-12-12,17,5,11,5,17,6,0,91,10,1013,8,17,6,5,113,113,113,,,,météo correcte
2013-12-13,15,4,11,4,15,7,0,90,10,1014,17.75,15,7,3,113,113,116,,,,météo correcte
2013-12-14,18,5,10,5,18,8,0,85,10,1019,4.25,18,7,4,113,113,113,,,,météo favorable
2013-12-15,19,6,12,6,19,10,0,85,10,1020,0.375,19,7,3,113,113,113,,,,météo favorable
2013-12-16,18,7,9,7,18,7,0,88,10,1018,4.125,18,6,6,113,113,113,,,,météo favorable
2013-12-17,16,4,10,4,16,5,0,91,10,1014,11,16,6,4,113,113,113,,,,météo correcte
2013-12-18,15,2,10,2,15,7,0.1,91,7.625,1013,29.125,15,7,2,113,113,116,,,,météo correcte
2013-12-19,14,3,9,3,14,6,5.2,94,8.625,1015,21.875,14,8,3,176,176,176,,,,météo correcte
2013-12-20,14,4,10,4,14,5,2.7,93,9.25,1017,20.25,14,6,4,113,113,176,,,,météo correcte
2013-12-21,15,3,10,3,15,6,0,86,9.375,1019,9.875,15,5,3,113,113,113,,,,météo correcte
2013-12-22,18,6,9,6,18,10,0,49,10,1020,0.375,18,1,4,113,113,113,,,,météo favorable
2013-12-23,20,8,10,8,20,11,0,66,10,1019,0.125,20,5,6,113,113,113,,,,météo favorable
2013-12-24,20,8,9,8,20,12,0,74,10,1020,0,20,7,8,113,113,113,,,,météo favorable
2013-12-25,21,8,9,8,21,12,0,71,10,1019,0,21,7,8,113,113,113,,,,météo favorable
2013-12-26,20,8,9,8,20,8,0,61,10,1018,5.375,20,2,7,113,113,113,,,,météo favorable
2013-12-27,20,7,8,7,20,10,0,52,10,1018,10.875,20,1,6,116,113,113,,,,météo favorable
2013-12-28,18,7,10,7,18,11,0,37,10,1017,2.5,18,1,5,113,113,113,,,,météo favorable
2013-12-29,19,7,9,7,19,10,0,51,10,1018,0.25,19,0,6,113,113,113,,,,météo favorable
2013-12-30,19,5,8,5,19,9,0,64,10,1020,0,19,2,5,113,113,113,,,,météo favorable
2013-12-31,18,6,8,6,18,7,0,53,10,1021,3.5,18,0,4,113,113,113,,,,météo favorable
2014-01-01,20,7,9,7,20,11,0,68,10,1019,4.5,20,6,6,113,113,113,,,,météo favorable
2014-01-02,19,7,9,7,19,10,0,76,10,1018,0,19,6,7,113,113,113,,,,météo favorable
2014-01-03,18,6,9,6,18,9,0,85,10,1018,1.5,18,7,6,113,113,113,,,,météo favorable
2014-01-04,19,6,9,6,19,10,0,72,10,1017,0.5,19,5,6,113,113,113,,,,météo favorable
2014-01-05,20,7,9,7,20,9,0,43,10,1015,0.375,20,0,5,113,113,113,,,,météo favorable
2014-01-06,18,4,11,4,18,7,0,33,10,1015,0,18,0,1,113,113,113,,,,météo favorable
2014-01-07,16,2,9,2,16,6,0,66,10,1017,3.125,16,0,2,113,113,113,,,,météo correcte
2014-01-08,17,5,10,5,17,6,0,78,10,1018,1.875,17,3,4,113,113,113,,,,météo correcte
2014-01-09,18,3,6,3,18,7,0,45,10,1017,17.25,18,0,2,113,116,116,,,,météo favorable
2014-01-10,20,6,10,6,20,9,0,35,10,1019,2.375,20,0,3,113,113,113,,,,météo favorable
2014-01-11,8,5,9,5,7,6,3.4,68,9.625,1019,44.125,8,3,3,119,296,176,,,,météo très défavorable
2014-01-12,16,4,11,4,16,7,0,84,10,1021,2.125,16,4,3,113,113,113,,,,météo correcte
2014-01-13,18,5,10,5,18,8,0,83,10,1020,1.75,18,6,5,113,113,113,,,,météo favorable
2014-01-14,19,6,9,6,19,10,0,78,10,1018,1.125,19,6,6,113,113,113,,,,météo favorable
2014-01-15,20,7,7,7,20,8,0,61,10,1020,1.75,21,1,6,113,113,113,,,,météo favorable
2014-01-16,19,6,9,6,19,9,0,70,10,1020,1.125,19,4,6,113,113,113,,,,météo favorable
2014-01-17,19,5,6,5,19,7,0,56,10,1021,9.5,19,0,3,113,113,113,,,,météo favorable
2014-01-18,11,7,10,7,11,7,2.9,64,8,1023,48,11,1,5,113,263,296,,,,météo défavorable
2014-01-19,18,5,13,5,18,10,0,55,10,1025,0.625,18,1,1,113,113,113,,,,météo favorable
2014-01-20,20,7,9,7,20,10,0,76,10,1024,0.25,20,6,6,113,113,113,,,,météo favorable
2014-01-21,20,4,9,4,20,9,0,66,10,1023,32.375,20,3,4,119,116,113,,,,météo favorable
2014-01-22,19,8,8,8,19,10,0,68,10,1022,34.75,19,4,8,116,116,113,,,,météo favorable
2014-01-23,22,9,9,9,22,11,0.1,39,10,1022,23.625,23,1,7,113,113,113,,,,météo favorable
2014-01-24,20,8,7,8,20,10,0,29,10,1019,32.25,20,0,7,119,113,113,,,,météo favorable
2014-01-25,21,8,10,8,21,11,0,48,10,1019,0,21,0,6,113,113,113,,,,météo favorable
2014-01-26,20,7,9,7,20,10,0,48,10,1019,4,20,0,5,113,113,113,,,,météo favorable
2014-01-27,22,8,6,8,22,11,0,42,10,1020,0,22,0,7,113,113,113,,,,météo favorable
2014-01-28,20,6,10,6,20,10,0,72,10,1021,0.5,20,6,5,113,113,113,,,,météo favorable
2014-01-29,21,5,9,5,21,11,0,64,10,1020,24,21,4,5,119,113,113,,,,météo favorable
2014-01-30,22,8,9,8,22,11,0,56,10,1020,0,22,2,6,113,113,113,,,,météo favorable
2014-01-31,21,7,9,7,21,10,0,64,10,1021,0,21,4,6,113,113,113,,,,météo favorable
2014-02-01,21,7,10,7,21,12,0,58,10,1020,0,21,3,6,113,113,113,,,,météo favorable
2014-02-02,22,9,10,9,22,10,0,58,10,1019,3.25,22,2,8,113,113,113,,,,météo favorable
2014-02-03,23,8,9,8,23,13,0,41,10,1014,11.5,23,0,7,116,113,113,,,,météo favorable
2014-02-04,23,9,9,9,23,12,0,44,10,1013,3.25,23,0,8,113,113,113,,,,météo favorable
2014-02-05,21,7,7,7,21,11,0,41,10,1012,8.875,21,0,6,113,113,113,,,,météo favorable
2014-02-06,20,8,11,8,20,11,0,67,10,1011,4.625,20,5,7,113,113,113,,,,météo favorable
2014-02-07,21,8,9,8,21,11,0,44,10,1012,5.125,22,1,6,113,113,113,,,,météo favorable
2014-02-08,21,8,11,8,21,13,0,36,10,1010,1.125,22,0,6,113,113,113,,,,météo favorable
2014-02-09,22,8,10,8,22,12,0,38,10,1012,0,22,0,6,113,113,113,,,,météo favorable
2014-02-10,22,8,10,8,22,12,0,38,10,1014,0.125,22,0,6,113,113,113,,,,météo favorable
2014-02-11,18,6,8,6,17,10,0,36,10,1014,21.625,18,0,4,116,116,113,,,,météo favorable
2014-02-12,18,6,11,6,18,10,0,47,10,1014,0.875,18,0,4,113,113,113,,,,météo favorable
2014-02-13,20,6,10,6,20,11,0,49,10,1017,1.25,20,1,5,113,113,113,,,,météo favorable
2014-02-14,13,5,8,5,13,9,11,75,8.625,1016,86.125,13,6,3,296,353,353,,,,météo très défavorable
2014-02-15,16,5,9,5,16,8,2.6,60,8.5,1015,43,16,1,3,116,113,263,,,,météo correcte
2014-02-16,5,2,10,2,5,4,27.7,87,6.5,1016,68,5,3,-1,266,302,302,,,,météo très défavorable
2014-02-17,14,2,12,2,14,7,2.9,70,9.625,1021,9.875,14,4,0,176,113,113,,,,météo correcte
2014-02-18,19,5,11,5,19,10,0,77,10,1022,1.25,19,6,3,113,113,113,,,,météo favorable
2014-02-19,19,6,11,6,19,11,0,70,10,1017,3.75,19,6,6,113,113,113,,,,météo favorable
2014-02-20,22,9,9,9,22,14,0,56,10,1017,0.75,22,5,8,113,113,113,,,,météo favorable
2014-02-21,21,8,8,8,21,12,0,42,10,1017,12.5,21,0,7,113,116,113,,,,météo favorable
2014-02-22,15,6,10,6,12,12,6.3,74,9.375,1019,41,15,7,4,293,293,113,,,,météo correcte
2014-02-23,23,8,10,8,23,14,0,38,10,1020,7.75,23,0,6,113,113,113,,,,météo favorable
2014-02-24,22,8,11,8,22,14,0,50,10,1020,0,22,4,7,113,113,113,,,,météo favorable
2014-02-25,22,7,9,7,22,12,0,45,10,1019,29.875,22,1,7,119,113,113,,,,météo favorable
2014-02-26,21,9,10,9,21,13,0,44,10,1018,27.25,21,1,8,119,113,113,,,,météo favorable
2014-02-27,19,8,9,8,19,12,0,40,10,1018,27.125,19,1,7,116,116,113,,,,météo favorable
2014-02-28,21,8,6,8,21,13,0,44,10,1018,38.125,21,1,8,116,119,113,,,,météo correcte
2014-03-01,20,7,11,7,20,13,7.5,73,9.375,1019,28.5,20,7,5,299,176,113,,,,météo favorable
2014-03-02,23,7,9,7,23,13,0,41,10,1019,2.125,23,2,6,113,113,113,,,,météo favorable
2014-03-03,22,8,9,8,22,15,0,36,10,1018,0,22,0,7,113,113,113,,,,météo favorable
2014-03-04,21,7,8,7,21,13,0,40,10,1018,34.875,21,0,6,113,119,113,,,,météo correcte
2014-03-05,21,9,9,9,21,13,0,39,10,1018,24.25,21,0,8,116,113,113,,,,météo favorable
2014-03-06,22,9,10,9,22,15,0,37,10,1017,0,22,0,7,113,113,113,,,,météo favorable
2014-03-07,23,9,10,9,23,15,0,33,10,1016,0,23,0,7,113,113,113,,,,météo favorable
2014-03-08,22,9,10,9,22,15,0,34,10,1018,0,22,0,8,113,113,113,,,,météo favorable
2014-03-09,23,10,10,10,23,16,0,42,10,1018,0,23,3,9,113,113,113,,,,météo favorable
2014-03-10,23,10,9,10,23,15,0,39,10,1018,4,23,1,9,113,113,113,,,,météo favorable
2014-03-11,23,11,11,11,23,17,0,35,10,1018,0,23,2,10,113,113,113,,,,météo favorable
2014-03-12,24,10,9,10,24,17,0,34,10,1017,10,23,2,9,113,116,113,,,,météo favorable
2014-03-13,26,12,10,12,26,17,0,33,10,1017,3.375,24,0,11,113,113,113,,,,météo favorable
2014-03-14,25,13,12,13,25,18,0,41,10,1017,1.125,24,4,12,113,113,113,,,,météo favorable
2014-03-15,25,12,12,12,25,18,0,61,10,1019,2.375,25,6,12,113,113,113,,,,météo favorable
2014-03-16,27,14,10,14,27,18,0,58,10,1019,2.875,25,7,14,113,113,113,,,,météo favorable
2014-03-17,26,12,11,12,26,19,0,52,10,1018,6.75,25,9,12,113,113,113,,,,météo favorable
2014-03-18,28,14,8,14,28,19,4,47,9.75,1017,4.875,26,7,13,113,113,176,,,,météo favorable
2014-03-19,28,12,11,12,28,21,0.9,33,9.875,1016,2.25,26,5,10,113,113,113,,,,météo favorable
2014-03-20,24,12,12,12,24,18,0,40,10,1014,1.125,24,5,11,113,113,113,,,,météo favorable
2014-03-21,23,11,11,11,23,18,0,46,10,1014,8.75,23,6,11,113,113,113,,,,météo favorable
2014-03-22,24,10,9,10,24,18,1.3,41,10,1013,8.5,24,5,9,113,113,113,,,,météo favorable
2014-03-23,23,11,12,11,23,19,0.2,49,10,1015,7.375,24,8,9,113,113,113,,,,météo favorable
2014-03-24,24,12,13,12,24,19,0,50,10,1016,10,24,9,11,113,113,113,,,,météo favorable
2014-03-25,25,12,10,12,25,21,0.3,43,10,1015,5.625,25,7,11,113,113,113,,,,météo favorable
2014-03-26,27,14,11,14,27,21,0,44,10,1014,3.125,26,5,14,113,113,113,,,,météo favorable
2014-03-27,29,14,11,14,29,22,0,28,10,1014,5.25,26,3,13,113,113,113,,,,météo favorable
2014-03-28,29,16,11,16,29,22,0,31,10,1013,11.625,27,5,15,113,113,113,,,,météo idéale
2014-03-29,30,17,13,17,30,24,0,27,10,1013,4.5,28,4,17,113,113,113,,,,météo idéale
2014-03-30,29,16,11,16,29,22,0,26,10,1011,9.75,27,2,15,113,113,113,,,,météo idéale
2014-03-31,29,15,10,15,29,21,0,19,10,1011,13.375,27,0,14,113,116,113,,,,météo favorable
2014-04-01,29,15,10,15,29,22,0,21,10,1010,0,27,0,14,113,113,113,,,,météo idéale
2014-04-02,28,15,10,15,28,23,0,23,10,1012,0,26,0,14,113,113,113,,,,météo idéale
2014-04-03,27,13,10,13,27,20,3.5,36,9.5,1013,22.25,26,4,12,113,176,176,,,,météo favorable
2014-04-04,27,15,13,15,27,22,0.2,35,10,1014,2.625,26,6,14,113,113,113,,,,météo idéale
2014-04-05,26,13,12,13,26,21,0,51,10,1013,11.5,25,10,13,113,113,113,,,,météo favorable
2014-04-06,27,14,10,14,27,23,4.1,68,9.625,1014,25.5,27,14,14,113,176,176,,,,météo favorable
2014-04-07,28,15,11,15,28,23,4.4,56,9.5,1014,11.25,27,12,15,113,113,356,,,,météo favorable
2014-04-08,30,16,13,16,30,27,0.7,32,10,1013,1.5,28,7,15,113,113,113,,,,météo idéale
2014-04-09,30,17,10,17,30,26,0,25,10,1015,0,29,5,16,113,113,113,,,,météo idéale
2014-04-10,31,16,10,16,31,25,0,21,10,1015,0,29,2,15,113,113,113,,,,météo idéale
2014-04-11,29,16,12,16,29,22,0,20,10,1015,3.375,27,0,15,113,113,113,,,,météo idéale
2014-04-12,28,14,12,14,28,21,2.7,27,9.75,1015,11.875,26,1,13,113,113,176,,,,météo favorable
2014-04-13,28,13,11,13,28,22,0,25,10,1017,27.25,26,1,12,113,116,116,,,,météo favorable
2014-04-14,28,14,10,14,28,24,0.4,29,10,1017,15.875,26,5,13,113,116,113,,,,météo favorable
2014-04-15,30,15,10,15,30,27,0,29,10,1016,1,28,7,15,113,113,113,,,,météo idéale
2014-04-16,29,16,11,16,29,21,6.2,39,9.25,1015,17.75,27,7,15,113,176,176,,,,météo favorable
2014-04-17,31,15,11,15,31,25,2.8,31,9.75,1013,3.625,29,4,13,113,113,113,,,,météo idéale
2014-04-18,32,18,10,18,32,26,0,22,10,1015,10.25,29,4,17,113,113,113,,,,météo idéale
2014-04-19,32,17,9,17,32,26,1.4,28,9.875,1015,8.75,30,5,16,113,113,113,,,,météo idéale
2014-04-20,32,16,9,16,31,28,0.5,25,10,1015,11.5,29,2,16,113,113,113,,,,météo idéale
2014-04-21,32,18,10,18,32,27,0,18,10,1016,0,29,1,17,113,113,113,,,,météo idéale
2014-04-22,32,18,12,18,32,28,0,16,10,1016,0,30,0,17,113,113,113,,,,météo idéale
2014-04-23,32,18,12,18,32,26,0,16,10,1015,1,29,0,18,113,113,113,,,,météo idéale
2014-04-24,32,19,12,19,31,28,0,23,10,1012,0,30,5,18,113,113,113,,,,météo idéale
2014-04-25,32,19,15,19,31,29,0.2,28,10,1012,1.125,30,8,18,113,113,113,,,,météo idéale
2014-04-26,32,19,10,19,32,28,0,22,10,1013,1.375,30,5,18,113,113,113,,,,météo idéale
2014-04-27,32,19,11,19,32,27,0.1,23,10,1014,3.125,30,4,19,113,113,113,,,,météo idéale
2014-04-28,31,20,14,20,31,29,0,24,10,1014,0,29,4,20,113,113,113,,,,météo idéale
2014-04-29,31,20,15,20,31,28,0,33,10,1012,2.125,29,7,20,113,113,113,,,,météo idéale
2014-04-30,32,19,13,19,32,29,0.3,32,10,1013,3.875,30,10,19,113,113,113,,,,météo idéale
2014-05-01,31,19,12,19,31,25,9.3,46,9.125,1012,5.75,30,13,19,113,113,356,,,,météo correcte
2014-05-02,30,17,6,17,30,22,9.8,54,9.125,1011,8.5,29,14,17,113,113,356,,,,météo correcte
2014-05-03,28,15,8,15,28,24,5.5,48,8.625,1013,30.375,28,13,15,176,176,176,,,,météo favorable
2014-05-04,27,16,11,16,27,22,17.2,68,8.625,1011,20.25,27,17,16,176,176,356,,,,météo très défavorable
2014-05-05,29,16,10,16,29,25,9.2,59,9.125,1013,10.875,29,16,16,113,113,356,,,,météo correcte
2014-05-06,26,15,12,15,26,23,11.4,69,8.875,1014,21.5,27,17,15,113,176,356,,,,météo correcte
2014-05-07,29,17,12,17,29,25,3.9,54,9.75,1012,10.875,28,15,16,113,113,113,,,,météo favorable
2014-05-08,30,17,13,17,30,25,0.6,58,10,1009,10.25,29,14,17,113,113,113,,,,météo idéale
2014-05-09,31,19,13,19,31,26,0,43,10,1006,8.25,30,10,18,113,113,113,,,,météo idéale
2014-05-10,32,19,14,19,32,29,0,29,10,1009,4.5,30,9,19,113,113,113,,,,météo idéale
2014-05-11,33,20,12,20,33,27,0.4,30,9.875,1010,5.25,30,8,20,113,113,113,,,,météo idéale
2014-05-12,32,18,13,18,31,29,1.3,38,10,1011,2.625,30,10,17,113,113,113,,,,météo idéale
2014-05-13,31,18,12,18,31,26,3.2,34,9.875,1011,3.875,29,9,17,113,113,113,,,,météo favorable
2014-05-14,32,19,12,19,32,27,1.3,32,10,1009,3,30,5,18,113,113,113,,,,météo idéale
2014-05-15,32,19,11,19,32,28,0,26,10,1009,0.25,30,7,18,113,113,113,,,,météo idéale
2014-05-16,32,19,13,19,32,29,0,27,10,1010,0.5,30,8,19,113,113,113,,,,météo idéale
2014-05-17,33,21,14,21,33,29,0,25,10,1011,0,30,7,21,113,113,113,,,,météo idéale
2014-05-18,32,20,14,20,32,29,0,35,10,1011,2.875,31,11,20,113,113,113,,,,météo idéale
2014-05-19,31,20,13,20,31,26,1.2,55,9.875,1011,8.75,31,17,20,113,113,176,,,,météo idéale
2014-05-20,32,20,13,20,32,27,1.6,56,9.875,1010,6.125,31,16,20,113,113,176,,,,météo idéale
2014-05-21,33,20,13,20,33,31,0,34,10,1008,1.125,32,9,20,113,113,113,,,,météo idéale
2014-05-22,33,21,14,21,33,30,0,25,10,1007,0,31,7,21,113,113,113,,,,météo idéale
2014-05-23,33,21,13,21,33,29,0,34,10,1009,2,32,12,21,113,113,113,,,,météo idéale
2014-05-24,31,20,11,20,31,26,11,56,8.75,1012,7.625,31,17,20,113,176,356,,,,météo correcte
2014-05-25,30,18,11,18,30,26,10.5,63,8.875,1013,11.625,31,18,18,113,176,356,,,,météo correcte
2014-05-26,30,20,11,20,30,25,10,65,8.75,1015,11.375,29,18,20,113,176,356,,,,météo correcte
2014-05-27,22,18,5,18,22,20,10.2,79,8.5,1013,32.75,25,18,18,116,293,176,,,,météo correcte
2014-05-28,29,18,12,18,29,25,4,64,9.625,1011,11.75,29,16,18,113,113,176,,,,météo favorable
2014-05-29,28,18,13,18,28,25,14.3,69,8.875,1010,14.75,29,19,18,113,176,356,,,,météo défavorable
2014-05-30,30,18,13,18,30,26,18,71,8.25,1008,20.625,31,21,18,113,176,359,,,,météo très défavorable
2014-05-31,29,19,11,19,29,26,18.1,76,8.375,1009,13.5,31,21,19,113,356,356,,,,météo très défavorable
2014-06-01,31,19,12,19,31,26,5.8,68,9.625,1010,11.5,31,19,19,113,113,176,,,,météo favorable
2014-06-02,31,20,12,20,31,27,7.5,65,9.375,1011,11.875,32,19,20,113,113,356,,,,météo favorable
2014-06-03,30,19,12,19,30,27,9.7,67,9.375,1008,15.125,33,20,19,113,176,176,,,,météo correcte
2014-06-04,32,20,12,20,32,28,1.3,65,9.75,1007,11.125,33,18,20,113,176,113,,,,météo favorable
2014-06-05,32,21,12,21,32,28,8.9,63,8.875,1006,11,34,20,21,113,356,356,,,,météo correcte
2014-06-06,32,21,10,21,32,29,8.5,65,9.375,1005,14.625,36,22,21,113,176,176,,,,météo correcte
2014-06-07,32,21,10,21,32,28,13.2,67,8.75,1004,16.625,35,22,21,176,176,356,,,,météo défavorable
2014-06-08,32,20,10,20,32,27,11.9,70,8.5,1003,16.5,35,21,20,176,176,356,,,,météo correcte
2014-06-09,32,20,10,20,32,28,10,66,9.125,1004,15.625,34,21,20,113,176,176,,,,météo correcte
2014-06-10,32,20,12,20,32,28,11.2,67,9,1003,12.375,34,21,20,113,113,356,,,,météo correcte
2014-06-11,32,21,13,21,32,29,6.7,60,9.375,1004,8.875,34,20,21,113,113,356,,,,météo favorable
2014-06-12,33,21,13,21,33,28,0.8,50,10,1003,3.625,33,16,21,113,113,113,,,,météo idéale
2014-06-13,32,21,12,21,32,27,0.1,48,10,1002,1.75,31,15,21,113,113,113,,,,météo idéale
2014-06-14,31,20,13,20,31,28,2.6,50,9.875,1004,6.25,32,17,20,113,113,113,,,,météo idéale
2014-06-15,31,19,13,19,31,28,12.1,68,9,1005,25.375,34,21,19,113,176,356,,,,météo correcte
2014-06-16,32,21,13,21,32,29,11.3,72,8.75,1004,24,35,22,21,176,116,356,,,,météo correcte
2014-06-17,31,21,10,21,31,27,33,78,6.625,1004,34.75,36,24,21,353,356,359,,,,météo très défavorable
2014-06-18,31,20,9,20,30,27,26.2,78,7.75,1004,20,35,22,20,176,113,356,,,,météo très défavorable
2014-06-19,30,21,11,21,29,27,18.6,79,8.625,1002,25.625,34,23,21,113,113,356,,,,météo très défavorable
2014-06-20,30,22,11,22,30,27,20.8,82,8.125,1001,25.625,35,24,22,176,176,356,,,,météo très défavorable
2014-06-21,28,20,10,20,28,25,9.3,90,8.875,1003,42.875,31,23,20,353,176,353,,,,météo correcte
2014-06-22,29,19,12,19,29,25,7.7,86,8.5,1003,31.625,32,23,19,266,176,176,,,,météo favorable
2014-06-23,30,20,12,20,30,26,13.2,76,8.625,1003,20.625,32,22,20,113,176,356,,,,météo défavorable
2014-06-24,31,19,12,19,31,27,9.7,67,9,1003,13.875,34,21,19,113,176,356,,,,météo correcte
2014-06-25,30,20,11,20,30,27,15.4,74,8.5,1005,18.25,33,22,20,113,176,356,,,,météo défavorable
2014-06-26,32,21,12,21,32,28,10.6,66,9.125,1008,10.625,34,21,21,113,113,356,,,,météo correcte
2014-06-27,31,20,12,20,31,27,12.3,78,8.875,1009,16.5,34,22,20,113,113,356,,,,météo correcte
2014-06-28,30,19,12,19,30,27,16.9,86,8.5,1009,32.625,34,23,19,116,176,356,,,,météo très défavorable
2014-06-29,30,20,12,20,30,26,11.8,82,8.75,1005,25.375,34,24,20,113,176,356,,,,météo correcte
2014-06-30,29,20,12,20,29,26,14.7,82,8.375,1004,21.875,33,24,20,113,176,356,,,,météo défavorable
2014-07-01,28,18,9,18,28,24,14.1,91,8.875,1007,51,30,23,18,293,293,293,,,,météo défavorable
2014-07-02,29,20,11,20,29,25,14,81,8.625,1007,42.75,31,22,20,302,116,176,,,,météo défavorable
2014-07-03,27,20,13,20,27,24,4.4,90,8.75,1005,34.5,30,22,20,116,116,176,,,,météo favorable
2014-07-04,28,20,12,20,28,24,13.5,85,8.25,1006,36.75,31,22,20,116,116,176,,,,météo défavorable
2014-07-05,28,20,12,20,28,24,18.1,88,8.125,1005,37,31,23,20,116,116,176,,,,météo très défavorable
2014-07-06,29,21,12,21,29,24,28.8,85,7.625,1008,31.125,32,22,21,356,116,356,,,,météo très défavorable
2014-07-07,29,21,11,21,29,25,26.6,92,8.125,1004,45.75,33,24,21,176,176,356,,,,météo très défavorable
2014-07-08,29,20,12,20,28,26,13.6,83,8.5,1003,28.75,34,24,20,176,176,356,,,,météo défavorable
2014-07-09,30,20,12,20,30,26,10,83,8.75,1004,19.875,33,23,20,113,176,356,,,,météo correcte
2014-07-10,30,21,12,21,30,26,14.2,86,8.375,1004,22.875,34,24,21,176,176,356,,,,météo défavorable
2014-07-11,30,21,10,21,30,26,12.7,86,9,1004,29.75,34,24,21,116,176,176,,,,météo correcte
2014-07-12,31,21,12,21,31,27,14.5,83,8.875,1004,26.5,35,24,21,113,113,356,,,,météo défavorable
2014-07-13,31,20,11,20,31,27,12,81,8.875,1006,17.875,34,24,20,113,113,356,,,,météo correcte
2014-07-14,30,20,12,20,30,26,16.9,87,8.5,1005,37.5,35,24,20,116,176,176,,,,météo très défavorable
2014-07-15,29,21,9,21,29,25,13.1,85,8.5,1005,38,32,23,21,176,176,176,,,,météo défavorable
2014-07-16,29,19,9,19,28,26,11.7,87,9.375,1005,38.875,32,22,19,353,353,113,,,,météo correcte
2014-07-17,28,20,11,20,28,24,16.4,89,8,1004,35.625,31,23,20,176,176,293,,,,météo très défavorable
2014-07-18,29,20,12,20,29,25,5.1,81,9.25,1004,27.75,31,22,20,176,113,176,,,,météo favorable
2014-07-19,29,19,11,19,29,26,8.1,87,9,1003,32.125,33,24,19,353,176,176,,,,météo correcte
2014-07-20,31,20,12,20,31,26,14.1,85,8.75,1003,28.75,35,24,20,176,113,176,,,,météo défavorable
2014-07-21,30,21,12,21,30,26,17.1,86,8.5,1003,29.5,33,24,21,176,176,176,,,,météo très défavorable
2014-07-22,29,20,10,20,29,25,10.7,89,8.875,1004,41.375,33,24,20,293,176,353,,,,météo correcte
2014-07-23,28,21,9,21,28,25,5,92,8.125,1006,56.5,32,24,21,143,176,353,,,,météo correcte
2014-07-24,27,18,9,18,27,24,12.1,90,9.25,1006,45.5,30,23,18,293,293,176,,,,météo correcte
2014-07-25,29,20,10,20,29,25,16.2,90,8.5,1007,41.75,33,24,20,176,176,356,,,,météo très défavorable
2014-07-26,30,19,9,19,30,26,4.1,83,9.625,1008,23.625,33,23,19,116,113,176,,,,météo favorable
2014-07-27,30,20,11,20,30,26,8.6,82,8.875,1009,22.5,33,23,20,176,176,176,,,,météo correcte
2014-07-28,30,19,11,19,30,26,9.3,85,8.875,1008,25.625,33,23,19,116,176,356,,,,météo correcte
2014-07-29,30,19,12,19,30,25,9.7,86,9,1006,19.75,33,23,19,113,113,176,,,,météo correcte
2014-07-30,29,19,12,19,29,26,8.4,83,9,1006,18.5,33,24,19,113,176,176,,,,météo correcte
2014-07-31,30,20,12,20,30,26,9.7,85,9,1007,23,34,24,20,113,113,176,,,,météo correcte
2014-08-01,30,19,9,19,30,26,6.9,86,8.25,1006,22,34,24,19,113,113,176,,,,météo favorable
2014-08-02,30,19,12,19,30,26,8.4,86,9.25,1004,23,34,23,19,113,113,356,,,,météo correcte
2014-08-03,30,19,10,19,30,25,12.9,89,8.75,1003,34.125,34,24,19,116,176,356,,,,météo correcte
2014-08-04,30,20,10,20,30,26,14.9,85,8.875,1002,34.5,33,23,20,293,176,176,,,,météo défavorable
2014-08-05,30,20,10,20,30,26,10.1,87,9.25,1004,45,34,24,20,293,176,176,,,,météo correcte
2014-08-06,29,19,11,19,29,25,9.1,88,7,1004,37.875,32,24,19,143,176,356,,,,météo correcte
2014-08-07,29,19,11,19,29,24,11.7,92,9.125,1005,43.5,32,24,19,176,176,353,,,,météo correcte
2014-08-08,28,20,6,20,26,25,25.2,96,8.125,1006,52.375,31,22,20,302,299,176,,,,météo très défavorable
2014-08-09,30,19,11,19,30,25,14,90,8,1007,26.75,34,24,19,263,176,356,,,,météo défavorable
2014-08-10,30,19,12,19,30,25,15.3,89,8.75,1007,31.5,34,24,19,113,176,353,,,,météo défavorable
2014-08-11,28,18,10,18,28,25,9.4,92,7.875,1007,57.5,32,24,18,116,176,176,,,,météo correcte
2014-08-12,28,19,10,19,28,25,15.8,92,6.5,1005,47.375,32,25,19,143,176,356,,,,météo défavorable
2014-08-13,25,19,8,19,25,23,81.7,95,6.375,1004,63.25,27,22,19,359,356,308,,,,météo très défavorable
2014-08-14,25,20,7,20,24,23,119.8,97,6.375,1004,83,27,23,20,308,302,296,,,,météo très défavorable
2014-08-15,23,19,9,19,23,20,100.6,96,6.625,1007,81.625,25,21,19,308,299,296,,,,météo très défavorable
2014-08-16,25,17,8,17,25,22,6.1,89,8.25,1008,31.25,27,22,17,176,176,176,,,,météo favorable
2014-08-17,28,18,11,18,28,23,9.1,91,9.25,1009,36,31,23,18,116,176,353,,,,météo correcte
2014-08-18,29,18,11,18,29,24,16.4,92,8.75,1011,44.125,32,23,18,176,176,356,,,,météo très défavorable
2014-08-19,28,18,11,18,28,24,6.2,91,9.5,1012,41.125,31,24,18,176,176,353,,,,météo favorable
2014-08-20,27,18,8,18,27,24,4.8,90,9.625,1010,50.875,30,23,18,116,176,353,,,,météo favorable
2014-08-21,27,19,10,19,27,23,6.6,93,8.375,1007,46.875,29,23,19,293,116,263,,,,météo favorable
2014-08-22,28,18,11,18,28,24,11.5,89,8.5,1009,31.5,31,23,18,176,176,356,,,,météo correcte
2014-08-23,29,18,10,18,29,24,9.9,89,8.75,1010,23.25,31,23,18,176,176,176,,,,météo correcte
2014-08-24,28,17,11,17,28,24,11.3,87,8.875,1009,25,30,23,17,176,176,176,,,,météo correcte
2014-08-25,28,17,12,17,28,24,10.2,87,8.875,1010,20.5,31,23,17,176,176,176,,,,météo correcte
2014-08-26,27,17,10,17,27,24,10,87,9.125,1009,31.875,30,23,17,176,176,176,,,,météo correcte
2014-08-27,28,16,11,16,28,23,18.1,88,7.625,1009,22.75,30,22,16,113,176,356,,,,météo très défavorable
2014-08-28,27,17,11,17,27,23,14.4,88,8.625,1011,26,30,22,17,113,176,176,,,,météo défavorable
2014-08-29,29,17,11,17,29,25,10.8,86,8.625,1011,21.75,31,23,17,113,176,176,,,,météo correcte
2014-08-30,29,18,11,18,29,24,17.8,87,8.5,1010,13,32,22,18,113,113,356,,,,météo très défavorable
2014-08-31,28,19,10,19,28,24,10.8,90,8.5,1009,30.125,31,22,19,113,113,356,,,,météo correcte
2014-09-01,27,18,10,18,27,24,9.8,90,7.75,1010,40.5,30,22,18,116,263,353,,,,météo correcte
2014-09-02,29,17,12,17,29,24,6.4,87,9.375,1011,24.875,32,22,17,113,113,116,,,,météo favorable
2014-09-03,28,17,11,17,28,24,6.4,88,9.125,1012,16.75,31,23,17,113,176,176,,,,météo favorable
2014-09-04,28,17,11,17,28,24,6.4,88,9.5,1010,15.375,31,22,17,113,113,176,,,,météo favorable
2014-09-05,29,17,12,17,29,24,4.6,88,9.5,1008,14.125,31,22,17,113,113,176,,,,météo favorable
2014-09-06,29,17,11,17,29,24,16.1,89,8.375,1008,19.25,31,23,17,176,176,356,,,,météo très défavorable
2014-09-07,29,17,11,17,29,24,11.7,89,8.75,1010,18.875,32,23,17,113,176,176,,,,météo correcte
2014-09-08,28,17,11,17,28,23,9.3,92,6.875,1011,39.875,31,23,17,143,176,176,,,,météo correcte
2014-09-09,28,17,10,17,28,23,10.5,93,6.875,1009,45.625,31,23,17,143,176,176,,,,météo correcte
2014-09-10,27,18,10,18,27,23,18.9,91,8.875,1010,44,30,22,18,176,176,353,,,,météo très défavorable
2014-09-11,25,17,7,17,25,22,22.6,88,7.75,1011,42.25,28,21,17,299,299,176,,,,météo très défavorable
2014-09-12,28,17,10,17,28,23,20.8,91,7.25,1011,41,31,22,18,293,176,356,,,,météo très défavorable
2014-09-13,24,16,6,16,24,21,13.4,86,8.375,1009,46.125,26,21,17,263,299,353,,,,météo défavorable
2014-09-14,26,16,9,16,26,21,11.9,89,8.5,1010,47.125,28,21,16,293,353,176,,,,météo correcte
2014-09-15,25,16,5,16,24,21,19.9,83,8.5,1010,41.375,27,19,16,299,299,176,,,,météo très défavorable
2014-09-16,28,17,12,17,28,22,8.3,90,7.75,1009,17.25,29,21,17,176,113,176,,,,météo correcte
2014-09-17,29,16,12,16,29,23,2.4,92,9.25,1007,30.375,31,22,16,113,113,353,,,,météo favorable
2014-09-18,30,18,11,18,30,23,12,90,8.75,1010,18.5,32,22,19,113,113,176,,,,météo correcte
2014-09-19,28,18,11,18,28,22,23.3,93,8.125,1010,27.75,31,23,18,113,113,356,,,,météo très défavorable
2014-09-20,26,17,9,17,26,21,5.5,96,8.25,1009,39.75,28,22,17,143,176,353,,,,météo favorable
2014-09-21,25,16,9,16,25,21,2.6,94,8.25,1008,33.375,27,22,16,116,113,176,,,,météo favorable
2014-09-22,27,16,12,16,27,21,4.6,94,9.125,1009,21.375,29,21,17,113,113,176,,,,météo favorable
2014-09-23,26,16,12,16,26,22,4.3,96,7.875,1009,55.125,28,22,16,143,116,353,,,,météo correcte
2014-09-24,26,16,10,16,26,21,12.4,93,8.875,1011,26.25,27,20,16,113,176,176,,,,météo correcte
2014-09-25,24,16,8,16,24,20,10.3,91,9,1012,15.625,26,20,16,176,113,176,,,,météo correcte
2014-09-26,25,15,11,15,25,20,8,91,9.25,1013,16,26,19,15,113,176,176,,,,météo correcte
2014-09-27,25,14,12,14,25,20,10.9,95,8.75,1014,24.125,27,20,14,113,176,356,,,,météo correcte
2014-09-28,25,15,11,15,25,19,17.7,92,7.625,1015,24.625,27,19,15,176,176,356,,,,météo très défavorable
2014-09-29,25,14,11,14,25,19,8.7,90,9,1016,8.75,26,18,14,113,113,176,,,,météo correcte
2014-09-30,26,14,10,14,26,18,4.5,89,9.625,1015,8.875,27,18,14,113,113,176,,,,météo favorable
2014-10-01,27,15,10,15,27,18,1.9,88,9.875,1017,7,27,16,14,113,113,176,,,,météo idéale
2014-10-02,27,15,10,15,27,18,0.8,86,10,1016,7.125,27,16,15,113,113,113,,,,météo idéale
2014-10-03,26,14,12,14,26,19,5.4,95,9.5,1014,20,27,18,14,113,113,356,,,,météo favorable
2014-10-04,26,14,11,14,26,18,15.3,91,6.5,1016,27.375,27,20,14,143,176,356,,,,météo défavorable
2014-10-05,28,15,10,15,28,20,15.8,90,6.75,1017,11.125,29,20,15,113,113,359,,,,météo défavorable
2014-10-06,29,16,9,16,29,19,4,85,9.75,1018,4.5,29,16,16,113,113,176,,,,météo favorable
2014-10-07,28,16,10,16,28,19,6.6,84,9.25,1016,4,28,16,16,113,113,176,,,,météo favorable
2014-10-08,27,15,10,15,27,19,1.9,81,9.875,1016,3.625,27,14,15,113,113,176,,,,météo idéale
2014-10-09,28,15,10,15,28,18,0,82,10,1015,3.5,28,14,15,113,113,113,,,,météo idéale
2014-10-10,27,16,10,16,27,17,0.6,85,10,1013,3.375,27,14,16,113,113,113,,,,météo idéale
2014-10-11,27,15,10,15,27,17,0,81,10,1013,2.125,26,12,14,113,113,113,,,,météo idéale
2014-10-12,28,15,9,15,28,18,0.6,84,10,1017,2.25,27,14,14,113,113,113,,,,météo idéale
2014-10-13,24,13,8,13,24,18,10.9,85,9.375,1018,31.25,25,18,13,116,113,299,,,,météo correcte
2014-10-14,13,11,13,11,13,13,32.8,87,7.625,1020,67.625,13,11,9,293,302,308,,,,météo très défavorable
2014-10-15,26,14,9,14,26,18,4.1,84,9.5,1019,10.75,27,15,13,176,113,176,,,,météo favorable
2014-10-16,26,14,9,14,26,17,0,87,10,1018,1.875,26,15,14,113,113,113,,,,météo favorable
2014-10-17,25,14,9,14,25,16,1.1,84,10,1018,1.75,25,13,13,113,113,113,,,,météo favorable
2014-10-18,25,13,9,13,25,15,0.3,83,10,1017,2.5,25,11,12,113,113,113,,,,météo favorable
2014-10-19,24,12,11,12,24,15,0,90,10,1017,3.875,25,13,12,113,113,113,,,,météo favorable
2014-10-20,24,12,10,12,24,14,0,89,10,1018,5,25,13,12,113,113,113,,,,météo favorable
2014-10-21,24,11,10,11,24,15,3.9,88,9.75,1020,4.875,25,13,11,113,113,176,,,,météo favorable
2014-10-22,24,11,11,11,24,14,0.1,91,10,1021,7.625,25,14,11,113,113,113,,,,météo favorable
2014-10-23,24,11,12,11,24,16,0.8,95,9.5,1019,16,25,16,11,113,113,176,,,,météo favorable
2014-10-24,23,11,11,11,23,14,7.4,94,8.75,1017,15,25,15,11,113,113,176,,,,météo favorable
2014-10-25,22,12,9,12,22,14,6.6,89,9.25,1018,6.125,24,13,12,113,113,356,,,,météo favorable
2014-10-26,23,11,10,11,23,14,5.4,89,9.75,1020,6.5,24,11,11,113,113,176,,,,météo favorable
2014-10-27,22,10,10,10,22,13,9.1,91,9.25,1019,9.5,23,13,10,113,113,176,,,,météo correcte
2014-10-28,21,9,10,9,21,12,1.8,89,9.875,1016,8.125,23,11,9,113,113,113,,,,météo favorable
2014-10-29,21,9,10,9,21,12,3.4,90,9.75,1017,9.5,23,12,8,113,113,176,,,,météo favorable
2014-10-30,21,9,10,9,21,13,2.5,92,9.625,1017,12.625,21,13,9,113,113,176,,,,météo favorable
2014-10-31,23,10,10,10,23,15,0.9,92,9.75,1016,13.875,25,14,10,113,113,176,,,,météo favorable
2014-11-01,24,11,10,11,24,15,0,89,10,1017,6.75,25,13,11,113,113,113,,,,météo favorable
2014-11-02,25,12,9,12,25,14,0,84,10,1017,4.125,25,12,12,113,113,113,,,,météo favorable
2014-11-03,25,13,9,13,25,14,0,82,10,1017,1.875,25,11,12,113,113,113,,,,météo favorable
2014-11-04,24,12,9,12,24,14,0.9,84,10,1016,2,25,11,12,113,113,113,,,,météo favorable
2014-11-05,23,10,9,10,23,14,1,86,9.875,1016,7.875,24,11,10,113,113,176,,,,météo favorable
2014-11-06,23,10,10,10,23,13,1.1,92,10,1015,12.875,25,14,10,113,113,116,,,,météo favorable
2014-11-07,23,10,12,10,23,14,0,92,10,1017,10.375,25,14,10,113,113,113,,,,météo favorable
2014-11-08,24,11,10,11,24,15,0,88,10,1019,7,25,13,11,113,113,113,,,,météo favorable
2014-11-09,24,12,10,12,24,16,0,86,10,1019,5.25,25,14,12,113,113,113,,,,météo favorable
2014-11-10,24,13,10,13,24,16,0,82,10,1018,1.625,25,12,13,113,113,113,,,,météo favorable
2014-11-11,26,13,9,13,26,17,0,76,10,1017,1.75,25,12,12,113,113,113,,,,météo favorable
2014-11-12,25,13,9,13,25,16,0,74,10,1018,0,24,11,12,113,113,113,,,,météo favorable
2014-11-13,23,11,10,11,23,12,0,83,10,1019,1.5,24,10,11,113,113,113,,,,météo favorable
2014-11-14,22,12,11,12,22,13,0,88,10,1018,4.375,24,11,12,113,113,113,,,,météo favorable
2014-11-15,22,9,11,9,22,13,0,91,9,1017,11.375,23,13,9,113,113,113,,,,météo favorable
2014-11-16,21,10,11,10,21,12,0,89,10,1017,7.375,24,11,10,113,113,113,,,,météo favorable
2014-11-17,21,9,10,9,21,11,0,92,8.625,1018,11.5,23,11,9,113,113,113,,,,météo favorable
2014-11-18,20,8,11,8,20,11,0.1,91,9.375,1019,11.625,20,11,8,113,113,113,,,,météo favorable
2014-11-19,20,8,11,8,20,11,0.1,92,10,1019,10.375,20,11,8,113,113,113,,,,météo favorable
2014-11-20,20,8,11,8,20,12,0.1,93,10,1017,12.875,20,12,8,113,113,116,,,,météo favorable
2014-11-21,21,8,10,8,21,12,0,91,10,1016,10.5,21,11,8,113,113,113,,,,météo favorable
2014-11-22,21,9,10,9,21,12,0,85,10,1017,6.5,23,10,9,113,113,113,,,,météo favorable
2014-11-23,21,9,9,9,21,12,0,79,10,1017,1.625,21,7,9,113,113,113,,,,météo favorable
2014-11-24,21,9,11,9,21,10,0,84,10,1018,1.625,22,7,9,113,113,113,,,,météo favorable
2014-11-25,20,9,10,9,20,9,0,85,10,1016,2.75,20,8,9,113,113,113,,,,météo favorable
2014-11-26,19,7,10,7,19,8,0,91,10,1013,8.125,19,9,7,113,113,113,,,,météo favorable
2014-11-27,19,6,9,6,19,9,0,90,9,1014,12.125,19,10,6,143,113,113,,,,météo favorable
2014-11-28,18,6,11,6,18,10,0.1,92,10,1015,20.75,18,10,7,113,113,113,,,,météo favorable
2014-11-29,19,6,10,6,19,10,0,91,10,1014,13.625,19,10,6,113,113,113,,,,météo favorable
2014-11-30,21,8,10,8,21,12,0,93,7.875,1015,29.75,23,12,8,143,113,116,,,,météo favorable
2014-12-01,21,9,10,9,21,13,0.1,93,10,1015,12.25,23,13,9,113,113,113,,,,météo favorable
2014-12-02,21,10,10,10,21,12,0.1,92,9.625,1016,10.625,23,13,10,113,113,113,,,,météo favorable
2014-12-03,21,9,10,9,21,12,0,90,9.375,1016,8.375,23,12,9,113,113,113,,,,météo favorable
2014-12-04,21,9,9,9,21,12,0,88,10,1019,5.375,24,11,9,113,113,113,,,,météo favorable
2014-12-05,23,10,9,10,23,13,0,81,10,1019,1.375,24,10,10,113,113,113,,,,météo favorable
2014-12-06,23,10,10,10,23,12,0,84,10,1019,1.5,24,10,10,113,113,113,,,,météo favorable
2014-12-07,21,8,9,8,21,11,0,84,10,1016,3,23,9,8,113,113,113,,,,météo favorable
2014-12-08,21,7,8,7,21,10,0,72,10,1018,7.5,21,5,6,113,113,113,,,,météo favorable
2014-12-09,23,9,9,9,23,12,0,51,10,1019,2.375,23,2,8,113,113,113,,,,météo favorable
2014-12-10,22,9,10,9,22,12,0,47,10,1019,1,22,0,7,113,113,113,,,,météo favorable
2014-12-11,19,6,8,6,19,11,0,62,10,1018,16.125,19,3,4,116,116,113,,,,météo favorable
2014-12-12,21,7,8,7,21,11,0,65,10,1021,0,21,4,6,113,113,113,,,,météo favorable
2014-12-13,20,8,6,8,20,11,0.2,46,9.75,1021,40.25,20,0,7,113,116,116,,,,météo favorable
2014-12-14,11,6,10,6,10,10,32.9,90,7.375,1020,78.375,11,9,4,299,302,302,,,,météo très défavorable
2014-12-15,16,5,12,5,16,10,1.9,59,9.75,1022,20.25,16,6,2,176,113,113,,,,météo correcte
2014-12-16,14,4,9,4,14,8,1.5,61,9,1021,21.125,14,2,2,176,113,113,,,,météo correcte
2014-12-17,18,5,9,5,18,10,0,65,10,1026,0.125,18,4,4,113,113,113,,,,météo favorable
2014-12-18,19,3,14,3,19,9,0,76,10,1027,0.25,19,6,0,113,113,113,,,,météo favorable
2014-12-19,18,5,9,5,18,8,0,79,10,1023,13.625,18,5,5,113,113,116,,,,météo favorable
2014-12-20,19,7,9,7,19,9,0,84,10,1018,2.75,19,6,7,113,113,113,,,,météo favorable
2014-12-21,19,8,9,8,19,9,0,78,10,1018,4.75,19,6,8,113,113,113,,,,météo favorable
2014-12-22,20,7,8,7,20,10,0,73,10,1018,0,20,5,6,113,113,113,,,,météo favorable
2014-12-23,21,7,6,7,21,10,0,56,10,1019,0,21,2,6,113,113,113,,,,météo favorable
2014-12-24,19,7,8,7,19,11,0,70,10,1020,0,19,4,6,113,113,113,,,,météo favorable
2014-12-25,19,6,9,6,19,11,0,75,10,1018,0,19,6,6,113,113,113,,,,météo favorable
2014-12-26,19,7,8,7,19,12,0,75,10,1016,0,19,6,7,113,113,113,,,,météo favorable
2014-12-27,17,5,10,5,17,8,0,83,10,1019,1,17,5,5,113,113,113,,,,météo correcte
2014-12-28,19,6,9,6,19,10,0,79,10,1019,0.25,19,6,6,113,113,113,,,,météo favorable
2014-12-29,19,7,9,7,19,11,0,68,10,1019,1.125,19,5,7,113,113,113,,,,météo favorable
2014-12-30,19,7,9,7,19,11,0,61,10,1017,0,19,3,5,113,113,113,,,,météo favorable
2014-12-31,20,7,10,7,20,12,0,52,10,1020,0.25,20,1,5,113,113,113,,,,météo favorable
2015-01-01,18,7,12,7,18,12,0,38,10,1020,12.5,18,2,5,113,113,113,,,,météo favorable
2015-01-02,13,8,11,8,12,12,7.1,75,9,1021,62.875,13,7,6,353,263,353,,,,météo correcte
2015-01-03,17,9,10,9,17,12,6.1,66,9.375,1020,29.625,17,8,7,176,176,176,,,,météo correcte
2015-01-04,16,7,10,7,14,10,1.2,46,9.875,1018,6.5,16,3,5,113,113,113,,,,météo correcte
2015-01-05,15,6,10,6,15,7,0,89,10,1016,6.625,15,6,5,113,113,113,,,,météo correcte
2015-01-06,16,4,10,4,16,7,0,87,10,1016,6.25,16,6,4,113,113,113,,,,météo correcte
2015-01-07,15,4,9,4,15,5,2.1,83,9.875,1016,6.25,15,3,4,113,113,176,,,,météo correcte
2015-01-08,15,5,9,5,15,9,7.7,78,9.375,1026,9.375,15,6,4,176,113,356,,,,météo correcte
2015-01-09,17,3,18,3,17,11,0,67,10,1028,0,17,4,-2,113,113,113,,,,météo correcte
2015-01-10,17,5,9,5,17,10,0,77,10,1021,0,17,5,4,113,113,113,,,,météo correcte
2015-01-11,18,6,9,6,18,10,0,79,10,1020,0,18,6,7,113,113,113,,,,météo favorable
2015-01-12,18,6,9,6,18,9,0,75,10,1020,0,18,4,6,113,113,113,,,,météo favorable
2015-01-13,18,6,9,6,18,8,0,75,10,1019,0.5,18,4,6,113,113,113,,,,météo favorable
2015-01-14,19,6,7,6,19,11,0,58,10,1022,0.25,19,2,5,113,113,113,,,,météo favorable
2015-01-15,18,5,10,5,18,9,0,60,10,1022,0.5,18,1,3,113,113,113,,,,météo favorable
2015-01-16,18,5,8,5,18,9,0,66,10,1021,0.25,18,2,4,113,113,113,,,,météo favorable
2015-01-17,16,4,10,4,16,7,0,75,10,1023,1.125,16,3,2,113,113,113,,,,météo correcte
2015-01-18,22,5,4,5,22,8,0,55,10,1021,0,22,0,5,113,113,113,,,,météo favorable
2015-01-19,22,6,5,6,22,7,0,67,10,1021,0,22,1,6,113,113,113,,,,météo favorable
2015-01-20,20,5,7,5,20,7,0,73,10,1023,0,20,3,5,113,113,113,,,,météo favorable
2015-01-21,23,7,7,7,23,9,0,67,10,1025,0,23,3,7,113,113,113,,,,météo favorable
2015-01-22,23,8,8,8,23,10,0,46,10,1024,29.5,22,0,8,113,113,119,,,,météo favorable
2015-01-23,23,9,10,9,23,13,1.5,59,9.375,1021,34,23,2,8,296,113,113,,,,météo favorable
2015-01-24,23,8,9,8,23,10,0,41,10,1021,0,23,0,7,113,113,113,,,,météo favorable
2015-01-25,24,7,8,7,24,11,0,58,10,1022,0.5,23,2,7,113,113,113,,,,météo favorable
2015-01-26,13,9,9,10,13,9,4.5,70,8.75,1021,86.375,13,7,9,122,296,296,,,,météo défavorable
2015-01-27,17,9,9,9,17,11,0.5,40,8.375,1022,66.25,17,1,8,176,266,113,,,,météo défavorable
2015-01-28,21,8,10,8,21,11,0,22,10,1022,0.5,22,0,7,113,113,113,,,,météo favorable
2015-01-29,21,5,6,5,21,7,0,37,10,1022,9.5,21,0,3,113,113,113,,,,météo favorable
2015-01-30,20,5,6,5,20,7,0,41,10,1023,0,20,0,3,113,113,113,,,,météo favorable
2015-01-31,20,4,7,4,20,9,0,78,10,1020,0.625,20,3,5,113,113,113,,,,météo favorable
2015-02-01,21,5,6,5,21,9,0,76,10,1021,0.625,21,4,5,113,113,113,,,,météo favorable
2015-02-02,23,4,5,4,23,9,0,52,10,1025,25.125,22,0,3,113,116,116,,,,météo favorable
2015-02-03,23,8,8,8,23,12,0,35,10,1026,26,23,0,7,113,116,116,,,,météo favorable
2015-02-04,25,10,9,10,25,14,0,39,10,1024,3.75,24,0,9,113,113,113,,,,météo favorable
2015-02-05,24,8,8,8,24,12,0,73,10,1020,0.875,23,6,8,113,113,113,,,,météo favorable
2015-02-06,24,8,8,8,24,14,0,81,9,1019,0.875,23,8,8,113,113,113,,,,météo favorable
2015-02-07,24,9,8,9,24,12,0,58,10,1019,3.125,23,4,8,113,113,113,,,,météo favorable
2015-02-08,23,9,9,9,23,12,0,21,10,1020,18.125,23,0,8,113,113,116,,,,météo favorable
2015-02-09,25,8,8,8,25,14,0,30,10,1021,18.375,24,0,7,116,113,113,,,,météo favorable
2015-02-10,25,9,8,9,25,13,0,42,10,1021,0,24,1,8,113,113,113,,,,météo favorable
2015-02-11,25,8,8,8,25,11,0,56,10,1019,10.625,24,1,8,113,113,116,,,,météo favorable
2015-02-12,23,6,5,6,23,10,0.4,60,9.875,1018,8,23,1,6,113,113,176,,,,météo favorable
2015-02-13,20,6,7,6,20,11,0.5,68,10,1016,5.125,20,4,6,113,113,113,,,,météo favorable
2015-02-14,20,6,6,6,20,10,1.5,81,8.625,1015,18.625,20,6,6,113,113,176,,,,météo favorable
2015-02-15,19,6,5,6,19,11,1.9,86,9.375,1018,19.875,19,8,6,176,113,176,,,,météo favorable
2015-02-16,22,8,6,8,22,13,0.8,84,9,1020,15.25,23,8,8,143,113,113,,,,météo favorable
2015-02-17,23,8,6,8,23,12,0.5,72,9.875,1018,11.125,23,6,8,113,113,113,,,,météo favorable
2015-02-18,24,9,5,9,24,12,2.8,72,10,1016,9.75,24,6,8,113,113,386,,,,météo favorable
2015-02-19,23,8,6,8,23,14,0.2,68,10,1017,8.125,24,6,8,113,113,113,,,,météo favorable
2015-02-20,24,11,7,11,24,15,1,71,10,1018,3,24,8,11,113,113,113,,,,météo favorable
2015-02-21,24,9,7,9,24,14,0.6,74,10,1017,10,24,8,9,176,113,113,,,,météo favorable
2015-02-22,26,10,9,10,26,16,0,74,10,1020,4.125,25,10,10,113,113,113,,,,météo favorable
2015-02-23,26,11,8,11,26,17,0,84,7.875,1020,21.25,26,11,11,143,113,113,,,,météo favorable
2015-02-24,25,11,7,11,25,19,0,88,8.75,1017,29,26,13,11,248,113,113,,,,météo favorable
2015-02-25,27,12,8,12,27,17,1.7,82,8.875,1015,30.875,26,11,12,113,113,353,,,,météo favorable
2015-02-26,25,13,9,13,25,16,1.3,50,9.75,1015,29.125,24,4,12,113,176,176,,,,météo favorable
2015-02-27,26,10,9,10,26,17,1.3,49,9.75,1017,23.125,24,1,9,176,116,116,,,,météo favorable
2015-02-28,26,12,8,12,26,19,0,28,10,1018,39.875,25,0,11,113,119,116,,,,météo correcte
2015-03-01,16,12,8,14,14,12,21.5,80,8.25,1020,73.875,16,9,11,116,308,302,,,,météo très défavorable
2015-03-02,11,7,8,7,11,10,36.6,90,7.5,1020,64.5,11,9,5,308,308,113,,,,météo très défavorable
2015-03-03,23,10,8,10,23,16,0,45,10,1016,38.625,23,2,9,119,116,113,,,,météo favorable
2015-03-04,23,10,6,10,23,14,0.1,51,10,1016,2.25,23,3,9,113,113,113,,,,météo favorable
2015-03-05,24,9,8,9,24,18,0,46,10,1018,0,23,4,8,113,113,113,,,,météo favorable
2015-03-06,25,10,8,10,25,17,0,39,10,1018,0,24,2,9,113,113,113,,,,météo favorable
2015-03-07,27,11,8,11,27,19,0,50,10,1018,0.875,25,6,11,113,113,113,,,,météo favorable
2015-03-08,27,11,8,11,27,18,0,32,10,1021,7.5,25,0,10,113,113,113,,,,météo favorable
2015-03-09,27,13,11,13,27,20,0,17,10,1022,1.75,26,0,12,113,113,113,,,,météo favorable
2015-03-10,29,13,8,13,29,20,0,27,10,1022,0,27,0,12,113,113,113,,,,météo favorable
2015-03-11,31,13,7,13,31,21,0,35,10,1021,0,28,3,12,113,113,113,,,,météo favorable
2015-03-12,30,11,9,11,30,20,0,47,10,1021,20.875,27,3,11,113,116,113,,,,météo favorable
2015-03-13,28,14,9,14,28,19,0,26,10,1019,52.375,26,0,14,119,119,116,,,,météo correcte
2015-03-14,29,14,10,14,29,21,0,26,10,1020,16,27,0,13,116,113,113,,,,météo favorable
2015-03-15,27,14,9,14,27,18,1.5,36,9.875,1021,63.25,25,4,14,113,116,119,,,,météo correcte
2015-03-16,24,12,9,12,24,18,4.6,70,7.75,1022,43.125,24,7,11,302,176,116,,,,météo favorable
2015-03-17,29,13,8,13,29,22,0,26,10,1021,9.25,27,0,13,113,113,113,,,,météo favorable
2015-03-18,26,12,4,12,26,21,0,36,10,1017,49.5,25,4,11,119,122,113,,,,météo correcte
2015-03-19,30,12,6,12,30,19,0,30,10,1019,9.625,27,0,11,113,113,113,,,,météo favorable
2015-03-20,29,11,7,11,29,24,0,55,10,1019,22.5,27,7,11,119,113,113,,,,météo favorable
2015-03-21,31,15,7,15,31,24,0,44,10,1019,0.375,28,7,15,113,113,113,,,,météo idéale
2015-03-22,31,16,7,16,31,24,0,61,10,1018,2.25,29,10,16,113,113,113,,,,météo idéale
2015-03-23,29,15,6,15,29,22,3.3,63,9.625,1016,9.75,27,13,16,113,113,176,,,,météo favorable
2015-03-24,29,15,7,15,29,23,0.9,72,9.875,1018,9.125,28,13,15,113,113,176,,,,météo idéale
2015-03-25,31,15,5,15,31,24,2,66,9.875,1020,6.5,30,11,15,113,113,113,,,,météo idéale
2015-03-26,30,16,5,16,30,24,2.1,55,9.75,1020,11.625,29,12,16,113,113,176,,,,météo idéale
2015-03-27,28,16,6,16,28,23,13.6,69,8.625,1020,25,28,15,16,176,176,356,,,,météo défavorable
2015-03-28,27,15,7,15,27,23,3.1,81,9.25,1018,23.625,27,16,15,176,113,176,,,,météo favorable
2015-03-29,28,15,7,15,28,23,7.2,79,9.375,1016,12.125,28,15,15,176,176,176,,,,météo favorable
2015-03-30,24,14,9,15,24,14,8.4,69,8.75,1016,41.75,25,10,15,113,176,296,,,,météo correcte
2015-03-31,28,15,8,15,28,22,3,57,9.75,1014,6.875,27,11,15,176,113,176,,,,météo favorable
2015-04-01,28,14,7,14,28,23,0,61,10,1013,5.875,27,10,14,113,113,113,,,,météo favorable
2015-04-02,29,15,7,15,29,22,0.9,48,9.75,1011,9.875,27,9,15,176,113,113,,,,météo idéale
2015-04-03,30,16,9,16,30,24,2.7,51,9.875,1008,9,29,11,16,113,113,113,,,,météo idéale
2015-04-04,29,15,8,15,29,22,2.5,49,9.625,1010,22.625,28,10,15,176,113,353,,,,météo idéale
2015-04-05,31,15,8,15,31,24,1.1,40,10,1012,3.5,29,8,15,176,113,113,,,,météo idéale
2015-04-06,31,15,7,15,31,24,0.2,35,10,1014,2.5,29,6,15,176,113,113,,,,météo idéale
2015-04-07,28,14,9,14,28,22,0.1,32,10,1015,22.125,26,4,14,113,119,113,,,,météo correcte
2015-04-08,30,18,9,18,30,27,0,25,10,1016,1,28,3,17,113,113,113,,,,météo idéale
2015-04-09,32,17,8,17,32,27,0,30,10,1013,0,29,6,16,113,113,113,,,,météo idéale
2015-04-10,34,17,7,17,34,29,0,30,10,1014,0,31,7,18,113,113,113,,,,météo idéale
2015-04-11,31,18,9,18,31,25,0.1,32,10,1016,2.5,29,6,18,113,113,113,,,,météo idéale
2015-04-12,31,16,7,16,31,26,0,31,10,1019,34.875,29,6,16,116,122,113,,,,météo correcte
2015-04-13,27,17,7,17,27,22,13.1,67,8.625,1021,37.75,26,14,17,293,176,356,,,,météo défavorable
2015-04-14,29,15,8,15,29,24,1.8,76,9.625,1019,12.75,28,12,16,176,113,176,,,,météo idéale
2015-04-15,29,17,7,17,29,25,1.6,62,9.75,1019,30.125,28,10,18,116,116,113,,,,météo favorable
2015-04-16,32,16,6,16,32,25,5.2,52,8.5,1019,24.875,31,12,16,176,113,176,,,,météo favorable
2015-04-17,29,16,6,16,29,22,17,69,8.5,1016,24.375,28,15,16,176,176,356,,,,météo très défavorable
2015-04-18,25,15,6,15,25,22,18.8,74,8.375,1011,24.875,26,16,15,176,356,356,,,,météo très défavorable
2015-04-19,30,16,8,16,30,25,0.4,61,9.875,1014,8.5,29,15,16,113,113,113,,,,météo idéale
2015-04-20,30,17,7,17,30,26,7,75,9.625,1015,15.25,30,17,17,176,113,176,,,,météo favorable
2015-04-21,29,18,10,18,29,24,14.6,73,8.5,1013,13,29,16,18,176,176,356,,,,météo défavorable
2015-04-22,33,20,8,20,33,28,1.3,46,9.875,1010,2.625,31,13,20,113,113,113,,,,météo idéale
2015-04-23,32,19,8,19,32,26,1.8,47,9.75,1013,4.375,30,11,19,113,113,176,,,,météo idéale
2015-04-24,32,19,5,19,32,25,6.2,50,9.5,1014,6.375,30,12,19,113,113,356,,,,météo favorable
2015-04-25,26,15,6,15,26,21,8.3,68,9.25,1015,20.5,26,15,16,113,176,176,,,,météo correcte
2015-04-26,28,14,5,14,28,22,7.7,71,9,1017,30.625,28,15,14,176,353,356,,,,météo correcte
2015-04-27,26,14,5,14,26,23,7.5,73,8.75,1015,28.875,27,16,14,176,176,356,,,,météo favorable
2015-04-28,26,16,6,16,26,22,20.2,74,8.375,1013,25.375,27,17,15,176,356,356,,,,météo très défavorable
2015-04-29,27,16,8,16,27,22,20.1,79,8.375,1012,27.75,27,17,16,176,176,356,,,,météo très défavorable
2015-04-30,27,14,8,14,27,23,9.5,77,9.125,1013,21.125,27,17,14,113,176,356,,,,météo correcte
2015-05-01,29,16,8,16,29,26,7.1,76,9.5,1012,11.125,29,16,16,176,176,176,,,,météo favorable
2015-05-02,32,19,9,19,32,27,3.3,50,9.875,1012,5.25,30,12,19,176,113,113,,,,météo favorable
2015-05-03,34,20,8,20,34,29,0.6,33,9.875,1013,4.75,32,9,20,113,113,113,,,,météo idéale
2015-05-04,33,20,11,20,33,30,0.1,26,10,1014,0.125,31,7,19,113,113,113,,,,météo idéale
2015-05-05,34,20,10,20,34,31,0,24,10,1013,0,32,5,20,113,113,113,,,,météo idéale
2015-05-06,34,20,8,20,34,32,0,29,10,1011,0.875,32,10,20,113,113,113,,,,météo idéale
2015-05-07,34,21,8,21,34,29,0.5,40,10,1012,3.25,32,12,21,113,113,113,,,,météo idéale
2015-05-08,32,19,7,19,32,29,1.1,56,9.875,1012,10.75,32,16,19,113,113,176,,,,météo idéale
2015-05-09,31,18,8,18,31,27,10.7,78,9.125,1011,20.625,32,18,18,113,353,356,,,,météo correcte
2015-05-10,32,20,8,20,32,28,9.2,63,9.125,1011,11,32,18,20,176,176,356,,,,météo correcte
2015-05-11,33,19,7,19,33,28,8.3,58,9.25,1013,9.875,33,16,19,176,176,176,,,,météo correcte
2015-05-12,32,19,6,19,32,28,7.2,55,9.375,1013,10.25,32,16,20,176,176,176,,,,météo favorable
2015-05-13,32,20,9,20,32,29,4.5,61,9.625,1011,10.5,32,16,20,176,176,113,,,,météo favorable
2015-05-14,33,21,12,21,33,30,0.2,52,10,1012,5.125,32,11,21,113,113,113,,,,météo idéale
2015-05-15,31,22,5,22,31,29,0.2,39,10,1012,28.375,30,12,22,116,119,113,,,,météo correcte
2015-05-16,32,21,8,21,32,25,1.4,49,8.875,1012,28.75,31,13,21,176,116,176,,,,météo favorable
2015-05-17,33,20,7,20,33,28,3.2,52,9.625,1010,9.125,32,15,20,113,113,176,,,,météo favorable
2015-05-18,33,21,6,21,33,29,6.9,58,9.375,1009,18,33,18,21,113,176,176,,,,météo favorable
2015-05-19,34,21,7,21,34,29,12,66,8.875,1009,31.125,36,20,21,176,353,353,,,,météo correcte
2015-05-20,32,21,9,21,32,28,15.8,77,8.5,1008,15.25,33,20,21,176,176,356,,,,météo défavorable
2015-05-21,34,23,8,23,34,30,0.8,49,10,1008,3.625,33,15,23,113,113,113,,,,météo idéale
2015-05-22,37,23,8,23,37,33,0,37,10,1007,0,36,12,23,113,113,113,,,,météo favorable
2015-05-23,37,23,10,23,37,28,2.7,48,9.75,1007,3.125,35,13,23,113,113,176,,,,météo favorable
2015-05-24,35,21,10,21,35,29,1.3,36,9.75,1008,12.75,33,10,21,113,113,176,,,,météo idéale
2015-05-25,36,23,11,23,36,30,4.7,51,9.5,1008,3.5,34,16,23,113,113,356,,,,météo favorable
2015-05-26,36,23,11,23,36,29,6.7,54,9.5,1010,5.375,35,17,23,176,113,356,,,,météo favorable
2015-05-27,34,22,9,22,34,30,7.3,55,9.375,1009,8.625,34,18,22,176,176,176,,,,météo favorable
2015-05-28,32,20,9,20,32,27,2.6,61,9.75,1009,16.375,33,17,20,176,176,176,,,,météo favorable
2015-05-29,32,21,9,21,32,28,8.3,67,9.5,1009,17,33,19,21,113,176,176,,,,météo correcte
2015-05-30,32,20,8,20,32,27,12.7,70,8.75,1010,18.25,34,19,20,176,176,356,,,,météo correcte
2015-05-31,32,22,11,22,32,28,7.6,60,9.5,1009,7.75,32,18,22,176,113,176,,,,météo favorable
2015-06-01,35,22,9,22,35,31,3.5,48,9.625,1008,4.5,34,16,22,113,113,176,,,,météo favorable
2015-06-02,35,23,9,23,35,33,0.2,41,10,1010,2.5,34,12,23,113,113,113,,,,météo idéale
2015-06-03,36,24,9,24,36,34,0.1,37,10,1011,1.75,35,13,24,113,113,113,,,,météo favorable
2015-06-04,34,22,9,22,34,29,8.4,61,9,1012,11,35,19,22,113,176,356,,,,météo correcte
2015-06-05,34,22,9,22,34,31,4.8,66,9.625,1011,9.125,35,17,22,176,176,176,,,,météo favorable
2015-06-06,36,24,10,24,36,35,0.4,53,9.875,1008,4.625,36,14,24,113,113,113,,,,météo favorable
2015-06-07,36,25,13,25,36,34,0,41,10,1008,0.625,35,13,25,113,113,113,,,,météo favorable
2015-06-08,36,25,10,25,36,32,0.2,42,10,1008,2.375,35,15,25,113,113,113,,,,météo favorable
2015-06-09,36,24,9,24,36,31,3,52,9.75,1007,4.125,35,18,24,113,113,176,,,,météo favorable
2015-06-10,35,24,10,24,35,30,11.3,62,9.125,1006,7.125,35,20,24,113,113,356,,,,météo correcte
2015-06-11,33,23,9,23,33,27,24.2,78,8,1008,16,35,22,23,113,176,356,,,,météo très défavorable
2015-06-12,32,22,9,22,32,29,18.9,69,7.875,1008,20.5,34,21,22,176,176,356,,,,météo très défavorable
2015-06-13,32,21,10,21,32,27,19.1,76,8.5,1007,12.625,33,21,21,176,176,356,,,,météo très défavorable
2015-06-14,32,20,9,20,32,27,13.1,79,8.875,1007,14.125,32,20,20,176,113,356,,,,météo défavorable
2015-06-15,31,20,7,20,31,28,21.2,81,8.25,1008,30.875,32,20,20,293,176,356,,,,météo très défavorable
2015-06-16,32,21,8,21,32,28,14.9,76,8.5,1007,20.375,34,21,21,176,176,356,,,,météo défavorable
2015-06-17,31,21,8,21,31,28,17,82,8.375,1007,17.25,34,22,21,176,176,356,,,,météo très défavorable
2015-06-18,32,21,7,21,32,27,21.3,85,7.875,1007,21.125,35,21,21,176,176,356,,,,météo très défavorable
2015-06-19,33,22,8,22,33,29,17.3,81,8.25,1008,21.125,35,22,22,176,113,356,,,,météo très défavorable
2015-06-20,32,22,7,22,32,28,29.5,82,7.375,1007,24.5,35,23,22,176,176,356,,,,météo très défavorable
2015-06-21,32,22,9,22,32,28,31.8,84,7.5,1007,24.75,36,24,22,176,176,356,,,,météo très défavorable
2015-06-22,32,22,7,22,32,28,24.4,86,7.875,1005,47.75,35,23,22,293,176,356,,,,météo très défavorable
2015-06-23,28,21,4,21,27,25,29.5,87,8.375,1004,69.875,30,21,21,302,353,353,,,,météo très défavorable
2015-06-24,31,22,8,22,31,27,21.3,85,8.125,1004,38.25,34,23,22,176,176,356,,,,météo très défavorable
2015-06-25,29,22,7,22,29,22,41.5,93,7.375,1003,57.375,33,23,22,263,353,308,,,,météo très défavorable
2015-06-26,31,22,8,22,31,26,24.4,86,8,1002,53,35,24,22,176,353,356,,,,météo très défavorable
2015-06-27,29,21,7,21,29,24,16,92,8.75,1006,50.125,32,23,21,293,176,176,,,,météo très défavorable
2015-06-28,27,20,9,20,27,22,9.5,89,7.75,1012,54.75,29,21,20,299,176,263,,,,météo correcte
2015-06-29,30,21,8,21,30,27,16.9,86,6.875,1012,48.75,34,23,21,263,353,356,,,,météo très défavorable
2015-06-30,31,21,8,21,31,27,16.4,83,8.125,1010,34.75,35,23,21,176,176,356,,,,météo très défavorable
2015-07-01,31,21,8,21,31,26,18.6,84,8,1009,35.75,36,23,21,176,176,356,,,,météo très défavorable
2015-07-02,31,21,8,21,31,26,17.8,89,8.125,1009,38,35,23,21,176,176,356,,,,météo très défavorable
2015-07-03,31,21,7,21,31,26,16.6,87,8.625,1007,34.875,35,23,21,176,176,356,,,,météo très défavorable
2015-07-04,31,22,6,22,31,25,24.1,88,8.25,1004,44.375,35,24,22,113,353,359,,,,météo très défavorable
2015-07-05,31,23,8,23,31,27,34,84,7,1004,48.5,37,24,23,353,356,359,,,,météo très défavorable
2015-07-06,27,21,6,21,27,23,45,90,7.875,1005,47.625,30,23,21,353,305,299,,,,météo très défavorable
2015-07-07,30,21,6,21,30,24,34.2,88,7.5,1005,57.625,33,23,21,293,353,356,,,,météo très défavorable
2015-07-08,29,21,6,21,29,24,31.4,88,8.5,1006,51.5,32,22,21,293,293,353,,,,météo très défavorable
2015-07-09,31,21,6,21,31,24,29.2,87,8.125,1006,39.625,35,23,21,176,176,356,,,,météo très défavorable
2015-07-10,26,23,7,23,24,24,26.8,87,7.625,1006,46.75,28,22,23,293,299,263,,,,météo très défavorable
2015-07-11,27,21,7,21,27,24,12.5,86,9.125,1009,58.25,30,21,21,293,293,353,,,,météo correcte
2015-07-12,31,20,7,20,31,28,8.9,89,7.75,1009,43,35,23,20,248,176,356,,,,météo correcte
2015-07-13,31,22,7,22,31,28,16.1,89,8.375,1006,41,36,24,22,176,176,356,,,,météo très défavorable
2015-07-14,31,21,7,21,31,27,15.8,88,8.375,1005,40,36,24,21,176,176,356,,,,météo défavorable
2015-07-15,31,23,6,23,31,25,38.8,91,7.5,1002,48,37,24,23,176,356,356,,,,météo très défavorable
2015-07-16,29,22,7,23,29,22,55.6,96,6.375,1003,58.75,33,24,22,299,356,308,,,,météo très défavorable
2015-07-17,31,22,7,22,31,27,26.3,86,8.125,1004,40.125,35,24,22,353,176,356,,,,météo très défavorable
2015-07-18,31,20,6,20,31,27,29,85,8,1004,35,36,24,20,176,356,356,,,,météo très défavorable
2015-07-19,30,22,6,22,30,24,26.3,85,7.875,1005,47.375,34,22,22,293,356,356,,,,météo très défavorable
2015-07-20,30,21,7,21,30,23,21.8,91,7.75,1006,51.25,34,23,21,176,356,356,,,,météo très défavorable
2015-07-21,30,21,6,21,30,25,18.5,88,8.625,1007,56.625,34,23,21,353,353,356,,,,météo très défavorable
2015-07-22,31,22,6,22,31,26,24.1,87,8.375,1008,39.875,35,23,22,353,176,356,,,,météo très défavorable
2015-07-23,31,21,6,21,31,27,20.3,90,8,1010,40.625,35,23,21,299,176,176,,,,météo très défavorable
2015-07-24,30,22,5,22,30,27,17.4,89,8,1009,44.75,33,24,22,293,176,353,,,,météo très défavorable
2015-07-25,31,22,7,22,31,27,15.5,89,7.875,1008,32.125,36,23,22,263,176,356,,,,météo défavorable
2015-07-26,33,20,7,20,33,28,11.3,83,9.125,1007,18,36,22,20,113,113,356,,,,météo correcte
2015-07-27,33,20,8,20,33,29,6.6,68,9.5,1007,13.375,34,20,20,113,113,176,,,,météo favorable
2015-07-28,32,20,7,20,32,27,19.6,82,8.375,1007,35.625,35,23,20,176,176,356,,,,météo très défavorable
2015-07-29,32,21,8,21,32,25,24.4,87,7.75,1006,37,36,23,21,176,356,356,,,,météo très défavorable
2015-07-30,32,21,8,21,32,26,15,84,8.125,1005,36.5,35,23,21,176,176,356,,,,météo défavorable
2015-07-31,27,20,6,21,26,20,20.1,97,8.375,1006,67,29,21,20,176,353,302,,,,météo très défavorable
2015-08-01,20,16,9,19,20,16,10.7,93,9.375,1010,72.75,20,17,17,293,353,302,0,4,9.5,météo défavorable
2015-08-02,21,16,8,19,21,16,11.9,95,9.125,1010,46.875,24,18,17,293,293,176,0,4,13.3,météo correcte
2015-08-03,22,17,9,21,21,17,2.3,97,6.75,1009,53.25,25,18,17,116,353,248,0,4,13.2,météo correcte
2015-08-04,22,18,9,19,21,18,5.3,97,7,1008,69,24,18,18,176,356,353,0,4,13.2,météo défavorable
2015-08-05,23,18,10,19,23,18,12.6,97,7.125,1006,70.875,25,18,18,293,353,356,0,4,12,météo défavorable
2015-08-06,20,16,5,18,20,16,22.3,96,6.5,1007,72.25,20,18,16,308,299,353,0,4,10.8,météo très défavorable
2015-08-07,22,17,9,18,21,17,10.4,97,7.25,1008,67,25,18,18,293,353,353,0,4,13.2,météo défavorable
2015-08-08,22,18,9,20,22,18,11,97,7.125,1008,68.75,24,19,18,119,356,299,0,4,9.5,météo défavorable
2015-08-09,22,18,8,20,22,18,6.9,95,7.25,1007,62.125,24,19,19,176,356,353,0,4,12,météo correcte
2015-08-10,24,18,10,22,24,18,20.8,97,6.25,1010,45.375,26,19,19,356,356,359,0,5,13.2,météo très défavorable
2015-08-11,23,16,7,19,23,16,19,93,7.125,1012,43.375,26,18,17,299,113,113,0,4,13.1,météo très défavorable
2015-08-12,24,18,11,22,24,18,3,97,5.375,1011,48.5,26,19,19,116,356,143,0,4,13.1,météo correcte
2015-08-13,23,19,10,21,23,19,6.3,98,7.25,1010,54.125,25,19,19,176,356,353,0,4,13.1,météo correcte
2015-08-14,22,18,10,20,22,18,9.7,98,7.875,1010,73,25,19,19,353,356,296,0,4,12,météo défavorable
2015-08-15,22,19,10,19,22,19,19.8,98,5.25,1010,77.75,25,19,19,299,356,353,0,4,10.7,météo très défavorable
2015-08-16,23,18,9,20,23,18,7.5,97,7.625,1009,56.75,25,19,19,263,356,353,0,4,13.1,météo correcte
2015-08-17,20,17,8,19,20,17,14.8,96,6.5,1009,59.375,21,19,18,299,299,293,0,4,12,météo défavorable
2015-08-18,21,18,10,19,21,18,11.5,97,7,1009,64.5,24,18,18,296,353,356,0,4,12,météo correcte
2015-08-19,21,18,9,20,21,18,22.6,98,6.125,1007,72.875,24,19,18,299,356,356,0,4,10.7,météo très défavorable
2015-08-20,21,18,9,20,21,18,23.7,98,5.375,1007,72.75,24,19,18,356,359,359,0,4,10.7,météo très défavorable
2015-08-21,20,17,9,18,20,17,20.9,98,6.25,1008,88.375,20,18,18,302,356,302,0,4,8.1,météo très défavorable
2015-08-22,20,17,9,18,20,17,16.1,99,7.625,1007,83.875,20,18,17,299,356,356,0,4,8.1,météo très défavorable
2015-08-23,22,17,10,19,21,17,15.2,97,7.625,1007,58.875,25,18,17,353,356,356,0,4,11.9,météo défavorable
2015-08-24,22,17,9,19,22,17,9.3,98,6,1007,61.25,25,18,18,263,176,356,0,4,11.9,météo correcte
2015-08-25,23,18,9,20,23,18,9.1,97,8,1008,45.25,25,19,18,116,356,356,0,4,12.9,météo correcte
2015-08-26,23,18,8,20,23,18,1,97,8.75,1009,56.875,25,19,19,116,113,353,0,4,12.9,météo correcte
2015-08-27,22,18,9,20,22,18,17.1,97,6.875,1010,66.125,25,18,18,293,353,356,0,4,12.9,météo très défavorable
2015-08-28,22,18,9,19,22,18,15.4,97,6.5,1010,58.5,25,18,18,302,356,356,0,4,11.9,météo défavorable
2015-08-29,24,18,10,20,24,18,6.4,97,7.125,1008,55,26,18,18,176,176,353,0,4,12.9,météo correcte
2015-08-30,24,16,9,20,24,16,2.8,96,6.625,1008,41.5,26,18,17,116,113,176,0,4,12.9,météo favorable
2015-08-31,24,16,11,20,24,16,11,95,7,1008,37.375,26,18,17,263,356,356,0,4,12.8,météo correcte
2015-09-01,23,18,10,21,23,18,5.7,97,7.375,1009,66.625,25,19,18,299,356,356,0,4,9.3,météo défavorable
2015-09-02,24,16,12,20,23,16,1.9,90,6.625,1009,38.125,26,17,17,119,176,176,0,4,12.8,météo favorable
2015-09-03,22,16,11,21,22,16,2.9,97,9.875,1013,28.375,25,17,17,113,176,353,0,5,12.8,météo favorable
2015-09-04,24,19,10,20,23,19,0.2,72,9.875,1014,16,26,16,20,113,113,113,0,5,12.8,météo idéale
2015-09-05,23,17,10,21,23,17,6.2,95,8.625,1009,65.75,25,18,18,176,356,356,0,4,9.3,météo défavorable
2015-09-06,23,17,9,21,23,17,6.8,96,8.25,1010,55.5,25,18,17,299,356,356,0,4,11.9,météo correcte
2015-09-07,23,18,11,18,22,19,11.7,83,8.875,1011,22.75,25,17,19,113,176,356,0,5,12.7,météo correcte
2015-09-08,23,15,11,20,23,15,3.7,93,9.625,1011,29.875,25,16,15,113,176,176,0,4,12.7,météo favorable
2015-09-09,23,16,10,21,22,16,3.4,94,8.625,1013,30.625,25,17,17,113,356,353,0,5,12.7,météo correcte
2015-09-10,24,16,10,21,23,16,4.4,94,8.5,1013,30,26,18,16,113,356,353,0,4,12.7,météo correcte
2015-09-11,22,16,9,20,22,16,10.2,96,8.125,1014,47.875,25,18,17,119,356,356,0,4,12.7,météo correcte
2015-09-12,21,16,8,19,21,16,6.5,96,7.25,1014,65.875,24,17,17,293,353,353,0,4,12.7,météo défavorable
2015-09-13,24,16,11,21,23,16,7.7,96,8.5,1014,30.125,25,17,16,116,176,356,0,4,12.6,météo favorable
2015-09-14,24,15,10,21,24,15,5.7,94,8.625,1012,18.375,26,17,15,113,176,176,0,4,12.6,météo favorable
2015-09-15,23,15,10,21,23,15,2.3,97,8.625,1012,26.625,25,17,15,113,176,176,0,4,12.6,météo favorable
2015-09-16,24,20,9,20,23,20,2.5,77,7.875,1011,36.5,25,16,21,113,176,176,0,4,12.6,météo favorable
2015-09-17,23,17,9,21,23,17,7.4,91,8.125,1010,58.875,25,17,18,305,356,356,0,4,10.5,météo correcte
2015-09-18,23,17,10,21,23,17,3.8,92,7.875,1011,57.75,25,17,17,299,305,299,0,4,11.8,météo correcte
2015-09-19,23,17,11,21,22,17,5.2,92,8.75,1011,56.75,25,18,18,176,356,356,0,4,10.5,météo correcte
2015-09-20,23,17,9,20,22,17,6.7,96,7.375,1011,57.75,25,18,17,299,356,356,0,4,11.8,météo correcte
2015-09-21,19,17,5,18,19,17,14.7,99,6.5,1010,72.5,19,17,18,299,299,296,0,4,10.5,météo défavorable
2015-09-22,21,17,8,19,21,17,4,93,5.75,1010,57,21,17,17,116,263,176,0,4,12.5,météo correcte
2015-09-23,20,16,9,18,20,16,7.6,98,6,1010,72.25,21,18,17,353,356,353,0,4,10.2,météo défavorable
2015-09-24,21,17,10,19,21,17,6.5,98,5.75,1007,59.375,25,18,17,263,356,356,0,4,10.2,météo correcte
2015-09-25,20,16,10,18,20,16,1.7,93,6.25,1008,56.375,20,17,16,263,353,263,0,4,11.6,météo correcte
2015-09-26,22,16,12,19,21,16,0.5,91,7.375,1011,39.625,25,15,16,113,116,263,0,5,11.6,météo favorable
2015-09-27,22,15,11,19,22,15,0.5,93,8.875,1012,47,25,15,16,113,176,119,0,4,11.6,météo favorable
2015-09-28,22,13,10,19,22,13,0.4,95,6,1014,25.625,25,15,13,113,113,143,0,4,11.6,météo favorable
2015-09-29,24,13,11,19,23,13,0.7,93,8,1016,20.5,26,16,14,113,113,116,0,4,11.6,météo favorable
2015-09-30,24,14,11,21,24,14,0,93,8.75,1017,24.375,26,16,14,113,113,113,0,5,11.6,météo favorable
2015-10-01,24,14,10,21,23,14,4.4,93,6.25,1018,28.375,26,17,14,113,356,176,0,4,11.6,météo correcte
2015-10-02,24,14,11,20,23,14,0.4,84,8.625,1017,29.625,25,16,15,113,113,113,0,4,11.6,météo favorable
2015-10-03,23,12,12,20,22,12,0,78,10,1015,8.75,25,13,13,113,113,113,0,5,11.6,météo favorable
2015-10-04,23,11,11,20,22,11,0,80,10,1016,4,25,11,13,113,113,113,0,4,11.6,météo favorable
2015-10-05,23,11,10,20,23,11,0,80,10,1017,1.75,25,11,14,113,113,113,0,5,11.6,météo favorable
2015-10-06,23,11,10,16,23,11,0,80,10,1015,1.625,26,11,13,113,113,113,0,4,11.6,météo favorable
2015-10-07,24,11,10,21,24,11,0,79,10,1015,1.125,26,11,13,113,113,113,0,5,11.6,météo favorable
2015-10-08,23,11,11,20,23,11,0,73,10,1014,0.875,26,12,15,113,113,113,0,5,11.6,météo favorable
2015-10-09,23,11,12,20,22,11,0,73,10,1010,1.25,24,9,13,113,113,113,0,4,11.6,météo favorable
2015-10-10,22,13,12,19,21,13,0.1,79,10,1013,12.25,24,11,14,113,113,116,0,5,11.4,météo favorable
2015-10-11,20,13,9,17,17,13,5.4,90,9.5,1017,36.625,20,13,13,113,353,356,0,3,11.4,météo correcte
2015-10-12,19,12,8,16,19,12,10.4,95,9.125,1017,35.125,19,13,13,176,356,356,0,3,8.7,météo correcte
2015-10-13,19,13,8,17,19,13,12.2,88,9.125,1019,27.75,20,14,13,356,356,176,0,3,8.7,météo correcte
2015-10-14,21,11,10,17,19,11,14.3,94,8.625,1020,20,24,13,12,113,356,359,0,3,8.7,météo défavorable
2015-10-15,18,11,9,16,18,11,9.2,92,9.125,1019,12.125,19,12,12,113,176,356,0,3,8.7,météo correcte
2015-10-16,19,10,9,16,19,10,2.8,91,9.625,1020,11,20,11,11,113,176,176,0,3,8.7,météo favorable
2015-10-17,18,10,9,17,17,10,0.3,95,7.875,1019,28.5,18,13,11,113,176,143,0,4,8.7,météo favorable
2015-10-18,20,12,10,17,20,12,2.7,95,6.875,1019,30.125,21,14,12,116,176,353,0,3,8.7,météo favorable
2015-10-19,20,11,10,17,20,11,1.1,94,6.625,1019,34.75,21,14,11,116,176,116,0,3,8.7,météo favorable
2015-10-20,20,10,10,17,20,10,2.9,91,8.625,1015,17,21,14,11,113,176,176,0,3,8.7,météo favorable
2015-10-21,21,10,10,18,20,10,3.4,87,9.75,1016,6.5,24,11,12,113,176,176,0,4,8.7,météo favorable
2015-10-22,20,9,10,17,20,9,0.5,79,10,1017,4,24,11,11,113,113,113,0,4,8.7,météo favorable
2015-10-23,20,10,10,17,19,10,0.3,77,10,1016,2.625,24,8,12,113,113,113,0,4,8.7,météo favorable
2015-10-24,21,10,10,15,20,10,0.7,84,9.875,1017,24.25,23,10,11,113,176,176,0,4,7.2,météo favorable
2015-10-25,19,8,10,15,19,8,0,85,9.75,1020,6.375,21,8,9,113,113,113,0,4,8.7,météo favorable
2015-10-26,20,8,10,17,20,8,0,80,10,1020,2.875,24,10,10,113,113,113,0,4,8.7,météo favorable
2015-10-27,20,7,10,17,19,7,0,77,10,1019,1.25,24,10,9,113,113,113,0,4,8.7,météo favorable
2015-10-28,19,9,9,16,19,9,0,71,10,1020,14.25,20,6,10,113,113,113,0,4,8.7,météo favorable
2015-10-29,13,9,8,10,12,9,3.5,86,9.75,1022,58.5,14,8,9,293,293,116,0,4,5.7,météo correcte
2015-10-30,18,8,6,13,17,8,1.3,83,9.875,1020,24.25,19,7,9,176,113,113,0,4,8.7,météo favorable
2015-10-31,19,7,8,15,18,7,1,81,9.875,1022,6.375,20,6,9,113,113,113,0,3,8.7,météo favorable
2015-11-01,19,8,10,16,18,8,0,86,10,1021,6.625,20,8,9,113,113,113,0,4,8.7,météo favorable
2015-11-02,19,8,8,15,14,8,0,81,10,1021,5.625,21,10,10,113,113,113,0,4,8.7,météo favorable
2015-11-03,18,9,10,15,18,9,0,88,10,1019,12.5,19,9,10,113,113,113,0,4,8.7,météo favorable
2015-11-04,18,8,10,15,17,8,0,83,10,1018,9.625,19,9,9,113,113,113,0,4,8.7,météo favorable
2015-11-05,18,8,11,15,17,8,0.3,76,10,1017,11.375,19,8,9,113,113,113,0,4,8.7,météo favorable
2015-11-06,18,8,10,14,16,8,0,74,10,1018,5.5,19,6,11,113,113,113,0,4,8.7,météo favorable
2015-11-07,17,6,9,14,17,6,0,77,10,1020,3,19,5,8,113,113,113,0,3,8.7,météo correcte
2015-11-08,18,6,10,15,17,6,0,78,10,1021,2.75,19,5,8,113,113,113,0,3,8.7,météo favorable
2015-11-09,18,5,9,15,18,5,0,71,10,1020,0,22,6,9,113,113,113,0,3,8.7,météo favorable
2015-11-10,18,6,9,15,17,6,0,70,10,1018,0.25,21,5,9,113,113,113,0,3,8.7,météo favorable
2015-11-11,17,5,9,14,17,5,0,76,10,1018,0.625,20,5,9,113,113,113,0,3,8.7,météo correcte
2015-11-12,18,7,9,14,17,7,0,83,10,1019,5,20,7,8,113,113,113,0,4,8.7,météo favorable
2015-11-13,18,7,10,14,18,7,0,90,10,1019,9.625,20,10,8,113,113,113,0,4,8.7,météo favorable
2015-11-14,17,10,9,14,17,10,0.5,94,7.75,1016,41.75,18,10,10,113,113,266,0,4,7.2,météo correcte
2015-11-15,16,10,9,14,16,10,0.1,89,7,1016,32.125,17,11,11,113,113,113,0,3,8.7,météo correcte
2015-11-16,18,8,9,15,17,8,2.4,86,9.875,1016,9.875,20,10,9,113,113,176,0,4,8.7,météo favorable
2015-11-17,17,6,9,14,15,6,3.5,86,9.75,1018,4.375,18,7,8,113,176,176,0,3,8.7,météo correcte
2015-11-18,17,7,8,13,17,7,0,77,10,1022,2.75,19,6,8,113,113,113,0,3,8.7,météo correcte
2015-11-19,18,8,9,14,18,8,0,82,10,1022,3.5,20,8,9,113,113,113,0,4,8.7,météo favorable
2015-11-20,20,7,9,16,19,7,0,85,10,1020,3.625,24,9,8,113,113,113,0,4,8.7,météo favorable
2015-11-21,19,7,9,15,18,7,0,82,10,1020,4.375,21,9,8,113,113,113,0,4,8.7,météo favorable
2015-11-22,19,7,9,15,18,7,0,84,10,1019,4.75,20,8,9,113,113,113,0,4,8.7,météo favorable
2015-11-23,18,7,9,14,18,7,0,83,10,1020,5.25,19,9,8,113,113,113,0,4,8.7,météo favorable
2015-11-24,18,7,10,14,18,7,0,83,10,1019,3.375,20,9,9,113,113,113,0,4,8.7,météo favorable
2015-11-25,17,6,9,14,17,6,0,89,10,1017,8.875,19,9,8,113,113,113,0,3,8.7,météo correcte
2015-11-26,18,8,10,14,17,8,0,90,10,1017,17.5,19,10,10,113,113,113,0,4,8.7,météo favorable
2015-11-27,16,8,9,12,15,8,2.5,88,9.75,1017,10.25,17,9,8,113,176,176,0,3,8.7,météo correcte
2015-11-28,17,7,9,13,16,7,0,85,10,1022,9.25,17,7,9,113,113,113,0,3,8.7,météo correcte
2015-11-29,18,7,9,14,18,7,0,85,10,1022,6.25,20,7,9,113,113,113,0,4,8.7,météo favorable
2015-11-30,19,6,9,15,18,6,0,79,10,1021,2.25,21,6,8,113,113,113,0,4,8.7,météo favorable
2015-12-01,18,6,9,13,17,6,0,83,10,1018,2.5,21,7,7,113,113,113,0,3,8.7,météo favorable
2015-12-02,16,6,8,13,16,6,0,74,10,1019,4.5,18,8,7,113,113,113,0,3,8.7,météo correcte
2015-12-03,15,5,10,12,15,6,0,72,10,1019,1.125,18,3,7,113,113,113,0,3,8.7,météo correcte
2015-12-04,16,4,9,12,16,4,0,85,10,1018,3.5,20,4,5,113,113,113,0,3,8.7,météo correcte
2015-12-05,15,7,9,11,12,7,0,88,10,1018,17.875,15,7,7,113,116,113,0,3,8.7,météo correcte
2015-12-06,12,7,7,11,12,7,0.2,97,6.375,1019,45.875,13,9,7,116,176,248,0,3,7.1,météo défavorable
2015-12-07,14,5,8,11,13,5,0.1,94,5.5,1020,51.875,15,9,6,116,116,143,0,2,8.7,météo correcte
2015-12-08,12,7,6,9,11,7,1.3,97,5.5,1019,59.625,12,9,8,116,293,176,0,2,4,météo défavorable
2015-12-09,12,8,7,10,12,8,0.4,94,5,1019,34.25,13,10,8,113,266,143,0,2,7.1,météo défavorable
2015-12-10,16,5,9,11,15,5,0,87,10,1017,9.625,17,8,6,113,113,113,0,3,8.7,météo correcte
2015-12-11,15,5,8,11,15,5,0,63,10,1017,1,18,4,6,113,113,113,0,3,8.7,météo correcte
2015-12-12,15,4,9,11,14,4,0,76,10,1015,2.75,18,3,5,113,113,113,0,3,8.7,météo correcte
2015-12-13,14,3,9,10,14,3,0,78,10,1017,3.375,16,3,4,113,113,113,0,3,8.7,météo correcte
2015-12-14,13,2,9,9,13,2,0,69,10,1017,0.25,16,2,4,113,113,113,0,3,8.7,météo correcte
2015-12-15,13,0,8,8,11,0,0,75,10,1017,1.75,16,0,2,113,113,113,0,2,8.7,météo très défavorable
2015-12-16,12,1,9,7,11,1,0,91,10,1018,11.5,13,4,2,113,113,113,0,2,8.7,météo très défavorable
2015-12-17,12,1,8,8,12,1,0,71,10,1018,5.375,14,5,4,113,113,113,0,3,8.7,météo très défavorable
2015-12-18,15,5,9,11,15,5,0,78,9.625,1019,35.875,17,4,6,176,176,176,0,3,7.1,météo correcte
2015-12-19,15,6,9,11,15,6,0,79,9.875,1019,35.5,17,4,7,176,113,176,0,2,8.7,météo correcte
2015-12-20,15,5,9,11,14,5,0,78,10,1019,45,17,4,7,176,176,176,0,2,7.1,météo correcte
2015-12-21,10,-1,10,6,10,-1,0,75,10,1020,1.375,13,0,-1,113,113,113,0,2,8.7,météo très défavorable
2015-12-22,11,0,11,6,11,0,0,67,10,1022,0,14,0,1,113,113,113,0,2,8.7,météo très défavorable
2015-12-23,12,0,8,8,11,0,0,55,10,1020,0,15,0,1,113,113,113,0,2,8.7,météo très défavorable
2015-12-24,11,-2,9,6,10,-2,0,63,10,1020,0,15,0,1,113,113,113,0,2,8.7,météo très défavorable
2015-12-25,10,-2,9,5,10,-1,0,66,10,1022,0,14,0,1,113,113,113,0,2,8.7,météo très défavorable
2015-12-26,13,0,8,8,12,0,0,62,10,1021,0,16,0,3,113,113,113,0,2,8.7,météo très défavorable
2015-12-27,14,1,8,8,13,1,0,71,10,1021,0.5,17,1,5,113,113,113,0,2,8.7,météo très défavorable
2015-12-28,15,8,8,10,9,8,0,51,10,1021,8.5,18,0,11,113,113,113,0,3,8.7,météo correcte
2015-12-29,15,4,10,11,15,4,0,70,9.75,1018,22.875,18,3,6,176,113,113,0,2,8.7,météo correcte
2015-12-30,15,3,10,10,14,3,0,79,10,1020,1.375,18,5,5,113,113,113,0,3,8.7,météo correcte
2015-12-31,15,1,8,9,14,1,0,68,10,1023,0,20,1,5,113,113,113,0,3,8.7,météo très défavorable
2016-01-01,14,3,8,9,14,3,0,74,10,1025,14.625,15,0,3,113,116,116,0,3,8.7,météo correcte
2016-01-02,15,2,9,9,14,2,0,79,10,1023,1.375,18,2,4,113,113,113,0,3,8.7,météo correcte
2016-01-03,13,2,9,8,12,2,0,87,10,1021,7.375,14,3,3,113,113,113,0,3,8.7,météo correcte
2016-01-04,14,5,9,10,14,5,0,63,9.625,1018,43.75,16,0,5,176,176,176,0,2,7.1,météo correcte
2016-01-05,14,2,9,9,14,2,0,79,9.75,1019,15.375,15,3,5,113,116,113,0,3,8.7,météo correcte
2016-01-06,14,2,9,9,13,2,0,78,10,1020,5.25,15,2,4,113,113,113,0,3,8.7,météo correcte
2016-01-07,15,3,10,10,14,3,0,75,10,1021,4.25,18,3,5,113,113,113,0,3,8.7,météo correcte
2016-01-08,14,4,11,9,13,4,0.4,66,10,1018,4.625,16,1,4,113,113,113,0,3,8.7,météo correcte
2016-01-09,13,2,6,7,12,2,0,72,10,1016,2.125,17,1,5,113,113,113,0,2,8.7,météo correcte
2016-01-10,13,2,10,8,12,2,0,84,10,1019,5.5,16,1,2,113,113,113,0,3,8.7,météo correcte
2016-01-11,12,2,9,8,11,2,0,91,10,1019,13.875,13,5,3,113,113,113,0,3,8.7,météo très défavorable
2016-01-12,13,3,10,8,13,3,0,90,10,1018,11.75,14,4,3,113,113,113,0,3,8.7,météo correcte
2016-01-13,12,2,10,8,12,2,0,79,10,1016,3.125,15,4,3,113,113,113,0,3,8.7,météo très défavorable
2016-01-14,13,4,10,8,13,4,0,80,10,1018,4.75,14,2,4,113,113,113,0,3,8.7,météo correcte
2016-01-15,13,3,8,8,13,3,0,60,10,1016,2.375,15,0,4,113,113,113,0,3,8.7,météo correcte
2016-01-16,13,1,10,8,13,1,0,75,10,1015,1,15,1,4,113,113,113,0,2,8.7,météo très défavorable
2016-01-17,13,2,9,8,13,2,0,74,10,1017,1.875,16,1,4,113,113,113,0,2,8.7,météo correcte
2016-01-18,13,1,8,8,13,1,0,49,10,1017,3.25,16,0,2,113,113,113,0,2,8.7,météo très défavorable
2016-01-19,12,5,7,8,10,5,0.8,73,9.875,1017,59.5,12,3,5,116,122,293,0,3,4,météo très défavorable
2016-01-20,11,4,10,7,9,4,1.6,91,9.75,1018,15.875,12,3,4,113,113,176,0,2,8.7,météo très défavorable
2016-01-21,9,3,9,6,8,3,0.4,93,9.875,1019,18.875,10,3,4,113,176,116,0,2,8.7,météo très défavorable
2016-01-22,11,1,10,6,11,1,0.3,91,8.875,1021,18.125,12,3,2,176,113,113,0,2,8.7,météo très défavorable
2016-01-23,12,0,10,6,11,0,0,84,10,1020,9.125,13,4,2,113,113,113,0,2,8.7,météo très défavorable
2016-01-24,11,0,10,7,11,0,0,84,10,1020,5.875,12,1,1,113,113,113,0,2,8.7,météo très défavorable
2016-01-25,11,2,9,6,10,2,0.2,81,10,1017,6.75,14,0,3,113,113,113,0,2,8.7,météo très défavorable
2016-01-26,10,2,9,6,8,2,2.6,93,9.75,1017,33.25,11,2,2,113,176,296,0,2,7.2,météo très défavorable
2016-01-27,9,3,9,5,8,3,1.5,79,9.25,1016,26.625,10,1,2,113,263,176,0,2,8.7,météo très défavorable
2016-01-28,11,2,8,6,11,2,0,82,10,1017,10.5,12,2,2,113,113,113,0,2,8.7,météo très défavorable
2016-01-29,12,2,9,7,12,2,0,82,10,1019,7.625,13,3,3,113,113,113,0,3,8.7,météo très défavorable
2016-01-30,13,3,10,9,13,3,0,83,10,1017,6.625,15,3,4,113,113,113,0,3,8.7,météo correcte
2016-01-31,14,6,10,10,13,6,0,89,10,1016,11.375,15,6,5,113,113,113,0,3,8.7,météo correcte
2016-02-01,15,5,11,10,14,5,0,70,10,1017,6.875,16,4,5,113,113,113,0,3,8.7,météo correcte
2016-02-02,15,4,11,10,14,4,0,72,10,1017,2.25,17,3,5,113,113,113,0,3,8.7,météo correcte
2016-02-03,16,3,10,10,15,3,0,72,10,1017,0,19,3,6,113,113,113,0,3,8.7,météo correcte
2016-02-04,15,3,9,10,15,3,0,72,10,1019,0,18,4,7,113,113,113,0,3,8.7,météo correcte
2016-02-05,17,5,10,12,17,5,0,71,10,1018,0,19,5,8,113,113,113,0,3,8.7,météo correcte
2016-02-06,18,7,10,13,18,7,0,61,10,1018,51.5,19,4,7,116,122,122,0,3,4.1,météo correcte
2016-02-07,17,5,11,13,17,5,0,74,10,1020,2.75,20,5,6,113,113,113,0,3,8.7,météo correcte
2016-02-08,13,3,6,9,13,4,1.2,78,9.875,1018,36.375,14,1,4,122,176,113,0,3,7.2,météo correcte
2016-02-09,15,4,11,10,15,4,0,79,10,1016,5.5,16,3,5,113,113,113,0,3,8.7,météo correcte
2016-02-10,14,6,11,10,13,6,1.1,89,9.75,1015,11.5,15,6,6,113,176,176,0,3,8.7,météo correcte
2016-02-11,15,4,9,10,15,4,0,58,10,1017,0.875,18,2,5,113,113,113,0,3,8.7,météo correcte
2016-02-12,16,4,12,10,16,4,0,53,10,1016,0,18,0,6,113,113,113,0,3,8.7,météo correcte
2016-02-13,17,6,10,12,17,6,0,41,10,1018,0.125,20,0,6,113,113,113,0,3,8.7,météo correcte
2016-02-14,18,7,11,12,18,7,0,29,10,1021,0,20,0,7,113,113,113,0,3,8.7,météo favorable
2016-02-15,18,5,10,12,18,5,0,35,10,1021,0,21,0,6,113,113,113,0,3,8.7,météo favorable
2016-02-16,20,10,11,13,19,10,0,25,10,1022,12.5,22,0,9,113,113,116,0,4,8.7,météo favorable
2016-02-17,21,9,12,15,21,9,0,31,10,1021,0,23,0,10,113,113,113,0,4,8.7,météo favorable
2016-02-18,22,8,11,17,22,8,0,56,10,1018,1.75,23,3,12,113,113,113,0,4,8.7,météo favorable
2016-02-19,22,10,12,17,22,10,0,69,10,1019,4,23,7,13,113,113,113,0,4,8.7,météo favorable
2016-02-20,18,10,9,15,14,10,2.3,78,8.875,1019,51,18,8,11,266,296,113,0,4,5.7,météo correcte
2016-02-21,20,8,12,15,20,8,0.1,63,10,1014,0.875,23,5,11,113,113,113,0,4,8.7,météo favorable
2016-02-22,19,6,12,16,19,6,0,80,10,1017,1,23,6,9,113,113,113,0,4,8.7,météo favorable
2016-02-23,17,5,12,13,17,5,0,53,10,1016,1.25,20,4,8,113,113,113,0,3,8.7,météo correcte
2016-02-24,16,4,10,12,16,4,0,53,10,1019,0,18,2,7,113,113,113,0,3,11.6,météo correcte
2016-02-25,18,5,11,13,17,5,0,68,10,1021,0,20,3,8,113,113,113,0,3,11.6,météo favorable
2016-02-26,17,6,9,13,17,6,0,54,10,1022,18.75,18,1,9,116,113,113,0,3,10.2,météo correcte
2016-02-27,18,9,11,13,18,9,0,50,10,1022,2.125,19,1,10,113,113,113,0,4,11.6,météo favorable
2016-02-28,17,8,9,14,16,8,4.4,75,9.5,1024,10.75,18,6,9,113,356,176,0,4,11.6,météo correcte
2016-02-29,16,9,8,12,16,9,1.6,66,9.875,1023,12.5,17,4,10,113,113,113,0,3,11.6,météo correcte
2016-03-01,18,9,10,13,17,9,0,56,10,1020,4.625,20,2,10,113,113,113,0,4,11.6,météo favorable
2016-03-02,19,9,11,14,18,9,0.1,59,10,1020,4.875,20,3,11,113,113,113,0,4,11.6,météo favorable
2016-03-03,19,10,12,15,19,10,0,51,10,1021,2.25,22,3,12,113,113,113,0,4,11.6,météo favorable
2016-03-04,21,11,12,14,19,11,0,47,10,1017,2.375,22,3,14,113,113,113,0,4,11.6,météo favorable
2016-03-05,21,12,11,16,21,12,0.4,40,10,1018,9.375,23,2,12,113,113,116,0,4,11.6,météo favorable
2016-03-06,21,10,9,16,21,10,0,30,10,1019,14.25,23,0,10,116,113,113,0,4,11.6,météo favorable
2016-03-07,21,10,12,16,21,10,0,35,10,1017,29.875,24,1,10,113,113,113,0,4,11.6,météo favorable
2016-03-08,21,11,13,17,21,11,0,33,10,1014,19.25,22,0,12,113,113,113,0,4,11.6,météo favorable
2016-03-09,22,10,13,18,22,10,0,42,10,1016,4.25,23,0,12,113,113,113,0,4,11.6,météo favorable
2016-03-10,22,10,12,18,22,10,0,43,10,1017,0,24,1,14,113,113,113,0,4,11.6,météo favorable
2016-03-11,23,10,12,18,22,10,0,48,10,1016,4.875,23,3,14,113,113,113,0,4,11.6,météo favorable
2016-03-12,24,12,15,19,23,12,0,28,10,1016,11.25,24,0,13,116,113,113,0,5,11.6,météo favorable
2016-03-13,19,8,8,15,17,8,0.1,73,10,1018,23.125,21,5,10,116,113,113,0,4,11.6,météo favorable
2016-03-14,20,10,13,15,20,10,0.1,69,9.875,1019,24.75,22,7,11,116,113,116,0,4,11.6,météo favorable
2016-03-15,19,11,11,14,19,11,0,42,10,1017,12.625,22,1,11,113,113,119,0,4,10.2,météo favorable
2016-03-16,19,9,12,16,19,9,0,39,10,1015,3,21,0,11,113,113,113,0,4,11.6,météo favorable
2016-03-17,20,9,13,16,20,9,0,56,10,1017,7.5,21,2,11,113,113,113,0,4,11.6,météo favorable
2016-03-18,21,10,12,17,21,10,0,44,10,1016,2,22,2,13,113,113,113,0,4,11.6,météo favorable
2016-03-19,21,12,13,17,21,12,0,45,10,1014,2,23,3,15,113,113,113,0,4,11.6,météo favorable
2016-03-20,23,13,13,18,21,13,0,46,10,1014,2.375,24,4,15,113,113,113,0,4,11.6,météo favorable
2016-03-21,22,11,14,18,22,11,0,33,10,1012,0.25,23,1,14,113,113,113,0,4,11.6,météo favorable
2016-03-22,22,10,14,17,21,10,0,30,10,1012,0,23,0,12,113,113,113,0,4,11.6,météo favorable
2016-03-23,22,9,12,18,22,9,0,41,10,1018,0,24,2,14,113,113,113,0,4,11.6,météo favorable
2016-03-24,23,10,12,18,23,10,0,45,10,1020,0,24,3,14,113,113,113,0,4,11.6,météo favorable
2016-03-25,24,11,12,19,24,11,0,49,10,1020,3.5,25,3,13,113,113,113,0,5,11.6,météo favorable
2016-03-26,25,12,13,21,25,12,0,49,10,1018,22.625,24,4,15,113,119,113,0,5,12.2,météo correcte
2016-03-27,25,15,13,22,24,15,0.3,31,9.875,1018,26.75,24,0,16,113,116,176,0,5,12.6,météo favorable
2016-03-28,21,11,13,15,21,11,2.2,57,9.125,1017,15,23,4,12,176,113,176,0,3,12.6,météo favorable
2016-03-29,22,12,13,19,22,12,0,54,10,1018,3.5,23,5,14,113,113,113,0,5,12.6,météo favorable
2016-03-30,22,13,12,18,22,13,1.5,64,9.875,1018,11.375,23,7,14,113,113,176,0,5,12.6,météo favorable
2016-03-31,19,10,10,17,16,10,8,79,9.5,1016,17,20,9,11,113,356,176,0,4,12.7,météo correcte
2016-04-01,21,13,11,16,20,13,0.2,79,9.375,1015,15.375,23,10,14,113,113,263,0,4,12.7,météo favorable
2016-04-02,19,14,10,17,18,14,0.6,91,8.25,1016,34.375,20,13,15,113,263,176,0,4,12.7,météo correcte
2016-04-03,19,14,8,16,19,14,2.4,89,9,1016,50.125,20,14,16,176,176,263,0,4,12.7,météo favorable
2016-04-04,21,14,11,18,21,14,11.4,86,9.25,1014,28.125,25,14,15,116,356,356,0,4,12.7,météo correcte
2016-04-05,24,16,13,21,24,16,0.1,47,10,1013,2.75,25,8,19,113,113,113,0,5,12.7,météo idéale
2016-04-06,26,17,14,23,26,17,0,24,10,1014,16.125,26,4,18,113,113,116,0,5,12.8,météo idéale
2016-04-07,26,15,18,23,25,15,1.3,48,9.875,1014,27.625,24,4,15,116,113,176,0,5,12.8,météo idéale
2016-04-08,24,15,16,21,24,15,0.5,28,10,1014,1.125,24,3,17,113,113,113,0,5,12.8,météo idéale
2016-04-09,26,15,17,21,26,15,0,20,10,1014,0.625,26,1,17,113,113,113,0,5,12.8,météo idéale
2016-04-10,27,16,15,24,27,16,0,20,10,1013,4.5,26,0,17,113,113,113,0,5,12.8,météo idéale
2016-04-11,27,17,18,23,27,17,0,28,10,1011,13.125,26,2,21,113,113,113,0,6,12.8,météo idéale
2016-04-12,27,15,16,22,26,15,0,30,10,1008,0,26,2,17,113,113,113,0,5,12.8,météo idéale
2016-04-13,25,16,12,21,25,16,1.5,39,10,1014,43.125,25,5,17,176,176,299,0,5,10.6,météo favorable
2016-04-14,25,16,11,21,24,16,0.9,43,10,1014,43.625,25,5,17,176,176,176,0,4,10.6,météo favorable
2016-04-15,24,16,12,21,24,16,1.8,47,10,1014,41.25,25,7,17,176,299,176,0,4,10.6,météo correcte
2016-04-16,25,16,11,21,24,16,1.5,53,9.875,1014,53,25,8,17,176,176,299,0,5,9.4,météo favorable
2016-04-17,25,16,12,21,24,16,4.2,58,9.375,1012,46.5,25,9,17,176,305,356,0,4,10.6,météo correcte
2016-04-18,24,16,11,21,24,16,5.4,54,9.75,1012,51.375,25,8,17,299,299,356,0,4,9.4,météo correcte
2016-04-19,25,16,12,21,24,16,4.4,54,9.75,1011,54.375,25,9,17,176,356,356,0,4,9.4,météo correcte
2016-04-20,24,16,11,21,24,16,4.5,57,9.75,1012,53.75,25,8,17,176,356,356,0,4,10.7,météo correcte
2016-04-21,27,17,15,23,27,17,0,44,10,1010,1,26,9,20,113,113,113,0,5,13,météo idéale
2016-04-22,26,16,15,22,26,16,2.5,67,9.875,1008,2,26,12,18,113,113,176,0,5,13,météo idéale
2016-04-23,26,15,14,22,26,15,0.7,48,9.875,1006,9.875,25,8,16,113,116,176,0,5,13,météo favorable
2016-04-24,26,14,17,22,26,14,0,16,10,1008,3.5,25,4,16,113,113,113,0,5,13,météo favorable
2016-04-25,27,15,13,23,27,15,0,22,10,1013,2,26,0,16,113,113,113,0,5,13,météo idéale
2016-04-26,27,16,15,24,27,16,0,17,10,1013,19.875,27,0,17,116,113,116,0,5,13.1,météo idéale
2016-04-27,28,16,19,24,28,16,0,24,10,1012,13.625,26,0,17,113,113,113,0,6,13.1,météo idéale
2016-04-28,27,16,16,24,26,16,0,19,10,1012,9.125,25,0,17,113,113,113,0,5,13.1,météo idéale
2016-04-29,28,16,20,24,28,16,0,17,10,1013,1.5,27,0,17,113,113,113,0,6,13.1,météo idéale
2016-04-30,28,16,19,25,27,16,0,17,10,1012,5.5,26,0,17,113,113,113,0,5,13.1,météo idéale
2016-05-01,28,17,10,23,27,17,0,23,10,1011,12.625,27,1,18,113,113,116,0,6,13.1,météo idéale
2016-05-02,26,15,11,22,26,15,0,63,10,1013,25,25,10,17,116,113,113,0,5,13.1,météo idéale
2016-05-03,24,15,13,21,23,15,8.5,70,9.5,1013,7,25,11,16,113,356,176,0,5,13.2,météo correcte
2016-05-04,22,14,11,19,21,14,10.3,86,8.875,1014,25.875,24,13,15,176,356,356,0,5,13.2,météo correcte
2016-05-05,21,13,12,17,21,13,10.2,79,9,1014,18.625,24,11,15,176,356,356,0,4,13.2,météo correcte
2016-05-06,21,14,11,19,21,14,6.2,79,9.625,1013,11.75,24,11,15,113,176,176,0,4,13.2,météo favorable
2016-05-07,20,13,8,18,19,13,2.5,80,9.25,1014,31,20,11,14,113,263,176,0,5,13.2,météo correcte
2016-05-08,21,14,10,18,21,14,1.2,79,9.75,1014,17.5,24,13,15,113,176,176,0,5,13.2,météo favorable
2016-05-09,21,15,9,17,21,15,15.5,86,8.25,1015,28,24,15,16,356,359,356,0,4,13.2,météo défavorable
2016-05-10,23,16,9,21,23,16,16.5,77,8.75,1015,15.75,25,15,17,176,356,356,0,4,13.3,météo très défavorable
2016-05-11,23,15,10,21,23,15,10.9,78,8.875,1014,32.25,25,13,16,116,356,356,0,4,13.3,météo correcte
2016-05-12,22,15,11,20,22,15,9.9,85,8.875,1010,30.75,25,14,16,116,356,356,0,4,13.3,météo correcte
2016-05-13,19,15,9,17,19,15,15.1,93,8.5,1010,28.75,20,15,15,356,356,356,0,4,13.3,météo défavorable
2016-05-14,21,15,10,19,21,15,12.9,94,9,1011,23.375,24,16,16,176,356,356,0,4,13.3,météo correcte
2016-05-15,24,15,12,20,24,15,6.4,87,9.5,1012,11.5,26,15,16,113,176,356,0,5,13.3,météo favorable
2016-05-16,23,16,11,21,23,16,6.5,84,9,1009,13.125,25,16,17,176,356,356,0,4,13.3,météo correcte
2016-05-17,25,16,13,22,25,16,5.4,77,9.625,1008,6.5,26,14,16,113,113,356,0,5,13.3,météo favorable
2016-05-18,25,21,11,22,24,21,16.3,62,8.625,1009,6.375,26,15,22,113,356,356,0,6,13.4,météo très défavorable
2016-05-19,25,18,12,22,25,18,6.2,77,9.5,1010,49.125,26,15,18,176,356,305,0,5,10.8,météo correcte
2016-05-20,25,18,12,22,25,18,3.9,72,9.75,1010,47.5,26,14,19,176,356,356,0,4,10.8,météo correcte
2016-05-21,25,18,12,22,25,18,2.9,70,9.75,1009,47.625,26,13,19,176,305,299,0,4,10.8,météo correcte
2016-05-22,23,16,11,20,23,16,5.3,91,8.5,1007,23.625,25,17,17,113,176,356,0,5,13.4,météo favorable
2016-05-23,23,17,10,20,23,17,17.2,92,8.75,1008,23.875,25,17,18,176,356,356,0,4,13.4,météo très défavorable
2016-05-24,23,15,13,21,23,15,10.1,86,9,1008,23,25,15,16,176,176,356,0,4,13.4,météo correcte
2016-05-25,23,14,14,20,23,14,3.5,76,9.875,1007,9.625,25,12,15,113,386,176,0,5,13.4,météo correcte
2016-05-26,21,20,12,20,21,20,7.6,56,9,1007,14.5,24,11,20,113,176,176,0,4,13.4,météo favorable
2016-05-27,19,16,7,19,18,16,0.5,77,10,1008,17.625,20,13,17,113,113,113,0,4,13.4,météo favorable
2016-05-28,14,13,5,14,14,14,0.1,88,10,1009,12.25,16,13,15,113,113,113,0,4,13.4,météo correcte
2016-05-29,22,14,10,16,22,14,5.9,84,9.25,1009,29.75,24,12,15,293,176,176,0,5,13.5,météo favorable
2016-05-30,20,14,8,20,19,14,0.8,82,9.875,1008,13,21,13,15,113,113,176,0,5,13.5,météo favorable
2016-05-31,22,19,12,20,20,19,8.3,71,9,1009,31.25,25,14,19,176,356,356,0,5,13.5,météo correcte
2016-06-01,25,18,12,22,25,18,3,72,9.75,1009,47.875,26,15,19,176,305,305,0,5,10.8,météo correcte
2016-06-02,23,15,10,20,21,15,23.4,91,8,1011,38.375,25,16,16,356,359,116,0,4,13.5,météo très défavorable
2016-06-03,25,17,11,22,25,17,15,89,8.875,1012,24,26,17,18,176,356,356,0,4,13.5,météo défavorable
2016-06-04,25,17,10,22,25,17,13.4,91,8.75,1012,22.875,26,16,18,176,356,356,0,4,13.5,météo défavorable
2016-06-05,22,17,8,20,22,17,8.9,86,8.375,1012,36.375,25,16,18,176,176,353,0,4,13.5,météo correcte
2016-06-06,22,16,10,20,22,16,15,95,8.75,1012,34.5,25,18,17,176,356,356,0,4,13.5,météo défavorable
2016-06-07,24,16,11,21,24,16,12.7,95,8.5,1011,22.375,26,17,17,356,356,356,0,4,13.5,météo correcte
2016-06-08,24,15,11,21,24,15,4.9,94,9.5,1010,16.875,26,16,16,176,176,176,0,4,13.5,météo favorable
2016-06-09,25,16,12,22,25,16,3.6,87,9.625,1008,13.875,26,15,17,113,176,176,0,4,13.5,météo favorable
2016-06-10,25,22,11,22,25,23,2,54,9.875,1007,11.25,26,15,23,113,113,113,0,5,13.5,météo idéale
2016-06-11,25,18,10,22,25,18,5.8,86,9.375,1006,18.625,26,16,18,176,176,356,0,6,13.5,météo favorable
2016-06-12,25,17,11,23,25,17,2.4,83,9.75,1007,20.25,26,16,18,113,176,176,0,5,13.5,météo favorable
2016-06-13,23,17,11,21,23,17,12.4,93,7.75,1006,32.875,25,18,18,176,356,356,0,4,13.5,météo correcte
2016-06-14,22,17,11,21,22,17,14.4,97,8,1005,41.875,25,19,18,176,356,356,0,4,13.3,météo défavorable
2016-06-15,21,19,9,19,21,20,17,78,8.375,1005,39.75,24,17,20,353,356,356,0,4,13.9,météo très défavorable
2016-06-16,25,19,11,22,25,19,8.2,80,9.375,1005,53.375,27,17,20,299,356,356,0,5,11,météo correcte
2016-06-17,23,18,9,21,23,18,6,93,9.5,1009,47.5,25,18,18,176,356,353,0,4,13.3,météo correcte
2016-06-18,23,18,10,20,23,18,8.3,96,7.875,1010,59.125,25,19,19,293,356,356,0,4,13.3,météo correcte
2016-06-19,22,18,9,19,22,18,23.7,97,5.625,1010,70.5,25,19,19,299,356,359,0,4,12.2,météo très défavorable
2016-06-20,21,18,8,19,21,18,17.6,95,6.875,1009,72.875,24,18,18,299,356,356,0,4,11,météo très défavorable
2016-06-21,21,18,10,19,21,18,26.8,97,6.25,1009,60.375,25,18,19,305,356,299,0,4,12.2,météo très défavorable
2016-06-22,20,17,9,19,19,17,22.6,96,6.5,1009,58.5,21,18,17,299,305,353,0,4,13.9,météo très défavorable
2016-06-23,22,18,9,19,22,18,12.1,98,7.75,1008,57.5,25,19,18,176,356,356,0,4,13.3,météo correcte
2016-06-24,22,18,10,20,22,18,16.6,98,7,1008,66.5,25,18,19,293,356,356,0,4,12.2,météo très défavorable
2016-06-25,23,19,10,20,23,19,13.4,97,6.625,1010,59.25,26,19,19,353,356,356,0,4,13.3,météo défavorable
2016-06-26,24,19,10,19,24,19,23.4,94,6.625,1010,48.5,26,19,20,305,176,356,0,5,13.9,météo très défavorable
2016-06-27,23,19,9,20,23,19,17,95,7.25,1009,55.25,26,19,19,356,356,356,0,5,13.9,météo très défavorable
2016-06-28,24,19,10,20,24,19,20.9,96,7.125,1009,62.25,26,19,20,299,356,356,0,5,12.2,météo très défavorable
2016-06-29,24,19,10,20,24,19,22.8,97,5.75,1010,68.875,27,20,20,293,356,359,0,5,12.2,météo très défavorable
2016-06-30,22,19,9,19,22,19,31.5,98,7,1008,84.125,25,19,19,302,356,356,0,4,9.9,météo très défavorable
2016-07-01,19,18,8,19,19,18,36.9,98,4.625,1005,91.25,20,19,19,305,308,302,0,4,8.7,météo très défavorable
2016-07-02,20,18,7,18,20,18,38,95,6.125,1006,78.375,21,19,18,308,299,356,0,4,9.9,météo très défavorable
2016-07-03,21,17,7,19,21,17,10,95,9.125,1005,59.5,24,18,18,353,293,356,0,4,12.2,météo correcte
2016-07-04,22,18,9,20,21,18,7.5,95,8.375,1003,56.5,25,18,19,356,293,293,0,4,13.3,météo correcte
2016-07-05,22,17,9,19,22,17,13.8,97,6.125,1004,65.25,25,18,18,299,293,263,0,4,13.3,météo défavorable
2016-07-06,22,18,10,21,21,18,11.6,98,6.25,1005,74,25,19,19,263,302,293,0,4,11,météo défavorable
2016-07-07,23,19,9,21,23,19,13,97,6.5,1005,66.875,25,19,19,119,356,359,0,5,12.2,météo défavorable
2016-07-08,22,19,9,21,22,19,13,95,8,1005,60,25,19,19,353,356,353,0,4,13.9,météo défavorable
2016-07-09,23,19,10,22,22,19,12,98,7.125,1004,52.875,25,20,19,176,356,356,0,5,13.3,météo correcte
2016-07-10,23,19,11,21,21,19,12.7,98,7.875,1004,62.5,25,19,19,116,356,356,0,4,12.2,météo correcte
2016-07-11,21,18,7,19,21,18,25.1,97,6,1006,90.75,24,19,19,302,356,356,0,4,8.7,météo très défavorable
2016-07-12,23,19,9,20,23,19,14.8,97,6.375,1007,66.75,25,19,19,353,356,356,0,4,13.3,météo défavorable
2016-07-13,22,19,9,20,22,19,10.1,98,8.25,1006,71,25,19,19,353,356,356,0,4,11,météo défavorable
2016-07-14,23,19,9,20,22,19,39.7,98,6.125,1006,71.125,25,20,20,299,359,359,0,5,12.2,météo très défavorable
2016-07-15,23,19,10,19,23,19,55.2,98,5.25,1006,71.25,25,20,19,308,356,359,0,4,11,météo très défavorable
2016-07-16,21,18,9,20,20,18,20.8,97,6,1008,72.75,24,19,19,293,359,356,0,4,12.2,météo très défavorable
2016-07-17,20,18,9,19,20,18,68.8,98,6.375,1009,87,20,18,19,308,299,308,0,4,8.6,météo très défavorable
2016-07-18,24,19,8,22,24,19,21.7,95,7.625,1009,63.75,26,19,20,299,356,356,0,5,12.1,météo très défavorable
2016-07-19,23,19,9,22,22,19,12.6,96,7.375,1005,58.25,25,20,20,299,356,356,0,5,13.3,météo correcte
2016-07-20,24,19,10,22,24,19,8.9,95,7.875,1006,63.375,26,19,19,299,356,356,0,5,12,météo correcte
2016-07-21,24,19,9,22,23,19,9.9,95,8,1006,65.125,26,20,20,299,356,356,0,5,9.6,météo défavorable
2016-07-22,23,19,9,21,23,19,9.4,95,7.125,1006,63.75,26,20,20,299,356,356,0,5,12,météo correcte
2016-07-23,23,19,10,21,22,19,9.5,96,6.875,1006,66,25,20,19,176,356,356,0,5,10.8,météo défavorable
2016-07-24,23,19,9,21,23,19,9.2,97,7.25,1006,63.25,25,20,19,299,356,356,0,5,12,météo correcte
2016-07-25,23,19,9,22,23,19,7,96,8.125,1006,56.5,26,19,19,305,356,305,0,5,10.8,météo correcte
2016-07-26,23,19,9,21,23,19,7.6,96,8,1006,62.375,26,19,19,299,356,356,0,5,10.8,météo correcte
2016-07-27,23,18,10,21,23,18,9.4,96,7.625,1007,60.625,26,19,19,356,356,356,0,5,10.8,météo correcte
2016-07-28,19,16,5,19,19,16,16.2,97,7.375,1010,82.875,19,17,17,302,302,299,0,4,8.3,météo très défavorable
2016-07-29,19,17,7,18,19,17,41.7,98,4.625,1009,88.75,19,18,18,308,299,356,0,4,8.3,météo très défavorable
2016-07-30,20,17,8,18,20,17,30.9,98,6.625,1009,79.625,21,18,18,299,293,296,0,4,8.3,météo très défavorable
2016-07-31,22,17,8,19,22,17,8.8,97,6.75,1009,66.75,25,18,17,119,263,356,0,4,13.3,météo défavorable
2016-08-01,24,16,11,19,24,16,11.6,92,9,1007,58.25,26,18,17,296,176,176,0,4,13.3,météo correcte
2016-08-02,23,17,9,21,23,17,11.2,96,9,1006,29.75,25,18,17,176,356,356,0,4,13.2,météo correcte
2016-08-03,25,18,10,20,25,18,14,96,7.875,1006,30.375,26,19,18,356,176,356,0,4,13.2,météo défavorable
2016-08-04,25,18,10,23,24,18,11.7,97,9,1006,24.375,27,19,18,113,356,356,0,4,13.2,météo correcte
2016-08-05,23,18,9,21,23,18,15.4,96,6.875,1008,43,25,19,18,116,356,356,0,4,13.2,météo défavorable
2016-08-06,23,18,10,21,23,18,11.3,97,8.125,1007,44,25,19,19,176,356,356,0,4,13.2,météo correcte
2016-08-07,22,18,9,19,22,18,4.7,97,5.75,1009,53,25,19,18,263,356,248,0,4,13.2,météo correcte
2016-08-08,23,18,9,20,23,18,10.2,97,6.625,1008,58.125,25,19,18,176,356,356,0,5,13.2,météo correcte
2016-08-09,22,18,9,21,22,18,12.5,98,7.125,1008,50.625,25,19,18,176,356,353,0,4,12,météo correcte
2016-08-10,21,17,9,20,21,17,12.4,95,7.75,1008,39.25,25,18,18,176,356,356,0,4,13.1,météo correcte
2016-08-11,23,16,10,21,23,16,10,96,7.125,1009,33.5,26,19,17,116,356,356,0,4,13.1,météo correcte
2016-08-12,23,17,9,20,23,17,9.4,97,8.125,1008,38.625,26,19,17,116,356,356,0,4,13.1,météo correcte
2016-08-13,23,18,9,21,23,18,7,97,7.125,1007,59,26,19,19,116,356,353,0,4,12,météo correcte
2016-08-14,24,19,10,20,24,19,9,96,6.625,1006,55.5,26,19,19,353,356,356,0,5,13.1,météo correcte
2016-08-15,24,18,10,22,24,18,11.1,95,6.625,1004,36.5,26,19,19,116,356,356,0,5,13.1,météo correcte
2016-08-16,23,18,9,21,23,18,9.3,95,8,1005,49.875,26,18,18,176,356,356,0,4,13.1,météo correcte
2016-08-17,24,18,9,22,24,18,8.5,95,9.25,1005,31,26,18,18,176,176,356,0,5,13,météo correcte
2016-08-18,23,18,10,20,22,18,10,96,8.125,1006,54.125,25,19,18,266,356,356,0,4,12,météo correcte
2016-08-19,23,18,10,20,23,18,4.9,97,6.25,1008,47.375,26,19,19,113,356,266,0,4,13,météo correcte
2016-08-20,24,18,11,21,24,18,2.1,96,6.125,1008,62.625,26,19,19,263,176,263,0,4,13,météo correcte
2016-08-21,25,19,10,22,25,19,11.7,94,6.125,1009,40.375,27,20,19,263,356,359,0,5,13,météo correcte
2016-08-22,22,18,9,20,22,18,13,98,6.875,1011,62,24,19,18,293,356,353,0,4,11.9,météo défavorable
2016-08-23,22,17,10,20,22,17,1.1,97,6.125,1011,64.125,25,18,18,263,176,263,0,4,13,météo correcte
2016-08-24,23,17,9,20,23,17,5.3,94,6.5,1010,52.875,25,18,18,263,356,353,0,4,12.9,météo correcte
2016-08-25,26,17,10,23,26,17,8.8,92,9.125,1012,12.375,28,18,18,176,113,356,0,5,12.9,météo correcte
2016-08-26,25,16,10,22,25,16,10,93,9.125,1013,16.875,27,18,17,356,176,176,0,4,12.9,météo correcte
2016-08-27,26,16,12,23,26,16,2.5,91,9.625,1014,13.125,27,17,17,176,113,176,0,4,12.9,météo idéale
2016-08-28,25,16,11,22,25,16,3.5,93,8.5,1014,17.125,27,17,17,176,176,176,0,4,12.9,météo favorable
2016-08-29,23,17,9,21,22,17,6.2,95,8.5,1010,38.125,25,18,18,116,356,176,0,4,12.9,météo correcte
2016-08-30,20,17,6,20,20,17,12.3,97,7.75,1008,42.875,21,18,17,176,176,356,0,4,12.8,météo correcte
2016-08-31,23,20,11,20,23,20,43.6,88,6.25,1009,52,25,18,20,356,356,359,0,5,11.9,météo très défavorable
2016-09-01,23,18,10,20,22,18,12.9,97,6.125,1008,53.75,25,18,18,293,356,353,0,4,12.8,météo correcte
2016-09-02,22,18,9,20,22,18,12.7,98,6.75,1006,52.25,25,18,18,176,356,356,0,4,12.8,météo correcte
2016-09-03,20,18,8,19,20,18,29.8,98,4.75,1006,79.75,20,18,18,299,299,308,0,4,9.3,météo très défavorable
2016-09-04,21,16,8,19,21,16,15.6,97,6.125,1008,60.875,24,18,17,299,176,263,0,4,11.9,météo défavorable
2016-09-05,20,17,7,19,20,17,4.1,99,6.375,1008,71.125,20,18,18,353,353,296,0,4,10.6,météo défavorable
2016-09-06,21,17,5,18,21,17,13.4,95,8.125,1009,64.75,24,18,17,299,299,353,0,4,12.7,météo défavorable
2016-09-07,20,16,4,19,20,16,16,97,8,1009,60.625,20,17,17,299,299,176,0,4,12.7,météo très défavorable
2016-09-08,21,16,8,18,21,16,6.3,95,7.625,1011,39.25,25,17,17,176,176,353,0,4,12.7,météo favorable
2016-09-09,22,17,8,20,22,17,2.4,96,7.75,1011,40.875,25,17,17,176,176,353,0,4,12.7,météo favorable
2016-09-10,22,18,9,19,22,18,15.8,98,5.375,1011,65,25,18,18,356,356,356,0,4,11.9,météo défavorable
2016-09-11,19,17,7,18,19,17,23.7,98,4.875,1011,84.625,20,17,17,302,299,302,0,4,9.2,météo très défavorable
2016-09-12,19,16,6,17,19,16,16.6,97,6.75,1013,66.875,20,17,16,299,293,293,0,4,12.6,météo très défavorable
2016-09-13,20,16,6,17,20,16,15.9,94,7,1014,64.25,20,16,16,305,116,353,0,4,11.9,météo défavorable
2016-09-14,22,16,10,19,22,16,2.5,97,6.375,1013,49.375,25,17,17,176,176,143,0,4,12.6,météo favorable
2016-09-15,22,17,10,19,22,17,11.6,98,8,1012,52.125,25,18,17,116,356,356,0,4,12.6,météo correcte
2016-09-16,22,17,10,20,22,17,19.8,97,7.5,1011,59.5,25,18,17,353,356,359,0,4,12.6,météo très défavorable
2016-09-17,21,17,9,19,21,17,11.3,98,6.75,1012,54.5,25,17,17,299,356,356,0,4,11.8,météo correcte
2016-09-18,21,16,8,18,21,16,3.6,98,6.125,1012,69,24,17,17,293,176,353,0,4,12.5,météo défavorable
2016-09-19,22,17,10,19,22,17,12,98,8,1011,55.625,25,18,17,116,356,356,0,4,12.5,météo correcte
2016-09-20,22,17,10,20,22,17,23.2,98,4.875,1012,50.125,25,18,17,176,359,359,0,4,12.5,météo très défavorable
2016-09-21,20,16,9,19,19,16,16.4,98,5,1016,68.375,20,17,16,176,356,356,0,4,9.1,météo très défavorable
2016-09-22,21,15,10,19,21,15,5.3,98,8.5,1015,39.875,24,16,16,113,176,353,0,4,11.6,météo favorable
2016-09-23,21,15,10,19,21,15,1.6,97,8,1012,36.5,25,16,16,116,113,353,0,5,11.6,météo favorable
2016-09-24,17,14,4,17,15,14,4.8,90,6.75,1011,69.625,17,16,15,296,266,293,0,4,7.4,météo défavorable
2016-09-25,17,13,3,16,17,13,9.2,94,8.375,1013,46.625,17,15,14,299,299,116,0,3,10.2,météo correcte
2016-09-26,18,13,6,17,18,13,3.4,97,6.625,1013,23.375,19,16,14,176,176,113,0,3,11.6,météo favorable
2016-09-27,22,16,10,20,21,16,2.5,98,7.875,1013,34.5,25,17,16,113,176,353,0,5,11.6,météo favorable
2016-09-28,19,16,7,19,18,16,7.8,95,6.25,1013,56.5,20,16,16,116,299,302,0,4,10.2,météo correcte
2016-09-29,21,15,8,19,20,15,4.8,94,7.125,1012,46.375,21,16,15,116,263,143,0,4,11.6,météo correcte
2016-09-30,22,16,10,20,22,16,1.3,97,6.375,1012,46.5,25,17,17,113,176,248,0,5,11.6,météo favorable
2016-10-01,22,17,10,20,22,17,19.2,98,5.875,1014,46.5,25,18,18,176,359,359,0,5,11.6,météo très défavorable
2016-10-02,22,16,9,19,22,16,21.6,96,6,1016,56.5,25,17,17,296,356,356,0,4,10.2,météo très défavorable
2016-10-03,23,15,9,20,23,15,7.6,96,7.25,1014,29.625,25,17,15,176,176,356,0,4,11.6,météo favorable
2016-10-04,22,15,10,20,22,15,7.5,96,7.875,1012,35.375,25,17,16,113,356,356,0,4,11.6,météo correcte
2016-10-05,23,16,10,20,22,16,11.3,97,8,1011,27.375,25,17,16,176,356,356,0,4,11.6,météo correcte
2016-10-06,22,13,9,19,22,13,3.6,94,9.375,1012,25,25,16,14,176,176,113,0,4,11.6,météo favorable
2016-10-07,22,13,9,20,22,13,1.5,93,9.75,1013,44.625,25,14,14,116,116,176,0,4,11.6,météo favorable
2016-10-08,22,16,10,19,21,16,7.5,97,7.375,1013,57.375,25,16,16,353,356,353,0,4,11.6,météo correcte
2016-10-09,20,14,9,18,20,14,6.9,94,9.5,1012,33.625,24,16,14,293,176,176,0,4,11.4,météo favorable
2016-10-10,21,12,10,19,21,12,7.3,92,9.625,1012,12.125,25,15,13,113,176,176,0,4,11.4,météo favorable
2016-10-11,22,11,10,19,21,11,0.5,88,10,1011,4.5,25,12,13,113,113,113,0,4,8.7,météo favorable
2016-10-12,22,12,11,19,21,12,1.3,95,8.625,1011,21,25,13,13,113,113,176,0,4,8.7,météo favorable
2016-10-13,21,13,11,18,20,13,3.4,97,6.625,1014,33.5,25,14,14,113,176,353,0,4,8.7,météo favorable
2016-10-14,18,13,9,16,18,13,4.4,97,5.625,1015,52.25,19,15,14,176,356,353,0,3,7.2,météo correcte
2016-10-15,20,14,10,17,20,14,0.4,96,6.625,1015,39.5,21,15,15,113,113,176,0,4,8.7,météo favorable
2016-10-16,20,12,10,17,20,12,1.1,91,9.75,1016,19.125,24,15,13,176,113,113,0,3,8.7,météo favorable
2016-10-17,21,12,10,18,20,12,0,86,10,1015,8.125,24,12,14,113,113,113,0,4,8.7,météo favorable
2016-10-18,21,16,10,18,20,16,0,70,10,1014,13.625,24,11,16,113,113,113,0,5,8.7,météo favorable
2016-10-19,20,11,10,18,19,11,0.1,87,10,1013,17.375,24,12,12,113,113,113,0,4,8.7,météo favorable
2016-10-20,20,12,10,17,19,12,0.5,89,9.875,1011,21,21,12,12,113,176,113,0,4,8.7,météo favorable
2016-10-21,21,11,10,18,20,11,0.1,91,10,1012,13.75,24,11,11,113,113,113,0,4,8.7,météo favorable
2016-10-22,20,12,10,17,18,12,1.9,94,8.75,1014,21.875,20,12,12,113,176,176,0,4,8.7,météo favorable
2016-10-23,20,11,10,16,18,11,0.2,91,9,1013,26.375,20,12,12,113,116,116,0,3,8.7,météo favorable
2016-10-24,20,12,10,17,19,12,0.1,94,8,1012,30.375,21,12,13,113,116,119,0,4,8.7,météo favorable
2016-10-25,21,10,10,18,20,10,0,85,10,1013,10.875,24,13,12,113,113,113,0,4,8.7,météo favorable
2016-10-26,20,9,10,17,19,9,0.9,80,10,1017,2.25,24,9,11,113,113,113,0,4,8.7,météo favorable
2016-10-27,20,9,10,16,19,9,0,70,10,1018,0,23,7,11,113,113,113,0,4,8.7,météo favorable
2016-10-28,19,7,9,16,18,7,0,78,10,1018,0.875,23,6,9,113,113,113,0,4,8.7,météo favorable
2016-10-29,19,8,9,16,18,8,0,73,10,1018,0.5,23,8,10,113,113,113,0,4,8.7,météo favorable
2016-10-30,20,7,9,16,19,7,0,69,10,1019,0,22,6,10,113,113,113,0,4,8.7,météo favorable
2016-10-31,20,7,9,17,19,7,0,71,10,1022,0,23,7,11,113,113,113,0,4,8.7,météo favorable
2016-11-01,20,7,9,16,19,7,0,73,10,1020,0.125,23,7,11,113,113,113,0,4,8.7,météo favorable
2016-11-02,20,7,9,16,19,7,0,72,10,1021,0,23,7,11,113,113,113,0,4,8.7,météo favorable
2016-11-03,21,8,8,17,20,9,0,63,10,1021,0,23,5,11,113,113,113,0,4,8.7,météo favorable
2016-11-04,20,6,9,16,19,6,0,61,10,1018,0,23,4,9,113,113,113,0,4,8.7,météo favorable
2016-11-05,20,6,10,15,19,6,0,73,10,1015,0.25,22,6,9,113,113,113,0,3,8.7,météo favorable
2016-11-06,18,5,10,15,18,5,0,78,10,1015,1,23,5,8,113,113,113,0,3,8.7,météo favorable
2016-11-07,18,4,9,15,17,4,0,70,10,1015,0,22,5,8,113,113,113,0,3,8.7,météo favorable
2016-11-08,19,6,8,14,18,6,0,78,10,1017,1.75,23,5,8,113,113,113,0,3,8.7,météo favorable
2016-11-09,19,10,10,15,18,10,0,92,9,1018,15,21,10,11,113,113,116,0,4,8.7,météo favorable
2016-11-10,18,11,9,15,16,11,0.4,95,7.875,1018,41.25,18,12,12,116,116,176,0,3,7.2,météo favorable
2016-11-11,17,11,9,14,16,11,0.7,93,8.25,1018,39.25,17,12,11,116,176,116,0,3,8.7,météo correcte
2016-11-12,19,8,10,16,19,8,0.7,83,10,1020,9.125,20,11,10,113,113,113,0,4,8.7,météo favorable
2016-11-13,20,7,9,16,19,7,0,69,10,1021,0,23,7,9,113,113,113,0,4,8.7,météo favorable
2016-11-14,20,6,9,16,19,6,0,64,10,1019,0,23,4,8,113,113,113,0,4,8.7,météo favorable
2016-11-15,19,4,8,15,18,4,0,68,10,1020,0,22,4,8,113,113,113,0,3,8.7,météo favorable
2016-11-16,19,4,9,14,17,4,0,68,10,1020,0,22,3,8,113,113,113,0,3,8.7,météo favorable
2016-11-17,18,4,8,14,17,4,0,71,10,1021,0,22,3,7,113,113,113,0,3,8.7,météo favorable
2016-11-18,18,4,9,14,17,4,0,78,10,1018,0.5,21,4,8,113,113,113,0,3,8.7,météo favorable
2016-11-19,17,4,9,13,16,4,0,83,10,1016,2.5,20,7,6,113,113,113,0,3,8.7,météo correcte
2016-11-20,17,5,9,13,16,5,0,86,10,1017,5.875,19,7,6,113,113,113,0,3,8.7,météo correcte
2016-11-21,18,6,9,14,17,6,0,86,10,1016,6.25,19,8,7,113,113,113,0,3,8.7,météo favorable
2016-11-22,18,7,9,14,18,7,0,88,10,1015,9.125,20,10,8,113,113,113,0,4,8.7,météo favorable
2016-11-23,18,6,10,14,17,6,0,89,10,1016,9.75,19,9,7,113,113,113,0,3,8.7,météo favorable
2016-11-24,18,6,10,14,17,6,0,90,10,1017,8.25,20,9,7,113,113,113,0,3,8.7,météo favorable
2016-11-25,18,7,9,13,17,7,0,85,10,1016,8.375,19,10,8,113,113,113,0,4,8.7,météo favorable
2016-11-26,17,6,8,13,17,6,0.2,94,9,1017,16.25,18,10,7,113,113,143,0,4,8.7,météo correcte
2016-11-27,17,9,9,13,16,9,0,93,8,1016,22.875,18,10,9,113,113,116,0,3,8.7,météo correcte
2016-11-28,14,9,6,12,14,9,0,93,9,1016,31.875,15,9,9,113,116,116,0,3,8.7,météo correcte
2016-11-29,15,9,7,13,14,9,0.2,92,6.5,1018,49.625,16,10,10,116,116,116,0,3,8.7,météo correcte
2016-11-30,15,9,8,12,15,9,0.2,95,6.5,1020,53.75,16,10,10,116,116,116,0,3,7.1,météo correcte
2016-12-01,15,9,9,12,15,9,0.6,94,6.875,1019,38,16,10,9,116,176,116,0,3,8.7,météo correcte
2016-12-02,16,8,9,12,15,8,1.3,92,8.875,1020,34.375,16,9,9,113,176,353,0,3,8.7,météo correcte
2016-12-03,16,7,8,12,16,9,0.4,85,9.875,1024,7.75,17,8,8,113,113,113,0,3,8.7,météo correcte
2016-12-04,18,6,8,14,17,6,0,83,10,1024,1.375,23,8,8,113,113,113,0,3,8.7,météo favorable
2016-12-05,18,5,9,14,17,5,0,82,10,1020,0.625,21,8,8,113,113,113,0,3,8.7,météo favorable
2016-12-06,17,5,8,13,17,5,0,79,10,1021,0.625,21,6,8,113,113,113,0,3,8.7,météo correcte
2016-12-07,18,5,8,13,17,5,0,73,10,1021,0,23,6,8,113,113,113,0,3,8.7,météo favorable
2016-12-08,18,4,8,13,17,4,0,65,10,1019,0,22,2,7,113,113,113,0,3,8.7,météo favorable
2016-12-09,18,4,8,14,17,4,0,71,10,1016,0,21,3,7,113,113,113,0,3,8.7,météo favorable
2016-12-10,18,3,8,13,17,3,0,71,10,1016,0,21,3,7,113,113,113,0,3,8.7,météo favorable
2016-12-11,18,3,8,14,17,3,0,67,10,1015,0,21,2,6,113,113,113,0,3,8.7,météo favorable
2016-12-12,16,3,8,12,16,3,0,70,10,1016,0,20,2,6,113,113,113,0,3,8.7,météo correcte
2016-12-13,17,3,8,12,16,3,0,62,10,1017,0,20,1,7,113,113,113,0,3,8.7,météo correcte
2016-12-14,17,2,8,12,16,2,0,64,10,1018,0,20,1,5,113,113,113,0,3,8.7,météo correcte
2016-12-15,15,1,8,11,15,1,0,70,10,1019,0,18,1,5,113,113,113,0,3,8.7,météo très défavorable
2016-12-16,16,3,8,11,16,3,0,80,10,1019,1.75,19,3,6,113,113,113,0,3,8.7,météo correcte
2016-12-17,17,5,9,12,16,5,0,77,10,1019,5.75,18,4,6,113,113,113,0,3,8.7,météo correcte
2016-12-18,16,5,9,12,16,5,0,87,10,1018,4.875,19,6,6,113,113,113,0,3,8.7,météo correcte
2016-12-19,16,7,10,11,16,8,0,91,10,1018,15.75,17,9,8,113,113,116,0,3,8.7,météo correcte
2016-12-20,15,4,9,11,15,4,0.1,82,10,1016,12,16,8,6,113,113,113,0,3,8.7,météo correcte
2016-12-21,16,6,9,11,16,6,0,87,10,1018,7.875,18,6,8,113,113,113,0,3,8.7,météo correcte
2016-12-22,16,6,9,12,16,6,0,93,10,1017,14.625,18,9,7,113,113,113,0,3,8.7,météo correcte
2016-12-23,15,8,9,11,14,8,0.2,94,7.375,1015,32.625,16,9,8,116,116,263,0,3,8.7,météo correcte
2016-12-24,15,6,9,11,15,6,0.1,90,8,1015,25.25,16,9,7,116,113,113,0,2,8.7,météo correcte
2016-12-25,15,5,11,11,14,5,1,87,9.875,1016,5.25,17,6,6,113,176,113,0,3,8.7,météo correcte
2016-12-26,13,3,9,8,13,3,0,74,10,1019,2.625,15,1,5,113,113,113,0,3,8.7,météo correcte
2016-12-27,14,3,8,9,14,3,0,80,10,1021,1.875,17,3,5,113,113,113,0,3,8.7,météo correcte
2016-12-28,14,2,9,10,14,2,0,84,10,1018,2.5,16,6,4,113,113,113,0,3,8.7,météo correcte
2016-12-29,15,2,8,9,14,2,0,75,10,1020,0.875,18,4,6,113,113,113,0,3,8.7,météo correcte
2016-12-30,15,3,8,10,14,3,0,75,10,1020,0.625,18,3,6,113,113,113,0,3,8.7,météo correcte
2016-12-31,14,3,9,9,13,3,0,71,10,1020,5.375,18,1,5,113,113,113,0,3,8.7,météo correcte
2017-01-01,14,2,8,9,13,2,1.5,69,9.875,1020,15,15,0,3,113,176,113,0,3,8.7,météo correcte
2017-01-02,13,3,7,7,12,3,0.7,70,9.875,1021,24.875,14,0,2,116,113,113,0,2,8.7,météo correcte
2017-01-03,14,3,8,8,13,3,0,56,10,1020,4.25,16,0,5,113,113,113,0,3,8.7,météo correcte
2017-01-04,14,2,9,8,13,2,0,52,10,1018,5.75,17,0,2,113,113,113,0,3,8.7,météo correcte
2017-01-05,13,1,7,7,12,1,0,54,10,1017,2.25,15,0,3,113,113,113,0,2,8.7,météo très défavorable
2017-01-06,12,1,8,8,12,1,0,59,10,1016,0,15,0,2,113,113,113,0,2,8.7,météo très défavorable
2017-01-07,13,1,8,8,12,1,0,41,10,1016,0.625,17,0,2,113,113,113,0,2,8.7,météo très défavorable
2017-01-08,14,2,8,7,13,2,0,41,10,1017,17,17,0,2,116,113,113,0,3,8.7,météo correcte
2017-01-09,13,3,10,8,12,3,0,52,10,1016,2.125,17,0,2,113,113,113,0,3,8.7,météo correcte
2017-01-10,13,2,10,7,11,2,0,48,10,1016,1.625,16,0,3,113,113,113,0,3,8.7,météo correcte
2017-01-11,11,0,10,6,10,0,0,64,10,1017,0.875,14,0,2,113,113,113,0,2,8.7,météo très défavorable
2017-01-12,10,-2,9,5,9,-2,0,62,10,1018,0,13,0,-1,113,113,113,0,2,8.7,météo très défavorable
2017-01-13,11,-2,8,5,10,-2,0,61,10,1019,0,15,0,-1,113,113,113,0,2,8.7,météo très défavorable
2017-01-14,12,0,8,6,12,0,0,51,10,1020,2.25,16,0,0,113,113,113,0,2,8.7,météo très défavorable
2017-01-15,14,3,10,9,14,3,0,36,10,1020,2.5,16,0,3,113,113,113,0,3,8.7,météo correcte
2017-01-16,15,3,9,9,14,3,0,39,10,1018,0.25,18,0,3,113,113,113,0,3,8.7,météo correcte
2017-01-17,14,3,9,9,14,4,0,35,10,1021,5.375,16,0,3,113,113,113,0,3,8.7,météo correcte
2017-01-18,15,5,11,10,15,5,0,33,10,1024,2.25,19,0,5,113,113,113,0,3,8.7,météo correcte
2017-01-19,16,5,10,10,16,6,0,24,10,1024,1.25,20,0,5,113,113,113,0,3,8.7,météo correcte
2017-01-20,17,3,10,11,17,3,0,46,10,1021,2.375,20,0,4,113,113,113,0,3,8.7,météo correcte
2017-01-21,18,5,9,12,17,5,0,56,10,1023,78.625,18,0,4,119,122,122,0,3,4.1,météo très défavorable
2017-01-22,17,5,8,12,17,5,0,56,10,1024,8.875,20,0,5,113,113,113,0,3,8.7,météo correcte
2017-01-23,18,3,9,12,17,3,0,65,10,1020,0,21,2,6,113,113,113,0,3,8.7,météo favorable
2017-01-24,17,4,9,12,17,4,0,73,10,1022,0,20,4,7,113,113,113,0,3,8.7,météo correcte
2017-01-25,19,5,9,13,19,5,0,67,10,1024,11.875,20,2,7,113,113,113,0,3,8.7,météo favorable
2017-01-26,19,7,9,14,19,7,0,61,10,1024,18.875,20,1,8,113,113,113,0,4,8.7,météo favorable
2017-01-27,14,7,9,12,14,7,1.1,61,9.875,1020,44.625,15,2,7,116,113,296,0,3,8.7,météo correcte
2017-01-28,14,3,10,9,14,3,0.4,75,10,1018,2,17,4,7,113,113,113,0,3,8.7,météo correcte
2017-01-29,15,3,8,10,14,3,0,89,10,1019,3.625,17,4,4,113,113,113,0,3,8.7,météo correcte
2017-01-30,14,3,9,10,14,3,0,87,10,1018,5.625,16,5,4,113,113,113,0,3,8.7,météo correcte
2017-01-31,15,3,10,10,14,3,1.2,82,9.875,1018,4.5,17,5,4,113,113,176,0,3,8.7,météo correcte
2017-02-01,14,2,9,9,14,2,0,84,10,1020,2.125,17,3,4,113,113,113,0,3,8.7,météo correcte
2017-02-02,13,3,9,9,13,3,0,87,10,1021,7.875,15,3,4,113,113,113,0,3,8.7,météo correcte
2017-02-03,16,5,9,10,16,5,0,84,10,1021,5,17,7,6,113,113,113,0,3,8.7,météo correcte
2017-02-04,18,7,9,12,18,7,0,78,10,1020,6.75,20,7,9,113,113,113,0,3,8.7,météo favorable
2017-02-05,20,6,8,14,20,6,0,52,10,1020,18.625,20,3,6,113,116,113,0,4,8.7,météo favorable
2017-02-06,18,7,11,13,17,7,0,42,10,1017,1.25,21,0,8,113,113,113,0,4,8.7,météo favorable
2017-02-07,18,5,10,12,17,5,0,71,10,1016,0.375,21,3,8,113,113,113,0,3,8.7,météo favorable
2017-02-08,19,7,9,13,18,7,0,65,10,1018,0.25,22,5,8,113,113,113,0,4,8.7,météo favorable
2017-02-09,18,7,10,13,18,7,0,36,10,1018,42.25,19,0,6,119,119,113,0,4,7.2,météo correcte
2017-02-10,17,3,10,11,16,3,0,65,10,1017,0,20,0,6,113,113,113,0,3,8.7,météo correcte
2017-02-11,17,3,10,11,16,3,0,64,10,1021,11.5,20,0,4,113,113,116,0,3,8.7,météo correcte
2017-02-12,16,2,9,11,16,2,0,62,10,1023,4.75,19,1,6,113,113,113,0,3,8.7,météo correcte
2017-02-13,16,3,10,12,16,3,0,66,10,1023,0.625,19,0,6,113,113,113,0,3,8.7,météo correcte
2017-02-14,17,4,10,12,17,4,0,73,10,1025,0,19,5,7,113,113,113,0,3,8.7,météo correcte
2017-02-15,17,4,10,12,17,4,0,77,10,1024,7.875,18,4,8,113,116,113,0,3,8.7,météo correcte
2017-02-16,18,5,11,13,18,5,0,77,10,1021,3.125,20,5,7,113,113,113,0,3,8.7,météo favorable
2017-02-17,19,6,11,13,19,6,0,78,10,1020,3.375,23,5,8,113,113,113,0,4,8.7,météo favorable
2017-02-18,19,7,12,14,19,7,0,84,10,1020,6,21,8,8,113,113,113,0,4,8.7,météo favorable
2017-02-19,18,8,11,14,17,8,0,85,10,1018,18.25,19,8,9,113,113,113,0,4,8.7,météo favorable
2017-02-20,17,9,12,13,16,9,3.1,88,9.375,1012,27.5,18,8,9,113,356,176,0,4,8.7,météo correcte
2017-02-21,19,9,13,13,19,9,0,52,10,1012,3.25,22,4,11,113,113,113,0,4,8.7,météo favorable
2017-02-22,19,8,11,13,18,8,0,45,10,1014,7.875,20,0,10,116,113,113,0,4,8.7,météo favorable
2017-02-23,19,6,12,13,18,6,0,31,10,1015,0,21,0,7,113,113,113,0,3,11.6,météo favorable
2017-02-24,18,4,12,13,17,4,0,64,10,1015,0,21,2,8,113,113,113,0,3,11.6,météo favorable
2017-02-25,16,4,12,11,16,4,0,72,10,1016,1.25,17,3,8,113,113,113,0,3,11.6,météo correcte
2017-02-26,17,4,12,12,17,4,0,65,10,1014,1.5,19,2,6,113,113,113,0,3,11.6,météo correcte
2017-02-27,17,5,11,12,17,5,0,68,10,1017,1.75,18,3,8,113,113,113,0,3,11.6,météo correcte
2017-02-28,18,5,12,14,18,5,0,68,10,1018,0,20,3,9,113,113,113,0,3,11.6,météo favorable
2017-03-01,19,8,12,15,19,8,0,45,10,1017,1.25,22,4,10,113,113,113,0,4,11.6,météo favorable
2017-03-02,20,8,15,15,20,8,0.1,42,10,1016,7.125,21,0,8,113,113,113,0,4,11.6,météo favorable
2017-03-03,19,8,12,14,19,8,0,37,10,1013,3,20,0,9,113,113,113,0,4,11.6,météo favorable
2017-03-04,19,8,14,15,19,8,0,29,10,1013,8.75,21,0,8,113,113,113,0,4,11.6,météo favorable
2017-03-05,18,8,13,14,18,8,0,29,10,1012,1.25,22,0,10,113,113,113,0,4,11.6,météo favorable
2017-03-06,19,6,13,14,18,6,0,22,10,1013,0,21,0,8,113,113,113,0,4,11.6,météo favorable
2017-03-07,18,5,12,14,18,5,0,35,10,1014,5.375,19,0,7,113,113,113,0,3,11.6,météo favorable
2017-03-08,19,7,11,14,18,7,0,23,10,1015,19,20,0,6,113,113,116,0,4,11.6,météo favorable
2017-03-09,16,8,8,11,16,8,0.4,52,9.25,1011,18.625,17,1,8,263,113,176,0,3,11.6,météo correcte
2017-03-10,11,6,8,9,9,6,9.4,90,8.25,1012,72.75,11,5,5,296,299,302,0,3,7.4,météo défavorable
2017-03-11,12,4,11,7,12,4,4.2,79,9.75,1016,50.75,12,5,3,296,386,176,0,2,11.6,météo très défavorable
2017-03-12,13,5,11,9,11,5,0.1,49,10,1014,14.625,14,0,5,113,113,113,0,3,11.6,météo correcte
2017-03-13,15,4,12,11,15,4,0,78,10,1018,4.625,17,2,6,113,113,113,0,3,11.6,météo correcte
2017-03-14,16,7,10,12,15,7,0,59,10,1018,3.25,19,1,8,113,113,113,0,3,11.6,météo correcte
2017-03-15,17,5,12,13,17,5,0,53,10,1017,37.875,17,0,9,119,116,113,0,3,10.2,météo correcte
2017-03-16,17,8,12,14,17,8,0,59,10,1015,2.125,20,3,10,113,113,113,0,4,11.6,météo correcte
2017-03-17,16,6,10,12,14,6,3.8,74,9.625,1014,11.25,17,4,6,176,386,176,0,3,11.6,météo correcte
2017-03-18,16,7,9,12,14,7,0.5,50,10,1015,4.75,19,1,9,113,113,113,0,3,11.6,météo correcte
2017-03-19,16,8,11,12,16,8,0.4,59,10,1016,34.375,17,2,9,122,113,113,0,3,10.2,météo correcte
2017-03-20,14,7,11,11,13,7,3.3,72,9.5,1018,9.875,15,5,8,176,356,113,0,3,11.6,météo correcte
2017-03-21,18,8,11,13,18,8,0,85,10,1019,6,20,7,9,113,113,113,0,4,11.6,météo favorable
2017-03-22,19,9,11,14,19,9,0,82,10,1016,12.375,20,8,10,113,113,113,0,4,11.6,météo favorable
2017-03-23,19,12,12,16,19,12,0.4,90,9.875,1015,26.75,19,11,12,113,113,176,0,4,11.6,météo favorable
2017-03-24,19,11,11,16,19,11,10.6,90,9.125,1015,17.25,20,11,12,176,356,356,0,4,11.6,météo correcte
2017-03-25,22,13,13,17,21,13,5.3,89,9.625,1017,12,24,12,13,113,176,176,0,3,11.6,météo favorable
2017-03-26,19,13,8,16,17,13,3.9,88,9.625,1017,23.625,20,12,14,113,176,116,0,3,12.2,météo favorable
2017-03-27,19,13,10,16,19,13,5.8,92,8.625,1016,28.125,20,13,14,113,116,356,0,4,12.6,météo favorable
2017-03-28,19,14,8,16,18,14,1.6,93,8.375,1015,49.875,20,13,14,116,263,353,0,3,12.6,météo correcte
2017-03-29,19,13,9,16,19,13,17,96,7.625,1013,53,20,14,15,176,356,359,0,3,11.9,météo très défavorable
2017-03-30,20,15,10,18,19,15,8.4,94,8.5,1014,27.875,20,15,15,113,116,176,0,4,12.6,météo correcte
2017-03-31,20,14,10,16,18,14,12.8,95,8.125,1015,47.75,20,15,15,176,356,356,0,4,11.9,météo correcte
2017-04-01,21,13,12,18,21,13,13.5,79,9,1013,15.625,24,14,14,176,356,356,0,4,12.7,météo défavorable
2017-04-02,22,13,13,19,21,13,6,72,9.25,1011,6.875,24,10,15,113,356,356,0,5,12.7,météo correcte
2017-04-03,22,13,13,19,22,13,4.8,68,9.625,1013,4.25,25,11,14,113,113,356,0,5,12.7,météo favorable
2017-04-04,22,13,12,17,21,13,9.7,84,9.25,1014,5.625,24,13,15,113,356,356,0,5,12.7,météo correcte
2017-04-05,21,13,12,17,21,13,4.8,86,9.625,1014,10.625,24,11,14,113,386,356,0,4,12.7,météo correcte
2017-04-06,23,14,12,18,23,14,3.4,59,9.75,1015,4.125,24,10,16,113,176,176,0,5,12.8,météo favorable
2017-04-07,24,15,14,20,24,15,1.1,53,9.875,1014,3.25,24,6,15,113,113,176,0,5,12.8,météo idéale
2017-04-08,24,13,15,20,24,13,0,23,10,1015,0,24,0,16,113,113,113,0,5,12.8,météo favorable
2017-04-09,23,12,16,20,23,12,0,18,10,1014,0,24,0,15,113,113,113,0,5,12.8,météo favorable
2017-04-10,23,12,16,20,22,12,0,23,10,1011,0,23,0,15,113,113,113,0,5,12.8,météo favorable
2017-04-11,22,11,11,19,22,11,0,26,10,1013,0,23,0,16,113,113,113,0,4,12.8,météo favorable
2017-04-12,23,12,12,19,23,12,0,31,10,1014,0,24,0,15,113,113,113,0,5,12.8,météo favorable
2017-04-13,24,14,11,20,24,14,0.6,41,10,1015,4.125,24,4,15,113,113,113,0,5,12.9,météo favorable
2017-04-14,23,14,12,20,21,14,2.6,61,9.625,1015,4.875,24,8,15,113,113,356,0,5,12.9,météo favorable
2017-04-15,21,13,10,18,20,13,9.7,75,9.375,1013,10.5,24,10,14,176,356,113,0,4,12.9,météo correcte
2017-04-16,24,14,14,19,24,14,4.8,82,9.625,1015,6.625,25,12,15,113,386,356,0,5,12.9,météo correcte
2017-04-17,23,15,12,18,23,15,1.2,80,9.875,1016,14.25,25,13,15,113,113,176,0,5,12.9,météo favorable
2017-04-18,23,16,10,20,22,16,0,76,10,1014,29,25,13,17,113,113,116,0,5,12.9,météo favorable
2017-04-19,21,14,10,18,20,14,20.9,90,8.25,1011,31.5,21,15,15,116,359,359,0,5,13,météo très défavorable
2017-04-20,21,14,10,17,20,14,12.9,94,8.875,1010,27,24,14,15,356,356,356,0,5,13,météo correcte
2017-04-21,20,15,9,17,20,15,23.5,93,7.125,1010,39.75,21,15,16,116,359,359,0,4,13,météo très défavorable
2017-04-22,20,15,10,18,20,15,22.9,95,6,1011,39.375,20,15,15,356,359,356,0,4,13,météo très défavorable
2017-04-23,20,14,11,17,20,14,13.8,92,8.125,1011,24.75,20,14,15,353,356,356,0,4,13,météo défavorable
2017-04-24,21,14,12,18,21,14,7.4,87,9.25,1009,11.25,24,14,15,176,356,176,0,4,13,météo correcte
2017-04-25,24,16,15,21,24,16,0.1,57,10,1009,2.75,25,11,19,113,113,113,0,5,13,météo idéale
2017-04-26,24,14,15,21,24,14,0.2,46,10,1013,1.875,25,7,16,113,113,113,0,5,13.1,météo favorable
2017-04-27,24,15,14,21,23,15,0,37,10,1013,5.625,24,4,16,113,113,113,0,5,13.1,météo idéale
2017-04-28,24,15,13,20,23,15,0.2,44,9.875,1012,4.25,24,5,16,113,113,176,0,5,13.1,météo idéale
2017-04-29,24,14,14,21,23,14,3.3,65,9.625,1014,7.375,24,10,15,113,113,356,0,5,13.1,météo favorable
2017-04-30,24,14,12,21,24,14,1.3,53,9.875,1014,14.625,24,7,16,113,116,176,0,5,13.1,météo favorable
2017-05-01,20,12,9,20,19,12,1.6,57,9.875,1017,10.25,21,9,14,113,176,113,0,4,13.1,météo favorable
2017-05-02,22,14,12,19,22,14,0,57,10,1016,2.25,24,8,16,113,113,113,0,5,13.1,météo favorable
2017-05-03,23,14,12,20,22,14,4.6,75,9.5,1015,9.5,24,11,15,113,176,356,0,5,13.2,météo favorable
2017-05-04,23,14,13,20,23,14,7.8,73,9.125,1015,9.125,24,10,14,113,356,356,0,4,13.2,météo correcte
2017-05-05,24,15,12,21,24,15,6.8,71,9.375,1014,6,25,11,16,113,176,356,0,4,13.2,météo favorable
2017-05-06,23,15,13,20,23,15,11.1,76,9.125,1015,5.125,25,14,16,113,356,356,0,4,13.2,météo correcte
2017-05-07,24,15,12,22,24,15,4.4,87,9.625,1015,7.75,25,14,16,113,356,113,0,5,13.2,météo correcte
2017-05-08,23,15,11,20,23,15,12.4,85,9.25,1015,8.125,25,14,17,113,356,356,0,5,13.2,météo correcte
2017-05-09,22,14,12,20,22,14,3.4,83,9.375,1014,26.125,24,12,15,116,176,356,0,4,13.2,météo favorable
2017-05-10,21,14,10,19,21,14,5.6,84,9.5,1014,16,24,12,14,113,356,176,0,5,13.3,météo correcte
2017-05-11,21,15,10,19,21,15,14,91,9,1014,23.5,25,15,16,176,356,356,0,4,13.3,météo défavorable
2017-05-12,22,15,10,20,22,15,14.1,92,8.625,1015,17.75,25,15,16,176,359,356,0,5,13.3,météo défavorable
2017-05-13,22,15,11,20,22,15,8.8,89,9.125,1013,16,25,15,16,113,356,176,0,4,13.3,météo correcte
2017-05-14,22,15,10,20,22,15,10,90,9.125,1010,26.125,25,16,16,176,356,356,0,5,13.3,météo correcte
2017-05-15,22,15,11,20,22,15,19,88,8.75,1008,15.125,25,16,16,356,356,356,0,4,13.3,météo très défavorable
2017-05-16,22,16,12,20,21,16,15.6,91,8.5,1008,15,25,16,16,113,359,356,0,4,13.3,météo défavorable
2017-05-17,23,15,12,20,23,15,5.3,85,9.5,1009,14.625,25,15,16,176,113,356,0,5,13.3,météo favorable
2017-05-18,24,15,12,21,24,15,4.3,85,9.75,1010,6,25,14,16,113,176,176,0,5,13.3,météo favorable
2017-05-19,24,16,13,22,23,16,7.6,83,9.125,1010,11.5,25,16,17,113,356,356,0,4,13.4,météo correcte
2017-05-20,24,16,12,22,23,16,2.1,68,9.875,1010,5.5,25,14,17,113,113,176,0,5,13.4,météo idéale
2017-05-21,25,16,13,22,25,16,2.4,67,9.75,1009,5.125,26,13,18,113,176,176,0,5,13.4,météo favorable
2017-05-22,26,17,14,23,26,17,1.6,59,9.875,1010,4.125,26,12,19,113,113,176,0,5,13.4,météo idéale
2017-05-23,27,18,13,24,27,18,0.9,55,9.875,1011,4.5,28,11,20,113,113,176,0,6,13.4,météo idéale
2017-05-24,26,17,13,24,26,17,2.2,63,9.75,1012,4.125,27,12,18,113,176,113,0,5,13.4,météo favorable
2017-05-25,26,17,11,24,25,17,3.1,75,9.875,1010,8.5,26,15,18,113,113,176,0,6,13.4,météo favorable
2017-05-26,25,16,12,23,24,16,10,83,9.25,1010,16.5,26,15,17,113,356,356,0,5,13.4,météo correcte
2017-05-27,19,14,8,16,19,14,13.5,80,9.25,1011,54.75,20,14,15,299,293,176,0,4,12.1,météo défavorable
2017-05-28,22,15,10,19,22,15,9.4,88,9.125,1010,17.25,25,14,16,176,356,356,0,5,13.4,météo correcte
2017-05-29,24,15,10,21,24,15,4.8,82,9.5,1008,10.75,26,14,16,176,176,176,0,4,13.5,météo favorable
2017-05-30,24,15,12,21,24,15,9.3,94,9.25,1006,15.125,25,15,16,113,176,356,0,4,13.5,météo correcte
2017-05-31,23,15,12,20,23,15,6,89,9.375,1008,15.25,25,15,16,113,176,356,0,4,13.5,météo favorable
2017-06-01,24,16,11,20,24,16,9.7,89,9,1008,19.875,26,16,17,176,356,356,0,4,13.5,météo correcte
2017-06-02,25,16,13,23,24,16,5.3,73,9.625,1008,8.75,26,13,17,113,176,176,0,4,13.5,météo favorable
2017-06-03,25,17,11,22,25,17,0,69,10,1007,7,26,14,18,113,113,113,0,5,13.5,météo idéale
2017-06-04,28,18,12,24,28,18,1.6,82,9.875,1008,7.375,28,16,19,113,113,176,0,6,13.5,météo idéale
2017-06-05,24,17,11,22,24,17,48,91,6.125,1009,14.75,26,19,18,356,359,359,0,4,13.5,météo très défavorable
2017-06-06,21,16,10,19,20,16,15.5,91,8.375,1011,38.875,24,16,17,176,299,176,0,4,13.5,météo défavorable
2017-06-07,20,17,5,20,20,17,9.1,91,9.125,1010,62.5,21,16,17,293,356,356,0,4,10.9,météo correcte
2017-06-08,21,16,9,19,21,16,12.6,92,9,1009,28.375,24,16,17,299,356,356,0,4,13.5,météo correcte
2017-06-09,24,16,11,19,24,16,7.2,90,9.375,1009,13.625,26,17,16,113,176,356,0,4,13.5,météo favorable
2017-06-10,24,16,12,22,24,16,7.6,90,9.375,1008,16.75,26,17,17,113,176,356,0,4,13.5,météo favorable
2017-06-11,26,16,12,23,26,16,5.7,88,9.625,1007,9.5,27,16,17,113,176,176,0,5,13.5,météo favorable
2017-06-12,26,16,13,22,26,16,3.3,87,9.75,1006,9.375,27,15,17,113,113,176,0,4,13.5,météo favorable
2017-06-13,25,17,13,23,25,17,0,84,10,1007,12.25,26,15,18,113,113,113,0,5,13.5,météo idéale
2017-06-14,25,17,11,23,25,17,4.7,89,9.75,1009,14.75,26,17,18,113,176,176,0,5,13.9,météo favorable
2017-06-15,24,16,12,22,22,16,9.9,94,9.25,1009,20.375,26,17,17,113,356,356,0,5,13.9,météo correcte
2017-06-16,24,17,12,20,24,17,6.4,92,9.25,1009,19.5,26,16,17,176,176,356,0,4,13.9,météo favorable
2017-06-17,23,17,12,21,23,17,7.6,94,9.375,1007,29.625,25,17,17,113,176,356,0,4,13.9,météo favorable
2017-06-18,23,17,10,21,22,17,10.2,92,7.75,1005,32,25,17,17,176,356,356,0,4,13.9,météo correcte
2017-06-19,23,18,11,22,22,18,17.2,92,8.625,1005,40.5,25,18,18,113,356,359,0,4,13.9,météo très défavorable
2017-06-20,21,17,10,19,21,17,21.8,97,7.125,1005,64.875,24,18,18,353,356,359,0,4,12.2,météo très défavorable
2017-06-21,19,16,8,17,19,16,36.6,97,6.125,1005,71.875,20,17,17,308,176,353,0,4,11,météo très défavorable
2017-06-22,23,17,11,20,23,17,10.6,97,8,1008,38.375,25,18,18,176,356,356,0,4,13.9,météo correcte
2017-06-23,23,18,9,20,23,18,12.4,94,7,1007,39,25,18,18,176,356,356,0,4,13.3,météo correcte
2017-06-24,25,18,12,22,23,18,11.3,92,8.125,1006,31.125,26,18,19,113,356,356,0,4,13.3,météo correcte
2017-06-25,23,18,10,22,23,18,13.2,94,9,1007,35.875,25,18,19,176,356,356,0,4,13.9,météo défavorable
2017-06-26,24,19,10,22,23,19,22.1,96,5.75,1008,50.125,26,19,19,176,359,359,0,5,13.3,météo très défavorable
2017-06-27,23,18,8,21,23,18,22.3,96,6.625,1008,63,25,19,19,293,359,359,0,4,12.2,météo très défavorable
2017-06-28,23,18,8,21,23,18,18.1,95,8.25,1009,50.125,26,18,19,176,356,356,0,4,13.9,météo très défavorable
2017-06-29,24,19,9,20,24,19,10.5,95,8.25,1008,55.75,26,19,19,116,356,356,0,4,13.3,météo correcte
2017-06-30,23,19,9,21,22,19,22.4,97,6.5,1005,62.75,25,19,19,176,359,359,0,4,13.3,météo très défavorable
2017-07-01,21,18,9,20,21,18,28.1,98,6.25,1004,64.125,24,19,19,299,356,356,0,4,12.2,météo très défavorable
2017-07-02,22,18,9,19,22,18,26.3,98,4.625,1005,73.25,25,19,19,299,356,359,0,4,12.2,météo très défavorable
2017-07-03,22,19,9,20,21,19,29.6,98,5.5,1004,70.25,24,19,19,293,356,308,0,4,11,météo très défavorable
2017-07-04,20,18,8,20,20,18,23.7,98,5.125,1003,84.875,20,19,18,296,302,308,0,4,8.7,météo très défavorable
2017-07-05,21,18,10,19,20,18,15.5,98,5.5,1005,85.25,24,18,19,296,302,302,0,4,9.8,météo défavorable
2017-07-06,21,18,9,20,21,18,19.4,97,7.25,1007,69.875,24,18,19,293,356,353,0,4,13.3,météo très défavorable
2017-07-07,23,19,10,20,23,19,24.8,98,5.75,1007,72.25,25,19,19,353,356,356,0,4,12.2,météo très défavorable
2017-07-08,23,19,10,20,22,19,36,98,5.875,1007,73.75,25,20,19,293,359,359,0,4,11,météo très défavorable
2017-07-09,20,18,7,18,20,18,66.8,98,4.25,1007,99.125,20,18,19,308,302,308,0,4,8.7,météo très défavorable
2017-07-10,19,17,8,18,19,17,43.8,98,5.375,1008,93,20,18,18,299,302,296,0,4,8.7,météo très défavorable
2017-07-11,18,16,7,18,17,16,17.6,96,5.5,1009,71,19,17,17,293,305,302,0,4,12.2,météo très défavorable
2017-07-12,21,17,11,20,20,17,5.1,97,6.625,1009,67.375,24,18,17,353,356,263,0,4,13.3,météo défavorable
2017-07-13,22,17,10,20,22,17,9,98,7,1008,58.25,25,19,18,116,356,356,0,4,13.3,météo correcte
2017-07-14,23,18,10,21,22,18,14.2,98,6.25,1008,62.75,25,19,19,176,356,356,0,4,13.3,météo défavorable
2017-07-15,22,18,10,21,22,18,18.3,97,6.375,1008,70,25,19,19,353,356,356,0,4,12.2,météo très défavorable
2017-07-16,24,18,10,22,24,18,15,95,6.75,1007,44.875,26,19,19,176,356,356,0,5,13.8,météo défavorable
2017-07-17,26,18,10,23,26,18,8.7,90,9.25,1007,25.5,27,19,19,113,356,113,0,5,13.8,météo correcte
2017-07-18,26,19,10,23,25,19,17.4,92,7.875,1008,22.125,28,20,20,113,356,356,0,5,13.8,météo très défavorable
2017-07-19,24,19,10,23,23,19,17.7,93,7.625,1007,30.75,26,19,19,176,359,353,0,5,13.4,météo très défavorable
2017-07-20,23,19,9,22,23,19,13.1,93,8.25,1006,49.875,26,19,19,353,356,356,0,5,13.4,météo défavorable
2017-07-21,22,18,9,21,22,18,9,95,8.25,1008,52.75,25,19,19,116,353,356,0,4,13.3,météo correcte
2017-07-22,23,18,8,20,23,18,15,91,8.875,1008,45.625,25,18,19,356,353,356,0,4,13.4,météo défavorable
2017-07-23,22,18,9,21,22,18,16.9,97,7.5,1006,50.625,25,19,19,176,356,359,0,4,12,météo très défavorable
2017-07-24,22,18,9,21,21,18,15.8,96,7,1005,59.5,25,18,19,263,356,356,0,4,12,météo défavorable
2017-07-25,22,18,10,20,22,18,11.1,97,6.875,1005,60.5,25,19,19,353,353,248,0,4,9.6,météo correcte
2017-07-26,22,18,9,20,20,18,6.2,97,7.875,1008,57,25,19,18,176,353,353,0,4,10.8,météo correcte
2017-07-27,22,18,10,20,22,18,7.3,96,7.5,1010,51.875,25,19,19,176,356,353,0,4,13.3,météo correcte
2017-07-28,22,19,9,21,22,19,11.9,96,6.75,1011,59.375,25,19,19,176,356,356,0,4,12,météo correcte
2017-07-29,22,18,8,20,22,18,27.5,97,6.625,1010,72.125,24,19,19,356,356,359,0,4,10.8,météo très défavorable
2017-07-30,21,17,6,18,21,17,36.3,95,7.625,1010,62.75,21,18,18,305,299,353,0,4,13.3,météo très défavorable
2017-07-31,24,18,9,20,24,18,31.5,96,7.875,1009,49.125,26,19,19,353,176,356,0,4,13.3,météo très défavorable
2017-08-01,22,19,9,21,22,19,22,96,5.75,1008,49,25,20,19,176,359,359,0,4,12,météo très défavorable
2017-08-02,23,19,8,21,23,19,25.9,97,7,1007,52.25,25,19,19,356,356,359,0,4,13.2,météo très défavorable
2017-08-03,22,19,8,20,22,19,49.6,98,5.375,1005,62,25,19,19,305,356,356,0,4,12,météo très défavorable
2017-08-04,23,19,10,20,23,19,24.8,97,5,1005,64.25,25,20,20,356,356,359,0,5,10.8,météo très défavorable
2017-08-05,24,19,9,22,24,19,24.6,96,7,1007,36.125,27,20,20,353,356,356,0,5,13.2,météo très défavorable
2017-08-06,25,19,9,23,24,19,18.8,97,6.25,1008,48.125,27,20,20,356,356,356,0,5,13.2,météo très défavorable
2017-08-07,23,19,9,21,23,19,21.9,98,4.75,1010,68.25,25,20,19,353,356,356,0,5,10.7,météo très défavorable
2017-08-08,22,19,9,19,22,19,30.2,98,6.125,1009,75.375,25,20,19,299,356,356,0,4,10.7,météo très défavorable
2017-08-09,21,18,6,19,21,18,36.8,97,7.125,1009,79,24,19,19,299,356,356,0,4,8.2,météo très défavorable
2017-08-10,20,18,6,19,19,18,69,98,5.625,1005,76.125,20,18,18,305,299,302,0,4,9.5,météo très défavorable
2017-08-11,21,19,9,19,21,19,33.1,98,4.875,1004,75.875,24,19,19,305,356,356,0,4,9.5,météo très défavorable
2017-08-12,20,18,8,19,19,18,155.3,98,3.375,1006,80.875,20,19,18,305,308,308,0,4,8.2,météo très défavorable
2017-08-13,18,17,6,17,18,17,88,98,3.5,1010,96.375,18,18,17,308,308,296,0,4,8.2,météo très défavorable
2017-08-14,20,17,5,17,20,17,30.6,98,6.375,1012,75.875,21,18,17,305,116,119,0,4,10.7,météo très défavorable
2017-08-15,21,18,8,20,21,18,3.7,99,6.375,1010,66.125,24,19,19,116,353,356,0,4,12,météo défavorable
2017-08-16,22,19,9,20,22,19,9,98,7.375,1007,69.25,25,19,19,353,353,356,0,4,12,météo défavorable
2017-08-17,22,18,8,19,22,18,19.1,97,6.75,1007,61,25,19,19,356,353,356,0,4,12,météo très défavorable
2017-08-18,21,18,8,20,20,18,20.7,97,5.5,1010,66.75,24,19,19,353,356,308,0,4,12,météo très défavorable
2017-08-19,21,17,7,19,21,17,11.2,97,6,1012,67.75,24,19,18,302,356,263,0,4,12,météo défavorable
2017-08-20,22,18,8,19,21,18,11.5,98,5.5,1011,69.625,25,19,18,176,356,356,0,4,10.7,météo défavorable
2017-08-21,21,18,8,18,21,18,25.6,97,6.125,1010,77.25,24,19,18,299,356,356,0,4,9.4,météo très défavorable
2017-08-22,20,17,5,18,20,17,16.1,95,8.375,1010,61.5,21,18,18,299,293,353,0,4,10.7,météo très défavorable
2017-08-23,23,17,8,19,23,17,18.5,93,8.75,1011,32.25,26,19,18,299,356,176,0,4,13,météo très défavorable
2017-08-24,24,17,8,22,23,17,13.8,93,9.125,1010,32.25,26,18,18,176,356,356,0,5,12.9,météo défavorable
2017-08-25,24,17,9,19,24,17,13.7,94,7.75,1009,45.25,26,18,18,356,176,356,0,4,12.9,météo défavorable
2017-08-26,24,18,9,21,23,18,23.7,95,7.75,1007,33.375,26,19,19,176,359,359,0,4,12.9,météo très défavorable
2017-08-27,20,18,7,20,20,18,20.5,96,6.75,1009,55.25,21,19,18,356,299,299,0,4,11.9,météo très défavorable
2017-08-28,24,18,9,20,23,18,12.2,95,8.5,1011,55.5,26,18,18,293,176,353,0,4,12.9,météo correcte
2017-08-29,23,18,9,21,22,18,16.7,96,6.625,1011,50.25,25,19,18,353,356,353,0,4,12.9,météo très défavorable
2017-08-30,23,18,9,20,23,18,17.2,97,7.625,1012,47.125,25,19,18,176,356,359,0,4,12.9,météo très défavorable
2017-08-31,22,18,8,20,22,18,33.7,96,6.375,1011,51,25,19,18,293,356,356,0,4,12.8,météo très défavorable
2017-09-01,20,17,6,19,20,17,24.2,95,5.375,1010,60.5,21,18,18,299,299,299,0,4,10.6,météo très défavorable
2017-09-02,20,18,6,19,20,18,16.7,98,6.625,1008,60.5,21,18,18,263,293,356,0,4,10.6,météo très défavorable
2017-09-03,21,17,10,19,21,17,15.4,97,7.875,1011,45.625,24,18,18,176,356,356,0,4,12.8,météo défavorable
2017-09-04,22,18,9,20,22,18,14.3,97,7.125,1011,49.125,25,19,18,176,356,353,0,4,12.8,météo défavorable
2017-09-05,23,17,9,21,22,17,7.9,97,6.875,1011,47.375,25,18,18,116,356,356,0,4,12.8,météo correcte
2017-09-06,24,17,10,20,23,17,26.2,96,7,1012,40.5,26,18,17,353,356,356,0,4,12.7,météo très défavorable
2017-09-07,23,17,9,21,22,17,16.3,96,7.75,1012,30.875,26,18,17,176,356,356,0,4,12.7,météo très défavorable
2017-09-08,24,17,9,21,23,17,9.1,95,8.125,1013,25.25,26,18,18,176,356,143,0,4,12.7,météo correcte
2017-09-09,22,18,9,20,21,18,5.1,96,8.75,1011,40.75,25,18,18,116,176,353,0,4,11.9,météo favorable
2017-09-10,22,17,9,20,22,17,20.9,98,5.75,1014,57.375,25,19,17,176,356,359,0,4,12.7,météo très défavorable
2017-09-11,23,17,9,20,22,17,18.4,98,6,1014,46.625,25,18,18,176,356,356,0,4,12.7,météo très défavorable
2017-09-12,22,17,9,20,21,17,16.8,98,6.625,1014,50.75,25,18,18,353,356,356,0,4,12.6,météo très défavorable
2017-09-13,22,17,8,20,22,17,13.2,96,7.75,1014,35.875,25,18,17,176,356,356,0,4,12.6,météo défavorable
2017-09-14,22,17,9,20,21,17,6.2,97,7.5,1013,38.5,25,18,18,113,176,353,0,4,11.9,météo favorable
2017-09-15,22,18,9,20,22,18,2.9,96,8.625,1012,37.375,25,18,18,113,113,356,0,5,12.6,météo favorable
2017-09-16,25,18,9,22,23,18,8.1,95,8.25,1012,34.875,27,19,19,176,356,176,0,5,12.6,météo correcte
2017-09-17,25,18,10,23,24,18,29.2,90,7.375,1012,17.625,27,19,19,113,359,359,0,5,12.6,météo très défavorable
2017-09-18,21,17,8,20,21,17,9.1,97,8.75,1011,33.875,25,18,18,176,176,263,0,4,12.5,météo correcte
2017-09-19,24,17,8,20,24,17,6.8,90,9.5,1010,22.5,26,17,18,113,113,356,0,4,12.5,météo favorable
2017-09-20,20,17,7,20,19,17,11.1,97,6.5,1011,54.125,20,18,18,263,293,356,0,4,11.8,météo correcte
2017-09-21,19,17,4,17,19,17,18.2,94,8.875,1012,59.625,20,17,17,308,116,356,0,4,11.8,météo très défavorable
2017-09-22,19,16,5,18,19,16,7,91,9.375,1012,65.375,20,17,17,296,293,119,0,4,9.1,météo défavorable
2017-09-23,24,17,10,21,23,17,3.7,95,9.75,1014,25.25,26,18,18,113,176,353,0,4,11.6,météo favorable
2017-09-24,22,18,9,20,22,18,0.8,96,8.75,1013,39.25,25,18,18,116,116,353,0,4,11.6,météo favorable
2017-09-25,22,18,9,20,22,18,3.9,96,7.875,1011,36.25,25,18,18,113,176,353,0,4,11.6,météo favorable
2017-09-26,24,18,10,21,22,18,6,96,7.5,1012,39.75,26,18,18,113,176,353,0,4,11.6,météo favorable
2017-09-27,24,17,9,21,22,17,10.9,97,6.875,1013,45.25,26,18,18,116,356,356,0,4,11.6,météo correcte
2017-09-28,23,16,9,21,22,16,24.1,97,7.375,1013,38.25,26,18,17,176,356,356,0,4,11.6,météo très défavorable
2017-09-29,23,16,9,20,22,16,17.2,98,6.75,1013,42,25,17,17,176,356,356,0,4,11.6,météo très défavorable
2017-09-30,21,17,9,19,20,17,4.6,98,7.5,1015,52.5,24,17,17,176,353,356,0,4,10.2,météo correcte
2017-10-01,21,16,9,19,21,16,4.2,96,7.75,1015,41.125,25,17,17,113,176,353,0,4,11.6,météo favorable
2017-10-02,22,16,9,19,21,16,7.8,97,8.25,1013,31.625,25,17,17,116,356,356,0,5,10.2,météo correcte
2017-10-03,22,16,9,19,22,16,2.4,96,9,1014,30,25,17,17,113,113,353,0,5,11.6,météo favorable
2017-10-04,23,16,8,20,21,16,6.9,96,7.125,1015,29.125,25,17,17,113,356,356,0,4,11.6,météo correcte
2017-10-05,23,16,9,20,22,16,17.1,93,8.875,1015,15.25,25,17,17,113,356,356,0,4,11.6,météo très défavorable
2017-10-06,16,15,6,15,15,15,0,88,10,1015,13,17,15,16,113,113,113,0,5,11.6,météo correcte
2017-10-07,24,16,9,21,22,16,9.2,94,9.125,1015,18.75,26,17,16,113,356,356,0,4,11.6,météo correcte
2017-10-08,23,15,9,20,22,15,6.1,92,9.375,1015,15.75,26,16,16,113,176,356,0,4,11.6,météo favorable
2017-10-09,24,15,9,20,22,15,5.3,89,9.5,1014,9.5,26,15,16,113,176,356,0,5,11.4,météo favorable
2017-10-10,23,15,10,20,22,15,1.8,90,9.875,1014,11,25,15,16,113,113,176,0,5,11.4,météo favorable
2017-10-11,19,15,6,18,19,15,2.6,82,9.75,1013,14.125,20,15,16,176,113,113,0,4,8.7,météo favorable
2017-10-12,24,15,9,20,23,15,0.1,82,10,1013,5.625,26,14,16,113,113,113,0,5,8.7,météo idéale
2017-10-13,23,15,10,20,22,15,2.7,90,9.75,1011,10.25,25,15,16,113,176,176,0,5,8.7,météo favorable
2017-10-14,23,14,10,18,22,14,2.8,90,9.625,1011,19.25,25,15,15,113,176,176,0,4,8.7,météo favorable
2017-10-15,22,13,10,19,21,13,0,88,10,1012,11.5,25,13,14,113,113,113,0,5,8.7,météo favorable
2017-10-16,22,13,9,18,20,13,4,89,9.625,1013,10.375,25,13,14,113,176,176,0,4,8.7,météo favorable
2017-10-17,23,13,9,19,22,13,0,79,10,1013,9.5,25,12,14,113,113,113,0,5,8.7,météo favorable
2017-10-18,24,14,8,20,23,14,0,77,10,1015,5.5,26,12,15,113,113,113,0,5,8.7,météo favorable
2017-10-19,24,14,9,21,23,14,0,85,10,1016,6.5,25,14,15,113,113,113,0,5,8.7,météo favorable
2017-10-20,24,14,10,21,22,14,0.3,88,9.875,1015,10.625,25,14,15,113,113,176,0,5,8.7,météo favorable
2017-10-21,22,14,10,18,19,14,4.5,97,8.5,1012,20.75,25,15,15,113,176,356,0,5,7.2,météo favorable
2017-10-22,19,14,9,16,18,14,9.2,96,8.25,1012,29,20,15,15,176,356,176,0,4,8.7,météo correcte
2017-10-23,19,13,10,17,18,13,7,87,9.375,1014,8.125,20,12,13,113,176,176,0,3,8.7,météo favorable
2017-10-24,20,10,10,17,19,10,0,74,10,1017,3.125,24,8,11,113,113,113,0,4,8.7,météo favorable
2017-10-25,19,10,10,16,18,10,0,81,10,1019,4.875,23,8,10,113,113,113,0,4,8.7,météo favorable
2017-10-26,18,11,9,16,16,11,0.1,89,10,1020,21.25,19,10,12,113,116,116,0,4,8.7,météo favorable
2017-10-27,19,11,9,16,18,11,4.5,91,9.5,1019,11.625,20,12,12,113,176,356,0,4,8.7,météo favorable
2017-10-28,18,10,9,15,17,10,10.3,89,8.875,1020,7,19,10,10,113,356,356,0,3,8.7,météo correcte
2017-10-29,18,9,9,15,18,9,3.9,79,9.625,1022,7.375,19,8,9,113,113,356,0,4,8.7,météo favorable
2017-10-30,19,8,8,14,17,8,1.6,79,9.875,1021,9,20,7,8,113,113,113,0,3,8.7,météo favorable
2017-10-31,16,10,9,14,14,10,0.6,95,8.875,1018,24,16,11,10,113,176,116,0,4,8.7,météo correcte
2017-11-01,17,10,8,13,16,10,0.2,93,10,1020,24.75,18,11,11,113,116,116,0,4,8.7,météo correcte
2017-11-02,19,10,9,15,17,10,0,90,10,1019,15.125,20,10,11,113,113,113,0,4,8.7,météo favorable
2017-11-03,20,10,8,16,19,10,0,78,10,1020,5,24,9,11,113,113,113,0,4,8.7,météo favorable
2017-11-04,21,10,9,17,19,10,0,73,10,1021,5.25,24,8,10,113,113,113,0,4,8.7,météo favorable
2017-11-05,20,10,8,16,18,10,0,72,10,1021,8.125,24,7,10,113,113,113,0,4,8.7,météo favorable
2017-11-06,19,10,9,16,19,10,0,80,10,1019,5.125,21,9,11,113,113,113,0,4,8.7,météo favorable
2017-11-07,20,11,9,17,19,11,0,86,10,1019,7.875,21,10,11,113,113,113,0,4,8.7,météo favorable
2017-11-08,19,10,9,16,18,10,0,78,10,1020,5,21,8,10,113,113,113,0,4,8.7,météo favorable
2017-11-09,19,9,9,16,18,9,0,74,10,1018,3.75,21,7,9,113,113,113,0,4,8.7,météo favorable
2017-11-10,19,9,9,15,18,9,0,73,10,1019,2.5,23,7,10,113,113,113,0,4,8.7,météo favorable
2017-11-11,20,10,9,16,18,10,0,80,10,1019,3.5,24,9,10,113,113,113,0,4,8.7,météo favorable
2017-11-12,19,10,10,16,18,10,0,81,10,1017,5.25,21,9,11,113,113,113,0,4,8.7,météo favorable
2017-11-13,19,11,9,15,17,11,0,88,10,1016,10.375,20,11,11,113,113,113,0,4,8.7,météo favorable
2017-11-14,20,12,8,16,19,12,0,80,10,1018,5.125,24,9,13,113,113,113,0,4,8.7,météo favorable
2017-11-15,20,10,9,16,19,10,0,68,10,1018,1.875,24,8,12,113,113,113,0,4,8.7,météo favorable
2017-11-16,17,10,8,15,16,10,0,75,10,1019,19,18,8,12,116,116,113,0,4,8.7,météo correcte
2017-11-17,20,10,8,16,19,10,0,64,10,1019,0,23,8,12,113,113,113,0,4,8.7,météo favorable
2017-11-18,19,9,10,16,19,9,0,59,10,1019,0,23,5,10,113,113,113,0,4,8.7,météo favorable
2017-11-19,20,9,11,15,19,9,0,40,10,1019,0,22,0,9,113,113,113,0,4,8.7,météo favorable
2017-11-20,20,9,9,15,18,9,0,55,10,1019,0.125,22,4,10,113,113,113,0,4,8.7,météo favorable
2017-11-21,18,8,9,15,17,8,0,69,10,1017,0.625,21,5,10,113,113,113,0,4,8.7,météo favorable
2017-11-22,18,7,9,14,16,7,0,69,10,1016,1.25,20,5,8,113,113,113,0,4,8.7,météo favorable
2017-11-23,17,7,9,13,16,7,0,69,10,1016,2.375,20,4,7,113,113,113,0,3,8.7,météo correcte
2017-11-24,16,7,9,13,15,7,0,78,10,1017,2.875,19,5,7,113,113,113,0,3,8.7,météo correcte
2017-11-25,17,8,8,13,16,8,0,88,10,1019,10.875,18,8,8,113,113,113,0,4,8.7,météo correcte
2017-11-26,17,8,9,14,16,8,0,80,10,1019,9.375,19,7,8,113,113,113,0,4,8.7,météo correcte
2017-11-27,15,8,10,13,14,8,0,88,10,1017,15.5,16,7,8,113,113,116,0,3,8.7,météo correcte
2017-11-28,15,8,9,11,13,8,0.1,89,10,1017,23.125,16,7,8,113,116,116,0,3,8.7,météo correcte
2017-11-29,14,6,9,11,14,6,0,88,10,1019,12.625,15,6,6,113,113,113,0,3,8.7,météo correcte
2017-11-30,15,6,10,12,14,6,0,87,10,1018,10,16,6,6,113,113,113,0,3,8.7,météo correcte
2017-12-01,16,7,9,12,15,7,0,85,10,1018,7.25,17,6,7,113,113,113,0,3,8.7,météo correcte
2017-12-02,16,7,9,13,16,7,0,77,10,1019,4.125,18,6,8,113,113,113,0,3,8.7,météo correcte
2017-12-03,17,8,9,13,16,8,0,79,10,1018,7.625,18,6,9,113,113,113,0,4,8.7,météo correcte
2017-12-04,17,8,9,13,16,8,0,76,10,1017,19.125,19,6,10,116,113,113,0,4,8.7,météo correcte
2017-12-05,17,9,8,13,16,9,0,67,10,1018,13.5,18,6,9,116,113,113,0,4,8.7,météo correcte
2017-12-06,18,9,9,14,18,9,0,73,10,1017,17.75,19,7,10,116,113,113,0,4,8.7,météo favorable
2017-12-07,19,9,9,15,18,9,0,80,10,1018,4.875,21,8,11,113,113,113,0,4,8.7,météo favorable
2017-12-08,19,10,9,14,18,10,0,81,10,1018,3.125,24,8,11,113,113,113,0,4,8.7,météo favorable
2017-12-09,19,10,9,14,18,10,0,78,10,1019,3.5,21,8,11,113,113,113,0,4,8.7,météo favorable
2017-12-10,19,10,8,15,18,10,0,76,10,1019,2.375,24,8,11,113,113,113,0,4,8.7,météo favorable
2017-12-11,18,9,9,15,18,9,0,69,10,1019,1.375,21,9,11,113,113,113,0,4,8.7,météo favorable
2017-12-12,18,8,10,14,17,8,0,42,10,1019,0,22,0,8,113,113,113,0,4,8.7,météo favorable
2017-12-13,18,8,10,13,17,8,0,47,10,1019,0.75,20,0,8,113,113,113,0,4,8.7,météo favorable
2017-12-14,19,7,11,13,17,7,0,33,10,1021,0,22,0,7,113,113,113,0,4,8.7,météo favorable
2017-12-15,18,7,10,13,17,7,0,32,10,1022,0,22,0,7,113,113,113,0,4,8.7,météo favorable
2017-12-16,18,7,9,13,17,7,0,41,10,1023,0.5,21,0,8,113,113,113,0,3,8.7,météo favorable
2017-12-17,17,6,9,12,16,6,0,50,10,1023,0,20,0,8,113,113,113,0,3,8.7,météo correcte
2017-12-18,17,7,8,12,16,7,0,65,10,1023,3.75,19,5,9,113,113,113,0,3,8.7,météo correcte
2017-12-19,17,9,9,12,16,9,0,84,10,1023,28.875,18,7,10,119,113,113,0,4,8.7,météo correcte
2017-12-20,17,9,9,13,16,9,0,83,10,1023,14.375,18,8,10,113,113,113,0,4,8.7,météo correcte
2017-12-21,17,9,10,13,17,9,0,76,10,1023,4.875,19,7,9,113,113,113,0,4,8.7,météo correcte
2017-12-22,17,9,10,13,16,9,0,75,10,1020,4.25,18,6,10,113,113,113,0,4,8.7,météo correcte
2017-12-23,16,8,9,12,16,8,0,76,10,1018,6.625,17,6,10,113,113,113,0,4,8.7,météo correcte
2017-12-24,16,7,10,12,15,7,0,62,10,1019,15.625,16,4,7,116,113,113,0,3,8.7,météo correcte
2017-12-25,15,5,10,10,14,5,0,51,10,1019,0.5,18,0,6,113,113,113,0,3,8.7,météo correcte
2017-12-26,16,6,9,11,15,6,0,44,10,1021,0.375,20,0,7,113,113,113,0,3,8.7,météo correcte
2017-12-27,17,7,8,12,16,7,0,51,10,1021,0.5,20,2,9,113,113,113,0,3,8.7,météo correcte
2017-12-28,17,7,9,13,17,7,0,49,10,1020,3.875,18,0,9,113,113,113,0,4,8.7,météo correcte
2017-12-29,17,7,9,12,17,7,0,41,10,1021,0,21,0,8,113,113,113,0,4,8.7,météo correcte
2017-12-30,17,6,10,12,16,6,0,34,10,1022,0.5,21,0,6,113,113,113,0,3,8.7,météo correcte
2017-12-31,17,6,10,11,15,6,0,38,10,1020,3.5,21,0,4,113,113,113,0,3,8.7,météo correcte
2018-01-01,14,4,10,10,14,4,0,39,10,1017,21.375,16,0,4,116,113,113,0,3,8.7,météo correcte
2018-01-02,13,3,10,8,12,3,0,60,10,1017,1.375,15,0,2,113,113,113,0,3,8.7,météo correcte
2018-01-03,13,3,8,8,13,3,0,43,10,1017,0,17,0,4,113,113,113,0,3,8.7,météo correcte
2018-01-04,13,3,9,9,12,3,0,51,10,1017,0,16,0,3,113,113,113,0,3,8.7,météo correcte
2018-01-05,12,2,9,8,11,2,0,48,10,1016,0,15,0,2,113,113,113,0,3,8.7,météo très défavorable
2018-01-06,12,1,9,7,11,1,0,36,10,1013,0,15,0,1,113,113,113,0,2,8.7,météo très défavorable
2018-01-07,11,0,9,6,10,0,0,60,10,1015,0,15,0,2,113,113,113,0,2,8.7,météo très défavorable
2018-01-08,11,2,9,6,11,2,0,60,10,1018,0,14,0,4,113,113,113,0,2,8.7,météo très défavorable
2018-01-09,14,4,9,8,13,4,0,71,10,1018,0.5,17,2,6,113,113,113,0,3,8.7,météo correcte
2018-01-10,14,4,9,9,14,4,0,72,10,1019,0.5,17,3,7,113,113,113,0,3,8.7,météo correcte
2018-01-11,15,5,9,10,14,5,0,75,10,1018,1,18,4,8,113,113,113,0,3,8.7,météo correcte
2018-01-12,15,5,9,10,14,5,0,78,10,1017,2.375,16,3,6,113,113,113,0,3,8.7,météo correcte
2018-01-13,15,4,10,10,14,4,0,78,10,1017,9.625,17,3,5,113,113,113,0,3,8.7,météo correcte
2018-01-14,13,4,10,8,13,4,0,78,10,1017,3.75,14,2,5,113,113,113,0,3,8.7,météo correcte
2018-01-15,13,5,9,9,13,5,0,77,10,1016,4.5,15,3,6,113,113,113,0,3,8.7,météo correcte
2018-01-16,14,6,9,9,14,6,0,87,10,1017,8.375,15,6,7,113,113,113,0,3,8.7,météo correcte
2018-01-17,16,7,10,11,16,7,0,75,10,1017,3.5,17,5,7,113,113,113,0,3,8.7,météo correcte
2018-01-18,16,6,9,11,15,6,0,80,10,1017,2.375,18,5,7,113,113,113,0,3,8.7,météo correcte
2018-01-19,16,6,9,11,16,6,0,81,10,1017,3.25,17,6,7,113,113,113,0,3,8.7,météo correcte
2018-01-20,16,5,10,11,15,5,0,79,10,1016,3,18,6,7,113,113,113,0,3,8.7,météo correcte
2018-01-21,15,6,10,9,15,6,0,89,10,1017,11.375,16,6,6,113,113,113,0,3,8.7,météo correcte
2018-01-22,16,7,10,11,16,7,0,82,10,1015,8.25,17,7,8,113,113,113,0,3,8.7,météo correcte
2018-01-23,17,8,10,12,16,8,0.5,79,10,1015,5,19,7,10,113,113,113,0,4,8.7,météo correcte
2018-01-24,10,4,9,9,10,4,1.9,69,9.875,1014,20.125,11,5,2,116,176,113,0,3,8.7,météo très défavorable
2018-01-25,13,4,11,8,13,4,0,74,10,1014,3,15,2,3,113,113,113,0,3,8.7,météo correcte
2018-01-26,12,3,10,8,12,3,0,65,10,1015,0.75,15,0,3,113,113,113,0,3,8.7,météo très défavorable
2018-01-27,11,3,10,7,10,3,0,82,10,1013,6.125,14,2,1,113,113,113,0,3,8.7,météo très défavorable
2018-01-28,12,3,10,7,12,3,0,83,10,1016,6.625,13,2,3,113,113,113,0,3,8.7,météo très défavorable
2018-01-29,14,4,10,8,14,4,0,78,10,1016,4.25,16,3,5,113,113,113,0,3,8.7,météo correcte
2018-01-30,15,6,9,9,15,6,0,85,10,1015,7.25,16,6,6,113,113,113,0,3,8.7,météo correcte
2018-01-31,15,6,9,9,15,6,0.1,78,10,1017,9.5,16,6,7,113,113,113,0,3,8.7,météo correcte
2018-02-01,16,7,11,10,16,7,0,78,10,1016,8.25,17,6,7,113,113,113,0,3,8.7,météo correcte
2018-02-02,16,9,11,11,16,9,0.2,90,9.875,1017,11.875,17,8,10,113,113,176,0,4,8.7,météo correcte
2018-02-03,14,7,10,11,14,7,2.2,84,9.75,1018,11.875,15,7,7,113,113,176,0,2,8.7,météo correcte
2018-02-04,17,8,12,11,17,8,0,49,10,1017,0,20,2,9,113,113,113,0,3,8.7,météo correcte
2018-02-05,18,9,10,13,18,9,0,55,10,1021,4.375,21,3,9,113,113,113,0,4,8.7,météo favorable
2018-02-06,19,9,10,14,18,9,0,52,10,1020,22.125,20,2,9,113,116,113,0,4,8.7,météo favorable
2018-02-07,18,10,9,14,16,10,0.1,44,10,1016,52.75,19,0,10,116,116,119,0,4,7.2,météo favorable
2018-02-08,17,7,12,12,17,7,0,37,10,1016,7.875,20,0,6,113,113,113,0,4,8.7,météo correcte
2018-02-09,17,6,11,11,16,6,0,38,10,1017,18.5,18,0,5,116,113,113,0,3,8.7,météo correcte
2018-02-10,17,7,12,11,16,7,0,36,10,1021,5.75,20,0,6,113,113,113,0,3,8.7,météo correcte
2018-02-11,17,8,9,12,16,8,0,39,10,1023,17.625,18,0,6,113,113,116,0,4,8.7,météo correcte
2018-02-12,15,8,9,12,15,8,0,41,10,1025,50.625,16,0,7,116,116,116,0,4,8.7,météo correcte
2018-02-13,16,8,10,10,16,8,0.8,56,9.375,1024,39.75,17,2,7,263,116,113,0,2,8.7,météo correcte
2018-02-14,17,6,11,11,16,6,0,42,10,1023,1.625,20,0,7,113,113,113,0,3,8.7,météo correcte
2018-02-15,18,8,10,14,18,8,0,74,10,1023,2.5,21,6,8,113,113,113,0,4,8.7,météo favorable
2018-02-16,17,8,11,14,17,8,0.3,74,10,1022,5.75,18,6,8,113,113,113,0,4,8.7,météo correcte
2018-02-17,17,7,12,12,16,7,3.6,88,8.625,1016,15.875,19,6,7,113,113,356,0,4,8.7,météo correcte
2018-02-18,16,8,12,11,15,8,1.2,82,9.875,1016,12.625,18,6,9,113,113,113,0,2,8.7,météo correcte
2018-02-19,17,8,11,13,16,8,0,65,10,1017,7.5,19,4,8,113,113,113,0,4,8.7,météo correcte
2018-02-20,17,9,11,13,17,9,0,68,10,1018,7.125,18,4,10,113,113,113,0,4,8.7,météo correcte
2018-02-21,17,9,11,12,17,9,0,68,10,1016,8.625,18,4,10,113,113,113,0,4,8.7,météo correcte
2018-02-22,16,8,10,12,15,8,1.3,73,10,1015,9.75,17,6,7,113,386,113,0,4,8.7,météo correcte
2018-02-23,16,9,8,12,14,9,0,74,10,1016,14.75,17,7,9,113,116,113,0,4,11.6,météo correcte
2018-02-24,18,9,11,14,18,9,4,70,9.625,1020,6.25,19,7,9,113,113,356,0,4,11.6,météo favorable
2018-02-25,18,9,10,15,18,9,1.8,63,9.875,1020,13.125,19,5,8,113,116,176,0,4,11.6,météo favorable
2018-02-26,18,10,11,13,18,10,0.8,63,10,1016,7.75,19,6,11,113,113,113,0,4,11.6,météo favorable
2018-02-27,18,11,10,14,17,11,0,84,10,1017,15.375,18,10,12,113,113,113,0,4,11.6,météo favorable
2018-02-28,17,10,10,13,17,10,2.6,92,9.75,1018,21.75,18,11,12,113,176,176,0,4,11.6,météo correcte
2018-03-01,18,10,10,15,17,10,9.7,90,9.125,1015,14.5,18,10,11,176,356,356,0,4,11.6,météo correcte
2018-03-02,18,10,11,15,18,10,10.5,75,9.25,1014,8.75,19,8,10,113,356,356,0,4,11.6,météo correcte
2018-03-03,20,11,12,15,20,11,1.2,69,9.875,1012,8,21,7,11,113,113,176,0,4,11.6,météo favorable
2018-03-04,21,11,12,16,20,11,3.2,65,9.625,1015,7.75,23,7,11,113,113,356,0,4,11.6,météo favorable
2018-03-05,20,9,12,15,19,9,3.2,55,9.625,1016,8.75,21,3,9,113,113,356,0,4,11.6,météo favorable
2018-03-06,19,10,11,14,18,10,0.2,41,10,1016,1.25,22,1,11,113,113,113,0,4,11.6,météo favorable
2018-03-07,19,10,12,16,19,10,0,54,10,1018,1,22,5,11,113,113,113,0,4,11.6,météo favorable
2018-03-08,20,10,12,15,19,10,0.7,55,10,1020,1.5,23,5,10,113,113,113,0,4,11.6,météo favorable
2018-03-09,20,10,12,16,19,10,0,34,10,1018,0,23,1,11,113,113,113,0,4,11.6,météo favorable
2018-03-10,20,11,12,16,19,11,0,43,10,1017,1.25,22,3,11,113,113,113,0,4,11.6,météo favorable
2018-03-11,19,12,10,15,19,12,0,49,10,1017,4.125,20,3,12,113,113,113,0,4,11.6,météo favorable
2018-03-12,19,11,12,16,18,11,1.8,63,9.875,1017,6.625,20,5,11,113,113,176,0,4,11.6,météo favorable
2018-03-13,20,11,11,15,20,11,0,57,10,1016,4.875,21,6,12,113,113,113,0,4,11.6,météo favorable
2018-03-14,21,13,11,17,21,13,0,56,10,1016,6.25,24,7,14,113,113,113,0,4,11.6,météo favorable
2018-03-15,19,11,7,17,15,11,2.2,62,9.875,1015,17.75,20,7,11,116,176,113,0,4,11.6,météo favorable
2018-03-16,20,10,14,16,20,10,0.2,50,10,1013,5.625,22,4,11,113,113,113,0,4,11.6,météo favorable
2018-03-17,20,11,12,15,19,11,0.1,37,10,1016,2.125,22,1,13,113,113,113,0,4,11.6,météo favorable
2018-03-18,21,11,12,16,20,11,0,39,10,1018,0.25,23,4,13,113,113,113,0,4,11.6,météo favorable
2018-03-19,22,12,10,18,22,12,0,41,10,1020,0.375,23,5,14,113,113,113,0,4,11.6,météo favorable
2018-03-20,22,13,12,19,22,13,0,42,10,1016,1.25,23,4,14,113,113,113,0,5,11.6,météo favorable
2018-03-21,23,13,12,18,23,13,0,35,10,1016,0.25,24,3,15,113,113,113,0,5,11.6,météo favorable
2018-03-22,23,14,13,18,22,14,0.1,31,10,1015,4.5,24,1,14,113,113,113,0,5,11.6,météo favorable
2018-03-23,22,14,13,19,22,14,0,31,10,1017,0,23,1,16,113,113,113,0,5,11.6,météo favorable
2018-03-24,23,13,12,19,23,13,0,39,10,1019,0.875,24,3,15,113,113,113,0,5,11.6,météo favorable
2018-03-25,22,13,12,20,22,13,0,39,10,1019,0.25,23,2,14,113,113,113,0,5,11.6,météo favorable
2018-03-26,22,12,12,19,22,12,0.3,36,10,1018,2,23,2,13,113,113,113,0,5,11.6,météo favorable
2018-03-27,24,14,13,20,24,14,0,40,10,1017,0.875,24,4,16,113,113,113,0,5,12.6,météo favorable
2018-03-28,23,13,12,19,21,13,8.6,68,9.25,1015,5.875,24,9,14,113,113,356,0,5,12.6,météo correcte
2018-03-29,22,13,11,18,20,13,1.4,56,9.875,1015,5.625,24,7,13,113,113,113,0,4,12.6,météo favorable
2018-03-30,21,12,13,18,21,12,2,58,9.875,1018,28.375,22,5,12,113,113,353,0,4,12.6,météo favorable
2018-03-31,16,11,7,14,16,11,5,63,9.875,1017,31.75,17,6,11,353,176,113,0,3,12.7,météo correcte
2018-04-01,21,12,6,15,20,12,0.1,53,10,1017,17.5,23,7,14,113,113,113,0,3,12.7,météo favorable
2018-04-02,24,15,11,18,22,15,0,57,10,1018,10.5,25,8,16,113,113,113,0,5,12.7,météo idéale
2018-04-03,22,14,9,19,20,14,5.2,75,9.5,1016,17.75,24,10,15,113,176,356,0,5,12.7,météo favorable
2018-04-04,20,13,9,16,17,13,15.6,82,8.75,1014,26.75,20,11,13,356,356,356,0,3,12.7,météo défavorable
2018-04-05,17,12,7,14,17,12,8.3,80,9.125,1012,25.5,18,10,12,299,176,176,0,3,12.7,météo correcte
2018-04-06,20,13,12,17,19,13,4.3,80,9.625,1016,21.125,20,11,14,176,116,176,0,3,12.7,météo favorable
2018-04-07,21,14,10,18,21,14,9.8,71,9.25,1017,10.25,24,11,15,176,356,176,0,4,12.8,météo correcte
2018-04-08,22,14,10,18,22,14,3.4,67,9.75,1018,8.375,24,9,15,113,113,176,0,4,12.8,météo favorable
2018-04-09,21,14,11,18,20,14,5.4,74,9.625,1018,11.75,24,10,15,113,113,356,0,5,12.8,météo favorable
2018-04-10,21,14,11,18,20,14,5.3,81,9.75,1016,24.625,24,12,15,113,176,353,0,4,12.8,météo favorable
2018-04-11,19,13,11,17,18,13,8.2,80,8.5,1014,24,19,11,14,113,356,356,0,3,12.8,météo correcte
2018-04-12,20,12,9,19,18,12,0.6,77,9.875,1014,20.25,21,10,12,113,176,113,0,4,12.8,météo favorable
2018-04-13,22,15,13,19,22,15,0.2,40,10,1015,3.25,23,5,16,113,113,113,0,5,12.9,météo favorable
2018-04-14,23,14,12,20,23,14,0,39,10,1014,2.625,24,4,15,113,113,113,0,5,12.9,météo favorable
2018-04-15,23,16,11,20,23,16,0,45,10,1015,2.875,24,6,17,113,113,113,0,5,12.9,météo favorable
2018-04-16,23,16,10,20,21,16,1.1,60,9.875,1016,8.25,24,9,17,113,113,176,0,5,12.9,météo favorable
2018-04-17,22,14,9,20,19,14,9.8,80,9,1015,13.5,24,13,15,176,386,356,0,4,12.9,météo correcte
2018-04-18,23,14,10,19,20,14,6.4,85,9.5,1014,15,24,13,14,113,176,356,0,5,12.9,météo favorable
2018-04-19,22,14,10,19,20,14,5.9,81,9.5,1011,18,24,12,15,113,176,356,0,5,13,météo favorable
2018-04-20,23,15,13,20,22,15,4.4,59,9.5,1012,7.75,25,11,16,113,356,113,0,4,13,météo correcte
2018-04-21,25,17,14,22,25,17,0,43,10,1012,2.875,26,7,19,113,113,113,0,5,13,météo idéale
2018-04-22,25,15,13,22,25,15,0,29,10,1014,0,25,2,18,113,113,113,0,5,13,météo idéale
2018-04-23,24,15,12,22,24,15,0,31,10,1015,0,25,3,17,113,113,113,0,5,13,météo idéale
2018-04-24,23,16,12,20,23,16,0.7,46,10,1014,2.875,24,5,17,113,113,113,0,5,13,météo favorable
2018-04-25,23,15,10,20,21,15,1.4,59,9.875,1012,10.125,24,8,15,113,113,176,0,5,13,météo favorable
2018-04-26,20,14,10,19,19,14,18.5,82,8.125,1013,17.875,21,13,15,176,359,359,0,5,13.1,météo très défavorable
2018-04-27,22,14,10,18,22,14,11.1,79,9.125,1015,22.375,24,11,15,356,386,356,0,4,13.1,météo correcte
2018-04-28,18,13,6,17,17,13,7.6,76,9.375,1015,26.875,18,11,13,176,299,176,0,3,13.1,météo correcte
2018-04-29,20,14,10,18,20,14,20.1,84,8.375,1013,28.25,21,12,15,356,356,356,0,4,13.1,météo très défavorable
2018-04-30,19,13,12,14,19,13,27.3,88,7.75,1013,41.25,20,13,14,299,359,356,0,3,13.1,météo très défavorable
2018-05-01,21,14,12,18,19,14,14.5,87,8.875,1014,26.125,24,13,15,176,356,356,0,4,13.1,météo défavorable
2018-05-02,21,15,10,18,20,15,22.8,87,8,1015,26.5,21,13,15,356,359,356,0,4,13.1,météo très défavorable
2018-05-03,18,13,8,14,17,13,32.2,90,7.375,1016,45,18,13,14,305,359,356,0,3,13.2,météo très défavorable
2018-05-04,19,13,9,16,18,13,9.6,93,9,1014,33.5,20,13,14,176,356,176,0,3,13.2,météo correcte
2018-05-05,20,15,10,17,19,15,6.4,90,9.5,1013,33.75,20,14,15,113,353,356,0,4,13.2,météo correcte
2018-05-06,20,15,10,19,20,15,11.7,90,9,1013,33,21,15,16,176,356,356,0,4,13.2,météo correcte
2018-05-07,22,15,11,21,22,15,11.5,82,9.125,1011,13.875,25,15,16,113,356,356,0,4,13.2,météo correcte
2018-05-08,25,17,14,22,25,17,0.3,62,10,1012,4,26,13,18,113,113,113,0,5,13.2,météo idéale
2018-05-09,25,16,14,22,24,16,0.5,46,10,1015,7.625,25,7,18,113,113,113,0,5,13.2,météo idéale
2018-05-10,24,15,15,21,23,15,1.4,54,9.875,1015,5.375,24,8,16,176,113,113,0,5,13.3,météo idéale
2018-05-11,23,15,12,21,23,15,1.4,72,9.875,1014,6.875,25,13,16,113,176,113,0,5,13.3,météo favorable
2018-05-12,22,16,10,18,20,16,0,87,10,1014,33.375,25,15,16,113,116,116,0,5,13.3,météo favorable
2018-05-13,20,15,9,17,20,15,13.8,92,7.25,1013,48.375,20,15,16,263,356,356,0,4,13.3,météo défavorable
2018-05-14,17,13,7,15,16,13,26,92,8.125,1014,45.25,18,14,13,299,299,305,0,3,13.3,météo très défavorable
2018-05-15,18,13,8,15,18,13,4.2,88,9.75,1011,30.75,19,12,14,176,353,176,0,4,13.3,météo correcte
2018-05-16,20,15,10,17,19,15,14.3,94,7.625,1010,34.75,21,15,16,176,359,356,0,5,13.3,météo défavorable
2018-05-17,19,15,8,16,19,15,16.1,88,8.625,1011,34.25,20,14,15,305,116,353,0,4,13.3,météo très défavorable
2018-05-18,21,15,9,16,21,15,8.9,90,9.125,1010,33,24,14,16,356,356,116,0,4,13.3,météo correcte
2018-05-19,21,15,9,18,21,15,6.8,88,9.25,1010,22.375,25,15,16,176,356,176,0,4,13.4,météo correcte
2018-05-20,22,17,9,20,22,17,6.7,88,9.5,1010,29.75,25,16,18,113,356,176,0,5,13.4,météo correcte
2018-05-21,22,18,9,21,21,18,5.3,91,9.5,1011,32.375,25,17,18,113,353,356,0,4,13.4,météo correcte
2018-05-22,24,18,10,21,24,18,11.2,91,8.875,1011,30.625,26,17,18,176,359,353,0,4,13.4,météo correcte
2018-05-23,25,17,10,21,24,17,22.3,90,8,1012,27.625,26,17,18,356,359,356,0,4,13.4,météo très défavorable
2018-05-24,23,17,10,20,23,17,16.2,93,8.75,1009,24.125,25,16,18,176,356,356,0,4,13.4,météo très défavorable
2018-05-25,25,18,11,22,25,18,10.4,89,9.125,1009,23.75,26,17,18,113,356,356,0,4,13.4,météo correcte
2018-05-26,25,18,12,23,25,18,10.1,84,8.875,1010,10,26,16,19,113,356,356,0,5,13.4,météo correcte
2018-05-27,26,17,12,23,25,17,7,83,9.625,1010,7.125,27,15,18,113,113,356,0,6,13.4,météo favorable
2018-05-28,25,16,10,22,23,16,2,79,9.875,1009,9.25,26,13,17,113,386,176,0,5,13.4,météo correcte
2018-05-29,24,15,10,20,21,15,6.8,88,9.5,1009,16.875,25,14,16,113,176,356,0,5,13.4,météo favorable
2018-05-30,23,16,9,19,23,16,4.3,83,9.375,1009,20.625,25,14,17,113,176,176,0,4,13.5,météo favorable
2018-05-31,24,16,10,22,24,16,5.4,80,9.25,1012,14.875,26,15,17,113,356,356,0,5,13.5,météo correcte
2018-06-01,23,17,12,22,23,17,6.3,85,9.375,1013,23.5,25,15,17,113,356,176,0,4,13.5,météo correcte
2018-06-02,23,16,11,20,23,16,6.6,85,9.375,1013,24.75,25,14,17,113,356,176,0,4,13.5,météo correcte
2018-06-03,23,16,11,22,22,16,9.7,87,9.125,1010,23.125,25,16,17,113,356,356,0,4,13.5,météo correcte
2018-06-04,23,18,10,21,23,18,17.3,90,8.5,1009,31,25,17,18,356,356,356,0,4,13.5,météo très défavorable
2018-06-05,25,18,8,21,25,18,33.6,81,7.5,1012,28.5,27,17,19,359,356,356,0,5,13.5,météo très défavorable
2018-06-06,26,19,10,23,26,19,18.9,85,8.75,1013,22.375,27,17,20,176,356,356,0,5,13.5,météo très défavorable
2018-06-07,24,19,10,23,24,19,15.2,87,8.75,1009,27.75,26,18,19,176,356,356,0,5,13.5,météo défavorable
2018-06-08,22,18,8,21,22,18,15.6,91,8.875,1006,42.875,25,17,18,356,356,353,0,4,13.5,météo défavorable
2018-06-09,25,19,9,22,25,19,7.5,83,9.125,1004,31.75,27,17,19,176,356,356,0,5,13.5,météo correcte
2018-06-10,26,19,10,24,26,19,11.4,85,9,1002,30.25,28,17,20,176,356,356,0,5,13.5,météo correcte
2018-06-11,25,19,11,24,23,19,18.6,88,8.375,1001,29.25,27,18,20,113,356,359,0,5,13.5,météo très défavorable
2018-06-12,24,18,11,23,24,18,18.6,91,8.25,1001,28,26,18,19,176,356,356,0,5,13.5,météo très défavorable
2018-06-13,24,18,12,23,24,18,16.1,91,8.625,1000,21.625,26,17,18,113,359,356,0,5,13.5,météo très défavorable
2018-06-14,23,17,10,21,22,17,7.5,86,9.25,1003,34.5,25,16,18,176,356,176,0,4,13.9,météo correcte
2018-06-15,21,16,7,21,20,16,18.4,91,8.625,1004,47.125,25,16,17,176,356,305,0,4,13.9,météo très défavorable
2018-06-16,21,17,6,19,21,17,19.7,88,8.875,1005,45.375,24,17,18,353,356,356,0,4,13.9,météo très défavorable
2018-06-17,22,18,10,19,22,18,20,88,8,1005,30.375,25,18,18,356,356,359,0,4,13.9,météo très défavorable
2018-06-18,24,18,10,22,24,18,5.2,90,9.375,1006,18.25,26,18,19,113,356,176,0,4,13.9,météo correcte
2018-06-19,27,19,12,24,26,19,2.7,78,9.625,1007,14.125,27,16,20,113,113,356,0,6,13.9,météo idéale
2018-06-20,26,18,11,24,25,18,19.6,86,8.375,1009,17.75,27,18,19,113,359,356,0,5,13.9,météo très défavorable
2018-06-21,26,19,12,24,25,19,7.2,86,9.25,1009,13.25,27,17,19,113,356,356,0,6,13.9,météo correcte
2018-06-22,26,19,10,23,25,19,6.2,87,9.5,1008,15.875,27,18,19,113,356,176,0,6,13.9,météo correcte
2018-06-23,26,18,10,20,26,18,10.3,90,9,1008,30.75,27,18,19,176,176,356,0,5,13.9,météo correcte
2018-06-24,25,18,10,20,25,18,14.7,95,8.875,1006,32.25,26,18,18,356,356,353,0,4,13.9,météo défavorable
2018-06-25,24,19,9,22,24,19,25.2,95,6.75,1004,30.75,26,19,19,176,359,356,0,5,13.9,météo très défavorable
2018-06-26,22,18,9,21,22,18,7,94,9.25,1006,50.875,25,18,19,353,356,353,0,4,13.9,météo correcte
2018-06-27,24,19,10,21,24,19,11.3,95,8.75,1009,39.5,26,19,19,176,356,356,0,5,13.3,météo correcte
2018-06-28,22,18,11,22,22,18,10.1,97,7.625,1010,56,25,19,19,116,356,356,0,4,13.3,météo correcte
2018-06-29,22,18,7,20,22,18,10.4,97,8,1009,65.625,25,18,18,353,356,356,0,4,12.2,météo défavorable
2018-06-30,22,18,9,20,22,18,23.8,97,6,1008,64,25,19,19,293,356,359,0,4,12.2,météo très défavorable
2018-07-01,18,17,3,18,18,17,30.5,95,7.125,1006,81.375,19,17,18,308,308,293,0,4,8.7,météo très défavorable
2018-07-02,18,17,6,17,17,17,79,96,4.625,1005,84.875,18,17,18,308,308,305,0,4,8.7,météo très défavorable
2018-07-03,22,18,9,19,22,18,33.3,96,6.375,1004,61.875,25,18,18,293,356,299,0,4,12.2,météo très défavorable
2018-07-04,23,18,10,21,23,18,13,96,8.75,1004,39.375,25,19,18,176,356,356,0,4,13.9,météo défavorable
2018-07-05,23,18,10,21,23,18,18.3,95,7.875,1006,35.5,25,19,19,353,356,356,0,4,13.9,météo très défavorable
2018-07-06,25,19,10,22,25,19,10.3,96,8,1006,40,27,19,19,176,356,356,0,5,12.2,météo correcte
2018-07-07,24,19,9,22,23,19,20.7,96,7.375,1005,46.75,26,20,20,353,359,356,0,5,12.2,météo très défavorable
2018-07-08,23,19,9,21,23,19,26.6,98,4.75,1005,70.125,25,20,19,263,356,308,0,5,11,météo très défavorable
2018-07-09,22,19,6,19,22,19,35.3,94,6.625,1007,74.625,25,19,19,308,293,353,0,4,12.2,météo très défavorable
2018-07-10,23,19,7,20,22,19,19,96,6.75,1006,67.125,25,19,19,293,356,296,0,4,12.2,météo très défavorable
2018-07-11,22,19,9,19,21,19,25.8,96,7.375,1005,71,25,19,19,296,356,356,0,4,11,météo très défavorable
2018-07-12,23,19,9,20,23,19,28.6,96,8.125,1005,68,25,19,19,296,356,359,0,4,12.2,météo très défavorable
2018-07-13,24,19,10,20,24,19,28.9,98,6.625,1006,57.375,26,20,19,356,356,359,0,5,13.3,météo très défavorable
2018-07-14,24,19,10,21,23,19,26.7,95,8.5,1005,54.75,26,20,19,293,356,356,0,5,13.3,météo très défavorable
2018-07-15,23,19,9,21,23,19,18.4,96,6,1006,52.375,25,19,20,176,356,359,0,5,13.3,météo très défavorable
2018-07-16,24,19,9,21,23,19,21,96,7.375,1005,59,26,20,19,176,356,356,0,5,13.3,météo très défavorable
2018-07-17,24,19,9,22,24,19,11.9,96,6.75,1006,48,26,20,20,176,356,356,0,5,13.3,météo correcte
2018-07-18,25,19,9,20,25,19,13.1,94,7.75,1006,46.375,27,19,20,293,356,356,0,5,13.8,météo défavorable
2018-07-19,24,19,9,21,24,19,23.5,92,8,1006,34.25,27,20,20,356,356,356,0,5,13.4,météo très défavorable
2018-07-20,26,20,9,24,26,20,20.3,89,8.25,1005,33.125,29,20,20,176,356,359,0,5,13.4,météo très défavorable
2018-07-21,23,19,6,19,23,19,18.9,90,8.625,1006,54,25,18,19,305,293,356,0,4,13.4,météo très défavorable
2018-07-22,23,19,9,22,23,19,18.6,96,7.125,1005,47.75,26,19,19,263,356,356,0,5,13.4,météo très défavorable
2018-07-23,23,19,9,20,22,19,11.6,97,7.25,1006,60.25,25,19,19,353,356,356,0,4,12,météo correcte
2018-07-24,23,18,8,20,23,18,16.9,96,7.75,1006,60.875,26,19,19,293,356,356,0,4,13.3,météo très défavorable
2018-07-25,23,19,9,21,22,19,13.4,97,8.125,1007,58.875,25,19,19,176,356,356,0,4,12,météo défavorable
2018-07-26,22,18,10,20,22,18,16.9,97,7.375,1006,58.25,25,19,19,353,356,359,0,4,13.3,météo très défavorable
2018-07-27,22,18,9,20,21,18,21.4,96,7.375,1006,56.75,24,19,19,176,356,359,0,4,10.8,météo très défavorable
2018-07-28,22,18,8,19,22,18,33.7,98,6.25,1006,64.625,25,19,19,305,116,356,0,4,13.3,météo très défavorable
2018-07-29,22,18,8,20,22,18,21.1,96,7.625,1005,65.75,25,19,19,299,356,356,0,4,12,météo très défavorable
2018-07-30,20,18,6,19,20,18,18.3,95,6.875,1005,75.75,21,18,18,299,299,299,0,4,9.5,météo très défavorable
2018-07-31,20,18,5,18,20,18,24.5,96,6.375,1004,78.625,21,18,18,299,302,302,0,4,9.5,météo très défavorable
2018-08-01,23,18,9,18,23,18,48.9,95,6.25,1005,74.75,25,18,18,305,176,305,0,4,10.8,météo très défavorable
2018-08-02,19,17,5,17,19,18,52.5,96,5.25,1007,78.5,20,18,18,308,299,299,0,4,10.8,météo très défavorable
2018-08-03,22,18,8,19,22,18,10.1,96,7,1006,59.75,25,19,18,293,356,293,0,4,12,météo correcte
2018-08-04,21,18,8,19,21,18,17.8,97,7.625,1007,68.25,24,19,19,299,356,356,0,4,10.8,météo très défavorable
2018-08-05,22,18,7,19,22,18,15.9,95,7.125,1006,55.875,25,18,19,299,356,353,0,4,13.2,météo défavorable
2018-08-06,21,17,6,18,21,17,17.2,89,8.875,1007,63,24,18,18,308,353,293,0,4,12,météo très défavorable
2018-08-07,24,18,8,22,24,18,17.3,96,7.875,1007,39.25,26,18,18,176,176,356,0,4,13.2,météo très défavorable
2018-08-08,24,18,10,22,23,18,5.8,97,8.375,1010,39.125,26,19,18,176,356,353,0,4,13.2,météo correcte
2018-08-09,22,18,9,21,22,18,8.6,97,6.75,1010,65.875,25,19,19,116,356,356,0,4,12,météo défavorable
2018-08-10,22,18,8,19,22,18,24.3,97,7,1008,71.5,25,19,19,356,356,359,0,4,12,météo très défavorable
2018-08-11,20,18,5,19,20,18,38,97,5.875,1005,77.25,21,19,18,305,299,299,0,4,12,météo très défavorable
2018-08-12,21,18,6,19,21,18,24.1,97,6.125,1004,78.375,24,19,19,299,356,356,0,4,10.7,météo très défavorable
2018-08-13,20,18,5,18,20,18,38.3,97,6.5,1006,77.125,20,18,18,308,299,353,0,4,10.7,météo très défavorable
2018-08-14,22,18,6,19,22,18,21.6,95,6.75,1006,51.125,25,18,19,299,176,356,0,4,13.1,météo très défavorable
2018-08-15,23,19,8,20,23,19,20.3,93,7.5,1010,45.25,26,19,19,356,356,356,0,4,13.1,météo très défavorable
2018-08-16,25,19,10,22,24,19,6.3,98,8.375,1009,41.625,27,19,19,176,176,353,0,5,13.1,météo favorable
2018-08-17,24,19,9,22,23,19,11.8,97,8.25,1008,45.25,26,20,19,116,356,353,0,5,13,météo correcte
2018-08-18,24,19,9,22,24,19,30.2,94,7.75,1006,42.375,26,20,20,176,356,359,0,5,13,météo très défavorable
2018-08-19,25,19,8,21,25,19,29.8,90,8,1006,51.125,27,19,19,356,356,356,0,5,13,météo très défavorable
2018-08-20,24,18,8,22,24,18,9.9,94,9,1008,36,26,19,19,176,356,356,0,5,13,météo correcte
2018-08-21,23,19,9,21,23,19,8.8,97,7,1007,53.5,26,19,19,353,356,356,0,5,13,météo correcte
2018-08-22,21,18,7,19,21,18,13.6,97,8,1007,71.125,24,19,19,299,293,299,0,4,10.7,météo défavorable
2018-08-23,22,18,8,19,22,18,20.6,97,6.875,1007,61.5,25,19,19,299,353,356,0,4,11.9,météo très défavorable
2018-08-24,22,18,9,20,22,18,24.2,96,6,1007,60.5,25,19,19,299,356,359,0,4,11.9,météo très défavorable
2018-08-25,21,18,6,18,21,18,38.8,95,7.625,1007,68.5,24,19,18,308,293,353,0,4,10.6,météo très défavorable
2018-08-26,23,18,9,20,23,18,18.6,97,6.5,1007,65.75,25,19,19,293,356,356,0,4,11.9,météo très défavorable
2018-08-27,23,18,9,21,22,18,28.6,97,7,1008,56.5,25,20,19,176,356,359,0,4,12.9,météo très défavorable
2018-08-28,22,18,9,19,22,18,15.2,96,6.25,1011,66.75,25,19,19,302,356,356,0,4,10.6,météo défavorable
2018-08-29,22,18,8,20,22,18,25.4,97,5.625,1010,75.75,25,19,19,299,356,359,0,4,10.6,météo très défavorable
2018-08-30,22,18,9,19,22,18,23.9,97,6.875,1008,66.375,24,19,18,299,353,356,0,4,9.3,météo très défavorable
2018-08-31,22,18,9,19,22,18,29.6,97,4.875,1009,58.5,25,19,19,299,356,359,0,4,11.9,météo très défavorable
2018-09-01,23,18,9,22,23,18,11.8,98,7.875,1010,43,25,19,19,116,356,356,0,4,12.8,météo correcte
2018-09-02,21,18,9,20,20,18,15.1,97,7.625,1009,62.875,24,19,18,353,356,356,0,4,11.9,météo défavorable
2018-09-03,22,18,8,20,22,18,10.2,98,7.875,1010,56,25,19,18,263,176,356,0,4,11.9,météo correcte
2018-09-04,23,18,9,21,23,18,5.6,96,8.5,1010,43.625,26,19,19,176,356,353,0,4,12.8,météo correcte
2018-09-05,24,18,9,21,23,18,10.7,95,9.125,1008,35,26,19,18,116,356,356,0,4,12.8,météo correcte
2018-09-06,24,18,8,22,23,18,8.4,97,8.125,1010,39.75,26,19,18,113,356,356,0,4,12.7,météo correcte
2018-09-07,23,18,9,21,22,18,8.3,96,8.25,1013,39.5,25,19,19,353,356,353,0,4,12.7,météo correcte
2018-09-08,22,18,8,20,22,18,10.7,97,7,1013,58.125,25,19,18,263,356,356,0,4,11.9,météo correcte
2018-09-09,22,18,9,20,22,18,17.3,98,5.875,1013,69,25,19,19,356,359,356,0,4,11.9,météo très défavorable
2018-09-10,20,17,7,19,20,17,20.5,98,6.25,1014,63.5,21,18,18,356,356,356,0,4,11.9,météo très défavorable
2018-09-11,20,17,10,18,20,17,16.3,98,5.25,1013,65.25,21,18,18,356,356,356,0,4,11.9,météo très défavorable
2018-09-12,21,17,9,19,21,17,14.4,97,7.125,1010,50.25,24,18,17,176,356,353,0,4,11.9,météo défavorable
2018-09-13,22,16,10,18,22,16,7.2,96,7.125,1010,39.75,25,17,17,176,356,356,0,4,12.6,météo correcte
2018-09-14,23,17,10,19,22,17,8.6,97,9.375,1012,34.375,25,17,17,176,356,353,0,4,12.6,météo correcte
2018-09-15,22,16,10,19,21,16,11.2,97,7.75,1013,42.625,25,18,17,176,356,356,0,4,12.6,météo correcte
2018-09-16,23,16,9,20,22,16,10.4,96,8.125,1013,32.25,25,17,17,176,356,353,0,4,12.6,météo correcte
2018-09-17,24,16,10,21,24,16,3.2,92,9.75,1011,12.375,26,17,17,113,113,176,0,4,12.6,météo favorable
2018-09-18,25,17,10,22,25,17,0.3,84,10,1012,11.125,27,16,18,113,113,113,0,5,12.5,météo idéale
2018-09-19,25,17,10,23,25,17,6.3,92,9.375,1012,15.75,27,17,17,113,176,356,0,4,12.5,météo favorable
2018-09-20,25,17,9,22,24,17,8.9,95,9.125,1015,21.5,27,17,17,113,176,356,0,4,12.5,météo correcte
2018-09-21,23,17,8,17,23,17,17.4,94,8,1018,54.125,25,16,17,299,263,359,0,4,12.5,météo très défavorable
2018-09-22,19,16,6,19,19,16,8.9,95,9,1019,49.375,20,17,16,356,293,176,0,4,12.5,météo correcte
2018-09-23,23,16,10,20,22,16,1.9,94,7.875,1018,22.625,25,17,17,113,176,143,0,5,11.6,météo favorable
2018-09-24,22,17,10,20,21,17,4.7,97,7.625,1015,33.625,25,18,17,113,356,353,0,5,11.6,météo correcte
2018-09-25,23,17,10,20,22,17,6.1,96,7.5,1012,34.25,25,17,18,116,356,353,0,4,11.6,météo correcte
2018-09-26,22,17,9,19,21,17,10.3,95,9,1013,37.75,25,18,17,176,356,356,0,4,11.6,météo correcte
2018-09-27,21,16,9,19,21,16,11.8,96,6.375,1014,40.25,24,17,16,263,176,359,0,4,11.6,météo correcte
2018-09-28,22,16,9,19,21,16,6.1,95,9.625,1015,29.625,25,17,17,176,176,353,0,4,11.6,météo favorable
2018-09-29,23,17,10,20,21,17,6.2,95,9.375,1015,29.5,25,17,17,113,176,356,0,4,11.6,météo favorable
2018-09-30,22,16,10,20,21,16,8.1,96,8,1014,29.125,25,17,17,176,356,356,0,4,11.6,météo correcte
2018-10-01,23,15,10,20,22,15,3.2,94,9.5,1014,24.25,25,18,16,176,176,176,0,5,11.6,météo favorable
2018-10-02,22,14,10,19,20,14,1.9,94,9.75,1015,19,25,15,15,113,176,116,0,4,11.6,météo favorable
2018-10-03,20,14,10,18,20,14,7.8,94,9.25,1015,22.75,24,15,15,113,356,356,0,5,11.6,météo correcte
2018-10-04,20,13,10,18,19,13,11.8,88,8.75,1017,9.875,24,13,14,176,356,356,0,3,11.6,météo correcte
2018-10-05,21,12,10,18,20,12,2.1,83,9.875,1017,5.375,24,12,13,113,113,176,0,4,11.6,météo favorable
2018-10-06,21,12,10,18,19,12,5.7,86,9.25,1016,6,24,12,12,113,356,356,0,4,11.6,météo correcte
2018-10-07,20,11,10,18,19,11,5.6,83,9.5,1017,4.75,24,11,12,113,356,176,0,4,11.6,météo correcte
2018-10-08,20,11,10,17,18,11,2.6,88,9.75,1016,7.25,21,12,11,113,176,176,0,4,11.6,météo favorable
2018-10-09,20,13,9,17,18,13,3.6,91,9.5,1015,18.125,21,13,14,113,176,356,0,4,11.4,météo favorable
2018-10-10,19,12,9,17,19,12,2.3,92,9.875,1016,25.625,20,13,13,113,113,353,0,3,11.4,météo favorable
2018-10-11,20,13,9,18,20,13,3.5,92,9.5,1018,19.625,24,13,14,113,113,356,0,4,8.7,météo favorable
2018-10-12,20,13,9,18,18,13,4.1,92,9.75,1017,13.25,21,13,14,113,176,176,0,4,8.7,météo favorable
2018-10-13,20,13,10,16,19,13,3.6,91,9.625,1016,18.875,21,12,14,113,176,176,0,3,8.7,météo favorable
2018-10-14,21,12,11,18,20,12,1.2,89,9.875,1015,9.375,24,12,12,113,113,176,0,4,8.7,météo favorable
2018-10-15,20,12,10,17,18,12,2.7,92,10,1017,14.625,21,12,13,113,113,353,0,4,8.7,météo favorable
2018-10-16,20,13,10,17,17,13,1.2,94,8.75,1017,23.875,20,13,13,113,176,176,0,4,8.7,météo favorable
2018-10-17,19,12,10,17,17,12,4.7,93,9.375,1016,16.5,20,13,13,113,176,356,0,3,8.7,météo favorable
2018-10-18,20,11,11,17,19,11,3.9,86,9.75,1016,5,24,11,12,113,176,176,0,4,8.7,météo favorable
2018-10-19,21,11,11,17,19,11,3.1,85,9.875,1018,3.5,24,11,12,113,113,176,0,4,8.7,météo favorable
2018-10-20,20,11,10,17,19,11,1,78,9.875,1019,3,24,10,12,113,113,176,0,4,8.7,météo favorable
2018-10-21,20,11,10,17,19,11,1.6,78,9.875,1019,3.125,24,10,11,113,113,176,0,4,8.7,météo favorable
2018-10-22,20,10,11,17,19,10,0,65,10,1018,0.75,24,7,11,113,113,113,0,4,8.7,météo favorable
2018-10-23,20,9,10,16,18,9,0,60,10,1019,2.25,23,5,10,113,113,113,0,4,8.7,météo favorable
2018-10-24,19,8,10,16,17,8,0,63,10,1018,1.375,22,4,9,113,113,113,0,4,8.7,météo favorable
2018-10-25,18,9,10,15,17,9,3,82,9.75,1021,6,19,8,8,113,176,176,0,4,8.7,météo favorable
2018-10-26,20,9,10,16,19,9,0,51,10,1022,0,23,3,9,113,113,113,0,4,8.7,météo favorable
2018-10-27,20,9,10,16,19,9,0,48,10,1022,0,22,3,10,113,113,113,0,4,8.7,météo favorable
2018-10-28,19,9,9,16,18,9,0,53,10,1022,0,22,5,10,113,113,113,0,4,8.7,météo favorable
2018-10-29,20,10,8,16,19,10,1.9,69,9.875,1021,1.875,24,7,11,113,113,176,0,4,8.7,météo favorable
2018-10-30,20,11,8,16,19,11,0.1,82,10,1022,5.75,24,10,11,113,113,113,0,4,8.7,météo favorable
2018-10-31,21,11,8,17,20,11,0.7,68,10,1021,2.5,25,8,12,113,113,113,0,4,8.7,météo favorable
2018-11-01,21,11,8,17,20,11,0,70,10,1020,2.625,24,8,11,113,113,113,0,4,8.7,météo favorable
2018-11-02,20,10,9,17,19,10,0,72,10,1019,4,24,8,11,113,113,113,0,4,8.7,météo favorable
2018-11-03,19,10,9,16,18,10,0,70,10,1018,5.125,20,7,10,113,113,113,0,4,8.7,météo favorable
2018-11-04,19,10,10,16,18,10,0,64,10,1017,3.375,23,5,10,113,113,113,0,4,8.7,météo favorable
2018-11-05,19,9,10,16,18,9,0,61,10,1017,4.375,20,5,11,113,113,113,0,4,8.7,météo favorable
2018-11-06,19,9,10,16,17,9,0,59,10,1018,1,23,4,10,113,113,113,0,4,8.7,météo favorable
2018-11-07,18,8,10,15,17,8,0,76,10,1020,3.25,21,7,9,113,113,113,0,4,8.7,météo favorable
2018-11-08,18,9,9,15,17,9,0,79,10,1019,4.75,20,7,9,113,113,113,0,4,8.7,météo favorable
2018-11-09,17,8,9,15,17,8,0,83,10,1017,7.125,19,7,9,113,113,113,0,4,8.7,météo correcte
2018-11-10,18,9,9,15,16,9,0,76,10,1018,8.125,19,7,9,113,113,113,0,4,8.7,météo favorable
2018-11-11,17,9,9,14,16,9,0.1,86,10,1019,15.125,18,8,10,113,113,113,0,4,8.7,météo correcte
2018-11-12,17,9,9,14,16,9,0.1,90,10,1017,22.125,18,9,10,113,113,116,0,4,8.7,météo correcte
2018-11-13,16,8,9,13,15,8,0.4,90,9.875,1014,15.25,17,8,8,113,176,113,0,4,8.7,météo correcte
2018-11-14,18,8,9,14,16,8,2.3,79,10,1017,9.625,19,7,8,113,386,113,0,4,8.7,météo correcte
2018-11-15,17,8,9,14,16,8,0,75,10,1017,6.75,19,6,8,113,113,113,0,4,8.7,météo correcte
2018-11-16,17,8,12,14,16,8,0,76,10,1015,5.5,18,6,8,113,113,113,0,4,8.7,météo correcte
2018-11-17,17,7,10,14,15,7,0,79,10,1015,4.25,19,6,7,113,113,113,0,4,8.7,météo correcte
2018-11-18,16,7,10,12,15,7,0,83,10,1018,7.25,17,6,7,113,113,113,0,3,8.7,météo correcte
2018-11-19,17,8,10,13,16,8,0,85,10,1020,8.375,18,7,8,113,113,113,0,4,8.7,météo correcte
2018-11-20,16,7,10,13,15,7,0,82,10,1020,7.375,18,6,8,113,113,113,0,4,8.7,météo correcte
2018-11-21,17,10,9,12,15,10,0.2,90,10,1021,21,17,9,10,113,113,116,0,4,7.2,météo correcte
2018-11-22,18,10,10,14,17,10,0.1,92,10,1021,19.375,19,9,10,113,113,116,0,4,8.7,météo favorable
2018-11-23,18,9,10,14,17,9,0,84,10,1020,11.375,19,8,10,113,113,113,0,4,8.7,météo favorable
2018-11-24,14,11,8,13,14,11,0.2,91,9.875,1021,17.75,15,11,12,113,116,113,0,3,8.7,météo correcte
2018-11-25,18,10,9,14,18,10,0.1,89,10,1020,11.75,18,10,11,113,113,113,0,4,8.7,météo favorable
2018-11-26,18,9,9,14,17,9,0,86,10,1022,7.25,19,8,10,113,113,113,0,4,8.7,météo favorable
2018-11-27,19,9,9,15,18,9,0.1,81,10,1023,5.625,20,8,10,113,113,113,0,4,8.7,météo favorable
2018-11-28,19,10,9,15,18,10,0,85,10,1022,6.875,20,9,11,113,113,113,0,4,8.7,météo favorable
2018-11-29,18,9,10,14,17,9,0,84,10,1022,8.375,19,8,10,113,113,113,0,4,8.7,météo favorable
2018-11-30,17,8,10,13,16,8,0,86,10,1021,7.75,18,7,8,113,113,113,0,4,8.7,météo correcte
2018-12-01,13,9,8,10,12,9,0.3,94,8.875,1020,19.75,13,8,9,113,116,176,0,3,8.7,météo correcte
2018-12-02,13,8,9,10,12,8,0.2,91,9.875,1017,30.5,13,8,8,176,113,116,0,3,8.7,météo correcte
2018-12-03,14,8,8,11,13,8,0,92,10,1018,29.125,15,7,9,113,116,116,0,3,7.1,météo correcte
2018-12-04,14,8,9,11,13,8,0.1,91,10,1020,31.625,14,8,9,113,113,116,0,3,7.1,météo correcte
2018-12-05,15,8,9,12,14,8,0.1,91,10,1017,20,15,8,9,113,113,113,0,4,8.7,météo correcte
2018-12-06,14,7,9,11,13,7,2.6,80,9.75,1016,8.375,16,6,7,113,176,176,0,3,8.7,météo correcte
2018-12-07,14,5,8,9,13,5,0,66,10,1016,2.125,17,1,4,113,113,113,0,3,8.7,météo correcte
2018-12-08,14,5,9,10,13,5,0,77,10,1019,3,16,4,5,113,113,113,0,3,8.7,météo correcte
2018-12-09,15,5,9,10,14,5,0,76,10,1017,3.5,18,4,5,113,113,113,0,3,8.7,météo correcte
2018-12-10,14,5,8,10,14,5,0,59,10,1019,0.5,18,2,6,113,113,113,0,3,8.7,météo correcte
2018-12-11,14,4,10,9,13,4,0,48,10,1019,0,17,0,4,113,113,113,0,3,8.7,météo correcte
2018-12-12,15,5,9,9,14,5,0,40,10,1021,14.125,16,0,4,113,113,113,0,3,8.7,météo correcte
2018-12-13,14,5,9,10,13,5,0,64,10,1022,13.625,16,1,4,113,113,113,0,3,8.7,météo correcte
2018-12-14,14,4,10,9,13,4,0,41,10,1023,0,17,0,3,113,113,113,0,3,8.7,météo correcte
2018-12-15,16,4,9,9,14,4,0,29,10,1024,0,20,0,4,113,113,113,0,3,8.7,météo correcte
2018-12-16,17,6,8,10,16,6,0,36,10,1024,0,20,0,7,113,113,113,0,3,8.7,météo correcte
2018-12-17,15,9,7,11,14,9,0,49,10,1023,27.375,15,0,10,113,119,113,0,3,5.6,météo correcte
2018-12-18,12,4,10,9,12,4,0,84,10,1020,20.125,13,6,4,113,113,113,0,3,8.7,météo très défavorable
2018-12-19,15,7,8,10,15,7,0.1,84,10,1021,7.375,16,6,8,113,113,113,0,3,8.7,météo correcte
2018-12-20,15,7,9,11,15,7,0,84,10,1020,4.875,17,6,8,113,113,113,0,3,8.7,météo correcte
2018-12-21,14,6,9,9,13,9,0,84,10,1018,6.25,16,6,7,113,113,116,0,3,8.7,météo correcte
2018-12-22,13,7,9,8,13,7,0,89,10,1020,18.875,14,6,7,113,113,116,0,3,8.7,météo correcte
2018-12-23,15,8,9,11,15,8,0,85,10,1020,11.625,16,7,8,113,113,113,0,3,8.7,météo correcte
2018-12-24,16,6,9,11,15,6,0,67,10,1019,1.875,19,6,7,113,113,113,0,3,8.7,météo correcte
2018-12-25,16,5,8,11,15,5,0,58,10,1017,0,19,2,5,113,113,113,0,3,8.7,météo correcte
2018-12-26,13,4,9,9,13,4,0,68,10,1018,2.25,15,1,5,113,113,113,0,3,8.7,météo correcte
2018-12-27,11,2,10,7,10,2,0,71,10,1018,2,14,0,1,113,113,113,0,2,8.7,météo très défavorable
2018-12-28,11,1,9,5,10,1,0,47,10,1020,0,14,0,1,113,113,113,0,2,8.7,météo très défavorable
2018-12-29,12,3,8,7,11,3,0,70,10,1022,1.125,15,0,3,113,113,113,0,3,8.7,météo très défavorable
2018-12-30,14,4,8,9,13,4,0,62,10,1023,0.25,17,1,5,113,113,113,0,3,8.7,météo correcte
2018-12-31,14,4,8,10,13,4,0,62,10,1022,0.75,17,0,4,113,113,113,0,3,8.7,météo correcte
2019-01-01,16,9,7,9,16,9,0,67,10,1022,2.875,16,4,9,116,116,116,0,4,8.7,météo correcte
2019-01-02,18,9,5,9,18,10,0,41,10,1022,10.125,18,3,9,113,116,116,0,4,8.7,météo favorable
2019-01-03,17,7,7,8,17,7,0,49,10,1022,1.75,17,0,6,113,116,116,0,4,8.7,météo correcte
2019-01-04,15,7,8,7,15,7,0,66,10,1022,2.375,15,2,7,113,116,116,0,4,8.7,météo correcte
2019-01-05,17,8,8,8,17,10,0,62,10,1022,3.625,17,3,8,116,116,116,0,4,8.7,météo correcte
2019-01-06,19,9,6,9,19,10,0,25,10,1022,5,19,0,8,113,116,116,0,4,8.7,météo favorable
2019-01-07,9,6,10,8,9,6,8,73,9.25,1022,61.375,9,3,5,296,299,116,0,2,5.6,météo défavorable
2019-01-08,18,6,7,6,18,9,0,49,10,1022,13.375,18,0,4,116,116,116,0,4,8.7,météo favorable
2019-01-09,17,8,8,8,17,9,0,43,10,1018,25.125,17,0,7,116,116,116,0,4,8.7,météo correcte
2019-01-10,16,7,6,7,16,8,0,70,10,1019,7.25,16,3,6,116,116,116,0,4,8.7,météo correcte
2019-01-11,17,8,7,8,17,9,0,65,10,1020,4.375,17,4,8,116,116,116,0,4,8.7,météo correcte
2019-01-12,19,10,6,10,19,12,0,44,10,1021,0.25,19,0,10,113,113,113,0,4,8.7,météo favorable
2019-01-13,20,9,7,9,20,11,0,23,10,1022,1.5,20,0,8,113,113,113,0,4,8.7,météo favorable
2019-01-14,19,9,7,9,19,12,0,34,10,1020,0,19,0,8,113,113,113,0,4,8.7,météo favorable
2019-01-15,17,9,10,9,17,9,0,68,10,1020,0.375,17,5,9,113,113,113,0,4,8.7,météo correcte
2019-01-16,18,11,8,11,18,11,0,57,10,1020,8.125,18,3,11,116,116,116,0,4,8.7,météo favorable
2019-01-17,18,9,6,9,18,11,0,51,10,1019,14.75,18,1,9,116,116,116,0,4,8.7,météo favorable
2019-01-18,20,10,6,10,20,11,0,50,10,1019,1,20,1,10,113,116,116,0,4,8.7,météo favorable
2019-01-19,16,8,7,8,16,9,0,76,10,1018,11.875,16,5,8,116,116,116,0,4,8.7,météo correcte
2019-01-20,16,8,7,8,16,10,0,79,10,1020,12.375,16,7,8,116,116,116,0,4,8.7,météo correcte
2019-01-21,19,10,8,10,19,12,0,64,10,1020,5.625,19,5,11,116,116,116,0,4,8.7,météo favorable
2019-01-22,17,10,9,10,17,11,0.4,36,8.625,1020,52.625,17,0,10,116,116,266,0,4,7.2,météo correcte
2019-01-23,9,6,8,7,8,6,36.8,82,6.5,1021,79.75,9,4,5,302,302,293,0,2,4.1,météo très défavorable
2019-01-24,21,9,9,9,21,13,0,50,10,1023,0.75,21,1,7,113,113,113,0,4,8.7,météo favorable
2019-01-25,16,9,9,9,16,9,3,53,8.625,1023,53.75,16,1,8,116,119,296,0,4,5.6,météo correcte
2019-01-26,17,8,7,8,17,11,20.2,70,8.875,1026,46.625,17,4,7,176,116,116,0,3,7.2,météo très défavorable
2019-01-27,19,8,8,8,19,11,0,36,10,1026,4.25,19,0,7,116,116,116,0,4,8.7,météo favorable
2019-01-28,18,8,6,8,18,10,0,33,10,1024,3.25,18,0,7,116,116,116,0,4,8.7,météo favorable
2019-01-29,16,7,8,7,16,10,0,27,10,1023,0.875,16,0,6,116,113,113,0,4,8.7,météo correcte
2019-01-30,17,8,8,8,17,10,0,51,10,1024,9.5,17,0,8,116,116,116,0,4,8.7,météo correcte
2019-01-31,15,10,6,10,15,11,0.2,49,10,1023,50.125,15,1,10,116,176,116,0,4,5.6,météo correcte
2019-02-01,19,11,7,11,19,12,0,40,10,1022,33.875,19,0,10,116,116,116,0,4,8.7,météo favorable
2019-02-02,21,10,9,10,21,14,0,33,10,1022,0,21,0,9,113,113,113,0,5,8.7,météo favorable
2019-02-03,21,11,7,11,21,14,0,44,10,1023,0,21,3,10,113,113,113,0,5,8.7,météo favorable
2019-02-04,21,12,9,12,21,13,0,54,10,1023,0.75,21,4,11,113,113,116,0,5,8.7,météo favorable
2019-02-05,21,13,8,13,21,15,0,52,12.5,1022,0,22,5,13,113,113,113,0,5,8.7,météo favorable
2019-02-06,21,11,8,11,21,14,0,32,10,1019,30.875,21,0,11,116,116,119,0,5,8.7,météo favorable
2019-02-07,13,11,9,11,13,11,19.2,77,8.875,1020,66.5,13,7,10,293,293,299,0,4,4.1,météo très défavorable
2019-02-08,19,10,6,10,19,11,37.4,77,7.625,1023,74.375,19,8,10,176,389,113,0,3,4.1,météo très défavorable
2019-02-09,13,4,9,9,13,4,49.4,84,13.375,1022,47.625,13,4,3,116,308,176,0,3,5.7,météo très défavorable
2019-02-10,17,10,8,10,17,11,0.1,68,13.625,1024,15.125,17,5,10,113,116,116,0,4,8.7,météo correcte
2019-02-11,17,10,6,10,17,12,0,63,13.5,1023,39.625,17,5,10,116,116,119,0,3,8.7,météo correcte
2019-02-12,19,10,6,10,19,13,0,69,13.375,1025,14.25,19,7,10,116,116,116,0,4,8.7,météo favorable
2019-02-13,21,11,7,11,21,14,0,73,12.5,1025,9.75,21,9,10,116,116,116,0,5,8.7,météo favorable
2019-02-14,21,14,7,14,21,14,0.4,47,13.125,1022,29.875,22,7,14,116,116,176,0,5,8.7,météo favorable
2019-02-15,18,12,7,12,18,13,0.7,44,12.25,1020,43.625,18,0,11,116,116,116,0,3,8.7,météo favorable
2019-02-16,20,11,7,11,20,13,0.2,39,11.625,1020,32.125,20,0,11,116,116,176,0,5,8.7,météo favorable
2019-02-17,17,10,9,10,17,12,0.3,65,14.125,1017,11,17,5,9,116,116,116,0,4,8.7,météo correcte
2019-02-18,17,10,9,10,17,11,7.3,85,12.875,1015,36.75,17,9,11,116,386,386,0,4,7.2,météo correcte
2019-02-19,16,8,7,8,16,11,7.4,63,10.5,1019,58.25,16,6,7,176,116,116,0,3,7.2,météo correcte
2019-02-20,21,12,7,12,21,15,0,57,10,1021,8.75,21,6,11,116,116,116,0,5,8.7,météo favorable
2019-02-21,21,13,10,13,21,15,0.1,57,10,1022,19.5,23,7,13,116,116,176,0,5,8.7,météo favorable
2019-02-22,22,14,11,14,22,16,0.5,48,10,1021,38.25,23,5,13,116,116,176,0,5,8.7,météo favorable
2019-02-23,23,14,8,14,23,16,0.1,49,16,1017,11.25,23,5,13,116,116,116,0,5,8.7,météo favorable
2019-02-24,22,14,8,14,22,15,0,28,11,1015,26.625,22,0,13,116,116,119,0,5,11.6,météo favorable
2019-02-25,16,10,9,10,16,11,0.7,47,9.75,1015,35.5,16,2,9,176,176,116,0,4,8.7,météo correcte
2019-02-26,18,8,10,8,18,11,0,28,10,1018,35.5,18,0,6,116,119,116,0,4,8.7,météo correcte
2019-02-27,14,8,10,8,14,10,28.3,81,6.75,1016,79,14,7,6,293,356,299,0,3,5.9,météo très défavorable
2019-02-28,14,6,7,6,14,9,12.7,63,8.75,1017,70.625,14,3,5,293,356,176,0,4,5.9,météo défavorable
2019-03-01,18,9,8,9,18,12,0,60,10,1020,2.875,18,5,9,113,116,116,0,4,11.6,météo favorable
2019-03-02,19,10,9,10,19,14,0,61,10,1020,13.5,19,6,10,116,116,116,0,4,11.6,météo favorable
2019-03-03,18,12,9,12,18,14,2.2,65,9.5,1017,51.625,18,7,12,176,116,176,0,5,8.7,météo favorable
2019-03-04,20,11,7,11,20,14,1.1,53,9.875,1013,33.25,20,5,10,116,116,176,0,5,10.2,météo favorable
2019-03-05,20,12,8,12,20,14,0.3,41,10,1014,8.875,20,1,12,113,116,116,0,5,11.6,météo favorable
2019-03-06,22,12,8,12,22,15,0,45,10,1016,1.5,22,3,12,113,116,113,0,5,11.6,météo favorable
2019-03-07,22,12,7,12,22,16,0,46,10,1018,0.75,22,4,12,113,116,116,0,5,11.6,météo favorable
2019-03-08,20,12,9,12,20,16,0,40,10,1018,0.5,20,2,11,113,116,113,0,5,11.6,météo favorable
2019-03-09,22,13,9,13,22,17,0,44,10,1017,1.5,22,4,13,113,116,116,0,5,11.6,météo favorable
2019-03-10,22,14,9,14,22,18,0,41,10,1019,0.875,23,5,14,113,116,113,0,5,11.6,météo favorable
2019-03-11,24,15,9,15,24,20,0,32,10,1020,0,23,2,15,113,113,113,0,6,11.6,météo idéale
2019-03-12,23,15,12,15,23,17,0,27,10,1019,8.75,23,0,15,113,116,116,0,5,11.6,météo favorable
2019-03-13,26,15,11,15,26,20,0,20,10,1020,8.875,25,0,15,116,116,116,0,6,11.6,météo favorable
2019-03-14,26,17,10,17,26,21,0,26,10,1021,29.125,24,0,16,116,116,119,0,6,11.6,météo favorable
2019-03-15,24,15,10,15,24,20,0,26,10,1021,16.625,23,0,15,116,116,116,0,6,11.6,météo favorable
2019-03-16,26,16,8,16,26,21,0,32,10,1019,1.25,24,2,15,113,113,116,0,6,11.6,météo idéale
2019-03-17,24,16,7,16,24,18,0,26,16,1019,27.5,23,0,16,116,116,116,0,5,11.6,météo favorable
2019-03-18,23,15,8,15,23,21,0,26,18.75,1019,16.125,23,0,15,116,116,116,0,6,11.6,météo favorable
2019-03-19,23,15,9,15,23,17,0.5,43,11.25,1016,18.875,23,4,15,116,116,176,0,5,11.6,météo favorable
2019-03-20,23,14,7,14,23,19,1.1,40,9.875,1015,51.875,23,5,14,116,116,176,0,4,10.2,météo favorable
2019-03-21,23,15,15,15,23,19,0.2,30,10,1016,10.5,23,1,15,116,116,116,0,5,11.6,météo favorable
2019-03-22,26,16,9,16,26,23,0,30,10,1016,2.875,24,3,16,116,116,116,0,6,11.6,météo favorable
2019-03-23,26,18,10,18,26,22,0,32,10,1016,0.75,24,5,18,113,113,113,0,6,11.6,météo idéale
2019-03-24,27,18,9,18,27,22,0,37,10,1016,0.625,25,6,18,113,113,116,0,6,11.6,météo idéale
2019-03-25,25,17,9,17,25,19,3.6,46,9.75,1017,28.125,24,7,17,116,116,176,0,6,10.2,météo favorable
2019-03-26,20,14,7,16,20,14,8.8,63,8.625,1018,69.25,20,7,14,176,116,176,0,4,8.8,météo défavorable
2019-03-27,23,15,12,15,23,20,1.4,58,9.875,1019,30,24,10,15,176,116,116,0,5,12.2,météo favorable
2019-03-28,25,18,9,18,25,20,0,53,16.625,1019,4.375,25,10,18,113,116,116,0,6,12.6,météo favorable
2019-03-29,25,17,9,17,25,21,0,58,20,1016,14.875,25,10,18,116,116,116,0,6,12.6,météo favorable
2019-03-30,23,17,6,17,23,19,4.4,59,19.125,1014,40.25,24,10,17,116,176,176,0,6,11.9,météo favorable
2019-03-31,26,17,9,17,26,21,13.9,52,10.5,1014,77,26,10,17,299,386,176,0,5,7.9,météo défavorable
2019-04-01,27,19,8,19,27,20,5.7,51,9.25,1015,39.625,26,10,19,116,116,356,0,6,12.7,météo favorable
2019-04-02,24,17,8,17,24,21,2,43,9.75,1015,30.125,24,8,17,113,116,116,0,5,12.7,météo favorable
2019-04-03,24,17,9,17,24,20,0.2,61,10,1017,27.75,25,12,17,116,176,176,0,6,12.7,météo favorable
2019-04-04,22,17,8,17,22,19,11.2,71,9.125,1017,47,25,14,17,116,356,176,0,5,10.6,météo correcte
2019-04-05,23,17,9,17,23,19,31.7,73,7.5,1015,69.75,25,14,17,176,356,356,0,6,8,météo très défavorable
2019-04-06,24,18,7,18,24,20,23.8,61,7.875,1016,77.625,25,13,18,176,356,356,0,5,8,météo très défavorable
2019-04-07,22,16,7,16,22,19,23.6,62,7.875,1015,75.875,24,11,16,176,356,299,0,4,8,météo très défavorable
2019-04-08,23,16,9,16,23,20,9.7,65,8.875,1013,53.125,25,13,16,116,176,356,0,5,11.9,météo correcte
2019-04-09,22,17,8,17,22,19,14.2,64,8.5,1013,75.875,24,12,17,299,356,299,0,4,8,météo défavorable
2019-04-10,24,18,10,18,24,21,0.1,70,10,1016,21.125,25,15,18,116,116,176,0,6,12.8,météo favorable
2019-04-11,23,18,8,18,23,20,6.4,71,9.5,1015,61.5,25,15,18,176,176,176,0,5,9.3,météo correcte
2019-04-12,24,18,9,18,24,22,10.2,64,9,1014,58.625,25,15,18,116,353,176,0,5,11.9,météo correcte
2019-04-13,26,20,7,20,26,23,9,54,9.375,1015,61.5,26,13,20,116,176,176,0,5,10.6,météo correcte
2019-04-14,28,20,6,20,28,22,6.7,51,9.25,1014,52.625,27,12,20,116,116,176,0,5,12.9,météo favorable
2019-04-15,27,22,9,22,27,23,4.6,56,9.375,1013,35,27,14,22,116,176,356,0,6,11.9,météo favorable
2019-04-16,29,22,8,22,29,26,2.8,45,9.75,1016,23.375,28,12,22,116,116,176,0,7,12.9,météo favorable
2019-04-17,25,20,10,20,25,20,6.2,59,9.25,1016,68.625,25,12,20,176,200,293,0,5,10.6,météo défavorable
2019-04-18,27,20,9,20,27,24,0.7,33,9.875,1016,9,25,11,20,113,116,113,0,6,12.9,météo favorable
2019-04-19,28,20,8,20,28,22,1.5,34,9.875,1015,14,26,6,20,113,113,176,0,6,12.9,météo idéale
2019-04-20,26,18,7,18,26,22,0.7,36,9.875,1013,12.25,25,6,18,116,116,116,0,6,13,météo favorable
2019-04-21,27,19,6,19,27,22,0.2,41,10,1011,24.875,25,8,19,116,116,176,0,6,13,météo favorable
2019-04-22,25,19,6,19,25,20,5.7,56,9.375,1012,54.25,25,11,19,176,176,176,0,6,9.4,météo favorable
2019-04-23,25,18,6,18,25,21,5.9,60,9.125,1014,69.75,25,13,18,116,176,176,0,5,9.4,météo défavorable
2019-04-24,27,19,6,19,27,23,5.7,58,9.125,1016,50.5,27,14,19,116,176,356,0,6,12,météo favorable
2019-04-25,27,20,6,20,27,23,9.7,58,8.875,1015,69.375,27,14,20,176,176,176,0,5,9.4,météo défavorable
2019-04-26,27,21,6,21,27,23,1.1,59,9.75,1012,28.25,27,15,21,116,176,116,0,6,13,météo favorable
2019-04-27,28,22,6,22,28,24,2.3,56,9.625,1011,36.375,28,14,22,116,176,176,0,7,12,météo favorable
2019-04-28,29,22,8,22,29,25,2.5,54,9.75,1010,58.875,28,15,22,116,116,299,0,6,13.1,météo correcte
2019-04-29,29,22,9,22,29,25,0.7,49,9.875,1011,27.5,28,14,22,116,116,116,0,7,13.1,météo favorable
2019-04-30,31,24,9,24,31,27,0.1,38,10,1011,8.25,29,12,24,113,116,116,0,7,13.1,météo favorable
2019-05-01,33,24,8,24,33,29,0,26,10,1012,2.25,31,5,24,113,113,116,0,7,13.1,météo idéale
2019-05-02,33,22,8,22,33,27,0.8,30,9.875,1012,20.625,30,7,22,116,116,176,0,7,13.1,météo favorable
2019-05-03,29,23,11,23,29,24,9.3,60,9.25,1013,39.75,28,17,23,116,176,176,0,7,12,météo correcte
2019-05-04,27,20,14,20,27,23,4.6,67,9.5,1012,56.5,27,16,20,116,176,176,0,5,12,météo correcte
2019-05-05,30,23,12,23,30,26,0.7,38,9.875,1011,7.5,28,13,23,113,113,113,0,7,13.2,météo idéale
2019-05-06,31,21,9,21,31,27,0,26,10,1012,0,28,5,21,113,113,113,0,7,13.2,météo idéale
2019-05-07,31,23,9,23,31,29,0,29,10,1009,0.5,30,8,23,113,116,113,0,7,13.2,météo favorable
2019-05-08,31,23,11,23,31,27,0,32,10,1009,1,29,9,23,113,116,113,0,7,13.2,météo favorable
2019-05-09,31,24,11,24,31,28,0,32,10,1008,1.125,29,9,24,113,116,113,0,7,13.2,météo favorable
2019-05-10,31,23,11,23,31,28,0.4,35,10,1011,35.875,30,10,23,116,116,176,0,7,13.2,météo favorable
2019-05-11,31,23,12,23,31,29,0.2,24,10,1012,36.5,29,5,23,116,116,176,0,7,13.3,météo favorable
2019-05-12,29,22,9,22,29,25,2.3,38,9.625,1012,44.625,27,10,22,116,176,176,0,7,12,météo favorable
2019-05-13,28,20,7,20,28,22,5.9,48,9.25,1012,80.625,27,10,20,176,176,176,0,5,8.3,météo défavorable
2019-05-14,29,22,8,22,29,23,1.7,44,9.875,1011,42.25,28,10,22,116,116,299,0,7,13.3,météo favorable
2019-05-15,28,22,9,22,28,23,3,50,9.875,1012,43.75,27,12,22,116,176,299,0,6,12,météo favorable
2019-05-16,27,21,11,21,27,23,7.1,52,9.375,1012,62.25,27,13,21,176,176,176,0,6,9.6,météo correcte
2019-05-17,30,22,12,22,30,27,0.9,38,9.875,1011,9.75,29,10,22,116,116,116,0,7,13.3,météo favorable
2019-05-18,31,23,16,23,31,26,0.2,30,10,1010,14.125,29,6,23,116,116,176,0,7,13.3,météo favorable
2019-05-19,31,22,8,22,31,26,0,35,10,1013,3.75,29,10,22,116,116,116,0,7,13.4,météo favorable
2019-05-20,30,24,9,24,30,27,0,38,10,1014,4.5,28,11,24,116,116,116,0,7,13.4,météo favorable
2019-05-21,30,23,10,23,30,27,0,36,10,1012,4.875,29,11,23,116,116,116,0,7,13.4,météo favorable
2019-05-22,31,25,10,25,31,25,4.5,48,9.625,1012,25.875,29,14,25,116,116,176,0,7,13.3,météo favorable
2019-05-23,29,22,8,22,29,23,11.5,62,8.625,1011,56.625,28,15,22,116,176,356,0,6,12,météo correcte
2019-05-24,28,22,10,22,28,24,19.2,66,7.875,1010,60.625,28,17,22,116,356,356,0,6,10.8,météo très défavorable
2019-05-25,29,22,13,22,29,24,6.4,57,9.375,1008,59,28,15,22,176,176,176,0,7,9.6,météo correcte
2019-05-26,29,23,10,23,29,25,0.1,49,10,1008,13.5,28,13,23,116,116,116,0,7,13.4,météo favorable
2019-05-27,29,23,10,23,29,27,1.8,54,9.75,1009,41.375,28,15,23,116,176,299,0,7,10.8,météo favorable
2019-05-28,30,24,10,24,30,26,0.2,47,10,1010,12.375,29,13,24,116,116,176,0,7,13.4,météo favorable
2019-05-29,29,24,8,24,29,24,3.4,55,9.875,1009,42.5,29,14,24,116,176,299,0,7,10.8,météo favorable
2019-05-30,29,22,5,22,29,23,6.5,58,9.375,1009,48.5,28,14,22,116,176,299,0,7,10.8,météo favorable
2019-05-31,28,22,7,22,28,23,9.9,64,8.75,1010,80.75,28,17,22,176,176,356,0,6,8.4,météo défavorable
2019-06-01,27,22,9,22,27,23,37.3,69,7.25,1009,69.25,28,17,22,116,356,356,0,5,10.8,météo très défavorable
2019-06-02,23,20,3,20,21,23,35.3,64,7.125,1011,68.875,25,15,20,356,356,176,0,5,9.6,météo très défavorable
2019-06-03,25,21,6,21,24,23,10.4,62,9,1010,69.875,26,14,21,176,176,116,0,5,8.4,météo défavorable
2019-06-04,25,21,6,21,25,23,7.8,70,9.375,1009,64,26,18,21,176,353,176,0,6,8.4,météo correcte
2019-06-05,27,21,6,21,27,23,7,74,9.125,1008,76.5,28,19,21,176,353,176,0,5,8.4,météo défavorable
2019-06-06,28,22,8,22,27,26,4.9,72,9.25,1010,79.375,28,18,22,176,176,176,0,5,8.4,météo défavorable
2019-06-07,30,23,11,23,30,25,6,65,9.625,1010,54.5,30,18,23,116,176,176,0,6,12.1,météo favorable
2019-06-08,29,23,10,23,29,25,16.6,67,8.75,1010,61.875,30,19,23,176,356,176,0,7,9.7,météo très défavorable
2019-06-09,29,23,10,23,29,25,19.4,67,15.5,1008,78.625,29,18,23,176,176,356,0,6,8.4,météo très défavorable
2019-06-10,28,22,9,22,28,24,17.7,63,11.875,1007,80.375,29,17,22,176,356,176,0,6,8.4,météo très défavorable
2019-06-11,28,22,9,22,28,24,18.6,69,10.125,1006,78,29,19,22,176,356,176,0,6,8.4,météo très défavorable
2019-06-12,29,23,10,23,29,25,14.3,67,18.75,1008,70.375,29,19,23,116,176,176,0,6,10.9,météo défavorable
2019-06-13,30,24,6,24,30,26,2.7,61,20,1006,48.625,31,18,24,116,176,176,0,7,12.1,météo favorable
2019-06-14,29,24,8,24,29,27,5.1,63,18.625,1004,47.875,30,19,24,176,176,116,0,7,12.1,météo favorable
2019-06-15,30,25,8,25,30,29,0.1,63,19.25,1005,17.625,30,19,25,116,116,113,0,6,13.9,météo favorable
2019-06-16,31,25,7,25,31,28,0.1,53,19,1004,13.625,30,18,25,116,176,113,0,7,13.3,météo favorable
2019-06-17,29,24,9,24,29,25,4.2,62,19.25,1005,36.375,29,18,24,176,176,176,0,7,13.3,météo favorable
2019-06-18,29,23,7,23,29,25,2,64,18.625,1006,46.375,29,17,23,176,176,176,0,6,13.3,météo favorable
2019-06-19,29,24,9,24,29,25,1.5,59,12.625,1007,40.875,29,17,24,116,176,116,0,6,13.3,météo favorable
2019-06-20,27,19,6,19,26,25,4,88,9.625,1008,52.125,28,18,19,293,176,116,0,5,12.2,météo favorable
2019-06-21,29,23,9,23,29,25,13.6,72,8.75,1009,59.375,30,20,23,116,176,356,0,6,11,météo défavorable
2019-06-22,24,22,5,22,23,23,24.6,82,8.5,1010,64.125,26,19,22,116,353,116,0,5,11,météo très défavorable
2019-06-23,26,22,7,22,26,25,29,83,8.125,1010,79.375,28,20,22,353,356,176,0,5,8.7,météo très défavorable
2019-06-24,27,23,7,23,27,25,17.5,82,8,1010,78,29,21,23,176,356,176,0,6,8.7,météo très défavorable
2019-06-25,27,23,8,23,27,25,28.6,80,7.125,1009,76.625,29,21,23,176,356,176,0,6,8.7,météo très défavorable
2019-06-26,27,23,8,23,27,25,41,80,5.875,1007,80.375,28,21,23,356,356,356,0,6,8.7,météo très défavorable
2019-06-27,27,23,8,23,27,24,28,79,7.375,1003,70.5,28,20,23,116,176,176,0,5,11,météo très défavorable
2019-06-28,28,23,6,23,28,25,5.6,71,9.5,1003,57.875,29,19,23,116,176,176,0,7,12.2,météo correcte
2019-06-29,28,23,8,23,28,25,2.9,72,9.5,1004,57.625,29,19,23,116,176,176,0,7,12.2,météo correcte
2019-06-30,26,22,6,22,26,24,11.6,80,9.125,1005,80.5,28,20,22,176,353,353,0,5,8.7,météo défavorable
2019-07-01,29,23,6,23,29,25,12.7,77,8.625,1005,65.125,30,20,23,116,356,176,0,6,12.2,météo défavorable
2019-07-02,27,23,7,23,27,24,39.4,86,7,1006,71.375,29,22,23,116,356,356,0,5,9.9,météo très défavorable
2019-07-03,25,23,7,23,25,24,43.4,88,7.125,1006,73.625,27,21,23,353,356,356,0,5,8.7,météo très défavorable
2019-07-04,26,23,6,23,26,24,42,87,7.25,1004,76.875,27,21,23,116,356,356,0,5,8.7,météo très défavorable
2019-07-05,26,23,6,23,26,24,51.2,88,6.5,1003,72.625,28,21,23,116,359,356,0,5,8.7,météo très défavorable
2019-07-06,26,23,6,23,26,23,62.3,87,5.75,1003,70.25,27,21,23,176,359,356,0,5,8.7,météo très défavorable
2019-07-07,25,21,7,22,25,21,42.4,93,7.375,1003,77.625,27,21,21,353,359,299,0,5,8.7,météo très défavorable
2019-07-08,25,22,5,22,25,22,26,91,8.25,1003,72.75,26,21,22,353,356,353,0,5,9.8,météo très défavorable
2019-07-09,22,20,4,21,22,22,10.2,95,9.625,1003,79.875,25,20,20,296,353,353,0,5,8.7,météo défavorable
2019-07-10,21,20,6,20,21,21,23.9,97,8.75,1003,85,23,20,20,293,176,353,0,5,8.7,météo très défavorable
2019-07-11,21,18,11,20,19,18,46,97,8.25,1004,91.125,23,20,18,293,302,296,0,4,8.7,météo très défavorable
2019-07-12,20,17,13,19,18,17,144.6,98,6.375,1006,99.875,20,19,17,308,308,296,0,4,8.7,météo très défavorable
2019-07-13,20,19,5,19,19,20,64.4,98,6.75,1006,86.875,20,19,19,302,308,293,0,4,8.7,météo très défavorable
2019-07-14,23,20,6,20,23,21,42.4,94,6.125,1003,74.375,25,20,20,353,356,356,0,5,9.8,météo très défavorable
2019-07-15,24,20,6,20,24,20,39.8,90,6.375,1004,80.625,26,20,20,353,359,176,0,5,8.7,météo très défavorable
2019-07-16,26,21,7,21,26,23,20.9,87,7.75,1006,76.25,27,20,21,176,356,356,0,5,8.6,météo très défavorable
2019-07-17,25,21,6,21,25,23,33,88,7.75,1006,78.5,27,20,21,176,356,176,0,5,8.6,météo très défavorable
2019-07-18,26,21,6,21,26,23,19.6,88,8.25,1006,71.625,28,21,21,116,356,176,0,5,11,météo très défavorable
2019-07-19,26,22,6,22,26,24,30.9,87,7.75,1007,71.5,28,21,22,116,356,356,0,5,10.8,météo très défavorable
2019-07-20,25,22,6,22,25,23,34.2,88,7,1009,73.125,27,21,22,176,356,176,0,5,8.4,météo très défavorable
2019-07-21,25,22,6,22,25,23,40.1,89,7,1007,77.375,27,21,22,353,359,176,0,5,8.4,météo très défavorable
2019-07-22,27,22,6,22,27,23,25.1,89,7.625,1006,82.5,28,22,22,176,356,356,0,5,8.4,météo très défavorable
2019-07-23,26,22,6,22,26,23,30.4,89,7.75,1006,76.75,27,21,22,176,356,353,0,5,8.4,météo très défavorable
2019-07-24,24,21,6,21,24,22,31.8,93,8.25,1005,64,26,21,21,353,356,353,0,5,12,météo très défavorable
2019-07-25,23,20,4,20,23,22,52.1,98,7.125,1007,82.75,25,21,20,353,356,353,0,5,8.3,météo très défavorable
2019-07-26,24,20,3,20,23,23,29.9,96,7.375,1005,73.25,26,21,20,353,356,356,0,5,8.3,météo très défavorable
2019-07-27,25,21,6,21,25,23,63.4,92,6.375,1006,75.875,27,21,21,119,356,356,0,5,9.6,météo très défavorable
2019-07-28,24,21,5,21,24,23,43.4,92,6.125,1008,71.125,26,21,21,176,356,356,0,5,8.3,météo très défavorable
2019-07-29,26,21,6,21,26,23,22.7,90,8.375,1008,68,28,21,21,116,353,356,0,5,12,météo très défavorable
2019-07-30,25,21,6,21,25,22,24.5,95,8.125,1008,70,27,21,21,293,356,176,0,5,9.5,météo très défavorable
2019-07-31,25,21,6,21,25,22,23.9,91,7.875,1007,72.25,27,21,21,119,356,356,0,5,8.3,météo très défavorable
2019-08-01,25,21,6,21,25,22,24.4,90,7.75,1007,61.625,27,21,21,116,356,356,0,5,10.8,météo très défavorable
2019-08-02,25,21,4,21,25,23,48.1,92,7.25,1005,73.625,27,21,21,293,356,353,0,5,8.3,météo très défavorable
2019-08-03,25,22,6,22,25,23,37.7,92,7,1005,70.75,27,21,22,176,356,356,0,5,9.5,météo très défavorable
2019-08-04,25,22,6,22,25,23,29.8,91,7,1004,73.375,27,22,22,119,356,356,0,5,8.3,météo très défavorable
2019-08-05,26,21,5,21,25,24,45.4,93,6.875,1003,80.25,28,22,21,176,176,356,0,5,8.3,météo très défavorable
2019-08-06,27,20,6,20,27,25,78.4,93,7.5,1003,81.5,29,22,20,293,176,353,0,5,8.3,météo très défavorable
2019-08-07,26,22,6,22,26,23,32.1,91,7.625,1003,67.25,28,22,22,116,356,353,0,5,10.7,météo très défavorable
2019-08-08,25,22,6,22,25,22,35.9,92,7.25,1004,69.75,27,21,22,353,359,356,0,5,8.2,météo très défavorable
2019-08-09,25,21,4,21,25,23,23.2,89,8.125,1008,84.875,27,21,21,176,356,353,0,5,8.2,météo très défavorable
2019-08-10,26,21,7,21,26,23,30.5,92,8.125,1006,73,28,22,21,119,356,176,0,5,9.5,météo très défavorable
2019-08-11,26,22,5,22,26,24,39.5,92,7.25,1006,70.25,28,22,22,299,356,356,0,5,8.2,météo très défavorable
2019-08-12,29,23,5,23,29,25,24.2,82,8.125,1005,66.875,31,22,23,116,356,176,0,6,10.7,météo très défavorable
2019-08-13,26,22,7,22,26,23,26.9,90,8,1007,71.25,28,21,22,116,356,353,0,5,9.5,météo très défavorable
2019-08-14,25,22,6,22,25,23,26.9,92,7.875,1009,70.375,27,21,22,116,356,356,0,5,9.4,météo très défavorable
2019-08-15,24,21,6,21,24,22,33.6,93,7.375,1009,72.625,26,21,21,176,356,356,0,5,9.4,météo très défavorable
2019-08-16,25,21,5,21,25,23,42.5,92,6.5,1008,78,27,21,21,176,356,356,0,5,8.2,météo très défavorable
2019-08-17,24,21,6,21,24,22,53,93,6,1009,72.875,26,21,21,176,359,356,0,5,8.2,météo très défavorable
2019-08-18,26,21,6,21,26,23,51.2,91,6.375,1010,74.125,27,21,21,176,356,359,0,5,8.1,météo très défavorable
2019-08-19,25,21,5,21,25,23,37.4,93,7.25,1010,62.75,27,21,21,353,356,356,0,5,9.4,météo très défavorable
2019-08-20,25,21,5,21,25,23,34.4,92,7.125,1009,74.25,27,21,21,176,356,356,0,5,8.1,météo très défavorable
2019-08-21,26,21,4,21,26,23,37.3,92,6.375,1008,71.5,28,21,21,176,356,356,0,5,8.1,météo très défavorable
2019-08-22,27,21,6,21,27,23,32.9,89,6.875,1008,66.25,29,21,21,116,356,356,0,5,11.9,météo très défavorable
2019-08-23,25,22,5,22,25,22,35.9,92,6.875,1008,79.75,27,21,22,176,359,353,0,5,8.1,météo très défavorable
2019-08-24,25,20,5,20,25,22,18.8,92,8,1010,79.125,27,21,20,176,176,356,0,5,8.1,météo très défavorable
2019-08-25,26,21,5,21,26,23,31.9,90,7.625,1010,67.875,27,20,21,116,356,353,0,5,10.7,météo très défavorable
2019-08-26,26,21,6,21,26,23,27.6,88,7.5,1010,79.5,28,21,21,176,359,353,0,5,8.1,météo très défavorable
2019-08-27,26,21,5,21,26,24,11.2,90,9,1009,67.75,28,22,21,116,356,353,0,6,8.1,météo défavorable
2019-08-28,27,22,6,22,27,23,25.5,93,8.5,1010,65.75,29,22,22,116,386,356,0,5,10.6,météo très défavorable
2019-08-29,26,21,4,21,25,23,45.7,91,7,1011,67.5,28,22,21,353,176,356,0,5,8,météo très défavorable
2019-08-30,26,21,5,21,26,23,37.4,92,7,1009,79,28,21,21,353,356,176,0,5,8,météo très défavorable
2019-08-31,25,21,5,21,25,23,38.4,92,7,1008,77.625,27,21,21,176,356,356,0,5,8,météo très défavorable
2019-09-01,25,20,4,20,23,23,52.2,96,7.5,1009,63.125,27,20,20,299,116,116,0,5,11.9,météo très défavorable
2019-09-02,27,22,4,22,27,24,15.5,83,8.125,1009,72.75,29,21,22,116,356,356,0,5,10.6,météo défavorable
2019-09-03,25,21,5,21,25,23,45.2,89,5.75,1008,76.625,27,21,21,176,356,356,0,5,8,météo très défavorable
2019-09-04,26,22,5,22,26,23,30.9,86,7.375,1007,66.75,27,21,22,116,176,356,0,5,10.6,météo très défavorable
2019-09-05,25,21,4,21,25,22,40.5,92,6.75,1008,72.125,27,21,21,176,176,356,0,5,9.3,météo très défavorable
2019-09-06,25,21,4,21,25,23,69.6,92,5.75,1007,73.75,27,21,21,293,356,359,0,5,8,météo très défavorable
2019-09-07,26,21,5,21,26,23,38.3,88,7.125,1007,69.25,27,21,21,116,356,356,0,5,9.3,météo très défavorable
2019-09-08,25,21,5,21,25,23,31.4,91,6.75,1008,75.375,27,22,21,176,356,356,0,5,7.9,météo très défavorable
2019-09-09,26,21,7,21,26,23,45.8,89,6.625,1007,68.875,28,21,21,116,356,359,0,5,10.6,météo très défavorable
2019-09-10,25,21,7,21,25,22,60.6,94,6.25,1007,74.375,27,21,21,353,356,356,0,5,7.9,météo très défavorable
2019-09-11,25,21,6,21,25,22,52.6,90,6.125,1009,75,27,21,21,176,359,359,0,5,7.9,météo très défavorable
2019-09-12,25,21,5,21,25,21,56.8,92,6,1010,76.75,27,21,21,176,359,359,0,5,9.2,météo très défavorable
2019-09-13,23,20,4,20,22,21,72,97,7.25,1011,80.625,26,20,20,353,176,356,0,5,9.2,météo très défavorable
2019-09-14,25,20,5,20,25,21,25.7,90,7.75,1011,82.875,26,20,20,119,356,356,0,5,7.9,météo très défavorable
2019-09-15,23,20,5,20,23,21,55.6,94,5.625,1011,75.375,25,20,20,356,356,356,0,5,9.2,météo très défavorable
2019-09-16,20,0,6,20,0,0,52.1,96,6.25,1010,80.75,26,20,20,308,359,356,0,4,7.9,météo très défavorable
2019-09-17,19,18,6,19,18,19,126,98,5.25,1013,82.125,20,19,18,302,302,143,0,4,9.2,météo très défavorable
2019-09-18,18,17,5,18,17,16,82.7,99,5.75,1016,89.375,18,18,17,302,308,299,0,4,7.9,météo très défavorable
2019-09-19,24,19,6,19,24,20,11.1,89,7.75,1016,76.25,26,18,19,116,176,176,0,5,7.8,météo défavorable
2019-09-20,25,19,5,19,25,21,5.6,80,9.25,1015,61.25,26,19,19,116,176,176,0,5,10.5,météo correcte
2019-09-21,24,19,5,19,24,20,14.2,86,8.75,1014,66.625,26,19,19,176,356,176,0,5,9.2,météo défavorable
2019-09-22,24,18,3,18,23,21,12.4,88,8.25,1017,81.125,25,18,18,263,176,176,0,5,7.8,météo défavorable
2019-09-23,24,19,5,19,24,19,14.1,82,9.25,1016,66.5,25,18,19,116,176,176,0,5,8.8,météo défavorable
2019-09-24,23,19,4,19,23,20,27.3,90,8,1017,74.125,25,19,19,353,356,353,0,5,6,météo très défavorable
2019-09-25,22,19,6,19,22,19,29.1,92,7.5,1020,70.875,25,19,19,176,356,353,0,5,6,météo très défavorable
2019-09-26,21,18,5,18,21,18,20.4,95,8.625,1020,69.5,21,18,18,353,356,353,0,4,7.4,météo très défavorable
2019-09-27,21,18,5,18,21,18,20.1,97,7.5,1019,72.875,21,18,18,353,356,143,0,4,6,météo très défavorable
2019-09-28,19,17,5,18,18,16,25.1,98,7.5,1017,80.625,19,18,17,353,308,263,0,4,6,météo très défavorable
2019-09-29,19,10,5,18,18,16,1.5,94,7.5,1017,59.375,18,17,18,116,263,116,0,4,10.2,météo correcte
2019-09-30,22,18,5,18,22,17,16.8,89,8.625,1015,55.5,23,17,18,116,356,356,0,5,8.8,météo très défavorable
2019-10-01,21,20,6,18,21,18,24.6,89,7.75,1013,66.25,21,18,20,176,356,353,0,4,6,météo très défavorable
2019-10-02,21,20,5,17,21,18,14.4,87,8.875,1015,69.875,24,18,20,353,356,353,0,4,8.8,météo défavorable
2019-10-03,22,20,5,18,22,19,25.9,85,7.5,1015,76.25,25,18,20,176,356,356,0,5,6,météo très défavorable
2019-10-04,23,21,6,18,23,19,7.8,81,8.25,1015,57.375,25,18,21,116,176,143,0,6,8.8,météo correcte
2019-10-05,23,21,5,18,23,19,8.4,84,8.125,1015,56.125,25,18,21,116,356,143,0,6,8.8,météo correcte
2019-10-06,23,21,6,18,23,19,4,82,9.375,1016,66.875,25,18,21,176,176,176,0,6,5.9,météo défavorable
2019-10-07,23,21,5,18,23,18,8.2,84,8.75,1017,59.5,25,18,21,116,353,176,0,6,8.8,météo correcte
2019-10-08,23,20,6,17,23,18,14.6,82,9,1017,66.5,25,17,20,176,356,176,0,5,7.3,météo défavorable
2019-10-09,23,21,6,17,23,18,9.6,80,9.125,1017,72.125,25,17,21,116,176,176,0,4,7.3,météo défavorable
2019-10-10,23,21,6,17,23,17,2.2,76,9.625,1016,45,25,17,21,116,176,116,0,4,10.1,météo favorable
2019-10-11,23,20,5,16,23,17,0.5,72,9.875,1016,32.375,25,15,20,116,176,116,0,5,10.1,météo favorable
2019-10-12,23,20,5,16,23,17,0.3,73,9.875,1016,46.75,25,15,20,116,176,116,0,5,5.7,météo favorable
2019-10-13,21,19,6,16,21,16,2.7,81,9.75,1016,61.5,23,16,19,176,176,176,0,5,4.3,météo correcte
2019-10-14,21,19,6,15,21,16,4.8,82,8.375,1018,68.125,23,16,19,119,176,143,0,5,4.3,météo défavorable
2019-10-15,23,20,6,16,23,16,3,75,9.75,1019,65.875,25,15,20,116,176,176,0,5,5.7,météo défavorable
2019-10-16,23,20,6,16,23,16,1.9,74,9.625,1019,51.125,25,15,20,116,176,176,0,5,7.2,météo favorable
2019-10-17,22,19,5,15,22,16,3.3,78,9.5,1019,56.5,23,16,19,116,176,176,0,5,5.7,météo correcte
2019-10-18,23,20,5,16,23,17,0.8,75,9.75,1020,46.625,25,16,20,116,176,116,0,5,7.2,météo favorable
2019-10-19,23,21,5,17,23,17,1.4,75,9.875,1020,49.375,25,16,21,116,386,176,0,5,7.2,météo correcte
2019-10-20,22,20,6,17,22,17,5.3,72,9.25,1020,74.125,25,16,20,176,386,176,0,4,4.2,météo défavorable
2019-10-21,25,22,7,18,25,18,0.6,63,9.875,1017,22.875,26,15,22,116,176,116,0,6,8.7,météo favorable
2019-10-22,23,20,6,17,23,16,0,68,10,1014,11.125,25,14,20,116,116,116,0,5,8.7,météo favorable
2019-10-23,21,20,4,15,21,16,0.1,69,10,1015,33.125,24,14,20,116,116,116,0,5,8.7,météo favorable
2019-10-24,21,18,7,15,21,14,2.6,76,9.625,1017,44.375,23,14,18,116,176,176,0,5,7.2,météo favorable
2019-10-25,20,17,6,14,20,14,1.7,75,9.875,1017,57,20,13,17,116,176,353,0,5,7.2,météo correcte
2019-10-26,21,19,5,13,21,14,0.6,68,9,1018,32.75,23,13,19,116,116,116,0,4,8.7,météo favorable
2019-10-27,23,20,4,16,23,16,0,59,10,1017,2.875,24,12,20,113,116,116,0,5,8.7,météo favorable
2019-10-28,20,18,5,14,20,14,0.5,76,8.5,1018,28.625,20,14,18,116,176,143,0,5,7.2,météo favorable
2019-10-29,23,20,4,15,23,16,0,67,9.375,1019,22,25,14,20,116,116,116,0,5,8.7,météo favorable
2019-10-30,21,18,6,15,21,15,3.8,81,9.5,1017,36.75,23,14,18,116,176,116,0,5,7.2,météo favorable
2019-10-31,21,19,5,14,21,14,1.1,69,9.75,1016,42.25,23,13,19,116,176,176,0,5,7.2,météo favorable
2019-11-01,21,11,6,13,21,14,2.2,72,9.5,1017,57.375,21,13,18,116,176,116,0,5,5.7,météo correcte
2019-11-02,21,10,5,14,21,15,2.7,75,9.75,1018,34,23,14,19,116,176,116,0,5,7.2,météo favorable
2019-11-03,23,12,6,15,23,15,5.1,69,9.25,1018,58.375,25,13,19,176,176,176,0,5,4.1,météo correcte
2019-11-04,21,12,6,14,21,14,8.6,74,9,1018,53.75,23,13,18,116,356,176,0,5,5.7,météo correcte
2019-11-05,19,8,6,13,19,13,4.8,76,9.375,1015,69.75,19,12,17,176,176,176,0,5,4.1,météo défavorable
2019-11-06,20,9,6,13,20,14,0.6,72,9.75,1014,41.625,20,13,18,116,176,116,0,5,7.2,météo favorable
2019-11-07,22,10,4,14,22,15,0.2,68,10,1017,31.5,25,13,20,116,116,116,0,5,8.7,météo favorable
2019-11-08,21,12,5,14,21,16,1.5,70,9.75,1018,57,25,14,19,116,176,176,0,5,7.2,météo correcte
2019-11-09,22,12,6,14,22,15,0.9,71,9.75,1018,47.375,25,14,19,116,386,176,0,5,7.2,météo correcte
2019-11-10,22,10,6,14,22,15,1.2,71,9.875,1017,46.25,23,13,19,116,176,176,0,5,7.2,météo favorable
2019-11-11,21,10,5,13,21,14,0.3,71,9.875,1015,47.625,23,13,18,116,176,116,0,5,7.2,météo favorable
2019-11-12,20,10,6,14,20,14,0.1,78,10,1019,36,20,14,18,116,116,116,0,5,8.7,météo favorable
2019-11-13,22,10,4,14,22,15,0,70,10,1021,19.375,25,14,19,116,116,116,0,5,8.7,météo favorable
2019-11-14,23,11,5,14,23,16,0,69,10,1021,15.625,25,14,20,116,116,116,0,5,8.7,météo favorable
2019-11-15,23,12,4,15,23,16,0,59,10,1020,7.5,25,13,21,116,116,116,0,5,8.7,météo favorable
2019-11-16,21,12,5,14,21,15,0,64,10,1019,9.375,22,13,19,116,116,116,0,5,8.7,météo favorable
2019-11-17,23,10,5,15,23,15,0,69,9,1018,19,25,14,20,113,116,143,0,5,8.7,météo favorable
2019-11-18,20,11,6,14,20,14,0.4,72,10,1017,55.75,20,14,18,116,116,119,0,4,8.7,météo correcte
2019-11-19,20,11,5,13,20,13,0.3,69,10,1017,40.125,20,12,18,116,116,116,0,5,8.7,météo favorable
2019-11-20,19,8,6,12,19,13,0.9,74,9.75,1018,63.75,19,12,16,116,176,119,0,5,5.6,météo correcte
2019-11-21,19,11,7,13,19,13,0.7,76,10,1019,54.625,19,12,17,116,176,116,0,4,7.2,météo favorable
2019-11-22,19,8,6,13,19,13,1.1,76,8.875,1019,49.5,19,12,17,116,176,143,0,5,7.2,météo favorable
2019-11-23,19,8,5,14,19,13,0.1,71,10,1018,26.25,19,13,17,116,116,116,0,5,8.7,météo favorable
2019-11-24,20,8,4,12,20,13,0,70,10,1019,25,20,12,17,116,116,116,0,5,8.7,météo favorable
2019-11-25,20,11,4,13,20,14,0,67,10,1020,17.5,20,11,17,116,116,116,0,5,8.7,météo favorable
2019-11-26,22,10,4,13,22,14,0,56,10,1020,8.625,24,10,18,116,116,116,0,5,8.7,météo favorable
2019-11-27,21,11,4,13,21,14,0.4,60,9.875,1021,24.75,24,12,19,116,116,176,0,5,8.7,météo favorable
2019-11-28,22,11,4,14,22,15,0,47,10,1022,9.375,24,10,20,116,116,116,0,4,8.7,météo favorable
2019-11-29,21,8,5,13,21,13,0.1,45,10,1021,26.125,22,7,18,116,116,176,0,5,8.7,météo favorable
2019-11-30,20,8,6,15,20,13,0,46,10,1019,3.75,20,8,18,113,116,116,0,5,8.7,météo favorable
2019-12-01,20,9,4,11,20,11,0,51,10,1019,4.125,20,7,17,116,116,116,0,1,8.7,météo favorable
2019-12-02,18,7,5,10,18,10,0,59,10,1019,11.25,18,7,15,116,116,116,0,1,8.7,météo favorable
2019-12-03,18,6,4,9,18,10,0,58,10,1020,14,18,7,15,116,116,116,0,1,8.7,météo favorable
2019-12-04,18,7,5,9,18,11,0,61,10,1023,8.625,18,9,15,116,116,116,0,1,8.7,météo favorable
2019-12-05,20,9,4,11,20,13,0,55,10,1024,5.875,20,8,16,116,116,116,0,1,8.7,météo favorable
2019-12-06,20,9,4,12,20,12,0,55,10,1023,10.625,20,8,17,116,116,116,0,1,8.7,météo favorable
2019-12-07,18,8,5,10,18,11,0,57,10,1022,13.5,18,7,15,116,116,116,0,1,8.7,météo favorable
2019-12-08,18,8,4,10,18,10,0,51,10,1021,8.625,18,6,15,116,116,116,0,1,8.7,météo favorable
2019-12-09,17,4,6,9,17,10,0,60,10,1020,17.125,17,7,14,116,116,116,0,1,8.7,météo correcte
2019-12-10,15,7,6,8,15,10,0.2,72,10,1017,37.125,15,8,12,116,176,116,0,1,7.1,météo correcte
2019-12-11,15,5,5,8,15,9,0.9,72,9.625,1016,47,15,8,13,116,176,116,0,1,5.6,météo correcte
2019-12-12,14,8,5,9,14,11,0.2,76,9.875,1019,61.25,14,9,12,122,176,116,0,1,4,météo correcte
2019-12-13,10,1,9,9,10,6,24.7,86,8.375,1020,68.125,10,8,7,293,302,293,0,1,4,météo très défavorable
2019-12-14,15,8,5,10,15,9,11.9,77,9,1023,59,15,9,12,116,176,116,0,1,7.1,météo correcte
2019-12-15,15,4,4,7,15,8,0,55,10,1023,50.125,15,4,12,116,116,116,0,1,7.1,météo correcte
2019-12-16,17,4,4,10,17,9,0,54,10,1023,4.5,17,5,14,113,116,116,0,1,8.7,météo correcte
2019-12-17,16,3,5,8,16,9,0.1,55,10,1022,14.75,16,5,13,116,116,116,0,1,8.7,météo correcte
2019-12-18,15,6,4,9,15,8,0,61,10,1021,7.125,15,6,13,116,116,116,0,1,8.7,météo correcte
2019-12-19,15,5,5,7,15,8,0,63,10,1020,11.625,15,6,12,116,116,116,0,1,8.7,météo correcte
2019-12-20,16,6,4,8,16,9,0,61,10,1017,10.625,16,6,13,116,116,116,0,1,8.7,météo correcte
2019-12-21,17,7,5,9,17,10,0,62,10,1018,9,17,7,14,116,116,116,0,1,8.7,météo correcte
2019-12-22,17,7,7,10,17,9,0,60,10,1020,8.125,17,7,14,116,116,116,0,1,8.7,météo correcte
2019-12-23,16,6,6,8,16,8,0,58,10,1019,11.125,16,5,13,116,116,116,0,1,8.7,météo correcte
2019-12-24,17,5,5,7,17,9,0,49,10,1020,5.625,17,4,13,116,113,116,0,1,8.7,météo correcte
2019-12-25,18,7,3,9,18,9,0,44,10,1019,1.375,18,4,14,113,113,116,0,1,8.7,météo favorable
2019-12-26,16,1,5,7,16,7,0,49,10,1020,4.875,16,3,13,113,116,116,0,1,8.7,météo très défavorable
2019-12-27,13,3,5,4,13,7,0,50,10,1023,8.75,13,1,9,116,116,116,0,1,8.7,météo correcte
2019-12-28,17,5,3,7,17,10,0,39,10,1023,0,17,2,13,113,113,113,0,1,8.7,météo correcte
2019-12-29,18,7,4,9,18,11,0,42,10,1022,0.5,18,5,14,113,113,116,0,1,8.7,météo favorable
2019-12-30,18,7,5,10,18,11,0,38,10,1022,1.625,18,3,15,113,116,113,0,1,8.7,météo favorable
2019-12-31,15,4,3,7,15,8,0,34,10,1024,49.125,15,0,12,116,122,122,0,1,5.6,météo correcte
2020-01-01,15,6,4,8,15,10,0,47,10,1025,27.25,15,2,12,116,116,116,0,1,8.7,météo correcte
2020-01-02,16,3,6,9,16,8,3.3,55,9.875,1026,41.75,16,5,13,116,386,176,0,1,7.1,météo correcte
2020-01-03,10,2,6,7,10,6,25.8,83,8.75,1024,75.125,10,5,7,353,296,299,0,1,4,météo très défavorable
2020-01-04,12,5,6,6,12,7,18.8,74,9,1019,73.25,12,6,10,176,386,353,0,1,4,météo très défavorable
2020-01-05,12,3,6,5,12,6,4.3,68,9.625,1018,61.625,12,4,9,116,176,116,0,1,5.6,météo très défavorable
2020-01-06,14,2,5,6,14,7,0,58,10,1020,9,14,5,11,116,116,116,0,1,8.7,météo correcte
2020-01-07,14,4,5,6,14,8,0.4,66,10,1019,21.375,14,5,11,116,116,116,0,1,8.7,météo correcte
2020-01-08,13,3,3,8,13,8,3.3,68,9.625,1019,73,13,7,10,116,293,176,0,1,5.6,météo très défavorable
2020-01-09,12,6,5,7,12,9,11.6,77,9,1019,77.75,12,7,10,176,356,176,0,1,4,météo défavorable
2020-01-10,13,3,6,6,13,8,0.8,74,9.75,1020,36.625,13,6,10,116,176,116,0,1,7.1,météo correcte
2020-01-11,14,5,4,6,14,9,0,64,10,1021,14.75,14,7,11,116,116,116,0,1,8.7,météo correcte
2020-01-12,17,4,4,9,17,10,0,60,10,1019,9.375,17,7,13,116,116,116,0,1,8.7,météo correcte
2020-01-13,18,8,4,9,18,11,0,62,10,1017,8.5,18,7,14,116,116,116,0,1,8.7,météo favorable
2020-01-14,19,7,7,12,19,12,0,52,10,1018,4.375,19,8,16,116,116,116,0,1,8.7,météo favorable
2020-01-15,19,6,6,10,19,12,0,47,10,1019,3.25,19,7,15,116,116,116,0,1,8.7,météo favorable
2020-01-16,16,8,5,10,16,10,4.8,72,9,1019,36.125,16,7,12,116,263,296,0,1,8.7,météo correcte
2020-01-17,10,5,7,8,9,9,35.6,93,7.25,1020,72.5,10,8,7,299,353,299,0,1,4,météo très défavorable
2020-01-18,15,4,5,8,15,10,5.7,62,9.25,1021,70.625,15,7,12,116,386,176,0,1,5.6,météo très défavorable
2020-01-19,14,6,6,8,14,8,2.7,55,9.875,1021,51.25,14,4,12,116,386,176,0,1,5.6,météo correcte
2020-01-20,14,5,4,7,14,8,0.4,52,10,1020,20.875,14,4,12,116,116,116,0,1,8.7,météo correcte
2020-01-21,14,5,4,7,14,9,0,48,10,1023,21.125,14,3,11,116,116,116,0,1,8.7,météo correcte
2020-01-22,18,8,9,10,18,12,0,42,10,1023,1.875,18,6,15,113,116,116,0,1,8.7,météo favorable
2020-01-23,16,6,7,9,16,8,0,52,10,1019,8.375,16,5,13,113,116,116,0,1,8.7,météo correcte
2020-01-24,14,1,6,5,14,7,0,63,10,1022,18.25,14,4,9,116,116,116,0,1,8.7,météo très défavorable
2020-01-25,15,3,6,6,15,8,0,60,10,1021,12.25,15,5,11,116,116,116,0,1,8.7,météo correcte
2020-01-26,11,5,7,6,11,7,5.1,80,9.5,1017,49.75,11,6,8,116,353,353,0,1,5.6,météo très défavorable
2020-01-27,13,4,6,5,13,8,0.4,74,10,1016,47.375,13,6,10,119,176,116,0,1,7.2,météo correcte
2020-01-28,17,5,8,7,17,11,0,52,10,1019,10,17,6,13,116,116,116,0,1,8.7,météo correcte
2020-01-29,18,4,9,10,18,10,0.9,53,9.875,1021,27.625,18,6,15,116,176,176,0,1,8.7,météo favorable
2020-01-30,14,6,6,7,14,9,5.1,64,9.75,1020,53.5,14,6,12,116,386,176,0,1,5.6,météo correcte
2020-01-31,14,5,7,7,14,9,0.2,65,9.875,1018,37.75,14,7,12,116,176,116,0,1,7.2,météo correcte
2020-02-01,12,2,8,7,12,7,5.1,88,9.5,1020,54.375,12,6,6,116,176,353,0,1,5.6,météo très défavorable
2020-02-02,13,3,6,5,13,8,1.1,76,9.875,1022,37.25,13,4,7,116,116,116,0,1,8.7,météo correcte
2020-02-03,15,5,9,7,15,9,0,83,10,1021,18.875,15,6,9,116,116,116,0,1,8.7,météo correcte
2020-02-04,15,4,6,7,15,9,0,79,10,1020,17.5,15,5,9,116,116,116,0,1,8.7,météo correcte
2020-02-05,15,5,8,6,15,9,0.3,78,9.875,1020,22.375,15,5,9,116,176,116,0,1,8.7,météo correcte
2020-02-06,13,6,8,8,13,9,0.7,79,9.875,1021,36.25,13,6,9,116,386,176,0,1,7.2,météo correcte
2020-02-07,15,4,7,6,15,9,0,73,10,1023,19.75,15,5,9,116,116,116,0,1,8.7,météo correcte
2020-02-08,13,2,10,7,13,7,0.9,68,9.625,1025,63.375,13,4,7,176,200,176,0,1,5.7,météo correcte
2020-02-09,15,4,6,6,15,9,0.1,60,9.875,1027,16,15,2,9,116,116,116,0,1,8.7,météo correcte
2020-02-10,16,5,6,9,16,9,0,64,10,1021,6.625,16,3,9,116,116,116,0,1,8.7,météo correcte
2020-02-11,17,5,8,8,17,10,0,76,10,1020,10.375,17,6,9,116,116,116,0,1,8.7,météo correcte
2020-02-12,18,7,6,9,18,12,0,73,10,1021,13.125,18,7,11,116,116,116,0,1,8.7,météo favorable
2020-02-13,19,7,5,10,19,12,0,76,10,1018,11,19,8,12,116,116,116,0,1,8.7,météo favorable
2020-02-14,18,7,7,9,18,13,0,74,10,1013,21.75,18,8,13,116,116,116,0,1,8.7,météo favorable
2020-02-15,17,8,8,9,17,12,0,73,10,1017,24.25,17,8,12,116,116,116,0,1,8.7,météo correcte
2020-02-16,16,8,5,10,16,15,0.1,75,10,1019,40.5,16,10,14,119,176,116,0,1,5.7,météo correcte
2020-02-17,17,7,8,10,17,12,1.1,85,9.875,1019,51.125,17,10,12,116,176,176,0,1,7.2,météo correcte
2020-02-18,18,6,9,10,18,12,0.5,84,9.875,1019,46.5,18,10,12,116,116,119,0,1,8.7,météo favorable
2020-02-19,16,9,8,12,16,12,5.9,81,9.375,1020,72,16,10,12,176,176,176,0,1,4.2,météo défavorable
2020-02-20,17,9,7,11,17,13,1.5,79,10,1020,48.625,17,9,13,116,386,176,0,1,7.2,météo correcte
2020-02-21,17,6,6,11,17,11,6.6,82,9,1024,56.875,17,9,11,176,386,263,0,1,5.7,météo correcte
2020-02-22,19,7,7,10,19,13,3.9,66,9.75,1024,65.25,19,8,14,116,386,176,0,1,5.7,météo défavorable
2020-02-23,18,7,8,11,18,12,7.1,74,9.5,1023,57.125,18,8,13,116,353,176,0,1,5.7,météo correcte
2020-02-24,20,9,9,11,20,13,3.2,65,9.875,1019,43.75,20,7,14,116,299,176,0,1,8.7,météo correcte
2020-02-25,16,3,9,10,16,9,17.1,89,9.125,1017,74.25,16,7,9,176,356,353,0,1,5.8,météo très défavorable
2020-02-26,11,5,3,9,11,9,7.9,80,8.625,1017,64.875,11,7,9,263,293,116,0,1,7.3,météo très défavorable
2020-02-27,18,6,6,8,18,12,0,73,10,1020,11.875,18,7,12,116,116,116,0,1,11.6,météo favorable
2020-02-28,18,8,8,10,18,13,0,74,10,1018,14.375,18,9,13,116,116,116,0,1,11.6,météo favorable
2020-02-29,19,6,8,11,19,13,5.1,77,9.5,1018,40.375,19,9,13,116,386,176,0,1,8.7,météo correcte
2020-03-01,20,10,9,12,20,15,7,73,9.875,1018,44.75,20,10,12,116,386,353,0,5,8.7,météo correcte
2020-03-02,20,11,9,13,20,14,3.3,67,9.625,1017,42.25,20,9,13,116,176,176,0,5,8.7,météo favorable
2020-03-03,19,11,8,12,19,14,5.1,73,9.25,1015,50.25,19,9,12,116,386,176,0,5,7.3,météo correcte
2020-03-04,19,11,8,12,19,14,0.7,68,9.875,1016,36.5,19,8,13,116,176,116,0,5,8.8,météo favorable
2020-03-05,19,10,6,11,19,14,1.4,63,10,1016,30.875,19,7,11,116,176,116,0,5,8.8,météo favorable
2020-03-06,19,9,9,11,19,14,2.7,61,10,1018,46.125,19,6,11,116,386,386,0,5,8.8,météo correcte
2020-03-07,15,9,5,10,15,13,9.2,72,8.25,1019,53.375,15,9,10,116,386,116,0,3,8.8,météo correcte
2020-03-08,20,10,7,11,20,16,0.1,62,10,1018,11.25,20,7,11,116,116,116,0,5,11.6,météo favorable
2020-03-09,21,11,7,13,21,15,0,67,10,1015,5.75,24,9,13,116,116,116,0,5,11.6,météo favorable
2020-03-10,21,11,8,13,21,16,1.2,70,9.875,1016,33.75,21,10,13,116,386,176,0,5,10.2,météo correcte
2020-03-11,22,12,8,14,22,17,0.3,68,10,1016,19.5,24,9,14,116,116,116,0,5,11.6,météo favorable
2020-03-12,24,13,6,15,24,18,0,55,10,1020,7.875,24,8,15,116,116,116,0,5,11.6,météo favorable
2020-03-13,18,14,8,15,17,14,3.4,63,10,1021,41.25,18,8,15,116,353,176,0,5,7.4,météo correcte
2020-03-14,19,12,11,13,19,15,5,79,9.75,1020,57.375,19,11,13,176,353,386,0,5,6,météo correcte
2020-03-15,20,10,9,13,20,14,4,71,9.625,1019,43.875,20,9,13,116,116,176,0,4,11.6,météo favorable
2020-03-16,22,12,8,14,22,15,0.2,55,10,1019,10.125,22,6,14,113,116,116,0,5,11.6,météo favorable
2020-03-17,21,13,10,14,21,16,0,57,10,1020,11,22,8,14,116,116,116,0,5,11.6,météo favorable
2020-03-18,23,12,12,14,23,18,0,61,10,1018,7.375,24,8,14,116,116,116,0,5,11.6,météo favorable
2020-03-19,22,13,9,14,22,18,0.5,53,9.875,1016,21.375,24,7,15,116,116,176,0,5,11.6,météo favorable
2020-03-20,20,12,5,14,20,14,6,66,9.75,1016,76.75,20,9,14,299,386,176,0,4,6,météo défavorable
2020-03-21,18,12,7,13,18,14,8.8,76,9.25,1016,60.375,18,9,14,176,353,176,0,5,6,météo correcte
2020-03-22,19,11,8,13,19,13,33.2,87,7.875,1017,58.875,19,11,13,116,356,305,0,5,6.1,météo très défavorable
2020-03-23,18,11,7,12,18,15,16.6,74,8.875,1017,56.5,18,11,13,116,176,176,0,5,7.4,météo très défavorable
2020-03-24,22,12,8,14,22,18,0.1,70,9.875,1016,19.875,24,11,14,116,116,116,0,5,11.6,météo favorable
2020-03-25,22,14,6,16,22,18,5.9,71,9.5,1014,42.375,25,13,16,116,353,176,0,5,8.8,météo correcte
2020-03-26,26,14,5,16,26,22,0,64,10,1015,8.5,26,12,17,116,116,116,0,6,12.2,météo favorable
2020-03-27,27,17,8,19,27,23,0,53,10,1016,16.25,26,10,19,116,116,116,0,6,12.6,météo favorable
2020-03-28,27,18,10,20,27,23,0,56,10,1015,10.375,26,11,20,116,113,113,0,6,12.6,météo idéale
2020-03-29,28,18,9,20,28,22,0,39,10,1014,0.75,26,7,20,113,113,116,0,6,12.6,météo idéale
2020-03-30,28,17,8,19,28,23,0,37,10,1015,0.25,26,7,19,113,113,113,0,6,12.6,météo idéale
2020-03-31,28,18,10,20,28,22,0,34,10,1016,1.125,26,6,20,116,116,116,0,6,12.7,météo favorable
