DATE,MAX_TEMPERATURE_C,MIN_TEMPERATURE_C,WINDSPEED_MAX_KMH,TEMPERATURE_MORNING_C,TEMPERATURE_NOON_C,TEMPERATURE_EVENING_C,PRECIP_TOTAL_DAY_MM,HUMIDITY_MAX_PERCENT,VISIBILITY_AVG_KM,PRESSURE_MAX_MB,CLOUDCOVER_AVG_PERCENT,HEATINDEX_MAX_C,DEWPOINT_MAX_C,WINDTEMP_MAX_C,WEATHER_CODE_MORNING,WEATHER_CODE_NOON,WEATHER_CODE_EVENING,TOTAL_SNOW_MM,UV_INDEX,SUNHOUR,OPINION
2009-01-01,25,0,17,22,23,22,0.3,72,9,1014,54.75,26,17,22,113,119,116,0,1,5.7,météo très défavorable
2009-01-02,28,0,17,20,28,25,0,67,10,1016,54.25,29,17,23,119,116,116,0,1,10.2,météo favorable
2009-01-03,22,0,11,20,21,21,0.3,73,9.375,1017,29.25,25,16,20,116,116,113,0,1,11.6,météo favorable
2009-01-04,31,0,8,19,31,25,0,59,10,1015,14.875,32,18,25,113,113,113,0,1,11.6,météo favorable
2009-01-05,32,0,12,21,31,26,0,53,10,1013,10.375,34,18,26,113,113,113,0,1,11.6,météo favorable
2009-01-06,32,0,14,21,32,26,0,44,10,1014,7.875,32,16,27,113,113,113,0,1,11.6,météo favorable
2009-01-07,32,0,14,21,32,27,0,46,10,1015,13.875,33,15,27,113,113,113,0,1,11.6,météo favorable
2009-01-08,32,0,14,23,32,27,0,50,10,1016,8.625,32,18,27,113,113,113,0,1,11.6,météo favorable
2009-01-09,29,0,23,20,28,24,0,52,10,1019,2.625,28,16,24,113,113,113,0,1,11.6,météo favorable
2009-01-10,26,0,18,16,26,21,0,50,10,1020,6.25,26,11,21,113,113,113,0,1,11.6,météo favorable
2009-01-11,26,0,16,15,26,20,0,43,10,1018,3,25,9,21,113,113,113,0,1,11.6,météo favorable
2009-01-12,28,0,14,15,27,20,0,45,10,1020,0.875,27,11,22,113,113,113,0,1,11.6,météo favorable
2009-01-13,28,0,21,17,27,22,0,51,10,1022,10.375,27,13,22,113,113,113,0,1,11.6,météo favorable
2009-01-14,27,0,19,17,26,22,0,46,10,1021,1.375,27,11,22,113,113,113,0,1,11.6,météo favorable
2009-01-15,27,0,18,16,26,21,0,51,10,1021,0,27,13,21,113,113,113,0,1,11.6,météo favorable
2009-01-16,29,0,17,16,28,22,0,50,10,1020,0,28,13,22,113,113,113,0,1,11.6,météo favorable
2009-01-17,30,0,12,17,29,23,0,47,10,1017,2.75,30,13,24,113,113,113,0,1,11.6,météo favorable
2009-01-18,31,0,8,18,31,24,0,44,10,1016,4.25,33,16,25,113,113,113,0,1,11.6,météo favorable
2009-01-19,33,0,7,18,33,25,0,46,10,1015,8.625,33,14,26,113,113,113,0,1,11.6,météo favorable
2009-01-20,33,0,8,19,33,26,0,45,10,1014,3.75,38,19,28,113,113,113,0,1,11.6,météo favorable
2009-01-21,34,0,6,20,34,26,0,45,10,1014,4.75,37,21,27,113,113,113,0,1,11.6,météo favorable
2009-01-22,34,0,6,20,34,25,0,49,10,1012,3.875,35,21,28,113,113,113,0,1,11.6,météo favorable
2009-01-23,35,0,5,20,35,26,0,56,10,1012,2.25,39,21,29,113,113,113,0,1,11.6,météo favorable
2009-01-24,33,0,14,21,33,28,0,50,10,1014,17.375,34,19,29,113,113,113,0,1,11.6,météo favorable
2009-01-25,33,0,14,24,31,28,0,57,10,1014,52.25,35,18,25,116,116,116,0,1,10.2,météo favorable
2009-01-26,36,0,8,22,36,28,0,58,10,1014,11.5,40,21,29,113,113,113,0,1,11.6,météo très défavorable
2009-01-27,34,0,10,23,34,27,0.1,62,10,1013,11.875,37,24,28,113,113,113,0,1,11.6,météo favorable
2009-01-28,33,0,9,24,33,28,0.4,60,9.875,1013,26.125,35,22,28,113,113,113,0,1,11.6,météo favorable
2009-01-29,35,0,5,23,35,28,0,50,10,1013,7.25,39,24,29,113,113,113,0,1,11.6,météo favorable
2009-01-30,35,0,9,23,35,28,0,59,10,1013,10.25,37,21,28,113,113,113,0,1,11.6,météo favorable
2009-01-31,34,0,11,23,34,28,0,62,10,1013,14.625,36,22,28,113,116,113,0,1,11.6,météo favorable
2009-02-01,33,0,11,23,33,28,0.4,61,10,1013,25.625,36,23,28,113,116,113,0,1,10.2,météo favorable
2009-02-02,35,0,6,23,35,29,0,53,10,1014,14.875,38,23,29,113,116,113,0,1,11.6,météo favorable
2009-02-03,36,0,7,24,36,28,0,51,10,1014,15.625,38,21,29,116,113,113,0,1,11.6,météo favorable
2009-02-04,34,0,10,23,34,28,0,60,10,1013,14,35,21,28,113,113,113,0,1,11.6,météo favorable
2009-02-05,33,0,8,24,32,28,0,58,10,1012,19.5,36,22,29,113,116,113,0,1,11.6,météo favorable
2009-02-06,35,0,12,23,35,28,0,51,10,1014,13.5,35,21,29,113,113,113,0,1,11.6,météo favorable
2009-02-07,34,0,13,23,34,27,0,43,10,1013,10.625,35,18,28,113,113,113,0,1,11.6,météo favorable
2009-02-08,36,0,8,22,36,28,0,54,10,1015,7.5,37,19,29,113,113,113,0,1,11.6,météo favorable
2009-02-09,36,0,9,23,36,27,0,39,10,1014,4.25,36,20,29,113,113,113,0,1,11.6,météo favorable
2009-02-10,35,0,10,22,35,27,0,39,10,1013,6.75,35,15,28,113,113,113,0,1,11.6,météo favorable
2009-02-11,36,0,8,23,36,28,0,47,10,1012,7.25,38,17,29,113,113,113,0,1,11.6,météo favorable
2009-02-12,35,0,10,24,35,28,0,58,10,1010,8.75,39,21,29,113,113,113,0,1,11.6,météo favorable
2009-02-13,35,0,10,24,35,27,0,47,10,1010,7,36,24,28,113,113,113,0,1,11.6,météo favorable
2009-02-14,36,0,10,24,36,27,0,38,10,1009,4.25,36,21,30,113,113,113,0,1,11.6,météo favorable
2009-02-15,36,0,11,22,36,28,0,41,10,1010,0.5,40,22,30,113,113,113,0,1,11.6,météo très défavorable
2009-02-16,35,0,10,23,35,29,0,45,10,1012,6,37,21,30,113,113,113,0,1,11.6,météo favorable
2009-02-17,38,0,10,25,38,32,0.1,44,10,1011,20.75,41,21,32,116,113,116,0,1,11.6,météo très défavorable
2009-02-18,33,0,10,27,33,29,1.1,63,9.875,1011,39.75,37,23,30,116,116,113,0,1,10.2,météo favorable
2009-02-19,36,0,14,25,36,29,0.2,72,9.875,1011,33.125,40,24,29,116,116,113,0,1,10.2,météo très défavorable
2009-02-20,34,0,10,26,34,29,0.3,67,10,1013,22.75,40,24,30,113,116,113,0,1,11.6,météo très défavorable
2009-02-21,34,0,14,26,34,29,1.1,67,9.875,1012,19.5,38,24,29,113,116,113,0,1,11.6,météo favorable
2009-02-22,34,0,17,26,34,29,0,70,10,1010,25,38,24,29,113,119,113,0,1,10.2,météo très défavorable
2009-02-23,36,0,18,25,36,29,0,61,10,1010,8.875,40,24,30,113,113,113,0,1,11.6,météo très défavorable
2009-02-24,36,0,18,26,36,29,0,68,10,1010,16.25,39,23,29,113,113,113,0,1,11.6,météo favorable
2009-02-25,34,0,15,26,34,29,1.3,70,9.75,1011,22,39,25,29,113,116,113,0,1,11.6,météo favorable
2009-02-26,36,0,18,27,36,28,0.3,73,9.875,1010,15,40,25,28,113,116,113,0,1,11.6,météo très défavorable
2009-02-27,34,0,14,26,34,29,0.9,68,9.875,1011,10.75,40,24,29,113,113,113,0,1,11.6,météo très défavorable
2009-02-28,33,0,13,27,33,28,0,73,9.875,1011,24.25,38,25,29,116,116,113,0,1,11.6,météo favorable
2009-03-01,28,0,11,26,28,26,1.4,83,9,1011,52.875,31,24,26,263,119,116,0,1,8.8,météo très défavorable
2009-03-02,36,0,10,26,36,30,0,60,10,1011,28.375,41,24,30,113,116,116,0,1,11.6,météo très défavorable
2009-03-03,34,0,9,26,33,29,1.2,72,10,1012,43.5,38,23,28,116,116,116,0,1,8.8,météo favorable
2009-03-04,34,0,17,27,34,28,0.3,75,9.875,1010,29.25,38,23,28,113,116,113,0,1,11.6,météo favorable
2009-03-05,34,0,15,26,34,29,0,64,9.875,1011,21,38,24,29,200,113,113,0,1,11.6,météo favorable
2009-03-06,34,0,13,27,34,29,0,64,10,1011,19.375,39,25,30,113,116,113,0,1,11.6,météo favorable
2009-03-07,34,0,18,27,34,28,0.6,75,9.875,1012,15.25,40,25,29,113,116,113,0,1,11.6,météo très défavorable
2009-03-08,31,0,15,27,31,28,1.9,78,9.75,1012,42.875,37,25,28,116,116,116,0,1,11.6,météo favorable
2009-03-09,34,0,12,27,34,29,0.4,73,9.875,1013,32.125,40,25,29,116,116,116,0,1,11.6,météo très défavorable
2009-03-10,33,0,17,27,33,28,1.5,74,9.75,1013,22,38,26,28,113,116,113,0,1,11.6,météo favorable
2009-03-11,34,0,21,27,34,28,0.4,75,9.875,1012,28.875,38,24,28,116,116,113,0,1,11.6,météo favorable
2009-03-12,35,0,20,27,35,29,0.1,71,10,1012,20.5,39,24,29,113,116,113,0,1,11.6,météo favorable
2009-03-13,34,0,6,27,34,29,0.5,79,10,1013,37,42,25,28,119,113,113,0,1,11.6,météo très défavorable
2009-03-14,29,0,30,27,29,24,1.4,73,9.875,1015,29.625,32,24,25,116,113,116,0,1,11.6,météo favorable
2009-03-15,32,0,12,22,32,27,0,59,10,1014,21.75,34,19,28,113,116,113,0,1,11.6,météo favorable
2009-03-16,32,0,8,25,32,28,0,49,10,1012,17.375,34,19,29,113,113,113,0,1,11.6,météo favorable
2009-03-17,36,0,13,26,36,30,0.7,61,9.875,1011,27,39,23,30,113,116,116,0,1,11.6,météo favorable
2009-03-18,35,0,5,27,35,29,1.4,75,9.875,1011,55.25,41,24,29,116,119,116,0,1,8.8,météo très défavorable
2009-03-19,33,0,14,26,33,27,0,73,10,1011,48.25,38,24,28,116,116,116,0,1,11.6,météo favorable
2009-03-20,33,0,15,26,33,29,1.4,74,9.625,1011,38.875,37,24,29,116,116,116,0,1,11.6,météo favorable
2009-03-21,33,0,14,26,33,28,2.7,71,9.875,1011,38,38,24,28,116,113,116,0,1,11.6,météo favorable
2009-03-22,33,0,15,27,33,28,0.7,72,10,1012,17.875,38,25,28,113,113,113,0,1,11.6,météo favorable
2009-03-23,34,0,13,27,34,29,0,64,10,1012,22.875,39,24,30,113,113,116,0,1,11.6,météo favorable
2009-03-24,35,0,12,27,35,30,0.1,69,10,1012,22.25,41,25,31,116,116,113,0,1,11.6,météo très défavorable
2009-03-25,34,0,12,28,34,30,1.7,65,9.875,1012,18.375,39,26,30,113,116,113,0,1,11.6,météo favorable
2009-03-26,32,0,11,27,32,29,1.3,78,9.875,1012,30.75,38,24,28,116,116,113,0,1,10.2,météo favorable
2009-03-27,34,0,15,27,34,29,0.2,65,9.875,1013,18.125,37,24,29,113,116,113,0,1,11.6,météo favorable
2009-03-28,36,0,12,27,36,30,0,61,10,1013,15.25,41,26,30,113,116,113,0,1,11.6,météo très défavorable
2009-03-29,35,0,13,28,35,30,0,57,10,1011,19.75,39,23,31,113,116,113,0,1,11.6,météo favorable
2009-03-30,34,0,6,27,34,29,1.4,78,9.875,1010,41.25,40,24,28,119,116,116,0,1,11.6,météo très défavorable
2009-03-31,33,0,9,28,32,29,0.8,70,9.625,1011,21.875,40,24,30,113,119,113,0,1,10.2,météo très défavorable
2009-04-01,33,0,9,25,33,27,3,78,9.625,1012,26.75,37,24,27,113,116,113,0,1,11.6,météo favorable
2009-04-02,33,0,14,26,33,28,0.9,71,10,1011,20.5,38,23,29,113,116,113,0,1,11.6,météo favorable
2009-04-03,36,0,10,27,36,28,2.1,76,9.75,1012,25.625,44,25,29,113,116,116,0,1,11.6,météo très défavorable
2009-04-04,34,0,15,27,34,28,1,74,10,1012,29.25,41,25,29,113,116,116,0,1,11.6,météo très défavorable
2009-04-05,38,0,6,28,38,32,0.6,53,9.875,1012,24.25,44,25,32,113,116,116,0,1,11.6,météo très défavorable
2009-04-06,34,0,8,28,34,28,1.1,79,9.875,1011,31.125,41,25,29,116,116,113,0,1,11.6,météo très défavorable
2009-04-07,31,0,8,27,31,27,5.7,85,9.5,1011,33.25,39,25,27,113,113,116,0,1,11.6,météo favorable
2009-04-08,33,0,5,26,33,28,3.8,87,9.625,1011,35.125,41,26,28,116,116,113,0,1,11.6,météo très défavorable
2009-04-09,32,0,7,27,32,28,3.4,82,9.625,1010,28.75,40,26,28,113,116,116,0,1,11.6,météo très défavorable
2009-04-10,27,0,7,26,27,26,0.6,83,9.25,1011,55.25,32,24,27,119,119,116,0,1,10.2,météo très défavorable
2009-04-11,33,0,10,27,33,28,0.6,82,9.375,1011,53.75,40,25,28,116,116,116,0,1,10.2,météo très défavorable
2009-04-12,33,0,11,26,33,28,0.9,75,9.875,1011,28.875,41,25,29,113,116,113,0,1,11.6,météo très défavorable
2009-04-13,33,0,12,28,33,29,0.7,74,9.875,1008,21.875,40,26,29,113,113,113,0,1,11.6,météo très défavorable
2009-04-14,34,0,15,28,34,29,0.6,70,9.75,1009,20.625,39,25,30,113,116,113,0,1,11.6,météo favorable
2009-04-15,36,0,15,28,36,30,0,69,10,1009,23.5,42,25,30,116,116,113,0,1,11.6,météo très défavorable
2009-04-16,36,0,12,28,36,31,0.1,59,10,1009,22.625,41,25,31,113,113,116,0,1,11.6,météo très défavorable
2009-04-17,36,0,11,27,36,31,8,58,9.125,1008,30.75,41,24,32,356,113,116,0,1,11.6,météo très défavorable
2009-04-18,36,0,12,28,36,32,3,54,9.625,1011,39,41,24,32,113,116,122,0,1,10.2,météo très défavorable
2009-04-19,36,0,15,28,36,32,0.1,54,10,1011,31.75,40,24,32,116,116,113,0,1,12.3,météo très défavorable
2009-04-20,37,0,18,28,37,32,0,52,10,1008,10.625,41,23,33,113,113,116,0,1,12.3,météo très défavorable
2009-04-21,37,0,17,28,37,33,0,50,10,1007,13.875,40,23,33,113,113,116,0,1,12.7,météo très défavorable
2009-04-22,37,0,17,29,37,32,0.2,49,9.875,1008,19.625,41,22,33,113,113,116,0,1,12.7,météo très défavorable
2009-04-23,38,0,17,28,38,33,0.5,47,9.875,1009,21.625,41,22,33,113,113,116,0,1,12.7,météo très défavorable
2009-04-24,38,0,13,29,38,33,0,49,10,1008,22.25,42,22,34,113,113,116,0,1,12.7,météo très défavorable
2009-04-25,40,0,11,29,40,32,0,49,10,1008,29,45,22,33,113,116,116,0,1,12.7,météo très défavorable
2009-04-26,33,0,7,27,33,27,2.6,80,9.875,1011,65.875,38,24,27,116,122,122,0,1,11.9,météo très défavorable
2009-04-27,33,0,5,25,32,28,1.2,85,10,1011,75.75,38,24,27,122,116,116,0,1,11.9,météo très défavorable
2009-04-28,33,0,6,27,33,28,2,80,9.75,1010,49.125,42,25,28,116,116,116,0,1,12.8,météo très défavorable
2009-04-29,35,0,9,27,35,29,2.1,76,10,1010,42.375,41,25,29,116,113,116,0,1,12.8,météo très défavorable
2009-04-30,34,0,10,27,34,28,2.6,79,9.875,1010,44.625,40,25,28,116,116,116,0,1,12.8,météo très défavorable
2009-05-01,33,0,9,27,33,28,1.2,86,9.875,1011,46.5,42,26,29,116,116,200,0,1,12.8,météo très défavorable
2009-05-02,30,0,12,27,30,27,2.5,88,9.875,1011,47.375,37,25,28,116,200,116,0,1,12.8,météo très défavorable
2009-05-03,32,0,9,26,30,27,0.6,80,10,1011,49.5,38,25,28,116,116,113,0,1,12.8,météo favorable
2009-05-04,34,0,10,25,34,29,1.5,68,9.875,1010,28.625,38,24,29,113,116,116,0,1,12.8,météo favorable
2009-05-05,35,0,4,26,35,28,0,68,10,1009,22.625,40,24,29,116,113,113,0,1,12.8,météo très défavorable
2009-05-06,36,0,8,28,36,30,0,57,10,1009,10.25,41,25,31,113,113,113,0,1,12.8,météo très défavorable
2009-05-07,38,0,8,28,38,31,0,60,10,1007,22,45,25,31,113,116,116,0,1,12.8,météo très défavorable
2009-05-08,36,0,9,29,36,31,2.3,61,9.875,1007,35.75,43,26,31,113,116,116,0,1,12.8,météo très défavorable
2009-05-09,34,0,10,29,34,29,2.3,82,9.625,1006,30.375,43,26,29,113,113,200,0,1,12.8,météo très défavorable
2009-05-10,36,0,13,27,36,30,2.1,69,9.75,1007,45.375,46,26,30,116,113,116,0,1,12.8,météo très défavorable
2009-05-11,33,0,5,26,33,27,1.8,89,9.875,1008,46.5,41,26,28,116,116,116,0,1,12.8,météo très défavorable
2009-05-12,30,0,11,26,30,27,0.2,91,10,1008,58.5,37,26,27,116,119,119,0,1,10.6,météo très défavorable
2009-05-13,32,0,9,26,32,26,1.4,93,8.875,1008,66.5,40,26,27,119,116,116,0,1,11.9,météo très défavorable
2009-05-14,30,0,15,26,30,26,0.7,87,9,1008,61.125,35,25,27,116,119,116,0,1,10.6,météo très défavorable
2009-05-15,31,0,15,26,31,27,0.7,85,9.875,1009,47.625,36,25,27,116,119,116,0,1,11.9,météo très défavorable
2009-05-16,32,0,9,27,32,27,2.9,87,9.875,1011,47.875,40,26,28,116,116,119,0,1,12.9,météo très défavorable
2009-05-17,31,0,8,26,31,28,2.4,93,9.75,1012,61,39,26,26,122,116,116,0,1,11.9,météo très défavorable
2009-05-18,31,0,12,27,31,27,1.7,86,9.875,1011,25,39,25,28,113,116,113,0,1,12.9,météo favorable
2009-05-19,33,0,12,27,33,27,0.2,87,9.875,1010,30.375,41,25,27,113,113,116,0,1,12.9,météo très défavorable
2009-05-20,30,0,9,27,30,26,0.7,94,9.875,1009,45.125,37,26,27,116,116,116,0,1,12.9,météo favorable
2009-05-21,31,0,11,27,31,27,0.5,86,9.375,1009,60.75,38,26,27,116,119,122,0,1,11.9,météo très défavorable
2009-05-22,33,0,8,27,33,27,0.8,85,10,1009,55.625,41,25,27,116,116,116,0,1,12.9,météo très défavorable
2009-05-23,32,0,17,26,32,26,1.3,80,9.875,1008,62.375,38,24,27,119,116,119,0,1,11.9,météo très défavorable
2009-05-24,31,0,17,27,31,28,0.1,74,9.625,1007,50.25,37,25,28,200,200,116,0,1,12.9,météo très défavorable
2009-05-25,31,0,9,27,31,27,0,88,9.75,1008,51.875,37,25,27,116,122,116,0,1,12.9,météo très défavorable
2009-05-26,26,0,10,26,26,26,0.3,95,5.875,1008,73.875,32,25,26,122,122,143,0,1,9.4,météo très défavorable
2009-05-27,28,0,12,25,28,27,10,92,5.875,1007,63.375,34,26,27,248,200,200,0,1,12.9,météo très défavorable
2009-05-28,29,0,12,26,29,26,0.2,87,8.75,1008,66.25,34,25,27,122,200,116,0,1,10.6,météo très défavorable
2009-05-29,32,0,17,26,32,27,0,81,8.875,1009,46.375,37,25,28,119,116,116,0,1,12.9,météo favorable
2009-05-30,32,0,18,26,32,27,0.7,84,9.875,1010,36.625,38,25,27,113,116,116,0,1,12.9,météo favorable
2009-05-31,31,0,12,27,31,27,0.1,85,10,1010,62.125,37,24,27,116,119,116,0,1,11.9,météo très défavorable
2009-06-01,30,0,14,27,30,27,3.2,90,10,1009,55,36,26,27,116,119,116,0,1,10.6,météo très défavorable
2009-06-02,31,0,17,27,31,27,0,84,9.875,1008,44.875,37,25,27,116,116,116,0,1,12.9,météo favorable
2009-06-03,32,0,13,27,32,26,0.1,87,10,1007,37.125,37,25,26,113,116,116,0,1,12.9,météo favorable
2009-06-04,30,0,19,26,30,26,0.6,89,9.875,1006,58.625,35,24,26,116,122,116,0,1,12.9,météo très défavorable
2009-06-05,29,0,22,26,29,26,3.3,90,9.875,1008,58.875,35,26,26,116,119,116,0,1,11.9,météo très défavorable
2009-06-06,30,0,19,26,30,26,0.3,85,9.875,1009,41.875,35,25,27,116,119,113,0,1,11.9,météo très défavorable
2009-06-07,32,0,18,27,32,28,0,70,10,1008,24.5,37,24,29,113,116,113,0,1,12.9,météo favorable
2009-06-08,32,0,18,27,32,27,1.3,87,9.875,1009,32.75,38,25,27,113,119,113,0,1,12.9,météo très défavorable
2009-06-09,31,0,16,26,31,26,0.2,90,9.875,1010,39.125,37,25,27,116,113,119,0,1,12.9,météo favorable
2009-06-10,30,0,7,26,30,26,1.4,91,10,1010,48.875,37,26,27,116,116,116,0,1,13,météo favorable
2009-06-11,29,0,10,26,29,26,1,88,10,1010,46.375,35,25,27,119,116,116,0,1,11.9,météo favorable
2009-06-12,31,0,10,26,31,27,0.1,85,10,1011,32.75,36,25,27,113,116,116,0,1,13,météo favorable
2009-06-13,32,0,14,27,32,27,0,81,10,1011,31.125,37,25,28,113,116,113,0,1,13,météo favorable
2009-06-14,32,0,15,26,32,27,1.1,84,9.875,1010,32.75,38,25,27,113,116,116,0,1,13,météo favorable
2009-06-15,31,0,11,26,31,27,1.3,90,9.75,1007,47.875,39,26,27,116,116,119,0,1,11.9,météo favorable
2009-06-16,30,0,12,26,30,26,0.7,89,10,1006,62,36,25,27,119,116,116,0,1,11.9,météo très défavorable
2009-06-17,31,0,17,26,31,27,2.9,84,9.625,1007,54.25,36,25,27,119,116,116,0,1,13,météo favorable
2009-06-18,30,0,14,26,30,26,0.7,90,9.875,1008,44.375,36,25,26,113,116,116,0,1,13,météo favorable
2009-06-19,31,0,12,26,31,26,0.2,94,10,1008,57.625,37,25,26,113,122,119,0,1,10.7,météo très défavorable
2009-06-20,31,0,12,25,31,26,1.1,89,7.875,1008,58.5,37,25,27,143,116,116,0,1,13,météo très défavorable
2009-06-21,30,0,14,26,30,26,4.2,93,9.625,1008,51.5,36,26,27,116,116,116,0,1,13,météo favorable
2009-06-22,28,0,9,26,27,26,1.6,93,9.625,1008,42.125,34,26,26,116,116,116,0,1,13,météo favorable
2009-06-23,29,0,19,26,27,26,4.1,94,9.5,1008,61,35,25,26,116,119,122,0,1,11.9,météo très défavorable
2009-06-24,31,0,12,26,31,27,0.9,85,8.875,1009,29.125,38,25,27,113,113,116,0,1,13,météo favorable
2009-06-25,33,0,10,26,33,27,0.3,86,8.875,1008,24.125,42,26,28,113,116,116,0,1,13,météo très défavorable
2009-06-26,32,0,9,27,32,27,0.4,85,9.875,1008,23.375,39,25,28,113,116,116,0,1,13,météo favorable
2009-06-27,32,0,12,26,32,26,0.8,94,8.875,1008,36.25,39,26,27,116,113,116,0,1,13,météo favorable
2009-06-28,31,0,17,26,31,27,0.8,90,6.75,1009,32.875,37,26,27,143,113,116,0,1,13,météo favorable
2009-06-29,30,0,7,26,30,26,0.3,90,8.875,1010,39.25,37,26,27,116,116,116,0,1,13,météo favorable
2009-06-30,31,0,8,26,31,26,0.5,89,7.75,1011,34.25,37,25,27,116,116,116,0,1,13,météo favorable
2009-07-01,32,0,8,26,32,26,0,86,8,1011,53,38,24,27,119,116,116,0,1,13,météo favorable
2009-07-02,31,0,9,26,31,27,0.1,81,10,1010,46.125,36,25,27,119,116,116,0,1,13,météo favorable
2009-07-03,32,0,12,26,32,28,1.4,73,9.875,1009,24.5,36,25,28,116,113,113,0,1,12.9,météo favorable
2009-07-04,30,0,15,26,30,27,5,90,9.5,1008,47.375,37,25,27,116,116,116,0,1,12.9,météo favorable
2009-07-05,29,0,19,26,29,25,1.5,93,10,1010,47.875,35,25,26,116,116,116,0,1,12.9,météo favorable
2009-07-06,29,0,15,25,29,25,0,96,8,1011,54.5,34,25,25,119,116,143,0,1,11.9,météo favorable
2009-07-07,30,0,6,25,30,25,0.2,88,7,1011,76.75,34,25,26,143,116,122,0,1,10.6,météo très défavorable
2009-07-08,29,0,10,26,29,25,0,85,8,1010,57.75,35,25,26,119,116,116,0,1,12.9,météo très défavorable
2009-07-09,28,0,12,24,28,25,0,84,10,1010,51,32,23,26,119,116,113,0,1,11.9,météo favorable
2009-07-10,32,0,16,26,32,27,0.2,85,9.875,1009,21.875,38,25,28,113,116,113,0,1,12.9,météo favorable
2009-07-11,33,0,14,26,33,28,1,86,10,1006,25,39,25,28,113,116,113,0,1,12.9,météo favorable
2009-07-12,32,0,16,26,32,27,1.6,89,9.75,1004,28.375,39,25,27,116,113,116,0,1,12.9,météo favorable
2009-07-13,29,0,18,26,29,25,2.7,90,10,1007,53.5,34,24,25,353,119,116,0,1,10.6,météo très défavorable
2009-07-14,26,0,9,24,26,24,3.8,96,5.625,1008,98.375,30,25,25,143,122,143,0,1,8.1,météo très défavorable
2009-07-15,31,0,11,26,31,26,2.1,92,8,1008,62,37,25,26,119,116,116,0,1,12.9,météo très défavorable
2009-07-16,30,0,15,25,30,26,0.4,87,9,1007,79.875,35,24,26,122,119,119,0,1,9.4,météo très défavorable
2009-07-17,28,0,17,25,28,26,0.2,88,10,1006,59.125,33,25,27,119,116,116,0,1,12.9,météo très défavorable
2009-07-18,27,0,12,26,27,25,1.2,91,9.875,1009,74.375,30,24,25,116,122,122,0,1,9.4,météo très défavorable
2009-07-19,31,0,13,25,31,27,0.2,77,10,1008,64.25,36,23,27,119,116,122,0,1,11.9,météo très défavorable
2009-07-20,29,0,15,26,29,26,0.9,92,9.25,1009,46.5,34,25,26,116,116,116,0,1,12.9,météo favorable
2009-07-21,27,0,9,25,27,25,7.7,95,4.5,1010,65.75,32,26,26,143,116,143,0,1,11.9,météo très défavorable
2009-07-22,29,0,11,26,29,26,4.2,94,5,1009,65.375,36,26,27,143,116,143,0,1,12.9,météo très défavorable
2009-07-23,30,0,14,25,30,26,5.5,88,7.625,1008,44,35,25,26,143,113,119,0,1,12.9,météo favorable
2009-07-24,31,0,14,25,31,26,1.3,91,9.75,1009,53,36,25,26,116,116,116,0,1,12.9,météo favorable
2009-07-25,31,0,14,26,31,26,1,90,9.875,1010,42.5,36,25,26,113,119,116,0,1,11.9,météo très défavorable
2009-07-26,29,0,17,25,29,26,1.8,90,10,1009,57.125,35,26,26,116,116,116,0,1,12.9,météo très défavorable
2009-07-27,31,0,11,25,31,27,0,85,10,1009,36.5,36,24,27,113,119,116,0,1,12.9,météo très défavorable
2009-07-28,31,0,14,26,31,26,0.4,87,9.875,1010,40.875,35,24,26,116,116,116,0,1,12.9,météo favorable
2009-07-29,30,0,12,26,30,26,1.5,90,10,1010,46.5,36,25,26,116,116,116,0,1,12.5,météo favorable
2009-07-30,28,0,13,25,27,25,0.8,91,7.375,1010,72.125,32,24,25,143,116,119,0,1,10.5,météo très défavorable
2009-07-31,27,0,10,24,27,25,0.1,91,9,1008,58.125,31,25,25,143,116,116,0,1,12.4,météo très défavorable
2009-08-01,29,0,15,25,29,25,0.3,89,8,1007,63.875,34,24,26,119,116,119,0,1,9.1,météo très défavorable
2009-08-02,29,0,18,25,29,26,0.8,91,7.875,1007,46.625,35,26,26,143,116,116,0,1,12.4,météo favorable
2009-08-03,25,0,13,25,25,25,2.2,95,6.625,1007,60.375,30,24,25,116,143,143,0,1,7.6,météo très défavorable
2009-08-04,30,0,16,26,30,26,1.5,86,8.875,1007,54.25,37,26,27,116,119,116,0,1,10.3,météo très défavorable
2009-08-05,32,0,14,26,32,26,0.8,90,8.75,1006,42.125,38,25,27,116,119,116,0,1,10.3,météo très défavorable
2009-08-06,30,0,12,26,30,26,0.6,92,9.875,1006,39.75,37,26,27,113,116,116,0,1,11.6,météo favorable
2009-08-07,29,0,10,25,29,26,2.2,92,9.25,1006,52.125,35,26,27,116,119,116,0,1,10.3,météo très défavorable
2009-08-08,28,0,15,25,28,26,0.5,87,9.375,1006,52.75,33,25,26,116,116,116,0,1,10.2,météo favorable
2009-08-09,30,0,13,26,29,26,1.4,93,8.875,1005,71.375,36,26,26,119,119,119,0,1,7.5,météo très défavorable
2009-08-10,28,0,12,25,27,25,0.4,97,5.875,1007,73.125,34,25,26,143,119,143,0,1,6.2,météo très défavorable
2009-08-11,32,0,9,26,32,27,0.3,91,8.875,1009,28.5,39,26,27,116,116,113,0,1,11.6,météo favorable
2009-08-12,32,0,9,26,32,27,0.1,90,7.875,1008,38.75,39,26,27,119,113,116,0,1,11.6,météo favorable
2009-08-13,31,0,6,26,30,27,1,90,9.75,1009,56,38,26,27,119,119,119,0,1,7.5,météo très défavorable
2009-08-14,32,0,8,27,32,28,0,85,8,1011,38.375,41,26,28,143,116,113,0,1,10.2,météo très défavorable
2009-08-15,31,0,11,27,31,27,0.1,88,9,1011,26.25,39,26,28,116,116,113,0,1,11.6,météo favorable
2009-08-16,33,0,5,27,33,27,2.3,90,9.625,1011,41.875,43,26,28,116,116,200,0,1,11.6,météo très défavorable
2009-08-17,31,0,4,27,31,27,2.1,95,9.5,1011,63.5,40,27,27,200,116,200,0,1,8.9,météo très défavorable
2009-08-18,31,0,8,26,31,25,3,96,5.625,1012,40.875,41,27,26,113,116,143,0,1,11.6,météo très défavorable
2009-08-19,31,0,6,27,31,27,2.7,89,7.75,1012,28.625,42,27,27,200,116,113,0,1,11.6,météo très défavorable
2009-08-20,32,0,9,27,32,27,0,90,10,1012,35.625,41,26,27,116,113,116,0,1,11.6,météo très défavorable
2009-08-21,33,0,9,27,33,28,0.3,76,9,1010,30.5,42,27,28,143,113,116,0,1,11.6,météo très défavorable
2009-08-22,32,0,7,26,32,27,0,84,9.875,1009,38,40,25,28,116,116,116,0,1,11.6,météo très défavorable
2009-08-23,31,0,6,26,31,27,2.8,92,8.625,1009,43.5,42,27,27,116,116,200,0,1,10.2,météo très défavorable
2009-08-24,34,0,4,27,34,27,0.8,88,8.875,1010,29.125,45,26,27,113,116,116,0,1,11.6,météo très défavorable
2009-08-25,32,0,12,25,32,28,0.3,83,9.875,1010,26.5,39,25,28,116,113,113,0,1,11.6,météo favorable
2009-08-26,33,0,10,26,33,27,1.7,88,9.625,1009,35.125,42,27,28,113,116,113,0,1,11.6,météo très défavorable
2009-08-27,34,0,9,26,34,27,0.9,90,9.875,1009,39.375,46,27,28,113,113,200,0,1,11.6,météo très défavorable
2009-08-28,33,0,5,27,33,27,2.4,87,10,1009,46.75,42,26,28,116,116,116,0,1,11.6,météo très défavorable
2009-08-29,30,0,10,26,30,26,1,95,7.75,1009,37.25,37,26,27,116,116,143,0,1,11.6,météo favorable
2009-08-30,29,0,15,26,29,27,0.8,93,6.875,1010,52,36,26,27,143,200,116,0,1,11.6,météo très défavorable
2009-08-31,31,0,8,26,31,26,0.1,88,7,1011,51,38,25,27,119,116,116,0,1,11.6,météo favorable
2009-09-01,27,0,6,26,26,25,0.1,96,6,1010,61.75,32,25,25,116,122,143,0,1,8.9,météo très défavorable
2009-09-02,26,0,8,24,25,24,1.6,96,4.625,1010,73.875,30,24,25,248,116,143,0,1,10.2,météo très défavorable
2009-09-03,28,0,13,25,28,25,0,88,7,1009,58.625,32,24,26,143,119,116,0,1,8.9,météo très défavorable
2009-09-04,28,0,12,25,28,25,1.1,95,7.875,1009,74.625,32,25,25,122,116,143,0,1,8.9,météo très défavorable
2009-09-05,29,0,12,25,29,26,0.6,90,6.375,1008,74.5,35,26,26,143,119,116,0,1,7.5,météo très défavorable
2009-09-06,28,0,10,25,28,25,0.2,95,4.375,1008,72.25,34,26,26,143,116,143,0,1,10.2,météo très défavorable
2009-09-07,28,0,12,25,27,26,0.8,91,6.875,1010,50.875,33,25,26,143,116,116,0,1,11.6,météo favorable
2009-09-08,28,0,12,25,28,25,1,96,7.375,1011,58.75,33,25,25,119,116,143,0,1,10.2,météo très défavorable
2009-09-09,29,0,8,25,29,26,1.2,96,5.75,1010,52.25,35,26,26,143,116,143,0,1,8.8,météo favorable
2009-09-10,32,0,9,25,32,27,0.3,91,6.875,1008,33.75,40,26,27,143,113,116,0,1,11.6,météo très défavorable
2009-09-11,32,0,11,26,32,27,0.3,82,8.875,1008,34,39,26,28,119,116,116,0,1,11.6,météo favorable
2009-09-12,33,0,9,27,33,28,0,83,9,1009,16.625,41,26,28,113,113,113,0,1,11.6,météo très défavorable
2009-09-13,31,0,9,27,31,28,0.1,83,7.75,1011,42.25,39,26,28,116,200,116,0,1,10.2,météo très défavorable
2009-09-14,33,0,10,27,33,27,3.5,94,7.625,1010,49,41,26,27,116,116,143,0,1,10.2,météo très défavorable
2009-09-15,30,0,9,26,30,26,0,89,7,1008,61.375,37,26,26,143,116,119,0,1,8.8,météo très défavorable
2009-09-16,27,0,8,25,27,25,4.1,96,5.5,1010,71.625,33,26,26,248,116,143,0,1,8.8,météo très défavorable
2009-09-17,28,0,8,26,28,25,0.4,93,6.875,1012,45.125,34,26,26,143,116,113,0,1,11.6,météo favorable
2009-09-18,30,0,10,24,30,25,1.2,93,5.375,1013,45.625,38,26,26,248,113,113,0,1,10.2,météo favorable
2009-09-19,33,0,5,27,33,26,0.4,88,7.875,1013,21.75,43,26,27,116,113,113,0,1,11.6,météo très défavorable
2009-09-20,32,0,9,26,32,27,0.4,84,9.875,1012,26.625,39,25,27,113,113,116,0,1,11.6,météo favorable
2009-09-21,33,0,8,26,33,27,0,75,9,1012,41.25,39,25,28,116,116,116,0,1,11.6,météo favorable
2009-09-22,28,0,10,25,28,25,0.2,85,9,1011,62.875,33,25,25,143,116,116,0,1,11.6,météo très défavorable
2009-09-23,31,0,11,25,31,26,0,88,10,1010,49.25,37,24,26,113,116,119,0,1,10.2,météo favorable
2009-09-24,30,0,12,25,30,26,0.2,90,7.375,1009,46.125,36,25,27,143,116,116,0,1,11.6,météo favorable
2009-09-25,29,0,9,25,29,25,0.6,94,5.75,1007,57.625,34,25,25,143,116,116,0,1,8.8,météo très défavorable
2009-09-26,30,0,14,26,30,26,0.1,84,8,1008,56.5,35,25,27,116,119,116,0,1,8.8,météo très défavorable
2009-09-27,31,0,10,26,31,26,0.8,88,9.875,1008,53,37,25,27,116,116,122,0,1,10.2,météo favorable
2009-09-28,29,0,14,24,29,26,4.1,89,7.75,1008,46.875,33,25,26,143,119,113,0,1,10.2,météo très défavorable
2009-09-29,31,0,18,25,31,28,0.2,81,10,1006,19.875,37,25,28,116,113,113,0,1,11.6,météo favorable
2009-09-30,28,0,16,25,28,26,1.4,88,10,1006,22,32,24,26,113,113,116,0,1,11.6,météo favorable
2009-10-01,25,0,8,24,24,23,1.6,98,2.375,1008,88.25,28,24,24,143,143,248,0,1,6,météo très défavorable
2009-10-02,31,0,11,24,31,26,0,90,6.25,1010,58.375,36,25,26,143,200,116,0,1,11.6,météo très défavorable
2009-10-03,33,0,5,26,33,27,0,81,8,1010,38.75,40,25,27,116,116,116,0,1,11.6,météo très défavorable
2009-10-04,26,0,8,25,26,25,2.5,97,6.5,1012,59.75,32,25,25,248,116,143,0,1,11.6,météo très défavorable
2009-10-05,31,0,8,25,31,26,0,94,6.75,1011,56.75,42,27,27,143,200,116,0,1,11.6,météo très défavorable
2009-10-06,31,0,9,26,31,26,1.4,86,7.625,1010,39.25,41,26,27,143,113,113,0,1,11.6,météo très défavorable
2009-10-07,31,0,7,26,31,26,1.3,84,8.75,1009,57.25,39,25,27,143,119,116,0,1,10.2,météo très défavorable
2009-10-08,32,0,10,26,32,26,0,89,9,1009,24.625,39,26,26,143,113,116,0,1,11.6,météo favorable
2009-10-09,32,0,7,26,32,26,0.8,89,9.875,1009,44.375,41,26,26,116,119,119,0,1,8.8,météo très défavorable
2009-10-10,33,0,9,26,33,26,0,91,9.875,1011,32.125,42,26,26,113,200,116,0,1,10.2,météo très défavorable
2009-10-11,29,0,8,26,29,26,2.8,94,4.625,1010,40.375,36,26,27,143,116,143,0,1,8.7,météo favorable
2009-10-12,27,0,15,25,27,25,0,94,8,1011,81.5,32,25,25,119,122,122,0,1,4.3,météo très défavorable
2009-10-13,29,0,9,25,29,25,0,93,6.75,1013,46.5,35,25,26,143,200,116,0,1,8.7,météo très défavorable
2009-10-14,31,0,4,25,31,25,2.6,90,7.125,1013,51.25,40,26,26,119,116,116,0,1,8.7,météo très défavorable
2009-10-15,30,0,4,26,30,26,1,94,7,1012,37.75,39,27,26,116,116,119,0,1,8.7,météo favorable
2009-10-16,26,0,5,25,26,25,1.4,97,4.5,1012,72.375,31,26,25,143,248,119,0,1,4.3,météo très défavorable
2009-10-17,30,0,5,25,30,25,1.4,95,7.875,1010,41.125,38,26,26,143,116,116,0,1,8.7,météo favorable
2009-10-18,30,0,7,26,28,25,0.9,94,6.875,1010,38.5,38,26,25,116,116,143,0,1,8.7,météo favorable
2009-10-19,29,0,6,25,28,25,0,93,6.75,1011,47,35,26,26,116,116,116,0,1,8.7,météo favorable
2009-10-20,32,0,6,25,32,26,1,90,6,1010,60.375,41,26,27,248,200,200,0,1,8.7,météo très défavorable
2009-10-21,26,0,5,25,25,24,0.4,96,2,1012,61.25,31,25,25,143,143,143,0,1,5.8,météo très défavorable
2009-10-22,29,0,7,25,27,24,1.5,97,7.625,1012,69.125,35,25,25,143,122,248,0,1,7.2,météo très défavorable
2009-10-23,29,0,4,24,29,25,0.4,95,7,1012,67.75,37,26,26,119,116,143,0,1,5.8,météo très défavorable
2009-10-24,30,0,4,26,30,26,1.1,94,9.75,1011,44.5,39,27,27,116,116,200,0,1,8.7,météo favorable
2009-10-25,32,0,6,27,32,26,0,93,8,1011,18.875,42,26,27,113,113,113,0,1,8.7,météo très défavorable
2009-10-26,31,0,7,26,31,26,0.7,94,9.875,1012,15.25,39,26,27,113,113,113,0,1,8.7,météo favorable
2009-10-27,32,0,11,25,32,26,0.9,90,8.875,1012,20,39,25,27,113,113,116,0,1,8.7,météo favorable
2009-10-28,30,0,11,26,30,26,0.1,85,9.875,1013,21.5,36,25,27,113,200,113,0,1,8.7,météo très défavorable
2009-10-29,30,0,9,24,30,25,0,93,10,1014,26.875,35,26,26,116,113,113,0,1,8.7,météo favorable
2009-10-30,32,0,12,24,32,26,0,84,10,1013,8.875,38,25,28,113,113,113,0,1,8.7,météo favorable
2009-10-31,32,0,11,24,32,26,0.1,75,10,1012,11.625,37,23,27,113,113,116,0,1,8.7,météo favorable
2009-11-01,31,0,13,24,31,26,0.1,73,10,1012,13,35,22,27,113,113,113,0,1,8.7,météo favorable
2009-11-02,29,0,22,23,29,26,0,77,10,1014,31.125,32,22,26,113,119,119,0,1,7.2,météo très défavorable
2009-11-03,24,0,15,22,21,20,0.9,96,7.875,1015,73.75,26,20,21,116,122,143,0,1,4.3,météo très défavorable
2009-11-04,28,0,15,20,27,24,0,84,9,1016,45.375,31,22,22,143,119,113,0,1,5.7,météo très défavorable
2009-11-05,29,0,16,22,29,25,0,78,10,1014,21.75,33,22,26,113,113,116,0,1,8.7,météo favorable
2009-11-06,31,0,10,23,31,26,0,82,10,1013,22.625,37,23,26,116,113,113,0,1,8.7,météo favorable
2009-11-07,32,0,10,24,32,25,0.3,84,9.875,1011,33.375,38,24,25,113,113,116,0,1,8.7,météo favorable
2009-11-08,30,0,13,24,30,26,0.1,90,8,1011,41.375,37,25,26,143,116,113,0,1,8.7,météo favorable
2009-11-09,32,0,8,26,32,27,0.8,84,6.375,1010,40.125,41,27,28,143,116,113,0,1,8.7,météo très défavorable
2009-11-10,32,0,7,27,32,27,2.2,80,8.625,1008,19.25,40,26,28,113,116,113,0,1,8.7,météo très défavorable
2009-11-11,33,0,6,26,33,27,0.9,80,9.75,1008,21.75,41,25,28,116,113,113,0,1,8.7,météo très défavorable
2009-11-12,34,0,5,27,34,28,0.4,77,9.875,1011,16.25,42,26,28,113,113,113,0,1,8.7,météo très défavorable
2009-11-13,35,0,6,28,35,28,0.8,74,9.875,1011,24.625,43,26,28,113,116,119,0,1,8.7,météo très défavorable
2009-11-14,31,0,7,26,31,26,1.1,88,10,1010,47,38,25,27,119,116,116,0,1,8.7,météo favorable
2009-11-15,32,0,7,27,32,27,0.8,87,8.875,1010,21.375,41,26,27,113,116,113,0,1,8.7,météo très défavorable
2009-11-16,33,0,4,26,33,27,1.2,90,9.75,1011,30.75,42,26,27,116,113,116,0,1,8.7,météo très défavorable
2009-11-17,31,0,14,27,31,27,0,86,8,1012,21.5,39,26,27,116,113,113,0,1,8.7,météo favorable
2009-11-18,28,0,17,22,28,24,0,82,10,1015,26.125,31,22,25,116,116,113,0,1,8.7,météo favorable
2009-11-19,29,0,14,21,29,24,0,77,10,1016,13.125,32,21,25,116,113,113,0,1,8.7,météo favorable
2009-11-20,29,0,13,21,29,25,0,77,10,1016,12.375,33,21,25,113,113,116,0,1,8.7,météo favorable
2009-11-21,27,0,18,20,27,23,0,73,10,1018,4.5,28,20,23,113,113,113,0,1,8.7,météo favorable
2009-11-22,26,0,16,19,26,22,0,72,10,1017,7.125,28,18,22,113,113,113,0,1,8.7,météo favorable
2009-11-23,28,0,12,18,28,23,0,73,10,1016,16.25,30,20,24,116,113,113,0,1,8.7,météo favorable
2009-11-24,29,0,11,20,29,23,0,70,10,1014,3.125,34,20,24,113,113,113,0,1,8.7,météo favorable
2009-11-25,31,0,9,21,31,22,0,79,10,1013,2.625,36,22,24,113,113,113,0,1,8.7,météo favorable
2009-11-26,31,0,8,21,31,24,0,77,10,1013,15.625,36,20,24,116,113,116,0,1,8.7,météo favorable
2009-11-27,29,0,7,22,28,25,0,69,10,1014,8.375,32,21,27,113,113,113,0,1,8.7,météo favorable
2009-11-28,32,0,10,23,32,25,0,74,10,1015,5.5,35,22,27,113,113,113,0,1,8.7,météo favorable
2009-11-29,32,0,12,23,32,27,0,64,10,1015,11.5,35,21,27,113,113,113,0,1,8.7,météo favorable
2009-11-30,32,0,13,23,32,27,0,61,10,1015,5.375,34,19,27,113,113,113,0,1,8.7,météo favorable
2009-12-01,30,0,14,22,30,26,0,65,10,1016,10.375,33,19,26,113,113,113,0,1,8.7,météo favorable
2009-12-02,31,0,14,22,31,25,0,64,10,1016,8.625,33,19,26,113,113,113,0,1,8.7,météo favorable
2009-12-03,30,0,16,22,30,25,0,63,10,1015,10.875,32,19,26,113,113,113,0,1,8.7,météo favorable
2009-12-04,30,0,14,21,30,24,0,67,10,1015,7.625,32,19,25,113,113,113,0,1,8.7,météo favorable
2009-12-05,30,0,14,21,30,25,0,60,10,1015,10.5,32,18,25,113,113,116,0,1,8.7,météo favorable
2009-12-06,31,0,10,21,31,25,0,62,10,1014,2.5,35,20,26,113,113,113,0,1,8.7,météo favorable
2009-12-07,33,0,6,22,33,24,0,60,10,1015,0.75,42,23,27,113,113,113,0,1,8.7,météo très défavorable
2009-12-08,34,0,6,22,34,25,0,68,10,1014,9.5,38,20,26,113,113,113,0,1,8.7,météo favorable
2009-12-09,34,0,6,23,34,24,0,59,10,1013,11,37,22,25,113,113,113,0,1,8.7,météo favorable
2009-12-10,32,0,8,22,32,24,0,58,10,1013,6.375,34,23,25,113,113,113,0,1,8.7,météo favorable
2009-12-11,33,0,7,22,33,25,0,58,10,1013,11,36,23,26,113,113,113,0,1,8.7,météo favorable
2009-12-12,33,0,12,22,33,26,0,55,10,1013,6.625,34,20,27,113,113,113,0,1,8.7,météo favorable
2009-12-13,32,0,12,25,32,27,0.1,64,10,1013,56.75,34,20,27,116,122,119,0,1,7.2,météo très défavorable
2009-12-14,33,0,7,24,33,27,0.1,77,10,1014,42.5,37,21,26,119,113,116,0,1,8.7,météo favorable
2009-12-15,35,0,8,25,35,28,0,62,10,1014,27,39,22,29,113,116,116,0,1,8.7,météo favorable
2009-12-16,35,0,7,26,35,28,0,58,10,1014,27.375,39,23,28,113,116,113,0,1,8.7,météo favorable
2009-12-17,34,0,13,25,34,28,0,54,10,1015,16.375,36,21,29,113,113,113,0,1,8.7,météo favorable
2009-12-18,33,0,17,24,33,28,0,57,10,1016,16.375,35,20,28,113,116,113,0,1,8.7,météo favorable
2009-12-19,31,0,16,23,31,26,0,64,10,1017,21.375,33,19,27,113,113,113,0,1,8.7,météo favorable
2009-12-20,31,0,18,24,31,27,0,61,10,1017,25.375,33,19,27,113,116,116,0,1,8.7,météo favorable
2009-12-21,30,0,19,21,30,25,0,63,10,1018,5.625,31,18,26,113,113,113,0,1,8.7,météo favorable
2009-12-22,31,0,15,21,31,25,0,58,10,1016,7.875,33,18,26,113,113,113,0,1,8.7,météo favorable
2009-12-23,32,0,8,21,32,25,0,56,10,1015,6.875,35,20,27,113,113,113,0,1,8.7,météo favorable
2009-12-24,33,0,9,22,33,26,0,53,10,1014,4.625,39,19,27,113,113,113,0,1,8.7,météo favorable
2009-12-25,35,0,8,22,35,27,0,55,10,1012,4.75,40,23,29,113,113,113,0,1,8.7,météo très défavorable
2009-12-26,34,0,8,24,34,28,0,60,10,1012,15.75,37,23,29,113,116,113,0,1,8.7,météo favorable
2009-12-27,33,0,11,25,33,28,0.2,68,10,1011,32.875,37,24,28,113,119,113,0,1,5.7,météo très défavorable
2009-12-28,33,0,14,25,33,28,0.9,74,9.625,1011,20.375,37,24,28,113,116,113,0,1,8.7,météo favorable
2009-12-29,31,0,15,25,31,26,2,80,9.75,1011,34.75,35,24,27,116,116,116,0,1,8.7,météo favorable
2009-12-30,30,0,10,25,30,26,1.5,81,9.875,1012,44.875,36,24,27,122,116,113,0,1,8.7,météo favorable
2009-12-31,31,0,9,25,31,27,0.1,73,8,1011,31,36,24,27,143,116,113,0,1,8.7,météo favorable
2010-01-01,32,0,7,25,32,27,0.4,79,10,1012,34.25,37,24,28,116,116,116,0,1,8.7,météo favorable
2010-01-02,33,0,6,25,33,27,0,65,10,1012,16.125,37,23,28,113,113,113,0,1,11.6,météo favorable
2010-01-03,34,0,7,24,34,27,0,53,10,1012,7.125,38,22,28,113,113,113,0,1,11.6,météo favorable
2010-01-04,31,0,14,24,31,27,0.9,81,9.875,1011,15.75,37,24,27,113,113,116,0,1,11.6,météo favorable
2010-01-05,30,0,6,25,30,27,3.1,80,9.625,1011,32.625,36,24,27,119,113,113,0,1,11.6,météo favorable
2010-01-06,31,0,10,25,31,26,0.5,84,7.875,1013,23.75,37,25,27,143,113,116,0,1,11.6,météo favorable
2010-01-07,32,0,9,25,32,27,0,67,10,1013,26.625,36,24,28,116,113,113,0,1,11.6,météo favorable
2010-01-08,31,0,8,24,31,26,0.5,80,10,1015,48,35,23,27,116,116,119,0,1,10.2,météo favorable
2010-01-09,31,0,7,23,31,27,0,70,10,1014,37.5,35,21,26,119,113,113,0,1,11.6,météo favorable
2010-01-10,34,0,6,23,34,26,0,56,10,1014,6.75,38,20,28,113,113,113,0,1,11.6,météo favorable
2010-01-11,33,0,7,23,33,27,0,64,10,1014,7.875,37,24,28,113,113,113,0,1,11.6,météo favorable
2010-01-12,33,0,5,24,33,29,0.1,63,8.75,1015,31.625,36,24,29,248,116,113,0,1,11.6,météo favorable
2010-01-13,32,0,17,24,31,27,0,58,10,1016,9,34,22,27,113,113,113,0,1,11.6,météo favorable
2010-01-14,31,0,19,22,30,26,0,55,10,1018,14.875,32,18,26,113,113,116,0,1,11.6,météo favorable
2010-01-15,31,0,12,21,31,25,0,54,10,1018,20.375,32,17,27,113,116,113,0,1,11.6,météo favorable
2010-01-16,31,0,15,22,31,27,0,52,10,1018,20.125,32,16,27,113,113,116,0,1,11.6,météo favorable
2010-01-17,31,0,13,22,30,26,0,54,10,1018,7.25,32,16,26,113,113,113,0,1,11.6,météo favorable
2010-01-18,30,0,12,19,29,25,0,52,10,1018,3.875,31,15,25,113,113,113,0,1,11.6,météo favorable
2010-01-19,32,0,10,20,32,25,0,49,10,1015,8,38,17,26,113,113,113,0,1,11.6,météo favorable
2010-01-20,24,0,9,21,22,22,0.9,90,8.75,1015,62.5,25,21,22,119,119,116,0,1,7.3,météo très défavorable
2010-01-21,23,0,4,22,23,22,0.7,94,6,1014,83.875,26,22,23,119,122,143,0,1,5.8,météo très défavorable
2010-01-22,29,0,9,22,29,25,0.9,87,7,1015,56.25,33,23,26,143,119,113,0,1,8.7,météo très défavorable
2010-01-23,31,0,8,23,31,26,0.5,78,6.625,1015,33.875,35,23,27,248,113,113,0,1,11.6,météo favorable
2010-01-24,29,0,10,24,29,26,4.3,86,8.625,1015,43.625,34,24,26,143,119,116,0,1,10.2,météo très défavorable
2010-01-25,31,0,10,23,31,26,2.2,85,8.75,1015,30.125,36,24,26,143,116,116,0,1,11.6,météo favorable
2010-01-26,31,0,15,23,31,26,1.4,81,9.75,1015,22.75,35,23,27,116,113,113,0,1,11.6,météo favorable
2010-01-27,32,0,12,23,32,27,0,67,10,1015,23.625,35,23,27,113,113,116,0,1,11.6,météo favorable
2010-01-28,35,0,6,23,35,28,0,64,10,1014,28.25,38,22,28,113,116,113,0,1,11.6,météo favorable
2010-01-29,33,0,8,24,33,28,0.5,71,10,1015,21,38,24,28,113,113,116,0,1,11.6,météo favorable
2010-01-30,34,0,8,25,34,27,1,76,9.75,1014,33.875,39,24,28,113,116,116,0,1,10.2,météo favorable
2010-01-31,32,0,10,25,32,27,2.5,78,9.625,1014,21.5,38,24,27,113,113,116,0,1,11.6,météo favorable
2010-02-01,32,0,9,25,32,27,2.4,81,9.625,1014,29.875,38,24,28,116,116,113,0,1,11.6,météo favorable
2010-02-02,31,0,11,25,31,27,0.2,82,8.75,1013,26.25,36,26,29,248,113,113,0,1,11.6,météo favorable
2010-02-03,32,0,10,25,32,28,0.5,85,9.875,1013,21.125,36,24,27,116,113,113,0,1,11.6,météo favorable
2010-02-04,31,0,13,25,31,27,1.2,80,8.875,1013,28.875,36,25,27,143,116,113,0,1,10.2,météo favorable
2010-02-05,32,0,14,25,32,27,0.7,79,9.75,1014,19.625,36,25,27,113,116,113,0,1,11.6,météo favorable
2010-02-06,31,0,15,26,31,27,1,79,9.375,1014,20.625,35,24,27,200,113,113,0,1,11.6,météo favorable
2010-02-07,32,0,13,25,32,27,0.5,72,9.75,1014,19.375,36,24,28,116,113,113,0,1,11.6,météo favorable
2010-02-08,31,0,14,25,31,27,0.5,74,9.75,1013,14.25,35,24,28,113,113,113,0,1,11.6,météo favorable
2010-02-09,34,0,11,25,34,28,0,70,10,1013,16.75,41,24,29,113,113,113,0,1,11.6,météo très défavorable
2010-02-10,34,0,15,25,34,28,0.1,71,10,1013,12.125,38,25,29,113,113,113,0,1,11.6,météo favorable
2010-02-11,35,0,11,25,35,29,0,60,10,1015,8.375,40,27,30,113,113,113,0,1,11.6,météo très défavorable
2010-02-12,33,0,11,26,33,28,0.3,76,9.875,1014,33.75,38,26,28,113,116,119,0,1,8.8,météo favorable
2010-02-13,34,0,17,26,34,28,0.1,74,10,1014,6.375,39,25,29,113,113,113,0,1,11.6,météo favorable
2010-02-14,32,0,17,26,32,28,0.3,74,10,1012,19.75,37,24,28,113,116,113,0,1,11.6,météo favorable
2010-02-15,31,0,13,26,29,28,1.9,88,9.875,1014,42.125,34,24,26,119,113,113,0,1,10.2,météo favorable
2010-02-16,33,0,15,25,31,28,0,76,10,1013,11.625,38,25,28,113,113,113,0,1,11.6,météo favorable
2010-02-17,34,0,15,25,34,28,0.1,70,10,1015,17.375,37,24,29,113,116,113,0,1,10.2,météo favorable
2010-02-18,32,0,12,26,29,28,0.3,78,9.875,1014,18.5,38,25,28,113,116,113,0,1,11.6,météo favorable
2010-02-19,33,0,11,26,33,28,2.4,75,9.625,1015,29.5,38,24,28,113,113,116,0,1,11.6,météo favorable
2010-02-20,30,0,14,26,30,27,2.7,81,9.75,1014,38.875,35,24,27,116,116,200,0,1,11.6,météo favorable
2010-02-21,30,0,14,25,30,27,4.7,87,9.625,1013,29.125,35,24,27,116,116,113,0,1,11.6,météo favorable
2010-02-22,31,0,17,25,31,27,1,78,9.75,1014,18.125,36,25,28,116,113,113,0,1,11.6,météo favorable
2010-02-23,33,0,19,26,33,27,0.8,74,9.875,1012,15.125,37,25,28,113,116,113,0,1,11.6,météo favorable
2010-02-24,33,0,16,26,33,27,0.6,75,9.875,1011,18.375,36,24,27,113,113,113,0,1,11.6,météo favorable
2010-02-25,34,0,13,26,34,28,1.1,68,9.875,1012,21.5,37,24,29,116,113,113,0,1,11.6,météo favorable
2010-02-26,34,0,14,26,34,28,0,55,10,1011,9,38,25,30,113,113,113,0,1,11.6,météo favorable
2010-02-27,35,0,17,25,35,29,0,68,10,1011,6.375,45,26,29,113,113,113,0,1,11.6,météo très défavorable
2010-02-28,35,0,19,27,35,30,0,60,10,1012,25.375,40,25,30,113,116,116,0,1,11.6,météo très défavorable
2010-03-01,35,0,17,27,35,29,0,59,10,1014,15.625,38,24,29,113,113,113,0,1,11.6,météo favorable
2010-03-02,35,0,17,26,35,29,0,62,10,1013,10.25,39,24,30,113,113,113,0,1,11.6,météo favorable
2010-03-03,36,0,19,27,36,29,0,58,10,1011,2.875,41,25,29,113,113,113,0,1,11.6,météo très défavorable
2010-03-04,36,0,18,26,36,29,0,56,10,1011,3.875,39,25,30,113,113,113,0,1,11.6,météo favorable
2010-03-05,37,0,15,27,37,30,0,43,10,1011,3.625,38,25,31,113,113,113,0,1,11.6,météo favorable
2010-03-06,37,0,14,27,37,29,0,55,10,1013,1.125,41,26,30,113,113,113,0,1,11.6,météo très défavorable
2010-03-07,36,0,16,26,36,30,0,56,10,1013,2.625,41,25,31,113,113,113,0,1,11.6,météo très défavorable
2010-03-08,36,0,22,27,36,29,0,66,10,1013,2.625,39,26,29,113,113,113,0,1,11.6,météo favorable
2010-03-09,36,0,20,27,36,29,0,70,10,1015,10.75,40,25,29,113,113,113,0,1,11.6,météo très défavorable
2010-03-10,34,0,19,26,34,29,2.2,52,10,1016,24.125,36,24,30,113,113,113,0,1,11.6,météo favorable
2010-03-11,36,0,15,23,35,29,0,49,10,1018,14.5,38,19,29,113,116,113,0,1,11.6,météo favorable
2010-03-12,39,0,12,25,39,30,0,51,10,1016,4.125,42,22,31,113,113,113,0,1,11.6,météo très défavorable
2010-03-13,35,0,16,27,35,29,0,60,10,1015,6.875,39,25,31,113,113,113,0,1,11.6,météo favorable
2010-03-14,36,0,22,27,36,29,0,65,10,1012,1.875,39,25,30,113,113,113,0,1,11.6,météo favorable
2010-03-15,37,0,15,27,37,31,0,58,10,1012,8.25,40,24,31,113,113,113,0,1,11.6,météo très défavorable
2010-03-16,37,0,15,28,37,30,0,65,9.875,1013,20.375,41,25,30,200,113,113,0,1,11.6,météo très défavorable
2010-03-17,34,0,7,27,34,29,0.7,64,9.875,1015,20.875,40,25,30,113,116,116,0,1,11.6,météo très défavorable
2010-03-18,37,0,18,26,37,31,0,42,10,1016,11.125,39,23,32,113,113,113,0,1,11.6,météo favorable
2010-03-19,38,0,13,27,38,29,0,63,10,1013,6.625,41,24,30,113,113,113,0,1,11.6,météo très défavorable
2010-03-20,35,0,16,27,35,30,0,62,9.875,1011,15,40,25,30,113,116,113,0,1,11.6,météo très défavorable
2010-03-21,36,0,14,28,36,30,0.5,63,10,1011,32.125,40,25,30,116,116,113,0,1,11.6,météo très défavorable
2010-03-22,33,0,17,28,33,28,4.6,74,9.5,1010,23.625,38,26,28,113,116,113,0,1,11.6,météo favorable
2010-03-23,34,0,17,27,34,28,0.4,75,9.875,1009,23.375,38,25,28,116,119,113,0,1,10.2,météo très défavorable
2010-03-24,35,0,16,28,35,30,0.1,65,10,1010,17.875,40,25,30,113,116,113,0,1,11.6,météo très défavorable
2010-03-25,38,0,12,28,38,31,0,55,10,1011,12.125,42,26,32,113,113,113,0,1,11.6,météo très défavorable
2010-03-26,29,0,21,26,28,24,4.2,77,9.75,1013,41.875,33,24,24,116,116,113,0,1,10.2,météo favorable
2010-03-27,33,0,15,24,33,27,0,59,10,1015,34.125,35,20,27,113,116,116,0,1,11.6,météo favorable
2010-03-28,36,0,14,26,36,30,0.1,53,10,1014,17.5,39,21,31,113,113,113,0,1,11.6,météo favorable
2010-03-29,38,0,7,29,38,31,0.8,51,9.875,1013,24.875,41,23,32,116,113,116,0,1,11.6,météo très défavorable
2010-03-30,34,0,13,26,34,29,1.3,70,9.75,1013,20.625,42,25,29,113,113,113,0,1,11.6,météo très défavorable
2010-03-31,34,0,16,28,34,29,0.1,75,10,1013,22.875,41,25,29,116,113,113,0,1,11.6,météo très défavorable
2010-04-01,35,0,14,28,35,30,0.1,69,10,1012,16.125,40,25,30,113,116,113,0,1,11.6,météo très défavorable
2010-04-02,35,0,16,28,35,29,1.5,75,9.875,1012,16,42,26,29,113,116,113,0,1,11.6,météo très défavorable
2010-04-03,34,0,19,29,34,29,1.5,79,9.5,1012,33.375,41,26,29,200,116,113,0,1,11.6,météo très défavorable
2010-04-04,33,0,13,28,33,29,3.3,80,9.5,1012,25.625,41,26,29,113,113,113,0,1,11.6,météo très défavorable
2010-04-05,35,0,14,29,35,30,1.8,73,10,1011,23.125,44,25,30,113,113,113,0,1,11.6,météo très défavorable
2010-04-06,36,0,18,29,36,30,0.2,68,9.875,1012,16,42,26,30,113,116,113,0,1,11.6,météo très défavorable
2010-04-07,37,0,17,29,37,30,0,66,10,1013,16.25,43,25,31,113,113,113,0,1,11.6,météo très défavorable
2010-04-08,35,0,17,29,35,30,1.9,71,9.625,1013,16.125,43,25,30,113,116,113,0,1,11.6,météo très défavorable
2010-04-09,37,0,20,29,37,30,0,63,9.75,1011,22,42,24,30,113,113,113,0,1,11.6,météo très défavorable
2010-04-10,36,0,18,28,36,30,0.2,65,9.625,1010,25.125,41,24,31,200,116,113,0,1,11.6,météo très défavorable
2010-04-11,37,0,15,29,37,31,0,63,10,1009,4.625,43,26,31,113,113,113,0,1,11.6,météo très défavorable
2010-04-12,37,0,15,29,37,31,0.4,61,10,1009,5,43,27,32,113,113,113,0,1,11.6,météo très défavorable
2010-04-13,38,0,17,29,38,31,0,49,10,1010,4,44,27,33,113,113,113,0,1,11.6,météo très défavorable
2010-04-14,37,0,15,29,37,32,0,59,10,1010,19.25,43,25,32,113,116,113,0,1,11.6,météo très défavorable
2010-04-15,35,0,18,30,35,30,1.2,65,9.625,1011,28.625,42,25,31,113,200,116,0,1,11.6,météo très défavorable
2010-04-16,28,0,10,25,27,27,12.4,91,8.5,1013,41.75,33,24,25,143,116,113,0,1,10.2,météo très défavorable
2010-04-17,30,0,14,27,27,26,2.9,92,10,1013,57.5,37,25,26,116,119,116,0,1,8.9,météo très défavorable
2010-04-18,32,0,11,25,32,28,1.1,79,9.875,1013,36.25,39,25,28,116,116,116,0,1,11.6,météo favorable
2010-04-19,34,0,18,28,34,28,1.3,78,9.75,1011,17.625,41,26,29,113,113,113,0,1,11.6,météo très défavorable
2010-04-20,36,0,17,28,36,29,0,70,10,1010,12.25,43,25,30,113,113,113,0,1,12.3,météo très défavorable
2010-04-21,36,0,14,29,36,30,0.3,67,9.875,1011,7.375,43,27,32,113,113,113,0,1,12.7,météo très défavorable
2010-04-22,38,0,13,30,38,31,0,63,10,1011,6.5,44,27,32,113,113,113,0,1,12.7,météo très défavorable
2010-04-23,34,0,15,30,34,28,0.7,77,9.75,1013,16.625,41,27,29,113,113,200,0,1,12.7,météo très défavorable
2010-04-24,32,0,10,25,32,27,3.6,85,9.75,1013,39.625,40,25,28,116,116,113,0,1,12.7,météo très défavorable
2010-04-25,34,0,12,28,34,29,4.7,77,9.25,1012,23.125,42,25,29,113,113,113,0,1,12.7,météo très défavorable
2010-04-26,33,0,15,29,32,28,5.1,86,9.25,1014,25.125,42,26,29,113,116,113,0,1,12.7,météo très défavorable
2010-04-27,32,0,15,27,32,28,0.3,87,9.625,1013,48.625,39,26,28,119,116,116,0,1,12.7,météo favorable
2010-04-28,30,0,8,28,30,27,3.9,90,9.5,1013,36.125,38,26,28,116,116,116,0,1,12.8,météo favorable
2010-04-29,32,0,15,27,32,28,2.2,83,9.625,1012,38.25,39,26,29,200,113,113,0,1,11.9,météo favorable
2010-04-30,34,0,15,29,34,29,2.1,78,9.875,1012,16.375,41,27,29,113,113,113,0,1,12.8,météo très défavorable
2010-05-01,35,0,14,28,35,29,1.1,78,9.75,1012,28,43,25,30,113,119,113,0,1,12.8,météo très défavorable
2010-05-02,35,0,8,28,35,29,2.7,81,9.625,1011,30.5,43,26,29,113,116,116,0,1,12.8,météo très défavorable
2010-05-03,32,0,10,28,32,28,2.4,89,9.5,1009,45.5,41,26,28,200,200,200,0,1,12.8,météo très défavorable
2010-05-04,32,0,12,28,32,28,0,86,9.625,1008,44.625,41,26,29,119,200,200,0,1,12.8,météo très défavorable
2010-05-05,32,0,14,28,32,28,2.5,88,9.625,1008,43.625,41,27,28,200,113,200,0,1,12.8,météo très défavorable
2010-05-06,32,0,7,28,32,29,2.9,86,9.25,1009,38.75,42,27,29,200,200,200,0,1,12.8,météo très défavorable
2010-05-07,34,0,13,29,33,30,0,79,9.75,1008,19.5,42,27,30,113,200,113,0,1,12.8,météo très défavorable
2010-05-08,35,0,12,30,35,30,2.6,78,9.75,1007,21.75,44,28,30,113,200,113,0,1,12.8,météo très défavorable
2010-05-09,36,0,10,30,36,31,0.5,68,9.625,1006,25.75,45,27,32,200,113,113,0,1,12.8,météo très défavorable
2010-05-10,38,0,8,30,38,30,0.8,77,9.625,1006,28.375,48,27,30,200,113,200,0,1,12.8,météo très défavorable
2010-05-11,31,0,7,28,31,28,5.3,91,8.25,1008,47.375,42,28,29,143,200,113,0,1,12.8,météo très défavorable
2010-05-12,31,0,7,29,31,28,1.3,92,7.75,1010,57.875,42,28,28,200,119,116,0,1,12.8,météo très défavorable
2010-05-13,33,0,12,28,33,29,0.7,84,10,1009,24.25,44,26,30,116,113,113,0,1,12.8,météo très défavorable
2010-05-14,34,0,11,30,34,30,0.9,80,9.5,1008,25.25,44,28,30,113,113,200,0,1,12.8,météo très défavorable
2010-05-15,33,0,8,29,33,29,0.8,82,9.5,1008,45.625,42,27,30,200,116,200,0,1,12.9,météo très défavorable
2010-05-16,31,0,10,29,31,28,1.9,90,9.5,1009,44.75,42,28,29,200,116,116,0,1,12.9,météo très défavorable
2010-05-17,31,0,9,28,31,28,1.7,92,8.625,1010,35.875,41,27,28,200,116,200,0,1,12.9,météo très défavorable
2010-05-18,32,0,8,29,32,28,2.2,85,8.875,1011,25.625,43,27,29,116,116,113,0,1,12.9,météo très défavorable
2010-05-19,34,0,12,28,34,29,2.2,84,9.75,1010,33.375,42,26,29,116,113,116,0,1,12.9,météo très défavorable
2010-05-20,35,0,11,29,35,30,0.4,73,9.875,1010,22.125,43,26,30,113,116,113,0,1,12.9,météo très défavorable
2010-05-21,32,0,12,29,31,28,1.9,82,9.75,1011,30.375,40,27,29,200,113,116,0,1,12.9,météo très défavorable
2010-05-22,34,0,9,28,34,27,3.5,89,10,1009,47.875,43,26,28,116,116,116,0,1,12.9,météo très défavorable
2010-05-23,31,0,13,27,28,26,0.1,95,8,1009,81,37,26,26,116,122,143,0,1,9.3,météo très défavorable
2010-05-24,30,0,12,26,30,28,0,87,8.875,1009,58.375,37,26,28,122,200,116,0,1,11.9,météo très défavorable
2010-05-25,31,0,13,28,31,27,1.9,87,10,1008,43,38,26,28,116,116,116,0,1,12.9,météo favorable
2010-05-26,32,0,13,26,32,26,1.9,93,9.75,1008,62.375,37,25,26,116,119,116,0,1,11.9,météo très défavorable
2010-05-27,30,0,14,26,28,26,1.8,96,9.25,1008,60.75,37,25,26,116,122,116,0,1,10.6,météo très défavorable
2010-05-28,31,0,15,27,31,27,1.6,90,9.625,1010,56.5,38,26,27,200,200,122,0,1,11.9,météo très défavorable
2010-05-29,31,0,13,27,30,25,6.1,97,8.125,1009,58,37,26,26,116,200,143,0,1,11.9,météo très défavorable
2010-05-30,32,0,12,28,32,27,0.3,78,7.75,1010,51.5,39,27,28,116,116,116,0,1,12.9,météo favorable
2010-05-31,33,0,10,28,33,27,1.3,90,10,1010,43.625,40,26,28,116,116,116,0,1,12.9,météo très défavorable
2010-06-01,34,0,9,28,34,28,1,85,8.875,1009,53.375,42,27,28,116,116,116,0,1,12.9,météo très défavorable
2010-06-02,34,0,10,28,34,28,0.4,85,10,1010,32.375,42,26,28,113,113,116,0,1,12.9,météo très défavorable
2010-06-03,33,0,8,28,33,28,1.1,87,9.875,1010,42.5,41,26,28,116,116,116,0,1,12.9,météo très défavorable
2010-06-04,33,0,10,28,33,28,1.1,83,10,1010,32.625,43,27,28,116,113,116,0,1,12.9,météo très défavorable
2010-06-05,34,0,9,27,34,29,1.6,76,8.875,1008,37.625,42,26,29,116,113,116,0,1,12.9,météo très défavorable
2010-06-06,32,0,10,28,32,28,2.5,81,9.875,1009,47.75,41,26,29,116,116,200,0,1,12.9,météo très défavorable
2010-06-07,31,0,11,28,31,27,1.4,92,8.875,1009,32.75,39,27,27,116,200,116,0,1,12.9,météo très défavorable
2010-06-08,32,0,13,27,31,28,1.3,80,7.875,1010,35,39,26,29,116,116,116,0,1,12.9,météo favorable
2010-06-09,32,0,11,27,32,27,0.4,91,10,1010,52.875,40,26,27,116,116,119,0,1,12.9,météo très défavorable
2010-06-10,30,0,14,26,30,27,0.4,84,8,1010,56.875,35,26,27,143,116,119,0,1,12.9,météo très défavorable
2010-06-11,32,0,13,27,32,27,1.1,84,10,1011,30,39,26,28,113,116,116,0,1,13,météo favorable
2010-06-12,33,0,9,28,33,28,0.1,80,10,1011,29,41,26,28,116,113,113,0,1,13,météo très défavorable
2010-06-13,34,0,7,28,34,28,2.6,82,9.625,1010,56.875,44,27,29,200,200,116,0,1,11.9,météo très défavorable
2010-06-14,33,0,9,28,33,27,0.8,92,9.625,1011,54.25,41,27,28,200,116,119,0,1,13,météo très défavorable
2010-06-15,31,0,9,26,30,27,0,87,7.75,1010,59.25,37,26,28,248,116,116,0,1,11.9,météo très défavorable
2010-06-16,32,0,8,26,32,27,2.1,91,10,1010,58.375,39,26,27,119,116,119,0,1,10.7,météo très défavorable
2010-06-17,27,0,8,26,27,26,2.6,90,8.875,1010,55.375,34,26,27,119,122,116,0,1,11.9,météo très défavorable
2010-06-18,34,0,11,27,34,28,0.2,84,8.875,1011,47.25,44,26,28,113,113,122,0,1,13,météo très défavorable
2010-06-19,32,0,9,27,32,27,1,88,10,1010,64.875,40,26,27,119,116,119,0,1,10.7,météo très défavorable
2010-06-20,34,0,15,27,34,28,0.2,83,9.875,1008,39.375,45,26,28,116,113,116,0,1,13,météo très défavorable
2010-06-21,35,0,9,27,35,28,1.8,88,10,1007,53,45,26,28,116,116,119,0,1,13,météo très défavorable
2010-06-22,30,0,13,26,30,26,1.9,94,6.75,1008,54.25,38,26,26,143,200,143,0,1,10.7,météo très défavorable
2010-06-23,32,0,16,26,32,27,2,88,7,1008,50.875,38,26,27,143,116,116,0,1,13,météo favorable
2010-06-24,32,0,11,27,32,27,0.1,90,10,1008,43.375,39,26,27,116,116,116,0,1,13,météo favorable
2010-06-25,33,0,11,27,33,28,0,80,10,1007,50.25,40,25,28,116,116,122,0,1,13,météo très défavorable
2010-06-26,33,0,10,28,33,28,0.6,83,9.875,1008,34.125,40,26,28,116,113,113,0,1,13,météo très défavorable
2010-06-27,33,0,8,28,33,27,0.6,88,10,1009,53.5,40,26,27,116,119,119,0,1,11.9,météo très défavorable
2010-06-28,28,0,12,26,28,26,3.3,91,6.875,1008,65,34,26,26,143,116,122,0,1,10.7,météo très défavorable
2010-06-29,27,0,11,26,27,26,1.7,92,6.875,1008,69.25,32,25,26,143,119,119,0,1,10.7,météo très défavorable
2010-06-30,31,0,12,27,31,27,1.4,84,7.875,1008,38.375,39,26,28,119,116,116,0,1,13,météo favorable
2010-07-01,30,0,12,27,30,27,0.3,94,8,1008,49.75,38,26,27,116,116,143,0,1,13,météo favorable
2010-07-02,30,0,12,26,30,26,2,94,8,1009,48.125,38,26,26,116,116,116,0,1,13,météo favorable
2010-07-03,29,0,11,26,29,26,1.2,95,7,1010,49.375,37,26,26,116,116,143,0,1,12.9,météo favorable
2010-07-04,29,0,13,26,29,26,1.4,94,8,1012,43.125,36,26,26,116,119,116,0,1,12.9,météo très défavorable
2010-07-05,31,0,11,26,31,27,0,89,9,1011,43.875,38,25,27,116,116,116,0,1,12.9,météo favorable
2010-07-06,31,0,8,26,31,27,0.8,85,10,1012,41.25,40,26,28,116,113,116,0,1,12.9,météo très défavorable
2010-07-07,33,0,5,27,33,27,0.7,84,9.875,1012,52.125,42,26,28,119,119,116,0,1,10.6,météo très défavorable
2010-07-08,32,0,5,27,31,27,1.6,82,10,1011,26.75,41,26,28,113,113,116,0,1,12.9,météo très défavorable
2010-07-09,32,0,10,27,32,27,1.1,86,9.75,1010,32.25,40,26,27,116,116,116,0,1,12.9,météo très défavorable
2010-07-10,32,0,10,27,32,27,0,87,10,1010,30.75,39,25,27,116,116,116,0,1,12.9,météo favorable
2010-07-11,32,0,8,27,32,27,2.2,83,8.625,1010,33.125,42,27,28,116,113,116,0,1,12.9,météo très défavorable
2010-07-12,32,0,8,27,32,27,0.8,86,7.875,1009,44.875,40,26,28,119,116,113,0,1,12.9,météo très défavorable
2010-07-13,27,0,5,26,27,26,2.1,92,8.875,1009,53,33,26,26,119,116,116,0,1,12.9,météo favorable
2010-07-14,31,0,6,26,31,26,0.4,92,7,1008,66.875,39,26,27,143,116,122,0,1,11.9,météo très défavorable
2010-07-15,31,0,4,26,31,26,4.1,95,4.625,1007,49.125,42,27,27,143,116,143,0,1,12.9,météo très défavorable
2010-07-16,30,0,10,27,30,27,0.6,88,8.875,1007,40,40,27,27,116,116,116,0,1,12.9,météo très défavorable
2010-07-17,30,0,10,26,30,26,1.8,92,9,1009,57.125,36,26,26,116,119,116,0,1,11.9,météo très défavorable
2010-07-18,27,0,13,25,27,25,1.1,96,4.75,1010,73.5,32,25,26,248,122,143,0,1,11.9,météo très défavorable
2010-07-19,28,0,10,25,28,26,1.6,91,7.625,1009,58.625,33,25,26,143,119,116,0,1,12.9,météo très défavorable
2010-07-20,32,0,7,26,32,27,0.1,82,7.5,1010,41.125,40,25,28,113,116,116,0,1,12.9,météo très défavorable
2010-07-21,32,0,10,27,32,27,0,81,8,1010,38,40,26,28,116,116,113,0,1,12.9,météo très défavorable
2010-07-22,31,0,8,27,31,27,0.5,88,9.875,1009,27.875,40,26,28,113,116,116,0,1,12.9,météo très défavorable
2010-07-23,30,0,11,26,30,26,0.7,93,9,1007,61,37,26,26,116,116,116,0,1,10.6,météo très défavorable
2010-07-24,30,0,12,26,30,26,0.4,84,9.375,1008,55.5,35,25,26,116,116,119,0,1,12.9,météo très défavorable
2010-07-25,30,0,15,25,30,26,0.2,87,10,1008,64,35,25,27,116,116,116,0,1,12.9,météo très défavorable
2010-07-26,32,0,10,25,31,27,0,76,10,1008,51,38,23,27,116,116,116,0,1,12.9,météo favorable
2010-07-27,34,0,8,26,34,27,0,88,10,1007,59.125,44,26,27,119,116,116,0,1,11.9,météo très défavorable
2010-07-28,30,0,14,26,30,28,2.5,83,8,1009,66.125,36,26,28,143,119,122,0,1,10.6,météo très défavorable
2010-07-29,32,0,19,27,32,28,5.1,79,9.625,1009,57.25,37,24,28,122,116,116,0,1,11.8,météo très défavorable
2010-07-30,32,0,18,27,32,28,0.5,79,9.875,1010,30.125,37,25,28,113,116,116,0,1,12.4,météo favorable
2010-07-31,33,0,11,27,33,28,0.2,71,9.875,1010,36,39,24,29,116,113,116,0,1,12.4,météo favorable
2010-08-01,34,0,15,28,34,28,0.4,71,9.875,1009,33.5,39,24,29,113,116,116,0,1,12.4,météo favorable
2010-08-02,33,0,14,27,30,27,0.4,83,9.875,1009,60.75,40,25,27,116,122,119,0,1,10.5,météo très défavorable
2010-08-03,30,0,15,27,30,26,0.3,88,10,1009,65.75,34,24,26,116,116,122,0,1,8.9,météo très défavorable
2010-08-04,32,0,19,27,32,26,1.8,82,9.875,1009,50.625,37,24,27,116,119,116,0,1,8.9,météo très défavorable
2010-08-05,28,0,3,26,27,26,0.2,85,10,1010,65.25,33,24,26,116,116,119,0,1,7.6,météo très défavorable
2010-08-06,32,0,18,26,32,28,0.1,74,10,1009,67.5,37,24,28,119,119,116,0,1,8.9,météo très défavorable
2010-08-07,32,0,17,26,32,28,0,69,10,1008,42.875,36,23,29,116,119,116,0,1,10.3,météo très défavorable
2010-08-08,32,0,18,27,32,28,0.8,73,10,1006,48.625,37,24,29,116,119,116,0,1,10.2,météo très défavorable
2010-08-09,33,0,16,27,33,29,0.5,70,9.875,1006,36.125,37,23,29,116,116,116,0,1,11.6,météo favorable
2010-08-10,33,0,15,28,33,29,1.9,73,10,1007,40.5,39,24,29,116,116,119,0,1,10.2,météo favorable
2010-08-11,33,0,14,27,33,29,0,73,10,1009,40.25,38,24,29,116,116,116,0,1,11.6,météo favorable
2010-08-12,32,0,16,28,32,29,5.3,70,9.625,1010,53.75,37,24,29,119,116,116,0,1,10.2,météo favorable
2010-08-13,33,0,13,27,33,28,0.2,77,9.875,1009,39.25,38,24,28,116,116,116,0,1,11.6,météo favorable
2010-08-14,33,0,13,27,33,28,0,75,10,1010,46.625,39,24,28,119,116,116,0,1,11.6,météo favorable
2010-08-15,33,0,13,27,33,28,3.2,74,9.625,1010,45.5,40,24,28,116,116,116,0,1,11.6,météo très défavorable
2010-08-16,34,0,12,27,34,28,0.7,71,10,1011,35.125,41,24,29,116,116,113,0,1,11.6,météo très défavorable
2010-08-17,36,0,10,27,36,29,1.3,73,9.875,1009,33.5,46,25,30,116,116,113,0,1,11.6,météo très défavorable
2010-08-18,33,0,9,27,33,28,0.2,83,9.875,1010,43.625,40,25,28,116,116,122,0,1,10.2,météo très défavorable
2010-08-19,35,0,8,26,35,29,0.8,73,9.875,1010,37.125,43,24,29,116,113,116,0,1,11.6,météo très défavorable
2010-08-20,37,0,12,28,37,28,1.5,79,9.875,1010,38.625,46,24,28,116,116,116,0,1,11.6,météo très défavorable
2010-08-21,33,0,6,27,33,28,0.1,73,10,1010,47.375,38,24,29,116,116,116,0,1,10.2,météo favorable
2010-08-22,33,0,13,27,33,28,0.3,71,10,1008,51.5,38,23,29,116,119,119,0,1,8.9,météo très défavorable
2010-08-23,33,0,9,27,33,28,0.4,73,9.875,1007,43.375,38,24,28,113,113,122,0,1,8.9,météo favorable
2010-08-24,31,0,17,27,31,26,5.8,89,9.625,1009,56.625,35,24,26,116,116,119,0,1,7.5,météo très défavorable
2010-08-25,30,0,13,26,30,26,1.2,88,9.75,1011,56.875,34,24,26,116,116,116,0,1,11.6,météo très défavorable
2010-08-26,32,0,12,26,32,27,2.9,82,8.75,1011,51.625,38,25,27,119,116,116,0,1,11.6,météo favorable
2010-08-27,33,0,13,27,33,28,0.4,79,9.875,1010,35.375,38,25,28,116,116,116,0,1,11.6,météo favorable
2010-08-28,31,0,13,27,31,27,6.6,83,9.625,1009,69.75,35,25,27,116,119,119,0,1,8.9,météo très défavorable
2010-08-29,26,0,10,25,26,25,5.9,94,8.625,1010,85,30,25,25,143,119,122,0,1,6.1,météo très défavorable
2010-08-30,29,0,14,26,29,25,0.8,89,9.875,1010,70.375,34,24,26,116,119,122,0,1,6.1,météo très défavorable
2010-08-31,30,0,13,26,30,27,1.6,82,10,1009,69.875,35,25,27,119,119,116,0,1,8.9,météo très défavorable
2010-09-01,32,0,15,26,32,28,0,75,10,1008,29.625,38,24,28,116,116,113,0,1,11.6,météo favorable
2010-09-02,31,0,9,27,31,28,2.2,82,10,1008,59.75,40,26,28,119,116,116,0,1,10.2,météo très défavorable
2010-09-03,33,0,10,27,33,27,1.9,83,10,1009,59.25,40,25,28,122,116,116,0,1,10.2,météo très défavorable
2010-09-04,29,0,14,26,29,27,3.3,80,9.875,1010,53.75,34,24,27,116,116,119,0,1,8.9,météo favorable
2010-09-05,31,0,17,26,31,27,0.8,81,9.875,1009,35.75,36,24,28,116,116,116,0,1,11.6,météo favorable
2010-09-06,32,0,14,26,32,27,0,77,10,1009,42,37,23,28,116,116,116,0,1,11.6,météo favorable
2010-09-07,35,0,9,27,35,28,0.5,73,9.875,1008,32.25,43,24,29,116,116,113,0,1,11.6,météo très défavorable
2010-09-08,32,0,12,27,32,28,0,75,10,1010,30.875,40,24,29,116,116,113,0,1,11.6,météo très défavorable
2010-09-09,32,0,12,27,32,27,0.3,79,9.875,1010,26.625,38,25,28,113,116,113,0,1,11.6,météo favorable
2010-09-10,31,0,8,27,31,27,0.8,82,10,1010,49.125,37,25,28,116,119,116,0,1,10.2,météo très défavorable
2010-09-11,31,0,8,26,31,27,1,78,10,1010,68,36,25,28,119,119,116,0,1,8.8,météo très défavorable
2010-09-12,32,0,9,26,32,28,0.3,75,9.875,1011,43.25,38,24,28,116,116,116,0,1,11.6,météo favorable
2010-09-13,32,0,9,27,32,28,0.2,69,9.875,1010,54.625,37,24,28,119,116,116,0,1,11.6,météo favorable
2010-09-14,30,0,11,26,30,27,3.7,76,9.625,1010,69,35,24,27,116,119,119,0,1,7.4,météo très défavorable
2010-09-15,32,0,12,26,32,27,0.9,77,10,1011,49.875,37,24,27,116,119,116,0,1,10.2,météo très défavorable
2010-09-16,33,0,7,26,33,27,1.1,83,9.875,1010,40.375,41,24,27,116,116,116,0,1,11.6,météo très défavorable
2010-09-17,35,0,8,26,35,27,2.8,86,9.625,1009,56.375,43,25,27,116,116,119,0,1,8.8,météo très défavorable
2010-09-18,32,0,5,26,32,26,4.7,87,8.625,1010,61.875,39,25,27,116,119,116,0,1,8.8,météo très défavorable
2010-09-19,33,0,9,26,33,27,0.6,79,9.875,1010,35.375,42,25,28,116,113,113,0,1,10.2,météo très défavorable
2010-09-20,32,0,9,27,32,27,0,80,10,1009,33,38,24,28,113,116,113,0,1,11.6,météo favorable
2010-09-21,33,0,8,27,33,28,0.4,73,9.875,1010,27.5,39,25,29,116,113,113,0,1,11.6,météo favorable
2010-09-22,33,0,12,27,33,27,5.9,86,9.25,1009,36.625,40,26,28,116,116,116,0,1,11.6,météo très défavorable
2010-09-23,31,0,5,27,31,27,1.4,87,9.75,1010,59.875,38,25,28,119,119,200,0,1,8.8,météo très défavorable
2010-09-24,32,0,10,26,32,27,0,80,10,1010,22.25,40,25,28,113,113,113,0,1,11.6,météo très défavorable
2010-09-25,33,0,8,28,33,28,0.7,82,9.875,1011,20.75,42,25,28,113,116,113,0,1,11.6,météo très défavorable
2010-09-26,34,0,5,28,34,28,3.6,78,9.5,1012,34.75,43,25,29,116,116,200,0,1,11.6,météo très défavorable
2010-09-27,34,0,5,28,34,28,6.3,80,9.5,1011,28.25,43,26,29,113,113,116,0,1,11.6,météo très défavorable
2010-09-28,34,0,6,26,34,28,0.3,80,9.875,1011,37.5,43,25,29,116,116,116,0,1,11.6,météo très défavorable
2010-09-29,34,0,6,28,34,28,2,81,9.75,1010,36.125,43,25,28,113,113,200,0,1,11.6,météo très défavorable
2010-09-30,33,0,8,26,33,28,0.1,84,9.875,1010,21.5,41,25,28,113,113,113,0,1,11.6,météo très défavorable
2010-10-01,32,0,11,26,32,27,1.4,86,9.875,1008,31.25,38,26,27,113,116,116,0,1,10.2,météo favorable
2010-10-02,30,0,13,26,30,26,5.7,91,9.625,1007,56.75,37,26,27,116,116,116,0,1,8.8,météo très défavorable
2010-10-03,31,0,16,26,31,26,9.3,90,9.375,1007,70.25,38,26,26,119,116,122,0,1,8.8,météo très défavorable
2010-10-04,28,0,7,25,28,25,1.7,95,5.625,1009,80.25,34,26,26,248,116,143,0,1,8.8,météo très défavorable
2010-10-05,31,0,10,24,31,26,0.8,81,8,1010,51.875,37,24,27,143,116,116,0,1,11.6,météo favorable
2010-10-06,29,0,5,24,29,25,0,88,10,1011,49.375,34,24,26,119,116,116,0,1,11.6,météo favorable
2010-10-07,32,0,9,26,32,27,0,81,10,1011,26.125,39,25,28,116,113,113,0,1,11.6,météo favorable
2010-10-08,32,0,9,27,32,27,0,82,10,1011,29.5,38,25,28,116,113,113,0,1,11.6,météo favorable
2010-10-09,32,0,7,27,32,28,0.1,76,10,1009,22.875,40,25,28,113,116,116,0,1,11.6,météo très défavorable
2010-10-10,31,0,12,27,31,27,1,81,9.75,1008,24.75,38,25,28,116,113,113,0,1,11.6,météo favorable
2010-10-11,30,0,11,27,30,26,0.5,90,9.375,1010,50,35,24,26,116,116,119,0,1,7.2,météo favorable
2010-10-12,27,0,8,25,27,25,11.6,94,7.875,1011,51.75,32,24,25,143,116,116,0,1,8.7,météo très défavorable
2010-10-13,31,0,10,25,31,26,0,83,10,1008,42.625,37,24,27,116,116,116,0,1,8.7,météo favorable
2010-10-14,30,0,7,25,30,26,3.1,84,9.625,1008,59.375,36,25,27,116,119,119,0,1,5.8,météo très défavorable
2010-10-15,28,0,14,26,27,25,0.3,93,9,1009,62.125,32,24,25,116,122,116,0,1,5.8,météo très défavorable
2010-10-16,26,0,13,24,26,24,0.9,96,7,1007,96,29,24,25,143,122,143,0,1,4.3,météo très défavorable
2010-10-17,29,0,8,24,29,25,1.4,91,6.75,1008,71.375,34,25,25,143,119,119,0,1,4.3,météo très défavorable
2010-10-18,28,0,7,25,26,25,4.1,90,9.625,1010,67.625,33,25,26,116,116,116,0,1,5.8,météo très défavorable
2010-10-19,31,0,8,25,31,26,1.2,84,10,1011,51.375,37,24,27,119,116,116,0,1,7.2,météo favorable
2010-10-20,31,0,9,26,31,27,0.1,86,10,1011,31.375,38,25,27,113,113,116,0,1,8.7,météo favorable
2010-10-21,32,0,8,25,32,27,1.3,82,9.875,1010,41.625,39,24,27,116,116,116,0,1,8.7,météo favorable
2010-10-22,31,0,8,26,31,26,1.3,83,9.875,1009,47,37,25,27,119,116,116,0,1,8.7,météo favorable
2010-10-23,31,0,8,27,31,27,0,81,10,1009,30.5,38,24,27,113,113,116,0,1,8.7,météo favorable
2010-10-24,31,0,9,26,31,27,0.5,79,9.875,1009,23,38,24,28,116,113,113,0,1,8.7,météo favorable
2010-10-25,33,0,5,27,33,27,1.7,84,9.875,1009,25.125,41,26,28,113,113,113,0,1,8.7,météo très défavorable
2010-10-26,31,0,8,27,31,27,0,84,10,1011,26.375,38,26,28,113,116,116,0,1,8.7,météo favorable
2010-10-27,31,0,17,25,31,26,0,83,10,1012,19.375,36,24,27,113,113,113,0,1,8.7,météo favorable
2010-10-28,30,0,19,24,30,27,1.1,80,10,1013,40.375,35,23,26,116,116,116,0,1,7.2,météo favorable
2010-10-29,29,0,20,22,29,25,0,72,10,1015,19.875,31,22,25,113,113,113,0,1,8.7,météo favorable
2010-10-30,28,0,23,20,28,23,0,69,10,1016,9.875,29,19,24,113,113,113,0,1,8.7,météo favorable
2010-10-31,27,0,14,20,27,23,0,68,10,1016,27.25,29,18,23,116,113,116,0,1,8.7,météo favorable
2010-11-01,27,0,11,20,26,24,0.1,72,10,1012,38.875,29,19,22,116,116,113,0,1,7.2,météo favorable
2010-11-02,29,0,16,21,29,26,0,71,10,1011,25.875,31,21,25,113,116,116,0,1,8.7,météo favorable
2010-11-03,26,0,13,22,26,24,0,71,10,1013,66.75,28,19,23,119,119,119,0,1,4.3,météo très défavorable
2010-11-04,28,0,21,21,28,25,0,64,10,1013,45.125,30,18,25,116,116,116,0,1,8.7,météo favorable
2010-11-05,29,0,18,22,29,25,0,70,10,1013,32.5,31,20,25,116,116,116,0,1,8.7,météo favorable
2010-11-06,30,0,13,22,29,25,0,70,10,1012,24.875,32,20,26,113,113,116,0,1,8.7,météo favorable
2010-11-07,30,0,11,23,30,26,0,73,10,1013,37.75,34,22,27,116,116,116,0,1,7.2,météo favorable
2010-11-08,30,0,13,24,29,27,0,61,10,1014,38.75,32,20,27,116,116,116,0,1,8.7,météo favorable
2010-11-09,29,0,14,23,27,26,0,60,10,1014,53.75,30,19,25,116,119,119,0,1,7.2,météo très défavorable
2010-11-10,30,0,12,23,29,27,0,65,10,1014,60.75,33,21,25,116,116,116,0,1,7.2,météo très défavorable
2010-11-11,30,0,8,23,30,26,0,68,10,1013,49,32,21,26,116,119,116,0,1,7.2,météo très défavorable
2010-11-12,30,0,10,23,30,25,0.2,79,10,1011,55.75,33,21,25,119,116,116,0,1,8.7,météo très défavorable
2010-11-13,31,0,9,24,31,27,0,68,10,1011,38.75,35,22,27,116,116,113,0,1,8.7,météo favorable
2010-11-14,32,0,11,24,32,27,0,71,10,1013,15.25,38,23,28,113,113,113,0,1,8.7,météo favorable
2010-11-15,32,0,13,25,32,26,0,77,10,1014,16.5,37,23,27,113,113,116,0,1,8.7,météo favorable
2010-11-16,32,0,17,24,32,26,0,80,10,1013,30.75,36,23,27,116,116,116,0,1,8.7,météo favorable
2010-11-17,31,0,13,24,31,27,0.2,71,9.875,1013,35.625,36,23,28,116,116,116,0,1,8.7,météo favorable
2010-11-18,32,0,11,24,32,28,0,68,10,1013,19.75,37,22,28,113,113,113,0,1,8.7,météo favorable
2010-11-19,32,0,13,24,32,26,0,66,10,1012,20.875,35,21,27,113,113,113,0,1,8.7,météo favorable
2010-11-20,32,0,10,24,32,26,0,73,10,1011,11.75,36,21,27,113,113,113,0,1,8.7,météo favorable
2010-11-21,34,0,6,25,34,27,0,67,10,1009,7.625,41,23,28,113,113,113,0,1,8.7,météo très défavorable
2010-11-22,33,0,5,26,33,27,0,74,10,1009,10,39,24,28,113,113,113,0,1,8.7,météo favorable
2010-11-23,33,0,9,25,33,27,0,63,10,1010,8.5,38,23,28,113,113,113,0,1,8.7,météo favorable
2010-11-24,33,0,12,25,33,28,0,65,10,1011,19.375,38,22,28,113,113,116,0,1,8.7,météo favorable
2010-11-25,33,0,10,25,33,27,0,62,10,1013,21.625,36,21,28,113,113,116,0,1,8.7,météo favorable
2010-11-26,32,0,12,24,32,27,0,63,10,1012,10.875,35,20,27,113,113,113,0,1,8.7,météo favorable
2010-11-27,32,0,14,23,32,27,0,59,10,1011,16.125,35,20,28,113,113,116,0,1,8.7,météo favorable
2010-11-28,32,0,12,24,32,27,0,59,10,1012,19.125,35,19,28,113,113,113,0,1,8.7,météo favorable
2010-11-29,32,0,11,24,32,27,0,60,10,1012,19.875,35,20,27,113,113,116,0,1,8.7,météo favorable
2010-11-30,32,0,12,24,32,27,0,63,10,1011,29.25,35,20,28,116,116,113,0,1,8.7,météo favorable
2010-12-01,32,0,15,24,32,28,0,58,10,1010,30.125,35,20,28,113,116,119,0,1,7.2,météo favorable
2010-12-02,32,0,12,23,32,26,0,62,10,1011,20.625,34,19,27,116,113,113,0,1,8.7,météo favorable
2010-12-03,31,0,18,22,31,27,0,59,10,1012,31.875,33,19,27,116,116,116,0,1,8.7,météo favorable
2010-12-04,31,0,13,23,31,27,0,56,10,1011,24,33,18,27,116,113,113,0,1,8.7,météo favorable
2010-12-05,32,0,11,22,32,28,0,57,10,1010,23.5,35,20,28,113,116,116,0,1,8.7,météo favorable
2010-12-06,32,0,13,25,32,28,0.3,58,9.875,1011,39.25,35,21,29,116,116,116,0,1,8.7,météo favorable
2010-12-07,31,0,18,24,31,28,0,66,10,1011,40.625,34,21,28,113,116,119,0,1,8.7,météo favorable
2010-12-08,31,0,19,23,31,27,0,62,10,1012,31.625,32,20,27,113,116,116,0,1,7.2,météo favorable
2010-12-09,31,0,15,22,31,25,0,66,10,1012,9.5,35,19,26,113,113,113,0,1,8.7,météo favorable
2010-12-10,31,0,13,23,31,26,0,79,10,1010,21.375,35,22,26,113,116,113,0,1,8.7,météo favorable
2010-12-11,31,0,17,25,31,26,0.7,80,9.875,1009,28.75,35,23,26,116,116,113,0,1,8.7,météo favorable
2010-12-12,31,0,18,25,31,26,0,80,10,1007,20.625,35,23,27,116,113,113,0,1,8.7,météo favorable
2010-12-13,31,0,17,25,31,26,0.1,81,10,1009,21.875,36,23,27,113,116,113,0,1,8.7,météo favorable
2010-12-14,32,0,15,25,32,26,0,79,10,1010,15.75,36,24,27,113,113,113,0,1,8.7,météo favorable
2010-12-15,34,0,9,26,34,28,0,74,10,1009,29.125,40,25,28,113,116,113,0,1,8.7,météo très défavorable
2010-12-16,31,0,6,25,31,26,6.3,83,9.5,1010,32,37,24,27,119,113,113,0,1,8.7,météo favorable
2010-12-17,27,0,18,19,26,24,0,65,10,1015,58.125,28,20,22,116,119,116,0,1,5.7,météo très défavorable
2010-12-18,28,0,11,19,27,23,0,63,10,1013,9.5,29,17,24,113,113,113,0,1,8.7,météo favorable
2010-12-19,30,0,12,21,30,25,0,56,10,1013,16.375,32,17,26,113,113,113,0,1,8.7,météo favorable
2010-12-20,31,0,9,22,31,25,0,62,10,1012,6.375,34,19,27,113,113,113,0,1,8.7,météo favorable
2010-12-21,32,0,8,23,32,26,0,70,10,1010,7.125,36,21,27,113,113,113,0,1,8.7,météo favorable
2010-12-22,32,0,10,24,32,26,0.1,69,10,1009,19,36,21,27,113,113,116,0,1,8.7,météo favorable
2010-12-23,32,0,8,24,32,26,0.2,71,10,1010,13.125,37,22,27,113,113,113,0,1,8.7,météo favorable
2010-12-24,32,0,5,24,32,27,0,72,10,1010,15.625,37,22,28,113,113,113,0,1,8.7,météo favorable
2010-12-25,33,0,8,25,33,27,0.4,69,9.875,1010,26.375,38,23,28,113,113,116,0,1,8.7,météo favorable
2010-12-26,31,0,21,23,31,25,0,54,10,1012,16.625,31,21,27,116,113,113,0,1,8.7,météo favorable
2010-12-27,30,0,16,19,29,25,0,60,10,1013,1.625,31,17,24,113,113,113,0,1,8.7,météo favorable
2010-12-28,30,0,12,20,30,25,0,55,10,1012,5.5,33,17,26,113,113,113,0,1,8.7,météo favorable
2010-12-29,31,0,10,21,30,24,0,56,10,1012,5.75,33,18,27,113,113,113,0,1,8.7,météo favorable
2010-12-30,31,0,11,20,31,25,0,47,10,1013,10.25,34,16,27,113,113,113,0,1,8.7,météo favorable
2010-12-31,30,0,17,20,29,25,0,53,10,1012,8.375,30,15,25,113,113,113,0,1,8.7,météo favorable
2011-01-01,31,0,13,20,31,25,0,51,10,1012,8.625,33,16,26,113,113,113,0,1,8.7,météo favorable
2011-01-02,32,0,14,22,32,26,0,57,10,1011,13.625,34,18,27,113,113,113,0,1,11.6,météo favorable
2011-01-03,32,0,14,23,32,27,0,52,10,1012,11,34,17,28,113,113,113,0,1,11.6,météo favorable
2011-01-04,33,0,16,23,33,27,0,55,10,1012,7.125,36,18,28,113,113,113,0,1,11.6,météo favorable
2011-01-05,32,0,15,23,32,27,0,60,10,1011,9.5,36,20,28,113,113,113,0,1,11.6,météo favorable
2011-01-06,33,0,16,25,32,27,0,55,10,1012,40.125,34,18,28,116,116,116,0,1,11.6,météo favorable
2011-01-07,31,0,20,22,30,27,0,56,10,1013,30.125,32,17,26,113,116,116,0,1,11.6,météo favorable
2011-01-08,31,0,15,21,31,26,0,54,10,1013,9.5,34,18,26,113,113,113,0,1,11.6,météo favorable
2011-01-09,32,0,17,21,31,26,0,50,10,1013,6.375,33,16,27,113,113,113,0,1,11.6,météo favorable
2011-01-10,31,0,15,21,30,26,0,55,10,1012,6.875,33,17,26,113,113,113,0,1,11.6,météo favorable
2011-01-11,32,0,11,22,32,26,0,63,10,1011,27.375,34,19,26,113,116,116,0,1,11.6,météo favorable
2011-01-12,31,0,13,23,30,27,0,58,10,1012,59.75,33,19,26,116,116,122,0,1,8.7,météo très défavorable
2011-01-13,31,0,13,20,31,24,0,57,10,1012,4.625,35,17,26,113,113,113,0,1,11.6,météo favorable
2011-01-14,33,0,11,22,33,25,0,63,10,1012,4.875,41,21,27,113,113,113,0,1,11.6,météo très défavorable
2011-01-15,31,0,22,22,31,25,0,49,10,1014,10.75,31,19,26,113,113,113,0,1,11.6,météo favorable
2011-01-16,29,0,20,18,28,24,0,60,10,1015,23.875,30,16,23,113,113,119,0,1,10.2,météo favorable
2011-01-17,30,0,18,19,29,24,0,49,10,1015,11.375,31,15,24,113,113,113,0,1,11.6,météo favorable
2011-01-18,30,0,15,19,30,23,0,57,10,1014,6.125,32,17,26,113,113,113,0,1,11.6,météo favorable
2011-01-19,32,0,11,20,32,24,0,60,10,1013,7.625,34,17,26,113,113,113,0,1,11.6,météo favorable
2011-01-20,32,0,9,20,32,25,0,55,10,1012,4.375,34,17,26,113,113,113,0,1,11.6,météo favorable
2011-01-21,33,0,14,21,33,24,0,57,10,1012,3.625,35,17,26,113,113,113,0,1,11.6,météo favorable
2011-01-22,33,0,15,21,33,26,0,61,10,1014,22.875,34,18,26,113,116,113,0,1,11.6,météo favorable
2011-01-23,34,0,14,24,34,26,0,64,10,1014,39.875,36,19,27,113,116,116,0,1,11.6,météo favorable
2011-01-24,33,0,19,24,33,28,0,53,10,1014,31.125,35,18,28,116,116,116,0,1,11.6,météo favorable
2011-01-25,33,0,19,23,32,28,0,51,10,1014,20.625,34,17,28,116,113,113,0,1,11.6,météo favorable
2011-01-26,33,0,18,22,33,28,0,46,10,1015,15.625,34,15,28,113,113,116,0,1,11.6,météo favorable
2011-01-27,33,0,18,23,33,29,0,46,10,1015,47.5,35,17,28,116,116,119,0,1,8.7,météo favorable
2011-01-28,34,0,18,23,33,28,0,49,10,1014,26.125,36,17,28,116,113,113,0,1,11.6,météo favorable
2011-01-29,32,0,23,22,31,27,0,50,10,1015,16.125,33,16,26,113,113,113,0,1,11.6,météo favorable
2011-01-30,32,0,20,20,31,27,0,48,10,1016,8.75,32,15,25,113,113,113,0,1,11.6,météo favorable
2011-01-31,31,0,24,20,30,26,0,51,10,1016,7.125,32,15,25,113,113,113,0,1,11.6,météo favorable
2011-02-01,33,0,17,21,32,27,0,47,10,1015,16.5,34,16,27,113,113,113,0,1,11.6,météo favorable
2011-02-02,33,0,21,22,32,26,0,53,10,1014,19.75,34,17,27,113,116,113,0,1,11.6,météo favorable
2011-02-03,33,0,17,22,33,25,0,59,10,1014,14.375,35,18,26,113,113,113,0,1,11.6,météo favorable
2011-02-04,34,0,13,22,34,26,0,64,10,1014,10.125,36,20,27,113,113,113,0,1,11.6,météo favorable
2011-02-05,35,0,12,21,35,26,0,65,10,1013,4.375,37,21,27,113,113,113,0,1,11.6,météo favorable
2011-02-06,35,0,12,22,35,25,0.1,73,10,1013,7,38,22,27,113,113,113,0,1,11.6,météo favorable
2011-02-07,32,0,16,23,32,26,0.6,73,9.875,1011,12.125,35,23,27,113,113,113,0,1,11.6,météo favorable
2011-02-08,32,0,14,24,32,24,0.4,63,9.875,1009,6.125,34,23,27,113,113,113,0,1,11.6,météo favorable
2011-02-09,32,0,15,23,32,26,0,68,10,1008,9.375,35,23,27,116,113,113,0,1,11.6,météo favorable
2011-02-10,33,0,16,23,33,26,0,71,9,1010,19.25,36,23,27,119,113,113,0,1,11.6,météo favorable
2011-02-11,33,0,15,24,33,27,0,70,10,1011,19.125,36,23,27,113,116,113,0,1,11.6,météo favorable
2011-02-12,32,0,21,25,32,27,2.4,73,9.875,1011,31.375,36,23,27,116,116,113,0,1,11.6,météo favorable
2011-02-13,31,0,19,24,31,27,0.1,74,10,1011,14.875,35,23,27,113,113,113,0,1,11.6,météo favorable
2011-02-14,32,0,13,24,32,27,2.2,75,9.75,1011,31.125,35,24,27,113,119,116,0,1,10.2,météo très défavorable
2011-02-15,32,0,14,25,32,27,1.4,70,9.75,1013,29.25,35,23,27,116,116,113,0,1,11.6,météo favorable
2011-02-16,33,0,12,25,33,28,0.3,69,9.875,1014,23.125,37,23,28,113,116,113,0,1,11.6,météo favorable
2011-02-17,33,0,14,26,33,27,0.8,74,9.75,1013,24.875,38,24,28,113,116,113,0,1,11.6,météo favorable
2011-02-18,33,0,18,26,33,27,0,75,10,1012,17,37,24,28,113,113,113,0,1,11.6,météo favorable
2011-02-19,33,0,15,26,33,28,0,70,10,1013,17,37,23,28,113,116,113,0,1,11.6,météo favorable
2011-02-20,32,0,14,26,32,28,1.1,71,9.875,1013,11.875,37,24,28,113,116,113,0,1,11.6,météo favorable
2011-02-21,33,0,14,26,33,28,3.7,75,9.75,1012,30.5,37,23,28,113,119,113,0,1,10.2,météo très défavorable
2011-02-22,31,0,13,25,31,27,1,77,9.75,1012,23.625,35,24,28,113,116,113,0,1,11.6,météo favorable
2011-02-23,32,0,17,26,32,27,2,73,9.625,1012,23.75,36,24,27,113,116,116,0,1,11.6,météo favorable
2011-02-24,32,0,15,25,32,27,0.5,77,9.875,1012,23.75,37,23,27,113,116,113,0,1,11.6,météo favorable
2011-02-25,33,0,15,26,33,28,0.2,73,10,1011,23.5,38,23,28,113,113,113,0,1,11.6,météo favorable
2011-02-26,32,0,13,26,32,28,1.1,73,9.75,1011,29.75,37,23,28,116,116,113,0,1,11.6,météo favorable
2011-02-27,33,0,16,26,33,29,0.4,63,10,1013,47.5,37,23,29,116,116,113,0,1,8.8,météo favorable
2011-02-28,34,0,10,26,34,29,0,71,10,1011,34.25,40,23,29,113,116,116,0,1,11.6,météo très défavorable
2011-03-01,33,0,14,26,33,28,0.8,74,9.875,1011,27.125,38,24,28,113,116,113,0,1,10.2,météo favorable
2011-03-02,34,0,12,26,34,28,0,71,10,1011,24.25,39,24,29,113,119,113,0,1,10.2,météo très défavorable
2011-03-03,34,0,14,26,34,29,0.2,57,10,1012,29.125,37,24,29,113,113,113,0,1,8.8,météo favorable
2011-03-04,33,0,17,26,33,28,0.2,60,10,1012,29.75,36,22,29,113,113,113,0,1,8.8,météo favorable
2011-03-05,34,0,16,26,33,29,0.1,57,10,1012,37,36,22,29,176,113,113,0,1,8.8,météo favorable
2011-03-06,34,0,15,26,34,30,0.1,59,10,1012,40.125,38,22,30,113,116,113,0,1,8.8,météo favorable
2011-03-07,35,0,16,27,35,29,0.1,75,10,1011,7.875,42,25,30,113,113,113,0,1,11.6,météo très défavorable
2011-03-08,33,0,19,27,33,28,1.3,72,9.875,1012,16.125,37,24,28,176,113,113,0,1,11.6,météo favorable
2011-03-09,32,0,7,25,32,29,2.6,70,9.75,1012,40.625,37,23,29,176,116,116,0,1,11.6,météo favorable
2011-03-10,33,0,17,26,33,29,1.8,63,9.875,1013,27.25,37,23,30,353,116,113,0,1,11.6,météo favorable
2011-03-11,34,0,18,26,34,29,0,61,10,1012,18,38,22,30,113,113,113,0,1,11.6,météo favorable
2011-03-12,34,0,9,27,34,29,0.5,65,9.875,1012,17.75,37,23,30,113,113,113,0,1,11.6,météo favorable
2011-03-13,34,0,14,27,34,28,0.3,70,9.875,1011,20.125,38,24,29,113,116,113,0,1,11.6,météo favorable
2011-03-14,34,0,18,27,34,28,0.6,76,9.875,1010,14.5,39,24,28,113,113,113,0,1,11.6,météo favorable
2011-03-15,35,0,9,26,35,29,0.9,72,10,1010,34.875,40,24,29,113,119,116,0,1,10.2,météo très défavorable
2011-03-16,30,0,18,23,30,24,4.7,84,9.625,1012,75.125,32,24,24,119,122,119,0,1,7.4,météo très défavorable
2011-03-17,26,0,14,20,24,22,0.1,74,10,1016,57.625,27,19,20,122,119,119,0,1,7.4,météo très défavorable
2011-03-18,30,0,17,19,28,26,0,64,10,1014,28,32,20,23,116,116,113,0,1,11.6,météo favorable
2011-03-19,33,0,8,22,33,28,0,63,10,1012,23,36,21,28,113,113,113,0,1,11.6,météo favorable
2011-03-20,33,0,14,27,33,28,0.2,66,9.875,1010,17.125,37,22,29,113,113,113,0,1,11.6,météo favorable
2011-03-21,34,0,10,27,34,29,0.2,66,9.875,1011,18.375,38,24,29,113,116,113,0,1,11.6,météo favorable
2011-03-22,35,0,9,27,35,29,0.1,72,9.875,1010,24.25,42,24,30,113,116,113,0,1,11.6,météo très défavorable
2011-03-23,28,0,13,26,25,26,3.9,89,8.5,1012,56.875,33,24,26,119,122,113,0,1,8.8,météo très défavorable
2011-03-24,31,0,12,24,29,28,0.8,64,9.875,1012,47.625,34,23,28,116,116,116,0,1,11.6,météo favorable
2011-03-25,29,0,19,24,29,27,0,65,10,1013,49,31,21,27,116,116,119,0,1,8.8,météo favorable
2011-03-26,26,0,18,24,24,24,0,68,10,1014,78,28,19,24,122,122,116,0,1,7.4,météo très défavorable
2011-03-27,28,0,19,21,28,25,0.2,63,9,1013,69.75,30,18,24,122,119,116,0,1,8.8,météo très défavorable
2011-03-28,22,0,15,21,21,21,0,77,10,1015,60.875,25,17,20,116,122,119,0,1,7.4,météo très défavorable
2011-03-29,26,0,21,19,25,22,1.1,75,9.875,1016,74.25,27,16,20,122,116,119,0,1,8.8,météo très défavorable
2011-03-30,22,0,16,18,22,21,1.7,77,9.875,1016,78.875,24,17,20,119,119,119,0,1,6.1,météo très défavorable
2011-03-31,29,0,12,19,29,26,0,70,10,1015,75.25,31,19,23,122,116,119,0,1,7.5,météo très défavorable
2011-04-01,34,0,9,23,33,28,0.2,61,9.875,1011,33,38,21,29,116,116,116,0,1,11.6,météo favorable
2011-04-02,36,0,7,27,36,29,0,63,10,1010,29.5,42,22,30,116,116,113,0,1,11.6,météo très défavorable
2011-04-03,33,0,15,27,33,28,0.3,72,9.875,1010,41.625,38,23,28,116,116,116,0,1,11.6,météo favorable
2011-04-04,34,0,14,27,34,28,0,72,10,1011,36,39,23,29,116,116,113,0,1,11.6,météo favorable
2011-04-05,33,0,11,27,33,28,3.3,78,9.75,1012,32.75,38,24,28,113,116,116,0,1,11.6,météo favorable
2011-04-06,33,0,14,27,33,28,4.5,76,9.375,1012,34,39,24,28,116,116,113,0,1,11.6,météo favorable
2011-04-07,32,0,17,27,32,27,0.4,78,9.875,1012,17.375,38,25,28,113,113,113,0,1,11.6,météo favorable
2011-04-08,34,0,13,27,34,28,1.4,76,9.75,1013,31.375,39,25,28,113,113,116,0,1,11.6,météo favorable
2011-04-09,33,0,5,26,33,28,6.2,76,9.5,1013,30.75,40,24,29,116,116,113,0,1,11.6,météo très défavorable
2011-04-10,34,0,8,27,34,28,0.8,74,9.75,1014,27.375,40,24,28,113,116,113,0,1,10.2,météo très défavorable
2011-04-11,34,0,12,26,34,28,0.3,77,9.875,1012,17.625,40,24,28,113,113,113,0,1,11.6,météo très défavorable
2011-04-12,33,0,13,27,33,28,2.1,74,9.625,1012,25.25,37,24,28,116,116,113,0,1,11.6,météo favorable
2011-04-13,32,0,14,27,32,28,0.1,71,10,1013,20,37,24,28,113,116,113,0,1,11.6,météo favorable
2011-04-14,33,0,15,27,33,28,0.8,73,9.75,1011,35,37,23,28,116,116,113,0,1,11.6,météo favorable
2011-04-15,33,0,15,27,33,28,0.6,71,9.875,1010,21.625,37,23,29,116,113,113,0,1,11.6,météo favorable
2011-04-16,34,0,19,27,34,28,0,77,10,1011,9.375,39,25,29,113,113,113,0,1,11.6,météo favorable
2011-04-17,34,0,15,27,34,28,0,70,10,1011,12.5,39,25,29,113,113,113,0,1,11.6,météo favorable
2011-04-18,35,0,15,28,35,29,0,75,9.875,1010,18.875,41,25,30,113,113,113,0,1,11.6,météo très défavorable
2011-04-19,35,0,12,28,35,29,0.9,71,10,1009,20.375,42,25,30,113,116,113,0,1,11.6,météo très défavorable
2011-04-20,36,0,13,27,36,29,1.3,70,9.875,1011,31.875,43,23,29,116,119,113,0,1,12.3,météo très défavorable
2011-04-21,34,0,13,28,34,28,0.9,75,9.875,1011,26.5,40,24,29,116,119,113,0,1,12.3,météo très défavorable
2011-04-22,33,0,14,27,33,29,1.2,72,9.875,1010,19.625,39,24,29,113,116,113,0,1,12.7,météo favorable
2011-04-23,33,0,13,28,33,28,7.6,80,9.125,1009,28.5,39,25,29,116,116,200,0,1,12.7,météo favorable
2011-04-24,33,0,8,26,33,28,5.5,78,9.5,1010,45.25,40,25,28,116,116,116,0,1,12.7,météo très défavorable
2011-04-25,34,0,10,28,34,28,4.2,77,9.625,1011,46.125,41,25,29,116,116,113,0,1,12.7,météo très défavorable
2011-04-26,33,0,13,27,33,29,0,74,10,1010,38.75,39,24,29,116,116,116,0,1,12.7,météo favorable
2011-04-27,33,0,14,27,33,28,1.4,75,9.625,1009,31.625,40,24,29,176,113,113,0,1,12.7,météo très défavorable
2011-04-28,34,0,13,28,34,29,0,74,10,1008,22.625,40,24,29,113,116,113,0,1,12.8,météo très défavorable
2011-04-29,34,0,14,28,34,28,0.9,72,9.75,1009,19.75,40,25,29,116,116,113,0,1,12.8,météo très défavorable
2011-04-30,34,0,17,28,34,29,0.2,73,10,1011,23.5,39,24,30,116,116,113,0,1,12.8,météo favorable
2011-05-01,34,0,15,28,34,28,4.9,71,9.875,1010,26.375,40,24,29,176,113,113,0,1,12.8,météo très défavorable
2011-05-02,34,0,13,28,34,29,0,69,10,1010,14.25,41,24,29,113,113,113,0,1,12.8,météo très défavorable
2011-05-03,34,0,13,28,34,29,0,71,10,1009,12.5,41,25,30,113,113,113,0,1,12.8,météo très défavorable
2011-05-04,35,0,15,29,35,29,0,69,10,1009,18.125,42,25,30,113,113,113,0,1,12.8,météo très défavorable
2011-05-05,35,0,14,28,35,29,0.2,71,9.875,1009,19.25,41,24,30,113,116,113,0,1,12.8,météo très défavorable
2011-05-06,35,0,17,29,35,29,0,71,10,1009,17.875,40,24,30,113,113,113,0,1,12.8,météo très défavorable
2011-05-07,34,0,20,28,34,28,0.3,71,10,1008,17.25,39,25,29,113,116,113,0,1,12.8,météo favorable
2011-05-08,32,0,16,27,32,27,1.4,85,10,1007,69.625,37,24,27,119,119,119,0,1,8,météo très défavorable
2011-05-09,33,0,23,27,33,29,0.7,70,10,1007,53,37,24,29,119,113,116,0,1,12.8,météo favorable
2011-05-10,32,0,23,28,32,29,2.1,74,10,1008,50,37,24,29,119,116,116,0,1,12.8,météo favorable
2011-05-11,32,0,12,28,31,29,0.1,66,10,1007,55.5,35,23,29,119,122,116,0,1,10.6,météo très défavorable
2011-05-12,33,0,14,28,33,29,0.4,66,9.875,1007,53,38,24,30,116,116,116,0,1,12.8,météo favorable
2011-05-13,32,0,7,27,32,29,4,70,9.5,1008,62,37,24,29,116,116,116,0,1,11.9,météo très défavorable
2011-05-14,32,0,13,27,32,28,2.3,73,10,1009,48.75,39,24,29,116,116,113,0,1,12.8,météo favorable
2011-05-15,32,0,20,27,32,28,1.3,71,9.875,1012,31.875,37,24,29,116,116,113,0,1,12.9,météo favorable
2011-05-16,33,0,16,27,33,29,0.6,72,9.875,1014,33.625,39,24,29,116,116,113,0,1,12.9,météo favorable
2011-05-17,34,0,12,28,34,29,0,70,10,1012,17.375,41,24,30,113,113,113,0,1,12.9,météo très défavorable
2011-05-18,33,0,11,28,33,29,0.1,67,10,1011,29.5,40,24,30,116,116,113,0,1,12.9,météo très défavorable
2011-05-19,34,0,15,28,34,29,0.1,67,10,1010,16.125,38,24,29,113,113,113,0,1,12.9,météo favorable
2011-05-20,33,0,11,28,33,29,0,61,10,1009,21.125,38,24,29,113,113,116,0,1,12.9,météo favorable
2011-05-21,34,0,13,28,34,29,0,59,10,1008,25.375,37,24,29,113,113,116,0,1,12.9,météo favorable
2011-05-22,34,0,11,28,34,30,0,60,10,1008,25.125,39,24,30,113,116,116,0,1,12.9,météo favorable
2011-05-23,35,0,13,29,35,30,0,60,10,1007,21.75,39,24,30,113,113,113,0,1,12.9,météo favorable
2011-05-24,35,0,15,28,35,30,2.1,73,9.875,1007,39.375,43,25,30,116,116,116,0,1,12.9,météo très défavorable
2011-05-25,33,0,12,27,33,30,1.4,66,9.875,1007,40.375,40,25,30,116,113,116,0,1,12.9,météo très défavorable
2011-05-26,35,0,8,28,35,29,0.4,72,9.875,1008,35,42,24,30,116,116,113,0,1,12.9,météo très défavorable
2011-05-27,33,0,14,28,33,29,1.2,76,10,1007,56.75,39,25,29,116,116,116,0,1,12.9,météo très défavorable
2011-05-28,32,0,10,28,32,30,0.3,68,10,1008,63.25,38,25,30,119,116,116,0,1,11.9,météo très défavorable
2011-05-29,28,0,7,27,27,27,7.9,80,9.875,1008,60.5,32,24,28,353,353,353,0,1,12.9,météo très défavorable
2011-05-30,33,0,14,28,33,29,0.7,72,9.75,1009,58.5,39,24,29,176,116,116,0,1,11.9,météo très défavorable
2011-05-31,33,0,13,28,33,29,3.5,72,9.625,1008,38.5,39,24,29,116,113,113,0,1,12.9,météo favorable
2011-06-01,33,0,13,28,33,29,0.5,70,9.75,1007,30,40,24,30,116,113,113,0,1,12.9,météo très défavorable
2011-06-02,33,0,15,28,33,29,0.1,71,10,1008,37.125,39,24,30,116,119,116,0,1,12.9,météo très défavorable
2011-06-03,33,0,17,28,33,29,0.2,68,9.875,1008,36.25,40,24,30,116,116,113,0,1,12.9,météo très défavorable
2011-06-04,33,0,15,28,33,29,0.5,73,9.875,1008,35.125,40,24,30,116,116,113,0,1,12.9,météo très défavorable
2011-06-05,33,0,19,28,33,29,1,77,9.75,1009,42.75,40,25,29,116,116,116,0,1,12.9,météo très défavorable
2011-06-06,33,0,12,28,33,29,0,73,10,1010,47.75,39,25,29,122,113,116,0,1,12.9,météo favorable
2011-06-07,33,0,14,27,33,29,0.6,66,10,1010,53.75,39,24,29,119,119,113,0,1,10.7,météo très défavorable
2011-06-08,33,0,12,28,33,29,0,69,10,1009,42.125,39,24,30,116,116,116,0,1,12.9,météo favorable
2011-06-09,34,0,20,29,34,30,0,65,10,1008,29.875,38,24,30,116,113,113,0,1,12.9,météo favorable
2011-06-10,33,0,18,28,33,29,0,64,10,1007,31.5,37,23,30,113,116,116,0,1,12.9,météo favorable
2011-06-11,30,0,19,28,29,28,3.5,70,9.625,1007,49.125,34,23,28,116,119,116,0,1,11.9,météo très défavorable
2011-06-12,31,0,21,28,31,28,2.5,68,9.625,1008,49.375,35,23,28,116,116,116,0,1,13,météo favorable
2011-06-13,31,0,23,27,31,27,3.7,72,10,1009,60,36,24,28,116,116,119,0,1,9.4,météo très défavorable
2011-06-14,31,0,16,27,31,28,0,71,10,1010,60.375,35,23,28,119,116,116,0,1,10.7,météo très défavorable
2011-06-15,32,0,18,28,32,29,0.5,68,10,1010,44.875,37,23,29,116,116,116,0,1,13,météo favorable
2011-06-16,32,0,24,28,32,29,2.6,73,9.625,1008,44.25,37,23,29,116,113,116,0,1,13,météo favorable
2011-06-17,31,0,21,28,31,28,1.6,71,10,1008,39.25,36,24,29,116,116,113,0,1,13,météo favorable
2011-06-18,32,0,23,28,32,28,6.6,70,9.375,1007,40,37,24,29,116,116,116,0,1,13,météo favorable
2011-06-19,31,0,24,28,31,28,1.1,71,9.75,1006,44.25,36,23,28,119,176,116,0,1,13,météo favorable
2011-06-20,32,0,25,27,32,27,2.4,77,10,1008,63,36,24,28,353,116,116,0,1,10.7,météo très défavorable
2011-06-21,32,0,19,27,32,29,1.6,68,9.625,1007,28.125,37,24,29,116,116,113,0,1,13,météo favorable
2011-06-22,32,0,15,28,32,28,0,72,10,1006,44.625,37,24,29,116,119,116,0,1,11.9,météo très défavorable
2011-06-23,32,0,19,27,31,28,0,74,10,1004,54.125,36,24,29,119,116,116,0,1,11.9,météo favorable
2011-06-24,32,0,28,28,32,28,0,68,10,1004,39.25,36,23,28,116,116,113,0,1,13,météo favorable
2011-06-25,32,0,24,28,32,28,0,74,10,1006,22.25,36,23,28,116,113,113,0,1,13,météo favorable
2011-06-26,31,0,21,28,31,28,0.1,75,10,1007,45.5,35,24,28,119,116,116,0,1,11.9,météo favorable
2011-06-27,32,0,14,27,32,28,1.5,77,9.875,1009,61.75,37,24,28,119,119,116,0,1,13,météo très défavorable
2011-06-28,32,0,15,28,32,28,0.8,74,9.625,1008,37.375,39,25,29,116,113,116,0,1,13,météo favorable
2011-06-29,32,0,19,28,32,28,5.5,76,9.625,1008,45.25,38,25,29,116,116,116,0,1,13,météo favorable
2011-06-30,31,0,20,28,31,28,2.9,76,9.875,1009,46.75,36,24,28,116,116,116,0,1,13,météo favorable
2011-07-01,31,0,19,26,31,27,1.1,80,10,1010,58.875,36,24,27,116,116,116,0,1,13,météo très défavorable
2011-07-02,28,0,13,25,28,25,5.1,86,9.375,1010,85.25,32,24,26,119,122,122,0,1,9.4,météo très défavorable
2011-07-03,29,0,16,25,29,26,0.9,83,10,1010,59.125,33,24,26,116,119,119,0,1,11.9,météo très défavorable
2011-07-04,31,0,12,26,31,27,0,74,10,1011,40.25,36,24,28,119,113,113,0,1,12.9,météo favorable
2011-07-05,32,0,18,27,32,28,0,68,10,1010,20.125,37,24,28,113,113,116,0,1,12.9,météo favorable
2011-07-06,33,0,12,27,33,28,0,65,10,1010,19.625,36,24,29,113,113,113,0,1,12.9,météo favorable
2011-07-07,33,0,14,27,33,28,0.5,68,9.875,1009,21.125,38,24,29,113,113,116,0,1,12.9,météo favorable
2011-07-08,33,0,15,27,33,29,0.3,72,9.875,1009,20.75,38,24,29,113,113,116,0,1,12.9,météo favorable
2011-07-09,33,0,15,27,32,29,0.3,74,9.875,1007,27.375,38,24,29,113,116,116,0,1,12.9,météo favorable
2011-07-10,33,0,17,28,33,29,1.1,75,9.625,1006,26.75,38,24,29,113,113,113,0,1,12.9,météo favorable
2011-07-11,32,0,11,27,32,29,0.4,70,9.875,1005,32.25,38,24,29,113,116,116,0,1,12.9,météo favorable
2011-07-12,33,0,21,27,33,28,6.1,76,9.5,1007,38.625,38,25,28,116,113,116,0,1,12.9,météo favorable
2011-07-13,31,0,14,27,31,27,2.2,85,9.875,1007,44.25,36,25,28,116,116,116,0,1,12.9,météo favorable
2011-07-14,32,0,20,27,32,28,1.2,74,8.75,1007,51.625,37,24,28,116,119,116,0,1,12.9,météo très défavorable
2011-07-15,30,0,18,26,30,27,0.9,78,10,1008,74,35,23,27,119,122,119,0,1,8.1,météo très défavorable
2011-07-16,32,0,16,27,32,28,1,73,10,1007,58.375,36,24,28,116,119,116,0,1,11.9,météo très défavorable
2011-07-17,31,0,16,27,31,26,0,76,10,1008,34.75,35,23,27,113,116,116,0,1,12.9,météo favorable
2011-07-18,32,0,19,27,32,27,0,84,10,1008,41.625,36,24,27,116,119,116,0,1,11.9,météo très défavorable
2011-07-19,32,0,15,27,31,28,2.7,78,9.875,1008,52.25,37,25,28,116,116,116,0,1,12.9,météo favorable
2011-07-20,32,0,22,27,32,28,0.5,73,10,1009,50.5,36,23,28,116,116,116,0,1,12.9,météo favorable
2011-07-21,30,0,20,26,30,26,1.4,84,10,1010,61.625,35,24,26,122,116,119,0,1,11.9,météo très défavorable
2011-07-22,30,0,14,26,30,26,2.3,83,9.875,1009,62.75,34,24,27,119,116,116,0,1,12.9,météo très défavorable
2011-07-23,32,0,13,26,31,28,0,72,10,1008,42.875,36,23,28,116,116,119,0,1,12.9,météo favorable
2011-07-24,32,0,13,26,32,28,0,74,10,1007,28.75,39,24,28,113,113,113,0,1,12.9,météo favorable
2011-07-25,32,0,14,27,32,28,0,71,10,1009,45.625,37,24,28,116,119,116,0,1,12.9,météo très défavorable
2011-07-26,31,0,15,27,31,28,0.7,72,10,1009,51,36,23,28,116,116,116,0,1,12.9,météo favorable
2011-07-27,31,0,18,27,31,28,0,75,10,1008,36,36,24,28,116,113,119,0,1,12.9,météo favorable
2011-07-28,32,0,14,27,32,28,0,71,10,1007,30.625,37,23,29,113,116,116,0,1,12.9,météo favorable
2011-07-29,32,0,17,27,32,27,3,75,9.625,1007,37.375,37,23,27,113,116,116,0,1,12.9,météo favorable
2011-07-30,28,0,36,26,28,26,3.3,86,9.625,1005,69.625,32,24,26,119,122,116,0,1,9.1,météo très défavorable
2011-07-31,28,0,28,26,28,26,2.5,87,10,1005,84.5,31,24,26,119,119,119,0,1,7.8,météo très défavorable
2011-08-01,27,0,26,26,27,26,3.4,91,9.75,1007,86.875,31,25,26,122,122,122,0,1,7.8,météo très défavorable
2011-08-02,31,0,26,26,31,27,6.7,84,9,1009,50.875,36,24,27,119,116,113,0,1,12.4,météo favorable
2011-08-03,31,0,18,27,31,27,8.1,81,9,1010,38.25,37,24,28,116,113,116,0,1,10.3,météo très défavorable
2011-08-04,32,0,11,27,32,27,1.2,73,9.875,1009,17.375,37,25,28,113,113,116,0,1,11.6,météo favorable
2011-08-05,32,0,13,27,32,28,0.7,75,9.875,1007,23,38,24,28,113,113,116,0,1,11.6,météo favorable
2011-08-06,32,0,13,27,32,28,1.4,75,9.75,1006,24.25,37,24,28,113,113,116,0,1,11.6,météo favorable
2011-08-07,31,0,19,27,31,28,0.7,72,9.875,1007,46.5,36,24,28,116,116,116,0,1,10.3,météo favorable
2011-08-08,31,0,19,27,31,28,1.2,76,9.875,1009,56.25,36,23,28,119,116,116,0,1,10.2,météo très défavorable
2011-08-09,30,0,17,27,30,26,2.5,84,10,1009,74.125,34,24,26,116,122,119,0,1,7.5,météo très défavorable
2011-08-10,28,0,12,26,28,26,4.3,87,9,1008,69.5,31,24,26,119,119,119,0,1,6.2,météo très défavorable
2011-08-11,27,0,13,25,27,26,0.3,87,9,1008,76.125,30,24,26,122,119,119,0,1,6.2,météo très défavorable
2011-08-12,31,0,14,25,31,27,0.7,75,10,1008,70.375,35,23,27,119,119,116,0,1,8.9,météo très défavorable
2011-08-13,32,0,13,27,32,27,0,76,10,1008,35.125,36,23,27,116,116,113,0,1,11.6,météo favorable
2011-08-14,31,0,8,27,31,27,6,79,9.25,1009,37.5,39,25,28,116,116,116,0,1,11.6,météo favorable
2011-08-15,30,0,14,27,30,26,8.8,84,9.25,1010,57.875,37,25,27,116,119,119,0,1,8.9,météo très défavorable
2011-08-16,30,0,13,26,30,26,0,80,10,1010,64.625,35,24,26,119,116,116,0,1,11.6,météo très défavorable
2011-08-17,31,0,13,26,31,28,1.6,73,9.875,1010,54.375,36,24,28,116,119,116,0,1,10.2,météo très défavorable
2011-08-18,29,0,14,26,28,27,1.8,78,10,1009,68.5,33,23,27,119,119,122,0,1,6.2,météo très défavorable
2011-08-19,30,0,17,26,30,26,3.2,86,9.875,1011,69.625,34,23,26,116,119,122,0,1,6.2,météo très défavorable
2011-08-20,31,0,12,26,31,27,0,75,10,1011,68,35,24,27,122,116,116,0,1,10.2,météo très défavorable
2011-08-21,31,0,11,27,31,27,3.2,74,9.625,1011,44.5,36,25,27,116,116,116,0,1,11.6,météo favorable
2011-08-22,32,0,10,27,32,29,0.4,67,9.875,1010,25.125,37,24,29,113,116,113,0,1,11.6,météo favorable
2011-08-23,33,0,15,27,33,29,0.2,69,10,1009,19.5,39,23,29,113,113,113,0,1,11.6,météo favorable
2011-08-24,33,0,13,27,33,29,0,72,10,1008,28.875,39,24,29,116,113,116,0,1,11.6,météo favorable
2011-08-25,34,0,12,27,34,28,0,75,10,1008,31,41,25,29,113,116,113,0,1,11.6,météo très défavorable
2011-08-26,33,0,14,27,33,28,1,74,10,1007,45.875,40,24,29,116,116,116,0,1,10.2,météo très défavorable
2011-08-27,31,0,8,27,31,28,2.3,73,9.875,1007,44.5,37,24,28,116,116,116,0,1,10.2,météo favorable
2011-08-28,32,0,15,27,32,28,3.1,80,9.5,1007,47.625,37,24,28,113,116,116,0,1,11.6,météo favorable
2011-08-29,28,0,17,26,28,26,2.3,87,10,1009,52.25,33,24,26,116,116,119,0,1,10.2,météo favorable
2011-08-30,30,0,15,26,30,27,0,80,10,1010,50,35,24,27,119,116,116,0,1,11.6,météo favorable
2011-08-31,31,0,17,27,31,27,9,85,9.125,1009,62,36,24,27,116,119,119,0,1,8.9,météo très défavorable
2011-09-01,31,0,15,26,31,27,1.1,82,10,1009,49.5,35,24,27,119,116,113,0,1,10.2,météo favorable
2011-09-02,30,0,16,26,30,27,1,77,9.875,1009,48.625,35,23,27,176,116,116,0,1,10.2,météo favorable
2011-09-03,30,0,14,26,30,27,0,79,10,1009,54.625,35,24,27,122,116,116,0,1,10.2,météo favorable
2011-09-04,32,0,14,26,32,28,0.4,77,9.875,1009,30.5,37,24,28,116,116,113,0,1,11.6,météo favorable
2011-09-05,31,0,12,27,31,27,3.4,79,9,1010,62.25,36,24,28,116,119,116,0,1,8.9,météo très défavorable
2011-09-06,32,0,16,27,32,27,1.5,76,10,1010,60.25,36,24,27,116,116,119,0,1,10.2,météo très défavorable
2011-09-07,30,0,15,26,30,27,0,78,10,1009,67.625,34,24,27,122,119,122,0,1,8.8,météo très défavorable
2011-09-08,31,0,17,27,31,27,0.8,82,10,1008,54.125,37,24,27,116,119,119,0,1,8.8,météo très défavorable
2011-09-09,32,0,16,26,32,27,0.2,76,9.875,1009,51.75,37,23,28,116,116,116,0,1,10.2,météo favorable
2011-09-10,28,0,22,26,27,26,1.8,90,10,1007,59.5,33,24,26,116,122,119,0,1,8.8,météo très défavorable
2011-09-11,26,0,18,25,25,25,1.1,96,8.875,1004,85.875,29,25,25,122,143,119,0,1,6.1,météo très défavorable
2011-09-12,29,0,22,25,29,26,1.6,88,9.875,1008,69.75,33,24,26,122,119,116,0,1,7.5,météo très défavorable
2011-09-13,31,0,18,26,31,27,0.2,85,10,1010,51.75,36,24,27,116,116,119,0,1,10.2,météo favorable
2011-09-14,31,0,14,27,31,27,0.3,82,10,1010,44.375,36,25,27,116,116,119,0,1,7.4,météo favorable
2011-09-15,30,0,13,27,30,26,0.1,80,10,1010,54.625,35,24,26,116,119,122,0,1,8.8,météo très défavorable
2011-09-16,31,0,15,27,31,27,0.2,80,9.375,1010,41.25,35,24,27,116,116,116,0,1,11.6,météo favorable
2011-09-17,30,0,14,26,30,27,0.3,79,9,1008,65.75,35,24,28,116,119,119,0,1,8.8,météo très défavorable
2011-09-18,31,0,14,26,31,28,0,77,10,1009,39.125,36,23,28,116,116,116,0,1,11.6,météo favorable
2011-09-19,32,0,14,27,32,28,0.7,77,9.75,1009,40.625,37,25,28,116,116,116,0,1,11.6,météo favorable
2011-09-20,30,0,18,27,30,27,1.9,79,10,1011,65.875,35,24,27,116,116,119,0,1,8.8,météo très défavorable
2011-09-21,29,0,14,26,29,26,1.7,87,8.25,1010,65.125,34,24,26,116,119,122,0,1,7.4,météo très défavorable
2011-09-22,29,0,17,26,29,26,0,84,10,1011,69.875,33,23,26,119,122,119,0,1,6,météo très défavorable
2011-09-23,30,0,14,26,30,26,2.3,85,10,1010,52.5,35,24,26,116,116,116,0,1,10.2,météo favorable
2011-09-24,29,0,14,25,29,26,0.2,80,9,1010,61.25,34,24,27,119,119,116,0,1,8.8,météo très défavorable
2011-09-25,31,0,12,25,31,27,0,80,10,1010,47,36,24,27,119,119,113,0,1,10.2,météo très défavorable
2011-09-26,31,0,12,26,31,27,0,79,10,1008,32.75,38,24,28,113,113,116,0,1,11.6,météo favorable
2011-09-27,29,0,12,26,29,27,6.5,80,9.5,1007,67.5,34,24,27,116,119,119,0,1,7.4,météo très défavorable
2011-09-28,30,0,13,26,30,27,0.9,77,9.875,1008,41.875,35,24,27,116,119,116,0,1,10.2,météo très défavorable
2011-09-29,31,0,16,26,31,27,0.1,79,10,1008,42.5,35,23,27,113,116,116,0,1,11.6,météo favorable
2011-09-30,31,0,19,26,31,27,0,81,10,1008,29.25,35,24,27,116,116,116,0,1,11.6,météo favorable
2011-10-01,31,0,15,26,31,28,0,76,10,1009,36,36,23,28,116,116,119,0,1,10.2,météo favorable
2011-10-02,32,0,14,27,32,27,0.2,79,9.875,1008,43.5,36,24,27,116,119,116,0,1,10.2,météo très défavorable
2011-10-03,30,0,12,26,30,26,0.2,90,9.875,1009,49.875,34,25,26,116,116,116,0,1,10.2,météo favorable
2011-10-04,27,0,6,24,27,26,0.6,91,9.875,1010,73.875,32,24,25,119,119,116,0,1,8.8,météo très défavorable
2011-10-05,32,0,10,26,32,26,2.3,84,9.875,1011,50.875,37,24,27,119,116,116,0,1,11.6,météo favorable
2011-10-06,31,0,8,26,31,27,0,84,10,1011,49.875,36,24,27,116,116,116,0,1,11.6,météo favorable
2011-10-07,31,0,10,24,31,26,0,79,10,1011,44.75,36,24,27,116,113,116,0,1,11.6,météo favorable
2011-10-08,31,0,7,25,31,27,0,78,10,1011,41.5,37,24,27,116,116,116,0,1,11.6,météo favorable
2011-10-09,31,0,8,26,31,27,7.9,84,9.25,1011,42.125,39,25,27,116,116,116,0,1,11.6,météo favorable
2011-10-10,28,0,8,26,28,25,0.2,92,9.875,1012,71.125,33,24,26,119,119,119,0,1,7.4,météo très défavorable
2011-10-11,30,0,12,25,30,26,3,88,9.625,1011,59.125,36,25,27,116,122,116,0,1,5.8,météo très défavorable
2011-10-12,30,0,10,26,30,26,0,86,10,1011,64.5,35,25,27,116,116,122,0,1,7.2,météo très défavorable
2011-10-13,30,0,14,26,30,26,1.1,83,10,1011,53,35,24,27,116,116,119,0,1,8.7,météo favorable
2011-10-14,31,0,14,26,31,26,0,83,10,1011,52.75,36,24,26,119,116,116,0,1,8.7,météo favorable
2011-10-15,31,0,12,27,31,27,0,80,10,1010,42.625,37,25,27,113,116,116,0,1,8.7,météo favorable
2011-10-16,30,0,10,26,30,26,0,87,10,1010,52.25,35,24,26,116,119,116,0,1,5.8,météo très défavorable
2011-10-17,30,0,11,25,30,26,2.2,86,10,1012,62.125,35,25,26,119,119,116,0,1,5.8,météo très défavorable
2011-10-18,30,0,15,24,30,26,1.3,86,9.875,1013,43,35,24,26,116,119,116,0,1,7.2,météo très défavorable
2011-10-19,31,0,13,25,31,27,0.2,75,9.875,1011,29.25,37,24,28,113,116,116,0,1,8.7,météo favorable
2011-10-20,30,0,14,25,30,25,4.8,86,9.625,1011,59.5,37,24,25,116,116,116,0,1,5.8,météo très défavorable
2011-10-21,31,0,12,25,30,26,0.1,84,10,1012,50.5,38,24,27,119,116,113,0,1,7.2,météo favorable
2011-10-22,32,0,11,25,32,27,0.1,72,10,1010,19.25,38,24,28,113,113,113,0,1,8.7,météo favorable
2011-10-23,32,0,10,26,32,27,0.9,71,9.75,1012,16.5,38,24,28,113,113,113,0,1,8.7,météo favorable
2011-10-24,32,0,10,25,32,27,0,74,10,1011,14.25,37,23,28,113,113,116,0,1,8.7,météo favorable
2011-10-25,32,0,12,26,32,28,0,76,10,1011,18.875,38,24,28,113,116,113,0,1,8.7,météo favorable
2011-10-26,32,0,13,25,32,28,0,69,10,1012,16.125,38,24,28,113,116,116,0,1,8.7,météo favorable
2011-10-27,32,0,13,25,32,28,0.1,72,10,1012,22.75,37,24,28,113,116,116,0,1,8.7,météo favorable
2011-10-28,32,0,16,25,32,27,2.1,81,9.875,1012,31.5,37,24,27,116,116,113,0,1,8.7,météo favorable
2011-10-29,32,0,14,25,32,27,0,77,10,1011,21.75,37,24,27,113,116,116,0,1,8.7,météo favorable
2011-10-30,31,0,13,24,31,27,0,69,10,1011,11.625,36,23,28,113,113,113,0,1,8.7,météo favorable
2011-10-31,31,0,13,24,31,27,0.2,72,10,1011,6.875,36,22,28,113,113,113,0,1,8.7,météo favorable
2011-11-01,32,0,13,24,32,27,0,72,10,1012,6,38,23,28,113,113,113,0,1,8.7,météo favorable
2011-11-02,31,0,13,25,31,27,0,71,10,1011,17.875,35,23,27,113,113,116,0,1,8.7,météo favorable
2011-11-03,31,0,11,25,31,26,0,66,10,1010,14.375,36,23,27,113,113,113,0,1,8.7,météo favorable
2011-11-04,31,0,12,24,31,27,0,69,10,1011,5.75,39,23,28,113,113,113,0,1,8.7,météo favorable
2011-11-05,32,0,9,24,32,27,0,68,10,1011,2.875,39,24,28,113,113,113,0,1,8.7,météo favorable
2011-11-06,32,0,13,25,32,27,0,73,10,1010,7,41,24,28,116,113,113,0,1,8.7,météo très défavorable
2011-11-07,32,0,12,25,32,27,0.1,68,10,1009,24.875,36,23,28,116,113,113,0,1,8.7,météo favorable
2011-11-08,31,0,10,25,31,27,0,65,10,1009,14.875,35,22,28,113,113,113,0,1,8.7,météo favorable
2011-11-09,31,0,13,26,31,26,0.3,71,10,1010,15.125,35,22,27,113,113,113,0,1,8.7,météo favorable
2011-11-10,31,0,13,24,31,26,0.3,66,9.875,1011,20.25,35,22,27,113,113,113,0,1,8.7,météo favorable
2011-11-11,30,0,11,23,30,25,0,67,10,1013,10.375,33,21,26,113,113,113,0,1,8.7,météo favorable
2011-11-12,31,0,13,22,31,26,0,60,10,1014,11.125,33,19,26,113,113,113,0,1,8.7,météo favorable
2011-11-13,31,0,13,23,31,27,0,62,10,1014,25.875,33,20,27,116,116,113,0,1,8.7,météo favorable
2011-11-14,31,0,10,23,31,26,0,69,10,1014,27.75,34,20,26,113,116,116,0,1,8.7,météo favorable
2011-11-15,32,0,13,24,32,27,0,65,10,1014,16.25,35,21,28,113,113,113,0,1,8.7,météo favorable
2011-11-16,32,0,11,24,32,27,0,69,10,1012,17.875,36,21,27,113,113,113,0,1,8.7,météo favorable
2011-11-17,32,0,9,24,32,26,0,71,10,1011,15.625,36,22,27,113,113,113,0,1,8.7,météo favorable
2011-11-18,32,0,10,25,32,26,0,61,10,1010,3.875,36,23,27,113,113,113,0,1,8.7,météo favorable
2011-11-19,33,0,11,24,33,27,0,64,10,1012,11.875,36,24,28,113,113,116,0,1,8.7,météo favorable
2011-11-20,32,0,18,24,32,26,0,55,10,1014,20,32,19,26,113,113,113,0,1,8.7,météo favorable
2011-11-21,31,0,17,23,31,27,0,66,10,1014,19.25,34,21,28,113,113,113,0,1,8.7,météo favorable
2011-11-22,33,0,18,25,32,28,0,68,10,1013,24.375,37,22,28,116,113,113,0,1,8.7,météo favorable
2011-11-23,32,0,20,24,32,28,0,66,10,1013,25.625,36,22,28,113,113,116,0,1,8.7,météo favorable
2011-11-24,30,0,21,23,30,26,1,66,9.875,1014,21.875,32,20,26,116,113,113,0,1,8.7,météo favorable
2011-11-25,30,0,16,22,30,26,0,63,10,1013,11.625,33,19,27,113,113,113,0,1,8.7,météo favorable
2011-11-26,32,0,15,23,31,27,0,66,10,1012,14,35,21,28,113,113,116,0,1,8.7,météo favorable
2011-11-27,32,0,15,24,32,28,0,63,10,1012,9.5,36,21,28,113,113,113,0,1,8.7,météo favorable
2011-11-28,32,0,12,25,32,27,0,63,10,1010,26.5,38,21,28,116,113,113,0,1,8.7,météo favorable
2011-11-29,33,0,9,25,33,27,0,66,10,1011,12.625,39,23,28,113,113,113,0,1,8.7,météo favorable
2011-11-30,32,0,11,25,32,27,0,56,10,1011,7,37,23,28,113,113,113,0,1,8.7,météo favorable
2011-12-01,32,0,14,24,32,25,0,61,10,1012,3.75,35,19,27,113,113,113,0,1,8.7,météo favorable
2011-12-02,31,0,18,23,31,26,0,60,10,1012,3.75,32,19,26,113,113,113,0,1,8.7,météo favorable
2011-12-03,29,0,20,21,29,25,0,55,10,1011,8.125,30,16,25,113,113,113,0,1,8.7,météo favorable
2011-12-04,30,0,17,22,30,26,0,60,10,1013,32,31,18,26,116,113,113,0,1,8.7,météo favorable
2011-12-05,30,0,17,22,29,25,0,59,10,1013,32.25,32,17,26,116,116,113,0,1,8.7,météo favorable
2011-12-06,31,0,19,22,30,26,0,63,10,1013,11.375,32,19,27,113,113,113,0,1,8.7,météo favorable
2011-12-07,31,0,15,23,31,26,0.1,71,10,1012,29.375,34,21,26,113,119,113,0,1,7.2,météo très défavorable
2011-12-08,32,0,14,24,32,28,0.1,67,10,1012,53.5,36,22,27,119,116,116,0,1,8.7,météo favorable
2011-12-09,31,0,23,23,30,26,0.1,61,10,1013,24.25,33,19,26,116,116,113,0,1,8.7,météo favorable
2011-12-10,29,0,20,21,28,24,0,63,10,1015,9.125,30,17,24,113,113,113,0,1,8.7,météo favorable
2011-12-11,27,0,25,18,26,23,0,63,10,1016,1.5,28,15,21,113,113,113,0,1,8.7,météo favorable
2011-12-12,27,0,15,17,26,22,0,59,10,1016,0,28,16,21,113,113,113,0,1,8.7,météo favorable
2011-12-13,28,0,15,18,27,24,0,58,10,1015,12.375,29,16,23,113,113,113,0,1,8.7,météo favorable
2011-12-14,24,0,10,21,23,23,0.4,68,10,1014,56.75,26,17,23,116,122,116,0,1,5.7,météo très défavorable
2011-12-15,31,0,14,22,29,26,0.3,65,10,1013,64.25,33,19,26,122,116,119,0,1,8.7,météo très défavorable
2011-12-16,30,0,20,23,30,26,0,62,10,1014,52.125,31,19,26,119,116,116,0,1,8.7,météo favorable
2011-12-17,28,0,18,22,27,25,0,62,10,1015,41.625,29,17,23,119,116,113,0,1,8.7,météo favorable
2011-12-18,29,0,19,20,29,25,0,58,10,1015,15.375,30,17,25,113,113,113,0,1,8.7,météo favorable
2011-12-19,29,0,14,20,28,25,0,61,10,1014,7.875,30,17,24,113,113,113,0,1,8.7,météo favorable
2011-12-20,29,0,12,20,28,26,0,58,10,1014,16.875,30,17,25,113,113,116,0,1,8.7,météo favorable
2011-12-21,28,0,12,21,26,24,0,61,10,1013,30.75,29,17,25,116,119,113,0,1,7.2,météo très défavorable
2011-12-22,32,0,10,22,31,26,0,60,10,1013,17.5,34,19,27,113,113,113,0,1,8.7,météo favorable
2011-12-23,31,0,17,23,30,27,0,61,10,1012,13.625,32,19,26,113,113,113,0,1,8.7,météo favorable
2011-12-24,28,0,30,22,28,24,0,63,10,1014,19.75,29,18,25,116,113,113,0,1,8.7,météo favorable
2011-12-25,28,0,30,18,27,23,0,56,10,1016,11.125,27,13,22,113,113,113,0,1,8.7,météo favorable
2011-12-26,27,0,22,17,26,24,0,56,10,1016,10.125,28,13,21,113,113,113,0,1,8.7,météo favorable
2011-12-27,30,0,12,19,28,26,0,54,10,1016,10,31,16,24,113,113,113,0,1,8.7,météo favorable
2011-12-28,31,0,14,21,30,26,0,57,10,1016,11.25,33,18,26,113,113,113,0,1,8.7,météo favorable
2011-12-29,32,0,14,22,31,27,0,57,10,1016,8.625,34,18,28,113,113,113,0,1,8.7,météo favorable
2011-12-30,32,0,17,23,32,27,0,51,10,1014,8.25,33,17,28,113,113,113,0,1,8.7,météo favorable
2011-12-31,32,0,18,22,31,28,0,55,10,1016,10.25,33,18,27,113,113,113,0,1,8.7,météo favorable
2012-01-01,32,0,17,23,32,28,0,54,10,1016,32.25,34,19,28,116,116,116,0,1,8.7,météo favorable
2012-01-02,32,0,19,24,32,28,1.1,65,10,1014,47.125,35,21,28,116,116,116,0,1,10.2,météo favorable
2012-01-03,31,0,13,25,31,27,0,69,10,1014,54.5,34,21,27,119,116,116,0,1,10.2,météo favorable
2012-01-04,31,0,7,25,31,27,0.2,65,9.875,1014,65.375,34,21,27,119,119,119,0,1,7.3,météo très défavorable
2012-01-05,32,0,13,24,32,27,0.4,68,9.875,1015,48,35,21,28,119,116,119,0,1,10.2,météo favorable
2012-01-06,32,0,11,23,32,27,0.4,65,9.875,1015,20.125,37,21,28,113,113,116,0,1,11.6,météo favorable
2012-01-07,32,0,10,24,32,27,0,59,10,1013,52.125,35,20,28,116,116,116,0,1,8.7,météo favorable
2012-01-08,31,0,16,21,31,26,0,53,10,1018,20.25,31,19,26,113,116,113,0,1,11.6,météo favorable
2012-01-09,32,0,13,23,32,27,0.4,56,10,1014,51.875,34,20,28,116,116,116,0,1,8.7,météo favorable
2012-01-10,31,0,16,21,30,27,0.6,54,10,1015,36.5,33,18,26,113,113,116,0,1,11.6,météo favorable
2012-01-11,32,0,17,23,30,28,0,53,10,1015,33.25,33,17,26,116,116,116,0,1,11.6,météo favorable
2012-01-12,29,0,17,23,29,25,0,57,10,1015,39.25,30,17,25,116,116,116,0,1,11.6,météo favorable
2012-01-13,31,0,12,22,30,28,0.3,58,10,1014,53.875,33,19,26,116,116,119,0,1,10.2,météo favorable
2012-01-14,32,0,12,23,32,28,0,59,10,1011,28.125,35,20,28,113,116,116,0,1,11.6,météo favorable
2012-01-15,31,0,15,25,31,27,0.7,68,10,1010,49.375,34,21,27,119,116,116,0,1,11.6,météo favorable
2012-01-16,32,0,9,25,32,28,0,67,10,1009,44.375,36,22,28,116,116,116,0,1,11.6,météo favorable
2012-01-17,32,0,10,25,32,28,1.3,72,9.75,1009,51.125,37,23,28,116,119,116,0,1,10.2,météo très défavorable
2012-01-18,31,0,15,25,31,28,0.4,74,9.75,1009,37.875,36,23,28,116,119,116,0,1,10.2,météo très défavorable
2012-01-19,31,0,12,25,31,28,2.1,71,9.875,1010,45.125,35,23,28,116,116,116,0,1,10.2,météo favorable
2012-01-20,31,0,14,25,31,27,0.4,75,9.75,1011,50.875,35,23,27,116,116,119,0,1,10.2,météo favorable
2012-01-21,31,0,15,25,31,27,0.1,74,10,1011,39.875,35,23,28,116,116,113,0,1,11.6,météo favorable
2012-01-22,31,0,14,25,31,27,0,69,10,1012,17.25,35,24,27,113,113,113,0,1,11.6,météo favorable
2012-01-23,32,0,14,25,32,28,0,63,10,1012,38.125,34,22,28,116,116,113,0,1,11.6,météo favorable
2012-01-24,31,0,10,25,31,28,0.8,67,9.875,1012,23.75,35,22,29,116,116,113,0,1,11.6,météo favorable
2012-01-25,33,0,11,25,33,28,0.1,65,10,1011,20.625,37,23,28,113,113,116,0,1,11.6,météo favorable
2012-01-26,31,0,4,25,31,28,0.3,69,9.875,1012,26.5,35,23,29,113,119,113,0,1,10.2,météo très défavorable
2012-01-27,30,0,8,25,30,27,0.5,66,9.875,1011,44.875,33,22,28,116,116,116,0,1,11.6,météo favorable
2012-01-28,32,0,8,25,32,28,0,65,10,1011,35.25,36,22,29,116,116,116,0,1,11.6,météo favorable
2012-01-29,33,0,8,26,33,30,0.5,57,9.875,1011,36,36,22,30,113,116,116,0,1,11.6,météo favorable
2012-01-30,31,0,19,26,30,29,1.4,60,10,1012,52.25,34,22,29,116,116,116,0,1,8.7,météo favorable
2012-01-31,32,0,16,24,32,28,0,60,10,1013,52.875,34,20,28,119,116,116,0,1,10.2,météo favorable
2012-02-01,32,0,15,24,32,29,0,54,10,1013,34.75,36,20,28,116,116,116,0,1,11.6,météo favorable
2012-02-02,33,0,12,25,33,29,0,61,10,1013,19.625,35,22,29,113,113,113,0,1,11.6,météo favorable
2012-02-03,33,0,6,25,33,30,0,56,10,1014,25.375,37,22,30,113,113,116,0,1,11.6,météo favorable
2012-02-04,33,0,10,26,33,28,1,69,9.875,1014,36,37,23,29,116,116,113,0,1,11.6,météo favorable
2012-02-05,33,0,14,26,33,29,0.3,67,9.875,1014,15.375,38,23,29,113,113,113,0,1,11.6,météo favorable
2012-02-06,32,0,16,26,32,28,1.1,67,9.875,1013,20.625,37,23,29,116,113,113,0,1,11.6,météo favorable
2012-02-07,32,0,14,26,32,28,0,70,10,1011,3.25,38,25,30,113,113,113,0,1,11.6,météo favorable
2012-02-08,33,0,15,26,33,28,0,71,10,1012,5.375,39,24,29,113,113,113,0,1,11.6,météo favorable
2012-02-09,32,0,18,26,32,28,1.3,74,9.75,1012,28,35,24,28,113,122,116,0,1,10.2,météo très défavorable
2012-02-10,32,0,14,26,32,28,1.1,69,10,1013,29.375,35,22,28,116,113,113,0,1,11.6,météo favorable
2012-02-11,33,0,9,25,33,29,0,63,10,1013,16.125,38,24,29,113,113,113,0,1,11.6,météo favorable
2012-02-12,33,0,9,26,33,29,0,65,10,1013,11.25,38,24,29,113,113,113,0,1,11.6,météo favorable
2012-02-13,34,0,6,26,34,30,0.1,57,10,1013,4.75,41,27,31,113,113,113,0,1,11.6,météo très défavorable
2012-02-14,34,0,13,26,34,29,0.4,69,9.875,1013,10.875,39,25,29,113,113,113,0,1,11.6,météo favorable
2012-02-15,33,0,10,26,33,29,0,66,10,1011,21.875,38,24,30,113,116,116,0,1,11.6,météo favorable
2012-02-16,34,0,12,26,34,30,0,62,10,1010,12.125,40,25,30,113,113,113,0,1,11.6,météo très défavorable
2012-02-17,34,0,9,27,34,30,0.2,63,10,1010,9.375,40,25,30,113,113,113,0,1,11.6,météo très défavorable
2012-02-18,33,0,10,27,33,29,0.4,58,9.875,1011,37.875,37,22,30,116,119,116,0,1,10.2,météo très défavorable
2012-02-19,32,0,17,25,31,29,0,49,10,1012,26.875,35,20,28,113,116,116,0,1,11.6,météo favorable
2012-02-20,32,0,14,23,32,28,0,49,10,1012,6.75,35,18,27,113,113,113,0,1,11.6,météo favorable
2012-02-21,34,0,9,24,34,29,0,48,10,1010,2.875,38,20,31,113,113,113,0,1,11.6,météo favorable
2012-02-22,35,0,14,26,35,30,0,57,10,1009,6.25,39,24,30,113,113,113,0,1,11.6,météo favorable
2012-02-23,34,0,17,27,34,29,0,65,10,1008,12.625,38,23,30,113,116,113,0,1,11.6,météo favorable
2012-02-24,33,0,17,27,33,29,0.1,69,10,1009,24.75,38,24,29,116,116,113,0,1,11.6,météo favorable
2012-02-25,33,0,19,27,33,29,0,69,9.875,1008,23.5,39,25,29,113,116,113,0,1,11.6,météo favorable
2012-02-26,34,0,21,27,34,29,0.4,66,9.75,1008,33.5,39,24,30,116,119,113,0,1,10.2,météo très défavorable
2012-02-27,33,0,23,27,33,28,0.5,71,9.875,1009,24.375,38,24,29,113,116,113,0,1,11.6,météo favorable
2012-02-28,33,0,20,27,33,28,1.6,69,9.75,1009,26.25,36,24,29,116,116,113,0,1,11.6,météo favorable
2012-02-29,33,0,18,26,33,29,0,65,10,1009,40.125,37,23,29,116,113,113,0,1,11.6,météo favorable
2012-03-01,33,0,14,27,33,30,0,61,10,1010,20.875,37,23,30,116,116,113,0,1,11.6,météo favorable
2012-03-02,34,0,16,27,34,30,0,64,10,1009,19.375,38,24,30,113,113,116,0,1,11.6,météo favorable
2012-03-03,33,0,19,27,33,29,0,63,10,1009,20.5,37,23,29,116,113,113,0,1,11.6,météo favorable
2012-03-04,33,0,17,27,33,29,1.6,61,9.875,1010,15.5,37,23,30,116,116,113,0,1,11.6,météo favorable
2012-03-05,33,0,17,27,33,29,0.2,64,10,1009,13.75,37,24,30,113,116,113,0,1,11.6,météo favorable
2012-03-06,33,0,17,27,33,30,0.3,60,10,1008,22.625,37,24,30,113,116,116,0,1,11.6,météo favorable
2012-03-07,33,0,15,27,33,30,0,61,10,1007,19,38,23,30,116,113,113,0,1,11.6,météo favorable
2012-03-08,33,0,17,27,33,29,3.2,66,9.625,1007,34.75,37,24,30,116,116,116,0,1,11.6,météo favorable
2012-03-09,33,0,17,27,33,29,0.7,70,9.875,1008,27.625,38,24,29,113,116,116,0,1,11.6,météo favorable
2012-03-10,33,0,18,27,33,30,0.3,64,9.875,1009,45.875,37,24,30,122,116,116,0,1,11.6,météo favorable
2012-03-11,33,0,15,27,33,30,4.8,63,9.625,1011,50.375,38,24,31,119,116,113,0,1,11.6,météo favorable
2012-03-12,34,0,12,27,34,30,0,61,10,1013,40.125,39,24,30,119,116,113,0,1,11.6,météo favorable
2012-03-13,34,0,8,28,34,30,0.4,62,10,1013,22.375,40,25,31,116,116,113,0,1,11.6,météo très défavorable
2012-03-14,33,0,14,28,33,30,0.8,66,9.875,1012,33.125,38,24,30,116,116,116,0,1,11.6,météo favorable
2012-03-15,32,0,14,28,32,29,0,65,10,1012,14,37,24,30,113,116,113,0,1,11.6,météo favorable
2012-03-16,32,0,13,27,32,29,0,64,10,1011,9.125,36,23,30,113,113,113,0,1,11.6,météo favorable
2012-03-17,33,0,20,27,33,30,0,64,10,1010,9.75,38,25,30,113,113,113,0,1,11.6,météo favorable
2012-03-18,33,0,17,28,33,29,0.2,68,10,1011,8.75,38,24,30,113,113,113,0,1,11.6,météo favorable
2012-03-19,34,0,20,28,34,30,0.2,62,10,1012,9.75,38,24,30,113,113,113,0,1,11.6,météo favorable
2012-03-20,34,0,15,28,34,30,0,57,10,1012,14.125,38,24,31,113,113,113,0,1,11.6,météo favorable
2012-03-21,34,0,16,27,34,30,0,53,10,1011,0.875,45,26,31,113,113,113,0,1,11.6,météo très défavorable
2012-03-22,34,0,15,27,34,30,0,56,10,1010,0.375,42,25,31,113,113,113,0,1,11.6,météo très défavorable
2012-03-23,34,0,15,27,34,30,0,59,10,1012,6,41,25,30,113,113,113,0,1,11.6,météo très défavorable
2012-03-24,33,0,8,28,31,30,0,67,10,1012,47.75,38,23,30,116,116,119,0,1,8.8,météo favorable
2012-03-25,31,0,13,27,31,29,0.1,67,10,1013,49.875,36,23,29,119,116,116,0,1,10.2,météo favorable
2012-03-26,34,0,9,27,34,31,0,61,10,1013,28.25,39,23,31,113,116,116,0,1,11.6,météo favorable
2012-03-27,35,0,9,28,35,31,0,58,10,1013,11.875,39,23,32,113,113,113,0,1,11.6,météo favorable
2012-03-28,36,0,7,28,36,32,0.2,54,9.875,1014,23.25,41,24,32,113,116,113,0,1,11.6,météo très défavorable
2012-03-29,35,0,9,29,35,31,0,57,10,1013,12.5,42,25,32,113,116,113,0,1,11.6,météo très défavorable
2012-03-30,35,0,12,29,35,32,0.2,55,10,1011,11.25,41,25,32,113,113,113,0,1,11.6,météo très défavorable
2012-03-31,37,0,5,29,37,33,0,53,10,1011,24.625,43,23,33,113,116,113,0,1,11.6,météo très défavorable
2012-04-01,33,0,13,27,32,31,0,50,10,1013,19.125,36,20,29,113,116,113,0,1,11.6,météo favorable
2012-04-02,35,0,12,27,35,31,0,51,10,1013,7.5,38,21,32,113,113,113,0,1,11.6,météo favorable
2012-04-03,36,0,11,28,36,31,0,59,10,1014,16.75,41,23,31,113,113,113,0,1,11.6,météo très défavorable
2012-04-04,32,0,19,28,32,29,3.5,69,9.5,1014,28,37,23,29,113,116,116,0,1,11.6,météo favorable
2012-04-05,33,0,17,28,33,30,0,63,10,1013,26.75,38,24,30,116,113,113,0,1,11.6,météo favorable
2012-04-06,33,0,19,28,33,29,0.2,68,9.875,1012,21,39,24,30,113,200,113,0,1,11.6,météo très défavorable
2012-04-07,34,0,17,28,34,29,0.4,66,10,1012,17.125,38,24,30,113,116,113,0,1,11.6,météo favorable
2012-04-08,34,0,8,26,34,31,0.5,56,9.875,1012,29,41,22,31,113,113,116,0,1,11.6,météo très défavorable
2012-04-09,34,0,13,28,34,30,1.5,60,9.75,1012,22.5,40,24,31,116,113,113,0,1,11.6,météo très défavorable
2012-04-10,34,0,15,27,34,30,0.2,61,9.875,1012,16,38,23,31,113,113,113,0,1,11.6,météo favorable
2012-04-11,34,0,14,28,34,30,0,63,10,1011,17.625,38,23,30,113,113,116,0,1,11.6,météo favorable
2012-04-12,34,0,15,28,34,30,0,68,10,1010,13.125,39,24,30,113,113,113,0,1,11.6,météo favorable
2012-04-13,33,0,14,29,33,30,0.5,63,9.75,1010,13.5,39,25,31,113,200,113,0,1,11.6,météo très défavorable
2012-04-14,34,0,15,29,34,31,0.3,63,10,1010,27,40,24,31,113,116,113,0,1,11.6,météo très défavorable
2012-04-15,34,0,14,29,34,30,0,64,10,1010,17.75,39,24,31,113,113,113,0,1,11.6,météo favorable
2012-04-16,34,0,18,29,34,30,0,66,9.875,1009,17,40,25,31,113,113,113,0,1,11.6,météo très défavorable
2012-04-17,34,0,20,29,34,30,0,67,9.875,1008,18.875,40,25,30,200,113,113,0,1,11.6,météo très défavorable
2012-04-18,34,0,20,29,34,30,0.1,64,10,1008,21.875,40,25,31,116,113,113,0,1,11.6,météo très défavorable
2012-04-19,35,0,21,29,35,30,0,65,10,1009,17.875,41,25,31,116,113,113,0,1,12.3,météo très défavorable
2012-04-20,35,0,19,29,35,30,0,63,10,1010,14,41,25,30,116,113,113,0,1,12.3,météo très défavorable
2012-04-21,35,0,16,29,35,30,0,62,10,1009,5.5,42,26,31,113,113,113,0,1,12.7,météo très défavorable
2012-04-22,34,0,17,29,34,31,0.5,61,9.875,1007,24.25,41,26,31,116,116,113,0,1,12.7,météo très défavorable
2012-04-23,34,0,17,29,34,30,0.1,61,10,1008,13.625,41,25,32,116,113,113,0,1,12.7,météo très défavorable
2012-04-24,35,0,18,29,35,30,0.3,60,9.875,1009,12.375,41,25,31,113,113,113,0,1,12.7,météo très défavorable
2012-04-25,35,0,15,30,35,31,0,59,10,1008,10.125,42,26,32,113,113,113,0,1,12.7,météo très défavorable
2012-04-26,35,0,15,30,35,31,0,65,10,1009,16,45,26,32,116,113,113,0,1,12.7,météo très défavorable
2012-04-27,35,0,18,29,35,30,0.3,62,9.875,1009,11.625,42,26,31,113,113,113,0,1,12.8,météo très défavorable
2012-04-28,34,0,18,29,34,31,0,58,10,1008,12.75,40,24,31,113,113,113,0,1,12.8,météo très défavorable
2012-04-29,35,0,18,29,35,31,0.5,63,9.875,1008,9.25,45,25,31,113,113,113,0,1,12.8,météo très défavorable
2012-04-30,35,0,19,29,35,30,4.8,63,9.5,1008,16,41,24,31,113,113,113,0,1,12.8,météo très défavorable
2012-05-01,34,0,15,29,34,31,2.1,66,9.875,1008,13.625,42,26,31,113,113,113,0,1,12.8,météo très défavorable
2012-05-02,35,0,15,29,35,30,2.1,65,9.5,1009,37.75,42,26,31,200,200,116,0,1,12.8,météo très défavorable
2012-05-03,33,0,19,29,33,29,0.1,67,9.875,1007,31.625,39,25,29,113,200,116,0,1,12.8,météo très défavorable
2012-05-04,33,0,18,28,33,30,0,68,10,1006,28.375,39,24,30,113,116,113,0,1,12.8,météo favorable
2012-05-05,31,0,19,28,31,28,0.9,78,9.75,1007,45.125,37,24,28,116,116,116,0,1,12.8,météo favorable
2012-05-06,32,0,20,27,32,29,1.8,71,10,1007,61.875,37,24,29,116,116,119,0,1,11.9,météo très défavorable
2012-05-07,33,0,21,28,33,29,1.1,70,9.875,1008,36.875,38,24,29,116,116,116,0,1,12.8,météo favorable
2012-05-08,30,0,11,27,28,28,3.4,76,9,1009,72,35,24,28,122,119,116,0,1,10.6,météo très défavorable
2012-05-09,33,0,13,27,33,29,0,69,10,1010,53,38,23,29,116,116,116,0,1,12.8,météo favorable
2012-05-10,34,0,12,28,34,30,1.1,67,10,1010,36.625,39,24,30,119,113,113,0,1,12.8,météo favorable
2012-05-11,35,0,16,29,35,30,0,63,10,1008,17.875,40,24,30,113,113,113,0,1,12.8,météo très défavorable
2012-05-12,35,0,14,29,34,30,0.5,64,9.75,1007,20.25,40,25,30,113,113,116,0,1,12.8,météo très défavorable
2012-05-13,35,0,17,29,35,30,1.9,66,9.875,1006,26.75,39,24,30,113,113,116,0,1,12.8,météo favorable
2012-05-14,35,0,14,29,34,30,0,65,10,1006,20.75,40,24,31,113,113,116,0,1,12.9,météo très défavorable
2012-05-15,35,0,14,29,35,30,0.3,64,10,1006,31,40,24,30,113,113,116,0,1,12.9,météo très défavorable
2012-05-16,33,0,11,28,33,29,2.6,74,9.875,1006,56.75,38,24,29,116,119,116,0,1,11.9,météo très défavorable
2012-05-17,32,0,15,28,31,28,0.8,74,9.875,1006,44.5,37,24,29,116,116,116,0,1,12.9,météo favorable
2012-05-18,33,0,22,27,33,29,1,68,10,1007,37.25,39,23,29,116,116,113,0,1,12.9,météo favorable
2012-05-19,33,0,17,28,33,29,1.5,70,9.875,1008,19.125,38,24,29,113,113,113,0,1,12.9,météo favorable
2012-05-20,33,0,19,28,33,29,0.3,72,9.875,1008,18.875,38,24,29,113,113,116,0,1,12.9,météo favorable
2012-05-21,34,0,20,29,34,29,1.1,68,9.875,1008,21.25,39,24,30,113,113,113,0,1,12.9,météo favorable
2012-05-22,34,0,18,29,34,30,0.3,69,9.875,1008,15.625,40,24,30,113,113,113,0,1,12.9,météo très défavorable
2012-05-23,34,0,19,29,34,29,0,70,10,1007,24.25,39,24,30,113,113,116,0,1,12.9,météo favorable
2012-05-24,33,0,18,29,33,29,1.3,74,10,1006,49,38,25,29,113,122,119,0,1,10.6,météo très défavorable
2012-05-25,33,0,17,28,33,29,6.1,73,9.625,1005,41.625,39,25,29,116,116,116,0,1,12.9,météo favorable
2012-05-26,32,0,18,28,32,28,1.5,76,10,1006,42,38,24,29,116,116,116,0,1,12.9,météo favorable
2012-05-27,32,0,27,28,32,29,2.2,69,9.875,1007,41.5,38,25,29,116,116,116,0,1,12.9,météo favorable
2012-05-28,32,0,19,28,32,27,2.7,82,9.875,1007,49.125,36,24,27,116,119,119,0,1,10.6,météo très défavorable
2012-05-29,32,0,24,28,32,28,3.6,77,9.625,1008,67.5,37,24,29,116,119,119,0,1,10.6,météo très défavorable
2012-05-30,32,0,15,28,32,29,0,71,10,1008,46.125,38,24,29,119,116,116,0,1,12.9,météo favorable
2012-05-31,33,0,13,28,33,30,0.3,67,10,1008,29.625,39,24,30,116,113,116,0,1,12.9,météo favorable
2012-06-01,33,0,10,29,33,28,2.9,78,9,1007,66.125,39,25,28,116,119,119,0,1,10.6,météo très défavorable
2012-06-02,29,0,13,27,29,28,1.2,79,9,1008,73.625,34,25,28,122,122,116,0,1,9.4,météo très défavorable
2012-06-03,33,0,19,28,33,29,0.4,73,9.875,1006,44,39,24,30,116,116,116,0,1,12.9,météo favorable
2012-06-04,33,0,20,28,33,29,1,72,9.875,1006,33,39,24,30,116,116,113,0,1,12.9,météo favorable
2012-06-05,33,0,18,28,33,30,1.5,69,10,1005,40.75,38,24,30,116,116,113,0,1,12.9,météo favorable
2012-06-06,33,0,13,28,33,29,0.5,68,9.875,1003,47.375,38,24,29,116,116,116,0,1,12.9,météo favorable
2012-06-07,32,0,18,28,32,29,1.4,74,10,1003,43.25,39,24,29,116,116,116,0,1,12.9,météo favorable
2012-06-08,31,0,22,27,30,28,0.9,74,9.875,1006,55.875,36,25,28,119,116,116,0,1,11.9,météo très défavorable
2012-06-09,32,0,23,28,32,29,1.3,76,9.875,1007,42.5,37,24,29,116,119,116,0,1,12.9,météo très défavorable
2012-06-10,31,0,25,28,31,28,7.2,80,9.5,1007,45,36,24,28,116,119,113,0,1,10.7,météo très défavorable
2012-06-11,32,0,19,28,32,29,0.1,73,10,1008,33.375,37,24,29,116,113,116,0,1,13,météo favorable
2012-06-12,31,0,25,28,31,28,0.4,71,9.875,1009,29.5,37,24,29,113,116,116,0,1,13,météo favorable
2012-06-13,32,0,14,28,32,29,0,70,10,1010,26.875,38,24,29,113,116,113,0,1,13,météo favorable
2012-06-14,33,0,14,28,33,29,0,70,10,1009,19.75,37,23,29,113,116,113,0,1,13,météo favorable
2012-06-15,33,0,17,27,32,29,0.6,71,9.875,1007,21.125,37,23,29,113,113,116,0,1,13,météo favorable
2012-06-16,31,0,18,28,31,28,1.6,76,9.875,1006,53.375,36,24,28,116,119,116,0,1,11.9,météo très défavorable
2012-06-17,29,0,22,27,29,28,0.4,81,9.875,1008,70.5,34,24,28,116,122,116,0,1,10.7,météo très défavorable
2012-06-18,31,0,24,27,31,28,2.3,76,10,1009,76.75,34,24,28,119,116,119,0,1,9.4,météo très défavorable
2012-06-19,32,0,22,27,32,28,0.4,76,9.875,1008,42.75,36,24,28,116,119,116,0,1,13,météo très défavorable
2012-06-20,32,0,19,27,32,28,0,75,10,1009,39.75,36,23,28,116,116,116,0,1,13,météo favorable
2012-06-21,32,0,18,27,32,28,0,73,10,1010,50.5,36,23,28,119,119,116,0,1,10.7,météo très défavorable
2012-06-22,32,0,14,27,32,28,0,72,10,1010,34.5,37,23,28,113,119,116,0,1,13,météo très défavorable
2012-06-23,33,0,16,27,33,28,0,72,10,1008,16.375,37,24,29,113,113,113,0,1,13,météo favorable
2012-06-24,32,0,15,27,32,28,0.1,75,10,1009,19.25,37,24,28,113,116,116,0,1,13,météo favorable
2012-06-25,32,0,14,28,32,28,0.2,72,9.875,1010,21.75,36,24,28,113,113,116,0,1,13,météo favorable
2012-06-26,32,0,18,28,32,27,0.1,77,10,1009,53.5,35,23,27,116,119,119,0,1,11.9,météo très défavorable
2012-06-27,32,0,21,27,32,28,0.2,66,10,1009,44.375,36,23,28,116,116,116,0,1,13,météo favorable
2012-06-28,32,0,16,28,32,28,0,69,10,1008,27.375,35,22,28,116,113,116,0,1,13,météo favorable
2012-06-29,32,0,20,27,32,28,0.2,75,9.875,1007,36.875,37,23,28,113,119,116,0,1,13,météo très défavorable
2012-06-30,30,0,19,27,30,26,0.5,80,8,1006,67.125,34,23,26,113,122,122,0,1,9.4,météo très défavorable
2012-07-01,30,0,17,27,30,28,0.3,74,9.875,1007,58.875,34,23,28,119,116,116,0,1,11.9,météo très défavorable
2012-07-02,32,0,11,26,31,28,4,74,8.625,1007,70,36,24,28,122,116,116,0,1,11.9,météo très défavorable
2012-07-03,31,0,12,27,31,28,8.6,74,9.125,1005,47.75,37,25,28,116,116,113,0,1,12.9,météo très défavorable
2012-07-04,32,0,16,27,32,28,0.4,77,9.875,1004,36.375,38,24,28,116,113,116,0,1,12.9,météo favorable
2012-07-05,32,0,14,27,31,29,0,73,10,1004,41.5,37,24,29,116,116,119,0,1,12.9,météo favorable
2012-07-06,32,0,16,27,32,28,1.1,74,10,1006,51,36,23,28,113,116,353,0,1,11.9,météo favorable
2012-07-07,32,0,13,27,32,28,0.7,70,10,1006,44.375,37,24,29,116,116,116,0,1,12.9,météo favorable
2012-07-08,31,0,17,27,31,27,0,72,10,1007,36.75,35,23,28,116,116,116,0,1,12.9,météo favorable
2012-07-09,31,0,15,27,30,27,0,74,10,1008,36.5,36,24,28,116,116,116,0,1,12.9,météo favorable
2012-07-10,32,0,9,27,32,28,2.9,75,9.625,1008,36.25,38,24,29,116,116,116,0,1,12.9,météo favorable
2012-07-11,31,0,14,27,31,28,0.3,74,10,1007,65.125,37,24,29,119,119,116,0,1,10.6,météo très défavorable
2012-07-12,30,0,18,27,30,27,0.6,82,9.875,1007,54.375,36,24,27,116,119,122,0,1,11.9,météo très défavorable
2012-07-13,31,0,17,27,31,27,2.6,76,9.75,1008,47.875,36,24,28,119,116,116,0,1,12.9,météo favorable
2012-07-14,31,0,19,27,31,28,0.2,76,9,1009,54.25,35,24,28,116,119,116,0,1,12.9,météo très défavorable
2012-07-15,32,0,17,27,32,28,0,73,10,1009,23.5,37,24,28,113,113,113,0,1,12.9,météo favorable
2012-07-16,33,0,14,27,33,29,0,67,10,1010,17.875,38,24,29,113,113,116,0,1,12.9,météo favorable
2012-07-17,33,0,16,27,33,28,0,74,10,1009,24.375,39,24,29,113,116,116,0,1,12.9,météo favorable
2012-07-18,31,0,20,27,31,27,0.8,80,9.875,1009,53.75,36,24,27,116,119,119,0,1,11.9,météo très défavorable
2012-07-19,28,0,15,25,28,27,0,80,10,1009,67.875,31,24,27,122,122,119,0,1,9.4,météo très défavorable
2012-07-20,32,0,16,26,32,27,0.7,78,9.25,1010,61.75,38,24,27,122,116,122,0,1,10.6,météo très défavorable
2012-07-21,32,0,14,27,32,28,0,71,10,1010,45.375,37,24,28,119,116,113,0,1,12.9,météo favorable
2012-07-22,32,0,14,27,32,28,0,76,10,1008,30,37,24,28,113,116,116,0,1,12.9,météo favorable
2012-07-23,32,0,19,27,32,27,0,77,10,1006,46.125,36,24,28,116,116,119,0,1,12.9,météo favorable
2012-07-24,30,0,21,27,30,28,1,75,10,1007,55,34,23,28,116,116,119,0,1,11.9,météo très défavorable
2012-07-25,30,0,22,26,30,26,3.9,81,9.625,1008,50.5,33,23,27,116,116,119,0,1,11.9,météo favorable
2012-07-26,31,0,23,27,31,27,0.1,76,10,1009,54.25,35,23,27,116,116,122,0,1,11.9,météo favorable
2012-07-27,30,0,16,27,30,26,1.1,80,10,1009,67.25,33,23,27,119,116,119,0,1,9.3,météo très défavorable
2012-07-28,30,0,17,27,30,27,0.6,76,10,1010,68.25,34,23,27,116,119,119,0,1,10.6,météo très défavorable
2012-07-29,28,0,14,25,28,27,3.1,76,10,1010,89.875,31,23,27,122,353,353,0,1,9.1,météo très défavorable
2012-07-30,29,0,22,25,29,27,2,77,10,1009,67.75,32,23,27,116,122,119,0,1,9.1,météo très défavorable
2012-07-31,28,0,20,26,28,27,3.4,81,8.875,1008,63.125,32,23,27,119,116,119,0,1,10.5,météo très défavorable
2012-08-01,31,0,23,26,31,27,7.1,78,9.625,1008,45.75,35,24,27,113,116,116,0,1,12.4,météo favorable
2012-08-02,30,0,19,26,30,27,0.3,77,9.875,1008,46.375,34,23,27,116,116,116,0,1,11.6,météo favorable
2012-08-03,28,0,10,26,27,26,0.5,83,10,1008,55.25,32,24,27,119,116,116,0,1,8.9,météo très défavorable
2012-08-04,31,0,15,26,31,28,0.1,78,10,1008,37.5,36,24,28,116,116,116,0,1,11.6,météo favorable
2012-08-05,32,0,16,27,32,28,0,77,10,1009,25.5,36,24,28,113,116,113,0,1,11.6,météo favorable
2012-08-06,31,0,20,27,31,27,0,77,10,1009,38.5,35,23,27,116,116,116,0,1,11.6,météo favorable
2012-08-07,31,0,16,26,31,28,0.4,70,10,1009,44.75,34,23,28,116,116,353,0,1,11.6,météo favorable
2012-08-08,31,0,15,27,31,28,1.6,76,9.625,1008,64.625,35,23,28,119,119,116,0,1,8.9,météo très défavorable
2012-08-09,29,0,13,26,29,26,3.7,79,9.375,1007,49.25,33,23,27,116,116,119,0,1,10.2,météo favorable
2012-08-10,30,0,18,25,30,27,0,79,10,1010,44,34,24,28,116,116,116,0,1,11.6,météo favorable
2012-08-11,31,0,17,27,31,28,0,75,10,1011,34.25,36,23,28,116,116,116,0,1,11.6,météo favorable
2012-08-12,31,0,18,27,31,27,0.8,79,10,1010,59.75,36,23,27,119,116,116,0,1,8.9,météo très défavorable
2012-08-13,29,0,16,26,29,27,0.5,76,9.25,1009,57.625,33,23,27,116,119,119,0,1,7.5,météo très défavorable
2012-08-14,31,0,21,26,31,27,0,74,10,1008,43.25,36,23,28,119,116,116,0,1,11.6,météo favorable
2012-08-15,32,0,16,26,32,28,0.9,76,9.875,1008,38.875,37,24,28,116,116,116,0,1,11.6,météo favorable
2012-08-16,32,0,18,26,32,26,2.7,90,9.375,1008,55.25,36,24,26,116,119,119,0,1,8.9,météo très défavorable
2012-08-17,30,0,14,25,29,27,3.7,78,9,1007,77.25,34,24,27,116,122,119,0,1,7.5,météo très défavorable
2012-08-18,30,0,20,26,29,27,0,78,10,1008,44.875,33,23,28,116,116,116,0,1,10.2,météo favorable
2012-08-19,31,0,14,27,31,28,0,73,10,1010,49.625,36,23,28,116,116,116,0,1,11.6,météo favorable
2012-08-20,32,0,10,27,31,29,0.2,67,9.875,1009,44.5,37,24,29,116,116,116,0,1,11.6,météo favorable
2012-08-21,33,0,12,27,33,28,0,69,10,1009,27.625,38,24,28,116,113,113,0,1,11.6,météo favorable
2012-08-22,33,0,16,27,33,28,0.2,74,10,1008,29.5,38,24,28,113,113,113,0,1,11.6,météo favorable
2012-08-23,32,0,13,27,32,28,0.3,73,9.875,1008,32,37,24,28,113,116,116,0,1,11.6,météo favorable
2012-08-24,32,0,11,27,32,28,4.7,74,9.375,1008,47.875,39,24,28,116,119,116,0,1,10.2,météo très défavorable
2012-08-25,32,0,17,27,32,27,1.3,82,10,1009,55.625,37,24,27,116,116,119,0,1,10.2,météo très défavorable
2012-08-26,31,0,11,27,31,27,5,76,9.625,1009,62.875,36,24,28,116,122,116,0,1,8.9,météo très défavorable
2012-08-27,30,0,20,26,30,27,0.9,81,10,1008,57,35,24,27,119,116,116,0,1,10.2,météo très défavorable
2012-08-28,32,0,19,27,32,28,0,77,10,1009,42.375,36,23,28,116,119,113,0,1,10.2,météo très défavorable
2012-08-29,31,0,18,27,30,28,1,76,10,1011,53.5,35,24,28,116,116,119,0,1,8.9,météo favorable
2012-08-30,31,0,14,27,31,28,1.3,74,9.875,1011,58.375,36,24,28,116,116,119,0,1,10.2,météo très défavorable
2012-08-31,27,0,12,26,26,25,0.7,87,9,1010,82.625,31,24,25,116,119,122,0,1,6.1,météo très défavorable
2012-09-01,30,0,13,26,30,27,1.7,80,10,1009,47.5,34,24,27,116,116,119,0,1,10.2,météo favorable
2012-09-02,28,0,15,26,27,25,8.7,92,9.5,1008,79.625,31,24,25,119,122,122,0,1,6.1,météo très défavorable
2012-09-03,29,0,16,25,28,26,2,90,9,1009,74.5,34,24,26,143,116,116,0,1,10.2,météo très défavorable
2012-09-04,28,0,17,25,27,25,2.2,90,10,1009,70.875,31,24,25,122,122,353,0,1,8.9,météo très défavorable
2012-09-05,30,0,14,25,30,27,0.9,88,10,1009,64.75,35,25,27,116,116,119,0,1,8.9,météo très défavorable
2012-09-06,27,0,16,26,27,25,6.5,93,8.625,1008,88.5,32,25,26,122,119,122,0,1,6.1,météo très défavorable
2012-09-07,29,0,26,26,29,27,0,83,10,1010,59.125,34,24,27,116,116,122,0,1,8.8,météo très défavorable
2012-09-08,30,0,17,26,30,27,0.2,84,10,1012,71.375,35,24,27,122,122,116,0,1,10.2,météo très défavorable
2012-09-09,32,0,9,27,32,27,0,78,10,1011,38.25,37,24,28,116,116,116,0,1,11.6,météo favorable
2012-09-10,31,0,9,27,31,27,2.4,82,9.875,1010,34,37,25,28,116,113,116,0,1,11.6,météo favorable
2012-09-11,32,0,10,26,32,28,1.4,75,9.875,1010,27.5,38,25,28,116,116,116,0,1,11.6,météo favorable
2012-09-12,32,0,15,27,32,28,0,78,10,1010,33,39,25,28,116,113,116,0,1,11.6,météo favorable
2012-09-13,31,0,13,27,31,28,0.6,76,10,1009,50.125,37,24,28,116,113,116,0,1,11.6,météo favorable
2012-09-14,31,0,15,26,31,28,0.3,71,9.875,1008,44.875,36,24,28,116,116,119,0,1,10.2,météo favorable
2012-09-15,29,0,11,26,29,26,0.1,88,10,1008,54.625,34,24,26,122,119,116,0,1,8.8,météo très défavorable
2012-09-16,29,0,7,24,29,25,0,90,10,1011,63.875,34,24,26,122,116,122,0,1,10.2,météo très défavorable
2012-09-17,28,0,10,25,28,26,0.2,88,10,1012,57.75,33,24,26,116,116,122,0,1,8.8,météo très défavorable
2012-09-18,31,0,12,26,31,27,0.8,86,9.875,1010,28.25,37,25,27,113,116,116,0,1,11.6,météo favorable
2012-09-19,30,0,10,26,30,27,11.3,78,9.125,1009,55,36,25,27,116,116,116,0,1,11.6,météo très défavorable
2012-09-20,31,0,7,26,30,28,7.4,78,9.625,1009,45.125,37,25,28,116,119,116,0,1,10.2,météo très défavorable
2012-09-21,29,0,15,26,29,26,0.7,87,9.875,1010,44.875,34,25,26,119,116,116,0,1,11.6,météo favorable
2012-09-22,31,0,13,26,31,27,0.9,74,9.875,1010,34.5,37,24,28,116,113,116,0,1,11.6,météo favorable
2012-09-23,32,0,12,26,32,28,0.9,77,9.875,1008,46.875,38,24,28,119,116,116,0,1,8.8,météo favorable
2012-09-24,32,0,10,27,32,28,0.5,76,9.875,1007,45.125,37,24,28,116,116,116,0,1,11.6,météo favorable
2012-09-25,29,0,8,26,29,27,2.6,83,10,1007,53.5,35,25,27,119,116,116,0,1,11.6,météo favorable
2012-09-26,33,0,5,27,33,28,5.7,85,9.5,1009,23.875,42,26,28,116,113,116,0,1,11.6,météo très défavorable
2012-09-27,31,0,12,26,31,27,0,85,10,1010,55.375,38,25,27,116,116,119,0,1,8.8,météo très défavorable
2012-09-28,26,0,11,25,26,24,0.1,94,10,1011,60,30,24,25,122,119,116,0,1,10.2,météo très défavorable
2012-09-29,29,0,8,24,29,26,0.1,88,10,1011,53.625,36,24,26,116,116,116,0,1,10.2,météo favorable
2012-09-30,31,0,9,26,31,27,3.3,88,9.625,1012,68.625,37,25,27,116,116,122,0,1,7.4,météo très défavorable
2012-10-01,31,0,6,27,31,27,1.2,86,10,1012,49.375,38,25,27,116,116,116,0,1,11.6,météo favorable
2012-10-02,32,0,10,27,32,27,0,79,10,1012,30.625,38,25,28,113,116,113,0,1,11.6,météo favorable
2012-10-03,32,0,12,27,32,28,0,77,10,1011,36.375,38,24,28,116,113,116,0,1,11.6,météo favorable
2012-10-04,31,0,12,26,31,27,0,77,10,1009,50.375,36,24,27,116,116,116,0,1,11.6,météo favorable
2012-10-05,32,0,9,27,32,28,0.3,74,9.875,1010,50.375,37,24,28,116,116,116,0,1,11.6,météo favorable
2012-10-06,27,0,12,25,26,25,1.1,94,9.25,1012,58.625,30,24,25,116,119,116,0,1,10.2,météo très défavorable
2012-10-07,29,0,10,25,29,25,0,92,8,1011,58.375,32,24,26,119,116,116,0,1,7.4,météo très défavorable
2012-10-08,29,0,14,23,29,25,1,91,10,1009,79.5,34,24,25,122,119,119,0,1,6,météo très défavorable
2012-10-09,29,0,10,25,29,26,7.5,87,9.625,1011,48.125,35,25,26,116,116,119,0,1,10.2,météo favorable
2012-10-10,31,0,5,26,31,27,4.6,85,9.625,1011,42.25,38,25,27,113,119,113,0,1,7.2,météo très défavorable
2012-10-11,32,0,8,26,32,27,3.2,80,9.625,1012,15,41,25,28,113,113,113,0,1,8.7,météo très défavorable
2012-10-12,32,0,4,27,32,27,0.4,80,9.75,1012,17.25,41,25,28,113,113,113,0,1,8.7,météo très défavorable
2012-10-13,33,0,7,27,33,27,0.3,78,9.875,1012,12,42,25,28,113,113,113,0,1,8.7,météo très défavorable
2012-10-14,32,0,7,27,32,28,0.1,74,10,1012,27.875,39,24,28,116,113,116,0,1,8.7,météo favorable
2012-10-15,31,0,9,26,31,27,0,80,10,1013,26.5,38,25,27,116,113,113,0,1,8.7,météo favorable
2012-10-16,31,0,6,27,31,28,0.4,82,9.875,1013,27.25,38,25,28,113,113,116,0,1,8.7,météo favorable
2012-10-17,32,0,7,27,32,27,1.3,79,9.875,1013,17.25,39,25,28,113,113,113,0,1,8.7,météo favorable
2012-10-18,32,0,15,24,32,27,0,71,10,1013,5,38,24,29,113,113,113,0,1,8.7,météo favorable
2012-10-19,32,0,10,25,32,27,0,68,10,1013,3.625,40,24,28,113,113,113,0,1,8.7,météo très défavorable
2012-10-20,33,0,9,26,33,28,0,70,10,1013,15.875,39,23,29,113,113,113,0,1,8.7,météo favorable
2012-10-21,33,0,9,26,33,28,0.6,72,9.75,1012,28.25,38,24,29,113,116,113,0,1,8.7,météo favorable
2012-10-22,33,0,11,26,32,28,0,68,10,1012,9.875,39,23,29,113,113,113,0,1,8.7,météo favorable
2012-10-23,31,0,15,26,31,28,1.5,74,10,1011,44.25,36,23,28,116,116,116,0,1,8.7,météo favorable
2012-10-24,28,0,15,25,28,26,0.6,87,9.875,1010,61,34,25,27,122,119,116,0,1,5.8,météo très défavorable
2012-10-25,32,0,10,25,32,28,0,75,10,1010,24.75,39,24,28,116,113,116,0,1,8.7,météo favorable
2012-10-26,33,0,9,26,33,28,0.1,74,10,1010,17.875,39,24,29,113,113,113,0,1,8.7,météo favorable
2012-10-27,33,0,11,26,33,28,0,64,10,1010,17,38,22,28,113,116,116,0,1,8.7,météo favorable
2012-10-28,33,0,8,26,33,29,0,69,10,1011,26.5,40,23,29,116,113,116,0,1,8.7,météo très défavorable
2012-10-29,34,0,8,28,34,29,0,73,10,1011,46.125,41,24,29,116,116,116,0,1,8.7,météo très défavorable
2012-10-30,32,0,7,28,32,28,1.6,76,9.75,1010,27.25,39,25,29,113,113,113,0,1,8.7,météo favorable
2012-10-31,30,0,11,26,30,27,0.4,82,9.875,1012,40.25,37,25,27,119,113,116,0,1,7.2,météo favorable
2012-11-01,31,0,13,24,30,27,0.1,73,10,1013,30.375,35,23,27,116,116,113,0,1,8.7,météo favorable
2012-11-02,31,0,8,25,31,27,0,70,10,1012,39.75,36,22,28,119,116,113,0,1,8.7,météo favorable
2012-11-03,32,0,6,25,32,28,0,66,10,1011,13.75,38,22,28,113,113,113,0,1,8.7,météo favorable
2012-11-04,33,0,7,27,33,28,0,68,10,1011,7.875,40,23,29,113,113,113,0,1,8.7,météo très défavorable
2012-11-05,34,0,6,27,34,28,0,70,10,1012,15.25,39,23,29,113,113,113,0,1,8.7,météo favorable
2012-11-06,33,0,6,28,33,28,0.5,75,9.875,1013,30.375,40,24,29,116,116,116,0,1,8.7,météo très défavorable
2012-11-07,33,0,8,28,33,28,2.5,75,9.875,1011,28.25,39,24,28,116,116,116,0,1,8.7,météo favorable
2012-11-08,33,0,10,28,33,28,0.6,77,9.875,1010,23.875,39,24,28,113,116,113,0,1,8.7,météo favorable
2012-11-09,32,0,10,28,32,28,0.9,75,9.75,1011,24.625,38,24,29,116,116,113,0,1,8.7,météo favorable
2012-11-10,33,0,6,28,33,28,0.4,71,9.875,1011,22.25,40,25,29,113,116,113,0,1,8.7,météo très défavorable
2012-11-11,34,0,8,28,34,28,0.3,77,9.875,1011,23.25,41,24,29,113,116,113,0,1,8.7,météo très défavorable
2012-11-12,32,0,14,26,32,27,1,83,9.875,1013,25.5,38,25,28,116,116,113,0,1,8.7,météo favorable
2012-11-13,31,0,11,25,31,28,0,78,10,1013,34.25,38,24,28,116,113,116,0,1,8.7,météo favorable
2012-11-14,32,0,9,26,32,28,0,72,10,1011,13.125,39,23,29,113,113,113,0,1,8.7,météo favorable
2012-11-15,33,0,8,26,33,29,0.1,73,10,1012,37,38,24,30,113,116,122,0,1,8.7,météo favorable
2012-11-16,30,0,11,26,30,27,1.3,89,9.75,1012,55.125,34,25,27,116,116,122,0,1,7.2,météo très défavorable
2012-11-17,31,0,15,25,31,26,0,88,10,1012,50.875,37,25,26,116,116,116,0,1,8.7,météo favorable
2012-11-18,31,0,14,25,31,26,2.6,87,9.625,1012,51.625,37,24,27,116,116,116,0,1,8.7,météo favorable
2012-11-19,30,0,14,25,30,27,9.7,87,9.125,1012,59.625,36,25,27,116,116,122,0,1,8.7,météo très défavorable
2012-11-20,31,0,7,26,31,27,5.3,82,9.625,1012,34.625,38,25,28,116,116,116,0,1,8.7,météo favorable
2012-11-21,31,0,9,27,31,28,0.1,78,10,1012,21.625,38,26,28,113,113,113,0,1,8.7,météo favorable
2012-11-22,32,0,10,27,32,27,1.1,76,10,1012,30.375,37,25,28,116,116,113,0,1,7.2,météo favorable
2012-11-23,32,0,6,28,32,28,7.1,86,9.5,1011,27.625,40,26,28,113,113,116,0,1,8.7,météo très défavorable
2012-11-24,31,0,7,27,31,27,10.9,83,9,1011,36.375,36,26,28,116,119,116,0,1,7.2,météo très défavorable
2012-11-25,29,0,9,26,29,27,0.1,80,10,1013,36.125,35,24,28,116,113,113,0,1,8.7,météo favorable
2012-11-26,31,0,8,26,31,27,0,78,10,1013,35.625,37,24,28,116,116,116,0,1,8.7,météo favorable
2012-11-27,30,0,9,26,30,27,0.1,80,10,1012,25.125,36,25,28,113,113,113,0,1,8.7,météo favorable
2012-11-28,30,0,10,26,30,27,1.2,75,9.875,1011,31.625,36,24,28,116,116,113,0,1,8.7,météo favorable
2012-11-29,30,0,6,26,30,27,0,79,10,1011,48,36,24,27,116,116,119,0,1,5.7,météo favorable
2012-11-30,32,0,7,25,32,28,0.1,75,10,1011,28.75,39,24,28,113,116,113,0,1,8.7,météo favorable
2012-12-01,31,0,7,27,31,28,0,71,10,1012,11.25,38,24,29,113,113,113,0,1,8.7,météo favorable
2012-12-02,32,0,5,26,32,28,1.2,71,9.875,1012,5.125,41,26,29,113,113,113,0,1,8.7,météo très défavorable
2012-12-03,32,0,5,27,32,28,0,75,10,1012,38.875,37,24,29,116,116,116,0,1,7.2,météo favorable
2012-12-04,32,0,8,26,32,28,0.1,75,10,1012,21.125,38,25,28,113,116,113,0,1,8.7,météo favorable
2012-12-05,33,0,6,26,33,29,0,71,10,1012,31,37,24,29,113,119,116,0,1,7.2,météo très défavorable
2012-12-06,33,0,6,27,33,28,0.1,73,10,1012,36.5,38,24,28,116,116,116,0,1,8.7,météo favorable
2012-12-07,32,0,8,27,32,28,0.6,71,9.875,1013,33.875,37,24,29,116,116,113,0,1,8.7,météo favorable
2012-12-08,31,0,9,26,31,27,0.3,71,9.875,1012,30.5,36,24,27,116,116,113,0,1,8.7,météo favorable
2012-12-09,31,0,11,26,31,28,2.2,72,9.625,1012,21.25,36,24,28,113,116,113,0,1,8.7,météo favorable
2012-12-10,31,0,6,26,31,27,2.9,73,9.75,1012,24.625,36,25,28,116,113,113,0,1,8.7,météo favorable
2012-12-11,32,0,9,25,32,28,0.7,69,9.75,1012,19.25,38,23,28,113,113,113,0,1,8.7,météo favorable
2012-12-12,32,0,9,26,32,28,0,64,10,1012,23.125,37,23,28,113,113,116,0,1,8.7,météo favorable
2012-12-13,31,0,13,24,31,27,0,63,10,1013,3,35,21,29,113,113,113,0,1,8.7,météo favorable
2012-12-14,32,0,13,25,32,29,0,59,10,1014,9.625,36,21,29,113,113,113,0,1,8.7,météo favorable
2012-12-15,33,0,12,25,33,29,0,66,10,1013,14.5,38,22,29,113,113,116,0,1,8.7,météo favorable
2012-12-16,33,0,10,26,33,29,0,61,10,1013,13.875,39,22,30,113,113,113,0,1,8.7,météo favorable
2012-12-17,34,0,9,26,34,29,0,65,10,1012,11.625,40,23,30,113,113,113,0,1,8.7,météo très défavorable
2012-12-18,33,0,6,26,33,29,0,60,10,1013,11.375,42,27,30,113,113,116,0,1,8.7,météo très défavorable
2012-12-19,33,0,14,26,33,29,0,63,10,1012,14.25,38,22,30,113,113,113,0,1,8.7,météo favorable
2012-12-20,33,0,10,25,33,29,0,65,10,1011,18.75,37,22,29,113,113,116,0,1,7.2,météo favorable
2012-12-21,33,0,13,25,33,29,0,56,10,1011,1.875,41,23,30,113,113,113,0,1,8.7,météo très défavorable
2012-12-22,33,0,14,25,33,30,0,57,10,1011,14.5,38,21,30,113,113,116,0,1,8.7,météo favorable
2012-12-23,32,0,20,25,32,28,0,64,10,1013,22.875,35,21,28,113,116,113,0,1,8.7,météo favorable
2012-12-24,30,0,19,20,29,26,0,58,10,1015,6.375,30,18,24,113,113,113,0,1,8.7,météo favorable
2012-12-25,29,0,14,21,27,26,0,57,10,1013,40.25,30,17,25,116,116,113,0,1,7.2,météo favorable
2012-12-26,32,0,12,22,31,28,0,56,10,1012,15.375,34,19,28,113,113,113,0,1,8.7,météo favorable
2012-12-27,33,0,12,23,32,28,0,59,10,1011,8.25,37,20,29,113,113,113,0,1,8.7,météo favorable
2012-12-28,33,0,11,25,33,29,0,55,10,1011,11.625,37,20,30,113,113,113,0,1,8.7,météo favorable
2012-12-29,34,0,12,25,33,30,0,53,10,1011,10.875,37,20,30,113,113,113,0,1,8.7,météo favorable
2012-12-30,33,0,14,26,33,30,0,58,10,1010,25.875,37,21,30,113,116,116,0,1,8.7,météo favorable
2012-12-31,29,0,22,23,26,26,0,59,10,1013,20.875,30,17,25,116,116,113,0,1,8.7,météo favorable
2013-01-01,31,0,17,22,29,27,0,53,10,1013,7.875,32,17,26,113,113,113,0,1,8.7,météo favorable
2013-01-02,32,0,14,22,32,28,0,51,10,1013,4.5,35,18,28,113,113,113,0,1,11.6,météo favorable
2013-01-03,33,0,19,23,33,28,0,41,10,1014,1.375,33,16,29,113,113,113,0,1,11.6,météo favorable
2013-01-04,31,0,19,23,29,28,0,52,10,1013,13.125,33,18,28,113,116,113,0,1,11.6,météo favorable
2013-01-05,32,0,13,22,31,27,0,51,10,1012,1.875,35,19,28,113,113,113,0,1,11.6,météo favorable
2013-01-06,32,0,17,23,32,28,0,48,10,1013,27.25,37,19,28,113,113,116,0,1,11.6,météo favorable
2013-01-07,32,0,9,23,32,28,0,51,10,1012,11.375,36,19,29,113,113,113,0,1,11.6,météo favorable
2013-01-08,33,0,9,24,32,28,0,51,10,1013,1.75,38,22,30,113,113,113,0,1,11.6,météo favorable
2013-01-09,33,0,9,23,33,28,0,50,10,1012,1.375,39,23,30,113,113,113,0,1,11.6,météo favorable
2013-01-10,33,0,12,24,33,28,0,56,10,1012,4.375,35,20,30,113,113,113,0,1,11.6,météo favorable
2013-01-11,32,0,10,24,32,28,0,64,10,1012,15.375,37,22,29,113,113,113,0,1,11.6,météo favorable
2013-01-12,31,0,14,25,31,27,0,64,10,1014,7.75,34,22,28,113,113,113,0,1,11.6,météo favorable
2013-01-13,32,0,12,24,32,27,0.1,62,10,1013,5.875,37,22,28,113,113,113,0,1,11.6,météo favorable
2013-01-14,32,0,10,24,32,27,0,60,10,1013,3.875,39,23,29,113,113,113,0,1,11.6,météo favorable
2013-01-15,32,0,9,24,32,28,0.1,63,10,1014,16.25,35,22,28,113,116,113,0,1,11.6,météo favorable
2013-01-16,33,0,13,25,33,29,0.2,56,9.875,1015,24.25,36,22,29,113,113,113,0,1,11.6,météo favorable
2013-01-17,33,0,21,24,33,28,0,40,10,1016,11.625,32,18,28,113,113,113,0,1,11.6,météo favorable
2013-01-18,31,0,24,21,30,27,0,48,10,1018,0.5,31,14,26,113,113,113,0,1,11.6,météo favorable
2013-01-19,31,0,18,20,30,27,0,53,10,1017,1.25,32,16,25,113,113,113,0,1,11.6,météo favorable
2013-01-20,32,0,14,22,31,27,0,50,10,1016,2.125,34,17,28,113,113,113,0,1,11.6,météo favorable
2013-01-21,33,0,10,23,33,29,0,43,10,1015,10.25,35,16,29,113,113,113,0,1,11.6,météo favorable
2013-01-22,34,0,11,25,34,29,0,53,10,1015,12.25,37,20,29,113,113,113,0,1,11.6,météo favorable
2013-01-23,34,0,10,25,34,29,0,61,10,1013,8,40,24,29,113,113,113,0,1,11.6,météo très défavorable
2013-01-24,33,0,13,26,33,28,1.2,71,9.875,1013,11.5,40,24,29,113,113,113,0,1,11.6,météo très défavorable
2013-01-25,33,0,18,26,33,28,1.1,70,9.75,1013,18.875,37,23,29,113,113,113,0,1,11.6,météo favorable
2013-01-26,31,0,15,26,31,27,0.2,74,9.875,1013,34.125,35,22,27,116,116,113,0,1,11.6,météo favorable
2013-01-27,31,0,13,25,31,27,3.5,74,9.5,1015,28.25,35,23,28,116,116,113,0,1,11.6,météo favorable
2013-01-28,31,0,15,25,31,27,0.7,71,9.75,1015,33.375,34,23,28,116,116,113,0,1,11.6,météo favorable
2013-01-29,32,0,14,24,31,28,0.2,58,9.875,1015,32.75,35,21,28,116,113,116,0,1,11.6,météo favorable
2013-01-30,32,0,11,25,32,28,0,70,10,1015,28.625,35,22,28,116,116,116,0,1,11.6,météo favorable
2013-01-31,33,0,9,25,33,27,1.2,70,9.75,1015,26.375,36,23,28,113,116,116,0,1,11.6,météo favorable
2013-02-01,33,0,9,25,33,30,0,53,10,1015,15.25,36,21,30,113,113,113,0,1,11.6,météo favorable
2013-02-02,32,0,12,26,32,29,0,51,10,1014,27.875,34,20,30,113,116,113,0,1,11.6,météo favorable
2013-02-03,32,0,15,26,32,29,0,52,10,1014,24.125,34,19,30,116,116,113,0,1,11.6,météo favorable
2013-02-04,34,0,12,25,34,31,0,47,10,1014,13,38,19,31,113,113,113,0,1,11.6,météo favorable
2013-02-05,34,0,5,27,34,30,0,57,10,1015,33.875,38,21,30,116,116,116,0,1,11.6,météo favorable
2013-02-06,33,0,15,26,33,29,0.9,66,9.875,1014,12.125,37,25,30,113,113,113,0,1,11.6,météo favorable
2013-02-07,32,0,15,26,32,28,0.2,72,9.875,1011,12,38,24,29,113,113,113,0,1,11.6,météo favorable
2013-02-08,32,0,18,26,32,28,0.1,76,10,1011,17.875,38,24,28,113,113,113,0,1,11.6,météo favorable
2013-02-09,33,0,15,26,33,29,0.1,68,10,1012,26.125,38,24,29,116,113,116,0,1,11.6,météo favorable
2013-02-10,33,0,12,27,33,30,2,58,10,1013,34.5,38,24,30,113,116,116,0,1,11.6,météo favorable
2013-02-11,34,0,12,26,34,29,0,61,10,1012,15.5,39,24,30,113,113,113,0,1,11.6,météo favorable
2013-02-12,35,0,7,26,34,30,0,61,10,1013,5.75,41,25,32,113,113,113,0,1,11.6,météo très défavorable
2013-02-13,34,0,20,26,34,30,0,46,10,1012,12.625,37,21,30,113,113,113,0,1,11.6,météo favorable
2013-02-14,34,0,11,26,34,30,0,48,10,1012,7.75,38,22,32,113,113,113,0,1,11.6,météo favorable
2013-02-15,36,0,11,27,36,31,0,54,10,1011,10.5,40,22,31,113,113,113,0,1,11.6,météo très défavorable
2013-02-16,34,0,8,27,34,30,1.8,62,9.75,1012,21.875,39,24,31,113,116,113,0,1,11.6,météo favorable
2013-02-17,34,0,13,27,34,29,0,66,10,1011,25.375,39,24,29,113,116,113,0,1,11.6,météo favorable
2013-02-18,33,0,17,27,33,29,0,68,10,1009,13.75,37,24,29,113,116,113,0,1,11.6,météo favorable
2013-02-19,33,0,16,26,33,29,0.1,64,10,1010,14.875,38,24,29,113,113,113,0,1,11.6,météo favorable
2013-02-20,33,0,12,27,33,29,0.1,62,10,1011,12,37,24,30,113,113,113,0,1,11.6,météo favorable
2013-02-21,35,0,9,27,35,30,0.6,60,9.875,1012,29.75,39,23,30,116,116,113,0,1,10.2,météo favorable
2013-02-22,35,0,13,27,34,30,0,46,10,1013,14.25,36,23,31,113,113,113,0,1,11.6,météo favorable
2013-02-23,28,0,18,24,26,27,0,55,10,1014,35.25,29,17,26,113,116,116,0,1,8.8,météo favorable
2013-02-24,32,0,10,24,30,29,0,46,10,1014,40.75,34,18,28,116,116,116,0,1,11.6,météo favorable
2013-02-25,35,0,10,26,35,32,0,48,10,1012,27.125,39,21,32,113,113,116,0,1,11.6,météo favorable
2013-02-26,36,0,13,28,36,31,0,54,10,1012,15.125,41,23,31,113,116,113,0,1,11.6,météo très défavorable
2013-02-27,34,0,22,27,34,29,0.3,71,9.875,1012,18,39,25,29,113,119,113,0,1,10.2,météo très défavorable
2013-02-28,33,0,20,27,33,29,0,71,10,1010,20.875,39,24,29,116,116,113,0,1,11.6,météo favorable
2013-03-01,34,0,19,27,34,29,0.8,69,9.875,1011,13,38,24,29,113,113,113,0,1,11.6,météo favorable
2013-03-02,34,0,19,27,34,29,0,69,10,1013,6.875,40,25,29,113,113,113,0,1,11.6,météo très défavorable
2013-03-03,34,0,17,27,34,29,0.5,68,9.875,1014,17.25,40,25,29,113,116,113,0,1,11.6,météo très défavorable
2013-03-04,29,0,18,26,29,26,0,66,10,1016,36.875,32,23,26,116,116,116,0,1,11.6,météo favorable
2013-03-05,33,0,12,24,31,29,0,48,10,1017,25.75,35,18,28,113,113,113,0,1,11.6,météo favorable
2013-03-06,34,0,14,25,33,31,0,45,10,1015,19.375,36,18,30,113,113,113,0,1,11.6,météo favorable
2013-03-07,35,0,15,27,35,31,0,48,10,1015,11.75,39,20,32,113,113,113,0,1,11.6,météo favorable
2013-03-08,35,0,10,27,35,30,0.1,57,10,1014,11,39,23,31,113,113,113,0,1,11.6,météo favorable
2013-03-09,33,0,17,27,33,29,0.6,66,10,1013,10.625,36,23,29,113,116,113,0,1,11.6,météo favorable
2013-03-10,33,0,16,27,33,29,0.1,65,10,1012,13.375,37,23,30,116,113,113,0,1,11.6,météo favorable
2013-03-11,33,0,19,27,33,29,0,64,10,1012,13.5,37,24,30,113,116,113,0,1,11.6,météo favorable
2013-03-12,34,0,19,27,34,29,0.1,62,10,1012,11.125,37,24,29,113,113,113,0,1,11.6,météo favorable
2013-03-13,34,0,15,27,34,30,0.4,58,10,1014,11.375,38,24,31,113,113,113,0,1,11.6,météo favorable
2013-03-14,34,0,16,27,34,30,0.1,61,10,1013,18,39,24,30,116,116,113,0,1,11.6,météo favorable
2013-03-15,35,0,18,28,35,30,0.8,64,9.75,1014,24.875,39,23,30,113,116,113,0,1,11.6,météo favorable
2013-03-16,33,0,14,28,33,29,1.9,67,10,1015,41.625,38,23,29,116,116,116,0,1,11.6,météo favorable
2013-03-17,33,0,18,27,33,29,0,69,10,1013,15.375,38,24,29,113,113,113,0,1,11.6,météo favorable
2013-03-18,34,0,21,28,34,29,0,65,10,1011,15.625,38,24,29,113,113,113,0,1,11.6,météo favorable
2013-03-19,34,0,19,27,34,30,0.7,68,9.875,1010,18.5,39,24,30,116,200,113,0,1,11.6,météo très défavorable
2013-03-20,34,0,18,28,34,30,0,61,10,1011,9,39,24,31,113,113,113,0,1,11.6,météo favorable
2013-03-21,34,0,19,27,34,29,0,65,10,1011,10.25,39,24,30,113,113,113,0,1,11.6,météo favorable
2013-03-22,34,0,18,28,34,30,0,63,10,1010,16.5,39,23,30,113,116,113,0,1,11.6,météo favorable
2013-03-23,35,0,20,28,35,30,0,61,10,1011,7.5,39,24,30,113,113,113,0,1,11.6,météo favorable
2013-03-24,35,0,21,28,35,30,0,62,10,1010,7.625,40,25,31,113,113,113,0,1,11.6,météo très défavorable
2013-03-25,36,0,19,28,36,31,0,55,10,1009,6.25,40,24,32,113,113,113,0,1,11.6,météo très défavorable
2013-03-26,36,0,19,29,36,31,0,54,10,1009,5,40,26,33,113,113,113,0,1,11.6,météo très défavorable
2013-03-27,35,0,18,28,35,31,0,56,10,1011,1.375,40,25,32,113,113,113,0,1,11.6,météo très défavorable
2013-03-28,36,0,20,28,36,31,0,61,10,1010,7.125,42,26,32,116,113,113,0,1,11.6,météo très défavorable
2013-03-29,35,0,21,29,35,31,0,63,10,1010,4.25,40,25,31,113,113,113,0,1,11.6,météo très défavorable
2013-03-30,35,0,20,28,35,31,0,61,10,1009,1.375,40,25,31,113,113,113,0,1,11.6,météo très défavorable
2013-03-31,35,0,19,28,35,31,0,58,10,1011,6.875,40,25,31,116,113,113,0,1,11.6,météo très défavorable
2013-04-01,35,0,16,29,35,31,0,60,10,1011,13.5,41,25,32,113,116,113,0,1,11.6,météo très défavorable
2013-04-02,35,0,18,29,35,31,0,61,10,1011,21.375,41,25,31,113,119,113,0,1,10.2,météo très défavorable
2013-04-03,36,0,21,29,36,31,0,59,10,1010,11.625,41,25,31,113,113,113,0,1,11.6,météo très défavorable
2013-04-04,35,0,21,30,35,31,0,62,10,1008,8.125,42,24,31,113,113,113,0,1,11.6,météo très défavorable
2013-04-05,37,0,17,29,37,31,0,44,10,1008,1,41,25,32,113,113,113,0,1,11.6,météo très défavorable
2013-04-06,37,0,12,29,36,33,0,51,10,1008,5.875,44,26,33,113,113,113,0,1,11.6,météo très défavorable
2013-04-07,38,0,15,29,37,32,0,40,10,1006,3.75,40,24,34,113,113,113,0,1,11.6,météo très défavorable
2013-04-08,35,0,11,29,35,31,0,46,10,1008,17.5,40,24,32,113,116,116,0,1,11.6,météo très défavorable
2013-04-09,37,0,18,28,37,31,0,48,10,1010,1.75,41,25,33,113,113,113,0,1,11.6,météo très défavorable
2013-04-10,36,0,18,29,36,31,0.1,54,10,1011,6.5,40,24,31,113,113,113,0,1,11.6,météo très défavorable
2013-04-11,35,0,15,29,35,30,4.2,65,9.625,1011,39.5,40,24,30,116,116,116,0,1,10.2,météo très défavorable
2013-04-12,33,0,7,28,33,32,0,60,10,1012,58.875,39,23,32,116,116,122,0,1,10.2,météo très défavorable
2013-04-13,34,0,18,29,34,31,0.1,61,10,1012,32.25,40,24,31,113,116,116,0,1,11.6,météo très défavorable
2013-04-14,36,0,18,28,36,30,0.1,67,10,1012,43.625,43,24,30,113,116,122,0,1,10.2,météo très défavorable
2013-04-15,28,0,11,28,27,27,2.2,79,9.875,1010,69.375,32,24,27,122,122,122,0,1,7.5,météo très défavorable
2013-04-16,31,0,12,27,31,29,2.2,72,9.875,1010,48,36,23,29,116,116,116,0,1,11.6,météo favorable
2013-04-17,27,0,9,26,26,25,9.7,91,8.25,1008,63.625,31,24,26,122,116,116,0,1,10.2,météo très défavorable
2013-04-18,34,0,9,26,33,30,0,65,10,1008,16.875,40,24,31,113,113,113,0,1,11.6,météo très défavorable
2013-04-19,35,0,11,29,35,31,0,52,10,1008,11.25,40,23,32,113,113,113,0,1,12.3,météo très défavorable
2013-04-20,35,0,14,29,35,31,0.3,62,10,1009,10,41,26,31,113,113,113,0,1,12.3,météo très défavorable
2013-04-21,35,0,13,29,35,31,0,60,10,1010,14.125,40,25,32,113,113,113,0,1,12.7,météo très défavorable
2013-04-22,35,0,14,29,35,31,0,63,10,1011,34.75,40,24,31,116,119,116,0,1,12.7,météo très défavorable
2013-04-23,33,0,11,28,33,30,0.9,68,9.75,1012,31.25,39,24,30,113,116,113,0,1,12.7,météo favorable
2013-04-24,33,0,13,28,33,30,5.8,67,9.625,1012,41.125,39,24,30,116,116,116,0,1,12.7,météo favorable
2013-04-25,34,0,17,29,34,29,0.4,69,9.875,1012,38.5,39,25,29,113,122,116,0,1,11.9,météo très défavorable
2013-04-26,34,0,19,28,34,30,0,64,10,1011,10.875,39,24,30,113,113,113,0,1,12.7,météo favorable
2013-04-27,33,0,13,28,33,30,0,62,10,1011,18.625,38,24,30,116,113,113,0,1,12.8,météo favorable
2013-04-28,34,0,17,28,33,30,0,65,10,1009,13.875,39,25,30,113,113,113,0,1,12.8,météo favorable
2013-04-29,34,0,19,29,34,30,0,66,10,1010,14.375,40,24,30,116,113,113,0,1,12.8,météo très défavorable
2013-04-30,34,0,18,29,34,30,0,60,10,1011,13.125,39,25,30,113,113,113,0,1,12.8,météo favorable
2013-05-01,35,0,18,29,35,30,0,66,9.875,1009,12.5,40,25,30,200,113,113,0,1,12.8,météo très défavorable
2013-05-02,35,0,10,29,35,31,0.3,58,9.875,1007,20.25,41,25,32,200,116,113,0,1,12.8,météo très défavorable
2013-05-03,36,0,15,29,36,31,1.1,63,9.875,1007,12.375,43,26,31,113,113,113,0,1,12.8,météo très défavorable
2013-05-04,35,0,16,29,35,30,0.9,67,10,1009,15.625,41,25,31,113,113,113,0,1,12.8,météo très défavorable
2013-05-05,36,0,12,29,36,30,0.9,68,9.875,1011,28.875,44,24,31,116,200,113,0,1,12.8,météo très défavorable
2013-05-06,37,0,17,29,37,31,0,61,10,1010,16.375,46,24,32,113,113,113,0,1,12.8,météo très défavorable
2013-05-07,35,0,16,29,35,30,1.3,64,9.875,1010,25.5,41,24,30,116,116,113,0,1,12.8,météo très défavorable
2013-05-08,35,0,20,29,35,30,0,64,10,1009,12.75,41,25,31,113,113,113,0,1,12.8,météo très défavorable
2013-05-09,35,0,17,29,35,31,0,59,10,1010,16.625,41,24,31,113,113,113,0,1,12.8,météo très défavorable
2013-05-10,34,0,19,29,34,30,0.6,67,9.875,1009,25.625,41,24,31,113,116,116,0,1,12.8,météo très défavorable
2013-05-11,35,0,18,29,35,31,0,66,10,1008,14.125,43,25,31,116,113,113,0,1,12.8,météo très défavorable
2013-05-12,36,0,20,29,36,31,0,67,10,1009,26,43,25,31,113,113,116,0,1,12.8,météo très défavorable
2013-05-13,33,0,15,29,33,29,0.6,67,10,1009,54.75,39,24,30,119,119,113,0,1,11.9,météo très défavorable
2013-05-14,35,0,15,29,35,30,0,63,10,1007,32.75,40,25,31,119,116,116,0,1,12.8,météo très défavorable
2013-05-15,36,0,16,30,36,31,0.6,65,10,1007,17.625,42,26,31,113,113,113,0,1,12.9,météo très défavorable
2013-05-16,36,0,19,30,36,30,0,66,10,1007,17,42,26,31,113,113,116,0,1,12.9,météo très défavorable
2013-05-17,35,0,18,29,35,31,0,62,9.875,1009,21,41,25,31,113,113,113,0,1,12.9,météo très défavorable
2013-05-18,32,0,8,29,31,29,0.8,68,10,1009,33.875,38,25,30,113,116,116,0,1,12.9,météo favorable
2013-05-19,32,0,11,28,30,29,4,69,9.625,1009,51.125,39,24,30,119,119,116,0,1,10.6,météo très défavorable
2013-05-20,33,0,15,28,32,29,2.4,70,9.75,1008,37.75,39,25,30,116,116,119,0,1,12.9,météo favorable
2013-05-21,33,0,18,29,33,30,0.9,70,9.875,1008,26.75,39,24,30,113,113,116,0,1,12.9,météo favorable
2013-05-22,33,0,16,29,33,30,3.3,67,9.625,1008,34.75,38,25,30,116,116,116,0,1,12.9,météo favorable
2013-05-23,33,0,10,28,32,29,3.6,68,9.5,1009,32.5,38,25,30,119,116,113,0,1,12.9,météo favorable
2013-05-24,34,0,16,29,34,30,0.1,69,10,1009,21.375,40,25,30,116,113,113,0,1,12.9,météo très défavorable
2013-05-25,32,0,19,28,32,29,0.7,71,9.875,1009,53,38,24,29,116,122,116,0,1,12.9,météo très défavorable
2013-05-26,33,0,16,28,33,29,0,69,10,1009,33.875,38,23,29,116,116,113,0,1,12.9,météo favorable
2013-05-27,34,0,13,28,34,30,0,62,10,1009,34.125,38,24,30,116,116,113,0,1,12.9,météo favorable
2013-05-28,35,0,14,29,35,30,0.9,58,10,1009,34.25,40,23,31,116,113,113,0,1,12.9,météo très défavorable
2013-05-29,36,0,16,29,36,31,0,61,10,1009,31.25,42,23,31,113,113,116,0,1,12.9,météo très défavorable
2013-05-30,35,0,11,28,35,29,0,69,10,1010,42,40,24,30,116,116,116,0,1,12.9,météo très défavorable
2013-05-31,34,0,10,28,33,30,0,61,10,1009,51.125,39,23,30,122,116,116,0,1,11.9,météo favorable
2013-06-01,35,0,13,28,35,30,0,62,10,1009,29.375,42,23,31,113,113,116,0,1,12.9,météo très défavorable
2013-06-02,34,0,10,29,33,29,3.8,60,9.625,1007,35.75,39,24,30,116,116,113,0,1,12.9,météo favorable
2013-06-03,33,0,18,28,33,29,0.3,70,9.875,1007,26,39,24,30,113,116,116,0,1,12.9,météo favorable
2013-06-04,34,0,18,28,34,29,0,72,10,1008,38.125,39,24,29,116,116,113,0,1,12.9,météo favorable
2013-06-05,27,0,13,27,27,26,8.2,87,7.875,1010,77.125,32,25,26,122,122,116,0,1,9.4,météo très défavorable
2013-06-06,32,0,13,26,32,29,0.1,69,10,1010,39.75,38,24,29,116,116,116,0,1,12.9,météo favorable
2013-06-07,33,0,15,27,33,29,0.1,67,10,1009,43.75,38,24,29,116,116,113,0,1,12.9,météo favorable
2013-06-08,34,0,15,28,34,30,0,70,10,1007,21.125,40,25,30,113,113,113,0,1,12.9,météo très défavorable
2013-06-09,35,0,15,29,35,30,0,60,10,1006,14.75,41,25,31,113,113,113,0,1,12.9,météo très défavorable
2013-06-10,34,0,10,29,34,30,0,63,10,1005,34.5,39,24,30,113,116,116,0,1,13,météo favorable
2013-06-11,33,0,14,28,33,29,2.9,74,9.75,1005,33.25,42,25,29,116,113,113,0,1,13,météo très défavorable
2013-06-12,32,0,7,28,32,28,3.5,82,9.625,1005,60.875,39,25,29,119,116,119,0,1,11.9,météo très défavorable
2013-06-13,31,0,15,27,31,28,0,79,10,1005,65.375,37,25,28,119,119,116,0,1,9.4,météo très défavorable
2013-06-14,32,0,15,27,32,28,2.1,74,9.75,1004,49.5,37,24,29,116,116,122,0,1,13,météo favorable
2013-06-15,32,0,13,27,32,29,2.7,73,9.625,1005,54.625,37,25,28,122,116,119,0,1,10.7,météo favorable
2013-06-16,34,0,17,28,34,28,1.2,72,9.875,1005,39.375,40,24,29,119,116,116,0,1,13,météo très défavorable
2013-06-17,31,0,15,28,31,28,5.9,78,9.625,1005,51.875,37,24,28,119,116,116,0,1,11.9,météo favorable
2013-06-18,32,0,22,28,32,29,5.7,75,9.5,1003,42.125,38,24,29,116,119,116,0,1,13,météo très défavorable
2013-06-19,32,0,23,28,32,28,0,79,10,1005,42.875,38,24,28,116,116,116,0,1,13,météo favorable
2013-06-20,33,0,20,28,33,29,0.3,73,9.875,1006,41.125,39,24,29,116,116,119,0,1,13,météo favorable
2013-06-21,33,0,19,29,32,29,0.4,78,9.875,1007,39.5,39,25,29,113,116,119,0,1,13,météo favorable
2013-06-22,31,0,18,27,31,29,1.3,71,8.875,1006,79.5,37,25,29,116,119,122,0,1,10.7,météo très défavorable
2013-06-23,29,0,18,27,29,27,1.1,83,9,1007,84.125,34,24,27,122,122,116,0,1,9.4,météo très défavorable
2013-06-24,32,0,19,27,32,28,1,78,9.75,1009,34.875,38,25,28,113,113,116,0,1,13,météo favorable
2013-06-25,27,0,9,27,27,27,4.1,85,9.875,1011,78.5,32,25,27,122,122,119,0,1,8.1,météo très défavorable
2013-06-26,30,0,12,27,30,27,2.2,83,10,1011,45,36,25,28,116,116,113,0,1,13,météo favorable
2013-06-27,32,0,12,27,32,28,0.6,72,10,1010,36.375,38,24,29,116,119,113,0,1,13,météo très défavorable
2013-06-28,33,0,16,27,33,29,0.6,67,10,1009,16.75,38,25,29,113,113,113,0,1,13,météo favorable
2013-06-29,33,0,15,28,33,29,0.3,64,10,1009,23,38,24,30,113,113,113,0,1,13,météo favorable
2013-06-30,33,0,15,28,33,29,0,67,10,1009,22,38,23,29,113,113,116,0,1,13,météo favorable
2013-07-01,34,0,16,28,34,29,0,68,10,1007,18,38,24,29,113,113,116,0,1,13,météo favorable
2013-07-02,33,0,15,28,33,29,0,66,10,1007,18.25,37,24,29,113,113,116,0,1,13,météo favorable
2013-07-03,33,0,13,28,33,29,0,66,10,1007,39.375,39,24,29,116,116,119,0,1,12.9,météo favorable
2013-07-04,33,0,13,27,33,28,0.4,72,9.875,1007,36.625,40,24,29,116,116,113,0,1,12.9,météo très défavorable
2013-07-05,33,0,12,27,33,28,0.1,74,10,1007,38.5,41,24,29,116,116,116,0,1,12.9,météo très défavorable
2013-07-06,34,0,14,27,34,29,1.5,68,10,1008,44,40,24,29,116,116,116,0,1,12.9,météo très défavorable
2013-07-07,32,0,19,27,32,28,1.4,76,9.875,1008,55.25,37,24,28,122,119,116,0,1,11.9,météo très défavorable
2013-07-08,27,0,16,26,26,26,4.9,89,9.75,1010,74.75,30,24,26,122,122,119,0,1,9.4,météo très défavorable
2013-07-09,28,0,13,25,27,26,0.1,85,10,1009,67.375,32,24,26,119,122,116,0,1,10.7,météo très défavorable
2013-07-10,25,0,11,25,25,25,7.4,92,8.625,1009,79,29,24,25,119,122,119,0,1,8.1,météo très défavorable
2013-07-11,30,0,10,25,28,26,1.8,85,9.25,1011,50,34,24,26,116,116,116,0,1,12.9,météo favorable
2013-07-12,32,0,15,26,31,28,0,73,10,1010,43.375,36,23,28,116,113,113,0,1,12.9,météo favorable
2013-07-13,32,0,19,27,32,29,0,66,10,1008,35,36,23,29,116,116,116,0,1,12.9,météo favorable
2013-07-14,32,0,17,27,32,28,3.2,75,9.625,1007,40.5,37,23,28,113,116,119,0,1,12.9,météo favorable
2013-07-15,31,0,18,27,31,27,1.1,77,9.875,1008,47.75,35,24,27,116,116,116,0,1,12.9,météo favorable
2013-07-16,28,0,15,26,28,27,2.4,76,9,1009,62.375,32,23,27,119,119,116,0,1,10.6,météo très défavorable
2013-07-17,32,0,22,27,32,28,0.1,71,10,1009,54.375,36,23,28,116,116,116,0,1,12.9,météo favorable
2013-07-18,32,0,22,27,32,28,1.5,74,10,1007,40.375,37,23,28,116,116,119,0,1,12.9,météo favorable
2013-07-19,30,0,26,27,30,27,0,73,10,1008,45.5,34,23,27,116,116,116,0,1,12.9,météo favorable
2013-07-20,29,0,22,27,29,27,0.1,77,10,1008,69,33,23,27,119,119,116,0,1,9.4,météo très défavorable
2013-07-21,31,0,19,27,31,28,0,70,10,1006,47.375,35,23,28,116,116,116,0,1,12.9,météo favorable
2013-07-22,32,0,14,27,32,28,1.5,73,9.875,1006,58.625,37,24,28,116,116,119,0,1,11.9,météo très défavorable
2013-07-23,31,0,15,27,31,26,0.3,87,9.875,1007,64.125,35,24,26,116,119,119,0,1,9.3,météo très défavorable
2013-07-24,28,0,18,26,27,26,5.3,82,9,1009,66.625,32,24,27,122,116,122,0,1,11.9,météo très défavorable
2013-07-25,31,0,15,26,31,27,0.7,78,9.875,1008,56.375,35,24,28,116,116,119,0,1,12.9,météo très défavorable
2013-07-26,32,0,17,27,32,27,0,80,10,1008,44.625,37,24,28,116,116,116,0,1,12.9,météo favorable
2013-07-27,32,0,14,27,31,27,0.7,80,9,1009,48.25,37,24,27,113,119,119,0,1,11.9,météo très défavorable
2013-07-28,30,0,15,26,30,28,0.5,78,8.375,1009,71.75,34,24,28,116,122,119,0,1,9.3,météo très défavorable
2013-07-29,28,0,17,27,27,27,1.1,82,9,1008,75.375,31,24,27,122,122,116,0,1,9.1,météo très défavorable
2013-07-30,29,0,19,26,27,26,0.7,88,10,1007,65.625,33,24,26,116,122,119,0,1,9.1,météo très défavorable
2013-07-31,30,0,19,26,30,27,1.1,78,10,1007,50,35,24,28,116,116,119,0,1,12.4,météo favorable
2013-08-01,32,0,16,27,32,28,0.1,72,10,1006,40.25,37,24,29,116,116,113,0,1,12.4,météo favorable
2013-08-02,33,0,17,27,33,28,0,81,10,1007,41.125,38,24,28,116,113,119,0,1,12.4,météo favorable
2013-08-03,30,0,20,26,30,27,1.5,79,10,1009,63.125,35,24,27,116,116,119,0,1,10.3,météo très défavorable
2013-08-04,32,0,19,26,32,27,2.1,78,10,1010,50.875,36,24,28,116,116,116,0,1,11.6,météo favorable
2013-08-05,32,0,12,27,32,28,0,67,10,1010,41,37,23,29,116,116,116,0,1,11.6,météo favorable
2013-08-06,33,0,14,27,33,29,0,68,10,1009,31.125,37,23,29,113,113,116,0,1,11.6,météo favorable
2013-08-07,33,0,16,27,33,28,1,71,9.75,1008,32.75,38,24,29,116,116,116,0,1,11.6,météo favorable
2013-08-08,31,0,13,27,31,28,5.7,77,9.625,1008,59.25,35,24,28,119,122,116,0,1,10.2,météo très défavorable
2013-08-09,32,0,16,26,32,28,0.4,78,9.875,1009,49.125,37,24,28,116,113,116,0,1,11.6,météo favorable
2013-08-10,31,0,18,27,31,28,1.8,76,10,1009,69,36,24,28,116,119,119,0,1,7.5,météo très défavorable
2013-08-11,32,0,13,26,32,27,0.2,81,9.375,1009,52.125,38,24,28,119,116,116,0,1,11.6,météo favorable
2013-08-12,32,0,11,27,32,28,0.7,73,9.875,1008,54.875,38,24,29,116,116,122,0,1,10.2,météo favorable
2013-08-13,32,0,12,27,32,28,0.7,74,10,1007,61.875,37,24,28,116,116,116,0,1,7.5,météo très défavorable
2013-08-14,31,0,21,27,31,27,10.5,80,9.125,1009,47.5,36,24,27,116,116,116,0,1,10.2,météo très défavorable
2013-08-15,31,0,19,27,31,28,0.9,76,10,1010,48.875,36,24,28,116,119,116,0,1,10.2,météo très défavorable
2013-08-16,32,0,17,27,32,28,0,71,10,1009,33.125,36,23,29,113,116,116,0,1,11.6,météo favorable
2013-08-17,32,0,16,27,31,28,0,73,10,1009,49.625,36,23,28,116,116,116,0,1,10.2,météo favorable
2013-08-18,31,0,17,27,31,28,0,73,10,1009,45.5,35,23,28,116,119,116,0,1,10.2,météo très défavorable
2013-08-19,32,0,14,27,32,28,0.1,72,10,1008,33.375,36,23,28,116,116,113,0,1,10.2,météo favorable
2013-08-20,31,0,19,27,31,28,0.5,75,10,1008,56.125,35,23,28,116,119,119,0,1,7.5,météo très défavorable
2013-08-21,31,0,21,25,31,26,2.4,84,9.125,1008,74.375,35,24,27,263,119,122,0,1,7.5,météo très défavorable
2013-08-22,27,0,13,25,27,25,7.2,90,9,1007,84.5,31,24,25,119,122,122,0,1,7.5,météo très défavorable
2013-08-23,30,0,22,26,30,27,1.3,77,9.875,1008,43.25,34,24,27,116,116,116,0,1,11.6,météo favorable
2013-08-24,29,0,19,27,29,27,0.3,79,10,1008,48.125,32,23,27,116,116,116,0,1,11.6,météo favorable
2013-08-25,31,0,20,27,31,27,0,77,10,1008,21,36,23,28,113,113,116,0,1,11.6,météo favorable
2013-08-26,32,0,13,27,32,28,0.3,73,9.875,1008,17.125,37,23,28,113,113,113,0,1,11.6,météo favorable
2013-08-27,33,0,10,27,33,28,1.7,75,10,1009,53.875,37,24,28,116,116,122,0,1,8.9,météo favorable
2013-08-28,33,0,16,27,33,27,1.7,64,10,1009,35.5,36,24,28,116,116,116,0,1,11.6,météo favorable
2013-08-29,32,0,14,27,32,28,0.1,75,10,1009,62.875,36,23,28,113,122,119,0,1,7.5,météo très défavorable
2013-08-30,32,0,13,27,32,27,0.3,82,9.875,1009,41.375,38,25,27,116,116,116,0,1,11.6,météo favorable
2013-08-31,32,0,12,27,32,28,1.8,76,9.75,1009,28.875,39,24,28,116,113,113,0,1,11.6,météo favorable
2013-09-01,32,0,12,27,32,28,0.1,72,10,1011,20.625,38,24,29,116,113,113,0,1,11.6,météo favorable
2013-09-02,33,0,14,27,33,28,0.2,72,10,1012,16.875,39,24,29,113,116,113,0,1,11.6,météo favorable
2013-09-03,33,0,13,28,33,28,0,68,10,1011,45,38,24,29,116,119,116,0,1,10.2,météo très défavorable
2013-09-04,33,0,13,28,33,28,1.2,73,9.75,1010,31.125,41,25,29,113,116,113,0,1,11.6,météo très défavorable
2013-09-05,32,0,9,27,32,27,2,79,9.875,1010,44.5,38,25,28,116,116,116,0,1,11.6,météo favorable
2013-09-06,33,0,8,26,33,28,0,73,10,1011,48.375,41,25,29,116,116,116,0,1,11.6,météo très défavorable
2013-09-07,32,0,8,27,31,27,3.2,78,9.625,1011,38.5,39,24,28,113,116,116,0,1,11.6,météo favorable
2013-09-08,30,0,8,25,30,27,0.3,75,9.875,1012,56.625,36,24,27,116,122,116,0,1,10.2,météo très défavorable
2013-09-09,32,0,9,26,32,28,0,71,10,1011,44.375,37,23,28,116,116,116,0,1,11.6,météo favorable
2013-09-10,34,0,6,27,34,28,0.1,75,10,1009,25,42,24,29,113,113,116,0,1,11.6,météo très défavorable
2013-09-11,30,0,9,26,30,27,0,81,10,1008,50.25,36,24,27,116,119,116,0,1,8.8,météo très défavorable
2013-09-12,29,0,11,25,29,26,0.4,89,10,1010,52.625,36,25,27,116,116,119,0,1,8.8,météo favorable
2013-09-13,30,0,15,26,30,26,3.1,87,10,1010,65,37,25,27,122,116,122,0,1,10.2,météo très défavorable
2013-09-14,29,0,15,26,29,26,6.5,86,9.5,1009,63.875,34,24,27,116,119,119,0,1,8.8,météo très défavorable
2013-09-15,30,0,13,27,28,26,2.2,87,10,1009,63.5,34,24,26,116,119,116,0,1,7.4,météo très défavorable
2013-09-16,29,0,12,26,29,27,1.6,81,9.875,1009,73.125,34,24,27,122,119,116,0,1,8.8,météo très défavorable
2013-09-17,31,0,11,27,31,27,0.7,76,10,1009,54.875,36,23,27,116,116,116,0,1,10.2,météo favorable
2013-09-18,29,0,12,26,29,26,1.4,88,9,1009,69.125,33,24,26,116,116,119,0,1,8.8,météo très défavorable
2013-09-19,27,0,17,25,27,25,4.5,92,9.5,1007,93.125,30,24,25,119,122,122,0,1,6,météo très défavorable
2013-09-20,25,0,14,24,24,25,2.7,94,9.875,1006,71.25,28,24,24,119,122,116,0,1,8.8,météo très défavorable
2013-09-21,30,0,22,25,30,27,1.2,85,9.75,1007,53.5,35,23,26,119,116,116,0,1,10.2,météo favorable
2013-09-22,31,0,18,26,31,26,2.1,88,10,1006,54.5,35,24,26,122,116,116,0,1,11.6,météo favorable
2013-09-23,28,0,17,25,28,26,6.1,88,9.5,1007,84.75,32,24,26,122,122,119,0,1,7.4,météo très défavorable
2013-09-24,31,0,17,26,31,28,0,81,10,1007,44.5,36,24,28,116,119,116,0,1,8.8,météo très défavorable
2013-09-25,30,0,15,27,30,27,5,78,9.625,1010,41.5,35,24,27,116,116,116,0,1,10.2,météo favorable
2013-09-26,31,0,13,27,31,27,0,78,10,1011,37.375,36,24,28,113,116,116,0,1,11.6,météo favorable
2013-09-27,31,0,12,27,31,27,0.8,82,10,1010,49.75,36,24,27,116,116,116,0,1,10.2,météo favorable
2013-09-28,29,0,12,26,29,26,2.3,92,9.75,1010,53.25,33,25,27,116,116,122,0,1,10.2,météo favorable
2013-09-29,28,0,10,25,28,26,10.9,84,9,1008,61.5,33,25,27,122,119,116,0,1,10.2,météo très défavorable
2013-09-30,27,0,16,25,26,25,2,87,9.875,1007,55.75,31,24,25,116,119,122,0,1,8.8,météo très défavorable
2013-10-01,28,0,8,25,27,25,0,86,10,1010,40.375,32,24,26,116,122,116,0,1,10.2,météo très défavorable
2013-10-02,32,0,10,26,32,26,0.7,90,9.75,1012,38.5,39,25,26,113,116,122,0,1,10.2,météo favorable
2013-10-03,28,0,9,25,28,26,0.8,89,10,1012,70.75,33,25,26,122,116,116,0,1,8.8,météo très défavorable
2013-10-04,30,0,14,25,30,27,1.5,77,9.875,1011,39,35,24,28,116,113,116,0,1,10.2,météo favorable
2013-10-05,29,0,14,25,29,27,0,71,10,1010,52.125,34,23,28,122,116,116,0,1,11.6,météo favorable
2013-10-06,30,0,15,25,28,26,11.6,84,8.375,1008,64.875,35,24,26,116,116,116,0,1,11.6,météo très défavorable
2013-10-07,29,0,20,25,29,26,0,88,8,1010,56.375,34,24,26,143,116,116,0,1,10.2,météo très défavorable
2013-10-08,29,0,12,25,29,25,0.9,91,10,1011,66.75,34,24,25,119,119,122,0,1,7.4,météo très défavorable
2013-10-09,31,0,7,25,31,27,0.2,74,9.875,1012,45.625,37,23,27,116,116,119,0,1,10.2,météo favorable
2013-10-10,33,0,5,27,33,27,0,73,10,1012,23.625,40,24,28,116,113,113,0,1,11.6,météo très défavorable
2013-10-11,32,0,6,28,32,29,0,76,10,1012,34.5,38,24,29,116,113,119,0,1,8.7,météo favorable
2013-10-12,32,0,8,27,32,28,0.1,77,10,1011,22.125,38,24,28,113,113,116,0,1,8.7,météo favorable
2013-10-13,32,0,10,27,32,28,0.1,76,10,1011,18.125,39,25,29,113,113,113,0,1,8.7,météo favorable
2013-10-14,32,0,11,27,32,28,0.3,79,10,1009,14.375,39,24,28,113,113,113,0,1,8.7,météo favorable
2013-10-15,32,0,13,27,32,28,0.9,82,9.25,1009,24.125,39,25,29,113,113,116,0,1,8.7,météo favorable
2013-10-16,26,0,8,25,25,24,6.9,93,8.375,1010,80.375,30,24,25,143,122,116,0,1,5.8,météo très défavorable
2013-10-17,30,0,14,25,30,26,0.3,86,10,1011,56.875,35,24,26,116,122,116,0,1,7.2,météo très défavorable
2013-10-18,31,0,6,26,31,27,4.4,83,9.625,1013,35.75,39,25,27,116,116,116,0,1,8.7,météo favorable
2013-10-19,29,0,17,25,29,26,0,87,10,1014,62.75,33,25,26,116,122,113,0,1,5.8,météo très défavorable
2013-10-20,31,0,11,24,31,27,1.6,83,9.875,1013,33.625,36,24,27,116,116,116,0,1,8.7,météo favorable
2013-10-21,30,0,18,25,30,26,2.3,86,10,1012,52.375,35,24,26,116,122,119,0,1,5.8,météo très défavorable
2013-10-22,31,0,12,25,31,26,0.7,81,9.875,1013,23.5,36,24,27,116,113,113,0,1,8.7,météo favorable
2013-10-23,31,0,11,24,31,27,0.8,80,9.875,1013,17.625,38,25,28,113,113,113,0,1,8.7,météo favorable
2013-10-24,31,0,10,25,31,27,0,79,10,1013,20.875,37,23,28,113,113,113,0,1,8.7,météo favorable
2013-10-25,31,0,14,24,31,27,0,74,10,1013,28.5,37,23,27,113,113,116,0,1,8.7,météo favorable
2013-10-26,30,0,15,23,30,26,0,71,10,1015,14.25,33,21,27,113,113,113,0,1,8.7,météo favorable
2013-10-27,31,0,13,24,31,26,0,74,10,1013,21.5,35,22,27,113,113,113,0,1,8.7,météo favorable
2013-10-28,31,0,12,24,31,27,0.2,76,10,1014,23.25,36,23,27,113,113,116,0,1,8.7,météo favorable
2013-10-29,32,0,7,26,32,27,0,77,10,1015,23.125,39,24,28,113,113,113,0,1,8.7,météo favorable
2013-10-30,32,0,9,26,32,26,0,73,10,1015,13.875,42,24,28,113,113,113,0,1,8.7,météo très défavorable
2013-10-31,33,0,7,26,33,28,0.7,76,9.75,1013,25.125,38,23,28,116,116,116,0,1,8.7,météo favorable
2013-11-01,32,0,11,26,32,27,0.8,80,9.875,1013,27.625,38,24,28,113,116,113,0,1,8.7,météo favorable
2013-11-02,32,0,12,25,32,27,0.1,70,10,1012,13.5,37,23,28,113,113,116,0,1,8.7,météo favorable
2013-11-03,32,0,15,24,32,26,0,56,10,1013,0.875,34,20,27,113,113,113,0,1,8.7,météo favorable
2013-11-04,31,0,18,23,31,26,0,64,10,1014,2.125,34,20,27,113,113,113,0,1,8.7,météo favorable
2013-11-05,32,0,15,23,31,27,0,71,10,1014,12.25,35,21,27,113,113,113,0,1,8.7,météo favorable
2013-11-06,32,0,13,24,32,27,0,76,10,1012,24,37,23,28,113,116,116,0,1,8.7,météo favorable
2013-11-07,31,0,20,25,31,24,3.4,84,9.875,1011,54,35,23,25,116,119,116,0,1,4.3,météo très défavorable
2013-11-08,30,0,24,23,30,27,0.3,80,10,1010,52.625,34,23,27,119,116,113,0,1,7.2,météo favorable
2013-11-09,32,0,12,25,32,27,0.7,81,9.875,1010,25.25,38,24,28,113,116,116,0,1,8.7,météo favorable
2013-11-10,31,0,9,25,31,27,0,71,10,1009,8.875,36,23,28,113,113,113,0,1,8.7,météo favorable
2013-11-11,33,0,6,27,33,28,0,73,10,1009,12,39,25,28,113,116,113,0,1,8.7,météo favorable
2013-11-12,33,0,11,27,33,28,0,78,10,1010,23.5,39,26,28,113,119,116,0,1,7.2,météo très défavorable
2013-11-13,31,0,7,27,31,27,0,82,10,1010,28.625,38,25,28,116,113,116,0,1,8.7,météo favorable
2013-11-14,31,0,10,27,31,27,5.2,83,9.5,1011,36.75,37,25,27,113,122,116,0,1,7.2,météo très défavorable
2013-11-15,31,0,29,24,31,26,0,82,10,1012,34.125,35,23,26,113,116,116,0,1,8.7,météo favorable
2013-11-16,26,0,15,23,25,24,0.1,90,10,1012,75.125,29,23,24,119,122,116,0,1,4.2,météo très défavorable
2013-11-17,30,0,13,23,28,27,0.8,77,10,1013,37.5,35,23,26,116,116,116,0,1,8.7,météo favorable
2013-11-18,30,0,15,24,30,27,0,74,10,1013,26.25,34,22,27,116,116,113,0,1,8.7,météo favorable
2013-11-19,30,0,14,24,30,27,0,69,10,1014,9.75,34,22,27,113,113,113,0,1,8.7,météo favorable
2013-11-20,30,0,11,23,30,27,0,67,10,1012,10.375,33,21,27,113,113,113,0,1,8.7,météo favorable
2013-11-21,31,0,14,24,31,27,0,68,10,1011,11.125,35,21,27,113,113,116,0,1,8.7,météo favorable
2013-11-22,31,0,15,24,31,27,0,68,10,1011,21.25,35,21,28,113,113,113,0,1,8.7,météo favorable
2013-11-23,31,0,19,24,31,28,0.5,72,9.875,1011,34,35,22,28,113,116,113,0,1,8.7,météo favorable
2013-11-24,30,0,10,25,30,26,2.2,83,9.875,1011,33.875,35,24,27,116,116,113,0,1,8.7,météo favorable
2013-11-25,31,0,6,25,31,27,0.7,80,9.875,1011,37.75,37,24,27,116,116,119,0,1,8.7,météo favorable
2013-11-26,31,0,9,26,31,26,0.7,83,9.875,1010,27.5,36,24,27,116,116,113,0,1,8.7,météo favorable
2013-11-27,32,0,9,25,32,28,0,76,10,1012,15.375,37,24,29,113,116,113,0,1,8.7,météo favorable
2013-11-28,32,0,18,25,32,28,0.1,70,10,1014,22.375,36,22,28,113,113,113,0,1,8.7,météo favorable
2013-11-29,29,0,21,23,29,26,0,66,10,1015,17.875,32,22,26,113,113,113,0,1,8.7,météo favorable
2013-11-30,29,0,15,21,29,25,0,64,10,1014,8.75,31,19,25,113,113,113,0,1,8.7,météo favorable
2013-12-01,29,0,21,22,28,25,0,63,10,1015,8.875,30,18,25,113,113,113,0,1,8.7,météo favorable
2013-12-02,27,0,18,20,27,23,0,60,10,1015,3.625,28,16,24,113,113,113,0,1,8.7,météo favorable
2013-12-03,28,0,15,19,28,24,0,60,10,1014,0.375,29,17,24,113,113,113,0,1,8.7,météo favorable
2013-12-04,29,0,15,20,29,25,0,61,10,1013,3.375,31,18,25,113,113,113,0,1,8.7,météo favorable
2013-12-05,30,0,13,21,29,25,0,64,10,1012,7.75,32,19,26,113,113,113,0,1,8.7,météo favorable
2013-12-06,29,0,17,22,29,25,0,63,10,1012,11.625,30,18,26,113,113,113,0,1,8.7,météo favorable
2013-12-07,29,0,18,21,29,25,0,57,10,1013,6.375,30,18,25,113,113,113,0,1,8.7,météo favorable
2013-12-08,29,0,14,21,29,25,0,57,10,1013,2.125,32,18,26,113,113,113,0,1,8.7,météo favorable
2013-12-09,30,0,9,21,30,25,0,60,10,1012,1.125,36,19,27,113,113,113,0,1,8.7,météo favorable
2013-12-10,30,0,15,22,30,25,0,63,10,1011,1.75,34,20,27,113,113,113,0,1,8.7,météo favorable
2013-12-11,30,0,10,22,30,25,0,64,10,1011,1.125,36,20,27,113,113,113,0,1,8.7,météo favorable
2013-12-12,31,0,13,22,31,26,0,58,10,1011,2.125,33,18,27,113,113,113,0,1,8.7,météo favorable
2013-12-13,32,0,13,23,32,27,0,66,10,1012,8.875,36,20,27,113,113,116,0,1,8.7,météo favorable
2013-12-14,32,0,11,24,32,27,0,66,10,1012,12.75,38,23,28,113,113,113,0,1,8.7,météo favorable
2013-12-15,32,0,13,25,32,27,1.3,74,9.875,1011,40.375,36,23,27,116,119,116,0,1,7.2,météo très défavorable
2013-12-16,31,0,15,26,31,27,2.3,75,9.875,1011,33,35,23,27,113,116,116,0,1,8.7,météo favorable
2013-12-17,25,0,15,21,25,22,0.7,78,10,1014,60.125,27,22,21,119,116,116,0,1,7.2,météo très défavorable
2013-12-18,26,0,13,18,25,22,0,61,10,1015,0,28,16,23,113,113,113,0,1,8.7,météo favorable
2013-12-19,27,0,17,18,26,22,0,60,10,1016,0,28,15,23,113,113,113,0,1,8.7,météo favorable
2013-12-20,27,0,13,18,26,22,0,58,10,1017,0,28,16,23,113,113,113,0,1,8.7,météo favorable
2013-12-21,26,0,14,17,26,22,0,56,10,1018,0,28,15,23,113,113,113,0,1,8.7,météo favorable
2013-12-22,27,0,12,17,26,23,0,58,10,1018,1.375,28,15,22,113,113,113,0,1,8.7,météo favorable
2013-12-23,28,0,12,19,27,24,0,62,10,1017,1.625,30,18,24,113,113,113,0,1,8.7,météo favorable
2013-12-24,28,0,14,19,28,24,0,56,10,1018,0,31,17,25,113,113,113,0,1,8.7,météo favorable
2013-12-25,28,0,13,18,27,23,0,56,10,1017,0,28,15,24,113,113,113,0,1,8.7,météo favorable
2013-12-26,28,0,14,18,27,23,0,53,10,1016,0,28,14,23,113,113,113,0,1,8.7,météo favorable
2013-12-27,27,0,18,17,26,23,0,53,10,1018,0,27,13,22,113,113,113,0,1,8.7,météo favorable
2013-12-28,26,0,14,16,25,22,0,56,10,1016,0,27,14,22,113,113,113,0,1,8.7,météo favorable
2013-12-29,27,0,13,17,26,23,0,56,10,1016,6.75,27,14,22,113,113,113,0,1,8.7,météo favorable
2013-12-30,27,0,16,18,27,24,0,56,10,1016,8.75,28,15,23,113,113,113,0,1,8.7,météo favorable
2013-12-31,29,0,16,20,28,24,0,53,10,1017,12.875,29,15,24,113,113,113,0,1,8.7,météo favorable
2014-01-01,29,0,14,18,28,23,0,49,10,1016,7.125,29,13,24,113,113,113,0,1,8.7,météo favorable
2014-01-02,30,0,9,19,29,24,0,47,10,1014,2.5,34,16,26,113,113,113,0,1,11.6,météo favorable
2014-01-03,32,0,7,21,32,26,0,47,10,1013,2.625,34,16,28,113,113,113,0,1,11.6,météo favorable
2014-01-04,32,0,5,22,32,25,0,48,10,1014,0,37,18,28,113,113,113,0,1,11.6,météo favorable
2014-01-05,31,0,13,22,31,26,0,63,10,1013,0,39,21,28,113,113,113,0,1,11.6,météo favorable
2014-01-06,32,0,8,22,32,27,0,55,10,1013,5.625,37,21,28,113,113,113,0,1,11.6,météo favorable
2014-01-07,32,0,8,23,32,27,0,67,10,1012,6.625,38,22,29,113,113,113,0,1,11.6,météo favorable
2014-01-08,33,0,4,24,33,27,0,61,10,1013,4.5,37,25,29,113,113,113,0,1,11.6,météo favorable
2014-01-09,33,0,14,23,32,28,0,48,10,1013,3,33,18,28,113,113,113,0,1,11.6,météo favorable
2014-01-10,32,0,22,23,31,27,0,52,10,1016,2.125,32,17,27,113,113,113,0,1,11.6,météo favorable
2014-01-11,31,0,19,22,30,28,0,51,10,1016,7.25,33,17,28,113,113,113,0,1,11.6,météo favorable
2014-01-12,32,0,14,22,32,28,0,50,10,1017,4.125,34,17,28,113,113,113,0,1,11.6,météo favorable
2014-01-13,30,0,19,22,30,26,0,53,10,1016,1.75,31,17,26,113,113,113,0,1,11.6,météo favorable
2014-01-14,29,0,23,19,28,25,0,51,10,1017,1.375,29,16,23,113,113,113,0,1,11.6,météo favorable
2014-01-15,28,0,21,18,27,23,0,41,10,1018,0,27,12,23,113,113,113,0,1,11.6,météo favorable
2014-01-16,28,0,13,17,27,24,0,45,10,1019,1.75,29,13,24,113,113,113,0,1,11.6,météo favorable
2014-01-17,30,0,16,19,29,25,0,42,10,1018,0.75,29,13,25,113,113,113,0,1,11.6,météo favorable
2014-01-18,28,0,23,19,27,24,0,52,10,1021,2.375,28,14,23,113,113,113,0,1,11.6,météo favorable
2014-01-19,28,0,16,17,26,24,0,51,10,1020,3.75,28,13,21,113,113,113,0,1,11.6,météo favorable
2014-01-20,28,0,14,18,27,24,0,47,10,1019,0,28,13,24,113,113,113,0,1,11.6,météo favorable
2014-01-21,28,0,28,19,27,24,0,42,10,1020,9.625,27,13,23,113,113,113,0,1,11.6,météo favorable
2014-01-22,26,0,25,16,25,22,0,42,10,1020,0,26,10,21,113,113,113,0,1,11.6,météo favorable
2014-01-23,26,0,14,16,25,22,0,42,10,1019,0,28,10,22,113,113,113,0,1,11.6,météo favorable
2014-01-24,28,0,9,17,28,22,0,44,10,1016,0,30,13,25,113,113,113,0,1,11.6,météo favorable
2014-01-25,29,0,8,17,29,24,0,48,10,1014,0,33,16,26,113,113,113,0,1,11.6,météo favorable
2014-01-26,30,0,7,19,30,25,0,50,10,1015,1.75,35,21,26,113,113,113,0,1,11.6,météo favorable
2014-01-27,31,0,10,20,31,25,0,58,10,1015,13.125,32,20,26,113,113,116,0,1,11.6,météo favorable
2014-01-28,32,0,9,21,32,26,0,57,10,1015,6.25,34,18,27,113,113,113,0,1,11.6,météo favorable
2014-01-29,32,0,6,21,32,26,0,56,10,1015,6.25,36,23,27,113,113,113,0,1,11.6,météo favorable
2014-01-30,32,0,11,22,32,26,0,50,10,1016,9.625,33,18,27,113,113,113,0,1,11.6,météo favorable
2014-01-31,32,0,14,21,32,26,0,51,10,1016,3.125,33,18,27,113,113,113,0,1,11.6,météo favorable
2014-02-01,31,0,10,21,31,25,0,62,10,1014,1.25,36,22,26,113,113,113,0,1,11.6,météo favorable
2014-02-02,30,0,14,22,30,26,0,62,10,1012,1.25,34,22,26,113,113,113,0,1,11.6,météo favorable
2014-02-03,32,0,14,22,32,27,0,64,10,1010,1,38,24,28,113,113,113,0,1,11.6,météo favorable
2014-02-04,31,0,17,23,31,27,0,68,10,1008,5.125,34,22,28,113,113,113,0,1,11.6,météo favorable
2014-02-05,31,0,19,24,31,26,0,69,10,1010,7.5,33,22,27,113,113,113,0,1,11.6,météo favorable
2014-02-06,30,0,16,24,30,27,0.7,71,9.875,1010,25.125,33,22,27,119,116,113,0,1,11.6,météo favorable
2014-02-07,31,0,18,24,31,26,0,71,10,1010,33.25,33,22,27,119,116,113,0,1,11.6,météo favorable
2014-02-08,31,0,19,24,31,26,0,67,10,1010,16.875,33,23,27,116,113,113,0,1,11.6,météo favorable
2014-02-09,32,0,14,23,31,27,0,62,10,1010,3.875,37,23,29,113,113,113,0,1,11.6,météo favorable
2014-02-10,32,0,12,23,32,27,0,61,10,1010,0.375,40,25,28,113,113,113,0,1,11.6,météo très défavorable
2014-02-11,33,0,21,23,33,27,0,64,10,1010,2.625,35,21,27,113,113,113,0,1,11.6,météo favorable
2014-02-12,30,0,19,23,30,27,0.4,71,9.875,1011,28.375,33,22,27,119,116,113,0,1,11.6,météo favorable
2014-02-13,31,0,17,24,31,27,0.4,73,9.875,1014,28.375,34,22,27,119,116,113,0,1,11.6,météo favorable
2014-02-14,31,0,15,24,31,27,0.7,67,9.75,1015,40.75,35,22,27,116,116,119,0,1,8.8,météo favorable
2014-02-15,30,0,14,25,30,27,2.2,73,9.75,1014,50.5,34,22,27,119,119,116,0,1,10.2,météo très défavorable
2014-02-16,31,0,19,25,31,27,0.6,72,9.75,1014,29.625,34,22,27,116,116,113,0,1,11.6,météo favorable
2014-02-17,31,0,21,25,31,27,1.6,72,9.75,1015,25.25,34,23,27,116,116,113,0,1,10.2,météo favorable
2014-02-18,31,0,19,25,31,27,0,72,10,1015,16.125,35,23,28,116,113,113,0,1,11.6,météo favorable
2014-02-19,32,0,18,24,32,27,0,69,10,1012,12.25,35,23,28,113,113,113,0,1,11.6,météo favorable
2014-02-20,30,0,19,24,29,26,1,60,9.75,1016,52.75,32,22,25,116,116,119,0,1,8.8,météo favorable
2014-02-21,29,0,14,22,26,26,0.7,61,10,1017,61,32,19,25,116,119,116,0,1,8.8,météo très défavorable
2014-02-22,32,0,11,24,32,28,0,60,10,1016,15.25,36,21,28,113,113,113,0,1,11.6,météo favorable
2014-02-23,32,0,13,25,32,28,0.3,72,9.875,1016,15.75,36,23,28,113,116,113,0,1,11.6,météo favorable
2014-02-24,32,0,16,25,32,27,0.3,76,10,1015,14.25,36,23,27,116,113,113,0,1,11.6,météo favorable
2014-02-25,31,0,17,25,31,27,0.3,72,9.875,1016,14.25,35,23,27,113,113,113,0,1,11.6,météo favorable
2014-02-26,31,0,19,25,31,27,0.3,77,9.875,1014,12.875,35,23,27,113,113,113,0,1,11.6,météo favorable
2014-02-27,30,0,20,25,30,27,0.2,75,9.875,1015,13.625,34,23,27,113,113,113,0,1,11.6,météo favorable
2014-02-28,31,0,19,25,31,27,0.2,71,9.875,1014,37.75,34,23,27,119,113,113,0,1,10.2,météo favorable
2014-03-01,31,0,18,25,30,27,0.2,71,10,1014,33,34,23,27,119,116,113,0,1,10.2,météo favorable
2014-03-02,32,0,19,25,32,27,0,69,10,1012,4.875,37,24,28,116,113,113,0,1,11.6,météo favorable
2014-03-03,33,0,17,24,33,28,0,64,10,1013,7.25,36,23,30,116,113,113,0,1,11.6,météo favorable
2014-03-04,33,0,19,24,33,28,0,65,10,1014,3.25,36,23,28,113,113,113,0,1,11.6,météo favorable
2014-03-05,32,0,15,24,32,28,0,71,10,1014,17,35,23,28,116,113,113,0,1,11.6,météo favorable
2014-03-06,32,0,21,26,32,28,0.1,71,10,1013,18.5,37,23,28,116,116,113,0,1,11.6,météo favorable
2014-03-07,32,0,20,25,32,28,0.1,70,10,1014,26.375,36,23,28,119,113,113,0,1,11.6,météo favorable
2014-03-08,32,0,19,25,32,28,0,70,10,1014,23.5,36,23,28,119,113,113,0,1,11.6,météo favorable
2014-03-09,33,0,19,26,33,28,0,67,10,1014,17.25,37,23,29,116,113,113,0,1,11.6,météo favorable
2014-03-10,32,0,21,26,32,28,0.9,71,9.875,1014,16.5,36,24,28,113,113,113,0,1,11.6,météo favorable
2014-03-11,32,0,20,26,32,28,0.3,69,9.875,1015,21.375,35,23,28,113,116,113,0,1,11.6,météo favorable
2014-03-12,32,0,21,26,32,28,0,72,10,1014,6.75,36,23,28,113,113,113,0,1,11.6,météo favorable
2014-03-13,33,0,15,26,32,29,0,67,10,1014,18.5,38,24,30,119,113,113,0,1,11.6,météo favorable
2014-03-14,34,0,20,26,34,29,0,70,10,1013,6.875,39,24,29,113,113,113,0,1,11.6,météo favorable
2014-03-15,34,0,14,26,34,29,0.5,69,9.875,1014,14.75,40,25,29,113,116,113,0,1,11.6,météo très défavorable
2014-03-16,35,0,11,27,35,32,0.1,58,9.875,1014,19.375,42,24,32,116,116,113,0,1,11.6,météo très défavorable
2014-03-17,34,0,19,28,34,29,0.2,70,9.875,1014,17.25,39,25,29,113,116,113,0,1,11.6,météo favorable
2014-03-18,34,0,20,27,34,29,0,70,10,1014,13.125,39,25,29,113,113,113,0,1,11.6,météo favorable
2014-03-19,33,0,21,27,33,29,0,70,10,1012,12.75,38,24,29,113,113,113,0,1,11.6,météo favorable
2014-03-20,34,0,17,28,34,30,0,62,10,1012,11.75,39,24,31,113,113,113,0,1,11.6,météo favorable
2014-03-21,35,0,17,27,35,30,0,65,9.875,1010,14.75,40,24,31,113,200,113,0,1,11.6,météo très défavorable
2014-03-22,31,0,13,28,31,29,3.3,65,10,1012,41.375,35,24,29,116,116,116,0,1,11.6,météo favorable
2014-03-23,33,0,17,26,32,30,0.2,59,10,1014,39.375,37,23,30,116,116,116,0,1,10.2,météo favorable
2014-03-24,27,0,6,27,27,27,0,71,10,1012,17.25,31,23,28,113,113,113,0,1,11.6,météo favorable
2014-03-25,34,0,14,27,34,29,0.8,64,10,1012,51.375,38,23,30,116,116,116,0,1,8.8,météo favorable
2014-03-26,32,0,13,27,32,29,1.1,65,10,1013,54.625,36,23,29,116,116,116,0,1,8.8,météo favorable
2014-03-27,34,0,20,28,34,29,0.3,68,10,1012,16.125,40,25,29,113,113,113,0,1,11.6,météo très défavorable
2014-03-28,34,0,21,28,34,30,0.6,65,9.625,1011,20.25,38,25,30,200,116,113,0,1,11.6,météo favorable
2014-03-29,34,0,19,28,34,30,0,67,10,1011,12.125,40,24,30,113,113,113,0,1,11.6,météo très défavorable
2014-03-30,34,0,19,28,34,30,0,69,10,1011,13.75,39,24,30,113,116,113,0,1,11.6,météo favorable
2014-03-31,34,0,18,28,34,30,0,64,10,1010,8.875,39,24,30,116,113,113,0,1,11.6,météo favorable
2014-04-01,35,0,21,28,35,29,0,64,10,1009,12.75,40,25,29,116,113,113,0,1,11.6,météo très défavorable
2014-04-02,34,0,16,28,33,30,0,61,10,1009,20,38,24,30,116,116,113,0,1,11.6,météo favorable
2014-04-03,34,0,21,28,34,30,0,68,10,1010,8.75,40,24,30,113,113,113,0,1,11.6,météo très défavorable
2014-04-04,34,0,10,28,34,31,2.5,60,9.75,1012,28.875,39,24,31,200,116,116,0,1,11.6,météo favorable
2014-04-05,33,0,12,28,33,29,3.5,69,9.375,1013,32.75,39,24,29,113,200,116,0,1,10.2,météo très défavorable
2014-04-06,34,0,14,27,34,30,0,63,10,1014,12.125,38,23,30,113,113,113,0,1,11.6,météo favorable
2014-04-07,34,0,17,28,34,30,0,62,10,1013,8.625,39,24,31,113,113,113,0,1,11.6,météo favorable
2014-04-08,34,0,16,28,34,30,0.9,62,10,1012,9.5,39,24,31,116,113,113,0,1,11.6,météo favorable
2014-04-09,34,0,15,28,34,30,0.2,62,10,1012,10.25,40,24,31,116,113,113,0,1,11.6,météo très défavorable
2014-04-10,34,0,18,28,34,30,0,57,10,1012,7.125,39,24,31,113,113,113,0,1,11.6,météo favorable
2014-04-11,34,0,17,28,34,30,0,63,10,1012,9.875,40,24,31,113,113,113,0,1,11.6,météo très défavorable
2014-04-12,34,0,15,28,34,30,0.9,65,10,1011,26.625,39,23,30,113,116,113,0,1,11.6,météo favorable
2014-04-13,34,0,14,29,34,30,0,63,9.875,1011,24.25,41,24,31,113,116,200,0,1,11.6,météo très défavorable
2014-04-14,34,0,13,28,34,29,3.1,70,9.625,1012,25.75,41,24,30,113,116,116,0,1,11.6,météo très défavorable
2014-04-15,34,0,13,28,34,30,0.6,62,9.875,1012,34.25,40,23,31,116,113,113,0,1,11.6,météo très défavorable
2014-04-16,34,0,17,28,34,30,0,66,10,1011,14.75,39,23,30,113,116,113,0,1,11.6,météo favorable
2014-04-17,34,0,15,28,34,30,0,61,10,1010,23.875,39,24,31,116,113,113,0,1,11.6,météo favorable
2014-04-18,34,0,14,28,34,30,0.1,67,10,1011,17.625,39,24,31,113,116,113,0,1,11.6,météo favorable
2014-04-19,34,0,16,29,34,30,0,63,10,1011,20.375,40,24,31,116,113,113,0,1,11.6,météo très défavorable
2014-04-20,34,0,19,29,34,30,0.2,59,9.875,1010,19.5,39,24,30,116,113,113,0,1,12.3,météo favorable
2014-04-21,34,0,18,28,34,30,0,63,10,1010,5.5,40,24,31,113,113,113,0,1,12.7,météo très défavorable
2014-04-22,35,0,18,28,35,30,0,62,10,1011,14.375,41,25,31,116,113,113,0,1,12.7,météo très défavorable
2014-04-23,35,0,20,29,35,31,0.6,59,9.75,1011,16.375,42,25,31,113,200,113,0,1,12.7,météo très défavorable
2014-04-24,35,0,22,29,35,31,0.2,65,9.875,1009,22.25,42,25,31,113,200,113,0,1,12.7,météo très défavorable
2014-04-25,35,0,19,29,35,30,0,60,10,1010,10.75,41,25,31,113,113,113,0,1,12.7,météo très défavorable
2014-04-26,35,0,18,28,35,30,0,61,10,1010,5.75,40,24,31,113,113,113,0,1,12.7,météo très défavorable
2014-04-27,35,0,17,29,34,31,1.1,56,9.875,1011,16.625,40,25,31,113,116,113,0,1,12.8,météo très défavorable
2014-04-28,35,0,19,29,35,30,0.4,62,9.875,1011,26.25,40,24,30,116,116,116,0,1,12.8,météo très défavorable
2014-04-29,34,0,13,29,34,30,0,63,10,1011,30.75,39,23,31,113,116,116,0,1,12.8,météo favorable
2014-04-30,34,0,15,29,34,31,0.1,63,10,1011,22.375,39,24,31,116,113,113,0,1,12.8,météo favorable
2014-05-01,35,0,19,29,35,30,0.3,65,9.875,1010,23.375,40,24,31,113,116,113,0,1,12.8,météo très défavorable
2014-05-02,34,0,14,29,34,31,0.1,63,10,1011,12.25,41,25,32,113,116,113,0,1,12.8,météo très défavorable
2014-05-03,35,0,16,29,35,30,0.9,63,9.875,1011,18.25,40,24,31,113,116,113,0,1,12.8,météo très défavorable
2014-05-04,35,0,13,28,35,31,0,61,10,1010,21.25,42,24,31,113,116,113,0,1,12.8,météo très défavorable
2014-05-05,36,0,15,30,36,30,1.2,67,9.875,1010,20.875,43,24,31,113,116,200,0,1,12.8,météo très défavorable
2014-05-06,35,0,9,30,35,31,2.1,68,9.5,1011,29.375,43,25,31,113,113,200,0,1,12.8,météo très défavorable
2014-05-07,33,0,8,28,33,29,0,68,10,1012,38.25,40,24,30,116,119,116,0,1,12.8,météo très défavorable
2014-05-08,35,0,19,29,35,30,0,64,10,1011,20.25,40,23,31,113,113,113,0,1,12.8,météo très défavorable
2014-05-09,34,0,20,29,34,30,0,63,10,1010,8.75,40,25,30,113,113,113,0,1,12.8,météo très défavorable
2014-05-10,35,0,17,29,35,31,2.3,63,9.875,1009,24.75,42,25,31,113,116,113,0,1,12.8,météo très défavorable
2014-05-11,35,0,17,30,35,31,0,53,10,1010,21.5,39,24,31,116,113,113,0,1,12.8,météo favorable
2014-05-12,36,0,19,29,36,31,0.1,65,10,1010,28.625,42,25,31,113,116,116,0,1,12.8,météo très défavorable
2014-05-13,35,0,15,29,35,31,4.4,62,9.625,1009,30.5,42,25,31,116,116,116,0,1,12.8,météo très défavorable
2014-05-14,35,0,14,29,35,30,0,60,10,1008,15.125,40,24,31,113,113,113,0,1,12.8,météo très défavorable
2014-05-15,36,0,14,30,36,31,0.2,56,9.875,1007,20.625,41,25,32,113,113,113,0,1,12.9,météo très défavorable
2014-05-16,35,0,14,30,35,31,6.9,60,9.625,1007,19.75,42,25,31,113,113,113,0,1,12.9,météo très défavorable
2014-05-17,35,0,13,29,35,31,0.8,64,9.875,1008,18.875,41,25,31,113,113,116,0,1,12.9,météo très défavorable
2014-05-18,34,0,13,29,33,29,3,74,9.5,1010,33.25,41,25,29,113,200,116,0,1,12.9,météo très défavorable
2014-05-19,34,0,13,28,34,30,0.2,66,9.875,1010,29.375,40,25,30,116,116,113,0,1,12.9,météo très défavorable
2014-05-20,34,0,17,29,34,30,0.3,59,9.875,1010,22.5,39,24,31,113,113,116,0,1,12.9,météo favorable
2014-05-21,35,0,14,29,34,30,1.6,63,9.875,1008,23,40,24,30,113,113,113,0,1,12.9,météo très défavorable
2014-05-22,34,0,22,29,34,30,0,68,10,1008,12.25,39,24,30,113,113,113,0,1,12.9,météo favorable
2014-05-23,34,0,21,29,34,30,1.7,72,9.875,1009,17,39,25,30,113,113,113,0,1,12.9,météo favorable
2014-05-24,35,0,10,29,35,30,0.2,63,9.875,1010,19.875,41,25,31,113,116,116,0,1,12.9,météo très défavorable
2014-05-25,35,0,8,29,35,31,0,62,9.75,1010,30.5,42,25,32,200,113,113,0,1,12.9,météo très défavorable
2014-05-26,36,0,12,30,36,30,0.6,76,9.625,1010,36.75,44,25,30,113,116,200,0,1,12.9,météo très défavorable
2014-05-27,34,0,16,30,33,30,0,65,9.875,1010,38,41,25,30,200,116,116,0,1,12.9,météo très défavorable
2014-05-28,34,0,15,29,34,30,0.3,70,9.875,1010,27.75,41,24,30,116,113,116,0,1,12.9,météo très défavorable
2014-05-29,34,0,12,29,34,30,0.9,66,10,1009,29.5,42,25,31,113,116,113,0,1,12.9,météo très défavorable
2014-05-30,36,0,14,29,36,31,0.7,66,9.875,1007,21.625,43,25,31,116,116,113,0,1,12.9,météo très défavorable
2014-05-31,34,0,18,29,34,30,0.9,66,9.875,1007,25.625,41,25,30,113,116,116,0,1,12.9,météo très défavorable
2014-06-01,34,0,17,29,34,30,0.5,68,10,1008,13.25,42,25,30,113,113,113,0,1,12.9,météo très défavorable
2014-06-02,35,0,15,29,35,31,1.3,64,9.875,1008,19.125,43,25,31,113,113,113,0,1,12.9,météo très défavorable
2014-06-03,35,0,12,30,35,31,0.2,64,9.875,1006,24.75,43,25,31,113,116,116,0,1,12.9,météo très défavorable
2014-06-04,35,0,18,29,35,30,0,67,9.875,1006,31.375,41,25,30,113,116,116,0,1,12.9,météo très défavorable
2014-06-05,31,0,20,29,30,28,5.5,78,9.625,1005,45,36,25,28,116,116,119,0,1,12.9,météo favorable
2014-06-06,32,0,19,28,32,29,4.2,75,9.625,1006,47.125,38,25,29,116,116,116,0,1,12.9,météo favorable
2014-06-07,33,0,24,28,33,29,1.7,71,9.75,1006,29.875,39,25,29,113,116,113,0,1,12.9,météo favorable
2014-06-08,33,0,21,29,33,30,1.2,68,10,1006,30.75,39,24,30,116,113,113,0,1,12.9,météo favorable
2014-06-09,33,0,17,29,33,29,6.4,78,9.625,1006,56,39,25,29,119,116,119,0,1,10.7,météo très défavorable
2014-06-10,33,0,17,29,33,30,0.1,66,10,1006,44.625,38,24,30,116,122,116,0,1,11.9,météo très défavorable
2014-06-11,33,0,17,30,33,30,0.4,71,9.875,1005,57.625,40,24,30,116,116,119,0,1,11.9,météo très défavorable
2014-06-12,29,0,17,28,29,27,5.7,88,9.25,1004,51.375,34,25,27,116,122,116,0,1,11.9,météo très défavorable
2014-06-13,30,0,21,27,28,27,16.9,89,8.375,1005,78.75,36,25,27,119,122,116,0,1,8.1,météo très défavorable
2014-06-14,30,0,26,28,30,28,0.5,78,9.875,1007,57.375,36,25,28,116,116,119,0,1,11.9,météo très défavorable
2014-06-15,32,0,20,27,32,29,5.5,77,10,1008,45.125,38,25,29,119,113,116,0,1,13,météo favorable
2014-06-16,29,0,22,27,28,27,21.3,89,8.25,1006,83.25,35,25,27,122,122,122,0,1,8.1,météo très défavorable
2014-06-17,32,0,20,27,32,27,14.7,84,9.125,1008,69.375,37,25,27,116,200,122,0,1,11.9,météo très défavorable
2014-06-18,31,0,19,27,31,28,2.7,82,9.875,1008,45.75,37,24,28,116,119,116,0,1,13,météo très défavorable
2014-06-19,32,0,15,27,32,29,5.4,73,9.625,1009,27.75,38,25,29,113,116,113,0,1,13,météo favorable
2014-06-20,32,0,13,28,32,29,2.9,77,9.5,1009,23.625,38,24,29,113,116,113,0,1,13,météo favorable
2014-06-21,31,0,15,28,31,28,1.7,76,9.875,1010,42.375,36,24,29,116,119,116,0,1,13,météo très défavorable
2014-06-22,32,0,15,28,32,28,1.7,79,10,1010,41.125,38,24,28,113,116,119,0,1,13,météo favorable
2014-06-23,31,0,14,27,31,28,3,80,9.875,1008,56.25,36,24,28,116,116,122,0,1,10.7,météo très défavorable
2014-06-24,29,0,17,27,29,28,6.4,82,9.5,1007,65.125,34,25,28,122,116,119,0,1,9.4,météo très défavorable
2014-06-25,29,0,17,27,27,27,7.5,85,9.375,1010,66.125,34,25,27,119,122,116,0,1,8.1,météo très défavorable
2014-06-26,32,0,18,27,32,27,0.3,83,9,1011,52.5,37,24,27,116,116,122,0,1,11.9,météo favorable
2014-06-27,32,0,13,27,32,29,1.1,68,10,1011,54.75,38,25,29,119,116,113,0,1,13,météo favorable
2014-06-28,33,0,15,28,33,28,0,75,10,1009,27.25,39,24,29,113,113,113,0,1,13,météo favorable
2014-06-29,33,0,15,28,33,29,0,68,10,1007,28.75,38,24,29,113,113,116,0,1,13,météo favorable
2014-06-30,32,0,15,28,32,28,0.8,77,10,1008,43.5,36,24,28,116,116,116,0,1,13,météo favorable
2014-07-01,32,0,14,28,32,29,0.6,75,9.875,1010,25.625,38,24,29,113,113,113,0,1,13,météo favorable
2014-07-02,33,0,14,28,33,28,0,75,10,1009,33.625,39,24,29,116,116,113,0,1,13,météo favorable
2014-07-03,32,0,14,28,32,29,4.1,72,9.625,1008,27.875,39,25,29,116,116,113,0,1,12.9,météo favorable
2014-07-04,33,0,16,28,33,29,0,70,10,1006,21,39,24,29,113,113,116,0,1,12.9,météo favorable
2014-07-05,33,0,19,28,33,29,0.2,71,9.875,1006,27.25,39,25,29,113,116,113,0,1,12.9,météo favorable
2014-07-06,33,0,17,28,33,29,0,70,10,1008,24.75,39,24,29,113,113,116,0,1,12.9,météo favorable
2014-07-07,32,0,17,28,32,29,0.2,73,9.875,1007,26.75,37,24,29,116,113,116,0,1,12.9,météo favorable
2014-07-08,30,0,22,28,28,27,6.1,81,9.625,1005,60.25,34,24,27,116,119,122,0,1,10.7,météo très défavorable
2014-07-09,27,0,22,26,27,26,0.1,89,10,1007,75.375,32,24,26,119,119,122,0,1,8.1,météo très défavorable
2014-07-10,30,0,22,26,30,28,0,80,10,1008,63.25,34,24,27,116,119,116,0,1,11.9,météo très défavorable
2014-07-11,31,0,18,26,31,28,3.3,75,10,1008,51.25,37,24,29,116,116,119,0,1,12.9,météo favorable
2014-07-12,31,0,18,27,31,28,3.3,78,9.75,1007,49.125,37,25,28,119,116,116,0,1,10.6,météo favorable
2014-07-13,31,0,14,27,31,27,7.6,88,9.625,1007,68.5,38,25,27,116,122,122,0,1,10.6,météo très défavorable
2014-07-14,28,0,16,26,28,26,3.3,87,9.625,1008,78.625,33,24,26,119,122,116,0,1,8.1,météo très défavorable
2014-07-15,31,0,17,26,31,28,5.6,80,9.625,1010,51.875,36,24,28,116,119,116,0,1,11.9,météo très défavorable
2014-07-16,31,0,13,26,31,27,0.9,78,9.875,1010,75.125,36,24,28,122,119,116,0,1,10.6,météo très défavorable
2014-07-17,32,0,18,27,32,28,2.2,74,9.875,1008,43.75,37,24,28,116,116,116,0,1,12.9,météo favorable
2014-07-18,31,0,22,27,31,27,6.7,79,9.5,1008,51.5,35,24,27,116,116,116,0,1,12.9,météo favorable
2014-07-19,27,0,24,26,26,26,1.2,89,10,1010,80.375,31,24,26,116,119,122,0,1,9.4,météo très défavorable
2014-07-20,30,0,15,26,30,27,3.8,80,10,1010,61.25,34,24,28,116,119,116,0,1,11.9,météo très défavorable
2014-07-21,31,0,13,27,31,27,0.3,81,9.875,1009,58.125,37,24,28,119,122,116,0,1,9.3,météo très défavorable
2014-07-22,31,0,15,27,31,27,0.2,82,9.875,1008,73.375,35,24,27,122,116,119,0,1,9.3,météo très défavorable
2014-07-23,31,0,19,26,31,28,0.5,77,9.875,1008,59.75,35,23,28,116,116,119,0,1,11.9,météo très défavorable
2014-07-24,31,0,22,27,31,28,0.1,74,10,1008,48.375,35,23,28,116,116,116,0,1,12.9,météo favorable
2014-07-25,30,0,16,27,30,27,1.2,81,10,1009,61.375,35,24,27,119,122,116,0,1,10.6,météo très défavorable
2014-07-26,32,0,17,27,32,27,0.7,79,10,1009,36.25,37,24,27,116,116,113,0,1,12.9,météo favorable
2014-07-27,31,0,17,27,31,28,0.1,72,10,1011,61.75,35,23,28,116,119,119,0,1,10.6,météo très défavorable
2014-07-28,28,0,15,27,27,25,0.5,90,9,1010,78.75,31,24,26,119,119,116,0,1,9.3,météo très défavorable
2014-07-29,31,0,10,26,30,28,0.9,78,9.875,1008,58.125,38,25,28,116,122,116,0,1,12.5,météo très défavorable
2014-07-30,32,0,13,27,32,28,0.1,79,10,1008,35.25,38,24,28,116,116,116,0,1,12.4,météo favorable
2014-07-31,32,0,14,27,32,27,4.5,84,9.75,1008,71.5,38,24,27,116,119,119,0,1,10.5,météo très défavorable
2014-08-01,29,0,14,26,29,27,2.3,79,9.875,1008,66.75,33,24,28,119,116,119,0,1,10.5,météo très défavorable
2014-08-02,29,0,18,26,29,26,1.2,88,9.875,1008,80.875,33,24,26,119,122,122,0,1,9.1,météo très défavorable
2014-08-03,30,0,18,26,30,28,0.8,77,10,1008,64.875,35,24,28,116,116,122,0,1,10.3,météo très défavorable
2014-08-04,29,0,14,27,29,26,6.7,86,9.5,1008,79.875,34,25,27,122,116,122,0,1,6.2,météo très défavorable
2014-08-05,28,0,10,26,28,25,2.1,91,9.875,1008,81.25,33,24,26,119,122,122,0,1,7.6,météo très défavorable
2014-08-06,29,0,23,26,29,26,3.6,92,9.75,1008,70.25,34,24,26,116,116,119,0,1,8.9,météo très défavorable
2014-08-07,29,0,22,26,29,26,7.5,88,9.5,1009,57.875,33,24,26,116,119,122,0,1,7.6,météo très défavorable
2014-08-08,31,0,15,26,31,27,3.2,81,9.625,1010,65.75,36,24,27,122,116,119,0,1,8.9,météo très défavorable
2014-08-09,31,0,16,26,31,27,0.7,77,9.75,1011,50.25,35,23,27,116,119,116,0,1,10.2,météo très défavorable
2014-08-10,30,0,14,27,30,27,0,75,10,1012,32.75,35,23,27,113,116,116,0,1,11.6,météo favorable
2014-08-11,32,0,13,27,32,27,1.5,77,9.75,1010,28,36,24,28,113,113,116,0,1,11.6,météo favorable
2014-08-12,32,0,14,27,32,27,0,82,10,1009,30.25,36,24,27,113,116,116,0,1,11.6,météo favorable
2014-08-13,32,0,14,27,32,28,0,75,10,1009,23,37,24,28,113,113,116,0,1,11.6,météo favorable
2014-08-14,32,0,11,27,32,28,1,75,9.875,1010,20.625,38,25,28,113,113,113,0,1,11.6,météo favorable
2014-08-15,32,0,13,26,32,28,2,78,9.875,1011,23.5,38,25,28,116,116,113,0,1,11.6,météo favorable
2014-08-16,33,0,9,27,33,28,1,71,9.875,1011,24.375,39,25,29,116,116,113,0,1,11.6,météo favorable
2014-08-17,32,0,15,27,32,28,1.3,75,9.875,1010,18.5,38,25,28,113,113,113,0,1,11.6,météo favorable
2014-08-18,33,0,14,27,33,28,0.7,75,9.875,1011,29,40,25,28,116,113,116,0,1,11.6,météo très défavorable
2014-08-19,33,0,13,27,33,28,1.6,75,9.625,1011,22.5,39,25,28,113,176,113,0,1,11.6,météo favorable
2014-08-20,31,0,11,27,31,28,1.5,77,9.875,1010,36.375,37,25,28,113,116,116,0,1,10.2,météo favorable
2014-08-21,31,0,12,26,31,27,0,78,10,1010,41.5,37,24,28,116,119,113,0,1,10.2,météo très défavorable
2014-08-22,32,0,10,27,32,28,0.1,80,10,1011,25.5,39,25,29,116,116,113,0,1,11.6,météo favorable
2014-08-23,32,0,12,27,32,28,0.7,74,9.875,1011,35.125,39,25,28,116,116,116,0,1,11.6,météo favorable
2014-08-24,33,0,13,28,33,28,0,77,10,1010,23.875,40,25,29,116,116,113,0,1,11.6,météo très défavorable
2014-08-25,33,0,10,27,33,28,0.1,77,10,1009,39.125,40,24,29,113,119,116,0,1,10.2,météo très défavorable
2014-08-26,32,0,10,27,32,27,3,85,9.75,1009,42.125,40,25,27,113,116,122,0,1,10.2,météo très défavorable
2014-08-27,32,0,10,26,32,28,0.4,73,9.875,1008,44.375,39,24,28,116,116,116,0,1,11.6,météo favorable
2014-08-28,30,0,16,26,30,28,0.8,71,9.875,1009,51.625,34,24,28,116,119,116,0,1,10.2,météo très défavorable
2014-08-29,31,0,12,27,31,28,0.9,80,10,1010,64.625,35,24,28,122,116,116,0,1,8.9,météo très défavorable
2014-08-30,28,0,15,26,28,26,0,78,10,1011,58.875,30,23,26,116,119,116,0,1,10.2,météo très défavorable
2014-08-31,29,0,14,25,28,25,1.1,85,9.375,1010,55.75,32,23,26,116,119,116,0,1,10.2,météo très défavorable
2014-09-01,30,0,14,25,30,26,2.6,86,9.75,1009,66.875,34,24,26,116,119,119,0,1,6.1,météo très défavorable
2014-09-02,29,0,12,26,29,26,5,81,9.625,1010,85.875,33,23,27,119,122,122,0,1,6.1,météo très défavorable
2014-09-03,29,0,11,26,29,27,0.9,85,10,1011,51.625,35,24,27,116,116,116,0,1,10.2,météo favorable
2014-09-04,32,0,12,27,32,28,1.1,73,9.75,1010,32.125,37,24,28,113,116,116,0,1,11.6,météo favorable
2014-09-05,31,0,15,26,31,27,0.6,73,10,1009,51.625,35,23,28,113,116,122,0,1,10.2,météo favorable
2014-09-06,31,0,20,26,31,26,6.7,81,9.625,1009,66.125,36,23,26,116,116,116,0,1,8.9,météo très défavorable
2014-09-07,27,0,11,25,27,25,1.6,88,10,1011,75.375,31,23,25,119,119,119,0,1,6.1,météo très défavorable
2014-09-08,31,0,15,25,31,27,2.9,78,9.625,1010,31.75,36,23,27,113,116,116,0,1,11.6,météo favorable
2014-09-09,31,0,12,26,31,27,0,75,10,1009,43.25,37,23,28,116,113,119,0,1,10.2,météo favorable
2014-09-10,31,0,15,27,31,27,1.3,77,9.75,1009,45.75,37,24,27,116,116,116,0,1,11.6,météo favorable
2014-09-11,30,0,13,26,30,27,0.1,80,10,1010,59.25,34,24,27,119,116,116,0,1,8.8,météo très défavorable
2014-09-12,32,0,12,27,32,28,1.3,68,9.875,1010,47.625,36,24,28,116,116,116,0,1,11.6,météo favorable
2014-09-13,31,0,12,27,31,28,0.8,77,9.875,1009,65.375,37,24,28,119,116,119,0,1,8.8,météo très défavorable
2014-09-14,32,0,12,27,32,28,0.8,74,9.875,1009,45.875,37,24,28,116,116,116,0,1,11.6,météo favorable
2014-09-15,31,0,14,26,30,27,12.6,76,9.125,1007,48.375,36,24,27,119,116,116,0,1,11.6,météo très défavorable
2014-09-16,30,0,18,26,30,28,0.3,79,9.875,1005,41.5,35,24,28,119,116,116,0,1,11.6,météo favorable
2014-09-17,29,0,23,27,29,26,0.2,87,10,1009,64.75,33,24,26,119,116,119,0,1,6.1,météo très défavorable
2014-09-18,31,0,15,26,31,27,0.7,78,10,1012,47,35,24,27,116,116,116,0,1,10.2,météo favorable
2014-09-19,32,0,9,27,32,28,0.4,74,10,1012,18.875,39,25,29,113,116,113,0,1,11.6,météo favorable
2014-09-20,33,0,10,27,33,28,0,70,10,1010,16.125,39,25,29,113,113,113,0,1,11.6,météo favorable
2014-09-21,33,0,12,27,33,28,0,74,10,1011,17.625,40,25,28,113,113,113,0,1,11.6,météo très défavorable
2014-09-22,32,0,9,27,32,28,2.6,75,9.75,1011,29.5,38,25,28,116,116,116,0,1,11.6,météo favorable
2014-09-23,33,0,12,27,33,28,0,71,10,1010,28.25,39,25,28,113,116,113,0,1,11.6,météo favorable
2014-09-24,31,0,8,27,30,28,1.4,74,9.875,1011,73.125,36,24,28,122,116,116,0,1,10.2,météo très défavorable
2014-09-25,32,0,12,27,32,28,0.4,74,9.875,1012,27.875,40,25,29,113,113,113,0,1,11.6,météo très défavorable
2014-09-26,32,0,13,27,32,28,0,75,10,1012,22.75,38,24,28,113,116,113,0,1,11.6,météo favorable
2014-09-27,32,0,13,27,32,28,0,75,10,1012,27.5,39,24,29,116,116,113,0,1,11.6,météo favorable
2014-09-28,33,0,8,27,33,29,0,74,10,1012,26,41,25,29,116,116,116,0,1,11.6,météo très défavorable
2014-09-29,33,0,10,27,33,28,1.4,82,9.875,1011,25.5,40,25,28,113,116,113,0,1,11.6,météo très défavorable
2014-09-30,32,0,11,27,32,26,0,82,10,1012,41.5,39,24,27,116,116,119,0,1,10.2,météo favorable
2014-10-01,33,0,5,26,33,28,0,78,10,1012,53.875,40,24,29,119,116,116,0,1,11.6,météo très défavorable
2014-10-02,33,0,5,27,33,28,0,80,10,1011,44.5,41,25,29,116,116,116,0,1,11.6,météo très défavorable
2014-10-03,33,0,8,27,33,27,8,81,9,1010,21.125,41,25,28,113,116,113,0,1,11.6,météo très défavorable
2014-10-04,33,0,9,27,33,27,2.3,86,9.75,1010,24.25,41,25,27,113,116,113,0,1,11.6,météo très défavorable
2014-10-05,32,0,10,27,32,26,2.6,87,9.625,1010,25.75,38,25,27,113,116,116,0,1,11.6,météo favorable
2014-10-06,29,0,17,25,29,26,0,89,10,1011,58.5,34,24,26,116,116,116,0,1,10.2,météo très défavorable
2014-10-07,26,0,16,24,26,26,0,85,10,1011,77.5,30,24,26,122,119,116,0,1,6,météo très défavorable
2014-10-08,26,0,15,24,26,25,0,90,10,1012,77.375,29,24,25,122,119,119,0,1,6,météo très défavorable
2014-10-09,31,0,8,25,31,27,0.2,80,9.875,1013,55.375,38,24,27,119,113,122,0,1,8.8,météo très défavorable
2014-10-10,32,0,12,27,32,28,0.3,75,9.875,1011,25.75,38,24,28,116,113,113,0,1,11.6,météo favorable
2014-10-11,30,0,12,26,29,27,0.3,77,9.875,1010,47.125,35,24,28,116,116,119,0,1,7.2,météo favorable
2014-10-12,32,0,12,26,32,28,0.4,63,9.875,1013,31,37,23,29,113,119,113,0,1,7.2,météo très défavorable
2014-10-13,32,0,16,25,32,28,0,72,10,1013,19.5,37,22,28,116,113,113,0,1,8.7,météo favorable
2014-10-14,32,0,23,25,31,28,0,66,10,1015,24.625,35,22,28,116,116,113,0,1,8.7,météo favorable
2014-10-15,32,0,18,24,31,27,0,65,10,1015,18.25,35,21,28,113,113,116,0,1,8.7,météo favorable
2014-10-16,32,0,11,25,32,28,0,66,10,1013,15.375,37,22,29,113,116,113,0,1,8.7,météo favorable
2014-10-17,33,0,10,25,33,28,1.7,71,9.875,1012,17.25,39,23,28,113,116,116,0,1,8.7,météo favorable
2014-10-18,32,0,9,25,32,28,0,66,10,1012,17.75,38,23,28,113,113,116,0,1,8.7,météo favorable
2014-10-19,29,0,19,25,29,26,4,85,10,1012,54.125,33,25,26,116,119,119,0,1,7.2,météo très défavorable
2014-10-20,30,0,13,25,30,26,0.6,83,10,1013,53.375,36,24,27,116,119,116,0,1,5.8,météo très défavorable
2014-10-21,32,0,8,26,32,28,0,77,10,1015,31.875,38,24,28,113,113,113,0,1,8.7,météo favorable
2014-10-22,32,0,9,26,32,28,0.3,83,9.875,1013,17.875,39,26,29,113,113,113,0,1,8.7,météo favorable
2014-10-23,31,0,8,26,31,27,0,84,10,1013,25.75,37,25,28,113,113,113,0,1,8.7,météo favorable
2014-10-24,30,0,8,26,30,27,0,83,10,1012,44.125,37,24,27,113,116,119,0,1,8.7,météo favorable
2014-10-25,30,0,13,25,30,27,0,86,10,1013,55.875,35,24,27,116,119,116,0,1,7.2,météo très défavorable
2014-10-26,31,0,6,26,31,27,0,81,10,1014,42.625,37,24,27,116,119,116,0,1,7.2,météo très défavorable
2014-10-27,31,0,5,26,31,27,0.4,81,9.875,1013,33.75,40,25,28,116,113,113,0,1,8.7,météo très défavorable
2014-10-28,32,0,12,26,32,26,6.5,87,9.625,1011,53.875,40,24,27,116,113,122,0,1,8.7,météo très défavorable
2014-10-29,31,0,8,26,31,27,0.1,80,10,1012,47.25,38,24,27,119,119,116,0,1,7.2,météo très défavorable
2014-10-30,33,0,6,26,33,28,0.6,73,9.875,1012,22.75,40,24,29,116,116,113,0,1,8.7,météo très défavorable
2014-10-31,32,0,12,27,32,27,1.8,81,9.875,1011,25.25,38,24,28,113,113,119,0,1,8.7,météo favorable
2014-11-01,31,0,13,26,31,27,1.9,84,9.875,1010,28.25,37,25,28,116,116,113,0,1,8.7,météo favorable
2014-11-02,33,0,8,27,33,28,2.1,79,9.875,1011,19.125,40,25,28,113,116,116,0,1,8.7,météo très défavorable
2014-11-03,31,0,14,26,31,27,0.2,84,10,1013,40.375,37,25,27,116,113,116,0,1,8.7,météo favorable
2014-11-04,31,0,7,25,31,27,1.3,81,9.875,1014,52.25,37,23,27,116,116,116,0,1,8.7,météo favorable
2014-11-05,28,0,6,26,28,26,0.4,83,9,1014,59.375,32,24,27,122,119,113,0,1,5.7,météo très défavorable
2014-11-06,32,0,9,27,32,28,0.2,75,9.875,1014,31,38,24,28,116,116,116,0,1,8.7,météo favorable
2014-11-07,33,0,8,28,33,28,2.5,79,9.625,1013,24.75,40,25,29,116,113,113,0,1,8.7,météo très défavorable
2014-11-08,33,0,17,26,33,28,0,71,10,1012,13.625,39,23,29,113,113,116,0,1,8.7,météo favorable
2014-11-09,33,0,15,26,33,28,0,70,10,1013,27.875,39,23,29,113,116,116,0,1,8.7,météo favorable
2014-11-10,33,0,13,25,33,28,0.4,73,9.875,1012,21.75,38,23,28,113,116,116,0,1,8.7,météo favorable
2014-11-11,33,0,7,27,33,28,0.6,76,9.875,1012,31.5,39,24,28,116,116,116,0,1,8.7,météo favorable
2014-11-12,32,0,8,27,32,28,0.5,71,9.875,1012,17.125,39,25,29,113,116,116,0,1,8.7,météo favorable
2014-11-13,32,0,12,25,32,28,0,69,10,1013,17.125,38,23,28,113,113,113,0,1,8.7,météo favorable
2014-11-14,31,0,15,24,31,28,0.1,69,10,1014,31.25,35,22,28,113,116,113,0,1,8.7,météo favorable
2014-11-15,32,0,14,24,32,28,0,66,10,1014,11.625,37,22,29,113,113,113,0,1,8.7,météo favorable
2014-11-16,32,0,16,24,32,27,0.7,76,9.625,1013,24.625,36,23,28,113,116,116,0,1,8.7,météo favorable
2014-11-17,32,0,13,24,32,28,0,66,10,1014,9.125,36,23,28,113,113,116,0,1,8.7,météo favorable
2014-11-18,31,0,20,23,31,27,0,63,10,1014,3.875,33,20,28,113,113,113,0,1,8.7,météo favorable
2014-11-19,30,0,16,22,30,26,0,65,10,1015,4.625,32,20,26,113,113,113,0,1,8.7,météo favorable
2014-11-20,31,0,13,22,30,25,0,67,10,1014,3.375,34,20,27,113,113,113,0,1,8.7,météo favorable
2014-11-21,31,0,10,23,31,26,0,70,10,1012,11.875,35,22,28,113,113,113,0,1,8.7,météo favorable
2014-11-22,32,0,10,24,32,27,0,70,10,1013,10.75,38,22,28,113,113,113,0,1,8.7,météo favorable
2014-11-23,33,0,11,25,32,28,0,60,10,1012,23.375,36,21,29,113,113,116,0,1,8.7,météo favorable
2014-11-24,33,0,9,25,33,28,0,60,10,1012,14.75,37,21,29,113,113,113,0,1,8.7,météo favorable
2014-11-25,33,0,10,26,33,28,0,63,10,1011,20.625,37,21,29,113,116,113,0,1,8.7,météo favorable
2014-11-26,34,0,8,26,34,29,1.6,68,9.875,1010,21.5,41,23,29,116,113,113,0,1,8.7,météo très défavorable
2014-11-27,32,0,5,28,32,28,13.9,78,8.75,1011,45.625,39,24,28,119,116,116,0,1,7.2,météo très défavorable
2014-11-28,33,0,4,28,33,29,0,69,10,1011,19.5,39,25,29,113,116,113,0,1,8.7,météo favorable
2014-11-29,33,0,7,28,33,29,0,65,10,1010,10.5,41,25,30,113,113,113,0,1,8.7,météo très défavorable
2014-11-30,33,0,8,28,33,29,0.3,70,9.875,1010,14.375,40,26,29,113,116,113,0,1,8.7,météo très défavorable
2014-12-01,33,0,9,26,33,29,0.5,64,9.75,1010,23.5,37,24,29,113,116,113,0,1,8.7,météo favorable
2014-12-02,32,0,9,25,32,27,4.9,78,9.625,1011,42,37,24,28,116,116,116,0,1,8.7,météo favorable
2014-12-03,30,0,13,25,29,27,3.4,82,9.625,1011,56.25,35,24,27,116,116,119,0,1,8.7,météo très défavorable
2014-12-04,31,0,13,25,31,27,8.3,83,9.5,1012,44.875,37,25,28,116,116,116,0,1,8.7,météo très défavorable
2014-12-05,31,0,16,25,31,28,0,73,10,1014,35.875,36,24,28,116,116,113,0,1,8.7,météo favorable
2014-12-06,31,0,10,25,31,27,0,72,10,1014,22,36,23,28,116,116,113,0,1,8.7,météo favorable
2014-12-07,32,0,9,25,32,28,0,73,10,1013,28,38,23,29,113,116,116,0,1,8.7,météo favorable
2014-12-08,32,0,20,25,32,27,0,59,10,1014,7.875,34,21,28,113,113,113,0,1,8.7,météo favorable
2014-12-09,31,0,15,23,31,27,0,60,10,1015,6.625,34,20,28,113,113,113,0,1,8.7,météo favorable
2014-12-10,32,0,16,23,31,26,0,56,10,1015,6.875,33,19,27,113,113,113,0,1,8.7,météo favorable
2014-12-11,31,0,15,23,31,27,0,57,10,1014,8.125,33,18,27,113,113,113,0,1,8.7,météo favorable
2014-12-12,31,0,19,23,31,27,0,56,10,1015,20.125,32,18,27,113,113,116,0,1,8.7,météo favorable
2014-12-13,26,0,15,21,25,25,0,64,10,1016,63.875,27,18,23,116,122,119,0,1,5.7,météo très défavorable
2014-12-14,30,0,15,23,29,27,0,55,10,1016,30.125,32,17,25,116,113,113,0,1,8.7,météo favorable
2014-12-15,31,0,13,22,30,27,0,55,10,1015,9,32,18,27,113,113,113,0,1,8.7,météo favorable
2014-12-16,31,0,17,22,31,27,0,60,10,1015,9,32,19,27,113,113,113,0,1,8.7,météo favorable
2014-12-17,23,0,25,20,22,23,0,61,10,1017,38.875,25,16,22,116,116,122,0,1,8.7,météo favorable
2014-12-18,27,0,18,20,25,24,0,56,10,1017,33,27,15,21,116,116,113,0,1,8.7,météo favorable
2014-12-19,30,0,13,21,29,25,0,54,10,1018,32.625,30,15,24,116,116,113,0,1,8.7,météo favorable
2014-12-20,31,0,12,21,30,26,0,56,10,1015,10.375,32,18,26,113,113,113,0,1,8.7,météo favorable
2014-12-21,31,0,18,22,31,27,0,53,10,1014,18,32,17,27,113,113,113,0,1,8.7,météo favorable
2014-12-22,28,0,18,19,27,24,0,56,10,1015,12.625,29,15,23,113,113,113,0,1,8.7,météo favorable
2014-12-23,29,0,18,19,28,25,0,50,10,1014,11.625,29,14,24,113,113,113,0,1,8.7,météo favorable
2014-12-24,31,0,14,21,30,27,0,53,10,1014,26.25,31,17,26,113,116,116,0,1,8.7,météo favorable
2014-12-25,32,0,14,24,31,28,0,60,10,1014,25.625,35,20,28,113,116,116,0,1,8.7,météo favorable
2014-12-26,33,0,13,24,32,29,0,58,10,1012,26.375,36,20,29,113,116,116,0,1,8.7,météo favorable
2014-12-27,30,0,15,25,29,28,0.3,69,9.875,1012,45.125,33,22,28,116,119,119,0,1,7.2,météo très défavorable
2014-12-28,32,0,18,25,32,28,0,58,10,1014,34.625,35,21,29,113,122,113,0,1,7.2,météo très défavorable
2014-12-29,30,0,22,22,29,26,0,57,10,1015,9.5,30,18,25,113,113,113,0,1,8.7,météo favorable
2014-12-30,30,0,15,20,29,25,0,45,10,1014,5.625,30,14,25,113,113,113,0,1,8.7,météo favorable
2014-12-31,30,0,18,20,30,25,0,42,10,1015,4,29,12,26,113,113,113,0,1,8.7,météo favorable
2015-01-01,29,0,17,19,29,25,0,52,10,1016,3.25,29,14,24,113,113,113,0,1,8.7,météo favorable
2015-01-02,29,0,17,18,27,24,0,51,10,1017,2.25,30,15,22,113,113,113,0,1,11.6,météo favorable
2015-01-03,29,0,10,19,29,25,0,55,10,1017,3.75,31,16,26,113,113,113,0,1,11.6,météo favorable
2015-01-04,31,0,9,21,30,26,0,61,10,1014,6.375,34,20,28,113,113,113,0,1,11.6,météo favorable
2015-01-05,31,0,10,23,31,27,0,60,10,1011,9.125,35,20,28,113,113,113,0,1,11.6,météo favorable
2015-01-06,32,0,9,24,32,28,0,60,10,1011,6.5,37,24,29,113,113,113,0,1,11.6,météo favorable
2015-01-07,32,0,8,25,31,28,0.3,66,9.875,1012,36.125,35,22,29,116,116,116,0,1,11.6,météo favorable
2015-01-08,31,0,19,25,31,27,0.1,73,10,1014,49.375,34,22,27,119,116,116,0,1,10.2,météo favorable
2015-01-09,31,0,21,23,31,28,0.3,61,10,1015,37.5,33,22,28,116,113,116,0,1,11.6,météo favorable
2015-01-10,31,0,7,24,31,27,0,64,10,1014,26.25,34,21,28,113,116,116,0,1,11.6,météo favorable
2015-01-11,31,0,12,24,30,28,0.1,62,10,1014,51.625,33,20,27,116,116,116,0,1,10.2,météo favorable
2015-01-12,29,0,12,22,27,26,0,60,10,1016,48,30,17,25,119,116,116,0,1,10.2,météo favorable
2015-01-13,29,0,19,22,27,25,0,53,10,1018,49,29,15,22,122,113,113,0,1,11.6,météo favorable
2015-01-14,29,0,15,20,28,25,0,36,10,1017,11.125,28,11,24,113,113,113,0,1,11.6,météo favorable
2015-01-15,30,0,19,20,29,25,0,37,10,1017,3.25,29,10,25,113,113,113,0,1,11.6,météo favorable
2015-01-16,31,0,20,20,30,27,0,37,10,1016,2.375,30,11,26,113,113,113,0,1,11.6,météo favorable
2015-01-17,30,0,24,19,29,26,0,43,10,1017,1.25,29,12,24,113,113,113,0,1,11.6,météo favorable
2015-01-18,30,0,18,21,29,26,0,46,10,1017,12.875,30,14,26,113,113,116,0,1,11.6,météo favorable
2015-01-19,31,0,23,21,30,26,0,44,10,1017,9.5,30,14,26,113,113,113,0,1,11.6,météo favorable
2015-01-20,31,0,21,21,30,27,0,49,10,1018,6.25,31,16,27,113,113,113,0,1,11.6,météo favorable
2015-01-21,32,0,14,22,31,26,0,39,10,1018,0.875,33,18,28,113,113,113,0,1,11.6,météo favorable
2015-01-22,33,0,16,22,32,27,0,37,10,1018,5.875,33,13,28,113,113,113,0,1,11.6,météo favorable
2015-01-23,31,0,20,22,31,26,0,61,10,1016,13.5,32,18,26,113,113,113,0,1,11.6,météo favorable
2015-01-24,31,0,16,23,31,26,0,60,10,1016,4.5,32,20,27,113,113,113,0,1,11.6,météo favorable
2015-01-25,31,0,18,22,31,26,0,73,10,1016,1.375,38,22,26,113,113,113,0,1,11.6,météo favorable
2015-01-26,31,0,13,23,31,26,0,66,10,1016,1.625,38,25,28,113,113,113,0,1,11.6,météo favorable
2015-01-27,32,0,12,23,31,27,0,62,10,1015,3.875,34,23,29,113,113,113,0,1,11.6,météo favorable
2015-01-28,31,0,13,23,31,27,0.1,69,10,1013,4,35,23,27,113,113,113,0,1,11.6,météo favorable
2015-01-29,32,0,14,24,32,27,0.1,78,8,1013,22.25,36,23,27,143,116,113,0,1,11.6,météo favorable
2015-01-30,32,0,17,25,32,28,0.1,72,10,1015,15.125,36,24,28,113,116,113,0,1,11.6,météo favorable
2015-01-31,31,0,11,25,31,27,1,73,9.875,1016,17.625,35,23,27,116,116,113,0,1,11.6,météo favorable
2015-02-01,33,0,25,24,32,29,0,46,10,1016,13.625,32,22,28,113,113,113,0,1,11.6,météo favorable
2015-02-02,33,0,27,23,32,28,0,48,10,1017,18.75,33,17,28,113,113,113,0,1,11.6,météo favorable
2015-02-03,34,0,24,24,33,30,0,45,10,1018,17.5,34,17,29,116,116,113,0,1,11.6,météo favorable
2015-02-04,34,0,23,25,33,29,0,41,10,1016,9.125,34,17,30,113,113,113,0,1,11.6,météo favorable
2015-02-05,34,0,30,24,33,28,0,39,10,1016,6.875,32,17,29,113,113,113,0,1,11.6,météo favorable
2015-02-06,33,0,28,23,33,26,0,49,10,1017,6.25,32,16,27,113,113,113,0,1,11.6,météo favorable
2015-02-07,32,0,19,22,32,27,0,49,10,1016,6.125,33,17,27,113,113,113,0,1,11.6,météo favorable
2015-02-08,33,0,14,23,33,27,0,54,10,1016,11,34,18,28,113,113,113,0,1,11.6,météo favorable
2015-02-09,32,0,26,23,32,28,0,43,10,1016,16.25,32,18,28,113,113,113,0,1,11.6,météo favorable
2015-02-10,32,0,20,23,32,28,0,41,10,1016,9,33,17,29,113,113,113,0,1,11.6,météo favorable
2015-02-11,31,0,19,23,31,27,0,60,10,1015,7.875,33,20,27,113,113,113,0,1,11.6,météo favorable
2015-02-12,31,0,22,24,31,27,0.2,69,9.875,1014,17.125,34,23,27,116,116,113,0,1,11.6,météo favorable
2015-02-13,31,0,23,25,31,27,1.4,67,9.75,1013,13,33,22,27,113,113,113,0,1,11.6,météo favorable
2015-02-14,31,0,22,25,31,28,0,61,10,1012,11.875,33,21,28,113,113,113,0,1,11.6,météo favorable
2015-02-15,31,0,18,25,31,28,0.4,68,9.875,1013,22.625,33,22,28,116,113,116,0,1,11.6,météo favorable
2015-02-16,32,0,19,25,32,27,0,72,10,1014,19.375,34,22,27,113,116,113,0,1,11.6,météo favorable
2015-02-17,31,0,15,25,31,28,0.2,70,10,1013,20.875,34,22,28,113,116,113,0,1,11.6,météo favorable
2015-02-18,31,0,15,26,31,28,0,64,10,1013,41,34,22,28,116,116,116,0,1,11.6,météo favorable
2015-02-19,31,0,10,27,31,29,1.8,62,9.875,1014,53.75,34,22,29,119,119,116,0,1,8.8,météo très défavorable
2015-02-20,32,0,18,26,32,29,0,66,10,1014,38.5,35,22,29,116,116,113,0,1,11.6,météo favorable
2015-02-21,32,0,19,26,32,28,0,67,10,1013,17.5,35,22,28,116,116,113,0,1,11.6,météo favorable
2015-02-22,32,0,20,26,32,28,0,67,10,1014,7.375,35,23,28,113,113,113,0,1,11.6,météo favorable
2015-02-23,32,0,18,26,32,29,0,62,10,1014,1.75,37,26,29,113,113,113,0,1,11.6,météo favorable
2015-02-24,32,0,18,26,32,29,0,64,10,1013,2,35,25,29,113,113,113,0,1,11.6,météo favorable
2015-02-25,32,0,20,26,32,29,0.1,66,10,1012,6,36,23,29,113,113,113,0,1,11.6,météo favorable
2015-02-26,32,0,18,26,32,29,0.1,66,10,1012,12.5,36,23,30,116,113,113,0,1,11.6,météo favorable
2015-02-27,33,0,17,26,32,29,0.1,68,10,1012,8.125,37,24,29,113,113,113,0,1,11.6,météo favorable
2015-02-28,32,0,17,27,32,29,0.5,68,9.75,1012,18.375,37,24,29,116,113,113,0,1,11.6,météo favorable
2015-03-01,34,0,15,27,34,30,0.3,65,9.875,1013,17.5,38,24,30,113,116,113,0,1,11.6,météo favorable
2015-03-02,32,0,18,27,32,29,1.1,70,9.875,1013,23.5,37,24,29,122,113,113,0,1,11.6,météo favorable
2015-03-03,33,0,21,27,33,29,0.2,65,10,1013,9,37,24,29,113,113,113,0,1,11.6,météo favorable
2015-03-04,34,0,19,26,34,30,0,66,10,1012,4.125,38,24,30,113,113,113,0,1,11.6,météo favorable
2015-03-05,34,0,19,26,34,30,0,68,10,1013,8,39,24,30,116,113,113,0,1,11.6,météo favorable
2015-03-06,34,0,23,27,34,30,0,64,10,1013,10.125,38,25,30,113,116,113,0,1,11.6,météo favorable
2015-03-07,34,0,22,27,34,29,0.4,67,9.875,1013,13.625,38,24,29,113,116,113,0,1,11.6,météo favorable
2015-03-08,33,0,21,27,33,29,0.3,65,9.875,1014,18,37,24,29,113,116,113,0,1,11.6,météo favorable
2015-03-09,33,0,21,27,33,29,0.1,66,10,1015,14.75,37,24,29,113,116,113,0,1,11.6,météo favorable
2015-03-10,28,0,12,26,27,28,0,84,10,1014,11.75,32,24,27,113,113,113,0,1,11.6,météo favorable
2015-03-11,34,0,14,26,34,30,0.8,61,10,1013,52.5,38,22,30,116,116,113,0,1,8.8,météo favorable
2015-03-12,34,0,15,27,34,29,0.4,64,10,1013,48,38,23,30,116,116,113,0,1,8.8,météo favorable
2015-03-13,34,0,14,27,34,30,0.3,63,10,1013,47.875,39,24,30,116,116,113,0,1,8.8,météo favorable
2015-03-14,34,0,19,27,34,29,0.4,67,10,1012,46.5,38,24,29,113,116,113,0,1,8.8,météo favorable
2015-03-15,34,0,15,27,34,29,0.4,64,10,1012,47.25,38,23,30,113,116,113,0,1,8.8,météo favorable
2015-03-16,34,0,14,27,34,29,0.7,64,10,1012,51.625,38,23,29,116,116,116,0,1,8.8,météo favorable
2015-03-17,33,0,16,26,33,29,0.2,65,10,1012,41.375,37,23,29,116,116,113,0,1,8.8,météo favorable
2015-03-18,34,0,15,26,34,29,0.3,62,10,1012,48.125,38,23,30,116,116,113,0,1,8.8,météo favorable
2015-03-19,34,0,16,27,34,29,0.3,63,10,1012,46,39,23,30,113,116,113,0,1,8.8,météo favorable
2015-03-20,35,0,22,27,35,31,0,63,10,1011,10.875,40,24,31,113,113,113,0,1,11.6,météo très défavorable
2015-03-21,35,0,21,28,35,31,0,63,10,1013,21.125,39,25,31,116,116,113,0,1,11.6,météo favorable
2015-03-22,33,0,19,28,33,30,2,61,9.75,1013,31.375,37,24,30,116,116,113,0,1,11.6,météo favorable
2015-03-23,33,0,17,28,33,30,0.5,65,9.875,1012,26.75,37,23,30,116,116,113,0,1,11.6,météo favorable
2015-03-24,32,0,8,28,32,30,4.3,61,9.5,1013,23.5,36,23,30,113,116,113,0,1,11.6,météo favorable
2015-03-25,34,0,26,27,34,30,4.1,63,9.5,1015,34.875,37,23,30,116,119,116,0,1,10.2,météo très défavorable
2015-03-26,34,0,20,27,34,31,0.3,54,9.875,1016,39.5,37,23,32,116,116,116,0,1,10.2,météo favorable
2015-03-27,34,0,19,28,34,31,1.2,56,9.875,1016,37.25,37,23,31,116,116,113,0,1,10.2,météo favorable
2015-03-28,34,0,14,28,34,30,0.4,61,9.875,1014,36.75,38,23,30,116,116,113,0,1,10.2,météo favorable
2015-03-29,33,0,13,28,33,29,2.3,65,9.75,1013,29,37,23,30,116,116,113,0,1,11.6,météo favorable
2015-03-30,33,0,18,28,33,30,0,65,10,1013,15.625,38,23,30,116,113,113,0,1,11.6,météo favorable
2015-03-31,34,0,19,28,34,30,0,68,10,1012,6.5,38,24,30,113,113,113,0,1,11.6,météo favorable
2015-04-01,35,0,18,28,34,31,0.3,60,10,1012,8.375,38,24,31,116,113,113,0,1,11.6,météo favorable
2015-04-02,35,0,18,29,35,31,0.3,56,10,1010,7.75,39,24,31,113,113,113,0,1,11.6,météo favorable
2015-04-03,36,0,15,29,35,31,0,43,10,1008,2.375,39,24,33,113,113,113,0,1,11.6,météo favorable
2015-04-04,35,0,20,28,35,31,0,52,10,1008,1.875,39,25,31,113,113,113,0,1,11.6,météo favorable
2015-04-05,35,0,24,28,35,30,0,62,10,1009,9,40,25,30,116,113,113,0,1,11.6,météo très défavorable
2015-04-06,36,0,22,28,36,31,0.2,57,10,1010,3.625,40,25,31,113,113,113,0,1,11.6,météo très défavorable
2015-04-07,36,0,18,29,36,31,0,65,10,1010,9,42,25,32,113,113,113,0,1,11.6,météo très défavorable
2015-04-08,34,0,15,30,34,30,0.7,64,9.875,1012,22.25,38,25,31,113,116,113,0,1,11.6,météo favorable
2015-04-09,34,0,20,29,34,30,0.2,62,9.875,1012,12.25,38,23,30,113,116,113,0,1,11.6,météo favorable
2015-04-10,34,0,16,29,34,30,0.5,66,10,1012,15.125,38,24,30,113,116,113,0,1,11.6,météo favorable
2015-04-11,34,0,16,29,34,31,0,62,10,1013,16,38,24,32,113,116,113,0,1,11.6,météo favorable
2015-04-12,33,0,8,28,32,31,4.3,61,9.75,1014,40.75,37,23,31,116,116,116,0,1,11.6,météo favorable
2015-04-13,29,0,19,28,28,28,0,65,10,1014,15.75,33,22,28,113,113,113,0,1,11.6,météo favorable
2015-04-14,34,0,14,28,34,30,0.6,68,10,1010,54.625,40,24,30,116,116,116,0,1,8.9,météo très défavorable
2015-04-15,34,0,13,28,34,30,0.6,66,10,1010,61.375,39,24,30,116,116,176,0,1,7.5,météo très défavorable
2015-04-16,34,0,24,28,34,30,0.3,68,10,1014,19.375,40,25,30,113,113,113,0,1,11.6,météo très défavorable
2015-04-17,34,0,22,28,34,31,0,65,10,1012,3.75,39,25,31,113,113,113,0,1,11.6,météo favorable
2015-04-18,35,0,23,29,35,30,0,59,10,1012,21,38,24,30,119,113,113,0,1,11.6,météo favorable
2015-04-19,35,0,24,28,35,31,0,60,10,1011,2.625,39,24,31,113,113,113,0,1,11.6,météo favorable
2015-04-20,36,0,22,28,36,31,0,55,10,1011,3.875,39,25,32,113,113,113,0,1,12.3,météo favorable
2015-04-21,38,0,17,29,37,33,0.1,54,10,1010,4.75,40,26,34,113,113,113,0,1,12.3,météo très défavorable
2015-04-22,37,0,14,29,37,33,0,52,9.875,1010,12.5,42,26,33,113,113,113,0,1,12.7,météo très défavorable
2015-04-23,34,0,18,29,33,30,1.1,62,9.875,1013,19.125,37,23,31,113,116,113,0,1,12.7,météo favorable
2015-04-24,35,0,8,29,35,33,0,52,10,1013,26,41,23,33,113,116,116,0,1,12.7,météo très défavorable
2015-04-25,32,0,11,29,31,29,0.3,63,10,1012,60.5,36,23,30,119,116,119,0,1,10.6,météo très défavorable
2015-04-26,35,0,18,28,34,31,0.7,60,9.875,1012,24.5,40,23,31,113,113,113,0,1,12.7,météo très défavorable
2015-04-27,34,0,14,29,33,30,3.1,65,9.625,1012,31.375,38,24,31,113,116,113,0,1,12.7,météo favorable
2015-04-28,34,0,13,29,34,29,1.1,72,9.875,1011,51,40,24,29,116,116,116,0,1,11.9,météo très défavorable
2015-04-29,34,0,17,29,34,31,0.4,61,9.875,1011,26.5,39,24,31,113,113,113,0,1,12.8,météo favorable
2015-04-30,35,0,18,29,34,31,1.3,60,9.875,1012,10.5,39,24,31,113,113,113,0,1,12.8,météo favorable
2015-05-01,36,0,19,29,36,31,0,59,10,1010,9.25,40,25,32,113,113,113,0,1,12.8,météo très défavorable
2015-05-02,35,0,18,29,35,31,0.2,63,10,1010,6.875,40,26,32,113,113,113,0,1,12.8,météo très défavorable
2015-05-03,35,0,18,29,35,31,0.8,58,9.875,1011,12.5,40,26,32,116,113,113,0,1,12.8,météo très défavorable
2015-05-04,35,0,20,29,35,31,3.2,66,9.5,1011,15.875,41,25,31,113,113,113,0,1,12.8,météo très défavorable
2015-05-05,35,0,22,29,35,31,1.2,61,9.875,1009,10.5,40,26,31,113,113,113,0,1,12.8,météo très défavorable
2015-05-06,36,0,16,29,35,32,0,57,10,1009,10.25,41,25,32,113,113,113,0,1,12.8,météo très défavorable
2015-05-07,35,0,19,29,35,31,0,62,9.875,1009,13.125,42,26,32,200,113,113,0,1,12.8,météo très défavorable
2015-05-08,35,0,19,29,35,31,0,68,9.75,1009,19.625,42,26,31,200,113,113,0,1,12.8,météo très défavorable
2015-05-09,35,0,20,30,34,31,0,63,10,1008,17.125,41,25,31,113,113,113,0,1,12.8,météo très défavorable
2015-05-10,35,0,15,29,35,31,0,59,10,1008,22.5,40,25,32,113,116,116,0,1,12.8,météo très défavorable
2015-05-11,36,0,18,29,36,31,0,64,10,1010,18.25,41,25,32,113,116,113,0,1,12.8,météo très défavorable
2015-05-12,35,0,21,30,35,31,0,62,10,1010,9.875,41,25,32,113,113,113,0,1,12.8,météo très défavorable
2015-05-13,35,0,19,29,35,31,0.7,63,9.75,1010,19.125,41,25,31,113,116,200,0,1,12.8,météo très défavorable
2015-05-14,34,0,27,30,33,29,1.2,73,9.875,1012,38.75,39,24,29,116,116,116,0,1,12.8,météo favorable
2015-05-15,34,0,19,29,34,31,0,59,10,1012,32.125,39,23,31,119,113,113,0,1,12.9,météo favorable
2015-05-16,34,0,20,30,34,31,0,61,10,1011,14.375,40,25,31,116,113,113,0,1,12.9,météo très défavorable
2015-05-17,35,0,21,29,35,31,2.8,60,9.75,1009,16.5,39,25,31,176,113,113,0,1,12.9,météo favorable
2015-05-18,35,0,16,30,35,32,0.2,57,10,1009,18.75,40,24,32,113,113,113,0,1,12.9,météo très défavorable
2015-05-19,36,0,18,30,36,32,0.5,56,10,1009,12.75,40,25,32,113,113,113,0,1,12.9,météo très défavorable
2015-05-20,36,0,19,30,35,31,0.4,63,10,1010,15.125,40,25,31,113,113,116,0,1,12.9,météo très défavorable
2015-05-21,34,0,24,30,34,30,0,67,10,1010,17.125,39,24,30,113,113,116,0,1,12.9,météo favorable
2015-05-22,34,0,27,30,34,30,0.1,66,10,1011,32.5,39,24,30,113,116,116,0,1,12.9,météo favorable
2015-05-23,33,0,24,29,33,30,0.1,70,10,1010,28.625,37,24,30,116,113,113,0,1,12.9,météo favorable
2015-05-24,34,0,24,29,34,30,0,66,10,1009,33.75,39,24,30,116,119,116,0,1,12.9,météo très défavorable
2015-05-25,35,0,22,29,34,31,1.6,61,9.75,1009,22.375,39,25,31,113,113,116,0,1,12.9,météo favorable
2015-05-26,35,0,23,30,35,30,0.4,64,9.875,1010,25.75,39,24,31,113,116,113,0,1,12.9,météo favorable
2015-05-27,34,0,20,29,33,29,0,65,10,1009,19.375,37,23,30,116,113,113,0,1,12.9,météo favorable
2015-05-28,35,0,19,29,35,30,0.6,60,9.75,1008,19.75,39,23,30,176,113,113,0,1,12.9,météo favorable
2015-05-29,35,0,21,29,35,31,0.8,65,9.875,1009,19.375,39,24,31,113,113,113,0,1,12.9,météo favorable
2015-05-30,34,0,17,30,34,31,0.2,60,9.875,1009,16.25,38,24,31,113,113,113,0,1,12.9,météo favorable
2015-05-31,35,0,18,30,35,31,1,60,9.875,1009,18.625,40,24,31,113,113,113,0,1,12.9,météo très défavorable
2015-06-01,36,0,17,29,36,32,1.1,55,9.875,1008,21.75,40,26,32,113,113,116,0,1,12.9,météo très défavorable
2015-06-02,36,0,17,30,35,32,0,54,9.75,1008,21.75,39,24,32,113,113,113,0,1,12.9,météo favorable
2015-06-03,35,0,13,29,34,31,1,67,9.5,1009,26.75,40,25,31,200,116,113,0,1,12.9,météo très défavorable
2015-06-04,34,0,19,29,34,30,1.5,71,9.625,1010,26.75,40,25,30,113,200,200,0,1,12.9,météo très défavorable
2015-06-05,35,0,18,29,35,30,0,64,10,1009,21.25,39,25,31,113,116,116,0,1,12.9,météo favorable
2015-06-06,34,0,15,29,34,30,0,67,10,1008,26.125,40,24,31,113,116,113,0,1,12.9,météo très défavorable
2015-06-07,35,0,17,29,35,31,0.1,64,10,1008,18.625,41,25,31,113,113,113,0,1,12.9,météo très défavorable
2015-06-08,34,0,18,29,34,30,1.3,61,9.875,1009,58.75,39,25,30,119,116,116,0,1,11.9,météo très défavorable
2015-06-09,36,0,18,29,35,31,0,64,10,1009,20.375,40,25,31,113,113,113,0,1,12.9,météo très défavorable
2015-06-10,36,0,18,29,35,31,0,62,10,1008,10,41,25,32,113,113,113,0,1,12.9,météo très défavorable
2015-06-11,35,0,19,30,35,31,1.1,68,9.875,1008,7.5,42,26,31,113,113,113,0,1,13,météo très défavorable
2015-06-12,35,0,15,30,35,31,2.2,61,9.625,1009,19.25,41,25,31,113,116,113,0,1,13,météo très défavorable
2015-06-13,34,0,17,30,34,31,0,57,10,1009,33.75,39,24,31,116,116,113,0,1,13,météo favorable
2015-06-14,36,0,18,29,36,31,0.2,62,9.875,1007,22.375,41,24,31,113,113,116,0,1,13,météo très défavorable
2015-06-15,32,0,12,28,32,31,0.2,61,10,1007,42.625,36,23,31,116,116,116,0,1,13,météo favorable
2015-06-16,34,0,21,28,34,29,1.2,67,9.75,1008,34.75,38,24,29,116,116,116,0,1,13,météo favorable
2015-06-17,32,0,19,28,31,29,2.6,70,9.875,1007,51.75,36,24,29,116,119,116,0,1,10.7,météo très défavorable
2015-06-18,30,0,23,27,28,28,0.1,82,10,1007,50.75,34,24,27,119,116,116,0,1,13,météo favorable
2015-06-19,33,0,18,29,33,29,2.7,66,9.625,1008,34.375,37,24,29,116,116,116,0,1,13,météo favorable
2015-06-20,33,0,23,29,33,29,0,68,10,1008,32.5,39,23,30,116,116,116,0,1,13,météo favorable
2015-06-21,33,0,27,29,33,30,0,63,10,1008,36.125,37,22,30,116,116,116,0,1,13,météo favorable
2015-06-22,32,0,29,29,32,29,0,73,10,1008,53.375,36,24,29,116,119,122,0,1,10.7,météo très défavorable
2015-06-23,29,0,26,29,29,27,15.6,87,8.875,1008,66.875,33,24,26,116,122,119,0,1,9.4,météo très défavorable
2015-06-24,29,0,26,27,28,28,4,80,9.875,1009,81,33,24,28,122,122,116,0,1,9.4,météo très défavorable
2015-06-25,30,0,30,27,30,28,1.1,82,10,1010,63.625,35,23,27,122,116,116,0,1,10.7,météo très défavorable
2015-06-26,31,0,27,28,31,28,0,72,10,1009,67.375,35,23,28,119,116,119,0,1,10.7,météo très défavorable
2015-06-27,30,0,23,28,28,28,12.4,78,8.875,1011,56.875,35,24,28,119,119,116,0,1,10.7,météo très défavorable
2015-06-28,33,0,26,28,33,29,2.1,71,9.875,1013,40.75,37,24,29,116,116,116,0,1,13,météo favorable
2015-06-29,32,0,18,28,32,29,3.6,70,9.625,1013,25.5,36,24,29,113,116,113,0,1,13,météo favorable
2015-06-30,33,0,18,28,33,29,0,67,10,1012,17.5,38,23,29,113,116,113,0,1,13,météo favorable
2015-07-01,33,0,20,29,32,29,0,74,10,1011,15.125,38,24,29,113,113,113,0,1,13,météo favorable
2015-07-02,34,0,21,29,33,29,0,71,10,1010,12.875,38,24,29,113,113,116,0,1,13,météo favorable
2015-07-03,33,0,22,29,33,29,0,71,10,1009,14.5,38,23,29,113,113,116,0,1,13,météo favorable
2015-07-04,34,0,25,28,34,30,0,65,10,1007,24.125,38,23,30,113,116,113,0,1,12.9,météo favorable
2015-07-05,31,0,30,29,30,29,0,70,10,1007,37,36,23,29,116,116,116,0,1,12.9,météo favorable
2015-07-06,33,0,21,28,31,29,0.4,73,8.75,1007,51,38,24,29,263,116,113,0,1,12.9,météo favorable
2015-07-07,34,0,18,29,33,30,0,67,10,1006,22.125,39,25,30,113,116,116,0,1,12.9,météo favorable
2015-07-08,33,0,25,29,33,30,0.1,68,10,1007,34.75,38,23,30,116,119,116,0,1,12.9,météo très défavorable
2015-07-09,34,0,23,29,33,29,0.2,72,9.875,1007,43.875,38,23,29,116,116,119,0,1,12.9,météo favorable
2015-07-10,32,0,20,28,32,29,0,67,10,1007,24.125,36,23,29,116,113,113,0,1,12.9,météo favorable
2015-07-11,34,0,21,28,33,30,0,64,10,1007,16.25,39,24,30,113,113,116,0,1,12.9,météo favorable
2015-07-12,34,0,17,29,33,30,0,67,10,1005,32.875,39,24,30,113,113,119,0,1,12.9,météo favorable
2015-07-13,34,0,17,29,34,30,1.3,68,9.875,1005,39.625,40,24,30,116,116,113,0,1,12.9,météo très défavorable
2015-07-14,34,0,21,29,34,30,0.2,66,10,1005,25.5,40,25,30,113,113,116,0,1,12.9,météo très défavorable
2015-07-15,32,0,27,28,32,29,3.8,73,9.75,1005,46.375,37,24,29,116,116,353,0,1,12.9,météo favorable
2015-07-16,33,0,26,28,33,29,0.2,75,9.875,1007,51.375,38,24,29,119,116,116,0,1,11.9,météo favorable
2015-07-17,33,0,26,28,33,29,1.4,72,9.875,1008,58.5,37,24,29,176,116,119,0,1,10.6,météo très défavorable
2015-07-18,31,0,24,28,31,28,8.4,75,9.625,1008,65.125,36,24,29,122,119,119,0,1,9.4,météo très défavorable
2015-07-19,32,0,17,29,32,29,2.5,66,9.875,1008,61.75,36,24,29,116,116,119,0,1,12.9,météo très défavorable
2015-07-20,28,0,19,26,28,27,1,80,7.875,1008,85.25,31,24,27,122,122,122,0,1,9.4,météo très défavorable
2015-07-21,30,0,24,27,30,28,0.8,73,10,1011,63,34,23,28,116,116,353,0,1,12.9,météo très défavorable
2015-07-22,32,0,20,28,32,29,0,66,10,1012,49.25,36,23,29,116,116,113,0,1,12.9,météo favorable
2015-07-23,33,0,21,28,33,29,0.5,66,9.75,1012,31.25,38,24,29,200,116,113,0,1,12.9,météo favorable
2015-07-24,33,0,17,28,33,29,0.5,59,9.875,1012,23,37,25,30,116,113,113,0,1,12.9,météo favorable
2015-07-25,32,0,14,28,32,30,0,57,10,1011,21.125,37,24,30,116,113,113,0,1,12.9,météo favorable
2015-07-26,32,0,20,28,32,29,2.1,59,10,1012,28.625,35,23,30,116,113,116,0,1,12.9,météo favorable
2015-07-27,32,0,17,28,32,29,1.4,62,10,1012,56.25,35,23,29,116,116,116,0,1,12.9,météo très défavorable
2015-07-28,33,0,19,28,32,29,0.1,65,10,1012,68.5,36,23,29,122,116,119,0,1,11.9,météo très défavorable
2015-07-29,33,0,19,27,32,29,1.9,71,9.75,1012,43.375,36,23,29,116,116,116,0,1,12.5,météo favorable
2015-07-30,33,0,15,27,32,29,0.6,68,10,1012,69.75,36,23,29,119,116,119,0,1,9.1,météo très défavorable
2015-07-31,32,0,15,26,32,29,0.6,68,9.25,1012,62.75,35,23,29,116,116,119,0,1,10.5,météo très défavorable
2015-08-01,32,0,13,27,31,28,0.4,65,10,1012,58.125,35,22,29,116,116,116,0,1,12.4,météo très défavorable
2015-08-02,31,0,13,27,31,27,0,80,10,1011,62.375,34,24,28,116,122,116,0,1,9.1,météo très défavorable
2015-08-03,31,0,18,27,31,28,0.6,69,9.875,1010,47.625,35,23,29,116,119,116,0,1,10.3,météo très défavorable
2015-08-04,31,0,24,28,31,28,3.2,69,9.625,1010,47,34,23,29,116,116,116,0,1,10.3,météo favorable
2015-08-05,31,0,24,28,31,27,0.2,76,9,1008,67.875,34,23,27,119,119,116,0,1,6.2,météo très défavorable
2015-08-06,31,0,23,27,31,29,1.9,68,9.75,1007,48.125,36,23,29,116,116,116,0,1,10.3,météo favorable
2015-08-07,32,0,17,28,32,28,4.2,68,9.875,1006,39.625,36,23,29,116,116,116,0,1,11.6,météo favorable
2015-08-08,31,0,24,28,31,29,3.9,72,9.625,1006,50.25,36,24,29,116,116,119,0,1,10.2,météo favorable
2015-08-09,31,0,18,28,31,28,1.5,71,10,1005,69.5,36,23,28,119,119,119,0,1,6.2,météo très défavorable
2015-08-10,33,0,15,28,32,29,0,69,10,1007,39.375,37,23,30,116,116,113,0,1,11.6,météo favorable
2015-08-11,33,0,14,28,33,30,2.8,65,9.625,1008,54,38,24,30,116,116,116,0,1,11.6,météo favorable
2015-08-12,33,0,12,28,33,30,0.5,66,10,1010,49.625,37,25,30,116,116,116,0,1,11.6,météo favorable
2015-08-13,34,0,15,28,34,29,0.3,66,9.875,1010,29.75,39,24,30,113,113,113,0,1,11.6,météo favorable
2015-08-14,34,0,19,28,34,29,0.2,66,9.875,1010,18.5,39,24,29,113,113,113,0,1,11.6,météo favorable
2015-08-15,34,0,20,29,34,29,0.3,63,9.875,1011,18.625,38,24,30,113,113,113,0,1,11.6,météo favorable
2015-08-16,34,0,15,28,33,30,0.1,62,10,1011,28.875,39,25,30,116,113,113,0,1,11.6,météo favorable
2015-08-17,35,0,14,29,34,30,0.3,56,9.875,1011,27.125,38,24,31,113,116,116,0,1,11.6,météo favorable
2015-08-18,35,0,15,29,34,31,0,55,10,1011,21.75,39,23,32,113,113,116,0,1,11.6,météo favorable
2015-08-19,35,0,22,29,35,30,0.3,66,9.875,1010,30.375,40,23,30,113,113,116,0,1,11.6,météo très défavorable
2015-08-20,35,0,15,28,34,31,0,64,10,1009,23,40,23,31,113,113,116,0,1,11.6,météo très défavorable
2015-08-21,33,0,24,28,33,30,1.8,64,9.875,1009,36.5,37,24,30,116,116,116,0,1,11.6,météo favorable
2015-08-22,32,0,24,29,32,30,0,62,10,1009,44.5,36,23,30,119,116,113,0,1,10.2,météo favorable
2015-08-23,32,0,26,27,32,29,0,66,10,1009,41.875,36,22,29,116,116,116,0,1,11.6,météo favorable
2015-08-24,33,0,28,29,33,30,0,64,10,1009,29.625,37,23,30,116,113,113,0,1,11.6,météo favorable
2015-08-25,32,0,29,28,32,29,2.5,69,9.875,1008,45.125,36,23,29,116,119,119,0,1,8.9,météo très défavorable
2015-08-26,31,0,19,28,30,28,4.2,74,10,1010,83.25,35,23,28,122,119,122,0,1,6.1,météo très défavorable
2015-08-27,31,0,17,27,31,29,1.5,67,10,1011,62.375,34,23,29,119,116,116,0,1,11.6,météo très défavorable
2015-08-28,32,0,19,27,32,28,0.2,71,10,1011,55.25,36,23,28,116,116,116,0,1,11.6,météo très défavorable
2015-08-29,32,0,18,28,32,29,0.7,65,9.875,1010,44.25,36,23,29,116,116,116,0,1,11.6,météo favorable
2015-08-30,33,0,20,28,33,29,0.1,67,10,1010,20.25,38,23,29,113,113,113,0,1,11.6,météo favorable
2015-08-31,32,0,14,29,31,29,0.5,70,9.875,1011,55.25,36,24,29,116,116,119,0,1,10.2,météo très défavorable
2015-09-01,31,0,13,29,31,28,0.2,77,9.5,1009,64.75,36,24,28,119,116,116,0,1,8.9,météo très défavorable
2015-09-02,33,0,17,29,32,29,0.3,67,9.625,1010,51.625,37,23,29,176,116,113,0,1,10.2,météo favorable
2015-09-03,34,0,16,28,34,29,0.2,68,9.875,1011,28.625,38,24,29,116,113,116,0,1,11.6,météo favorable
2015-09-04,33,0,12,28,33,32,8,63,10,1012,41.875,38,24,31,116,353,353,0,1,11.6,météo très défavorable
2015-09-05,31,0,12,27,31,28,1.3,79,9.5,1009,57.625,36,24,28,119,116,119,0,1,10.2,météo très défavorable
2015-09-06,31,0,12,27,31,28,1.8,78,9,1009,54.625,36,24,28,119,116,119,0,1,11.6,météo favorable
2015-09-07,34,0,15,28,34,30,1,60,9.75,1011,22.875,38,25,30,176,113,116,0,1,11.6,météo favorable
2015-09-08,30,0,17,28,27,28,3,76,9.75,1010,48.625,34,24,27,116,119,116,0,1,10.2,météo très défavorable
2015-09-09,33,0,13,27,33,29,0,66,10,1010,25.25,38,23,30,113,113,116,0,1,11.6,météo favorable
2015-09-10,32,0,8,27,32,28,0,73,10,1011,61.625,37,24,28,116,113,122,0,1,8.8,météo très défavorable
2015-09-11,32,0,14,27,32,28,0,67,10,1011,70.625,36,23,28,119,119,116,0,1,8.8,météo très défavorable
2015-09-12,32,0,16,27,32,29,1,70,10,1010,52.625,36,24,29,116,116,116,0,1,10.2,météo favorable
2015-09-13,33,0,17,28,33,28,1.2,74,10,1011,48.375,37,24,29,116,116,116,0,1,11.6,météo favorable
2015-09-14,32,0,19,26,32,28,2.3,75,9.375,1010,55.375,37,24,29,119,116,116,0,1,10.2,météo très défavorable
2015-09-15,31,0,23,27,30,27,1.2,79,9,1008,66.25,35,23,27,119,119,116,0,1,10.2,météo très défavorable
2015-09-16,28,0,24,25,28,28,44,92,6.375,1006,77.25,33,24,25,122,359,359,0,1,7.4,météo très défavorable
2015-09-17,30,0,14,26,30,27,1.6,81,8.75,1009,56.25,35,24,27,119,116,119,0,1,10.2,météo très défavorable
2015-09-18,31,0,11,26,31,27,1.8,81,8.75,1010,63,36,24,28,119,119,116,0,1,8.8,météo très défavorable
2015-09-19,31,0,10,27,31,27,2,79,9.375,1010,63.875,37,24,28,116,116,116,0,1,8.8,météo très défavorable
2015-09-20,31,0,9,27,31,28,2.1,77,10,1009,61,37,24,28,116,116,119,0,1,8.8,météo très défavorable
2015-09-21,34,0,12,29,34,30,0,60,10,1010,13.125,40,25,31,113,113,113,0,1,11.6,météo très défavorable
2015-09-22,30,0,15,28,30,27,0.4,75,9.25,1009,60.5,35,25,27,119,119,119,0,1,7.4,météo très défavorable
2015-09-23,30,0,19,27,29,27,0,80,10,1010,54.75,34,24,27,119,116,113,0,1,8.8,météo favorable
2015-09-24,32,0,18,27,32,28,2.5,73,9.625,1010,27,37,23,29,176,113,113,0,1,11.6,météo favorable
2015-09-25,32,0,18,28,32,28,0.2,73,9.875,1009,27.75,36,23,28,116,116,113,0,1,11.6,météo favorable
2015-09-26,32,0,14,28,32,29,0,65,10,1008,18.5,37,23,29,113,113,113,0,1,11.6,météo favorable
2015-09-27,33,0,12,28,33,29,0.7,69,9.75,1009,20.375,39,24,30,113,113,113,0,1,11.6,météo favorable
2015-09-28,33,0,12,28,33,29,0.7,66,9.875,1009,23.5,38,24,29,113,116,116,0,1,11.6,météo favorable
2015-09-29,32,0,9,28,32,29,3.4,70,9.625,1009,34.125,38,24,30,116,116,113,0,1,11.6,météo favorable
2015-09-30,32,0,9,28,32,28,0.7,76,9.75,1012,27.25,38,24,29,113,116,116,0,1,11.6,météo favorable
2015-10-01,32,0,6,28,32,29,0.2,77,10,1012,31.375,39,25,29,116,116,116,0,1,11.6,météo favorable
2015-10-02,30,0,12,27,30,28,0.1,84,10,1012,43.375,36,25,29,116,116,116,0,1,11.6,météo favorable
2015-10-03,29,0,13,27,28,26,3.5,89,8.875,1012,69.875,35,25,27,116,122,116,0,1,8.8,météo très défavorable
2015-10-04,31,0,10,26,30,27,0.5,85,9,1012,54.875,35,25,27,116,116,116,0,1,10.2,météo favorable
2015-10-05,32,0,19,27,32,28,0.2,75,10,1013,39,36,23,28,116,116,116,0,1,11.6,météo favorable
2015-10-06,27,0,15,27,27,26,0.2,80,10,1012,42,31,24,27,116,116,113,0,1,11.6,météo favorable
2015-10-07,32,0,13,27,32,28,0.2,71,9.875,1012,30.5,37,24,29,116,116,113,0,1,11.6,météo favorable
2015-10-08,32,0,12,28,32,29,0.3,70,9.875,1012,42.875,37,24,29,113,116,116,0,1,10.2,météo favorable
2015-10-09,30,0,13,27,29,27,0.7,78,9,1011,54.375,36,24,27,122,116,113,0,1,11.6,météo favorable
2015-10-10,31,0,14,26,30,27,1.6,84,9.875,1012,36.875,35,25,28,119,116,116,0,1,11.6,météo favorable
2015-10-11,31,0,10,27,31,28,3.5,71,9.875,1014,34,36,24,29,116,116,116,0,1,8.7,météo favorable
2015-10-12,32,0,15,25,32,27,0,73,10,1015,61.125,36,24,27,119,116,119,0,1,8.7,météo très défavorable
2015-10-13,32,0,14,25,32,28,1.1,66,10,1015,40.5,37,22,29,116,116,116,0,1,8.7,météo favorable
2015-10-14,33,0,19,25,33,29,0,64,10,1014,28.5,37,22,29,113,116,116,0,1,8.7,météo favorable
2015-10-15,33,0,17,26,33,28,1.3,75,10,1013,34,37,23,28,113,119,116,0,1,7.2,météo très défavorable
2015-10-16,33,0,17,26,32,29,0.2,64,9.875,1013,24.375,38,23,30,113,113,113,0,1,8.7,météo favorable
2015-10-17,33,0,13,27,33,29,0.7,70,9.875,1012,27.875,38,23,30,113,116,116,0,1,8.7,météo favorable
2015-10-18,33,0,11,27,33,29,1.5,69,9.875,1012,29.75,37,23,29,113,116,116,0,1,8.7,météo favorable
2015-10-19,32,0,10,28,32,29,0.5,71,9.875,1012,27.75,38,24,29,116,116,113,0,1,7.2,météo favorable
2015-10-20,33,0,9,28,33,29,0.3,70,9.875,1011,19.5,38,24,30,113,116,113,0,1,8.7,météo favorable
2015-10-21,33,0,10,28,33,29,0.3,73,9.875,1011,15.125,40,24,30,113,113,113,0,1,8.7,météo très défavorable
2015-10-22,31,0,5,28,29,28,1.7,77,9.5,1012,47.375,37,25,28,119,200,200,0,1,7.2,météo très défavorable
2015-10-23,33,0,7,27,33,29,0.1,62,10,1011,27.625,38,24,30,116,113,113,0,1,8.7,météo favorable
2015-10-24,31,0,9,30,31,27,0.3,80,9.625,1011,39.875,36,24,28,113,116,176,0,1,7.2,météo favorable
2015-10-25,33,0,13,28,32,29,0,62,9.625,1013,38,36,23,29,176,113,116,0,1,8.7,météo favorable
2015-10-26,33,0,17,26,33,29,0.1,62,10,1014,34.375,37,22,30,116,116,119,0,1,8.7,météo favorable
2015-10-27,33,0,20,27,33,28,0.2,72,9.875,1013,31,37,23,29,176,116,116,0,1,8.7,météo favorable
2015-10-28,33,0,13,27,33,29,2.9,76,10,1014,33,39,25,29,116,116,113,0,1,7.2,météo favorable
2015-10-29,33,0,10,28,33,29,0.9,74,9.875,1014,23,39,25,29,113,116,113,0,1,8.7,météo favorable
2015-10-30,34,0,13,28,34,30,0,61,10,1014,27.375,39,24,30,113,113,113,0,1,8.7,météo favorable
2015-10-31,34,0,21,27,34,29,0,64,10,1014,20.75,39,23,30,113,116,116,0,1,8.7,météo favorable
2015-11-01,33,0,19,27,33,29,1.1,59,9.75,1014,25,37,23,30,113,116,116,0,1,8.7,météo favorable
2015-11-02,33,0,24,26,33,29,0.5,63,9.875,1014,22.875,37,22,29,113,113,116,0,1,8.7,météo favorable
2015-11-03,32,0,20,26,32,28,1.4,73,10,1013,35,36,23,28,116,119,116,0,1,7.2,météo très défavorable
2015-11-04,33,0,17,26,33,30,0,65,10,1013,33.125,38,23,30,116,113,119,0,1,8.7,météo favorable
2015-11-05,33,0,15,26,33,29,0.8,70,9.875,1011,23.5,38,24,30,113,116,116,0,1,8.7,météo favorable
2015-11-06,31,0,14,26,31,29,0.4,63,9.875,1011,43.125,36,23,30,113,116,119,0,1,7.2,météo favorable
2015-11-07,32,0,17,26,32,27,5.5,81,9.625,1012,48,38,24,28,116,116,116,0,1,8.7,météo favorable
2015-11-08,32,0,15,27,32,28,4.1,81,9.625,1013,38.5,38,25,29,116,116,113,0,1,8.7,météo favorable
2015-11-09,33,0,13,27,33,28,3.3,81,9.625,1013,29.5,39,25,29,113,122,113,0,1,7.2,météo très défavorable
2015-11-10,32,0,12,28,32,28,1.7,72,9.875,1012,25.5,38,25,29,113,116,116,0,1,8.7,météo favorable
2015-11-11,33,0,17,27,33,29,0,71,10,1012,16.375,38,24,30,113,116,113,0,1,8.7,météo favorable
2015-11-12,34,0,14,28,34,29,0.5,66,9.875,1013,30.625,38,24,30,116,116,116,0,1,8.7,météo favorable
2015-11-13,32,0,7,28,32,29,0.1,77,9.875,1013,16.75,39,25,30,113,116,113,0,1,8.7,météo favorable
2015-11-14,32,0,12,28,32,28,0.8,78,10,1012,20.5,39,25,28,113,116,113,0,1,8.7,météo favorable
2015-11-15,32,0,7,28,32,29,6,74,9.375,1012,23.125,38,24,29,113,116,116,0,1,8.7,météo favorable
2015-11-16,32,0,9,28,32,28,0.1,77,10,1011,29.75,38,24,29,113,116,113,0,1,8.7,météo favorable
2015-11-17,32,0,11,27,32,29,0.4,76,9.875,1012,32.5,38,24,29,113,116,116,0,1,7.2,météo favorable
2015-11-18,34,0,12,28,33,29,0,64,10,1012,12.625,38,24,30,113,116,113,0,1,8.7,météo favorable
2015-11-19,33,0,21,27,33,29,0,66,10,1013,17.625,38,24,30,113,116,113,0,1,8.7,météo favorable
2015-11-20,34,0,17,27,34,29,2.3,73,9.875,1012,19,39,24,29,113,116,113,0,1,8.7,météo favorable
2015-11-21,33,0,13,27,33,29,0,66,10,1012,29.625,37,23,30,113,116,116,0,1,8.7,météo favorable
2015-11-22,34,0,18,26,33,30,0.3,60,9.875,1012,20.375,37,22,30,113,113,116,0,1,8.7,météo favorable
2015-11-23,33,0,18,26,33,30,0.4,60,10,1012,33.125,37,22,30,113,113,119,0,1,8.7,météo favorable
2015-11-24,33,0,15,27,33,30,0,60,10,1011,35.5,38,22,30,113,113,116,0,1,7.2,météo favorable
2015-11-25,34,0,20,27,34,29,6.6,73,9.625,1012,24.875,39,24,29,113,116,113,0,1,8.7,météo favorable
2015-11-26,32,0,22,26,32,29,0.8,66,9.875,1013,32.875,37,23,29,116,116,116,0,1,8.7,météo favorable
2015-11-27,32,0,24,25,32,29,0.6,64,10,1014,18.375,36,22,29,113,113,116,0,1,8.7,météo favorable
2015-11-28,32,0,21,25,32,28,0,66,10,1015,19.25,35,22,28,113,113,113,0,1,8.7,météo favorable
2015-11-29,33,0,19,26,33,29,0,63,10,1015,27.5,36,22,30,113,119,116,0,1,7.2,météo très défavorable
2015-11-30,34,0,14,27,33,29,0,64,10,1015,32.125,38,23,30,116,116,116,0,1,8.7,météo favorable
2015-12-01,34,0,17,27,34,30,0.3,63,9.875,1013,36,38,23,30,116,116,116,0,1,8.7,météo favorable
2015-12-02,33,0,14,28,33,28,0,75,10,1014,30,38,24,29,116,116,113,0,1,8.7,météo favorable
2015-12-03,33,0,5,28,32,29,3.5,69,9.625,1013,38.75,38,24,30,113,116,119,0,1,7.2,météo favorable
2015-12-04,33,0,10,31,33,28,0.3,71,10,1012,49.75,37,24,29,119,116,116,0,1,7.2,météo favorable
2015-12-05,33,0,12,27,33,29,0.6,69,10,1013,34,37,23,29,116,116,113,0,1,8.7,météo favorable
2015-12-06,33,0,20,26,33,30,0,59,10,1014,51.25,36,22,30,113,116,122,0,1,8.7,météo favorable
2015-12-07,33,0,22,25,33,29,0,58,10,1016,21.75,35,20,28,113,113,116,0,1,8.7,météo favorable
2015-12-08,33,0,16,24,32,28,0,58,10,1015,20.25,35,20,29,113,113,113,0,1,8.7,météo favorable
2015-12-09,33,0,12,25,33,29,0,61,10,1015,13.25,36,21,29,113,113,113,0,1,8.7,météo favorable
2015-12-10,33,0,8,26,33,29,0,59,10,1014,13.875,38,21,30,113,113,113,0,1,8.7,météo favorable
2015-12-11,32,0,13,28,32,28,0.1,68,10,1013,26.75,37,23,29,116,116,113,0,1,8.7,météo favorable
2015-12-12,33,0,16,27,33,28,0.2,73,10,1013,11.875,37,23,29,113,116,113,0,1,8.7,météo favorable
2015-12-13,32,0,12,28,32,28,0.4,73,9.875,1012,24.25,37,24,29,113,116,116,0,1,8.7,météo favorable
2015-12-14,34,0,7,27,33,30,0,63,10,1013,20.25,38,24,30,113,113,113,0,1,8.7,météo favorable
2015-12-15,33,0,5,28,33,29,0.2,63,10,1012,32.75,38,23,30,113,116,116,0,1,7.2,météo favorable
2015-12-16,33,0,18,27,33,29,0,52,10,1013,60.25,35,22,30,119,119,116,0,1,7.2,météo très défavorable
2015-12-17,30,0,32,23,30,26,0.1,52,10,1016,27.625,31,20,26,116,116,113,0,1,8.7,météo favorable
2015-12-18,23,0,20,20,21,21,0,62,10,1017,16.375,25,14,21,113,113,113,0,1,8.7,météo favorable
2015-12-19,30,0,15,21,30,26,0,56,10,1015,13,32,17,26,113,113,113,0,1,8.7,météo favorable
2015-12-20,30,0,13,22,30,26,0,57,10,1015,27,32,18,27,113,113,116,0,1,7.2,météo favorable
2015-12-21,33,0,14,23,32,29,0,50,10,1015,28.375,34,17,28,113,113,116,0,1,8.7,météo favorable
2015-12-22,31,0,18,24,31,28,0.6,67,9.875,1016,42.625,33,21,28,116,116,116,0,1,7.2,météo favorable
2015-12-23,33,0,18,26,33,28,2.2,74,10,1015,42.625,36,24,29,116,116,116,0,1,7.2,météo favorable
2015-12-24,33,0,17,26,33,28,0,74,10,1014,31.875,38,23,28,113,116,113,0,1,7.2,météo favorable
2015-12-25,33,0,16,26,33,28,0.1,78,10,1014,34.25,37,24,28,113,119,113,0,1,7.2,météo très défavorable
2015-12-26,33,0,14,26,33,28,0.1,74,10,1015,8.375,39,27,28,113,113,113,0,1,8.7,météo favorable
2015-12-27,34,0,18,26,34,29,0,58,10,1016,22.75,36,24,30,113,113,116,0,1,8.7,météo favorable
2015-12-28,34,0,26,26,34,30,0,49,10,1019,20.625,35,21,30,116,113,113,0,1,8.7,météo favorable
2015-12-29,31,0,13,22,31,27,0.3,56,10,1014,49.375,33,18,27,113,116,113,0,1,5.7,météo favorable
2015-12-30,32,0,22,24,32,29,0,50,10,1017,15.875,33,19,29,113,116,113,0,1,8.7,météo favorable
2015-12-31,33,0,31,24,32,29,0,50,10,1017,41,34,18,29,119,113,116,0,1,8.7,météo favorable
2016-01-01,32,0,27,22,31,28,0,56,10,1019,10.125,33,17,27,113,113,113,0,1,8.7,météo favorable
2016-01-02,32,0,20,23,32,28,0,52,10,1018,2.375,35,17,28,113,113,113,0,1,11.6,météo favorable
2016-01-03,32,0,11,24,32,28,0,51,10,1016,4.125,34,18,29,113,113,113,0,1,11.6,météo favorable
2016-01-04,31,0,11,23,31,27,0.2,56,10,1013,53.375,34,18,28,113,116,116,0,1,8.7,météo favorable
2016-01-05,32,0,12,28,32,28,0.5,52,10,1014,29.375,35,19,29,176,113,113,0,1,11.6,météo favorable
2016-01-06,33,0,11,25,33,28,0,58,10,1016,5.875,37,24,29,113,113,113,0,1,11.6,météo favorable
2016-01-07,33,0,13,24,33,29,0,63,10,1016,17,37,23,29,113,116,113,0,1,11.6,météo favorable
2016-01-08,32,0,14,27,32,28,1.9,63,9.75,1016,27.25,35,22,29,116,116,113,0,1,11.6,météo favorable
2016-01-09,32,0,21,26,32,28,0,69,10,1014,15.875,35,22,28,113,116,113,0,1,11.6,météo favorable
2016-01-10,31,0,16,26,31,28,0.1,67,10,1015,21.875,33,23,28,116,113,113,0,1,11.6,météo favorable
2016-01-11,31,0,15,25,31,27,0,64,10,1015,13.875,34,23,28,116,113,113,0,1,11.6,météo favorable
2016-01-12,32,0,14,25,32,27,0,64,10,1014,5.25,35,22,29,113,113,113,0,1,11.6,météo favorable
2016-01-13,32,0,14,26,32,28,0.8,72,9.875,1013,25.875,35,23,28,116,119,113,0,1,10.2,météo très défavorable
2016-01-14,32,0,19,26,32,28,0,70,10,1013,21.75,36,23,29,113,119,113,0,1,10.2,météo très défavorable
2016-01-15,32,0,19,26,32,29,0.1,70,10,1011,21.375,36,23,29,116,116,113,0,1,11.6,météo favorable
2016-01-16,32,0,19,27,32,29,1.8,72,9.875,1011,20.75,35,23,29,113,116,113,0,1,11.6,météo favorable
2016-01-17,32,0,18,27,32,29,0,66,10,1011,40.5,36,24,29,116,116,116,0,1,11.6,météo favorable
2016-01-18,33,0,17,27,33,29,0,69,10,1011,25.25,38,24,30,116,113,113,0,1,11.6,météo favorable
2016-01-19,33,0,18,27,33,30,0.8,69,9.875,1012,25.625,37,24,30,113,116,113,0,1,11.6,météo favorable
2016-01-20,32,0,16,27,32,29,0.9,68,9.75,1014,21.75,36,24,30,113,116,113,0,1,11.6,météo favorable
2016-01-21,32,0,17,27,32,29,0.2,72,9.875,1014,23.5,37,24,30,113,116,113,0,1,11.6,météo favorable
2016-01-22,33,0,15,27,33,29,0.1,72,10,1015,11,38,25,29,113,113,113,0,1,11.6,météo favorable
2016-01-23,33,0,16,26,33,28,0.1,80,10,1015,14.125,38,25,28,113,116,113,0,1,11.6,météo favorable
2016-01-24,30,0,34,26,30,23,0.1,62,10,1019,36.875,32,24,23,116,116,119,0,1,10.2,météo favorable
2016-01-25,24,0,27,17,21,20,0,53,10,1022,61.25,25,10,17,122,119,113,0,1,8.7,météo très défavorable
2016-01-26,28,0,22,16,25,24,0,48,10,1020,21.5,28,13,20,113,113,113,0,1,11.6,météo favorable
2016-01-27,31,0,15,19,29,27,0,51,10,1018,42.5,32,16,23,116,113,116,0,1,11.6,météo favorable
2016-01-28,32,0,10,22,31,28,0,56,10,1016,23.375,34,19,27,116,113,113,0,1,11.6,météo favorable
2016-01-29,32,0,14,25,32,28,0,66,10,1015,20.5,35,22,28,116,113,113,0,1,11.6,météo favorable
2016-01-30,32,0,16,26,32,28,0.3,71,9.875,1013,16.5,36,24,28,113,116,113,0,1,11.6,météo favorable
2016-01-31,33,0,17,26,33,29,0.1,61,10,1013,13,36,24,29,113,113,113,0,1,11.6,météo favorable
2016-02-01,33,0,15,26,33,29,0,60,10,1014,16.75,38,25,30,113,113,116,0,1,11.6,météo favorable
2016-02-02,34,0,26,27,34,30,0.3,56,10,1014,29.75,36,23,30,113,116,119,0,1,10.2,météo favorable
2016-02-03,34,0,25,24,33,29,0,45,10,1015,13.75,34,18,29,113,113,113,0,1,11.6,météo favorable
2016-02-04,35,0,28,25,33,30,0,43,10,1014,7.875,35,17,30,113,113,113,0,1,11.6,météo favorable
2016-02-05,35,0,27,26,34,31,0,43,10,1014,5.5,35,18,30,113,113,113,0,1,11.6,météo favorable
2016-02-06,32,0,40,25,31,27,0,40,10,1016,4.875,31,17,27,113,113,113,0,1,11.6,météo favorable
2016-02-07,28,0,38,18,26,23,0,34,10,1020,1.875,26,10,22,113,113,113,0,1,11.6,météo favorable
2016-02-08,27,0,32,16,25,23,0,39,10,1018,0,26,9,20,113,113,113,0,1,11.6,météo favorable
2016-02-09,31,0,21,19,29,25,0,39,10,1016,2.375,31,12,25,113,113,113,0,1,11.6,météo favorable
2016-02-10,32,0,10,21,31,26,0,43,10,1015,0,33,16,27,113,113,113,0,1,11.6,météo favorable
2016-02-11,33,0,14,23,32,27,0,57,10,1014,0.375,37,20,28,113,113,113,0,1,11.6,météo favorable
2016-02-12,32,0,18,25,32,28,0,69,10,1014,11,35,22,28,113,116,113,0,1,11.6,météo favorable
2016-02-13,33,0,18,26,33,28,0,68,10,1014,5.125,37,24,29,113,113,113,0,1,11.6,météo favorable
2016-02-14,33,0,18,26,33,28,0,71,10,1013,6.75,39,25,28,113,113,113,0,1,11.6,météo favorable
2016-02-15,35,0,14,26,35,29,0.7,66,9.875,1015,10.375,40,25,30,113,113,113,0,1,11.6,météo très défavorable
2016-02-16,33,0,23,27,33,29,0,67,10,1016,30,36,23,29,116,116,116,0,1,11.6,météo favorable
2016-02-17,35,0,20,26,34,29,0,50,10,1016,10.125,36,23,30,113,113,113,0,1,11.6,météo favorable
2016-02-18,34,0,18,26,34,28,0,71,10,1016,5.25,36,23,28,113,113,113,0,1,11.6,météo favorable
2016-02-19,33,0,23,25,33,28,0,67,10,1016,3.625,36,26,28,113,113,113,0,1,11.6,météo favorable
2016-02-20,33,0,23,26,33,29,0.1,66,10,1016,28.5,36,24,29,116,116,116,0,1,11.6,météo favorable
2016-02-21,30,0,19,26,30,28,0.6,66,9.875,1016,33.5,33,24,28,113,122,116,0,1,10.2,météo très défavorable
2016-02-22,32,0,21,26,32,28,0,67,10,1016,12.75,35,23,28,113,113,113,0,1,11.6,météo favorable
2016-02-23,32,0,18,26,32,28,0.1,76,10,1015,11,37,23,28,113,116,113,0,1,11.6,météo favorable
2016-02-24,33,0,16,26,33,29,2.3,64,10,1016,34.75,36,24,30,113,116,113,0,1,8.8,météo favorable
2016-02-25,34,0,31,25,33,30,0.3,46,10,1018,21.25,34,23,28,116,113,113,0,1,11.6,météo favorable
2016-02-26,34,0,29,23,32,30,0,45,10,1019,8,34,15,27,113,113,113,0,1,11.6,météo favorable
2016-02-27,34,0,25,24,32,31,0,39,10,1018,14.25,34,15,28,113,113,113,0,1,11.6,météo favorable
2016-02-28,35,0,20,25,34,31,0,37,10,1018,16,35,14,30,113,113,113,0,1,11.6,météo favorable
2016-02-29,35,0,26,25,34,31,0,36,10,1018,8.75,35,14,30,113,113,113,0,1,11.6,météo favorable
2016-03-01,34,0,26,24,33,30,0,37,10,1016,7.125,34,14,28,113,113,113,0,1,11.6,météo favorable
2016-03-02,34,0,21,25,34,29,0,46,10,1016,7.25,35,18,30,113,113,113,0,1,11.6,météo favorable
2016-03-03,34,0,15,26,34,29,0,56,10,1016,6.25,36,20,29,113,113,113,0,1,11.6,météo favorable
2016-03-04,33,0,22,26,33,29,0.2,67,9.875,1013,12.5,36,23,29,113,113,113,0,1,11.6,météo favorable
2016-03-05,32,0,22,26,32,29,0.4,69,9.875,1013,13,37,24,29,113,116,113,0,1,11.6,météo favorable
2016-03-06,33,0,20,27,33,29,0.1,67,10,1013,13.875,38,24,29,113,116,113,0,1,11.6,météo favorable
2016-03-07,34,0,24,27,34,30,0,68,10,1013,8.625,39,24,30,113,113,113,0,1,11.6,météo favorable
2016-03-08,34,0,20,28,34,30,0.1,66,10,1011,30.75,39,25,30,119,113,113,0,1,11.6,météo favorable
2016-03-09,35,0,22,27,35,30,0,62,10,1011,4.5,40,24,31,113,113,113,0,1,11.6,météo très défavorable
2016-03-10,36,0,23,27,36,30,0,63,10,1013,4.125,40,25,31,113,113,113,0,1,11.6,météo très défavorable
2016-03-11,35,0,24,27,35,30,0,67,10,1013,12,42,25,31,113,113,113,0,1,11.6,météo très défavorable
2016-03-12,33,0,27,28,33,29,0.2,67,10,1013,25.75,38,25,29,116,116,113,0,1,11.6,météo favorable
2016-03-13,34,0,22,27,34,30,0,61,10,1014,13.875,38,24,30,113,113,113,0,1,11.6,météo favorable
2016-03-14,35,0,24,27,35,30,0,62,10,1013,3.875,38,24,30,113,113,113,0,1,11.6,météo favorable
2016-03-15,35,0,24,28,35,30,0,59,10,1012,8.875,40,25,30,113,113,113,0,1,11.6,météo très défavorable
2016-03-16,35,0,22,28,35,30,0.1,63,10,1012,11.875,39,25,30,116,113,113,0,1,11.6,météo favorable
2016-03-17,35,0,23,28,35,30,0,63,10,1012,7.5,40,24,31,113,113,113,0,1,11.6,météo très défavorable
2016-03-18,36,0,23,28,36,31,0,61,10,1012,10.875,41,25,31,116,113,113,0,1,11.6,météo très défavorable
2016-03-19,36,0,21,28,36,31,0,62,10,1011,3.75,40,25,31,113,113,113,0,1,11.6,météo très défavorable
2016-03-20,36,0,24,29,36,30,0,69,10,1012,11.75,42,25,30,116,113,113,0,1,11.6,météo très défavorable
2016-03-21,36,0,23,27,36,31,0,55,10,1011,5.25,39,24,31,113,113,113,0,1,11.6,météo favorable
2016-03-22,36,0,24,27,36,30,0,63,10,1010,2.75,40,25,30,113,113,113,0,1,11.6,météo très défavorable
2016-03-23,36,0,21,28,35,31,0,56,10,1011,15.75,39,25,32,116,113,113,0,1,11.6,météo favorable
2016-03-24,36,0,21,28,36,30,0,64,10,1013,3.125,39,25,31,113,113,113,0,1,11.6,météo favorable
2016-03-25,35,0,19,28,35,31,0.5,65,9.875,1016,25.125,39,26,31,116,116,113,0,1,11.6,météo favorable
2016-03-26,34,0,19,27,34,30,1.8,64,9.75,1017,26,38,23,30,116,116,113,0,1,11.6,météo favorable
2016-03-27,34,0,20,28,34,30,2.3,64,9.75,1017,30.125,38,23,30,113,119,113,0,1,10.2,météo très défavorable
2016-03-28,34,0,22,28,34,30,0.8,59,10,1016,37.375,37,22,30,116,116,116,0,1,11.6,météo favorable
2016-03-29,33,0,23,28,33,29,0.3,69,9.875,1016,26,37,23,29,116,116,113,0,1,11.6,météo favorable
2016-03-30,33,0,17,28,33,30,0.3,69,9.875,1015,28.75,38,24,30,113,116,116,0,1,11.6,météo favorable
2016-03-31,33,0,20,28,33,30,0,68,10,1013,20,37,24,30,113,116,116,0,1,11.6,météo favorable
2016-04-01,34,0,21,28,34,30,0,66,10,1012,11,38,23,30,113,113,113,0,1,11.6,météo favorable
2016-04-02,34,0,22,28,34,30,0,67,10,1013,10.25,38,23,30,113,116,113,0,1,11.6,météo favorable
2016-04-03,34,0,23,28,34,30,0,67,10,1013,9.25,39,24,30,113,113,113,0,1,11.6,météo favorable
2016-04-04,35,0,23,28,35,30,0,65,10,1012,19.25,38,24,30,113,116,113,0,1,11.6,météo favorable
2016-04-05,35,0,22,28,35,30,0,59,10,1012,3.375,39,25,31,113,113,113,0,1,11.6,météo favorable
2016-04-06,36,0,21,28,35,31,0,62,10,1012,3.625,41,25,31,113,113,113,0,1,11.6,météo très défavorable
2016-04-07,35,0,21,28,35,31,0,67,10,1011,16.625,41,25,31,119,113,113,0,1,11.6,météo très défavorable
2016-04-08,35,0,23,28,35,31,0,65,10,1012,17.75,41,25,31,116,113,113,0,1,11.6,météo très défavorable
2016-04-09,36,0,25,29,36,31,0,61,10,1012,4.25,40,25,31,113,113,113,0,1,11.6,météo très défavorable
2016-04-10,36,0,21,29,36,32,0,57,10,1012,3.875,41,25,33,113,113,113,0,1,11.6,météo très défavorable
2016-04-11,37,0,21,29,37,31,0,53,10,1009,2,40,25,31,113,113,113,0,1,11.6,météo très défavorable
2016-04-12,37,0,19,29,37,33,0,49,10,1008,3.25,41,26,33,113,113,113,0,1,11.6,météo très défavorable
2016-04-13,34,0,14,28,34,30,0.1,63,10,1011,33,39,24,30,113,116,113,0,1,8.9,météo favorable
2016-04-14,34,0,14,28,34,30,0.6,68,10,1010,51.25,40,24,30,116,116,116,0,1,8.9,météo très défavorable
2016-04-15,34,0,13,28,34,30,0.6,66,10,1010,63.875,39,24,30,116,116,176,0,1,7.5,météo très défavorable
2016-04-16,34,0,15,28,34,30,2,68,9.875,1011,65.375,39,24,30,113,116,176,0,1,7.5,météo très défavorable
2016-04-17,33,0,14,28,33,29,2.3,69,9.875,1010,63.125,37,24,29,176,116,116,0,1,8.9,météo très défavorable
2016-04-18,34,0,13,28,34,30,0.6,64,10,1010,53,40,24,31,116,116,116,0,1,8.9,météo très défavorable
2016-04-19,35,0,17,29,35,30,0.3,63,10,1010,40.125,40,25,31,116,113,113,0,1,11.8,météo très défavorable
2016-04-20,35,0,17,29,35,30,0.2,62,10,1010,41.125,40,24,31,113,113,113,0,1,11.8,météo très défavorable
2016-04-21,36,0,23,30,36,31,0,61,10,1011,16.5,41,24,32,113,116,113,0,1,12.7,météo très défavorable
2016-04-22,37,0,21,30,37,32,0,58,10,1011,11.5,40,24,32,113,113,113,0,1,12.7,météo très défavorable
2016-04-23,37,0,26,30,37,31,0.1,64,10,1010,14.25,42,25,31,116,113,113,0,1,12.7,météo très défavorable
2016-04-24,36,0,23,30,36,31,0,66,10,1009,5.625,41,24,31,113,113,113,0,1,12.7,météo très défavorable
2016-04-25,36,0,22,30,36,31,0,63,10,1010,8.25,42,25,31,116,113,113,0,1,12.7,météo très défavorable
2016-04-26,37,0,24,30,37,32,0,62,10,1011,3.875,43,25,32,113,113,113,0,1,12.7,météo très défavorable
2016-04-27,37,0,24,30,37,32,0,62,10,1009,10.125,43,25,32,113,113,113,0,1,12.8,météo très défavorable
2016-04-28,38,0,25,31,38,32,0,68,10,1008,7.375,45,26,32,113,113,113,0,1,12.8,météo très défavorable
2016-04-29,37,0,21,30,37,32,1,66,9.875,1010,23.75,43,27,32,122,113,113,0,1,12.8,météo très défavorable
2016-04-30,35,0,17,30,35,30,1.8,68,9.625,1010,28.25,41,25,30,200,113,116,0,1,12.8,météo très défavorable
2016-05-01,35,0,19,29,35,31,0.3,64,9.875,1010,24.875,41,25,31,116,116,113,0,1,12.8,météo très défavorable
2016-05-02,36,0,19,30,36,31,0,64,10,1011,8.25,41,24,31,113,113,113,0,1,12.8,météo très défavorable
2016-05-03,35,0,22,30,35,31,0,59,10,1011,15.25,41,25,32,116,113,113,0,1,12.8,météo très défavorable
2016-05-04,35,0,22,30,35,32,0,64,10,1010,13.375,41,25,32,113,113,113,0,1,12.8,météo très défavorable
2016-05-05,37,0,21,30,37,32,0,59,10,1010,6.5,42,25,32,113,113,113,0,1,12.8,météo très défavorable
2016-05-06,37,0,20,31,37,33,0,62,9.875,1009,15.875,43,25,33,113,113,113,0,1,12.8,météo très défavorable
2016-05-07,37,0,21,31,37,32,0,65,9.875,1009,17.75,43,26,32,113,113,113,0,1,12.8,météo très défavorable
2016-05-08,36,0,21,31,36,32,0.2,62,9.75,1010,31.625,43,26,32,116,200,116,0,1,12.8,météo très défavorable
2016-05-09,36,0,19,30,36,32,0,63,10,1011,17.375,41,24,32,113,113,113,0,1,12.8,météo très défavorable
2016-05-10,36,0,22,31,36,32,0,63,10,1010,10.5,43,25,32,113,113,113,0,1,12.8,météo très défavorable
2016-05-11,37,0,21,31,36,32,0,62,9.875,1008,19,43,26,32,200,113,113,0,1,12.8,météo très défavorable
2016-05-12,37,0,23,31,37,31,0.4,68,9.875,1007,18,44,26,31,200,113,113,0,1,12.8,météo très défavorable
2016-05-13,38,0,19,29,38,31,4.8,76,9.5,1009,52.625,43,25,29,119,116,200,0,1,11.9,météo très défavorable
2016-05-14,36,0,15,29,36,31,1.1,67,9.875,1011,37.25,43,25,31,116,116,116,0,1,12.9,météo très défavorable
2016-05-15,36,0,17,30,36,31,2,67,9.875,1010,16.5,43,26,32,113,113,113,0,1,12.9,météo très défavorable
2016-05-16,37,0,6,30,37,32,0,62,10,1010,31.25,43,25,32,113,116,113,0,1,12.9,météo très défavorable
2016-05-17,36,0,10,30,36,32,1.9,63,9.75,1010,33.625,43,25,32,116,116,116,0,1,12.9,météo très défavorable
2016-05-18,35,0,14,30,35,31,0.2,66,9.875,1010,22.5,41,25,31,116,113,113,0,1,12.9,météo très défavorable
2016-05-19,33,0,13,28,33,29,1.3,71,9.875,1009,51.875,39,25,30,176,116,116,0,1,10.6,météo favorable
2016-05-20,33,0,13,29,33,29,0.6,69,10,1009,53.125,39,25,30,116,116,116,0,1,11.9,météo favorable
2016-05-21,33,0,14,29,33,29,1.4,70,9.875,1009,55.75,39,25,30,116,116,116,0,1,11.9,météo très défavorable
2016-05-22,33,0,22,30,32,30,4.1,71,10,1009,57,38,24,30,116,116,119,0,1,11.9,météo très défavorable
2016-05-23,33,0,24,29,33,30,3.6,70,9.75,1009,57.625,39,24,30,116,122,116,0,1,12.9,météo très défavorable
2016-05-24,33,0,23,29,33,29,3.8,70,9.375,1007,45,38,24,30,116,119,116,0,1,12.9,météo très défavorable
2016-05-25,33,0,17,29,32,30,0.8,68,10,1008,48.375,37,23,29,116,116,116,0,1,12.9,météo favorable
2016-05-26,34,0,19,30,34,34,0,55,10,1007,23.25,40,24,33,113,113,113,0,1,12.9,météo très défavorable
2016-05-27,33,0,13,30,33,32,0,59,10,1008,27.625,38,24,32,116,116,116,0,1,12.9,météo favorable
2016-05-28,29,0,13,29,29,29,1,70,9.25,1008,31.25,34,24,29,176,176,176,0,1,12.9,météo favorable
2016-05-29,35,0,17,30,35,30,2.1,61,9.75,1008,30.375,40,24,31,176,116,116,0,1,12.9,météo très défavorable
2016-05-30,32,0,12,29,32,30,0.6,70,9.5,1008,42.375,37,24,30,116,176,116,0,1,12.9,météo favorable
2016-05-31,35,0,18,29,35,31,4.2,62,10,1009,50.625,40,25,32,116,353,353,0,1,12.9,météo très défavorable
2016-06-01,34,0,13,28,34,30,1.1,70,9.75,1008,57.375,40,25,31,116,116,116,0,1,11.9,météo très défavorable
2016-06-02,34,0,21,29,34,30,1,69,9.875,1009,19.5,40,24,30,113,176,113,0,1,12.9,météo très défavorable
2016-06-03,34,0,19,28,34,30,0,67,10,1009,27,39,25,30,113,116,113,0,1,12.9,météo favorable
2016-06-04,34,0,15,29,34,30,0.6,63,9.875,1010,24,39,24,30,113,116,113,0,1,12.9,météo favorable
2016-06-05,35,0,16,29,34,30,1.5,65,9.875,1010,25.5,40,24,30,116,113,116,0,1,12.9,météo très défavorable
2016-06-06,34,0,14,28,34,30,0,62,10,1011,24,39,25,30,113,116,113,0,1,12.9,météo favorable
2016-06-07,34,0,14,30,34,30,0.3,60,9.875,1011,26.375,39,24,31,116,113,113,0,1,12.9,météo favorable
2016-06-08,34,0,15,29,33,30,4.3,63,9.625,1010,28.75,38,25,30,116,113,113,0,1,12.9,météo favorable
2016-06-09,34,0,14,29,32,30,0,65,10,1010,63.5,39,24,30,116,122,116,0,1,10.7,météo très défavorable
2016-06-10,35,0,17,29,35,34,0,50,10,1010,30.625,39,24,33,116,113,113,0,1,13,météo favorable
2016-06-11,35,0,19,29,34,30,0,68,10,1009,17.125,40,24,30,113,113,113,0,1,13,météo très défavorable
2016-06-12,34,0,17,30,34,30,0.4,66,9.875,1009,22.625,39,24,30,113,116,116,0,1,13,météo favorable
2016-06-13,34,0,19,30,34,30,0,70,10,1010,23.125,39,24,30,113,116,116,0,1,13,météo favorable
2016-06-14,34,0,23,30,34,30,1.5,68,10,1008,27.625,40,23,30,113,116,113,0,1,13,météo très défavorable
2016-06-15,35,0,18,30,35,34,0,52,10,1007,21,39,23,33,113,113,113,0,1,13,météo favorable
2016-06-16,32,0,16,28,32,28,2.6,76,9.75,1008,55.25,37,24,28,119,116,116,0,1,11.9,météo très défavorable
2016-06-17,32,0,19,28,32,29,2.7,72,9.75,1009,49.75,37,23,29,116,116,116,0,1,13,météo favorable
2016-06-18,29,0,8,26,29,26,2.5,86,9.75,1011,66.75,33,24,27,122,122,116,0,1,10.7,météo très défavorable
2016-06-19,33,0,17,27,33,29,1.6,65,9.875,1010,18,39,24,29,113,113,113,0,1,13,météo favorable
2016-06-20,32,0,7,28,32,30,1.8,61,9.875,1009,39.5,37,24,30,113,119,116,0,1,13,météo très défavorable
2016-06-21,30,0,7,27,29,28,1.2,77,9.375,1008,62,35,24,28,119,119,116,0,1,11.9,météo très défavorable
2016-06-22,33,0,15,28,33,29,0,68,10,1008,46.375,39,24,29,119,113,116,0,1,13,météo favorable
2016-06-23,33,0,19,28,33,29,4.8,72,10,1008,58.25,38,24,29,119,119,116,0,1,11.9,météo très défavorable
2016-06-24,31,0,19,27,29,28,8.4,78,9.25,1008,64.5,36,24,28,116,119,119,0,1,10.7,météo très défavorable
2016-06-25,32,0,22,28,32,29,4.6,74,10,1010,51.125,37,24,29,116,116,116,0,1,13,météo favorable
2016-06-26,31,0,21,28,31,28,2.1,74,9.875,1010,54.625,36,24,29,116,116,116,0,1,13,météo favorable
2016-06-27,32,0,14,28,31,27,0,78,10,1009,63.125,37,23,27,119,119,119,0,1,9.4,météo très défavorable
2016-06-28,32,0,22,28,32,29,1.1,67,10,1008,44,36,24,29,116,116,116,0,1,13,météo favorable
2016-06-29,31,0,20,28,30,29,0.1,73,10,1008,50,36,24,29,119,116,116,0,1,11.9,météo favorable
2016-06-30,28,0,18,28,27,27,6.9,85,9.5,1009,66,32,24,27,116,122,119,0,1,10.7,météo très défavorable
2016-07-01,32,0,19,28,32,29,1.6,75,9.875,1009,41.25,37,24,29,116,116,116,0,1,13,météo favorable
2016-07-02,31,0,20,28,31,29,4,74,9.5,1011,40,36,24,29,116,116,116,0,1,13,météo favorable
2016-07-03,32,0,17,28,32,28,0.4,72,9.875,1012,58.625,36,24,29,116,116,122,0,1,12.9,météo très défavorable
2016-07-04,34,0,16,28,34,29,0.8,73,9,1010,58.125,38,25,29,116,116,119,0,1,12.9,météo très défavorable
2016-07-05,31,0,18,27,31,26,2.8,89,9.75,1009,75.75,36,25,26,116,122,119,0,1,9.4,météo très défavorable
2016-07-06,31,0,17,27,31,26,2.5,83,9.875,1008,61.75,36,24,27,116,116,122,0,1,12.9,météo très défavorable
2016-07-07,30,0,19,25,29,27,2.9,84,9.75,1007,76.25,35,24,27,119,119,116,0,1,10.7,météo très défavorable
2016-07-08,30,0,30,27,30,28,1,76,9.75,1008,50.875,35,24,28,116,119,116,0,1,11.9,météo très défavorable
2016-07-09,32,0,25,28,32,29,0.6,73,9.875,1008,38.375,37,23,29,116,113,113,0,1,12.9,météo favorable
2016-07-10,32,0,24,28,32,28,0.9,75,10,1008,49.875,37,23,28,116,119,116,0,1,11.9,météo très défavorable
2016-07-11,33,0,19,28,33,29,0,72,10,1008,62.125,38,23,29,119,119,116,0,1,9.4,météo très défavorable
2016-07-12,32,0,17,27,32,28,0.5,78,9.875,1008,50,37,24,28,116,116,119,0,1,12.9,météo favorable
2016-07-13,33,0,13,28,33,28,1,79,10,1007,52.125,39,25,29,116,116,116,0,1,12.9,météo favorable
2016-07-14,33,0,13,28,33,29,1,74,9.875,1008,48.125,39,25,29,116,116,116,0,1,12.9,météo favorable
2016-07-15,33,0,15,28,33,29,0,74,10,1009,15.875,39,25,29,113,113,113,0,1,12.9,météo favorable
2016-07-16,34,0,10,28,33,30,1.7,64,9.75,1010,21.375,40,25,30,116,113,113,0,1,12.9,météo très défavorable
2016-07-17,34,0,12,29,34,30,0.9,63,9.875,1010,21.375,40,25,30,113,113,113,0,1,12.9,météo très défavorable
2016-07-18,30,0,19,27,30,27,2.6,82,9.375,1008,58,35,24,27,119,119,119,0,1,9.4,météo très défavorable
2016-07-19,30,0,16,27,30,27,1,78,9.5,1008,59.25,35,24,27,119,119,119,0,1,12.9,météo très défavorable
2016-07-20,30,0,14,27,30,27,1.3,79,9,1009,62.25,35,24,28,119,119,119,0,1,12.9,météo très défavorable
2016-07-21,31,0,15,27,31,27,1,78,9.125,1009,63.75,36,24,28,119,119,176,0,1,10.6,météo très défavorable
2016-07-22,31,0,13,27,31,28,1.6,78,9.375,1008,60.875,36,24,28,119,119,119,0,1,12.9,météo très défavorable
2016-07-23,31,0,14,26,31,28,0.9,78,9.625,1008,65.625,36,23,28,176,116,119,0,1,11.9,météo très défavorable
2016-07-24,31,0,16,27,31,28,1.1,75,9.875,1008,60.375,36,24,28,116,116,119,0,1,11.9,météo très défavorable
2016-07-25,31,0,14,27,31,28,1.2,77,10,1008,54.875,35,23,28,116,119,119,0,1,11.9,météo très défavorable
2016-07-26,31,0,15,27,31,28,1.4,75,10,1008,56.875,35,23,28,116,116,116,0,1,12.9,météo très défavorable
2016-07-27,31,0,13,27,31,28,0.4,76,9.875,1009,56.25,36,23,28,119,119,119,0,1,12.9,météo très défavorable
2016-07-28,33,0,12,28,33,29,0.3,64,9.875,1008,43.75,38,23,29,116,116,116,0,1,12.9,météo favorable
2016-07-29,32,0,27,27,32,28,3.7,70,10,1008,59.375,37,23,28,116,116,122,0,1,11.8,météo très défavorable
2016-07-30,31,0,19,27,31,27,1.3,74,9.875,1010,74.25,35,24,28,122,119,116,0,1,9.1,météo très défavorable
2016-07-31,33,0,11,27,32,29,0.3,68,9.875,1010,53.25,37,23,29,116,116,116,0,1,12.4,météo favorable
2016-08-01,34,0,14,28,33,29,0.3,72,9.875,1008,47.625,38,24,29,113,116,116,0,1,12.4,météo favorable
2016-08-02,32,0,17,27,31,28,2.6,71,10,1007,62.375,36,23,29,116,116,116,0,1,10.3,météo très défavorable
2016-08-03,32,0,15,27,32,28,1.1,75,8.375,1006,45.5,37,24,29,263,119,116,0,1,10.3,météo très défavorable
2016-08-04,32,0,18,27,32,28,0.8,79,10,1009,50.125,37,24,28,116,116,116,0,1,10.3,météo favorable
2016-08-05,31,0,12,27,31,27,0.9,81,8.75,1009,75,36,24,28,119,122,119,0,1,6.2,météo très défavorable
2016-08-06,31,0,14,26,30,28,1.3,72,10,1010,65.875,36,24,29,122,116,116,0,1,7.6,météo très défavorable
2016-08-07,31,0,18,27,31,28,0.2,76,9.875,1009,37.75,35,24,28,116,116,116,0,1,11.6,météo favorable
2016-08-08,32,0,19,28,32,28,0,78,10,1009,47.625,37,24,28,116,119,113,0,1,10.2,météo très défavorable
2016-08-09,33,0,16,28,33,29,0,73,10,1009,25.75,37,24,29,113,113,116,0,1,11.6,météo favorable
2016-08-10,34,0,16,28,33,29,0,71,10,1008,25.625,38,24,29,113,113,116,0,1,11.6,météo favorable
2016-08-11,33,0,19,28,33,30,0,67,10,1008,26.375,38,23,30,116,116,116,0,1,11.6,météo favorable
2016-08-12,33,0,21,29,33,30,0.7,68,9.875,1008,37.875,38,23,30,113,116,116,0,1,8.9,météo favorable
2016-08-13,33,0,21,28,33,30,0.3,65,9.875,1007,46.5,37,23,30,116,116,119,0,1,10.2,météo favorable
2016-08-14,33,0,30,29,32,30,0.1,62,10,1006,41.875,37,22,30,116,116,116,0,1,10.2,météo favorable
2016-08-15,33,0,27,29,33,30,0.1,66,10,1006,28,38,23,30,113,116,116,0,1,11.6,météo favorable
2016-08-16,33,0,24,29,33,29,0.2,68,9.875,1007,33.5,38,23,30,116,116,113,0,1,11.6,météo favorable
2016-08-17,33,0,18,29,33,29,0.2,69,10,1007,22.5,38,24,30,116,113,113,0,1,11.6,météo favorable
2016-08-18,33,0,19,28,33,29,0,70,10,1006,17.75,38,24,29,113,113,113,0,1,11.6,météo favorable
2016-08-19,32,0,22,28,32,29,0.3,69,9.875,1005,33.375,37,23,29,116,116,116,0,1,10.2,météo favorable
2016-08-20,33,0,19,28,33,29,0,67,10,1007,31,38,23,29,119,116,113,0,1,11.6,météo favorable
2016-08-21,34,0,13,28,34,29,0,63,10,1008,16.5,38,24,29,113,113,113,0,1,11.6,météo favorable
2016-08-22,35,0,15,28,34,30,0,57,10,1007,19.75,38,24,31,113,113,116,0,1,11.6,météo favorable
2016-08-23,34,0,17,29,34,29,0.3,71,9.875,1006,31.625,40,25,30,113,113,116,0,1,11.6,météo très défavorable
2016-08-24,34,0,15,28,33,29,0.8,66,10,1005,42.75,39,25,30,116,116,116,0,1,11.6,météo favorable
2016-08-25,34,0,15,28,34,29,0.9,64,9.75,1006,31.125,39,24,30,116,113,113,0,1,11.6,météo favorable
2016-08-26,34,0,13,28,34,30,0,64,10,1008,21.25,40,24,30,116,113,113,0,1,11.6,météo très défavorable
2016-08-27,34,0,15,29,34,30,0,69,10,1009,25.125,40,24,30,113,116,113,0,1,11.6,météo très défavorable
2016-08-28,34,0,12,29,34,30,1.3,66,9.75,1010,36.125,40,24,30,116,116,116,0,1,11.6,météo très défavorable
2016-08-29,33,0,12,28,33,29,3.4,73,10,1008,51.625,39,25,29,119,116,116,0,1,11.6,météo favorable
2016-08-30,31,0,10,28,31,29,0,72,10,1009,39,37,25,29,116,116,113,0,1,11.6,météo favorable
2016-08-31,32,0,21,30,32,29,1,73,9.75,1010,43,38,24,29,116,116,176,0,1,11.6,météo favorable
2016-09-01,33,0,15,29,33,29,0.7,72,9.875,1011,48.75,37,24,29,116,116,116,0,1,11.6,météo favorable
2016-09-02,32,0,22,27,32,29,2.7,71,9.625,1009,47.75,37,24,29,119,116,116,0,1,11.6,météo favorable
2016-09-03,33,0,19,28,33,29,1,72,10,1009,30.25,37,24,29,116,116,113,0,1,11.6,météo favorable
2016-09-04,32,0,15,28,32,28,0.6,76,9.875,1010,34,36,24,28,116,116,113,0,1,11.6,météo favorable
2016-09-05,31,0,16,28,31,28,0.3,76,9.875,1010,37.875,36,23,28,116,116,116,0,1,11.6,météo favorable
2016-09-06,32,0,15,28,32,29,1.6,68,9.875,1009,53.25,37,23,29,116,122,116,0,1,10.2,météo très défavorable
2016-09-07,34,0,22,28,34,29,0.1,72,10,1008,30.625,39,24,29,116,116,113,0,1,11.6,météo favorable
2016-09-08,32,0,19,28,32,28,0.2,73,9.875,1010,44.125,37,24,28,116,116,116,0,1,11.6,météo favorable
2016-09-09,33,0,14,28,33,29,0,68,10,1010,28.375,38,24,29,116,116,113,0,1,11.6,météo favorable
2016-09-10,33,0,14,27,33,29,0.2,66,10,1010,30.375,38,24,29,116,116,113,0,1,11.6,météo favorable
2016-09-11,33,0,15,28,33,29,2.7,73,9.75,1007,47.5,38,24,29,116,116,122,0,1,10.2,météo favorable
2016-09-12,29,0,15,27,29,26,6.9,85,9.625,1009,66.875,33,24,27,116,119,122,0,1,7.5,météo très défavorable
2016-09-13,28,0,13,25,28,26,3.7,86,9.625,1009,78.375,32,24,26,122,119,116,0,1,6.1,météo très défavorable
2016-09-14,31,0,18,26,31,27,1.3,78,10,1009,60.125,35,23,27,119,116,116,0,1,11.6,météo très défavorable
2016-09-15,32,0,16,27,32,28,0.8,75,9.875,1009,33.5,37,24,28,116,113,116,0,1,11.6,météo favorable
2016-09-16,32,0,14,28,32,28,0.2,72,9.875,1009,31.75,38,24,28,116,116,116,0,1,11.6,météo favorable
2016-09-17,33,0,14,28,33,29,0.7,69,9.875,1008,31.75,39,24,29,116,113,116,0,1,11.6,météo favorable
2016-09-18,33,0,11,28,33,29,3.9,72,9.5,1008,48.375,38,24,29,116,116,119,0,1,10.2,météo favorable
2016-09-19,32,0,9,27,32,29,0.1,72,10,1008,58.125,38,24,29,119,116,116,0,1,11.6,météo très défavorable
2016-09-20,31,0,7,27,31,28,0.7,78,10,1008,73.375,37,24,28,119,116,122,0,1,7.4,météo très défavorable
2016-09-21,29,0,10,26,29,27,0,85,10,1010,74.875,35,24,27,122,119,116,0,1,7.4,météo très défavorable
2016-09-22,30,0,12,26,30,27,4.3,87,9.625,1010,67.875,36,25,28,116,119,122,0,1,8.8,météo très défavorable
2016-09-23,29,0,11,26,29,27,1.1,85,9.875,1008,77,35,25,27,122,116,122,0,1,7.4,météo très défavorable
2016-09-24,31,0,10,26,31,27,1.7,79,10,1007,62.75,36,24,28,119,119,116,0,1,10.2,météo très défavorable
2016-09-25,32,0,9,26,32,28,0,76,10,1008,40.5,38,24,28,116,116,116,0,1,11.6,météo favorable
2016-09-26,30,0,9,27,30,27,0.1,79,10,1009,49.625,37,25,28,116,119,116,0,1,10.2,météo très défavorable
2016-09-27,32,0,12,27,32,27,3.2,83,9.875,1009,51.625,39,25,27,116,113,122,0,1,8.8,météo favorable
2016-09-28,32,0,15,27,32,27,1.4,78,9.875,1008,37.75,38,24,28,116,113,116,0,1,11.6,météo favorable
2016-09-29,32,0,11,27,32,28,0.2,76,9.875,1008,32.875,39,24,29,116,113,116,0,1,11.6,météo favorable
2016-09-30,32,0,12,27,32,28,0.1,71,10,1008,29.625,38,24,28,116,113,116,0,1,11.6,météo favorable
2016-10-01,32,0,15,27,32,28,0,75,10,1010,40.5,37,24,29,116,116,119,0,1,10.2,météo favorable
2016-10-02,33,0,9,28,33,29,0.6,73,9.875,1010,30.5,39,24,29,116,116,116,0,1,11.6,météo favorable
2016-10-03,33,0,12,28,33,29,0.3,72,10,1009,34.375,40,24,29,116,116,116,0,1,11.6,météo très défavorable
2016-10-04,33,0,8,28,33,29,1.6,73,9.875,1008,39.5,40,24,29,116,116,116,0,1,11.6,météo très défavorable
2016-10-05,32,0,9,27,32,28,0.3,71,9.875,1008,34.75,38,24,29,116,116,116,0,1,11.6,météo favorable
2016-10-06,31,0,11,27,31,28,2.2,79,9,1009,61.25,37,25,28,122,116,116,0,1,11.6,météo très défavorable
2016-10-07,30,0,14,27,30,27,3.1,85,9.625,1010,61,35,25,27,119,119,119,0,1,7.4,météo très défavorable
2016-10-08,29,0,9,26,28,27,13,91,9.125,1011,63,34,24,26,119,116,116,0,1,8.8,météo très défavorable
2016-10-09,31,0,9,26,30,27,1.5,83,9,1010,68.75,37,25,28,116,116,119,0,1,10.2,météo très défavorable
2016-10-10,32,0,12,27,32,28,0,78,10,1010,32.375,38,24,28,116,116,113,0,1,8.7,météo favorable
2016-10-11,31,0,9,27,31,28,0,78,10,1009,31.375,39,25,29,116,116,113,0,1,8.7,météo favorable
2016-10-12,28,0,8,26,28,26,4,87,9.875,1009,57.625,34,25,27,122,116,116,0,1,7.2,météo très défavorable
2016-10-13,32,0,19,27,32,28,0.8,76,9.875,1009,37.25,38,24,29,122,116,113,0,1,8.7,météo favorable
2016-10-14,32,0,10,27,32,29,2.6,73,9.75,1008,43.875,39,25,29,116,119,116,0,1,7.2,météo très défavorable
2016-10-15,32,0,7,26,32,28,0,78,10,1008,29.625,38,25,29,113,113,116,0,1,8.7,météo favorable
2016-10-16,31,0,9,27,31,28,9.2,84,9.5,1009,34.125,39,26,28,116,113,116,0,1,8.7,météo très défavorable
2016-10-17,31,0,18,26,30,27,2.1,84,10,1008,52.25,37,25,28,116,119,116,0,1,5.8,météo très défavorable
2016-10-18,32,0,7,27,32,30,0.5,70,9.625,1008,20.875,39,25,31,113,116,176,0,1,8.7,météo favorable
2016-10-19,32,0,12,27,32,28,0.8,82,9.75,1007,20.375,39,25,28,113,113,113,0,1,8.7,météo favorable
2016-10-20,32,0,15,27,32,27,0,80,10,1008,24.875,37,24,28,113,116,113,0,1,8.7,météo favorable
2016-10-21,31,0,15,27,31,27,0.8,79,10,1009,35.875,36,24,28,116,116,116,0,1,8.7,météo favorable
2016-10-22,31,0,15,28,31,28,1,75,9.875,1009,30.5,37,24,28,116,116,113,0,1,8.7,météo favorable
2016-10-23,32,0,13,27,32,28,0,73,10,1009,27.875,36,23,28,116,116,116,0,1,8.7,météo favorable
2016-10-24,32,0,13,28,32,28,0,74,10,1009,25.375,37,24,28,113,113,116,0,1,8.7,météo favorable
2016-10-25,32,0,7,27,32,28,4.3,81,9.625,1009,52.75,39,25,28,116,113,119,0,1,7.2,météo favorable
2016-10-26,31,0,15,26,31,27,3.3,84,9.625,1012,48.875,38,25,27,116,200,119,0,1,8.7,météo très défavorable
2016-10-27,31,0,6,26,31,28,3.9,83,9.625,1013,42.625,37,25,28,116,119,116,0,1,5.8,météo très défavorable
2016-10-28,32,0,9,26,32,28,4.6,81,9.375,1013,24.75,39,25,28,116,116,113,0,1,8.7,météo favorable
2016-10-29,31,0,15,26,31,27,12.4,82,9,1012,27.875,38,26,28,116,116,116,0,1,8.7,météo très défavorable
2016-10-30,31,0,17,25,31,27,0.6,86,10,1012,45.25,37,25,27,116,119,116,0,1,7.2,météo très défavorable
2016-10-31,31,0,18,26,31,27,0,84,9.875,1013,40.5,36,25,27,116,119,116,0,1,7.2,météo très défavorable
2016-11-01,31,0,22,25,31,27,0,79,10,1012,16.375,37,24,28,113,113,113,0,1,8.7,météo favorable
2016-11-02,31,0,26,25,31,27,0,77,10,1013,28,36,23,28,116,113,116,0,1,8.7,météo favorable
2016-11-03,32,0,26,24,32,28,0,71,10,1014,30.625,37,23,28,113,113,119,0,1,8.7,météo favorable
2016-11-04,31,0,17,24,31,27,0,69,10,1013,32.5,36,22,27,116,116,116,0,1,8.7,météo favorable
2016-11-05,32,0,5,25,32,27,0,75,10,1011,28.75,36,23,27,113,116,116,0,1,8.7,météo favorable
2016-11-06,30,0,5,27,30,27,1.5,84,9.875,1011,69.5,36,25,28,119,122,122,0,1,4.3,météo très défavorable
2016-11-07,31,0,7,27,31,28,0.4,81,9.875,1011,37.625,37,24,28,116,116,116,0,1,8.7,météo favorable
2016-11-08,31,0,11,26,31,28,3.7,76,9.5,1012,36.125,37,24,28,116,116,116,0,1,8.7,météo favorable
2016-11-09,31,0,9,26,31,28,2.2,79,9.875,1014,43.25,38,24,28,116,119,116,0,1,7.2,météo très défavorable
2016-11-10,31,0,14,26,31,27,11.6,86,8.875,1014,30,37,25,27,116,116,116,0,1,8.7,météo très défavorable
2016-11-11,31,0,14,25,31,27,0,80,10,1014,31.125,36,24,28,116,116,116,0,1,8.7,météo favorable
2016-11-12,31,0,13,25,31,27,1.8,80,9.75,1014,18.875,37,24,28,113,116,113,0,1,8.7,météo favorable
2016-11-13,32,0,15,26,32,28,1.1,76,9.75,1013,20.75,38,25,28,113,116,113,0,1,8.7,météo favorable
2016-11-14,33,0,11,27,33,28,0.6,75,9.875,1012,30.625,39,25,29,113,119,116,0,1,7.2,météo très défavorable
2016-11-15,33,0,13,27,33,28,0.5,76,9.875,1012,37.5,39,24,29,113,119,113,0,1,7.2,météo très défavorable
2016-11-16,33,0,18,26,33,28,0,68,10,1012,18,38,24,29,113,113,113,0,1,8.7,météo favorable
2016-11-17,32,0,12,25,32,28,0,73,10,1012,2.5,38,24,28,113,113,113,0,1,8.7,météo favorable
2016-11-18,32,0,9,25,32,28,0,73,10,1010,22.75,37,23,28,113,113,116,0,1,8.7,météo favorable
2016-11-19,32,0,10,26,32,28,4.5,80,9.625,1010,30.5,37,24,28,116,116,116,0,1,8.7,météo favorable
2016-11-20,32,0,10,27,32,28,0.4,75,9.75,1010,37.25,39,24,29,116,116,113,0,1,8.7,météo favorable
2016-11-21,32,0,9,27,32,28,0.7,82,9.75,1010,25.5,40,25,28,113,116,113,0,1,8.7,météo très défavorable
2016-11-22,32,0,10,26,32,28,3.5,78,9.625,1010,29.875,38,25,29,116,200,116,0,1,8.7,météo très défavorable
2016-11-23,30,0,8,27,30,27,12.4,86,9.125,1011,51.875,36,25,27,113,116,122,0,1,8.7,météo très défavorable
2016-11-24,31,0,9,26,31,28,0.7,81,9.875,1011,34.375,38,25,28,116,116,113,0,1,8.7,météo favorable
2016-11-25,32,0,10,26,32,28,4.1,78,9.625,1011,38.125,39,25,29,116,113,119,0,1,8.7,météo favorable
2016-11-26,32,0,13,26,32,28,0.6,79,9.875,1011,44.5,38,25,28,116,116,116,0,1,8.7,météo favorable
2016-11-27,31,0,21,25,31,28,0,70,10,1012,25.75,35,23,28,113,113,113,0,1,8.7,météo favorable
2016-11-28,30,0,18,24,30,26,0,73,10,1014,20.125,34,22,27,113,113,116,0,1,8.7,météo favorable
2016-11-29,31,0,19,24,31,26,0,74,10,1014,9.25,36,23,27,113,113,113,0,1,8.7,météo favorable
2016-11-30,31,0,17,23,30,26,0,72,10,1016,8.75,36,22,27,113,113,116,0,1,8.7,météo favorable
2016-12-01,29,0,19,23,29,28,0,63,10,1016,19,32,21,26,113,116,113,0,1,8.7,météo favorable
2016-12-02,30,0,17,23,28,26,0,68,10,1016,45.5,33,20,26,116,119,116,0,1,7.2,météo très défavorable
2016-12-03,31,0,15,24,31,28,0,66,10,1014,18.75,35,21,27,116,113,113,0,1,8.7,météo favorable
2016-12-04,32,0,17,25,32,28,0.4,71,9.875,1013,25.125,36,22,28,113,116,116,0,1,8.7,météo favorable
2016-12-05,31,0,18,24,31,27,0.1,69,10,1012,44.625,35,22,28,113,119,116,0,1,5.7,météo très défavorable
2016-12-06,31,0,23,24,30,27,0,65,10,1013,53.375,34,21,27,116,122,116,0,1,5.7,météo très défavorable
2016-12-07,29,0,17,23,29,26,0,68,10,1013,39.625,32,20,27,116,119,116,0,1,5.7,météo très défavorable
2016-12-08,31,0,15,24,30,27,0,69,10,1012,43.125,34,21,26,116,116,119,0,1,8.7,météo favorable
2016-12-09,31,0,19,23,31,27,0,63,10,1010,14.5,33,20,27,113,113,113,0,1,8.7,météo favorable
2016-12-10,31,0,12,24,31,26,0,63,10,1011,13.875,33,19,27,113,113,113,0,1,8.7,météo favorable
2016-12-11,31,0,10,23,30,26,0,56,10,1012,13.125,32,17,27,113,113,113,0,1,8.7,météo favorable
2016-12-12,30,0,13,23,30,25,0,61,10,1011,9.625,31,19,26,113,113,113,0,1,8.7,météo favorable
2016-12-13,30,0,12,22,30,26,0,56,10,1011,14.375,33,17,27,113,113,113,0,1,8.7,météo favorable
2016-12-14,30,0,15,25,30,27,0.1,70,10,1011,56.625,33,21,27,116,119,116,0,1,5.7,météo très défavorable
2016-12-15,31,0,20,25,30,27,0.3,72,10,1012,47.25,35,22,26,116,116,116,0,1,8.7,météo favorable
2016-12-16,29,0,23,24,27,26,0.1,66,10,1015,64.75,31,20,26,122,119,116,0,1,5.7,météo très défavorable
2016-12-17,30,0,16,22,29,25,0,62,10,1017,28,31,18,24,116,113,113,0,1,8.7,météo favorable
2016-12-18,31,0,10,22,30,26,0,63,10,1016,16.625,33,19,27,113,113,113,0,1,8.7,météo favorable
2016-12-19,32,0,9,24,32,28,0,61,10,1014,17.125,36,21,28,113,113,113,0,1,8.7,météo favorable
2016-12-20,33,0,11,25,33,29,0,63,10,1013,33.75,37,22,29,116,113,116,0,1,8.7,météo favorable
2016-12-21,34,0,11,26,33,29,0,62,10,1012,28.5,37,22,29,116,113,116,0,1,8.7,météo favorable
2016-12-22,33,0,21,26,33,29,2,64,9.875,1012,30.625,37,22,29,113,116,116,0,1,8.7,météo favorable
2016-12-23,32,0,22,25,32,28,0.7,62,9.875,1012,15.125,36,21,29,113,113,113,0,1,8.7,météo favorable
2016-12-24,33,0,18,25,33,28,0.1,61,10,1013,23.25,36,21,29,113,116,116,0,1,8.7,météo favorable
2016-12-25,34,0,13,25,33,28,0,60,10,1012,33.375,37,21,29,113,116,116,0,1,8.7,météo favorable
2016-12-26,34,0,11,26,34,29,0.2,59,10,1012,25.125,38,21,30,113,113,116,0,1,8.7,météo favorable
2016-12-27,33,0,20,25,33,29,0,51,10,1012,31,34,21,29,113,113,116,0,1,8.7,météo favorable
2016-12-28,30,0,24,22,30,27,0,55,10,1014,21,32,18,26,113,113,116,0,1,8.7,météo favorable
2016-12-29,31,0,20,20,31,26,0,47,10,1016,7.875,30,14,25,113,113,113,0,1,8.7,météo favorable
2016-12-30,31,0,21,21,30,27,0,52,10,1016,20.375,31,16,25,113,113,116,0,1,8.7,météo favorable
2016-12-31,31,0,14,22,29,27,0,55,10,1015,38.625,33,18,27,116,116,116,0,1,8.7,météo favorable
2017-01-01,33,22,17,22,32,28,0,56,10,1015,24.5,34,19,27,113,113,113,0,1,8.7,météo idéale
2017-01-02,33,23,16,23,32,28,0.4,58,10,1014,27.125,35,20,28,113,116,116,0,1,11.6,météo favorable
2017-01-03,33,24,21,24,32,29,2.1,57,10,1013,25.625,35,21,29,113,113,116,0,1,11.6,météo favorable
2017-01-04,31,24,22,24,31,28,0.6,57,10,1012,46.75,33,20,28,113,116,122,0,1,10.2,météo favorable
2017-01-05,33,24,18,24,33,28,3.2,64,9.625,1011,36.5,35,21,29,113,116,116,0,1,11.6,météo favorable
2017-01-06,32,24,16,24,31,27,0.5,69,9,1011,61.875,34,21,27,119,116,119,0,1,8.7,météo correcte
2017-01-07,32,25,16,25,30,28,0.1,63,10,1009,65.5,34,21,28,119,116,119,0,1,8.7,météo défavorable
2017-01-08,30,26,19,26,30,26,0,80,10,1010,60,33,23,27,122,119,119,0,1,8.7,météo correcte
2017-01-09,30,25,15,25,30,27,0,72,10,1010,58.875,34,22,27,119,116,119,0,1,7.3,météo correcte
2017-01-10,30,25,13,25,30,26,0.9,80,9.875,1011,59.375,34,23,26,116,119,116,0,1,8.7,météo correcte
2017-01-11,31,24,18,24,31,27,1.7,74,10,1011,43.875,34,23,27,353,116,116,0,1,11.6,météo favorable
2017-01-12,31,24,16,24,31,27,0,75,10,1010,25.125,34,23,27,116,116,113,0,1,11.6,météo favorable
2017-01-13,32,25,13,25,32,27,0,66,10,1010,21.625,36,23,28,113,113,113,0,1,11.6,météo favorable
2017-01-14,32,24,10,24,32,28,3.9,69,9.5,1011,27.25,36,23,29,113,116,116,0,1,11.6,météo favorable
2017-01-15,33,25,14,25,33,29,0,57,10,1012,33.5,36,21,30,116,113,116,0,1,11.6,météo favorable
2017-01-16,33,24,21,24,32,29,0.4,60,9.75,1013,26,35,20,29,113,116,116,0,1,11.6,météo favorable
2017-01-17,32,25,22,25,31,28,0.3,66,9.875,1013,40.125,35,22,28,116,116,116,0,1,11.6,météo favorable
2017-01-18,33,25,21,25,33,29,0,54,10,1015,19.875,34,21,29,113,113,113,0,1,11.6,météo idéale
2017-01-19,35,25,18,25,34,30,0,52,10,1014,18.625,37,19,30,113,113,116,0,1,11.6,météo favorable
2017-01-20,34,25,22,25,34,31,0,46,10,1014,23,36,20,30,113,113,116,0,1,11.6,météo favorable
2017-01-21,34,25,25,25,33,30,0,52,10,1016,34.875,36,19,29,116,113,116,0,1,11.6,météo favorable
2017-01-22,33,24,26,24,32,29,0,55,10,1018,30.375,34,18,27,113,113,119,0,1,10.2,météo favorable
2017-01-23,33,23,26,23,32,28,0,52,10,1017,26.25,34,18,27,113,116,116,0,1,11.6,météo favorable
2017-01-24,32,23,18,23,31,27,0,51,10,1017,15.25,33,17,27,113,113,113,0,1,11.6,météo idéale
2017-01-25,34,24,19,24,34,29,0,47,10,1017,20,35,17,29,113,113,116,0,1,11.6,météo favorable
2017-01-26,33,24,20,24,33,30,0,50,10,1017,33.25,35,18,28,113,113,122,0,1,10.2,météo favorable
2017-01-27,33,24,26,24,33,28,0,46,10,1016,18.75,34,18,29,113,113,113,0,1,11.6,météo idéale
2017-01-28,32,22,20,22,32,26,0,48,10,1014,13,33,16,27,113,113,113,0,1,11.6,météo idéale
2017-01-29,33,23,11,23,33,27,0,57,10,1014,7,34,19,27,113,113,113,0,1,11.6,météo idéale
2017-01-30,33,23,6,23,32,28,0,51,10,1013,14,35,19,29,113,116,113,0,1,11.6,météo favorable
2017-01-31,34,24,19,24,33,28,0,39,10,1014,10.75,33,18,29,113,113,113,0,1,11.6,météo idéale
2017-02-01,34,23,20,24,33,28,0,41,10,1014,15.75,34,16,28,113,113,113,0,1,11.6,météo idéale
2017-02-02,33,25,18,25,32,29,0,56,10,1015,44,35,19,29,116,116,119,0,1,8.7,météo favorable
2017-02-03,32,25,13,25,30,28,0.4,64,10,1015,69.625,34,19,26,119,119,116,0,1,7.3,météo défavorable
2017-02-04,34,24,10,24,33,29,0,58,10,1013,33.375,37,21,29,116,116,116,0,1,11.6,météo favorable
2017-02-05,34,25,10,25,34,29,0,48,10,1012,21.625,36,21,30,116,113,113,0,1,11.6,météo favorable
2017-02-06,35,23,12,23,35,28,0,45,10,1012,4,36,18,29,113,113,113,0,1,11.6,météo favorable
2017-02-07,34,24,14,24,33,28,0,42,10,1011,3.375,34,20,28,113,113,113,0,1,11.6,météo idéale
2017-02-08,33,24,15,24,33,27,0,50,10,1012,3.625,39,23,27,113,113,113,0,1,11.6,météo favorable
2017-02-09,34,23,15,23,34,27,0,59,10,1012,10,36,20,28,113,113,113,0,1,11.6,météo favorable
2017-02-10,34,25,9,25,33,27,0,55,10,1013,18.5,35,20,28,113,116,113,0,1,11.6,météo favorable
2017-02-11,34,24,27,24,34,28,0,41,10,1016,6.5,33,17,29,113,113,113,0,1,11.6,météo idéale
2017-02-12,33,22,28,22,32,28,0,45,10,1018,1.75,32,13,26,113,113,113,0,1,11.6,météo idéale
2017-02-13,33,21,25,21,31,27,0,39,10,1019,1,31,12,27,113,113,113,0,1,11.6,météo idéale
2017-02-14,33,21,23,21,32,27,0,43,10,1020,2.625,32,14,27,113,113,113,0,1,11.6,météo idéale
2017-02-15,33,22,26,22,32,27,0,43,10,1019,6,33,15,28,113,113,113,0,1,11.6,météo idéale
2017-02-16,33,22,21,22,32,25,0,50,10,1017,6.125,33,15,27,113,113,113,0,1,11.6,météo idéale
2017-02-17,34,22,16,23,34,27,0,50,10,1016,5.5,35,18,28,113,113,113,0,1,11.6,météo favorable
2017-02-18,34,23,14,23,34,27,0,47,10,1016,8.625,36,19,28,113,113,113,0,1,11.6,météo favorable
2017-02-19,34,23,14,23,34,28,0,53,10,1014,12.875,36,19,29,113,113,113,0,1,11.6,météo favorable
2017-02-20,33,25,21,25,33,27,0,66,10,1012,6.375,35,23,28,113,113,113,0,1,11.6,météo favorable
2017-02-21,33,25,19,25,33,27,0,65,10,1013,4.875,36,23,28,113,113,113,0,1,11.6,météo favorable
2017-02-22,33,25,17,26,33,28,0.1,69,10,1013,22.25,37,23,29,113,116,113,0,1,10.2,météo favorable
2017-02-23,34,26,16,27,34,29,0,65,10,1013,20.375,38,23,29,113,116,113,0,1,11.6,météo favorable
2017-02-24,33,26,15,26,33,29,0.5,67,9.875,1014,25,37,24,29,113,116,113,0,1,11.6,météo favorable
2017-02-25,33,26,17,27,33,29,0,65,10,1013,38.75,37,23,29,119,116,113,0,1,11.6,météo favorable
2017-02-26,35,25,9,27,34,30,3.6,60,9.75,1012,36.5,39,23,30,116,116,116,0,1,10.2,météo favorable
2017-02-27,34,26,21,26,34,31,1,55,10,1013,47.625,36,23,30,119,122,116,0,1,10.2,météo correcte
2017-02-28,35,26,23,26,35,30,0,47,10,1013,18.625,37,20,31,113,113,113,0,1,11.6,météo favorable
2017-03-01,36,26,20,26,36,31,0,45,10,1013,14.875,38,20,32,113,113,113,0,1,11.6,météo favorable
2017-03-02,35,26,27,26,34,29,0,49,10,1013,8.125,37,19,29,113,113,113,0,1,11.6,météo favorable
2017-03-03,35,25,12,26,34,29,0,50,10,1011,4.625,37,24,30,113,113,113,0,1,11.6,météo favorable
2017-03-04,34,25,22,26,34,28,0,65,10,1011,4.375,39,24,29,113,113,113,0,1,11.6,météo favorable
2017-03-05,34,25,21,25,34,29,0,64,10,1011,7.375,36,24,29,113,113,113,0,1,11.6,météo favorable
2017-03-06,34,25,19,26,34,29,0,62,10,1011,8.375,37,24,30,113,113,113,0,1,11.6,météo favorable
2017-03-07,34,26,21,26,34,29,0,63,10,1010,15.625,38,23,29,116,113,113,0,1,11.6,météo favorable
2017-03-08,34,26,23,27,34,29,0,66,10,1011,19.25,38,23,29,113,116,113,0,1,11.6,météo favorable
2017-03-09,33,26,22,26,33,28,0.1,69,10,1011,17.5,37,23,28,113,116,113,0,1,11.6,météo favorable
2017-03-10,33,25,20,26,33,29,0.3,68,10,1012,7.625,37,23,29,113,113,113,0,1,11.6,météo favorable
2017-03-11,33,26,21,27,33,29,0,70,10,1012,9.75,38,24,29,113,113,113,0,1,11.6,météo favorable
2017-03-12,34,26,20,27,34,30,0,63,10,1012,8.5,39,24,30,113,113,113,0,1,11.6,météo favorable
2017-03-13,35,26,17,26,35,31,0.1,60,10,1012,9.375,40,24,31,113,113,113,0,1,11.6,météo correcte
2017-03-14,36,27,19,27,36,30,0.3,62,10,1012,6,40,25,30,113,113,113,0,1,11.6,météo correcte
2017-03-15,35,26,18,27,35,30,0,65,9.875,1011,16.875,40,25,31,113,113,113,0,1,11.6,météo correcte
2017-03-16,35,27,21,28,35,30,0,62,10,1010,17.5,39,24,30,113,113,113,0,1,11.6,météo favorable
2017-03-17,34,26,21,27,34,29,0,65,10,1011,13,37,23,30,113,113,113,0,1,11.6,météo favorable
2017-03-18,33,26,19,27,33,29,0.9,67,9.875,1013,21.25,38,23,29,113,116,116,0,1,11.6,météo favorable
2017-03-19,34,27,18,27,34,30,2,67,9.75,1014,19.375,38,23,30,113,116,113,0,1,11.6,météo favorable
2017-03-20,34,26,19,27,34,30,0.2,62,10,1012,16.5,38,24,30,113,116,113,0,1,11.6,météo favorable
2017-03-21,35,27,17,28,34,31,0,52,10,1012,21.25,38,23,31,116,113,113,0,1,11.6,météo favorable
2017-03-22,35,27,16,28,35,31,0.5,60,9.875,1011,11,41,24,31,113,113,113,0,1,11.6,météo correcte
2017-03-23,34,27,17,28,34,30,0.3,65,9.875,1011,26.75,39,24,30,116,116,113,0,1,11.6,météo favorable
2017-03-24,34,27,20,28,34,30,0,69,10,1012,40.875,38,24,30,119,119,116,0,1,10.2,météo correcte
2017-03-25,35,27,16,28,35,30,0.1,65,10,1013,24.25,39,24,30,116,116,113,0,1,11.6,météo favorable
2017-03-26,34,27,13,28,34,31,1.4,64,9.625,1013,26.5,39,24,31,113,116,200,0,1,11.6,météo favorable
2017-03-27,32,26,20,26,31,29,0,63,10,1016,49.375,34,23,28,116,119,116,0,1,8.8,météo correcte
2017-03-28,35,26,18,26,34,31,0,54,10,1014,24.125,38,22,31,113,113,116,0,1,11.6,météo favorable
2017-03-29,33,27,12,28,33,30,0,64,10,1014,27.25,38,23,30,113,119,113,0,1,10.2,météo correcte
2017-03-30,34,27,16,28,34,30,0,67,10,1014,16.5,39,23,30,113,116,113,0,1,11.6,météo favorable
2017-03-31,34,27,16,28,34,31,0,59,10,1014,28.375,39,23,31,116,116,113,0,1,11.6,météo favorable
2017-04-01,33,27,12,28,33,30,3,62,9.625,1012,40.375,37,23,30,119,116,116,0,1,11.6,météo favorable
2017-04-02,33,26,21,26,33,29,1.2,58,9.875,1014,41,36,22,29,116,116,119,0,1,10.2,météo favorable
2017-04-03,34,26,17,27,34,30,0.7,56,10,1014,43.25,37,22,30,116,116,119,0,1,7.5,météo favorable
2017-04-04,33,27,14,28,33,30,0.3,62,10,1013,56.875,36,23,30,116,122,116,0,1,7.5,météo correcte
2017-04-05,35,27,9,29,35,31,1.7,59,10,1012,47.625,39,23,31,116,116,119,0,1,10.2,météo favorable
2017-04-06,33,27,9,27,33,29,1.7,72,8.375,1011,69.25,38,24,29,263,116,119,0,1,8.9,météo défavorable
2017-04-07,33,28,13,29,33,30,0.3,65,9.875,1011,29.25,39,24,30,113,116,116,0,1,11.6,météo favorable
2017-04-08,34,28,14,28,34,30,0,68,10,1011,20.875,39,24,30,113,116,113,0,1,11.6,météo favorable
2017-04-09,34,28,17,28,34,30,1.4,69,9.875,1011,12.875,40,25,30,113,113,113,0,1,11.6,météo correcte
2017-04-10,35,28,20,28,35,30,0,69,10,1010,12.125,40,25,30,113,113,113,0,1,11.6,météo correcte
2017-04-11,35,27,21,28,35,30,0,66,10,1010,14.25,41,24,30,113,113,113,0,1,11.6,météo correcte
2017-04-12,35,27,20,28,35,30,0,68,10,1010,9.75,40,25,30,116,113,113,0,1,11.6,météo correcte
2017-04-13,35,27,17,28,35,31,0,61,10,1012,12.75,40,25,31,113,116,113,0,1,11.6,météo correcte
2017-04-14,34,27,16,28,34,30,0.4,63,9.875,1012,24.125,39,24,30,113,116,116,0,1,11.6,météo favorable
2017-04-15,34,27,19,28,34,30,0.1,64,10,1011,13.625,38,24,30,113,116,113,0,1,11.6,météo favorable
2017-04-16,35,27,23,28,35,30,0,70,10,1011,12.125,39,24,30,113,113,116,0,1,11.6,météo favorable
2017-04-17,35,27,21,28,35,30,0,65,10,1011,6.625,39,24,30,113,113,113,0,1,11.6,météo favorable
2017-04-18,33,27,15,28,33,30,0.5,60,9.875,1011,18,37,24,30,116,113,113,0,1,11.6,météo favorable
2017-04-19,35,28,21,29,35,31,0,58,10,1010,15.375,38,24,31,113,113,113,0,1,12.3,météo favorable
2017-04-20,35,28,19,30,35,31,0,56,10,1011,8.75,38,24,31,113,113,113,0,1,12.3,météo favorable
2017-04-21,36,28,15,29,36,31,0.5,52,10,1011,6.75,39,25,32,113,113,113,0,1,12.7,météo favorable
2017-04-22,37,27,15,29,37,31,0.1,43,10,1011,2.75,40,27,32,113,113,113,0,1,12.7,météo correcte
2017-04-23,36,27,15,29,36,31,0,50,10,1010,5,40,25,32,113,113,113,0,1,12.7,météo correcte
2017-04-24,36,27,17,29,36,31,0,55,10,1011,9.625,41,25,31,113,113,113,0,1,12.7,météo correcte
2017-04-25,37,27,14,29,36,32,0,52,10,1011,8.625,41,25,32,113,113,113,0,1,12.7,météo correcte
2017-04-26,36,27,14,29,36,31,0,62,10,1010,15.5,41,24,31,113,116,113,0,1,12.7,météo correcte
2017-04-27,36,28,14,28,36,31,0,61,10,1011,28.625,41,23,32,113,116,113,0,1,12.8,météo correcte
2017-04-28,36,28,16,29,36,31,0.5,63,9.875,1011,37.25,41,24,31,116,119,113,0,1,12.8,météo correcte
2017-04-29,34,28,7,28,34,30,3.5,59,9.625,1012,38.875,39,23,31,116,116,113,0,1,12.8,météo favorable
2017-04-30,34,27,20,29,34,30,0,68,10,1012,9,39,24,30,113,113,113,0,1,12.8,météo favorable
2017-05-01,35,27,17,29,35,31,0,61,10,1012,22.25,40,24,31,116,113,113,0,1,12.8,météo correcte
2017-05-02,36,28,20,30,36,31,0,65,10,1011,10.125,42,25,31,113,113,113,0,1,12.8,météo correcte
2017-05-03,35,28,19,30,35,31,0,69,10,1011,9.125,42,25,32,113,113,113,0,1,12.8,météo correcte
2017-05-04,36,29,18,30,36,32,0.1,65,10,1010,14.375,43,26,32,113,113,113,0,1,12.8,météo correcte
2017-05-05,33,29,10,29,33,29,0.3,61,9.375,1012,45,38,25,30,116,116,116,0,1,12.8,météo favorable
2017-05-06,36,27,17,29,36,32,0,59,10,1013,18.5,42,23,32,113,116,113,0,1,12.8,météo correcte
2017-05-07,35,28,13,29,35,31,0.6,64,9.875,1012,23.125,41,23,31,113,116,113,0,1,12.8,météo correcte
2017-05-08,35,28,15,29,35,31,2.4,66,9.875,1011,25.625,41,24,31,116,116,113,0,1,12.8,météo correcte
2017-05-09,35,28,14,29,35,31,3.8,65,9.5,1010,25.75,40,24,31,116,116,113,0,1,12.8,météo correcte
2017-05-10,33,28,12,29,33,30,0.3,63,9.875,1011,39.125,39,24,31,116,116,116,0,1,12.8,météo favorable
2017-05-11,34,28,13,28,34,29,4,73,9.625,1011,51.75,39,24,29,122,116,116,0,1,12.8,météo favorable
2017-05-12,34,27,9,28,34,30,4.9,72,9.625,1011,62.25,41,24,30,119,116,116,0,1,11.9,météo correcte
2017-05-13,35,28,16,29,35,30,0,69,10,1010,44.875,41,25,30,116,116,116,0,1,12.8,météo correcte
2017-05-14,35,28,16,29,35,30,0.8,69,9.75,1009,37.125,40,25,31,116,116,116,0,1,12.8,météo correcte
2017-05-15,35,28,20,29,35,30,0,66,10,1008,42.125,40,24,31,116,113,116,0,1,12.9,météo correcte
2017-05-16,34,28,19,29,33,30,0.1,67,10,1007,44,39,24,30,116,116,116,0,1,12.9,météo favorable
2017-05-17,33,28,28,29,33,29,0,76,10,1007,58.75,38,25,29,116,116,116,0,1,11.9,météo correcte
2017-05-18,34,27,18,29,34,30,2.5,69,9.625,1008,30.375,40,25,30,116,113,113,0,1,12.9,météo correcte
2017-05-19,34,28,13,29,34,30,0.3,63,9.875,1009,16.625,41,25,31,113,113,113,0,1,12.9,météo correcte
2017-05-20,35,29,13,29,35,31,0.2,60,9.875,1007,20.875,41,26,32,113,116,113,0,1,12.9,météo correcte
2017-05-21,36,28,13,29,35,32,0.7,62,9.875,1006,22.125,43,26,32,113,113,116,0,1,12.9,météo correcte
2017-05-22,35,28,14,29,35,31,0.2,61,9.875,1006,17.875,42,26,32,113,113,113,0,1,12.9,météo correcte
2017-05-23,35,28,11,29,35,31,0,59,10,1007,23,42,26,32,113,113,116,0,1,12.9,météo correcte
2017-05-24,35,29,14,30,35,31,0,62,10,1007,39.625,41,25,31,116,113,116,0,1,12.9,météo correcte
2017-05-25,34,29,10,29,33,30,0,73,10,1008,48.875,40,25,30,122,116,116,0,1,11.9,météo correcte
2017-05-26,34,28,14,29,34,29,4.2,78,10,1008,49.125,42,25,29,116,116,116,0,1,12.9,météo correcte
2017-05-27,33,27,12,28,33,28,1.7,82,9.875,1008,67.75,40,26,28,119,116,119,0,1,11.9,météo défavorable
2017-05-28,32,27,20,28,32,28,0,81,10,1007,60.75,37,25,28,116,116,116,0,1,12.9,météo correcte
2017-05-29,29,27,17,27,29,28,0.3,84,10,1008,71.125,34,25,28,116,122,119,0,1,9.4,météo défavorable
2017-05-30,32,26,18,28,32,29,1.6,75,9.75,1009,65.5,38,24,29,116,119,119,0,1,10.6,météo défavorable
2017-05-31,33,27,17,28,33,30,3.7,69,9.625,1009,46.375,39,25,30,116,116,116,0,1,12.9,météo favorable
2017-06-01,34,28,17,29,34,30,0,74,10,1009,20.25,40,25,30,113,113,113,0,1,12.9,météo correcte
2017-06-02,34,28,15,29,34,30,0,73,10,1009,17.75,40,26,30,113,113,113,0,1,12.9,météo correcte
2017-06-03,33,28,22,29,33,30,0,75,9.875,1009,40.5,39,25,30,113,122,116,0,1,12.9,météo correcte
2017-06-04,34,28,19,29,34,29,0.2,76,9.625,1009,62.375,39,25,29,200,116,200,0,1,11.9,météo correcte
2017-06-05,33,28,18,29,33,29,1.4,74,10,1008,39,38,25,29,116,113,116,0,1,12.9,météo favorable
2017-06-06,33,27,22,29,33,29,0,73,10,1008,40.625,38,24,29,116,116,116,0,1,12.9,météo favorable
2017-06-07,30,27,26,28,30,28,0.7,77,9.875,1009,66,35,24,28,122,119,119,0,1,8.1,météo défavorable
2017-06-08,32,27,20,28,32,28,0.1,73,10,1009,72,37,24,29,122,116,119,0,1,10.7,météo défavorable
2017-06-09,32,27,22,28,32,29,0.9,74,9.875,1009,54.625,38,24,29,116,119,116,0,1,10.7,météo correcte
2017-06-10,34,28,21,29,34,30,0.3,74,10,1009,53.5,39,25,30,116,113,116,0,1,13,météo favorable
2017-06-11,32,28,17,29,32,29,0.4,75,9.875,1011,53.125,36,25,29,119,119,116,0,1,10.7,météo correcte
2017-06-12,32,27,13,28,31,28,0,69,10,1010,43.5,36,24,28,116,116,113,0,1,13,météo favorable
2017-06-13,33,26,15,28,33,29,0,60,10,1010,37.25,37,24,30,113,116,119,0,1,13,météo favorable
2017-06-14,33,28,13,28,33,29,1.8,72,9.25,1011,51.125,38,25,29,116,116,116,0,1,13,météo favorable
2017-06-15,33,27,12,27,33,29,0,61,10,1011,37.875,37,24,30,119,116,113,0,1,13,météo favorable
2017-06-16,34,27,10,28,34,29,0,56,10,1010,9.375,38,25,31,113,113,113,0,1,13,météo favorable
2017-06-17,35,28,13,29,34,30,0,55,10,1008,20.625,39,24,31,113,113,113,0,1,13,météo favorable
2017-06-18,33,28,13,28,32,29,0.2,66,10,1008,25.75,37,24,29,113,116,113,0,1,13,météo favorable
2017-06-19,33,28,12,28,33,30,0.5,62,9.875,1008,22.25,38,24,30,113,116,116,0,1,13,météo favorable
2017-06-20,33,27,17,29,33,30,0.3,62,9.875,1009,18.25,38,24,30,113,113,116,0,1,13,météo favorable
2017-06-21,34,28,13,29,34,30,0.1,65,10,1008,15.75,39,24,30,113,113,113,0,1,13,météo favorable
2017-06-22,34,28,17,29,33,29,3.1,69,9.5,1009,44.125,39,24,29,116,116,116,0,1,13,météo favorable
2017-06-23,34,28,16,29,34,29,0,67,10,1009,43.75,38,23,29,116,113,116,0,1,13,météo favorable
2017-06-24,33,27,24,29,33,29,0,67,10,1007,34.125,38,22,29,116,116,116,0,1,13,météo favorable
2017-06-25,32,28,15,28,32,29,1.5,68,10,1008,57.625,37,23,29,119,116,116,0,1,10.7,météo correcte
2017-06-26,30,27,17,27,30,28,9.9,77,8.625,1009,84.125,35,24,29,122,122,119,0,1,8.1,météo défavorable
2017-06-27,32,26,14,27,32,28,3.1,70,9.75,1008,45.5,36,24,29,119,116,113,0,1,13,météo favorable
2017-06-28,33,26,13,28,33,29,0.5,67,9.875,1008,23.25,38,24,30,116,113,113,0,1,13,météo favorable
2017-06-29,33,27,11,28,33,29,1.6,74,9.75,1008,30.625,39,25,30,116,116,113,0,1,13,météo favorable
2017-06-30,33,27,19,28,33,29,1.3,74,9.875,1008,29.75,38,25,29,116,116,113,0,1,13,météo favorable
2017-07-01,33,27,15,28,33,28,0,73,10,1009,34.25,38,24,29,116,113,113,0,1,13,météo favorable
2017-07-02,32,27,13,28,32,28,0,73,10,1009,41.25,37,24,29,119,116,116,0,1,13,météo favorable
2017-07-03,33,27,18,28,33,29,0.1,72,10,1009,49.875,38,24,29,116,116,116,0,1,12.9,météo favorable
2017-07-04,32,27,14,28,31,28,0.1,79,10,1009,56.75,37,24,28,116,116,122,0,1,12.9,météo correcte
2017-07-05,30,26,13,27,30,29,0.9,69,10,1010,65,35,24,29,116,116,116,0,1,12.9,météo défavorable
2017-07-06,33,27,17,28,33,29,1.3,71,9.875,1010,65.25,38,23,29,353,116,119,0,1,10.7,météo défavorable
2017-07-07,30,27,17,28,29,27,5.5,81,9.75,1010,58.25,35,24,27,119,116,176,0,1,11.9,météo correcte
2017-07-08,30,26,12,27,30,28,0,77,10,1010,70.875,34,24,28,122,119,116,0,1,10.7,météo défavorable
2017-07-09,32,27,15,28,32,29,0,74,10,1011,43.25,37,24,29,116,113,116,0,1,12.9,météo favorable
2017-07-10,32,27,11,28,32,28,0.2,70,9.875,1010,44.5,37,24,29,116,116,116,0,1,12.9,météo favorable
2017-07-11,33,27,16,28,33,29,0,70,10,1008,36.125,37,24,29,113,113,116,0,1,12.9,météo favorable
2017-07-12,32,27,17,28,32,28,0,73,10,1009,66.375,36,24,28,116,119,119,0,1,10.6,météo défavorable
2017-07-13,30,26,18,27,30,27,2.2,79,10,1010,70.75,34,23,27,119,116,122,0,1,9.4,météo défavorable
2017-07-14,32,27,24,28,32,28,5.2,75,10,1009,64.375,37,24,28,116,116,122,0,1,11.9,météo correcte
2017-07-15,29,27,18,27,29,28,1.7,77,10,1009,74,33,23,28,122,116,122,0,1,8.1,météo défavorable
2017-07-16,30,26,23,26,30,28,2.4,77,10,1007,79,34,23,27,119,122,119,0,1,8.1,météo défavorable
2017-07-17,27,26,22,26,27,26,10.8,90,8.625,1008,79.125,31,24,26,119,122,122,0,1,8.1,météo défavorable
2017-07-18,32,26,22,27,32,28,2.4,80,10,1010,66.75,37,24,28,116,119,122,0,1,11.9,météo défavorable
2017-07-19,31,27,14,27,31,29,2.2,68,10,1011,56.875,35,23,29,116,116,119,0,1,10.6,météo correcte
2017-07-20,29,27,16,27,29,28,2.8,75,10,1008,86,33,23,28,116,122,122,0,1,10.6,météo défavorable
2017-07-21,30,26,13,27,30,28,0.5,74,10,1009,81.625,34,23,28,122,119,122,0,1,9.3,météo défavorable
2017-07-22,31,26,15,26,31,29,5.9,80,9,1010,64,35,23,27,122,116,116,0,1,11.9,météo correcte
2017-07-23,33,27,13,28,33,30,1.5,61,9.875,1010,55,37,23,30,119,116,116,0,1,12.9,météo correcte
2017-07-24,33,28,19,29,33,29,2,67,9.625,1008,49.625,37,23,29,116,119,116,0,1,11.9,météo correcte
2017-07-25,30,27,20,28,29,28,4.9,78,9.875,1007,72.5,34,24,28,116,122,122,0,1,9.3,météo défavorable
2017-07-26,29,27,21,28,29,27,8.3,77,10,1006,72.25,33,23,28,122,119,116,0,1,10.6,météo défavorable
2017-07-27,28,26,19,26,28,28,0.8,78,9.875,1007,71.125,32,23,27,116,122,119,0,1,9.3,météo défavorable
2017-07-28,30,28,21,28,30,29,0.4,74,9.875,1008,59.875,34,24,29,116,119,119,0,1,9.3,météo correcte
2017-07-29,33,28,18,28,33,30,0,71,10,1008,40,37,24,30,116,116,116,0,1,12.5,météo favorable
2017-07-30,34,28,16,29,33,31,0,64,10,1007,21.75,39,24,31,113,113,116,0,1,12.4,météo favorable
2017-07-31,34,29,14,29,33,31,0,64,10,1008,18.375,39,24,31,113,113,116,0,1,12.4,météo favorable
2017-08-01,34,29,13,29,34,31,0,60,10,1008,10.875,40,24,31,113,113,113,0,1,12.4,météo correcte
2017-08-02,34,29,15,29,34,31,0,66,10,1009,16.75,40,25,31,113,113,116,0,1,11.6,météo correcte
2017-08-03,34,29,19,29,34,30,5.2,66,9.75,1007,33.5,39,24,31,113,353,116,0,1,11.6,météo correcte
2017-08-04,34,29,18,29,33,30,0.2,68,10,1006,51.75,39,24,30,116,116,116,0,1,11.6,météo favorable
2017-08-05,32,28,19,28,32,30,10.7,69,9.625,1007,56.875,38,24,30,356,119,116,0,1,10.3,météo correcte
2017-08-06,32,27,14,28,32,29,1.3,71,10,1009,63.875,37,24,29,122,119,116,0,1,10.3,météo correcte
2017-08-07,32,28,15,28,32,29,0.3,69,9.375,1010,59,37,24,29,119,116,116,0,1,10.3,météo correcte
2017-08-08,32,28,13,28,32,30,0,67,10,1010,40.125,37,24,30,116,116,113,0,1,11.6,météo favorable
2017-08-09,34,28,11,28,34,31,0.3,62,9.875,1011,23.25,39,25,31,113,113,116,0,1,11.6,météo favorable
2017-08-10,34,28,12,28,34,32,0.1,56,10,1010,24,40,25,32,113,113,113,0,1,11.6,météo correcte
2017-08-11,35,28,12,29,35,32,2.2,55,9.75,1009,32.125,41,25,32,116,113,116,0,1,11.6,météo correcte
2017-08-12,35,29,12,29,35,32,0.1,54,10,1010,14.875,40,23,33,113,113,113,0,1,11.6,météo correcte
2017-08-13,36,29,12,30,36,33,0.1,53,10,1010,24.75,42,24,33,116,113,113,0,1,11.6,météo correcte
2017-08-14,35,29,13,29,35,32,0.7,60,9.875,1010,26,42,25,32,113,116,113,0,1,11.6,météo correcte
2017-08-15,34,28,16,29,34,31,0.1,65,10,1009,13.5,40,25,31,113,113,113,0,1,11.6,météo correcte
2017-08-16,32,29,13,29,31,29,0.6,65,9.875,1008,38.375,36,24,30,116,116,116,0,1,11.6,météo favorable
2017-08-17,31,27,23,27,31,28,4.9,75,9.625,1007,70.875,35,24,29,119,119,116,0,1,7.5,météo défavorable
2017-08-18,32,27,18,27,32,29,3.1,65,9.875,1009,69,36,23,29,116,116,122,0,1,8.9,météo défavorable
2017-08-19,32,27,15,27,32,29,2.2,66,10,1009,62.875,36,23,29,116,116,119,0,1,10.2,météo correcte
2017-08-20,32,27,17,28,32,29,4.2,69,9.5,1008,48.625,37,23,30,119,116,119,0,1,8.9,météo favorable
2017-08-21,33,28,18,29,33,30,10.1,69,9.25,1007,46.125,38,23,30,116,116,116,0,1,11.6,météo correcte
2017-08-22,33,28,11,29,32,30,3.7,65,9.625,1007,53.375,38,24,31,116,116,116,0,1,11.6,météo favorable
2017-08-23,33,28,16,29,33,30,1.6,68,9.75,1007,28,38,24,30,113,116,116,0,1,11.6,météo favorable
2017-08-24,33,28,14,29,32,29,1.1,69,10,1008,34.125,38,23,29,116,113,116,0,1,11.6,météo favorable
2017-08-25,33,28,15,29,33,30,8,67,9.5,1008,41.25,38,23,30,116,116,116,0,1,10.2,météo correcte
2017-08-26,31,28,13,28,30,29,2.4,70,9.875,1007,56.75,35,23,29,116,122,119,0,1,8.9,météo correcte
2017-08-27,32,27,17,27,32,29,6.2,70,9.625,1007,63.375,36,23,29,122,116,116,0,1,10.2,météo correcte
2017-08-28,32,27,16,27,32,29,5.9,71,10,1007,67,37,23,29,119,116,122,0,1,8.9,météo défavorable
2017-08-29,32,27,19,28,32,29,0,56,10,1009,53.875,35,22,30,116,122,116,0,1,8.9,météo correcte
2017-08-30,34,27,15,28,34,30,0.8,62,9.875,1009,30.875,39,23,30,116,116,113,0,1,11.6,météo favorable
2017-08-31,34,28,15,28,34,30,1.7,61,9.875,1010,21.875,38,24,31,353,113,113,0,1,11.6,météo favorable
2017-09-01,34,28,14,29,34,31,0.5,60,9.875,1010,21.75,39,25,31,113,113,113,0,1,11.6,météo favorable
2017-09-02,34,29,12,29,33,31,0.5,60,9.875,1009,21.5,39,24,31,113,113,113,0,1,11.6,météo favorable
2017-09-03,35,29,13,29,35,31,3.2,57,9.75,1009,24.75,40,24,32,113,176,116,0,1,11.6,météo correcte
2017-09-04,35,29,16,29,35,31,0.3,60,9.875,1008,18.625,40,24,31,113,113,113,0,1,11.6,météo correcte
2017-09-05,33,28,16,29,33,30,1.4,68,9.75,1009,25,39,25,31,113,116,113,0,1,11.6,météo favorable
2017-09-06,34,28,13,28,34,31,0,68,10,1009,30.125,40,24,31,113,116,113,0,1,11.6,météo correcte
2017-09-07,34,29,15,29,34,30,1,69,9.875,1010,29.375,41,25,31,116,113,113,0,1,11.6,météo correcte
2017-09-08,34,28,12,29,34,31,0.9,67,9.875,1010,19.25,41,25,31,113,116,113,0,1,11.6,météo correcte
2017-09-09,34,29,13,29,34,31,0,66,9.875,1010,24.625,41,24,31,113,200,116,0,1,11.6,météo correcte
2017-09-10,35,29,10,29,35,32,0,58,9.875,1010,31.125,40,24,32,116,113,116,0,1,11.6,météo correcte
2017-09-11,34,29,16,29,34,30,1.4,70,9.75,1011,20.875,40,24,30,113,116,116,0,1,11.6,météo correcte
2017-09-12,35,29,8,29,35,32,0,57,10,1012,16.5,42,24,33,113,113,113,0,1,11.6,météo correcte
2017-09-13,35,29,12,29,35,32,0,59,10,1010,21.5,42,24,32,113,116,113,0,1,11.6,météo correcte
2017-09-14,36,29,11,30,36,33,1.9,58,9.875,1008,24.375,43,24,33,113,113,200,0,1,10.2,météo correcte
2017-09-15,33,30,15,30,33,30,2.1,67,9.375,1006,56.875,38,24,30,116,122,116,0,1,10.2,météo correcte
2017-09-16,33,28,22,29,33,29,0.2,73,10,1009,40.375,39,24,29,113,113,119,0,1,10.2,météo favorable
2017-09-17,31,27,23,27,31,29,9,77,9.25,1012,74.125,36,24,28,119,122,116,0,1,7.4,météo défavorable
2017-09-18,33,28,14,29,33,31,1.4,57,10,1012,36.375,38,23,31,116,116,113,0,1,11.6,météo favorable
2017-09-19,35,29,14,29,35,32,0,62,9.75,1011,19.625,40,24,32,113,116,200,0,1,11.6,météo correcte
2017-09-20,32,29,11,30,32,30,5.3,67,9.5,1009,45.5,39,24,30,113,116,119,0,1,10.2,météo favorable
2017-09-21,35,27,13,28,35,31,0.5,64,10,1008,30.625,43,24,31,113,116,113,0,1,11.6,météo correcte
2017-09-22,35,28,6,28,35,31,5.2,62,9.75,1008,33.75,41,24,32,116,116,116,0,1,11.6,météo correcte
2017-09-23,31,28,10,28,31,29,1.5,69,10,1009,61,35,24,29,119,116,119,0,1,8.8,météo correcte
2017-09-24,33,27,14,27,33,30,0.3,66,9.875,1009,43.125,38,23,30,116,116,116,0,1,11.6,météo favorable
2017-09-25,33,28,16,28,33,29,3.6,71,9.875,1008,49.125,39,24,29,353,116,119,0,1,10.2,météo favorable
2017-09-26,33,27,15,28,33,30,0.7,70,9.875,1009,47.125,38,24,30,119,113,119,0,1,10.2,météo favorable
2017-09-27,34,28,13,28,34,30,0,61,10,1010,25.5,39,24,31,116,116,116,0,1,11.6,météo favorable
2017-09-28,34,28,12,28,34,31,9.2,65,9.125,1009,38.25,40,24,31,356,116,119,0,1,10.2,météo correcte
2017-09-29,34,29,7,29,34,31,0,65,10,1009,55.375,40,24,32,116,119,116,0,1,8.8,météo correcte
2017-09-30,34,29,8,29,34,31,2.5,61,9.75,1011,32.5,41,24,31,116,116,116,0,1,11.6,météo correcte
2017-10-01,33,28,10,28,33,30,0.7,65,9.875,1011,29.5,40,24,30,113,116,113,0,1,11.6,météo correcte
2017-10-02,33,28,9,29,33,29,3.8,72,9.625,1009,74,39,24,29,119,119,116,0,1,8.8,météo défavorable
2017-10-03,30,26,15,26,30,27,3.4,77,9,1009,79.5,34,24,27,122,116,122,0,1,8.8,météo défavorable
2017-10-04,27,26,12,26,27,27,2.1,84,9.875,1010,76.75,31,23,26,122,122,122,0,1,6,météo défavorable
2017-10-05,32,25,13,26,32,29,1.1,68,9.875,1011,42.75,37,23,29,119,116,116,0,1,11.6,météo favorable
2017-10-06,28,27,8,27,27,27,0.1,79,10,1011,51.125,32,23,27,116,116,116,0,1,11.6,météo favorable
2017-10-07,34,27,8,28,34,31,0,64,10,1010,50.25,40,24,31,116,116,119,0,1,10.2,météo correcte
2017-10-08,33,27,11,27,33,31,1.2,64,9.875,1009,38.5,39,24,31,116,116,113,0,1,11.6,météo favorable
2017-10-09,34,27,8,28,34,32,0,60,10,1008,42.875,41,24,32,116,119,116,0,1,8.8,météo correcte
2017-10-10,34,29,10,29,34,30,1.5,68,9.75,1006,25.25,40,24,30,116,116,113,0,1,8.7,météo correcte
2017-10-11,33,28,13,28,33,30,0,70,10,1009,23.25,39,24,30,113,113,116,0,1,8.7,météo favorable
2017-10-12,35,28,6,28,35,31,5.7,68,9.5,1009,34.75,42,24,31,113,116,116,0,1,8.7,météo correcte
2017-10-13,33,29,12,29,33,30,0.1,64,10,1008,55.25,39,24,30,116,116,122,0,1,8.7,météo correcte
2017-10-14,32,28,9,28,32,29,1.4,69,10,1007,53,38,24,29,122,116,116,0,1,7.2,météo favorable
2017-10-15,32,28,15,28,32,29,1.8,68,9.75,1008,31.5,37,23,29,116,116,116,0,1,8.7,météo favorable
2017-10-16,33,28,14,29,33,29,1.6,72,9.75,1008,19.75,37,23,29,116,113,116,0,1,8.7,météo favorable
2017-10-17,33,28,12,29,33,29,3.7,68,9.75,1010,43.375,37,24,30,116,116,119,0,1,8.7,météo favorable
2017-10-18,30,27,12,27,30,28,4.6,73,10,1012,54.25,35,24,28,116,119,116,0,1,5.8,météo correcte
2017-10-19,33,26,9,26,33,30,2,65,10,1012,41.5,38,24,30,116,116,116,0,1,8.7,météo favorable
2017-10-20,34,27,11,28,34,31,3.1,63,9.625,1013,39.375,40,24,31,116,116,116,0,1,7.2,météo correcte
2017-10-21,35,28,10,28,35,31,2.8,65,9.625,1012,25.625,42,24,32,116,113,113,0,1,8.7,météo correcte
2017-10-22,35,28,7,28,35,31,0.7,61,9.875,1011,26.75,41,24,32,113,116,116,0,1,8.7,météo correcte
2017-10-23,35,28,6,28,35,31,0,62,9.875,1011,28.125,43,24,32,116,116,113,0,1,8.7,météo correcte
2017-10-24,32,27,14,27,32,29,5.6,71,9.625,1014,33.5,37,24,29,116,116,116,0,1,8.7,météo favorable
2017-10-25,32,26,14,26,32,29,1.2,68,9.875,1015,29.5,37,23,30,113,116,113,0,1,8.7,météo favorable
2017-10-26,33,26,16,27,33,30,0,60,10,1014,21.625,38,23,31,113,113,116,0,1,8.7,météo favorable
2017-10-27,33,27,14,27,33,31,0,56,10,1012,22.875,37,23,31,113,113,116,0,1,8.7,météo favorable
2017-10-28,33,27,16,27,33,29,0.6,65,9.875,1012,12.875,37,22,30,113,113,113,0,1,8.7,météo favorable
2017-10-29,33,26,17,26,33,30,0.1,60,10,1013,10.75,37,21,30,113,113,116,0,1,8.7,météo favorable
2017-10-30,31,25,29,25,31,29,0,60,10,1014,10.25,34,20,28,113,113,113,0,1,8.7,météo idéale
2017-10-31,32,24,22,24,31,29,0,60,10,1013,9.5,34,21,27,113,113,113,0,1,8.7,météo idéale
2017-11-01,30,26,21,26,30,27,0,67,10,1013,55.25,32,20,27,116,116,119,0,1,7.2,météo correcte
2017-11-02,33,25,14,25,32,29,0,62,10,1011,50.875,36,21,28,119,116,113,0,1,7.2,météo favorable
2017-11-03,32,25,23,25,32,29,0,56,10,1011,20.25,35,20,28,113,116,113,0,1,8.7,météo favorable
2017-11-04,32,24,23,24,32,29,0,52,10,1012,15.875,35,20,28,113,113,116,0,1,8.7,météo favorable
2017-11-05,26,23,24,25,26,23,0.2,73,10,1011,72.875,27,19,23,119,119,122,0,1,5.7,météo défavorable
2017-11-06,29,22,15,23,29,27,0,76,10,1011,62.125,31,21,23,119,119,116,0,1,7.2,météo correcte
2017-11-07,32,24,21,24,32,28,6.1,70,9.625,1012,58.375,35,22,28,116,116,122,0,1,7.2,météo correcte
2017-11-08,29,25,18,25,28,27,1.9,75,10,1011,70.375,33,23,26,116,119,122,0,1,4.3,météo défavorable
2017-11-09,32,25,13,25,32,29,1.9,68,9.875,1011,44.75,37,23,29,116,116,113,0,1,8.7,météo favorable
2017-11-10,33,26,13,26,33,29,0.8,67,9.875,1011,24.375,38,23,30,116,116,113,0,1,8.7,météo favorable
2017-11-11,32,26,13,26,32,29,0.5,71,9.875,1011,36.875,37,23,29,116,116,116,0,1,8.7,météo favorable
2017-11-12,33,26,13,26,33,29,8.1,70,9.125,1010,33.125,37,23,29,113,116,116,0,1,7.2,météo correcte
2017-11-13,32,26,9,27,32,29,0.1,70,10,1010,58.75,37,23,29,122,119,116,0,1,5.7,météo correcte
2017-11-14,33,27,6,27,33,30,4.2,64,9.5,1010,30.375,39,24,31,116,116,116,0,1,8.7,météo favorable
2017-11-15,33,27,13,27,33,29,0.3,70,9.875,1011,42,38,23,29,113,116,116,0,1,7.2,météo favorable
2017-11-16,33,27,10,27,33,30,1.4,68,9.875,1011,33.625,39,24,30,116,113,113,0,1,8.7,météo favorable
2017-11-17,34,28,9,28,34,30,3.1,68,9.625,1011,28.75,42,24,31,116,116,113,0,1,8.7,météo correcte
2017-11-18,34,28,9,28,34,31,0,68,10,1010,20.5,43,25,31,116,113,113,0,1,8.7,météo correcte
2017-11-19,34,29,8,29,34,30,0.8,66,9.875,1010,32.625,40,25,31,113,116,116,0,1,8.7,météo correcte
2017-11-20,32,27,15,27,32,28,4.2,75,9.625,1011,63.75,36,24,28,122,119,119,0,1,7.2,météo correcte
2017-11-21,31,26,23,26,31,28,19.2,74,8.625,1011,39.75,36,24,29,116,116,113,0,1,8.7,météo très défavorable
2017-11-22,32,26,15,26,32,29,1.7,69,9.875,1011,25,37,24,29,113,116,116,0,1,8.7,météo favorable
2017-11-23,32,25,17,25,32,29,0,69,10,1011,21.75,37,23,28,113,116,116,0,1,8.7,météo favorable
2017-11-24,31,24,18,24,31,29,0,66,10,1013,26.125,34,22,27,113,113,116,0,1,8.7,météo idéale
2017-11-25,32,23,17,23,31,28,0,59,10,1015,24.875,34,20,26,116,116,113,0,1,8.7,météo favorable
2017-11-26,32,24,18,24,32,29,0,61,10,1015,20.625,35,21,27,113,116,113,0,1,8.7,météo favorable
2017-11-27,32,24,15,24,31,29,0,62,10,1013,18.75,35,21,27,113,113,116,0,1,8.7,météo favorable
2017-11-28,33,25,10,25,32,29,0,59,10,1012,8.875,36,21,29,113,113,113,0,1,8.7,météo favorable
2017-11-29,33,26,14,26,33,29,1.7,69,9.875,1012,26.875,37,23,29,113,116,116,0,1,8.7,météo favorable
2017-11-30,33,26,18,26,33,29,0.9,64,9.625,1011,28.75,37,23,29,116,116,116,0,1,8.7,météo favorable
2017-12-01,31,26,18,26,31,29,0,65,10,1012,10,34,22,28,113,113,116,0,1,8.7,météo idéale
2017-12-02,33,25,22,25,33,30,0,59,10,1012,30.125,36,21,28,113,116,116,0,1,8.7,météo favorable
2017-12-03,33,25,19,25,32,31,2.1,58,9.875,1012,25.75,37,22,28,113,116,116,0,1,8.7,météo favorable
2017-12-04,33,26,19,26,33,29,3.9,66,9.625,1012,47.375,37,23,28,116,116,119,0,1,8.7,météo favorable
2017-12-05,31,25,22,25,30,29,0,65,10,1013,59.75,34,21,27,119,119,119,0,1,5.7,météo correcte
2017-12-06,32,24,18,24,31,29,0,63,10,1013,32.375,35,22,27,116,113,113,0,1,8.7,météo favorable
2017-12-07,34,26,16,26,33,30,0,61,10,1012,22.375,38,22,30,116,113,113,0,1,8.7,météo favorable
2017-12-08,33,26,18,26,33,31,0,54,10,1013,41.75,36,21,30,113,113,122,0,1,7.2,météo favorable
2017-12-09,31,24,22,24,31,28,0,59,10,1015,17.25,34,20,27,113,113,113,0,1,8.7,météo idéale
2017-12-10,32,24,12,24,32,29,0,50,10,1014,6.875,36,19,28,113,113,113,0,1,8.7,météo favorable
2017-12-11,33,25,8,25,33,29,0,58,10,1014,24.625,36,21,30,113,113,116,0,1,7.2,météo favorable
2017-12-12,32,26,13,26,32,29,0,69,10,1014,24.875,36,23,29,113,119,113,0,1,7.2,météo correcte
2017-12-13,33,27,13,27,33,29,0.1,68,10,1013,23,37,23,29,113,116,113,0,1,8.7,météo favorable
2017-12-14,33,27,10,27,33,30,0.5,62,9.875,1013,28.375,37,23,30,116,116,113,0,1,8.7,météo favorable
2017-12-15,33,27,8,27,33,30,1.1,60,9.75,1013,36.5,38,23,31,113,119,116,0,1,7.2,météo correcte
2017-12-16,33,26,21,26,33,30,0,57,10,1015,26.75,35,22,29,113,113,116,0,1,8.7,météo favorable
2017-12-17,29,24,28,24,29,27,0,53,10,1017,13,30,17,27,113,113,113,0,1,8.7,météo idéale
2017-12-18,27,20,27,20,26,25,0,46,10,1019,7.125,27,12,22,113,113,113,0,1,8.7,météo idéale
2017-12-19,26,17,31,17,26,23,0,44,10,1019,0.25,26,9,21,113,113,113,0,1,8.7,météo idéale
2017-12-20,26,17,29,17,25,23,0,46,10,1021,7,26,10,21,113,113,113,0,1,8.7,météo idéale
2017-12-21,28,18,17,18,26,25,0,41,10,1019,8.875,28,11,21,113,113,113,0,1,8.7,météo idéale
2017-12-22,29,21,12,21,28,28,0,48,10,1016,32.5,30,16,24,116,116,116,0,1,8.7,météo favorable
2017-12-23,33,23,10,23,32,30,0,46,10,1013,28.125,35,18,28,116,113,116,0,1,8.7,météo favorable
2017-12-24,33,25,18,25,33,31,0,52,10,1012,23.125,36,19,29,113,113,116,0,1,8.7,météo favorable
2017-12-25,31,23,21,23,30,28,0,49,10,1012,15.25,31,16,25,113,113,116,0,1,8.7,météo idéale
2017-12-26,26,22,13,22,22,22,1.8,77,9.875,1014,88.875,26,18,22,122,122,122,0,1,4.2,météo défavorable
2017-12-27,25,21,13,21,23,23,0.2,78,10,1014,75,26,19,21,119,119,119,0,1,4.2,météo défavorable
2017-12-28,30,22,12,22,30,27,2,70,10,1014,74.125,34,21,26,122,119,119,0,1,5.7,météo défavorable
2017-12-29,32,23,12,23,32,29,0.2,63,9.875,1014,39,35,21,28,116,122,116,0,1,7.2,météo correcte
2017-12-30,32,25,18,25,32,30,1.6,57,10,1014,35.625,35,21,29,113,116,116,0,1,8.7,météo favorable
2017-12-31,31,24,24,24,30,29,0,55,10,1014,16.75,33,21,28,113,113,113,0,1,8.7,météo idéale
2018-01-01,31,23,19,23,30,28,0,54,10,1013,4,33,18,26,113,113,113,0,1,8.7,météo idéale
2018-01-02,31,23,21,23,30,29,0,56,10,1012,6.875,33,18,27,113,113,113,0,1,11.6,météo idéale
2018-01-03,32,24,18,24,31,30,0,53,10,1011,25.875,34,19,28,116,113,116,0,1,11.6,météo idéale
2018-01-04,33,25,14,25,32,31,0,50,10,1011,18,36,19,30,113,113,113,0,1,11.6,météo favorable
2018-01-05,34,27,11,27,34,31,0,49,10,1010,19.25,38,20,31,113,113,116,0,1,11.6,météo favorable
2018-01-06,33,27,11,27,33,30,0,59,10,1010,55.125,37,22,30,119,119,116,0,1,10.2,météo correcte
2018-01-07,32,27,17,27,32,29,0,69,10,1011,46.625,36,23,29,116,116,113,0,1,11.6,météo favorable
2018-01-08,32,26,13,26,32,29,0.4,70,9.875,1012,25.75,37,24,29,113,116,116,0,1,11.6,météo favorable
2018-01-09,33,27,11,27,33,30,4.5,66,9.625,1013,35.125,38,23,30,113,119,116,0,1,8.7,météo correcte
2018-01-10,31,25,19,25,29,26,8.6,67,9.25,1015,48.5,34,23,27,116,116,116,0,1,10.2,météo correcte
2018-01-11,30,23,19,23,27,27,0,55,10,1016,61,30,16,24,119,116,116,0,1,10.2,météo correcte
2018-01-12,28,21,22,21,27,26,0,50,10,1017,40.625,28,14,23,119,116,113,0,1,11.6,météo favorable
2018-01-13,29,19,18,19,27,26,0,50,10,1017,18.25,29,14,22,113,113,113,0,1,11.6,météo idéale
2018-01-14,30,22,16,22,28,28,0,47,10,1016,8.375,30,15,25,113,113,113,0,1,11.6,météo idéale
2018-01-15,31,23,13,23,30,28,0,51,10,1013,8.5,32,16,26,113,113,113,0,1,11.6,météo idéale
2018-01-16,33,24,10,24,31,30,0,44,10,1012,25.75,34,17,29,113,116,113,0,1,11.6,météo favorable
2018-01-17,33,26,9,26,33,31,0,50,10,1011,20,36,19,30,113,113,116,0,1,11.6,météo favorable
2018-01-18,34,26,15,26,33,31,0,43,10,1011,13,36,18,30,113,113,113,0,1,11.6,météo favorable
2018-01-19,35,26,18,26,34,32,0,40,10,1012,14.5,36,17,30,113,113,116,0,1,11.6,météo favorable
2018-01-20,34,27,16,27,34,32,0,46,10,1011,38.375,36,19,31,116,116,116,0,1,11.6,météo favorable
2018-01-21,34,27,8,27,34,32,0,46,10,1010,34.375,37,20,31,116,116,116,0,1,11.6,météo favorable
2018-01-22,35,28,7,28,34,31,0.4,54,10,1009,37.75,38,22,32,113,116,116,0,1,11.6,météo favorable
2018-01-23,35,28,5,28,35,32,0.1,51,10,1010,31.375,39,22,32,113,116,116,0,1,11.6,météo favorable
2018-01-24,35,28,8,28,34,30,2.4,59,9.625,1009,29.375,39,22,31,113,113,116,0,1,11.6,météo favorable
2018-01-25,33,27,11,27,33,29,5.5,64,9.625,1009,47.125,37,22,30,116,116,122,0,1,10.2,météo favorable
2018-01-26,33,27,12,27,33,29,2.5,67,9.875,1010,38.375,38,23,30,116,116,116,0,1,11.6,météo favorable
2018-01-27,32,27,12,27,31,29,2.3,65,9.875,1010,25.875,36,23,30,116,116,113,0,1,11.6,météo favorable
2018-01-28,32,27,13,27,32,30,0.9,62,9.875,1011,25.125,36,23,30,116,116,113,0,1,11.6,météo favorable
2018-01-29,33,27,13,27,33,30,0,58,10,1012,21.375,36,23,31,113,113,113,0,1,11.6,météo favorable
2018-01-30,32,27,14,27,32,30,0.2,60,9.875,1012,19.75,36,23,31,113,116,113,0,1,11.6,météo favorable
2018-01-31,31,27,11,27,30,29,1.6,67,9.75,1013,31.375,35,23,29,116,119,113,0,1,10.2,météo correcte
2018-02-01,32,26,19,26,31,28,0.1,62,10,1014,20.75,35,24,28,116,113,113,0,1,11.6,météo favorable
2018-02-02,31,24,15,24,29,30,0,55,10,1015,54.5,33,19,28,116,116,122,0,1,8.7,météo favorable
2018-02-03,29,24,26,25,27,27,0,53,10,1017,52.5,29,19,24,119,116,119,0,1,10.2,météo favorable
2018-02-04,31,22,22,22,28,28,0,44,10,1016,42,31,14,25,116,116,116,0,1,11.6,météo favorable
2018-02-05,31,23,23,23,30,29,0,41,10,1018,20.375,31,13,27,116,113,113,0,1,11.6,météo idéale
2018-02-06,30,22,21,22,29,27,0,40,10,1017,4.375,30,12,26,113,113,113,0,1,11.6,météo idéale
2018-02-07,31,23,12,23,31,27,0,48,10,1015,2.875,32,17,28,113,113,113,0,1,11.6,météo idéale
2018-02-08,31,24,14,24,31,28,0,59,10,1014,3,34,20,28,113,113,113,0,1,11.6,météo idéale
2018-02-09,31,25,19,25,31,28,0.1,63,10,1013,8.625,33,21,28,113,113,113,0,1,11.6,météo idéale
2018-02-10,31,26,13,26,31,28,0.2,61,10,1014,17,34,22,29,113,113,113,0,1,11.6,météo idéale
2018-02-11,33,26,10,26,33,30,0.2,60,10,1015,22.75,37,22,30,113,113,116,0,1,10.2,météo favorable
2018-02-12,33,27,23,27,32,31,0,46,10,1017,17.375,35,22,30,113,113,113,0,1,11.6,météo favorable
2018-02-13,33,24,23,24,31,30,0,45,10,1018,8.875,33,16,27,113,113,113,0,1,11.6,météo idéale
2018-02-14,34,25,8,25,33,31,0,41,10,1017,1.625,38,18,32,113,113,113,0,1,11.6,météo favorable
2018-02-15,33,26,15,26,32,29,0,52,10,1015,1.75,36,23,31,113,113,113,0,1,11.6,météo favorable
2018-02-16,34,26,15,26,33,30,0,55,10,1014,1,37,23,31,113,113,113,0,1,11.6,météo favorable
2018-02-17,33,27,16,27,33,30,0,56,10,1011,7.375,37,23,31,113,113,113,0,1,11.6,météo favorable
2018-02-18,33,27,15,27,33,30,0,65,10,1012,11.625,37,23,30,113,113,113,0,1,11.6,météo favorable
2018-02-19,31,27,14,27,31,29,1.7,64,9.875,1012,27,35,24,30,113,116,116,0,1,11.6,météo favorable
2018-02-20,32,27,14,27,32,29,0.4,68,9.875,1012,31.5,36,23,29,113,116,116,0,1,11.6,météo favorable
2018-02-21,32,27,14,27,32,30,0.2,64,10,1011,26.25,37,23,30,116,116,113,0,1,11.6,météo favorable
2018-02-22,32,27,14,27,32,29,0.5,68,9.875,1010,19.875,37,23,29,113,116,113,0,1,11.6,météo favorable
2018-02-23,33,27,5,27,33,30,3.9,60,9.625,1012,46,38,22,30,116,119,116,0,1,8.8,météo correcte
2018-02-24,33,28,12,28,32,31,0.5,57,10,1014,43,37,23,31,116,122,113,0,1,10.2,météo correcte
2018-02-25,35,28,11,28,35,31,1.4,58,10,1013,29.125,40,23,32,113,353,116,0,1,10.2,météo correcte
2018-02-26,32,28,13,28,32,30,4,66,9.875,1012,29.375,37,23,30,113,119,113,0,1,10.2,météo correcte
2018-02-27,32,27,10,27,32,31,1.1,55,9.75,1012,14,38,23,31,113,113,113,0,1,11.6,météo favorable
2018-02-28,34,28,11,28,33,31,0,57,10,1012,12.125,38,23,31,113,113,113,0,1,11.6,météo favorable
2018-03-01,33,28,15,28,33,30,0,58,10,1010,9.625,37,24,31,113,113,113,0,1,11.6,météo favorable
2018-03-02,33,28,16,28,33,31,0,61,10,1011,7.875,37,24,31,113,113,113,0,1,11.6,météo favorable
2018-03-03,33,28,17,28,33,30,0,62,10,1010,13.625,38,24,31,116,113,113,0,1,11.6,météo favorable
2018-03-04,34,28,15,28,33,31,0,59,10,1011,12,38,24,32,116,113,113,0,1,11.6,météo favorable
2018-03-05,34,28,14,28,34,31,0.1,60,10,1011,16.5,39,24,31,113,116,113,0,1,11.6,météo favorable
2018-03-06,34,29,13,29,34,31,0.7,61,9.5,1011,25.125,39,24,32,113,200,113,0,1,11.6,météo correcte
2018-03-07,34,29,15,29,34,31,0.2,64,9.875,1011,22.625,39,24,31,113,116,113,0,1,11.6,météo favorable
2018-03-08,34,28,15,29,34,31,2.5,65,9.75,1012,24.25,39,24,31,113,116,200,0,1,11.6,météo favorable
2018-03-09,31,28,23,28,28,28,0,61,10,1013,42.375,34,24,28,116,119,116,0,1,8.8,météo correcte
2018-03-10,34,25,21,25,32,31,0,40,10,1015,18.5,34,16,29,113,113,113,0,1,11.6,météo idéale
2018-03-11,34,27,16,27,33,32,0,40,10,1013,17.625,36,17,31,113,113,113,0,1,11.6,météo favorable
2018-03-12,35,28,16,28,35,30,0,56,10,1013,18.75,37,22,31,113,116,113,0,1,11.6,météo favorable
2018-03-13,34,28,15,28,34,31,0,57,10,1013,18.75,37,22,31,113,116,113,0,1,11.6,météo favorable
2018-03-14,33,28,19,28,33,30,0,67,10,1012,8.625,38,23,30,113,113,113,0,1,11.6,météo favorable
2018-03-15,33,28,19,28,33,30,0.1,54,10,1012,6.875,36,22,31,113,113,113,0,1,11.6,météo favorable
2018-03-16,34,27,19,27,34,30,0,62,10,1012,7.75,38,24,31,113,113,113,0,1,11.6,météo favorable
2018-03-17,33,27,17,27,33,30,0,62,10,1012,2.25,39,25,31,113,113,113,0,1,11.6,météo favorable
2018-03-18,34,28,17,28,34,31,0.3,61,10,1013,13.625,38,24,31,113,116,113,0,1,11.6,météo favorable
2018-03-19,34,28,17,29,34,32,0.1,54,10,1012,8.5,37,24,32,113,113,113,0,1,11.6,météo favorable
2018-03-20,34,28,19,29,34,31,0.1,57,10,1011,7.25,38,24,32,113,113,113,0,1,11.6,météo favorable
2018-03-21,35,28,15,29,34,32,0.1,56,10,1011,10.875,39,24,32,113,113,113,0,1,11.6,météo favorable
2018-03-22,35,28,10,28,34,31,0.5,54,9.875,1010,16.75,39,23,32,113,113,113,0,1,11.6,météo favorable
2018-03-23,34,28,18,28,34,32,0.2,45,10,1011,37.125,37,22,31,116,116,116,0,1,11.6,météo favorable
2018-03-24,34,27,12,28,34,31,1.7,53,9.875,1013,28.875,39,23,32,113,119,116,0,1,10.2,météo correcte
2018-03-25,33,28,19,28,33,30,0.3,64,9.875,1014,25.5,37,23,30,113,119,113,0,1,10.2,météo correcte
2018-03-26,34,28,11,28,34,31,0.3,61,9.75,1014,23.625,38,23,31,113,116,113,0,1,11.6,météo favorable
2018-03-27,34,28,13,29,34,31,2.4,57,9.75,1012,24.5,38,23,31,113,116,113,0,1,11.6,météo favorable
2018-03-28,34,28,19,29,34,31,0,62,10,1011,20.875,38,23,31,113,116,113,0,1,11.6,météo favorable
2018-03-29,34,28,20,28,34,30,0.7,62,9.5,1011,53.625,38,23,30,116,122,122,0,1,7.4,météo correcte
2018-03-30,34,28,15,28,34,31,0,68,10,1011,13.75,39,24,31,113,113,113,0,1,11.6,météo favorable
2018-03-31,34,28,11,29,34,31,0.3,61,9.875,1011,19.5,38,24,31,113,116,113,0,1,11.6,météo favorable
2018-04-01,33,28,11,29,33,31,1.1,57,10,1011,32.875,37,23,32,116,119,116,0,1,10.2,météo correcte
2018-04-02,33,28,11,28,33,31,0,62,10,1012,21.125,38,23,31,113,116,113,0,1,11.6,météo favorable
2018-04-03,33,28,13,29,33,31,1.5,63,9.75,1011,20.5,38,23,31,113,116,113,0,1,11.6,météo favorable
2018-04-04,33,28,17,28,33,30,0.6,65,9.875,1010,23.625,37,23,30,113,116,113,0,1,11.6,météo favorable
2018-04-05,34,28,15,29,34,30,0.6,60,9.875,1010,25.875,38,23,31,113,116,116,0,1,11.6,météo favorable
2018-04-06,34,28,15,29,34,32,0.1,58,9.75,1010,30.375,39,23,32,116,116,200,0,1,11.6,météo favorable
2018-04-07,32,25,32,27,30,27,2.6,56,9.625,1014,45.125,34,23,27,116,116,116,0,1,10.2,météo favorable
2018-04-08,34,23,23,23,32,30,0,46,10,1016,19.125,35,17,27,116,113,113,0,1,11.6,météo favorable
2018-04-09,35,26,13,26,34,32,0,40,10,1013,13.875,37,17,31,113,113,113,0,1,11.6,météo favorable
2018-04-10,36,29,20,29,36,31,0,55,10,1012,9.125,38,21,31,113,113,113,0,1,11.6,météo favorable
2018-04-11,35,28,21,29,35,31,0,66,10,1011,13.625,40,24,31,113,116,113,0,1,11.6,météo correcte
2018-04-12,35,28,18,29,35,31,0,64,10,1010,10.5,40,25,31,113,113,113,0,1,11.6,météo correcte
2018-04-13,35,29,18,29,35,32,0,62,10,1010,8.125,41,25,32,113,113,113,0,1,11.6,météo correcte
2018-04-14,35,29,18,29,35,31,0,65,10,1009,14,42,25,32,116,113,113,0,1,11.6,météo correcte
2018-04-15,36,29,15,30,36,33,0,55,10,1010,9.25,42,25,33,113,113,113,0,1,11.6,météo correcte
2018-04-16,36,29,15,29,36,32,3.6,62,9.625,1010,17.875,43,25,32,113,200,113,0,1,11.6,météo correcte
2018-04-17,33,29,15,30,33,29,2.3,66,9.875,1012,28.25,38,24,29,113,116,116,0,1,11.6,météo favorable
2018-04-18,36,27,11,27,35,33,0,49,10,1012,17.875,40,22,32,113,113,113,0,1,11.6,météo correcte
2018-04-19,34,29,14,30,34,32,0.3,59,10,1011,10,39,24,32,113,116,113,0,1,11.6,météo favorable
2018-04-20,34,29,17,29,34,31,0,60,10,1010,8.25,39,24,32,113,113,113,0,1,12.3,météo favorable
2018-04-21,35,29,16,29,35,31,0,58,10,1010,7.625,40,24,32,113,113,113,0,1,12.7,météo correcte
2018-04-22,35,29,17,30,35,31,0.1,61,10,1010,12.375,40,24,31,113,113,113,0,1,12.7,météo correcte
2018-04-23,36,29,17,30,36,32,0,58,10,1009,10.25,41,24,32,113,113,113,0,1,12.7,météo correcte
2018-04-24,35,29,18,30,35,32,0,62,10,1009,9,42,25,32,113,113,113,0,1,12.7,météo correcte
2018-04-25,36,29,18,30,36,32,0,61,10,1009,11.625,41,25,32,113,113,113,0,1,12.7,météo correcte
2018-04-26,35,30,16,30,35,32,0,59,10,1010,14.25,40,24,32,113,113,113,0,1,12.7,météo correcte
2018-04-27,35,29,10,30,35,31,0,61,10,1011,30.25,40,23,32,113,116,113,0,1,12.8,météo correcte
2018-04-28,31,27,4,30,29,27,5.8,79,9.625,1012,71.75,35,24,27,119,119,119,0,1,8,météo défavorable
2018-04-29,33,26,11,26,33,29,0.2,66,9.875,1012,50.875,38,23,30,116,119,116,0,1,11.9,météo correcte
2018-04-30,31,28,15,28,30,28,2.5,74,9.625,1011,55.375,36,23,29,119,119,116,0,1,10.6,météo correcte
2018-05-01,33,27,13,28,33,30,2.8,67,9.75,1012,54.375,38,23,30,116,119,116,0,1,12.8,météo correcte
2018-05-02,34,28,13,29,33,30,0,63,10,1012,32.625,38,23,30,116,116,113,0,1,12.8,météo favorable
2018-05-03,35,28,15,29,35,31,0,60,10,1012,18.875,40,24,31,113,113,113,0,1,12.8,météo correcte
2018-05-04,35,29,14,30,35,31,2.4,63,9.75,1011,20.875,41,24,32,113,116,113,0,1,12.8,météo correcte
2018-05-05,34,29,14,30,34,31,1.2,61,9.875,1012,12.75,40,24,32,113,113,113,0,1,12.8,météo correcte
2018-05-06,34,29,16,30,34,31,0.1,62,10,1012,13.375,39,24,31,113,113,113,0,1,12.8,météo favorable
2018-05-07,34,29,16,30,34,31,1.2,65,9.875,1011,18.75,40,24,31,113,113,113,0,1,12.8,météo correcte
2018-05-08,34,29,13,29,33,31,0.2,62,9.75,1009,14.625,39,25,31,200,113,113,0,1,12.8,météo favorable
2018-05-09,35,29,14,30,35,32,0.4,61,9.875,1010,19.625,42,25,32,113,116,113,0,1,12.8,météo correcte
2018-05-10,35,29,16,30,35,31,9.6,66,9.375,1011,27.375,43,25,32,113,113,200,0,1,12.8,météo correcte
2018-05-11,34,29,11,29,34,29,2.8,67,9.875,1011,50,39,24,30,116,122,116,0,1,11.9,météo correcte
2018-05-12,35,28,10,28,35,32,1,60,9.75,1010,18.5,42,24,32,113,116,113,0,1,12.8,météo correcte
2018-05-13,35,29,13,30,35,32,4.4,61,9.5,1010,16.25,41,24,32,113,113,200,0,1,12.8,météo correcte
2018-05-14,36,29,9,30,36,32,0.9,58,10,1011,25.375,43,23,33,113,116,113,0,1,12.8,météo correcte
2018-05-15,35,29,13,30,35,32,0,57,10,1009,10.125,41,23,32,113,113,113,0,1,12.9,météo correcte
2018-05-16,35,30,16,31,35,32,0.7,62,9.875,1008,10,41,24,32,113,113,113,0,1,12.9,météo correcte
2018-05-17,34,29,15,30,34,31,2.6,63,9.625,1009,28.375,40,24,31,113,116,116,0,1,12.9,météo correcte
2018-05-18,34,29,12,30,34,32,0.8,61,9.875,1008,27.625,40,24,32,113,200,113,0,1,12.9,météo correcte
2018-05-19,35,29,14,30,35,32,0.9,58,9.875,1008,11.625,41,24,33,113,113,113,0,1,12.9,météo correcte
2018-05-20,36,30,11,30,35,32,0.6,60,10,1008,15.5,42,24,33,113,113,113,0,1,12.9,météo correcte
2018-05-21,35,29,12,30,35,32,4.8,61,9.375,1008,18.625,42,24,32,113,200,113,0,1,12.9,météo correcte
2018-05-22,35,29,8,29,34,30,0.2,67,9.875,1010,46.125,40,24,31,116,116,116,0,1,12.9,météo correcte
2018-05-23,35,29,11,29,35,31,0,58,10,1010,30.75,41,23,32,113,116,113,0,1,12.9,météo correcte
2018-05-24,34,29,17,30,34,30,1.9,66,9.75,1009,43.25,39,24,31,116,116,122,0,1,12.9,météo favorable
2018-05-25,32,28,13,28,32,30,0.2,64,9.875,1009,55.25,37,24,31,116,119,116,0,1,11.9,météo correcte
2018-05-26,33,29,12,30,32,30,0,65,10,1010,48.625,38,24,31,116,119,116,0,1,12.9,météo correcte
2018-05-27,34,28,11,29,34,31,0.1,58,10,1010,41.625,40,24,31,116,116,116,0,1,12.9,météo correcte
2018-05-28,38,29,10,29,38,33,0.2,54,9.875,1010,47,43,23,33,116,116,116,0,1,12.9,météo correcte
2018-05-29,34,29,14,30,34,31,0,63,10,1010,48,40,24,32,116,116,119,0,1,12.9,météo correcte
2018-05-30,34,29,14,29,34,30,2.9,65,9.875,1010,36.75,40,24,31,116,116,116,0,1,12.9,météo correcte
2018-05-31,35,29,11,29,35,31,2.6,57,9.625,1010,29.125,41,24,32,113,116,116,0,1,12.9,météo correcte
2018-06-01,34,29,11,30,34,32,1.1,53,9.875,1010,28.875,40,23,32,116,113,113,0,1,12.9,météo correcte
2018-06-02,35,29,13,30,35,32,0.3,60,9.875,1010,29.5,41,23,32,116,116,116,0,1,12.9,météo correcte
2018-06-03,35,30,16,30,34,31,0.3,59,9.875,1008,39.375,39,23,31,116,116,116,0,1,12.9,météo favorable
2018-06-04,35,29,15,30,35,31,1.3,63,10,1007,41.375,40,23,31,116,113,116,0,1,12.9,météo correcte
2018-06-05,34,30,17,30,34,31,1.7,62,9.875,1009,46.375,39,23,31,116,116,116,0,1,12.9,météo favorable
2018-06-06,34,29,24,30,34,30,1.6,67,9.75,1009,44.875,39,23,30,116,116,119,0,1,12.9,météo favorable
2018-06-07,33,29,22,30,31,31,1.1,63,9.75,1009,46,38,24,31,116,116,116,0,1,12.9,météo favorable
2018-06-08,31,28,30,30,30,29,7,78,9.5,1008,73,36,24,29,119,119,122,0,1,10.7,météo défavorable
2018-06-09,31,28,24,29,30,28,8.3,74,9.25,1008,71.25,36,24,28,116,122,119,0,1,8.1,météo défavorable
2018-06-10,33,28,26,29,33,30,4.6,70,9.875,1009,58.375,39,24,30,116,116,116,0,1,11.9,météo correcte
2018-06-11,33,29,26,30,33,30,3,67,9.75,1010,47,38,24,30,116,116,116,0,1,13,météo favorable
2018-06-12,32,28,24,28,32,30,0.8,68,8.75,1010,62.875,37,24,30,122,116,122,0,1,11.9,météo correcte
2018-06-13,32,29,21,30,32,30,2.3,71,9.875,1009,56.625,37,24,30,122,116,116,0,1,11.9,météo correcte
2018-06-14,34,29,22,30,34,31,0.6,64,9.875,1009,33,40,23,31,116,116,113,0,1,13,météo correcte
2018-06-15,34,29,24,30,34,30,1.7,67,9.75,1008,38.5,39,23,30,116,116,113,0,1,13,météo favorable
2018-06-16,32,29,27,30,32,29,0.3,69,9.875,1007,33.75,37,24,30,116,116,116,0,1,13,météo favorable
2018-06-17,33,28,24,28,33,31,0,59,10,1006,47.75,37,23,31,116,116,116,0,1,13,météo favorable
2018-06-18,32,28,21,29,30,29,2.8,71,9.875,1005,49.25,37,24,29,116,116,116,0,1,13,météo favorable
2018-06-19,33,28,18,29,33,29,1.6,72,9.875,1007,50.5,38,24,29,116,122,116,0,1,13,météo correcte
2018-06-20,32,28,20,28,32,29,1.1,72,9.875,1009,51.125,38,24,29,116,113,122,0,1,13,météo favorable
2018-06-21,33,28,17,29,33,30,4.1,63,9.625,1010,36.625,39,24,31,116,116,116,0,1,13,météo favorable
2018-06-22,34,29,14,29,33,31,0,58,10,1010,34.625,38,24,31,116,116,116,0,1,13,météo favorable
2018-06-23,34,29,14,29,34,31,0,59,10,1009,20.625,39,24,31,113,113,113,0,1,13,météo favorable
2018-06-24,34,28,14,29,34,30,4.4,64,9.5,1009,33.125,38,23,30,113,116,116,0,1,13,météo favorable
2018-06-25,33,29,11,29,33,30,0.9,63,10,1008,52.375,38,23,31,116,116,116,0,1,13,météo favorable
2018-06-26,33,28,14,28,33,30,1.8,64,9.875,1009,40.75,38,24,30,116,116,116,0,1,13,météo favorable
2018-06-27,32,27,16,27,32,29,0,67,10,1010,49.25,37,23,29,116,122,116,0,1,13,météo correcte
2018-06-28,33,27,13,27,33,30,1.1,60,10,1010,52.375,37,23,30,116,119,116,0,1,11.9,météo correcte
2018-06-29,34,28,15,28,34,31,0.1,55,10,1009,34.5,38,23,31,116,113,113,0,1,13,météo favorable
2018-06-30,34,28,19,29,34,30,4.3,65,9.625,1008,21.25,38,23,30,116,113,113,0,1,13,météo favorable
2018-07-01,34,29,14,29,33,31,0.1,63,10,1009,22.375,39,23,31,113,113,116,0,1,13,météo favorable
2018-07-02,34,29,18,29,34,31,2.5,61,9.625,1008,27.625,39,24,31,113,113,116,0,1,13,météo favorable
2018-07-03,33,29,17,29,33,31,0.9,61,9.875,1008,32,38,23,31,116,113,119,0,1,12.9,météo favorable
2018-07-04,33,29,23,29,33,30,0,67,10,1008,28.625,38,23,30,116,116,113,0,1,12.9,météo favorable
2018-07-05,33,28,21,29,33,30,2.7,66,9.625,1007,27,38,23,30,113,116,116,0,1,12.9,météo favorable
2018-07-06,31,28,23,29,31,30,5.7,68,9.5,1006,47.875,36,23,30,116,116,113,0,1,12.9,météo favorable
2018-07-07,33,29,20,29,33,30,1.1,61,10,1007,59.875,37,22,31,116,116,116,0,1,11.9,météo correcte
2018-07-08,33,29,17,29,33,31,0,59,10,1006,33.5,38,23,31,113,116,116,0,1,12.9,météo favorable
2018-07-09,33,29,15,29,33,30,5.6,64,9.375,1007,44.25,38,23,30,113,116,119,0,1,11.9,météo favorable
2018-07-10,32,27,16,27,32,29,3.3,64,9.75,1008,58.375,36,23,29,119,116,116,0,1,12.9,météo correcte
2018-07-11,30,27,22,28,29,29,5.8,69,9.75,1007,59.5,34,23,29,116,116,116,0,1,12.9,météo correcte
2018-07-12,30,28,26,28,30,28,4.6,74,9.375,1006,75.625,34,23,28,122,119,119,0,1,8.1,météo défavorable
2018-07-13,32,27,28,28,32,29,7,68,9.625,1006,59.125,37,23,29,116,116,119,0,1,11.9,météo correcte
2018-07-14,32,28,17,29,32,29,1.6,70,9.875,1006,64.375,36,23,29,116,116,122,0,1,11.9,météo correcte
2018-07-15,31,28,21,29,31,30,0.5,68,10,1007,56,36,23,30,122,116,119,0,1,11.9,météo correcte
2018-07-16,30,28,18,28,29,28,0.4,74,10,1007,90.75,33,23,28,122,122,122,0,1,8.1,météo défavorable
2018-07-17,28,27,23,27,28,28,3.5,76,10,1006,89.25,32,23,28,122,122,122,0,1,8.1,météo défavorable
2018-07-18,30,28,29,28,30,29,8.8,76,9.25,1003,73,35,24,28,119,122,119,0,1,9.4,météo défavorable
2018-07-19,32,28,27,29,32,29,0.2,72,9.875,1006,54.125,38,24,29,119,116,116,0,1,12.9,météo favorable
2018-07-20,33,28,27,29,33,30,1.4,69,9.75,1007,34.25,38,24,30,116,116,116,0,1,12.9,météo favorable
2018-07-21,33,28,22,29,32,31,0.5,64,10,1008,50.625,38,24,31,116,119,119,0,1,10.6,météo correcte
2018-07-22,32,29,19,29,31,30,0.8,68,10,1008,82.25,36,23,30,122,122,122,0,1,9.3,météo défavorable
2018-07-23,34,28,19,29,34,30,0,68,10,1008,66,39,24,30,122,116,116,0,1,12.9,météo défavorable
2018-07-24,32,29,18,29,32,31,0,61,10,1007,40.625,37,23,31,116,116,116,0,1,12.9,météo favorable
2018-07-25,32,29,21,29,32,30,0,66,10,1008,36.5,36,23,30,113,116,116,0,1,12.9,météo favorable
2018-07-26,33,28,18,29,33,31,0,65,10,1008,27.5,38,23,31,113,113,116,0,1,12.9,météo favorable
2018-07-27,32,29,19,29,32,30,0,65,10,1008,34.375,37,24,30,116,116,113,0,1,12.9,météo favorable
2018-07-28,33,28,17,29,33,31,0,64,10,1008,28,38,23,31,113,113,116,0,1,12.9,météo favorable
2018-07-29,32,29,18,29,31,29,1.7,73,10,1007,42,36,24,29,116,116,116,0,1,12.5,météo favorable
2018-07-30,32,28,24,28,32,29,4.4,71,10,1009,73.25,36,23,29,116,116,122,0,1,10.5,météo défavorable
2018-07-31,31,28,18,28,31,28,0.9,74,10,1010,62,35,23,28,116,122,116,0,1,12.4,météo correcte
2018-08-01,32,27,23,28,32,29,5.5,68,9.625,1009,69,37,23,29,119,116,116,0,1,10.5,météo défavorable
2018-08-02,31,28,30,28,30,29,0.7,75,9.875,1009,54.375,35,23,28,119,122,116,0,1,10.5,météo correcte
2018-08-03,32,28,21,28,32,29,0.1,65,10,1009,48.25,35,22,30,116,119,116,0,1,10.3,météo correcte
2018-08-04,31,27,18,28,31,29,0,68,10,1008,47.5,35,23,29,116,116,119,0,1,10.3,météo favorable
2018-08-05,31,28,23,28,31,29,0.3,69,9.875,1008,53.375,35,23,29,116,122,119,0,1,7.6,météo correcte
2018-08-06,29,27,18,28,29,28,0.8,78,9,1008,88.625,32,24,28,122,119,122,0,1,6.2,météo défavorable
2018-08-07,32,27,20,28,32,29,1.2,71,10,1007,61.25,37,23,29,116,116,122,0,1,8.9,météo correcte
2018-08-08,30,27,18,27,29,28,2.2,76,8.375,1007,68.625,34,23,27,122,116,122,0,1,8.9,météo défavorable
2018-08-09,31,27,21,27,31,28,1.4,72,10,1007,59.875,34,23,28,116,119,116,0,1,8.9,météo correcte
2018-08-10,31,27,23,27,31,28,0.8,71,10,1008,50,34,23,28,116,116,116,0,1,8.9,météo favorable
2018-08-11,31,27,25,28,31,29,2,71,9.875,1008,55.375,35,23,29,122,116,116,0,1,11.6,météo correcte
2018-08-12,31,27,23,27,31,29,0.1,71,10,1007,50.75,36,23,29,116,116,116,0,1,11.6,météo favorable
2018-08-13,31,27,23,28,31,29,0.4,73,10,1007,63.375,35,23,29,116,116,116,0,1,10.2,météo correcte
2018-08-14,32,28,26,28,32,29,2.5,72,9.75,1008,55.75,36,23,29,116,116,119,0,1,8.9,météo correcte
2018-08-15,32,27,22,28,32,29,2.1,70,9.875,1009,68.875,37,23,29,122,116,119,0,1,8.9,météo défavorable
2018-08-16,31,27,19,27,31,29,0.4,73,10,1008,81,35,24,29,119,122,122,0,1,6.2,météo défavorable
2018-08-17,31,28,24,28,29,29,0.6,74,9.875,1005,49.5,35,23,29,116,116,116,0,1,8.9,météo favorable
2018-08-18,31,28,29,28,31,28,3.7,73,9.875,1006,60,36,23,29,116,122,116,0,1,8.9,météo correcte
2018-08-19,31,27,21,28,31,29,3.9,73,10,1008,68.25,36,23,29,116,119,119,0,1,7.5,météo défavorable
2018-08-20,32,27,17,28,32,29,1.3,73,9,1009,75,36,24,29,116,122,116,0,1,8.9,météo défavorable
2018-08-21,30,28,12,28,29,28,0,74,10,1008,74.375,34,24,28,122,119,116,0,1,8.9,météo défavorable
2018-08-22,33,27,12,28,33,30,2,66,9.875,1007,34.25,39,24,30,116,116,113,0,1,11.6,météo favorable
2018-08-23,34,28,21,28,34,30,0.9,69,9.75,1008,21.125,38,24,30,113,113,113,0,1,11.6,météo favorable
2018-08-24,31,28,19,28,31,28,2.3,75,9.875,1008,47.75,36,24,29,116,116,116,0,1,11.6,météo favorable
2018-08-25,30,27,15,27,30,28,2,76,10,1009,76.875,33,23,28,116,122,122,0,1,7.5,météo défavorable
2018-08-26,28,27,14,27,28,27,7.1,82,9.875,1008,84.75,31,23,27,119,122,122,0,1,6.1,météo défavorable
2018-08-27,31,26,20,26,31,27,4.9,77,9.5,1009,83,35,23,27,122,116,119,0,1,7.5,météo défavorable
2018-08-28,29,27,17,27,29,28,0,72,10,1011,61.5,32,23,28,119,116,116,0,1,11.6,météo correcte
2018-08-29,30,27,20,27,30,29,1.4,69,10,1010,61.5,33,23,28,116,119,119,0,1,7.5,météo correcte
2018-08-30,31,27,21,28,30,29,0.6,71,9.875,1008,50.25,35,23,29,119,116,116,0,1,8.9,météo favorable
2018-08-31,32,27,18,28,32,29,1.6,70,10,1011,51.875,36,23,29,116,116,116,0,1,11.6,météo favorable
2018-09-01,33,27,14,28,33,30,0,62,10,1011,35.375,38,23,30,116,116,116,0,1,11.6,météo favorable
2018-09-02,34,28,14,28,33,30,0,68,9.75,1011,21.5,38,24,30,113,113,200,0,1,11.6,météo favorable
2018-09-03,32,28,14,28,32,28,3.9,72,9.875,1009,64.125,37,24,29,116,119,119,0,1,8.9,météo correcte
2018-09-04,29,27,19,27,29,28,3.6,77,9,1010,74.25,33,23,28,122,116,119,0,1,8.9,météo défavorable
2018-09-05,30,26,21,26,30,29,2,71,10,1011,66.625,33,23,28,122,116,116,0,1,10.2,météo défavorable
2018-09-06,33,27,13,28,33,30,0.8,60,9.875,1009,38,37,23,31,116,113,116,0,1,11.6,météo favorable
2018-09-07,35,28,16,28,35,30,0.8,67,9.875,1008,34.125,39,23,30,116,113,116,0,1,10.2,météo favorable
2018-09-08,32,27,13,27,32,30,2.5,68,10,1008,34,37,24,30,113,116,116,0,1,11.6,météo favorable
2018-09-09,35,28,8,28,35,29,0.5,69,9.875,1011,37.375,41,24,30,116,116,113,0,1,11.6,météo correcte
2018-09-10,33,27,9,27,33,30,0.1,61,10,1012,31.625,39,24,31,116,116,116,0,1,11.6,météo favorable
2018-09-11,34,28,13,28,34,31,2.3,61,9.875,1012,36.25,38,23,31,116,113,116,0,1,11.6,météo favorable
2018-09-12,30,28,11,28,30,29,1.4,69,9,1010,73.375,35,24,29,116,122,119,0,1,7.5,météo défavorable
2018-09-13,33,27,11,27,33,29,1.5,67,9.875,1008,55.25,36,24,29,116,116,119,0,1,10.2,météo correcte
2018-09-14,31,27,13,27,31,29,7.8,72,9.125,1008,66.75,36,24,29,116,119,116,0,1,10.2,météo défavorable
2018-09-15,32,27,13,27,32,28,5.8,76,9.5,1008,43.75,38,24,28,116,116,119,0,1,10.2,météo favorable
2018-09-16,33,27,16,28,33,29,1.2,72,9.875,1006,24.5,40,24,30,116,116,113,0,1,11.6,météo correcte
2018-09-17,32,28,21,28,32,29,0.3,70,10,1007,32.625,37,23,29,116,113,116,0,1,11.6,météo favorable
2018-09-18,30,27,19,27,30,28,1.7,73,10,1010,70.5,33,23,28,116,122,122,0,1,7.4,météo défavorable
2018-09-19,28,26,10,26,28,27,0,78,10,1011,68.25,31,23,27,119,122,119,0,1,7.4,météo défavorable
2018-09-20,34,27,6,27,34,30,2.3,63,9.875,1011,31.125,40,23,31,116,116,113,0,1,11.6,météo correcte
2018-09-21,34,28,9,28,34,31,2.8,66,9.75,1011,22.75,41,24,31,116,113,113,0,1,11.6,météo correcte
2018-09-22,32,28,11,28,32,29,10.6,70,9,1012,25.875,38,24,30,116,113,113,0,1,11.6,météo correcte
2018-09-23,32,27,11,27,32,29,3.9,70,9.5,1013,23.125,39,23,29,116,113,113,0,1,11.6,météo favorable
2018-09-24,33,27,14,27,33,28,1,73,9.875,1012,48,38,24,29,116,116,122,0,1,8.8,météo favorable
2018-09-25,33,27,12,28,33,29,0,63,10,1011,26.75,39,24,30,116,113,113,0,1,11.6,météo favorable
2018-09-26,34,28,12,28,34,30,0,62,10,1010,16,40,24,31,113,113,113,0,1,11.6,météo correcte
2018-09-27,36,28,8,28,36,32,0.4,60,9.875,1009,30.25,43,24,32,116,116,113,0,1,10.2,météo correcte
2018-09-28,36,28,6,29,36,32,2.7,62,9.625,1009,33.25,43,24,32,116,116,113,0,1,11.6,météo correcte
2018-09-29,36,28,5,29,36,31,0.9,67,9.75,1009,30.625,43,25,31,113,116,200,0,1,11.6,météo correcte
2018-09-30,34,29,8,29,34,31,2.2,66,10,1009,46.5,41,24,31,119,116,116,0,1,11.6,météo correcte
2018-10-01,34,28,12,28,34,30,5.8,68,9.625,1010,33.5,40,25,30,113,113,113,0,1,11.6,météo correcte
2018-10-02,33,27,13,28,33,30,2.1,68,10,1011,63.625,38,24,30,116,122,119,0,1,6,météo correcte
2018-10-03,33,27,18,27,32,30,0.1,60,10,1011,18.625,37,23,30,113,116,113,0,1,11.6,météo favorable
2018-10-04,34,27,18,27,34,30,0.1,64,10,1011,28.625,39,23,30,116,113,113,0,1,11.6,météo favorable
2018-10-05,32,27,24,27,32,28,1.2,74,10,1012,71.875,37,23,28,116,116,122,0,1,7.4,météo défavorable
2018-10-06,32,26,12,27,32,28,1.8,72,9.875,1012,47.25,37,23,29,116,116,116,0,1,11.6,météo favorable
2018-10-07,33,26,8,27,33,30,0.1,67,10,1012,34.375,38,24,30,116,116,113,0,1,11.6,météo favorable
2018-10-08,33,27,7,27,33,29,2.2,68,9.875,1012,23.625,39,24,30,113,116,113,0,1,10.2,météo favorable
2018-10-09,35,27,8,28,35,30,1.7,69,9.875,1011,28.75,40,24,30,113,119,113,0,1,10.2,météo correcte
2018-10-10,34,28,6,28,34,30,5.1,68,9.625,1011,12.875,42,25,31,113,116,113,0,1,11.6,météo correcte
2018-10-11,34,28,16,28,34,31,0.8,63,9.875,1013,13.125,39,24,31,113,113,113,0,1,8.7,météo favorable
2018-10-12,34,27,15,27,34,31,0.2,61,9.875,1014,20.625,39,23,31,113,116,116,0,1,8.7,météo favorable
2018-10-13,34,27,12,27,33,30,3.2,64,9.5,1014,27.875,40,23,31,113,113,116,0,1,8.7,météo correcte
2018-10-14,33,28,10,28,33,30,0,69,10,1013,34.25,40,24,30,113,116,116,0,1,8.7,météo correcte
2018-10-15,34,28,9,28,34,30,1.5,67,9.75,1013,27.5,40,24,31,116,116,113,0,1,8.7,météo correcte
2018-10-16,33,27,15,28,33,29,0.2,70,9.875,1013,21.125,39,24,30,113,116,116,0,1,8.7,météo favorable
2018-10-17,33,28,14,28,33,30,0,61,10,1012,15.5,38,24,30,113,113,113,0,1,8.7,météo favorable
2018-10-18,35,28,7,29,35,31,0,62,9.625,1011,22.5,43,24,32,113,113,200,0,1,8.7,météo correcte
2018-10-19,34,28,3,29,34,31,4.6,61,9.5,1011,33,40,23,32,116,113,116,0,1,8.7,météo correcte
2018-10-20,31,27,19,27,31,27,11.5,80,9.125,1012,75.75,36,24,27,122,122,116,0,1,4.3,météo défavorable
2018-10-21,32,26,16,27,32,28,0.7,74,9.75,1013,40.25,36,23,29,116,116,116,0,1,8.7,météo favorable
2018-10-22,33,26,12,27,33,29,3.1,70,9.625,1013,30,38,24,30,116,116,113,0,1,8.7,météo favorable
2018-10-23,33,28,7,28,33,30,3.9,65,9.5,1013,28,40,24,31,113,116,116,0,1,8.7,météo correcte
2018-10-24,31,28,8,28,31,29,11,66,9.25,1013,26.25,36,24,30,113,116,113,0,1,8.7,météo correcte
2018-10-25,33,27,12,27,33,30,0,67,10,1014,29.625,38,24,31,116,116,113,0,1,8.7,météo favorable
2018-10-26,34,27,11,27,34,30,0,64,9.875,1014,24.5,40,24,31,113,200,113,0,1,7.2,météo correcte
2018-10-27,34,27,13,28,34,30,0,64,10,1014,21.25,40,24,30,113,119,113,0,1,7.2,météo correcte
2018-10-28,33,27,18,27,33,30,1.3,66,9.875,1014,22.375,39,24,30,116,113,113,0,1,8.7,météo favorable
2018-10-29,33,27,15,27,33,30,1,66,9.875,1013,13.375,38,23,30,113,113,113,0,1,8.7,météo favorable
2018-10-30,32,26,24,26,32,30,0.3,60,9.875,1012,10.75,37,22,29,113,113,113,0,1,8.7,météo favorable
2018-10-31,31,24,29,24,31,28,0,53,10,1014,1.625,32,19,28,113,113,113,0,1,8.7,météo idéale
2018-11-01,31,23,26,23,30,28,0,52,10,1013,0.375,31,18,28,113,113,113,0,1,8.7,météo idéale
2018-11-02,32,24,17,24,32,29,0,54,10,1014,5,34,20,28,113,113,113,0,1,8.7,météo idéale
2018-11-03,32,25,13,25,32,30,0,53,10,1014,10.75,36,20,29,113,113,113,0,1,8.7,météo favorable
2018-11-04,34,26,10,26,34,31,0,54,10,1013,17.875,37,21,31,113,113,113,0,1,8.7,météo favorable
2018-11-05,35,27,10,27,35,32,0,51,10,1012,18,39,22,32,113,113,116,0,1,8.7,météo favorable
2018-11-06,34,27,20,27,34,31,0,55,10,1012,15,38,22,31,113,113,116,0,1,8.7,météo favorable
2018-11-07,34,27,15,27,34,30,0.2,64,9.875,1012,14.75,38,23,30,113,113,113,0,1,8.7,météo favorable
2018-11-08,32,27,24,27,32,29,0,69,10,1011,57.125,37,23,29,116,116,119,0,1,8.7,météo correcte
2018-11-09,28,26,17,26,28,27,3.5,80,9.625,1011,70.75,33,24,26,122,122,116,0,1,5.7,météo défavorable
2018-11-10,32,25,15,26,32,29,0.6,70,10,1012,69.125,36,23,29,122,119,116,0,1,5.7,météo défavorable
2018-11-11,33,26,13,26,33,30,0.2,62,10,1012,17,38,23,31,113,116,113,0,1,8.7,météo favorable
2018-11-12,34,27,9,27,34,31,1.7,63,9.875,1012,29.625,39,23,31,113,119,116,0,1,7.2,météo correcte
2018-11-13,34,28,7,28,34,30,0.7,65,9.875,1010,27.125,40,24,31,113,116,116,0,1,8.7,météo correcte
2018-11-14,33,28,8,28,33,30,5.2,67,9.375,1011,28.25,39,23,30,113,116,116,0,1,8.7,météo favorable
2018-11-15,34,28,10,28,34,29,0.3,72,9.875,1012,26.75,41,25,30,113,119,113,0,1,7.2,météo correcte
2018-11-16,34,28,12,28,34,29,1.4,73,9.875,1012,33.5,41,24,30,116,116,113,0,1,8.7,météo correcte
2018-11-17,34,28,9,28,34,30,2.9,69,9.625,1012,20.25,41,25,30,113,116,113,0,1,8.7,météo correcte
2018-11-18,33,28,10,28,33,30,3.7,64,9.625,1013,20.75,40,24,31,113,116,113,0,1,8.7,météo correcte
2018-11-19,34,28,9,28,34,31,0.4,64,9.875,1013,21.75,40,24,31,113,116,113,0,1,8.7,météo correcte
2018-11-20,33,27,13,27,33,30,0,61,10,1013,16.5,38,23,31,113,113,113,0,1,8.7,météo favorable
2018-11-21,34,27,9,27,34,31,0.6,62,9.875,1013,15.375,39,23,31,113,113,116,0,1,8.7,météo favorable
2018-11-22,33,28,5,28,33,30,0.3,64,10,1013,23.5,39,24,31,113,116,116,0,1,8.7,météo favorable
2018-11-23,32,26,17,26,32,30,0,61,10,1015,18.875,35,22,29,113,113,116,0,1,8.7,météo favorable
2018-11-24,33,26,12,26,32,30,0,51,10,1014,8,37,20,30,113,113,113,0,1,8.7,météo favorable
2018-11-25,33,26,15,26,32,29,0,51,10,1014,4.75,35,19,30,113,113,113,0,1,8.7,météo favorable
2018-11-26,33,25,17,25,33,29,0,54,10,1013,17.625,34,20,29,113,116,116,0,1,8.7,météo favorable
2018-11-27,27,25,19,25,26,25,0,70,10,1016,66.75,28,20,25,116,122,119,0,1,5.7,météo défavorable
2018-11-28,30,23,14,23,29,28,0,65,10,1015,75.75,33,21,27,122,119,119,0,1,4.2,météo défavorable
2018-11-29,33,25,14,25,33,30,3,64,9.5,1016,29.375,37,22,29,113,116,116,0,1,8.7,météo favorable
2018-11-30,34,26,16,26,34,30,1.8,61,10,1015,30.75,38,22,30,116,119,116,0,1,7.2,météo correcte
2018-12-01,33,27,12,27,33,31,0.5,57,9.875,1013,31.125,38,22,31,113,119,116,0,1,7.2,météo correcte
2018-12-02,34,27,10,27,34,31,0,58,10,1012,29.375,38,22,31,116,116,116,0,1,8.7,météo favorable
2018-12-03,34,27,12,27,34,32,0,55,10,1012,10.5,39,23,32,113,113,113,0,1,8.7,météo favorable
2018-12-04,34,28,14,28,34,31,0,56,10,1012,17.375,38,22,31,113,116,113,0,1,8.7,météo favorable
2018-12-05,34,28,13,28,34,31,0,61,10,1011,16.875,39,23,31,113,116,113,0,1,8.7,météo favorable
2018-12-06,34,27,12,28,33,31,0,57,10,1011,10.625,38,24,31,113,113,113,0,1,8.7,météo favorable
2018-12-07,34,28,13,28,34,30,0.8,63,10,1012,32.625,38,22,30,113,116,116,0,1,8.7,météo favorable
2018-12-08,32,27,16,27,31,27,1,76,10,1014,60,35,23,27,119,119,119,0,1,5.7,météo correcte
2018-12-09,31,26,18,26,29,28,0,75,10,1013,59.375,35,22,27,119,119,116,0,1,5.7,météo correcte
2018-12-10,32,26,18,26,32,30,0.3,60,10,1013,43.5,36,22,29,116,113,119,0,1,8.7,météo favorable
2018-12-11,32,27,16,27,32,30,3.9,63,9.5,1013,40.875,37,22,30,116,116,116,0,1,8.7,météo favorable
2018-12-12,32,26,21,26,32,29,0.7,63,9.875,1014,34.625,36,22,30,116,116,116,0,1,8.7,météo favorable
2018-12-13,31,24,21,24,30,29,0,54,10,1016,20.125,33,19,27,113,113,116,0,1,8.7,météo idéale
2018-12-14,31,24,22,24,30,29,0,54,10,1016,15.125,33,19,27,116,113,113,0,1,8.7,météo idéale
2018-12-15,32,24,19,24,29,29,0,54,10,1016,41.25,33,19,27,113,116,119,0,1,8.7,météo favorable
2018-12-16,33,26,21,26,32,30,0.9,54,9.875,1016,30,36,21,29,116,113,116,0,1,8.7,météo favorable
2018-12-17,32,25,24,25,31,29,0,53,10,1016,13.625,34,19,28,113,113,113,0,1,8.7,météo idéale
2018-12-18,32,25,22,25,31,29,0,56,10,1015,17.125,34,20,28,113,113,113,0,1,8.7,météo idéale
2018-12-19,33,25,17,25,33,31,0,50,10,1015,15.5,36,20,29,113,113,113,0,1,8.7,météo favorable
2018-12-20,35,27,7,27,35,31,0,51,10,1014,19.625,38,20,31,113,113,113,0,1,8.7,météo favorable
2018-12-21,34,28,11,28,34,31,0,60,10,1013,14.25,40,23,31,113,113,116,0,1,8.7,météo correcte
2018-12-22,35,28,6,28,35,32,0,56,10,1012,30.875,40,23,33,113,116,116,0,1,8.7,météo correcte
2018-12-23,34,28,15,28,34,32,0.9,53,9.875,1012,43.75,38,22,32,113,116,116,0,1,8.7,météo favorable
2018-12-24,34,27,17,27,33,30,0,48,10,1012,15.875,36,20,30,113,113,113,0,1,8.7,météo favorable
2018-12-25,34,27,8,27,34,30,0,51,10,1012,4.375,38,19,30,113,113,113,0,1,8.7,météo favorable
2018-12-26,33,27,9,27,33,31,0,42,10,1011,6.25,35,19,32,113,113,113,0,1,8.7,météo favorable
2018-12-27,34,27,10,27,34,31,0,42,10,1010,12.25,36,17,31,113,113,113,0,1,8.7,météo favorable
2018-12-28,33,28,10,28,33,30,2,55,10,1011,37.625,36,21,30,116,116,116,0,1,7.2,météo favorable
2018-12-29,32,26,13,26,32,29,0.3,64,9.875,1014,40.625,35,21,29,116,116,116,0,1,8.7,météo favorable
2018-12-30,32,26,19,26,31,29,0.8,60,9.875,1016,65.125,34,21,28,119,119,119,0,1,4.2,météo défavorable
2018-12-31,31,24,17,24,30,29,0,54,10,1017,27.5,32,20,27,116,113,116,0,1,8.7,météo idéale
2019-01-01,32,22,19,23,29,30,0,53,10,1018,8,32,16,24,116,116,116,0,1,8.7,météo favorable
2019-01-02,31,22,20,23,29,30,0,54,10,1017,8.625,31,16,25,116,113,116,0,1,11.6,météo idéale
2019-01-03,32,23,14,24,30,31,0.1,53,9.375,1017,48.625,33,18,26,116,116,116,0,1,10.2,météo favorable
2019-01-04,30,24,19,25,29,28,2.3,61,8.875,1016,55.625,32,20,27,176,116,263,0,1,10.2,météo correcte
2019-01-05,32,24,19,24,31,30,3.7,67,8.25,1015,73.875,35,22,27,293,119,263,0,1,5.8,météo défavorable
2019-01-06,33,27,15,27,32,30,1.9,63,10,1015,62.75,36,23,29,122,116,119,0,1,11.6,météo correcte
2019-01-07,34,27,12,27,33,31,4,64,9.75,1014,65.25,37,23,29,353,176,116,0,1,8.7,météo défavorable
2019-01-08,31,27,16,27,31,29,4.1,71,9.375,1013,74.625,35,23,29,176,176,176,0,1,5.8,météo défavorable
2019-01-09,32,27,10,27,32,30,6.1,70,9.75,1014,68.25,36,24,29,176,353,353,0,1,8.7,météo défavorable
2019-01-10,32,27,10,27,32,31,1.5,65,9.75,1014,67.75,36,24,29,176,116,122,0,1,8.7,météo défavorable
2019-01-11,32,27,11,28,32,30,4.3,67,9.625,1014,67.5,36,24,29,176,176,176,0,1,5.8,météo défavorable
2019-01-12,35,27,8,28,33,32,0.5,62,10,1013,27.5,38,24,30,176,116,116,0,1,11.6,météo favorable
2019-01-13,35,28,11,28,34,32,0,56,10,1013,20,38,23,30,116,116,116,0,1,11.6,météo favorable
2019-01-14,34,28,15,28,34,31,0,60,10,1011,21.375,37,23,30,116,116,116,0,1,11.6,météo favorable
2019-01-15,34,27,7,27,33,32,0.1,63,10,1012,37.5,37,23,30,176,116,116,0,1,11.6,météo favorable
2019-01-16,35,28,13,28,33,32,0.3,51,10,1012,42.75,36,22,30,176,116,116,0,1,11.6,météo favorable
2019-01-17,34,26,20,27,33,33,0.3,51,9.875,1013,31.75,36,22,29,116,116,116,0,1,11.6,météo favorable
2019-01-18,33,25,23,25,30,32,0,54,10,1014,38.375,34,18,27,116,116,116,0,1,11.6,météo favorable
2019-01-19,34,26,18,26,32,33,0,48,10,1013,23.5,36,17,28,116,116,116,0,1,11.6,météo favorable
2019-01-20,34,28,9,28,33,32,0,48,10,1013,19.875,36,21,30,116,116,116,0,1,11.6,météo favorable
2019-01-21,35,27,12,28,34,33,0,53,10,1014,22.25,36,21,30,116,116,116,0,1,11.6,météo favorable
2019-01-22,35,25,21,26,33,33,0,49,10,1015,8.75,35,19,28,116,113,116,0,1,11.6,météo favorable
2019-01-23,34,25,21,25,32,32,0,46,10,1015,5.875,34,18,28,113,116,116,0,1,11.6,météo favorable
2019-01-24,35,26,13,27,32,33,0,48,10,1015,4.375,35,19,28,116,113,116,0,1,11.6,météo favorable
2019-01-25,35,26,11,26,33,33,0,48,10,1015,4.625,36,20,29,116,113,116,0,1,11.6,météo favorable
2019-01-26,33,25,18,26,31,32,0,49,10,1016,3.75,33,21,28,116,113,116,0,1,11.6,météo idéale
2019-01-27,33,24,24,24,31,32,0,50,10,1017,9.125,33,17,26,116,116,116,0,1,11.6,météo favorable
2019-01-28,34,24,19,25,31,33,0,46,10,1015,7.5,34,16,27,116,116,116,0,1,11.6,météo favorable
2019-01-29,35,26,15,26,32,34,0,41,10,1014,7.875,35,18,28,116,116,116,0,1,11.6,météo favorable
2019-01-30,33,26,13,26,33,31,0,56,10,1014,22,36,22,30,116,116,116,0,1,11.6,météo favorable
2019-01-31,33,27,13,27,32,30,2,62,9.75,1014,49.125,36,23,30,116,176,116,0,1,7.3,météo favorable
2019-02-01,33,26,19,27,33,30,0.1,64,10,1015,24.125,36,23,29,116,116,116,0,1,11.6,météo favorable
2019-02-02,33,27,18,27,33,30,2.9,62,9.75,1014,55.75,36,23,30,116,176,116,0,1,8.7,météo correcte
2019-02-03,33,28,18,28,33,30,1.2,62,9.75,1014,46.5,37,23,30,176,116,116,0,1,11.6,météo favorable
2019-02-04,34,28,18,28,33,31,1.8,66,9.75,1014,34.625,38,24,30,176,116,116,0,1,11.6,météo favorable
2019-02-05,33,28,19,28,33,31,1.2,66,12.125,1014,36.125,38,24,30,116,116,176,0,1,10.2,météo favorable
2019-02-06,32,27,19,28,32,30,6,68,9,1012,46.875,37,24,30,176,356,116,0,1,8.7,météo correcte
2019-02-07,32,27,16,27,31,30,0.1,72,10,1014,40.5,37,24,29,116,119,116,0,1,8.7,météo correcte
2019-02-08,33,28,17,28,33,31,0,68,10,1014,18.25,38,24,30,116,116,116,0,1,11.6,météo favorable
2019-02-09,33,28,19,28,33,31,1.2,67,15.625,1014,20.375,39,24,30,116,116,116,0,1,11.6,météo favorable
2019-02-10,33,28,16,28,33,31,7,65,14.875,1014,58.875,38,24,30,176,176,116,0,1,8.7,météo correcte
2019-02-11,33,28,17,28,32,30,4.5,68,12.875,1016,55.375,37,24,30,176,116,176,0,1,8.7,météo correcte
2019-02-12,35,27,13,27,34,32,0,67,13.625,1017,12.125,38,23,30,116,116,116,0,1,11.6,météo favorable
2019-02-13,36,28,14,29,35,33,0,55,12.5,1016,7,38,24,31,116,116,116,0,1,11.6,météo favorable
2019-02-14,32,28,20,28,32,30,1,65,12.625,1015,48.875,36,23,30,116,176,176,0,1,5.9,météo favorable
2019-02-15,32,27,19,27,32,29,1,66,13.5,1015,43.5,35,24,29,116,116,176,0,1,8.8,météo favorable
2019-02-16,31,27,18,27,31,29,4.7,67,12.375,1015,48,35,23,29,116,116,176,0,1,8.8,météo favorable
2019-02-17,32,27,18,27,31,30,4,61,13.625,1014,53.875,34,23,29,176,176,116,0,1,8.8,météo favorable
2019-02-18,32,27,19,27,32,30,0.5,59,14,1013,36,34,22,29,176,176,116,0,1,10.2,météo favorable
2019-02-19,32,27,18,27,32,30,0.9,65,11.125,1014,35.25,35,22,29,116,116,176,0,1,8.8,météo favorable
2019-02-20,32,27,16,27,32,30,0,64,10,1016,14.875,36,23,30,116,116,116,0,1,11.6,météo favorable
2019-02-21,32,27,18,28,32,30,1.4,67,9.625,1015,49.25,37,23,30,116,176,176,0,1,5.9,météo favorable
2019-02-22,33,28,19,28,32,31,0,68,10,1013,8.5,38,24,30,116,116,116,0,1,11.6,météo favorable
2019-02-23,33,28,18,28,32,31,0.5,71,15.375,1012,36.625,38,24,29,116,176,116,0,1,8.8,météo favorable
2019-02-24,33,28,18,28,33,31,0.6,69,11,1012,42.875,38,25,30,119,176,116,0,1,8.8,météo favorable
2019-02-25,33,28,19,28,32,31,3.7,66,9.375,1012,52,37,24,30,116,176,176,0,1,5.9,météo favorable
2019-02-26,32,27,18,28,32,30,1.3,63,10,1012,54.5,35,23,29,116,176,353,0,1,7.4,météo favorable
2019-02-27,32,28,19,28,32,30,0.3,64,10,1011,29.75,36,23,30,116,116,176,0,1,10.2,météo favorable
2019-02-28,32,27,18,27,32,30,0.5,67,10,1011,36.375,36,24,30,116,116,176,0,1,8.8,météo favorable
2019-03-01,33,27,19,27,33,31,0.3,68,10,1012,48.625,38,24,30,116,116,176,0,1,7.4,météo favorable
2019-03-02,33,28,21,28,32,31,0,68,10,1011,20.125,38,24,30,116,116,116,0,1,11.6,météo favorable
2019-03-03,33,28,20,28,32,31,0.6,67,9.875,1010,47.5,37,24,30,116,176,116,0,1,8.8,météo favorable
2019-03-04,32,28,24,28,32,30,3.3,65,9.75,1010,45.75,36,24,30,176,299,116,0,1,8.8,météo correcte
2019-03-05,33,27,22,27,32,31,0,63,10,1011,7.125,35,23,30,116,116,116,0,1,11.6,météo favorable
2019-03-06,33,28,19,28,32,31,0,64,10,1012,18.125,37,22,30,116,119,113,0,1,11.6,météo correcte
2019-03-07,34,27,19,27,33,31,0,67,10,1012,8.75,38,23,30,116,116,113,0,1,11.6,météo favorable
2019-03-08,33,27,19,27,33,31,0,66,10,1012,2.75,37,23,30,113,113,113,0,1,11.6,météo favorable
2019-03-09,33,27,23,27,33,31,0,63,10,1012,0.625,37,23,30,116,113,113,0,1,11.6,météo favorable
2019-03-10,34,27,19,27,33,31,0,64,10,1013,1.75,37,23,30,116,113,113,0,1,11.6,météo favorable
2019-03-11,34,27,19,27,33,32,0,65,10,1013,5.5,37,23,30,116,113,113,0,1,11.6,météo favorable
2019-03-12,35,28,18,28,34,32,0,63,10,1012,0,38,24,31,113,113,113,0,1,11.6,météo favorable
2019-03-13,35,28,19,28,34,32,0,61,10,1013,0,37,23,31,113,113,113,0,1,11.6,météo favorable
2019-03-14,35,28,20,28,34,32,0,62,10,1014,3.75,38,23,31,113,113,116,0,1,11.6,météo favorable
2019-03-15,34,29,19,29,34,32,0,61,10,1014,22.5,39,24,31,116,116,116,0,1,11.6,météo favorable
2019-03-16,34,29,17,29,34,32,0.5,56,9.875,1014,36,38,24,31,116,176,116,0,1,8.8,météo favorable
2019-03-17,34,29,17,29,33,31,0.9,64,15.625,1013,37,39,24,31,116,116,176,0,1,8.8,météo favorable
2019-03-18,34,29,21,29,34,31,0.3,61,19.375,1012,27,39,25,31,116,116,116,0,1,11.6,météo favorable
2019-03-19,34,28,21,28,34,31,0,61,11.25,1012,8.625,38,24,31,116,116,116,0,1,11.6,météo favorable
2019-03-20,34,28,21,28,34,32,0.3,61,10,1012,34.5,37,24,31,116,176,116,0,1,8.8,météo favorable
2019-03-21,35,28,19,28,34,33,0.3,62,10,1012,15.625,39,24,31,116,116,116,0,1,11.6,météo favorable
2019-03-22,35,29,19,29,35,33,0,61,10,1011,4.375,40,24,32,116,116,116,0,1,11.6,météo correcte
2019-03-23,36,29,19,29,35,33,0,62,10,1010,4.875,41,25,32,113,116,116,0,1,11.6,météo correcte
2019-03-24,35,29,17,29,34,33,0.3,61,9.75,1010,32.25,40,24,32,116,116,200,0,1,11.6,météo correcte
2019-03-25,32,29,15,29,32,30,15.2,65,9,1012,75.375,36,24,30,353,356,353,0,1,6.1,météo défavorable
2019-03-26,34,29,17,29,34,32,0,60,10,1012,29.125,39,23,32,116,116,116,0,1,11.6,météo favorable
2019-03-27,33,29,18,29,33,32,4,63,9.75,1013,55.125,39,24,31,176,116,386,0,1,8.8,météo correcte
2019-03-28,34,29,19,29,34,32,4.8,60,15.375,1013,40.625,39,24,31,176,116,116,0,1,11.6,météo favorable
2019-03-29,34,29,19,29,34,32,1.7,63,19.5,1011,32.625,39,24,31,176,116,116,0,1,11.6,météo favorable
2019-03-30,34,29,19,29,34,32,0.2,64,20,1011,19.375,40,24,31,116,116,116,0,1,11.6,météo correcte
2019-03-31,35,29,19,29,35,33,0.6,60,11.25,1011,37.875,40,24,32,116,176,116,0,1,8.8,météo correcte
2019-04-01,34,29,15,29,34,32,1.5,59,9.875,1012,46,39,24,31,386,116,386,0,1,10.2,météo favorable
2019-04-02,34,30,16,30,34,32,0.5,58,9.75,1012,48.375,39,23,32,176,116,200,0,1,11.6,météo favorable
2019-04-03,34,30,18,30,34,32,1,58,9.75,1013,43.125,38,23,31,176,116,116,0,1,11.6,météo favorable
2019-04-04,34,29,17,29,34,32,0.5,59,10,1013,39.875,37,24,31,176,116,116,0,1,11.6,météo favorable
2019-04-05,34,29,17,29,34,32,0.5,62,10,1012,24.375,40,24,31,116,116,116,0,1,11.6,météo correcte
2019-04-06,34,29,17,29,34,32,5.8,60,9.25,1012,54.5,40,24,32,176,176,200,0,1,8.8,météo correcte
2019-04-07,34,29,18,29,34,32,0.1,60,9.75,1012,28.875,39,24,31,116,116,200,0,1,11.6,météo favorable
2019-04-08,35,29,19,29,34,33,1.6,61,9.75,1011,26.375,40,24,32,176,116,116,0,1,11.6,météo correcte
2019-04-09,35,29,19,30,35,33,1.1,59,10,1010,35.375,41,24,32,176,176,116,0,1,10.2,météo correcte
2019-04-10,35,30,18,30,35,33,0.4,62,10,1011,35.25,40,25,32,176,176,116,0,1,10.2,météo correcte
2019-04-11,35,30,21,30,35,33,0.2,63,10,1009,26.625,41,25,32,116,176,116,0,1,10.2,météo correcte
2019-04-12,36,30,20,30,35,33,0,63,10,1009,8.375,42,25,32,116,116,116,0,1,11.6,météo correcte
2019-04-13,35,30,21,30,35,33,0,61,10,1010,8.75,42,25,33,116,116,116,0,1,11.6,météo correcte
2019-04-14,35,30,20,30,35,33,0.6,59,9.625,1010,35.75,41,24,33,116,176,116,0,1,8.9,météo correcte
2019-04-15,35,30,21,30,34,33,8.8,63,9.375,1010,42.5,42,25,32,176,176,116,0,1,8.9,météo correcte
2019-04-16,35,30,19,30,35,33,1.9,67,9.875,1011,55.25,42,26,32,116,176,386,0,1,6.1,météo correcte
2019-04-17,36,30,20,30,35,33,2.1,64,9.75,1010,43.625,42,25,33,176,176,116,0,1,8.9,météo correcte
2019-04-18,35,30,22,30,35,33,1.2,64,10,1010,30,43,25,33,116,299,116,0,1,8.9,météo correcte
2019-04-19,36,30,21,31,35,34,0,61,10,1009,9.125,42,25,33,116,116,116,0,1,11.6,météo correcte
2019-04-20,36,30,20,31,36,34,0,61,10,1007,11.5,44,26,33,116,116,116,0,1,12.3,météo défavorable
2019-04-21,36,30,20,31,36,34,0,64,10,1007,13,44,26,33,116,116,116,0,1,12.3,météo défavorable
2019-04-22,35,30,21,31,35,33,0.3,62,9.75,1007,37.125,43,25,33,116,200,116,0,1,11.9,météo correcte
2019-04-23,36,30,20,30,36,33,0.2,61,9.875,1010,20.75,43,25,33,116,116,116,0,1,12.7,météo correcte
2019-04-24,36,30,20,31,36,33,0,62,10,1010,13.875,44,26,33,116,116,116,0,1,12.7,météo défavorable
2019-04-25,36,30,18,31,36,34,3,61,10,1009,29,43,26,33,116,386,116,0,1,11.9,météo correcte
2019-04-26,36,31,19,31,36,34,0.3,59,9.875,1008,40.25,43,26,33,116,176,116,0,1,12.7,météo correcte
2019-04-27,36,30,21,31,36,33,0.2,59,10,1009,30.375,43,25,33,176,116,116,0,1,12.7,météo correcte
2019-04-28,35,30,21,30,35,33,0.4,61,9.875,1010,17.875,42,25,33,116,116,116,0,1,12.8,météo correcte
2019-04-29,36,30,20,30,36,33,0,59,10,1010,12.5,43,24,33,116,116,116,0,1,12.8,météo correcte
2019-04-30,36,30,20,31,36,33,1.6,58,9.75,1010,26.25,42,25,33,116,176,116,0,1,12.8,météo correcte
2019-05-01,36,31,19,31,36,34,0.1,53,10,1010,18.75,42,24,34,116,116,116,0,1,12.8,météo correcte
2019-05-02,38,31,17,31,37,36,1.8,50,9.75,1009,32.125,43,25,34,116,176,116,0,1,12.8,météo correcte
2019-05-03,37,31,21,32,37,34,0.3,59,10,1010,19.5,44,26,34,116,116,116,0,1,12.8,météo défavorable
2019-05-04,37,31,22,32,37,34,1.6,57,10,1010,33,44,26,34,116,116,116,0,1,12.8,météo défavorable
2019-05-05,36,31,18,31,36,34,0.9,55,9.875,1010,30.5,42,25,34,116,116,116,0,1,12.8,météo correcte
2019-05-06,36,31,18,31,35,34,8.7,52,9.125,1008,47.125,41,25,33,356,116,116,0,1,12.8,météo correcte
2019-05-07,37,31,19,31,35,34,0.2,54,10,1006,27.875,42,24,33,116,116,116,0,1,12.8,météo correcte
2019-05-08,36,31,18,31,35,34,2,52,9.875,1006,39,41,24,33,116,116,116,0,1,12.8,météo correcte
2019-05-09,35,30,20,30,34,33,2.5,57,9.75,1006,47.625,39,24,32,176,116,116,0,1,12.8,météo favorable
2019-05-10,36,30,17,31,35,34,0.3,56,10,1008,48.75,41,23,32,116,176,116,0,1,12.8,météo correcte
2019-05-11,34,30,11,31,33,32,12,58,9,1009,72.75,38,24,32,176,176,116,0,1,8,météo défavorable
2019-05-12,34,30,14,30,34,32,3.9,60,9.125,1008,73.25,40,24,32,353,116,119,0,1,10.6,météo défavorable
2019-05-13,34,30,13,30,33,32,14.8,65,8.5,1008,78.375,39,25,31,353,176,119,0,1,8,météo défavorable
2019-05-14,33,29,15,29,33,31,11,63,8.75,1008,56.75,38,24,31,116,356,116,0,1,11.9,météo correcte
2019-05-15,32,29,15,29,31,31,33.2,67,6.75,1009,63.625,36,25,30,356,359,116,0,1,10.6,météo très défavorable
2019-05-16,35,29,19,29,34,32,9.2,63,8.875,1009,61.125,40,25,32,176,356,116,0,1,10.6,météo correcte
2019-05-17,35,30,18,30,35,33,11.1,56,9,1009,52.125,40,25,32,176,116,116,0,1,12.9,météo correcte
2019-05-18,36,30,17,30,35,34,5.8,61,9.75,1008,42.625,41,25,33,176,116,116,0,1,12.9,météo correcte
2019-05-19,36,30,18,31,35,34,0,58,10,1008,15.375,42,25,33,116,116,116,0,1,12.9,météo correcte
2019-05-20,35,30,18,30,35,33,2,64,9.5,1009,44,43,25,33,176,200,116,0,1,12.9,météo correcte
2019-05-21,35,30,19,30,35,33,7.9,64,9.25,1008,41.875,43,26,33,356,176,116,0,1,10.6,météo correcte
2019-05-22,36,30,15,31,36,33,4.4,62,9.625,1009,44.75,43,26,33,176,116,116,0,1,11.9,météo correcte
2019-05-23,34,30,17,30,34,32,5.1,61,9.375,1009,45.875,40,25,32,200,176,116,0,1,10.6,météo correcte
2019-05-24,34,30,15,30,34,33,7.4,62,9.375,1010,48.125,40,24,32,116,176,116,0,1,11.9,météo correcte
2019-05-25,35,30,18,31,35,33,6.7,56,9,1008,55.25,41,24,33,356,116,116,0,1,12.9,météo correcte
2019-05-26,35,30,17,31,34,33,3.9,59,9.5,1007,73.125,41,24,32,176,176,116,0,1,9.4,météo défavorable
2019-05-27,34,30,17,31,34,32,17.7,63,8.75,1007,70.5,40,25,32,356,176,116,0,1,10.6,météo très défavorable
2019-05-28,34,29,22,30,34,32,7.3,65,9.125,1007,45.125,40,25,32,176,116,116,0,1,12.9,météo correcte
2019-05-29,34,29,22,29,34,32,3.5,63,9.625,1007,44.5,40,25,32,176,116,116,0,1,12.9,météo correcte
2019-05-30,32,29,18,30,31,30,4.4,71,9.5,1008,71.5,37,25,30,176,176,119,0,1,9.4,météo défavorable
2019-05-31,34,29,20,29,33,32,14.2,65,8.5,1008,63.75,40,25,31,356,356,176,0,1,9.4,météo défavorable
2019-06-01,34,29,19,29,34,32,5,65,9.375,1008,51.25,41,25,32,116,176,116,0,1,10.6,météo correcte
2019-06-02,35,29,17,30,34,33,0.2,66,9.875,1008,30.5,41,25,32,116,176,116,0,1,12.9,météo correcte
2019-06-03,34,29,17,30,34,33,0,65,10,1008,15.5,41,25,32,116,116,116,0,1,12.9,météo correcte
2019-06-04,35,30,18,30,35,33,2.7,64,9.625,1008,40,41,26,32,116,176,116,0,1,10.7,météo correcte
2019-06-05,34,30,18,30,34,32,4.4,64,9.75,1008,44.375,41,25,32,116,176,116,0,1,11.9,météo correcte
2019-06-06,35,29,16,30,35,33,8,60,9.25,1008,38.375,42,25,33,356,116,116,0,1,12.9,météo correcte
2019-06-07,33,29,12,30,33,31,29.7,68,7.75,1009,66,39,25,31,356,116,356,0,1,8.1,météo très défavorable
2019-06-08,34,28,19,29,34,32,10.8,64,9.25,1009,66.25,40,24,32,293,353,176,0,1,9.4,météo défavorable
2019-06-09,33,29,19,29,33,31,12.6,68,13.5,1008,65.375,39,24,31,356,176,176,0,1,8.1,météo défavorable
2019-06-10,32,29,27,29,32,31,10.6,67,13.5,1008,59.75,39,24,31,119,116,116,0,1,11.9,météo correcte
2019-06-11,32,28,24,28,32,31,8.9,72,10.125,1008,71.375,38,25,30,296,353,116,0,1,10.7,météo défavorable
2019-06-12,32,26,23,29,32,30,10.1,70,16.5,1008,63,39,25,30,116,353,356,0,1,9.4,météo correcte
2019-06-13,32,29,21,29,32,31,3,69,17.25,1009,62.625,39,25,31,116,116,176,0,1,10.7,météo correcte
2019-06-14,32,26,22,29,32,31,18.2,71,16.5,1008,67.875,38,25,31,356,176,116,0,1,9.4,météo très défavorable
2019-06-15,33,29,18,29,32,31,11.5,71,17.75,1008,69.375,39,25,30,356,353,116,0,1,10.7,météo défavorable
2019-06-16,33,29,24,29,33,31,20.7,67,18.125,1008,47.125,39,24,31,356,116,176,0,1,13,météo très défavorable
2019-06-17,30,26,27,29,29,27,25.9,84,17.625,1009,75.625,35,25,27,353,359,308,0,1,8.1,météo très défavorable
2019-06-18,28,19,20,27,28,24,21.5,88,15.125,1009,82.875,33,25,24,296,356,299,0,1,8.1,météo très défavorable
2019-06-19,29,27,20,27,29,29,8.3,78,12.625,1009,59,34,24,28,353,356,353,0,1,13,météo correcte
2019-06-20,33,28,14,29,33,31,3.6,68,9.75,1009,37,39,24,31,116,176,116,0,1,13,météo favorable
2019-06-21,33,28,12,29,33,32,1.1,60,9.875,1008,25.5,39,24,31,116,116,116,0,1,13,météo favorable
2019-06-22,34,29,14,30,34,33,2,59,9.625,1006,41.625,40,24,32,176,116,116,0,1,13,météo correcte
2019-06-23,34,29,15,30,34,31,7,67,9.125,1006,77.125,40,25,31,176,176,176,0,1,8.1,météo défavorable
2019-06-24,33,29,17,29,33,31,5.6,70,10,1008,63.75,39,25,30,353,116,353,0,1,9.4,météo correcte
2019-06-25,32,28,18,28,32,30,5.8,70,9.375,1009,45.25,38,25,30,176,116,116,0,1,13,météo favorable
2019-06-26,32,29,20,29,32,31,3.4,69,9.5,1009,68.375,38,24,30,176,116,176,0,1,10.7,météo défavorable
2019-06-27,31,29,23,29,31,29,6.3,71,9.25,1008,66.75,35,23,29,353,353,116,0,1,10.7,météo défavorable
2019-06-28,29,24,28,29,29,29,17.8,75,8.875,1007,71.75,34,24,28,353,356,353,0,1,8.1,météo très défavorable
2019-06-29,31,28,27,28,30,30,11.4,73,9.125,1008,77.625,35,24,29,356,176,176,0,1,8.1,météo défavorable
2019-06-30,31,28,23,28,31,30,9.7,71,9,1008,57.625,36,24,29,356,119,116,0,1,13,météo correcte
2019-07-01,32,28,18,29,32,31,12.1,65,8.875,1008,76.875,37,23,31,176,176,353,0,1,8.1,météo défavorable
2019-07-02,31,28,17,29,31,29,15.6,70,8.75,1007,66.625,35,23,29,116,119,353,0,1,9.4,météo défavorable
2019-07-03,28,22,18,27,27,26,30.8,82,7.75,1009,75.25,32,23,26,356,353,353,0,1,8.1,météo très défavorable
2019-07-04,28,26,21,27,28,27,10.2,78,7.375,1009,77.75,31,23,27,263,353,356,0,1,9.4,météo défavorable
2019-07-05,30,25,21,27,30,29,4.7,70,9.25,1009,71.125,34,24,29,176,353,356,0,1,9.4,météo défavorable
2019-07-06,31,28,12,28,31,30,0.5,69,9.75,1009,49.25,36,23,29,116,176,116,0,1,11.9,météo favorable
2019-07-07,30,24,12,28,30,29,5,69,10,1009,66,33,23,29,353,176,116,0,1,10.7,météo défavorable
2019-07-08,32,28,19,28,32,30,4.9,66,9.25,1010,64.25,37,24,30,176,356,176,0,1,9.4,météo correcte
2019-07-09,32,27,15,28,32,30,12.5,66,9,1009,68.25,37,23,30,116,356,176,0,1,9.4,météo défavorable
2019-07-10,32,28,18,28,31,30,5.3,68,9.625,1010,59.25,37,24,30,353,176,116,0,1,10.7,météo correcte
2019-07-11,32,28,16,29,32,30,1.8,65,9.875,1011,23.75,37,24,30,116,116,116,0,1,12.9,météo favorable
2019-07-12,33,28,15,29,33,30,0,62,10,1011,17,37,23,30,116,116,116,0,1,12.9,météo favorable
2019-07-13,33,28,15,28,32,31,0.6,60,9.75,1010,41.375,36,23,31,116,176,116,0,1,11.9,météo favorable
2019-07-14,33,28,16,29,32,31,1,64,9.875,1008,35.75,37,23,30,116,116,116,0,1,12.9,météo favorable
2019-07-15,32,28,20,28,32,31,4.8,65,9.625,1007,54.625,37,24,30,176,116,176,0,1,11.9,météo favorable
2019-07-16,32,28,19,29,32,30,0.1,67,10,1006,24.25,37,24,30,116,116,176,0,1,12.9,météo favorable
2019-07-17,33,28,17,29,32,31,0.6,66,10,1006,29.875,38,24,30,116,116,116,0,1,12.9,météo favorable
2019-07-18,31,25,21,28,31,30,20.1,72,8.75,1005,63.625,36,24,30,116,356,116,0,1,11.9,météo très défavorable
2019-07-19,32,28,17,29,32,30,4.6,68,9.875,1006,71.75,38,24,30,353,176,176,0,1,9.4,météo défavorable
2019-07-20,32,28,16,28,32,30,14.6,73,8.75,1007,73.5,38,24,30,176,356,176,0,1,8.1,météo défavorable
2019-07-21,29,24,17,27,29,28,16.8,80,9.375,1008,76.75,34,24,28,302,353,353,0,1,9.3,météo très défavorable
2019-07-22,33,28,12,28,32,32,6.2,69,9.625,1009,72.375,38,24,30,353,353,176,0,1,9.3,météo défavorable
2019-07-23,33,28,13,29,32,31,4.9,69,9.25,1008,57.625,39,25,31,116,176,176,0,1,10.6,météo correcte
2019-07-24,31,25,17,29,31,28,21.2,76,8.125,1010,75.375,36,24,28,176,353,356,0,1,9.3,météo très défavorable
2019-07-25,29,27,15,28,28,28,14.3,75,9.625,1011,75.5,32,23,28,353,353,353,0,1,8,météo défavorable
2019-07-26,29,26,10,26,29,29,0.9,70,9.875,1011,59.5,32,22,28,119,176,116,0,1,11.9,météo correcte
2019-07-27,32,28,8,28,31,30,3.8,64,9.625,1010,54.875,35,23,29,353,116,116,0,1,12.9,météo favorable
2019-07-28,33,27,15,28,32,31,6.2,66,9.25,1009,64.75,37,24,30,356,176,116,0,1,10.6,météo correcte
2019-07-29,32,28,17,28,32,29,6.7,69,9.25,1010,76.625,36,23,29,176,116,176,0,1,7.8,météo défavorable
2019-07-30,32,28,22,28,32,30,8.4,67,9.375,1010,66.75,36,23,30,176,116,353,0,1,9.1,météo défavorable
2019-07-31,31,28,24,28,31,30,3,65,9.875,1008,62.75,34,23,30,116,353,116,0,1,10.5,météo correcte
2019-08-01,29,27,27,27,29,28,1.3,71,9,1008,85.375,32,23,28,176,266,353,0,1,9.1,météo défavorable
2019-08-02,29,25,30,27,28,28,11.9,72,7.625,1009,69.625,32,23,28,263,356,353,0,1,7.8,météo défavorable
2019-08-03,28,20,28,27,28,25,17.1,78,9,1009,66.375,30,23,25,116,308,353,0,1,7.6,météo très défavorable
2019-08-04,29,27,22,27,29,29,6.7,73,9.125,1007,83.625,33,23,28,176,176,353,0,1,6.2,météo défavorable
2019-08-05,30,27,23,27,30,28,20.1,76,8.25,1007,65.375,34,23,28,353,356,353,0,1,7.6,météo très défavorable
2019-08-06,30,27,20,28,29,28,21,81,8.125,1008,67.625,34,24,27,353,356,353,0,1,6.2,météo très défavorable
2019-08-07,29,27,19,27,28,29,24.2,82,7.875,1008,67.875,33,24,27,356,356,353,0,1,7.6,météo très défavorable
2019-08-08,31,27,24,27,31,29,11.7,71,9.125,1006,79,35,24,29,353,176,356,0,1,6.2,météo défavorable
2019-08-09,31,28,30,28,31,29,7.2,69,9.625,1005,79.875,37,24,29,176,176,353,0,1,6.2,météo défavorable
2019-08-10,30,27,36,28,30,28,17.1,78,8.875,1004,84.625,36,24,28,353,356,353,0,1,6.2,météo très défavorable
2019-08-11,30,27,28,27,30,29,19.5,75,9.25,1006,68.625,36,24,29,353,356,353,0,1,6.2,météo très défavorable
2019-08-12,31,27,23,28,31,29,8.3,73,9.625,1008,80.125,36,24,29,353,353,353,0,1,6.2,météo défavorable
2019-08-13,31,28,19,28,31,30,10.1,71,9.125,1009,71.375,37,24,30,353,176,116,0,1,7.5,météo défavorable
2019-08-14,32,28,15,28,32,30,8.5,68,9.25,1010,69.125,37,24,30,353,353,176,0,1,7.5,météo défavorable
2019-08-15,32,28,17,29,32,30,0.5,68,9.875,1009,35.5,38,24,30,116,116,116,0,1,11.6,météo favorable
2019-08-16,32,28,21,28,32,30,6,70,9.25,1007,62.75,37,24,30,176,116,176,0,1,10.2,météo correcte
2019-08-17,31,28,24,28,31,29,23.9,71,7.875,1009,66.375,36,24,29,356,353,353,0,1,7.5,météo très défavorable
2019-08-18,31,28,17,28,31,29,0.1,70,9.875,1011,38.5,36,24,29,116,116,116,0,1,11.6,météo favorable
2019-08-19,32,28,14,28,32,31,0.9,67,9.75,1010,37.375,38,24,30,116,116,116,0,1,11.6,météo favorable
2019-08-20,32,28,17,29,32,30,2.4,69,9.625,1008,48.625,37,25,30,116,116,176,0,1,10.2,météo favorable
2019-08-21,31,26,22,27,31,29,28.8,73,7.75,1008,57.25,36,24,29,359,116,116,0,1,11.6,météo très défavorable
2019-08-22,31,28,24,28,31,30,12.8,69,7.5,1009,70.625,36,23,30,266,176,356,0,1,6.2,météo défavorable
2019-08-23,31,28,20,28,31,30,2,70,9.75,1010,55.5,36,24,30,116,176,116,0,1,7.5,météo correcte
2019-08-24,29,26,16,28,28,28,40.3,80,6.875,1009,77.625,33,24,28,356,356,356,0,1,6.1,météo très défavorable
2019-08-25,28,26,15,26,28,28,29.5,82,8.625,1008,80.25,32,24,27,356,353,353,0,1,6.1,météo très défavorable
2019-08-26,28,26,21,26,28,27,29.4,81,8,1009,90.375,31,24,27,356,302,353,0,1,6.1,météo très défavorable
2019-08-27,28,22,23,27,28,26,10.8,78,9.5,1008,82.375,31,23,26,353,353,353,0,1,6.1,météo défavorable
2019-08-28,31,26,18,27,31,30,1.3,68,9.875,1008,68.5,36,23,30,353,116,176,0,1,8.9,météo défavorable
2019-08-29,29,26,21,28,29,26,24.2,84,8.25,1007,68.875,33,24,26,353,353,356,0,1,7.5,météo très défavorable
2019-08-30,28,20,24,26,28,25,33.8,83,8,1005,92.625,32,24,25,356,353,356,0,1,6.1,météo très défavorable
2019-08-31,28,19,28,26,28,24,30.7,82,7.875,1007,93.5,32,24,24,308,356,353,0,1,6.1,météo très défavorable
2019-09-01,31,27,23,27,31,29,17.4,72,9,1008,68.5,36,24,29,356,176,353,0,1,6.1,météo très défavorable
2019-09-02,27,21,22,27,25,25,55,90,7.375,1009,87.5,30,24,25,353,308,302,0,1,6.1,météo très défavorable
2019-09-03,28,25,25,26,28,27,21.4,77,8.25,1008,86.5,31,23,27,356,353,353,0,1,6.1,météo très défavorable
2019-09-04,28,22,28,26,28,27,36.3,82,7.25,1008,79,32,24,27,356,293,356,0,1,7.5,météo très défavorable
2019-09-05,29,26,25,26,28,28,26.4,84,7.625,1009,76,33,23,26,356,299,119,0,1,7.5,météo très défavorable
2019-09-06,30,24,16,27,30,28,3.8,73,10,1009,65.75,34,23,28,116,353,176,0,1,7.5,météo défavorable
2019-09-07,31,27,21,28,31,29,0.9,68,10,1010,55.125,36,23,29,119,116,116,0,1,11.6,météo correcte
2019-09-08,31,25,22,28,31,29,1.2,70,9.75,1010,72.375,36,23,29,122,119,176,0,1,6.1,météo défavorable
2019-09-09,31,28,19,28,31,30,0.6,70,9.875,1009,53.5,35,24,30,116,116,176,0,1,8.8,météo favorable
2019-09-10,30,23,22,28,30,28,17.9,77,8.375,1011,71,34,23,28,353,356,356,0,1,6.1,météo très défavorable
2019-09-11,32,27,12,27,32,30,3.4,65,9.625,1013,70.875,36,23,30,176,119,176,0,1,7.5,météo défavorable
2019-09-12,32,27,11,28,31,31,2.6,64,9.625,1013,49.375,36,23,29,176,116,116,0,1,11.6,météo favorable
2019-09-13,32,25,15,28,32,30,2.2,66,9.75,1011,44.25,37,23,30,176,116,116,0,1,11.6,météo favorable
2019-09-14,30,27,13,28,30,28,5.8,76,9.375,1009,72.5,35,23,28,116,116,353,0,1,7.4,météo défavorable
2019-09-15,32,27,9,28,32,30,9.1,69,9.25,1008,69.25,38,24,30,356,176,353,0,1,6.1,météo défavorable
2019-09-16,30,27,15,28,0,0,10.4,74,8.875,1008,68.25,38,24,29,176,176,356,0,1,6.1,météo défavorable
2019-09-17,33,0,8,28,33,31,14.6,67,8.875,1008,72.375,39,24,30,353,356,356,0,1,6.1,météo très défavorable
2019-09-18,34,28,8,29,33,31,9.6,67,9.25,1010,72.25,40,24,31,176,176,176,0,1,7.4,météo défavorable
2019-09-19,32,27,11,28,32,29,22.1,71,8,1010,70.625,37,24,29,353,356,356,0,1,7.4,météo très défavorable
2019-09-20,31,27,12,28,31,29,4.7,74,9.5,1010,49.625,36,24,29,353,353,116,0,1,10.2,météo correcte
2019-09-21,29,26,6,26,29,28,33.8,79,6.5,1009,68.125,34,24,28,359,356,356,0,1,6,météo très défavorable
2019-09-22,29,25,11,26,27,28,23.5,88,7.5,1011,76,32,24,25,356,356,353,0,1,7.4,météo très défavorable
2019-09-23,29,25,10,25,29,26,39.9,86,7.625,1013,76.5,33,24,26,356,353,356,0,1,6,météo très défavorable
2019-09-24,31,24,20,24,30,29,4.5,76,9.75,1014,55,36,23,27,119,116,353,0,1,11.6,météo correcte
2019-09-25,32,25,16,25,31,30,3.7,69,9.75,1015,55.375,37,24,28,176,116,176,0,1,7.4,météo correcte
2019-09-26,33,26,15,26,32,31,0.1,70,10,1015,18.625,38,24,29,116,116,176,0,1,11.6,météo favorable
2019-09-27,32,26,16,26,32,30,11.9,70,8.625,1015,61.875,38,24,29,176,176,356,0,1,8.8,météo correcte
2019-09-28,33,26,15,26,32,31,13,68,8.75,1014,31.625,38,23,29,176,116,116,0,1,11.6,météo défavorable
2019-09-29,33,27,13,27,32,31,0.6,67,10,1014,53,38,24,29,176,116,176,0,1,8.8,météo favorable
2019-09-30,33,29,12,29,33,31,0.3,65,10,1012,35.125,39,24,31,116,116,116,0,1,10.2,météo favorable
2019-10-01,32,27,16,28,32,30,1.3,66,9.875,1012,23.625,37,23,30,176,116,116,0,1,11.6,météo favorable
2019-10-02,32,27,13,27,32,30,1.2,70,9.75,1012,37.25,37,24,30,176,116,176,0,1,8.8,météo favorable
2019-10-03,33,27,12,27,33,30,3.5,68,9.625,1011,64.125,38,24,30,176,176,386,0,1,7.4,météo correcte
2019-10-04,33,27,14,27,33,30,7.7,70,9.5,1011,56.125,38,24,30,116,116,386,0,1,8.8,météo correcte
2019-10-05,32,28,8,28,32,29,14.8,69,8.875,1011,58,37,24,29,116,176,356,0,1,7.4,météo défavorable
2019-10-06,32,27,5,27,32,30,2.6,68,9.75,1012,49.5,37,24,29,176,116,176,0,1,11.6,météo favorable
2019-10-07,31,26,9,26,29,30,20.4,77,7.5,1012,62.25,36,23,27,359,263,356,0,1,7.4,météo très défavorable
2019-10-08,33,26,11,27,32,31,16,69,8.875,1012,62,38,23,29,353,116,353,0,1,8.8,météo très défavorable
2019-10-09,33,28,8,28,33,30,4.7,67,9.25,1012,50.875,38,24,30,116,176,356,0,1,7.4,météo favorable
2019-10-10,33,28,9,28,33,31,1.6,66,9.75,1012,60.125,39,24,31,176,176,176,0,1,7.4,météo correcte
2019-10-11,34,28,9,29,34,31,3.1,67,9.625,1012,55.625,39,24,31,176,176,176,0,1,7.2,météo correcte
2019-10-12,33,28,8,28,32,31,8.9,65,9.375,1011,72.375,38,24,31,176,176,176,0,1,4.3,météo défavorable
2019-10-13,32,28,6,28,32,30,8.1,68,9.625,1011,62.125,38,24,30,176,176,353,0,1,4.3,météo correcte
2019-10-14,33,27,11,27,32,31,3.5,67,9.625,1013,63.5,38,24,30,176,176,176,0,1,4.3,météo correcte
2019-10-15,32,26,17,26,31,30,0.9,69,9.625,1013,34.125,38,23,28,116,116,176,0,1,7.2,météo favorable
2019-10-16,32,25,20,26,31,30,2.4,74,9.75,1013,46.5,38,24,28,353,176,386,0,1,5.8,météo favorable
2019-10-17,32,26,18,26,32,30,4.9,71,9.5,1013,36.125,37,24,29,176,116,356,0,1,8.7,météo favorable
2019-10-18,32,26,18,26,31,30,1.9,70,9.875,1013,30.25,37,24,28,116,116,176,0,1,7.2,météo favorable
2019-10-19,31,26,17,26,31,29,0,70,10,1014,22.75,36,23,28,116,116,116,0,1,8.7,météo favorable
2019-10-20,32,26,16,26,32,30,0.2,69,9.875,1013,27.625,37,24,29,176,116,116,0,1,8.7,météo favorable
2019-10-21,33,26,16,26,32,31,0.2,67,10,1011,28.75,38,23,29,116,116,116,0,1,8.7,météo favorable
2019-10-22,33,27,6,28,33,31,1.6,65,9.875,1010,35.375,39,24,31,116,116,353,0,1,8.7,météo favorable
2019-10-23,33,28,8,28,33,31,0.8,65,9.75,1010,56.75,39,24,31,116,176,176,0,1,5.8,météo correcte
2019-10-24,34,28,9,28,34,31,2.4,66,9.625,1011,57.625,40,24,31,176,176,176,0,1,4.3,météo correcte
2019-10-25,33,28,5,29,33,32,5,65,9.875,1012,49,39,25,31,176,176,353,0,1,7.2,météo favorable
2019-10-26,34,27,14,27,33,31,0.7,67,9.75,1012,33.375,40,24,30,116,176,176,0,1,8.7,météo correcte
2019-10-27,33,27,17,27,33,31,4,69,9.625,1011,58.5,39,24,30,299,176,176,0,1,4.3,météo correcte
2019-10-28,33,27,12,27,33,31,3,67,9.5,1012,61.5,39,24,30,176,176,299,0,1,4.3,météo correcte
2019-10-29,32,26,12,26,32,31,6.3,70,9.375,1012,49.25,37,23,29,356,176,176,0,1,8.7,météo favorable
2019-10-30,30,25,22,25,30,28,0.6,60,10,1012,22.375,32,23,28,116,116,116,0,1,8.7,météo favorable
2019-10-31,31,24,15,24,30,29,0,55,10,1011,27,33,20,28,116,116,116,0,1,8.7,météo favorable
2019-11-01,26,23,13,24,26,25,0.7,77,10,1011,68,28,21,25,116,353,176,0,1,4.3,météo défavorable
2019-11-02,29,23,10,24,29,28,24.3,77,7.75,1011,80.875,34,24,26,122,176,359,0,1,4.3,météo très défavorable
2019-11-03,32,26,9,26,31,31,3.8,73,9.625,1012,64.25,37,24,29,353,176,353,0,1,7.2,météo correcte
2019-11-04,31,26,14,26,31,30,7,69,9.625,1013,40,35,24,28,356,176,116,0,1,7.2,météo favorable
2019-11-05,31,25,15,25,31,30,0.1,67,10,1012,24.125,35,22,28,116,116,116,0,1,8.7,météo favorable
2019-11-06,32,26,11,26,31,31,0,67,10,1010,22.375,36,22,29,116,116,116,0,1,8.7,météo favorable
2019-11-07,32,26,15,27,32,30,0.1,63,10,1011,28.75,35,22,29,176,116,116,0,1,8.7,météo favorable
2019-11-08,30,24,21,24,30,29,0,64,10,1014,7.375,32,20,27,116,116,116,0,1,8.7,météo favorable
2019-11-09,29,23,19,23,29,27,0,58,10,1015,9,30,20,26,116,116,116,0,1,8.7,météo favorable
2019-11-10,30,23,17,23,29,28,0,59,10,1014,6.375,31,18,26,116,116,116,0,1,8.7,météo favorable
2019-11-11,30,24,9,24,30,27,0,59,10,1011,22.5,30,19,27,116,116,116,0,1,8.7,météo favorable
2019-11-12,31,24,8,24,30,29,0,58,10,1012,33.875,32,20,27,116,116,116,0,1,8.7,météo favorable
2019-11-13,31,25,13,25,30,29,2.9,68,9.75,1013,59,34,22,28,116,116,353,0,1,4.2,météo correcte
2019-11-14,31,25,20,25,30,29,2.7,73,9.875,1014,50.5,35,23,28,176,116,176,0,1,5.7,météo favorable
2019-11-15,30,23,18,23,29,29,0,71,10,1013,25.5,34,22,26,116,116,116,0,1,8.7,météo favorable
2019-11-16,32,25,10,25,31,30,0,66,10,1013,9.5,35,22,28,116,116,116,0,1,8.7,météo favorable
2019-11-17,32,27,11,27,32,30,0,65,10,1013,10.625,36,23,30,116,116,116,0,1,8.7,météo favorable
2019-11-18,33,27,3,27,33,31,0.5,62,10,1013,29.25,37,23,30,116,116,116,0,1,8.7,météo favorable
2019-11-19,31,26,16,26,31,29,2.1,64,9.875,1013,27.5,34,22,29,176,116,116,0,1,8.7,météo favorable
2019-11-20,31,23,21,24,30,28,0,69,10,1014,2.625,33,21,26,116,116,113,0,1,8.7,météo favorable
2019-11-21,30,23,18,23,30,28,0,66,10,1014,11.5,33,21,26,116,116,116,0,1,8.7,météo favorable
2019-11-22,31,23,16,24,30,29,0,65,10,1015,12.75,33,21,27,116,116,116,0,1,8.7,météo favorable
2019-11-23,32,25,10,26,31,30,0,60,10,1014,19.375,34,20,28,116,116,116,0,1,8.7,météo favorable
2019-11-24,32,24,12,25,31,30,0,57,10,1014,9.75,34,21,27,116,116,116,0,1,8.7,météo favorable
2019-11-25,32,25,19,25,31,30,0,61,10,1014,28.625,34,20,27,116,116,116,0,1,8.7,météo favorable
2019-11-26,32,24,19,24,30,30,0,57,10,1014,19.875,35,21,26,116,116,116,0,1,8.7,météo favorable
2019-11-27,32,25,19,25,31,30,0,64,10,1013,21.5,35,22,28,116,116,116,0,1,8.7,météo favorable
2019-11-28,32,25,24,25,31,30,0,66,10,1013,23.75,36,22,28,116,116,116,0,1,8.7,météo favorable
2019-11-29,31,23,20,24,30,30,0,65,10,1014,30.75,34,20,27,116,116,119,0,1,7.2,météo favorable
2019-11-30,32,25,19,25,30,30,0,64,10,1014,16.5,35,22,27,116,116,116,0,1,8.7,météo favorable
2019-12-01,33,26,18,26,32,31,0,63,10,1013,20.625,36,22,28,116,116,116,0,1,8.7,météo favorable
2019-12-02,31,25,22,25,31,29,0,61,10,1013,19,34,21,28,116,116,116,0,1,8.7,météo favorable
2019-12-03,28,21,25,21,27,26,0,59,10,1015,16.25,29,16,23,116,116,116,0,1,8.7,météo favorable
2019-12-04,26,18,24,19,25,25,0,58,10,1017,2.75,27,15,21,116,116,113,0,1,8.7,météo favorable
2019-12-05,26,17,25,18,24,24,0,52,10,1018,2,26,13,20,113,116,116,0,1,8.7,météo favorable
2019-12-06,26,17,28,18,25,24,0,51,10,1019,7.125,26,12,21,116,116,116,0,1,8.7,météo favorable
2019-12-07,25,16,26,17,23,24,0,51,10,1019,8.75,26,12,19,116,116,116,0,1,8.7,météo favorable
2019-12-08,26,16,22,17,24,24,0,54,10,1019,9.25,26,13,19,116,116,116,0,1,8.7,météo favorable
2019-12-09,27,17,18,18,25,25,0,56,10,1018,4.125,27,13,21,116,116,116,0,1,8.7,météo favorable
2019-12-10,29,19,12,19,27,28,0,51,10,1016,1.375,29,16,23,116,113,113,0,1,8.7,météo idéale
2019-12-11,29,20,14,20,28,28,0,48,10,1015,0.625,29,16,24,113,113,116,0,1,8.7,météo idéale
2019-12-12,30,20,15,20,29,28,0,52,10,1015,1,30,18,25,113,116,113,0,1,8.7,météo favorable
2019-12-13,31,21,19,22,29,28,0,57,10,1016,9,32,18,25,116,116,116,0,1,8.7,météo favorable
2019-12-14,31,23,18,23,30,29,0,60,10,1016,6.75,33,18,26,116,116,116,0,1,8.7,météo favorable
2019-12-15,32,24,17,24,31,30,0,58,10,1014,8.25,34,19,27,116,116,116,0,1,8.7,météo favorable
2019-12-16,32,25,17,25,31,30,0,59,10,1013,7.5,35,19,28,116,116,116,0,1,8.7,météo favorable
2019-12-17,34,26,16,26,33,31,0,54,10,1013,12,36,20,29,116,116,116,0,1,8.7,météo favorable
2019-12-18,33,26,14,26,33,30,0,58,10,1014,11.375,35,21,29,116,116,116,0,1,8.7,météo favorable
2019-12-19,33,26,7,26,33,30,0.2,59,9.875,1013,42.75,36,22,30,116,116,116,0,1,7.2,météo favorable
2019-12-20,33,26,15,26,32,31,0.2,61,10,1012,42.375,36,22,29,116,116,116,0,1,8.7,météo favorable
2019-12-21,34,26,10,26,33,31,0.2,58,9.875,1013,38.625,36,22,29,116,116,116,0,1,8.7,météo favorable
2019-12-22,34,26,9,26,33,32,0,61,10,1013,16.875,37,22,30,116,116,116,0,1,8.7,météo favorable
2019-12-23,32,24,14,27,32,29,0.3,62,10,1013,42.375,35,23,29,116,176,116,0,1,5.7,météo favorable
2019-12-24,33,26,14,26,33,29,0.2,67,10,1014,28.75,36,23,29,116,176,116,0,1,7.2,météo favorable
2019-12-25,32,26,12,26,32,29,0.7,66,9.75,1013,41.625,35,23,29,116,176,116,0,1,5.7,météo favorable
2019-12-26,31,26,13,26,31,29,1.8,71,9.625,1013,61.125,35,23,29,176,176,176,0,1,4.2,météo correcte
2019-12-27,33,26,9,26,32,30,1.1,65,9.75,1013,43.375,35,23,29,176,116,116,0,1,8.7,météo favorable
2019-12-28,31,24,18,25,31,29,1.1,59,9.5,1013,55.625,33,22,27,176,116,119,0,1,8.7,météo correcte
2019-12-29,33,25,11,25,31,31,0.1,58,10,1014,18,34,21,28,116,116,116,0,1,8.7,météo favorable
2019-12-30,33,26,14,26,32,31,0,55,10,1015,4.875,34,22,28,116,116,116,0,1,8.7,météo favorable
2019-12-31,33,25,21,25,31,31,0,53,10,1016,21.5,35,19,28,116,116,116,0,1,8.7,météo favorable
2020-01-01,33,25,25,26,31,31,0,52,10,1018,19.75,34,19,28,116,116,116,0,1,8.7,météo favorable
2020-01-02,33,25,21,25,31,31,0,58,10,1018,8.625,34,19,28,116,116,116,0,1,11.6,météo favorable
2020-01-03,34,25,19,25,32,31,0,54,10,1017,12.125,35,19,28,116,116,116,0,1,11.6,météo favorable
2020-01-04,34,26,15,26,32,31,0,53,10,1014,8.125,35,19,29,116,116,116,0,1,11.6,météo favorable
2020-01-05,33,25,15,26,32,29,0,58,10,1014,14.375,35,21,28,116,116,116,0,1,11.6,météo favorable
2020-01-06,35,27,9,28,33,34,0,55,10,1015,3.75,36,22,30,116,113,116,0,1,11.6,météo favorable
2020-01-07,35,27,9,27,34,32,0,53,10,1014,2.875,36,21,31,113,113,116,0,1,11.6,météo favorable
2020-01-08,34,26,12,26,33,33,0,54,10,1014,14.375,37,21,29,116,116,116,0,1,11.6,météo favorable
2020-01-09,36,27,12,27,34,35,0.6,57,9.875,1013,35.5,38,22,30,176,116,116,0,1,11.6,météo favorable
2020-01-10,34,27,14,28,34,30,0,58,10,1011,16.625,37,22,30,116,116,116,0,1,11.6,météo favorable
2020-01-11,33,27,12,27,33,30,0.9,58,10,1011,57.625,36,22,30,176,176,116,0,1,8.7,météo correcte
2020-01-12,33,28,15,28,33,30,1,61,9.75,1011,47.875,37,22,30,176,116,116,0,1,11.6,météo favorable
2020-01-13,33,26,17,27,33,29,0.7,65,10,1012,44.75,35,22,29,116,176,116,0,1,8.7,météo favorable
2020-01-14,33,25,16,26,33,28,1,64,10,1013,39.625,35,22,28,176,116,116,0,1,11.6,météo favorable
2020-01-15,33,26,17,26,33,29,0,65,10,1013,6.75,35,22,29,116,116,116,0,1,11.6,météo favorable
2020-01-16,32,25,16,25,31,29,0,68,10,1013,13.75,34,23,28,116,116,116,0,1,11.6,météo favorable
2020-01-17,33,26,13,26,32,30,0,67,10,1014,12.125,36,23,29,116,116,116,0,1,11.6,météo favorable
2020-01-18,33,26,15,26,33,29,0,68,10,1014,10.875,37,23,29,116,116,116,0,1,11.6,météo favorable
2020-01-19,33,26,14,26,33,30,0,64,10,1013,17.625,37,23,29,116,116,116,0,1,11.6,météo favorable
2020-01-20,34,26,11,26,33,32,0.3,64,10,1014,44.25,37,23,29,116,176,116,0,1,8.7,météo favorable
2020-01-21,33,26,17,27,33,30,0.9,62,9.75,1016,42.75,36,23,29,176,116,116,0,1,11.6,météo favorable
2020-01-22,33,27,18,27,33,29,0,69,10,1015,8.75,36,23,29,116,116,116,0,1,11.6,météo favorable
2020-01-23,32,26,18,26,32,29,0,69,10,1014,7.875,36,23,29,116,116,116,0,1,11.6,météo favorable
2020-01-24,31,26,22,26,31,29,1.8,68,9.75,1013,51,35,24,29,116,116,176,0,1,8.7,météo favorable
2020-01-25,30,26,23,26,29,28,0.1,73,10,1012,36,33,23,28,116,119,116,0,1,10.2,météo correcte
2020-01-26,31,25,18,25,30,31,2.7,67,9.625,1012,47.25,33,22,28,176,176,116,0,1,8.7,météo favorable
2020-01-27,31,26,22,26,31,29,0,57,10,1011,3.875,33,22,28,116,113,113,0,1,11.6,météo idéale
2020-01-28,29,22,15,25,29,26,0.9,62,9.75,1012,35.375,31,22,26,116,176,113,0,1,8.7,météo favorable
2020-01-29,30,25,16,25,30,28,0.5,68,9.875,1014,48.125,33,22,28,116,176,176,0,1,5.9,météo favorable
2020-01-30,33,25,17,25,31,30,1.5,59,9.75,1015,51,34,21,28,176,176,116,0,1,8.7,météo favorable
2020-01-31,32,24,19,25,30,29,0.8,55,9.75,1014,38.625,33,21,27,176,116,116,0,1,11.6,météo favorable
2020-02-01,32,25,17,26,31,29,0.2,55,9.875,1015,24.25,33,20,27,116,116,116,0,1,11.6,météo favorable
2020-02-02,34,25,13,26,32,32,0.2,58,10,1016,29.25,35,21,29,176,116,116,0,1,11.6,météo favorable
2020-02-03,32,26,20,26,32,28,0,64,10,1015,8.75,34,21,28,116,116,116,0,1,11.6,météo favorable
2020-02-04,30,25,21,25,30,28,1.2,68,9.75,1014,43.125,33,21,28,116,176,176,0,1,5.9,météo favorable
2020-02-05,30,25,19,26,30,28,2,68,9.875,1013,41.25,33,22,28,116,176,176,0,1,5.9,météo favorable
2020-02-06,30,26,17,26,29,28,3.3,69,9.875,1014,67.875,32,23,28,176,353,176,0,1,5.9,météo défavorable
2020-02-07,31,25,18,25,31,29,1,68,10,1015,60.25,34,23,29,176,176,176,0,1,5.9,météo correcte
2020-02-08,33,27,15,27,33,29,0,65,10,1015,4.375,35,24,29,113,116,116,0,1,11.6,météo favorable
2020-02-09,35,25,15,26,33,33,0.1,55,10,1016,19.25,35,23,28,116,176,116,0,1,10.2,météo favorable
2020-02-10,32,24,22,25,32,30,0.1,56,10,1016,26.75,33,21,27,116,116,116,0,1,11.6,météo favorable
2020-02-11,34,28,14,28,32,33,0.1,53,10,1015,52.75,35,21,29,122,116,116,0,1,11.6,météo favorable
2020-02-12,32,27,22,27,32,29,0.8,69,9.875,1015,32.875,35,23,29,116,116,176,0,1,8.8,météo favorable
2020-02-13,31,26,22,26,31,29,0.5,67,9.875,1014,57.625,35,23,29,116,176,176,0,1,5.9,météo correcte
2020-02-14,31,26,23,26,31,30,0.1,69,10,1012,21.625,35,23,29,116,176,116,0,1,11.6,météo favorable
2020-02-15,32,26,20,26,31,30,0.2,69,10,1013,32.625,34,24,29,116,176,113,0,1,10.2,météo favorable
2020-02-16,32,26,18,26,32,30,0,65,10,1014,11.75,34,23,29,116,113,113,0,1,11.6,météo idéale
2020-02-17,34,25,14,25,34,30,0,63,10,1015,12.25,36,22,29,116,116,116,0,1,11.6,météo favorable
2020-02-18,33,24,21,25,31,31,0.6,48,10,1016,25.625,34,22,27,299,116,116,0,1,11.6,météo favorable
2020-02-19,35,24,22,25,32,32,0,49,10,1017,13.75,35,20,27,116,116,116,0,1,11.6,météo favorable
2020-02-20,35,25,21,25,33,34,0,45,10,1016,5.25,37,21,28,116,116,116,0,1,11.6,météo favorable
2020-02-21,34,25,27,25,32,32,0,46,10,1018,4.75,34,19,28,116,113,116,0,1,11.6,météo idéale
2020-02-22,34,24,27,24,32,33,0,48,10,1019,5.875,34,17,27,116,116,116,0,1,11.6,météo favorable
2020-02-23,35,24,26,24,32,32,0,49,10,1018,6,35,19,27,116,116,116,0,1,11.6,météo favorable
2020-02-24,33,25,17,26,33,29,0,57,10,1015,5.375,34,21,28,116,116,116,0,1,11.6,météo favorable
2020-02-25,33,27,22,27,33,28,0,64,10,1014,2.75,34,22,28,116,113,116,0,1,11.6,météo idéale
2020-02-26,32,26,19,27,32,29,0,66,10,1013,3.75,34,23,29,113,116,116,0,1,11.6,météo favorable
2020-02-27,32,26,20,26,32,29,0.5,68,10,1013,29.125,35,23,29,116,176,116,0,1,8.8,météo favorable
2020-02-28,31,27,20,27,31,29,1.7,64,9.75,1012,54.25,34,23,29,116,176,176,0,1,6,météo favorable
2020-02-29,31,26,18,26,31,29,1.9,69,9.625,1011,65.875,34,23,29,176,176,176,0,1,6,météo défavorable
2020-03-01,32,26,20,26,31,30,0.8,71,9.75,1012,57.25,36,23,29,116,176,176,0,7,6,météo correcte
2020-03-02,31,27,22,27,31,30,1.5,69,9.625,1012,46.625,36,23,29,116,116,176,0,7,8.8,météo favorable
2020-03-03,32,27,24,27,32,30,4.8,66,9.5,1012,57.875,36,23,30,116,176,176,0,8,6,météo correcte
2020-03-04,32,27,21,27,31,30,4.2,67,9.875,1012,60.5,36,23,29,176,353,176,0,8,6,météo correcte
2020-03-05,31,27,21,27,31,30,3.7,66,9.625,1013,60.125,35,23,30,119,176,176,0,8,6,météo correcte
2020-03-06,32,27,18,27,32,31,7.8,62,9.25,1014,63.125,35,23,30,176,176,176,0,8,6,météo correcte
2020-03-07,32,28,19,28,32,32,1.6,58,9.625,1015,41.125,35,23,30,176,176,116,0,8,8.8,météo favorable
2020-03-08,33,27,18,27,33,30,1,64,9.875,1013,25.125,37,24,30,116,176,116,0,8,8.8,météo favorable
2020-03-09,34,28,20,28,34,32,0,58,10,1010,0.25,37,24,32,116,113,113,0,8,11.6,météo favorable
2020-03-10,34,28,21,28,34,33,0,58,10,1010,1.125,38,24,31,113,113,116,0,8,11.6,météo favorable
2020-03-11,34,28,21,29,34,32,0,62,10,1011,5.875,38,24,31,116,116,116,0,8,11.6,météo favorable
2020-03-12,33,28,22,28,33,32,0,62,10,1013,11.5,39,24,31,116,116,116,0,8,11.6,météo favorable
2020-03-13,34,28,21,28,34,31,0.6,66,9.875,1014,51.625,39,25,31,119,176,176,0,8,8.8,météo favorable
2020-03-14,33,28,23,28,33,32,3.5,67,9.625,1012,46.625,40,25,31,116,116,176,0,8,7.4,météo correcte
2020-03-15,32,28,18,28,32,30,12,67,8.875,1013,67.125,37,25,30,116,299,176,0,7,6,météo défavorable
2020-03-16,31,27,17,27,31,30,2.3,68,9.375,1013,59.125,36,25,30,200,176,176,0,7,7.4,météo correcte
2020-03-17,32,28,22,28,32,30,0.9,66,9.75,1014,49.25,37,25,30,200,176,176,0,8,6,météo favorable
2020-03-18,32,27,21,27,32,31,0,66,10,1013,28.75,37,24,30,119,116,116,0,8,11.6,météo favorable
2020-03-19,33,27,23,27,33,31,0.1,60,10,1012,23.375,38,23,31,116,176,116,0,8,10.2,météo favorable
2020-03-20,33,27,23,28,33,31,1.2,59,9.875,1012,34.125,37,23,31,386,116,116,0,8,11.6,météo favorable
2020-03-21,32,27,21,28,32,31,5.6,59,9.5,1014,64.75,35,23,30,176,176,176,0,8,6,météo correcte
2020-03-22,33,27,17,27,32,32,0,60,10,1013,13.125,36,22,30,116,116,116,0,8,11.6,météo favorable
2020-03-23,33,27,18,27,33,31,2.7,59,9.625,1012,41.5,36,24,31,119,176,116,0,8,8.8,météo favorable
2020-03-24,32,28,20,28,32,31,1.4,62,9.75,1011,52.125,36,24,30,116,176,176,0,8,6.1,météo favorable
2020-03-25,32,27,22,27,32,30,4.3,66,9.5,1010,60.125,37,23,30,176,176,176,0,8,6.1,météo correcte
2020-03-26,32,27,18,27,32,30,0,64,10,1011,14,36,24,30,116,116,116,0,8,11.6,météo favorable
2020-03-27,33,27,19,28,33,32,0,66,10,1012,12.5,37,24,31,116,116,113,0,8,11.6,météo favorable
2020-03-28,34,27,22,28,33,33,0,63,10,1011,6.75,38,24,31,116,116,116,0,8,11.6,météo favorable
2020-03-29,34,28,21,28,33,33,0,60,10,1011,6.625,39,24,31,116,116,116,0,8,11.6,météo favorable
2020-03-30,34,28,22,28,33,32,0.1,65,10,1010,14.625,39,25,31,116,116,116,0,8,11.6,météo favorable
2020-03-31,34,28,20,28,34,32,0.5,61,10,1011,20.5,39,24,31,116,116,116,0,8,11.6,météo favorable
