DATE,MAX_TEMPERATURE_C,MIN_TEMPERATURE_C,WINDSPEED_MAX_KMH,TEMPERATURE_MORNING_C,TEMPERATURE_NOON_C,TEMPERATURE_EVENING_C,PRECIP_TOTAL_DAY_MM,HUMIDITY_MAX_PERCENT,VISIBILITY_AVG_KM,PRESSURE_MAX_MB,CLOUDCOVER_AVG_PERCENT,HEATINDEX_MAX_C,DEWPOINT_MAX_C,WINDTEMP_MAX_C,WEATHER_CODE_MORNING,WEATHER_CODE_NOON,WEATHER_CODE_EVENING,TOTAL_SNOW_MM,UV_INDEX,SUNHOUR,OPINION
2009-01-01,27,24,8,22,26,26,9.4,91,7.75,1008,46.25,32,25,24,263,353,353,,,,météo correcte
2009-01-02,28,25,9,21,28,27,7.3,89,8.125,1009,60.375,34,25,25,266,353,176,,,,météo correcte
2009-01-03,28,24,8,22,27,27,5.5,91,9,1009,47.625,33,25,24,116,116,176,,,,météo favorable
2009-01-04,25,24,4,24,25,25,61.3,94,6.375,1009,80.875,28,24,24,302,305,299,,,,météo très défavorable
2009-01-05,27,25,4,24,26,27,24.1,94,7.75,1009,56.75,31,25,25,302,293,176,,,,météo très défavorable
2009-01-06,30,26,8,22,30,27,19.6,93,6.75,1009,51.875,38,26,26,353,116,356,,,,météo très défavorable
2009-01-07,26,24,6,23,25,25,17.1,94,9.125,1010,72.875,30,25,24,353,353,293,,,,météo très défavorable
2009-01-08,30,26,5,23,30,27,26.9,93,5.875,1010,55.875,37,26,26,263,176,359,,,,météo très défavorable
2009-01-09,29,26,9,24,29,26,16.6,93,7.75,1010,68.625,36,26,26,143,176,356,,,,météo très défavorable
2009-01-10,29,26,9,24,29,27,9.1,90,8.625,1009,39.625,35,26,26,353,116,356,,,,météo correcte
2009-01-11,28,26,9,23,28,27,15.1,90,7.25,1010,54.125,34,26,26,116,353,356,,,,météo défavorable
2009-01-12,28,26,9,24,28,26,18,92,8.625,1011,58,34,25,26,116,176,356,,,,météo très défavorable
2009-01-13,27,25,11,23,27,27,22.2,94,8.125,1012,72.75,32,26,25,263,353,356,,,,météo très défavorable
2009-01-14,27,25,13,24,27,27,30.9,93,7.625,1012,85,32,26,25,353,356,356,,,,météo très défavorable
2009-01-15,26,24,9,24,26,26,4.2,92,8.75,1011,75.25,29,24,24,143,353,353,,,,météo défavorable
2009-01-16,27,25,10,23,27,26,6.9,90,7.375,1011,49.125,31,24,25,263,176,353,,,,météo favorable
2009-01-17,29,24,13,22,29,26,4.1,87,8.375,1010,35.25,33,24,24,116,116,176,,,,météo favorable
2009-01-18,28,25,10,23,28,26,6.3,92,7.25,1010,42.375,32,25,25,143,176,353,,,,météo favorable
2009-01-19,27,24,9,22,26,26,3.1,90,8.25,1009,38.75,31,25,24,143,116,353,,,,météo favorable
2009-01-20,29,25,8,23,29,27,12.5,91,7.5,1009,40.875,34,25,25,143,386,356,,,,météo correcte
2009-01-21,28,25,8,22,28,27,13.9,92,8.375,1010,45.25,34,26,25,176,353,356,,,,météo défavorable
2009-01-22,29,25,6,22,29,27,14.2,91,7.75,1010,39.5,35,26,25,143,176,356,,,,météo défavorable
2009-01-23,29,26,8,24,29,27,13.2,92,8.75,1009,48.25,34,26,26,119,176,356,,,,météo défavorable
2009-01-24,29,26,9,24,29,27,12.7,92,8.625,1009,41.5,35,26,26,116,176,356,,,,météo correcte
2009-01-25,28,26,10,23,28,27,11.7,92,6.25,1009,44.625,34,26,26,143,353,356,,,,météo correcte
2009-01-26,28,25,10,23,28,26,24.2,93,7,1010,47,33,26,25,143,353,356,,,,météo très défavorable
2009-01-27,28,26,10,23,28,26,28.8,95,4.75,1009,65.75,33,26,26,143,356,356,,,,météo très défavorable
2009-01-28,28,26,10,25,27,27,68.2,96,5.125,1008,86,34,26,26,356,356,359,,,,météo très défavorable
2009-01-29,28,25,9,24,28,26,30.8,93,5.75,1008,58.875,34,26,25,143,356,359,,,,météo très défavorable
2009-01-30,29,26,9,23,29,26,8,90,7.5,1008,49.25,34,25,26,143,200,356,,,,météo correcte
2009-01-31,28,26,8,23,28,26,25.6,94,6,1008,58.25,34,26,26,143,356,356,,,,météo très défavorable
2009-02-01,28,25,10,24,27,27,30.2,92,7.5,1009,60.375,33,26,25,353,356,356,,,,météo très défavorable
2009-02-02,27,25,11,24,27,26,16,92,7.5,1009,70,32,25,25,263,356,356,,,,météo très défavorable
2009-02-03,28,25,13,22,28,26,18.5,93,7.25,1008,62.875,32,25,25,353,353,356,,,,météo très défavorable
2009-02-04,28,25,15,22,28,27,7.3,87,9.375,1007,33,32,25,25,116,353,176,,,,météo correcte
2009-02-05,28,24,17,21,28,26,15.9,92,8.875,1006,52.375,32,25,24,116,353,356,,,,météo défavorable
2009-02-06,27,25,23,25,27,27,26.2,93,8,1006,83.25,31,25,25,353,353,356,,,,météo très défavorable
2009-02-07,27,25,18,25,26,26,37.6,95,7,1007,94.375,32,26,25,356,353,356,,,,météo très défavorable
2009-02-08,28,25,21,24,27,27,23.8,93,8.125,1009,74.875,33,26,25,353,356,356,,,,météo très défavorable
2009-02-09,29,27,11,24,29,27,25.5,92,6.375,1010,60.25,35,26,27,353,353,356,,,,météo très défavorable
2009-02-10,27,24,8,22,27,26,4.1,93,8.125,1010,43.5,31,25,24,143,116,176,,,,météo favorable
2009-02-11,28,26,10,24,28,26,16.1,92,7.25,1010,61.375,33,25,26,263,353,356,,,,météo très défavorable
2009-02-12,28,25,13,23,28,26,12.8,94,8.25,1007,64.5,33,25,25,143,353,356,,,,météo correcte
2009-02-13,28,25,12,24,27,27,21.7,94,7.375,1008,70,33,26,25,143,353,356,,,,météo très défavorable
2009-02-14,29,26,10,24,29,26,11.6,89,8.75,1009,46.75,33,25,26,353,113,356,,,,météo correcte
2009-02-15,28,24,10,21,28,26,14.2,93,8.875,1009,54.875,32,25,24,353,353,356,,,,météo défavorable
2009-02-16,26,25,18,24,26,26,45.6,96,7,1009,92.5,30,25,25,353,356,359,,,,météo très défavorable
2009-02-17,27,25,10,25,26,26,43.7,94,7,1010,80.25,31,25,25,353,356,356,,,,météo très défavorable
2009-02-18,27,24,9,22,27,25,3.3,89,6.75,1010,50.375,30,23,24,263,116,263,,,,météo favorable
2009-02-19,28,24,4,22,27,26,8.4,90,9.5,1009,71.5,33,25,24,119,353,176,,,,météo défavorable
2009-02-20,29,25,5,22,29,26,16.8,93,8.625,1010,52.75,34,26,25,176,353,356,,,,météo très défavorable
2009-02-21,30,26,5,24,30,27,11.3,92,7.5,1011,52.875,36,25,26,266,116,356,,,,météo correcte
2009-02-22,30,26,4,24,30,27,19.2,90,7.25,1009,33.875,36,26,26,143,116,356,,,,météo très défavorable
2009-02-23,30,25,5,21,30,27,12.8,89,8.625,1008,36.75,36,26,25,116,116,356,,,,météo correcte
2009-02-24,30,25,6,22,30,26,21.6,92,8.75,1008,47,36,26,25,353,176,356,,,,météo très défavorable
2009-02-25,30,25,9,22,30,26,25.9,94,7.5,1008,50.25,36,26,25,353,176,359,,,,météo très défavorable
2009-02-26,28,26,5,23,28,27,15.5,92,9,1008,59,35,26,26,116,176,356,,,,météo défavorable
2009-02-27,29,26,10,24,29,26,18.5,93,8.625,1007,55.125,34,26,26,176,176,356,,,,météo très défavorable
2009-02-28,28,26,12,23,28,26,11.5,93,8.125,1008,59.5,33,26,26,143,353,356,,,,météo correcte
2009-03-01,27,25,5,24,27,26,24.8,95,8.75,1009,69.75,32,26,25,353,353,356,,,,météo très défavorable
2009-03-02,29,25,5,22,28,27,15.8,91,8.625,1009,62.375,36,27,25,353,116,356,,,,météo défavorable
2009-03-03,29,26,7,23,29,26,15.9,94,8.5,1010,65.875,34,26,26,176,119,356,,,,météo défavorable
2009-03-04,29,25,4,23,29,26,27.1,95,7.625,1010,76.125,34,26,25,296,176,356,,,,météo très défavorable
2009-03-05,29,26,7,23,29,26,24.3,94,7.25,1010,57.375,35,26,26,143,353,356,,,,météo très défavorable
2009-03-06,28,24,8,22,27,26,1.8,91,7.875,1011,51.875,32,25,24,116,116,263,,,,météo favorable
2009-03-07,28,24,4,21,27,26,16.8,92,6.625,1011,61,34,25,24,263,266,356,,,,météo très défavorable
2009-03-08,29,25,4,23,28,27,19.9,90,8.25,1011,38.75,36,26,25,356,176,176,,,,météo très défavorable
2009-03-09,30,25,6,21,30,27,5.9,89,7.375,1011,24.625,36,26,25,143,176,386,,,,météo favorable
2009-03-10,29,25,5,21,29,27,15.7,91,8,1011,25.25,35,26,25,176,176,356,,,,météo défavorable
2009-03-11,29,25,4,21,29,27,5.8,87,6.625,1011,34,35,26,25,143,176,176,,,,météo favorable
2009-03-12,30,25,4,20,30,26,15.3,88,8.625,1011,32.375,35,25,25,116,113,356,,,,météo défavorable
2009-03-13,30,25,6,21,30,27,7.9,89,9.125,1012,21.375,35,25,25,113,113,356,,,,météo favorable
2009-03-14,30,25,7,21,30,27,0.9,85,9.75,1012,18.5,35,25,25,113,113,176,,,,météo favorable
2009-03-15,30,25,6,22,29,28,4.8,88,8.625,1011,24,36,26,25,113,116,176,,,,météo favorable
2009-03-16,28,25,4,21,28,26,11.3,90,6.625,1010,32.375,34,26,25,143,386,356,,,,météo correcte
2009-03-17,28,25,6,22,28,25,18.9,95,8.5,1009,48,34,26,25,176,353,356,,,,météo très défavorable
2009-03-18,28,25,14,24,28,26,7.1,92,8.25,1010,37.75,31,24,25,143,176,353,,,,météo favorable
2009-03-19,28,24,10,21,28,27,7.2,89,8.875,1011,50.5,33,26,24,116,176,353,,,,météo favorable
2009-03-20,27,24,4,22,27,26,11.9,91,9.75,1011,41.125,31,25,24,353,353,176,,,,météo correcte
2009-03-21,29,25,5,21,29,27,6.1,87,9.625,1011,24.75,35,26,25,116,116,176,,,,météo favorable
2009-03-22,31,26,4,20,31,27,2,83,9.75,1011,14.25,37,24,26,113,113,176,,,,météo favorable
2009-03-23,29,25,5,20,29,27,2.3,85,9.125,1012,29.5,34,24,25,176,113,176,,,,météo idéale
2009-03-24,30,25,7,21,30,25,3.8,90,9.625,1012,22.125,35,25,25,113,113,176,,,,météo favorable
2009-03-25,30,26,5,20,30,27,6.2,88,9.375,1013,11.75,36,26,26,113,113,176,,,,météo favorable
2009-03-26,29,25,7,22,29,27,12.6,90,8.625,1013,20.375,35,26,25,176,113,356,,,,météo correcte
2009-03-27,28,24,8,21,28,27,8.9,91,8,1013,26.75,34,25,24,143,176,356,,,,météo correcte
2009-03-28,29,25,6,21,29,27,11.9,90,8.125,1012,33.375,35,26,25,176,113,356,,,,météo correcte
2009-03-29,29,25,5,22,29,26,13.8,92,6.75,1010,34.25,34,25,25,143,176,356,,,,météo défavorable
2009-03-30,29,25,5,20,29,26,9.9,90,8.75,1010,29.25,34,26,25,116,176,356,,,,météo correcte
2009-03-31,30,25,4,20,30,27,15,91,7.75,1010,27.375,36,26,25,143,176,356,,,,météo défavorable
2009-04-01,29,25,5,21,29,27,19.2,91,8.5,1009,28.125,36,26,25,116,176,356,,,,météo très défavorable
2009-04-02,29,25,9,22,29,27,11.2,92,8.125,1010,30.375,34,26,25,113,176,356,,,,météo correcte
2009-04-03,28,25,7,22,28,27,17.4,93,7.875,1010,49.625,35,27,25,353,353,356,,,,météo très défavorable
2009-04-04,30,26,9,23,30,29,0.4,84,9.875,1011,24.75,37,26,26,113,116,113,,,,météo favorable
2009-04-05,30,26,8,22,30,28,5.1,90,7.625,1010,12.125,38,27,26,143,113,176,,,,météo favorable
2009-04-06,29,25,9,22,29,25,2.9,88,8.75,1010,10.125,33,24,25,143,113,176,,,,météo idéale
2009-04-07,29,25,9,21,29,28,2,84,9.625,1010,19.25,34,25,25,116,113,176,,,,météo idéale
2009-04-08,30,25,8,22,29,28,1.2,84,8.875,1010,17.625,35,25,25,143,113,176,,,,météo favorable
2009-04-09,30,26,9,22,30,27,5.3,90,8.375,1010,17.5,36,25,26,143,113,176,,,,météo favorable
2009-04-10,30,26,7,22,30,28,4.9,88,7.5,1010,17.75,36,26,26,143,116,386,,,,météo favorable
2009-04-11,30,26,7,22,30,28,7.6,89,9.25,1009,22.75,37,27,26,116,176,176,,,,météo favorable
2009-04-12,30,26,9,23,30,28,7.1,89,8,1010,22.625,37,27,26,143,113,176,,,,météo favorable
2009-04-13,30,26,8,23,30,28,10.4,91,5.875,1009,34.125,38,27,26,143,113,356,,,,météo correcte
2009-04-14,30,27,5,23,30,28,9.8,89,8,1009,31.5,37,27,27,176,176,353,,,,météo correcte
2009-04-15,30,26,9,22,30,28,2.1,86,8.375,1010,16,37,26,26,176,113,176,,,,météo favorable
2009-04-16,29,26,9,23,29,27,5,89,7.625,1010,34.5,36,26,26,143,353,386,,,,météo correcte
2009-04-17,30,26,7,23,30,27,5.4,90,9.75,1010,47.25,36,26,26,353,113,386,,,,météo favorable
2009-04-18,29,25,4,22,29,28,7.3,90,9.75,1012,37.125,36,26,25,113,176,176,,,,météo favorable
2009-04-19,29,26,5,23,29,27,8.4,91,9,1012,39.25,36,26,26,116,176,176,,,,météo correcte
2009-04-20,30,26,6,22,30,27,8.6,87,7.375,1010,18.625,36,26,26,143,113,356,,,,météo correcte
2009-04-21,31,26,4,21,31,27,6,85,8.375,1010,20.875,37,25,26,143,113,176,,,,météo favorable
2009-04-22,29,26,5,22,29,27,8.2,89,7.75,1011,22.125,36,26,26,143,176,176,,,,météo correcte
2009-04-23,30,25,6,22,30,27,7.8,91,9.25,1012,23.875,36,26,25,116,113,176,,,,météo favorable
2009-04-24,30,25,7,21,30,28,4.2,83,9.75,1012,7.5,36,25,25,113,113,176,,,,météo favorable
2009-04-25,30,25,8,22,30,28,2,86,9.75,1012,9.375,36,25,25,113,113,176,,,,météo favorable
2009-04-26,31,25,8,22,30,28,0.4,84,10,1012,8.625,37,25,25,113,113,113,,,,météo favorable
2009-04-27,28,25,6,21,28,27,7.4,90,9.25,1012,16.25,34,25,25,113,176,176,,,,météo favorable
2009-04-28,28,25,9,22,28,27,5.8,89,9.625,1013,21,34,26,25,113,176,176,,,,météo favorable
2009-04-29,30,25,9,22,30,27,1.4,86,9.875,1013,9,35,25,25,113,113,176,,,,météo favorable
2009-04-30,30,25,9,22,29,27,0,81,10,1012,6.375,34,24,25,113,113,113,,,,météo idéale
2009-05-01,30,24,10,21,28,28,0,80,10,1012,5.125,35,24,24,113,113,113,,,,météo favorable
2009-05-02,30,25,10,22,29,27,0.5,82,9.875,1012,9.625,34,24,25,113,113,176,,,,météo idéale
2009-05-03,29,25,10,21,29,27,0.6,82,9.875,1012,10,33,24,25,113,113,113,,,,météo idéale
2009-05-04,28,26,9,23,28,26,0.3,87,9,1012,17.75,32,24,26,143,113,113,,,,météo idéale
2009-05-05,30,26,8,23,30,27,3.4,88,7.375,1011,19.25,35,26,26,143,113,176,,,,météo favorable
2009-05-06,30,25,6,22,30,27,8.2,92,6.75,1011,34.625,36,27,25,143,113,356,,,,météo correcte
2009-05-07,29,26,4,22,29,26,16.1,92,6.875,1010,41.875,37,27,26,176,176,356,,,,météo très défavorable
2009-05-08,28,25,6,23,28,27,8.7,91,8.5,1010,30.25,34,26,25,176,176,176,,,,météo correcte
2009-05-09,28,26,9,23,28,26,8.6,93,5.875,1010,37.875,34,26,26,143,176,353,,,,météo correcte
2009-05-10,28,25,8,22,28,27,15.9,92,7.375,1010,38.125,34,26,25,176,353,176,,,,météo défavorable
2009-05-11,29,26,8,22,29,27,6.5,91,8.75,1010,36.375,36,26,26,176,176,176,,,,météo favorable
2009-05-12,29,26,8,22,29,27,12.3,92,7.125,1010,51.125,35,26,26,119,116,356,,,,météo correcte
2009-05-13,30,25,10,23,29,27,2.6,86,7.875,1010,45.75,35,25,25,119,116,176,,,,météo favorable
2009-05-14,29,26,10,22,29,27,5.3,90,7.5,1008,33,35,26,26,176,176,176,,,,météo favorable
2009-05-15,29,25,7,22,29,27,10.7,91,7.75,1009,25.625,35,26,25,143,113,386,,,,météo correcte
2009-05-16,29,25,6,22,29,27,12.7,92,7.25,1010,50.625,35,26,25,353,353,356,,,,météo correcte
2009-05-17,31,26,4,22,31,28,6.8,91,9,1010,25.5,39,27,26,176,176,176,,,,météo favorable
2009-05-18,30,26,5,22,30,28,8.5,90,9.5,1010,37.375,37,27,26,353,176,353,,,,météo correcte
2009-05-19,30,25,5,22,30,27,10.7,91,8.625,1011,27.375,36,26,25,176,116,356,,,,météo correcte
2009-05-20,30,25,6,22,30,27,5.4,89,9.375,1010,31.125,36,26,25,176,116,386,,,,météo favorable
2009-05-21,29,25,8,21,29,27,3.2,88,9.875,1011,28.375,34,25,25,116,113,386,,,,météo favorable
2009-05-22,28,25,8,22,28,27,3.4,89,8.625,1011,24.75,32,25,25,143,176,113,,,,météo favorable
2009-05-23,29,25,6,21,29,26,12.6,92,8.75,1010,32,34,26,25,113,113,356,,,,météo correcte
2009-05-24,27,23,7,21,25,26,4.5,92,9,1009,49,31,25,23,176,176,176,,,,météo favorable
2009-05-25,28,24,6,23,27,27,17.3,93,8.75,1009,40.75,33,26,24,353,176,356,,,,météo très défavorable
2009-05-26,29,25,5,23,29,27,9.2,90,9.125,1010,40.875,36,26,25,176,176,353,,,,météo correcte
2009-05-27,28,25,7,24,28,27,12.9,92,9.125,1010,39.5,33,25,25,353,353,116,,,,météo correcte
2009-05-28,29,26,6,23,29,26,7.4,91,8.25,1010,45.875,35,26,26,116,116,353,,,,météo favorable
2009-05-29,29,25,5,22,29,27,7,91,9.5,1011,52,35,26,25,116,116,176,,,,météo favorable
2009-05-30,29,25,6,21,29,27,10.3,89,7,1011,25.25,34,26,25,143,176,356,,,,météo correcte
2009-05-31,29,25,8,21,29,27,5.1,90,9.5,1012,32.375,34,25,25,116,113,386,,,,météo favorable
2009-06-01,29,23,8,21,28,27,6.6,91,9.25,1012,19,35,26,23,113,113,356,,,,météo favorable
2009-06-02,29,25,8,21,29,27,0.5,87,10,1013,10.375,34,24,25,113,113,113,,,,météo idéale
2009-06-03,29,25,8,21,29,28,0,86,9.625,1012,7.75,35,25,25,113,113,113,,,,météo favorable
2009-06-04,30,25,7,23,29,27,0.5,85,7.375,1012,16.625,35,25,25,143,113,113,,,,météo favorable
2009-06-05,29,24,8,21,28,27,1.3,86,9.75,1011,16.625,34,25,24,113,113,176,,,,météo idéale
2009-06-06,29,25,10,21,29,27,5.6,87,9.375,1012,21.125,34,25,25,113,113,176,,,,météo favorable
2009-06-07,29,25,11,21,29,28,0.1,85,10,1011,26.875,35,25,25,113,116,113,,,,météo favorable
2009-06-08,29,25,7,21,29,28,4.3,88,9.625,1013,17.25,35,26,25,113,113,176,,,,météo favorable
2009-06-09,29,25,9,21,29,28,1.7,85,9.625,1014,22,36,25,25,116,113,176,,,,météo favorable
2009-06-10,29,24,9,21,29,27,6.8,87,9.25,1014,14.375,34,24,24,113,113,356,,,,météo favorable
2009-06-11,29,24,8,20,29,27,1.4,86,9.75,1013,10.875,34,24,24,113,113,176,,,,météo idéale
2009-06-12,29,24,8,21,29,27,3.9,87,9.375,1013,15.25,33,25,24,113,113,176,,,,météo favorable
2009-06-13,28,24,11,21,28,25,0,84,9,1013,7.125,31,22,24,143,113,113,,,,météo idéale
2009-06-14,29,23,9,19,28,27,0,81,10,1013,2.75,32,23,23,113,113,113,,,,météo idéale
2009-06-15,29,23,9,19,28,27,0,81,10,1012,2,32,23,23,113,113,113,,,,météo idéale
2009-06-16,29,24,9,20,28,26,0,79,10,1011,5.625,31,22,24,113,113,113,,,,météo idéale
2009-06-17,28,24,8,19,28,26,5.4,87,9.5,1013,15,32,24,24,113,176,176,,,,météo favorable
2009-06-18,29,24,9,21,29,27,0,83,10,1013,8.75,33,24,24,113,113,113,,,,météo idéale
2009-06-19,29,24,9,21,29,26,0.5,85,8,1012,11.125,32,24,24,143,113,113,,,,météo idéale
2009-06-20,28,24,11,21,28,26,0,79,10,1012,4.25,31,22,24,113,113,113,,,,météo idéale
2009-06-21,28,24,12,20,28,26,0,82,10,1012,6.375,31,22,24,113,113,113,,,,météo idéale
2009-06-22,29,23,9,19,28,27,0,82,10,1012,4.125,33,23,23,113,113,113,,,,météo idéale
2009-06-23,30,23,8,19,29,27,0,82,10,1011,3.75,35,24,23,113,113,113,,,,météo favorable
2009-06-24,30,23,9,20,29,27,0,83,10,1011,12,34,24,23,113,113,113,,,,météo idéale
2009-06-25,29,23,9,20,29,27,0.1,82,10,1012,8.625,33,24,23,113,113,113,,,,météo idéale
2009-06-26,30,24,9,20,29,27,0,82,10,1012,9.125,35,24,24,113,113,113,,,,météo favorable
2009-06-27,30,24,7,21,30,27,1.3,87,9.5,1011,18.625,35,24,24,116,113,176,,,,météo favorable
2009-06-28,29,25,12,22,29,26,0,84,7.375,1012,11.5,32,23,25,143,113,113,,,,météo idéale
2009-06-29,29,24,10,21,29,26,0,81,10,1012,6,32,22,24,113,113,113,,,,météo idéale
2009-06-30,29,24,11,21,28,26,0,80,10,1013,6,32,23,24,113,113,113,,,,météo idéale
2009-07-01,28,23,10,20,28,27,0.2,83,10,1013,27.125,32,24,23,113,113,116,,,,météo idéale
2009-07-02,28,26,9,24,28,27,1.6,88,9.75,1013,27.875,32,24,26,113,116,176,,,,météo favorable
2009-07-03,30,24,8,21,29,27,0,80,10,1012,13.75,34,23,24,113,113,113,,,,météo idéale
2009-07-04,29,24,9,20,29,28,0,83,10,1012,6,34,24,24,113,113,113,,,,météo idéale
2009-07-05,29,24,6,20,29,27,0,81,10,1012,11.125,33,23,24,113,113,116,,,,météo idéale
2009-07-06,29,24,8,20,29,26,0,82,9,1012,11.375,32,23,24,113,113,113,,,,météo idéale
2009-07-07,28,24,14,21,28,25,0,75,10,1013,4,30,20,24,113,113,113,,,,météo idéale
2009-07-08,29,23,10,20,28,26,0,80,9,1012,9.125,32,22,23,143,113,113,,,,météo idéale
2009-07-09,29,23,9,19,28,27,0,80,10,1012,4.25,32,23,23,113,113,113,,,,météo idéale
2009-07-10,28,24,12,21,28,26,0,78,9,1012,7.625,30,21,24,113,113,113,,,,météo idéale
2009-07-11,27,23,13,20,27,25,0,76,10,1011,3.125,29,19,23,113,113,113,,,,météo idéale
2009-07-12,27,23,16,21,27,25,0,72,10,1012,1,28,19,23,113,113,113,,,,météo idéale
2009-07-13,28,23,14,20,27,26,0,77,10,1011,12.875,30,21,23,113,113,113,,,,météo idéale
2009-07-14,28,25,15,23,28,26,0,77,10,1012,20.375,31,22,25,116,113,113,,,,météo idéale
2009-07-15,28,25,11,22,28,26,0,77,10,1012,32.875,31,22,25,113,116,116,,,,météo favorable
2009-07-16,28,25,12,24,28,26,0.2,76,10,1013,17.25,31,22,25,113,113,113,,,,météo idéale
2009-07-17,28,25,11,22,28,26,0,78,10,1012,21.625,31,22,25,113,113,116,,,,météo idéale
2009-07-18,28,24,9,20,28,26,1.9,85,9.75,1012,23.125,31,23,24,116,113,176,,,,météo idéale
2009-07-19,29,24,6,20,29,25,6.5,92,9.625,1012,47.625,34,24,24,116,116,353,,,,météo favorable
2009-07-20,26,23,10,22,24,26,7.4,93,9.25,1014,41.75,29,23,23,353,293,113,,,,météo correcte
2009-07-21,28,25,10,23,28,25,6.9,92,8.875,1014,41.75,32,25,25,116,116,356,,,,météo favorable
2009-07-22,28,26,5,24,28,26,11.8,91,8.125,1013,44.5,34,25,26,353,176,353,,,,météo correcte
2009-07-23,29,25,6,22,29,27,11.2,90,6.875,1012,33.875,34,26,25,176,176,356,,,,météo correcte
2009-07-24,29,25,6,21,29,27,7.1,91,9.125,1012,16.625,35,26,25,176,113,386,,,,météo favorable
2009-07-25,29,24,9,21,29,27,0.1,86,8.375,1013,10.625,33,24,24,113,113,113,,,,météo idéale
2009-07-26,29,24,13,21,29,26,0,81,10,1013,5.75,32,22,24,113,113,113,,,,météo idéale
2009-07-27,28,24,12,21,28,26,0.2,81,10,1014,6.625,31,23,24,113,113,113,,,,météo idéale
2009-07-28,28,24,11,20,28,26,0,77,10,1014,5.125,31,22,24,113,113,113,,,,météo idéale
2009-07-29,28,24,13,20,27,26,0,79,10,1014,11,31,22,24,113,113,113,,,,météo idéale
2009-07-30,28,23,13,20,27,26,0,77,10,1014,7.875,30,21,23,113,113,113,,,,météo idéale
2009-07-31,27,23,13,19,27,25,0,78,10,1013,7.125,29,21,23,113,113,113,,,,météo idéale
2009-08-01,28,23,13,20,26,26,0,79,10,1012,12.75,32,22,23,113,113,113,,,,météo idéale
2009-08-02,28,24,12,21,28,26,0.3,80,9.875,1013,22.25,30,22,24,113,113,116,,,,météo idéale
2009-08-03,28,25,13,22,28,26,0,79,10,1013,22.375,31,22,25,116,113,116,,,,météo idéale
2009-08-04,29,24,9,21,29,27,0,82,10,1013,25.5,33,23,24,113,113,116,,,,météo idéale
2009-08-05,30,24,11,20,29,27,0,83,9,1012,20.125,34,24,24,143,113,116,,,,météo idéale
2009-08-06,29,25,9,21,29,26,0.7,84,7.875,1012,20.25,33,23,25,143,113,176,,,,météo idéale
2009-08-07,28,24,12,21,28,26,0,82,10,1012,15.875,31,22,24,113,113,116,,,,météo idéale
2009-08-08,28,24,9,20,28,26,0,81,10,1012,35.375,31,23,24,113,113,119,,,,météo favorable
2009-08-09,30,24,8,20,30,27,0,80,10,1011,25.625,34,23,24,113,113,116,,,,météo idéale
2009-08-10,30,24,8,20,30,27,0,79,10,1012,16.5,34,23,24,113,113,113,,,,météo idéale
2009-08-11,30,26,9,22,30,26,4.7,90,9.75,1013,36.25,35,25,26,353,113,353,,,,météo favorable
2009-08-12,29,24,10,21,29,26,11.2,88,8.5,1013,32,34,24,24,116,113,356,,,,météo correcte
2009-08-13,28,24,6,21,28,24,4.2,92,8.25,1012,32.5,32,24,24,113,176,353,,,,météo favorable
2009-08-14,29,24,7,21,29,26,2.1,89,7.625,1012,19.875,32,24,24,143,113,176,,,,météo idéale
2009-08-15,30,24,6,20,30,25,1,85,9.875,1013,14.375,34,23,24,113,113,176,,,,météo idéale
2009-08-16,29,24,9,20,29,27,5.1,85,9.5,1012,15.375,33,24,24,113,113,176,,,,météo favorable
2009-08-17,30,25,10,22,29,27,0.4,82,7.875,1012,12.75,34,24,25,143,113,176,,,,météo idéale
2009-08-18,30,24,9,20,29,27,0,81,8,1013,12,34,23,24,143,113,113,,,,météo idéale
2009-08-19,28,24,13,20,28,26,0,78,9,1014,7,31,21,24,143,113,113,,,,météo idéale
2009-08-20,28,24,13,21,28,26,0,77,10,1014,18,31,21,24,113,113,116,,,,météo idéale
2009-08-21,30,25,8,21,30,25,0.2,85,8,1012,33.375,34,23,25,143,113,119,,,,météo favorable
2009-08-22,29,25,11,22,29,27,0.9,79,9.75,1013,17.75,32,22,25,116,113,113,,,,météo idéale
2009-08-23,29,25,9,21,29,27,0.2,81,8.875,1013,16.5,33,23,25,143,113,116,,,,météo idéale
2009-08-24,29,25,13,22,28,27,0,78,9,1013,11.5,32,21,25,113,113,113,,,,météo idéale
2009-08-25,29,24,12,21,28,27,0,76,10,1013,10.75,32,22,24,113,113,113,,,,météo idéale
2009-08-26,29,24,12,20,28,26,0,77,10,1013,8.5,32,21,24,113,113,113,,,,météo idéale
2009-08-27,30,24,11,19,29,27,0,75,10,1013,5.875,32,22,24,113,113,113,,,,météo idéale
2009-08-28,30,24,9,20,30,27,0,76,10,1012,6,34,22,24,113,113,113,,,,météo idéale
2009-08-29,29,25,11,21,29,26,0.4,82,9.75,1013,20.75,32,23,25,113,113,176,,,,météo idéale
2009-08-30,30,26,9,24,30,26,1,84,9.75,1013,29.75,35,24,26,116,113,176,,,,météo favorable
2009-08-31,31,25,9,21,31,26,3.1,87,8,1013,32.875,36,24,25,143,113,353,,,,météo favorable
2009-09-01,29,24,6,21,29,26,2.3,90,9,1013,50.625,33,24,24,113,116,353,,,,météo favorable
2009-09-02,28,25,13,23,28,26,1.9,86,7.75,1012,34.5,32,24,25,143,113,176,,,,météo favorable
2009-09-03,28,26,11,24,28,26,4.5,87,9.625,1011,45.75,32,24,26,116,116,353,,,,météo favorable
2009-09-04,31,25,9,22,30,27,0,78,8,1012,23.25,35,23,25,143,113,116,,,,météo favorable
2009-09-05,31,25,9,21,31,25,1.1,88,7.75,1014,23.875,35,23,25,143,113,266,,,,météo favorable
2009-09-06,29,25,12,21,29,27,0.7,80,8.75,1012,20.875,33,23,25,113,113,176,,,,météo idéale
2009-09-07,28,25,12,22,28,25,5.4,90,8.875,1013,35.375,32,24,25,143,116,353,,,,météo favorable
2009-09-08,32,26,7,23,31,28,1.8,81,9.875,1013,41.375,37,24,26,116,113,353,,,,météo favorable
2009-09-09,32,26,7,22,32,28,8.8,86,9.25,1012,13.875,38,25,26,113,113,356,,,,météo correcte
2009-09-10,30,26,8,22,30,27,6,86,9.25,1012,30.5,35,25,26,113,113,353,,,,météo favorable
2009-09-11,31,25,7,22,30,27,4.3,81,9.625,1012,20.75,36,24,25,113,113,353,,,,météo favorable
2009-09-12,30,25,6,21,30,27,2.2,81,9.875,1014,26.125,34,24,25,113,113,176,,,,météo idéale
2009-09-13,30,25,8,22,30,25,3.1,89,8.625,1015,24.625,34,23,25,143,113,353,,,,météo favorable
2009-09-14,30,25,8,22,29,27,3.2,84,7.5,1014,19,35,25,25,143,176,176,,,,météo favorable
2009-09-15,30,26,5,22,30,26,7.9,89,7,1012,31.125,35,25,26,143,176,356,,,,météo favorable
2009-09-16,29,26,13,23,29,26,3.1,84,8.625,1012,21,34,24,26,143,113,176,,,,météo favorable
2009-09-17,30,27,11,24,30,28,4,82,9.75,1012,19.75,35,24,27,116,113,176,,,,météo favorable
2009-09-18,30,25,9,22,30,27,2.4,82,8.625,1014,18,34,24,25,113,113,176,,,,météo idéale
2009-09-19,28,25,8,22,28,25,3.6,90,8.625,1013,31,31,23,25,143,113,353,,,,météo favorable
2009-09-20,30,25,9,22,30,25,1.2,88,7.625,1014,24.75,34,24,25,143,113,176,,,,météo idéale
2009-09-21,28,25,12,23,28,25,3.5,91,9.625,1013,39,32,24,25,116,176,353,,,,météo favorable
2009-09-22,26,25,13,24,26,26,6,92,9.625,1013,63.5,30,24,25,353,353,353,,,,météo correcte
2009-09-23,29,26,9,23,29,27,6.5,88,8,1012,29.875,34,25,26,143,113,176,,,,météo favorable
2009-09-24,30,26,9,22,30,26,1.1,85,8.125,1013,24,35,23,26,113,113,176,,,,météo favorable
2009-09-25,30,26,12,22,30,28,0,75,10,1012,4.5,34,23,26,113,113,113,,,,météo idéale
2009-09-26,30,26,10,22,30,28,0,77,10,1011,13,35,23,26,113,113,113,,,,météo favorable
2009-09-27,30,26,10,23,30,28,0.1,73,10,1011,19.25,34,22,26,113,113,116,,,,météo idéale
2009-09-28,32,26,8,22,32,26,5.8,87,9.625,1010,25.125,37,23,26,113,113,353,,,,météo favorable
2009-09-29,31,27,8,24,31,28,1.3,79,9.625,1010,32.125,35,23,27,113,113,116,,,,météo favorable
2009-09-30,29,25,10,22,28,26,5.7,87,9.25,1011,27.375,33,24,25,176,113,176,,,,météo favorable
2009-10-01,29,25,14,24,28,28,2,87,9.625,1012,39.875,33,26,25,116,176,353,,,,météo favorable
2009-10-02,28,26,13,24,28,26,3.6,86,8.875,1013,35.125,33,24,26,176,116,113,,,,météo favorable
2009-10-03,29,27,12,24,29,27,3,81,9.75,1013,30.625,33,23,27,116,113,353,,,,météo favorable
2009-10-04,31,26,10,23,31,27,1.3,79,9.75,1013,24.875,35,23,26,116,113,176,,,,météo favorable
2009-10-05,31,27,11,23,31,27,0.9,78,9.75,1013,19,36,23,27,113,113,176,,,,météo favorable
2009-10-06,30,26,10,23,30,27,5.7,83,9.75,1013,23.625,34,24,26,113,113,353,,,,météo favorable
2009-10-07,29,26,11,22,29,26,4,83,9.5,1012,18.375,33,24,26,113,176,176,,,,météo favorable
2009-10-08,30,26,9,23,30,28,2.4,80,9.625,1012,23,34,24,26,116,116,176,,,,météo favorable
2009-10-09,31,26,10,23,30,28,1.4,77,9.75,1012,18.5,35,24,26,113,113,176,,,,météo favorable
2009-10-10,30,26,8,22,30,28,6.3,81,9.125,1013,14.25,35,24,26,113,113,356,,,,météo favorable
2009-10-11,31,25,9,22,31,25,2.2,86,8.75,1014,18.625,35,23,25,143,113,176,,,,météo favorable
2009-10-12,31,26,9,23,31,27,2,84,8.75,1013,26.625,35,24,26,143,113,353,,,,météo favorable
2009-10-13,31,26,10,23,31,28,0.1,76,10,1013,12.75,35,23,26,113,113,113,,,,météo favorable
2009-10-14,32,26,7,21,32,28,0,72,10,1013,5.75,37,23,26,113,113,113,,,,météo favorable
2009-10-15,32,26,7,21,32,28,0,72,10,1013,7.75,35,23,26,113,113,113,,,,météo favorable
2009-10-16,31,27,7,21,31,27,3.3,80,9.75,1013,20.875,35,23,27,113,113,176,,,,météo favorable
2009-10-17,31,26,9,23,30,29,0.5,74,9.875,1011,23.125,35,24,26,113,113,116,,,,météo favorable
2009-10-18,31,27,9,22,31,28,5.8,80,9.25,1012,13.875,36,24,27,113,113,176,,,,météo favorable
2009-10-19,31,26,9,22,31,28,5.9,82,9.625,1012,23.5,35,25,26,113,113,353,,,,météo favorable
2009-10-20,32,26,9,22,32,28,0.2,78,9.875,1013,14.625,35,23,26,113,113,116,,,,météo favorable
2009-10-21,33,27,6,22,33,28,2.9,79,9.75,1013,15.5,38,24,27,113,113,176,,,,météo favorable
2009-10-22,30,27,7,23,30,27,10.3,86,8.75,1013,28.5,35,25,27,176,176,176,,,,météo correcte
2009-10-23,31,26,4,22,31,27,19.4,87,8.125,1013,32.125,38,26,26,176,176,356,,,,météo très défavorable
2009-10-24,30,27,9,24,30,27,9.7,87,6.125,1012,20.5,35,25,27,143,176,356,,,,météo correcte
2009-10-25,31,26,9,23,31,28,0.6,79,9,1012,18.625,35,24,26,116,113,113,,,,météo favorable
2009-10-26,31,26,5,22,31,26,2.7,87,9.75,1012,22,36,24,26,113,113,176,,,,météo favorable
2009-10-27,30,27,6,25,30,27,3.7,83,9.75,1011,39.875,35,24,27,116,113,353,,,,météo favorable
2009-10-28,31,26,9,22,31,28,0.1,77,10,1012,15.25,35,24,26,113,113,116,,,,météo favorable
2009-10-29,31,27,7,22,31,28,1.6,79,9.75,1011,17.625,36,24,27,113,113,176,,,,météo favorable
2009-10-30,31,27,5,22,31,28,1.3,77,9.875,1012,25.375,36,24,27,113,116,119,,,,météo favorable
2009-10-31,30,26,8,22,30,27,6.1,80,9.5,1011,22.25,34,24,26,113,176,353,,,,météo favorable
2009-11-01,29,25,10,23,28,27,7.3,80,9.125,1011,16,34,24,25,113,113,176,,,,météo favorable
2009-11-02,30,26,9,22,30,27,3.9,80,9.75,1011,22.25,35,24,26,113,113,353,,,,météo favorable
2009-11-03,31,26,9,22,31,28,1,77,9.75,1012,15.875,36,24,26,113,113,113,,,,météo favorable
2009-11-04,31,27,9,22,31,27,1.9,86,9.875,1011,18.625,36,24,27,113,113,353,,,,météo favorable
2009-11-05,31,26,8,22,31,28,2.2,81,10,1010,18.5,36,24,26,113,113,113,,,,météo favorable
2009-11-06,31,27,8,22,31,28,4.4,81,9.625,1010,21.375,36,24,27,113,113,113,,,,météo favorable
2009-11-07,31,26,8,23,31,29,1.2,76,9.75,1009,18.125,35,24,26,113,113,113,,,,météo favorable
2009-11-08,31,27,7,23,31,28,12.2,83,8.5,1010,30.25,38,25,27,176,176,356,,,,météo correcte
2009-11-09,30,27,9,24,30,28,2.3,80,9.625,1009,22,35,24,27,116,113,176,,,,météo favorable
2009-11-10,32,27,8,22,32,28,2.8,82,9.75,1007,23.625,38,24,27,113,113,176,,,,météo favorable
2009-11-11,32,27,7,23,32,28,2.2,83,9.625,1008,26.125,38,25,27,113,113,176,,,,météo favorable
2009-11-12,32,27,7,23,32,29,6.7,85,9.75,1010,16.25,40,26,27,113,113,176,,,,météo correcte
2009-11-13,31,28,9,24,31,28,9,85,9,1010,24,37,25,28,176,113,176,,,,météo correcte
2009-11-14,31,27,7,23,31,28,6.4,82,9.5,1010,17.5,38,26,27,113,113,176,,,,météo favorable
2009-11-15,30,26,6,23,30,28,9,85,9.125,1008,33.5,35,25,26,176,176,353,,,,météo correcte
2009-11-16,31,27,8,24,31,27,6.5,84,9.75,1009,29.625,36,25,27,113,113,386,,,,météo favorable
2009-11-17,31,27,12,22,31,28,1.3,83,9.875,1010,11,36,24,27,113,113,113,,,,météo favorable
2009-11-18,31,27,6,22,31,27,12,89,9.125,1010,20.875,36,25,27,113,113,356,,,,météo correcte
2009-11-19,31,26,3,22,31,26,12.7,90,8.75,1011,37.875,38,26,26,113,176,356,,,,météo correcte
2009-11-20,29,26,6,24,29,26,11.3,90,8.875,1011,50.125,34,24,26,176,176,356,,,,météo correcte
2009-11-21,30,26,4,22,30,28,4.3,83,9.625,1010,28.25,36,25,26,116,116,176,,,,météo favorable
2009-11-22,31,26,9,23,31,29,0,80,10,1010,15.125,37,25,26,113,113,113,,,,météo favorable
2009-11-23,31,27,10,24,31,28,3.7,84,7.875,1011,20.75,37,25,27,143,113,353,,,,météo favorable
2009-11-24,31,27,8,23,31,28,5.5,83,9.375,1010,24.625,36,25,27,113,116,176,,,,météo favorable
2009-11-25,31,27,6,24,31,27,18.4,88,8.75,1010,41,39,26,27,116,176,356,,,,météo très défavorable
2009-11-26,30,27,6,25,30,28,7.7,84,9.375,1011,49.625,36,25,27,119,353,176,,,,météo correcte
2009-11-27,31,27,5,22,31,28,13.9,87,8.5,1012,25.125,38,26,27,116,176,356,,,,météo défavorable
2009-11-28,31,27,6,23,31,28,8,82,8.125,1012,26,38,25,27,143,176,176,,,,météo correcte
2009-11-29,31,27,8,23,31,27,8.6,88,7.75,1011,20.75,39,26,27,143,176,356,,,,météo correcte
2009-11-30,31,27,5,23,31,27,13.5,89,7.75,1011,37.375,39,26,27,116,176,356,,,,météo défavorable
2009-12-01,31,27,3,23,31,28,8.5,85,9,1012,19.75,38,25,27,113,113,356,,,,météo correcte
2009-12-02,31,27,6,22,31,28,6.6,86,9.5,1012,17.375,37,25,27,113,113,353,,,,météo favorable
2009-12-03,31,27,6,22,31,28,12.2,82,8.75,1012,16.375,36,25,27,113,113,356,,,,météo correcte
2009-12-04,26,24,7,22,25,26,14.3,91,9,1012,51.25,30,24,24,353,353,113,,,,météo défavorable
2009-12-05,29,26,7,23,28,28,9.9,86,9.375,1012,23.875,34,25,26,353,353,113,,,,météo correcte
2009-12-06,31,27,9,23,30,28,9.8,82,9.25,1011,13.75,37,25,27,113,113,356,,,,météo correcte
2009-12-07,30,26,8,22,29,28,5.9,84,9.125,1012,19.625,35,25,26,113,176,176,,,,météo favorable
2009-12-08,30,26,5,22,30,27,11.9,87,9,1011,23.375,36,26,26,176,176,176,,,,météo correcte
2009-12-09,32,27,6,22,32,28,6.9,86,9.625,1010,13.875,39,26,27,113,113,176,,,,météo favorable
2009-12-10,32,27,8,23,32,28,0.1,80,8,1010,13,40,25,27,143,113,113,,,,météo correcte
2009-12-11,31,27,7,22,31,28,4.1,85,9.625,1010,7.75,37,25,27,113,113,176,,,,météo favorable
2009-12-12,31,27,5,22,31,28,6.6,85,9.125,1009,16.75,38,26,27,113,176,176,,,,météo favorable
2009-12-13,30,27,3,23,30,28,17.4,88,8.5,1010,37.5,37,26,27,176,353,356,,,,météo très défavorable
2009-12-14,31,27,5,23,31,28,15.6,87,8.75,1010,41.25,39,26,27,113,176,356,,,,météo défavorable
2009-12-15,29,27,8,24,29,27,16.8,91,8.75,1011,49.375,36,26,27,116,353,356,,,,météo très défavorable
2009-12-16,28,26,8,23,28,27,14.9,91,7.875,1012,35.5,34,26,26,176,176,356,,,,météo défavorable
2009-12-17,29,26,9,23,29,27,16.1,92,7.625,1012,34.5,34,25,26,176,176,356,,,,météo très défavorable
2009-12-18,29,26,6,23,29,26,17.9,92,7.75,1012,43.875,36,26,26,143,176,356,,,,météo très défavorable
2009-12-19,28,26,9,23,28,27,17.3,91,8.375,1013,32.125,34,26,26,176,176,356,,,,météo très défavorable
2009-12-20,28,25,11,22,28,26,10.6,90,8.75,1012,25.375,33,25,25,113,176,356,,,,météo correcte
2009-12-21,28,25,13,22,28,26,17.9,92,8.5,1012,37.125,32,25,25,113,356,356,,,,météo très défavorable
2009-12-22,28,26,7,22,28,26,8.9,91,9.5,1012,38.125,33,25,26,116,353,353,,,,météo correcte
2009-12-23,30,26,3,22,30,27,19.1,90,8.5,1011,41,37,26,26,176,176,356,,,,météo très défavorable
2009-12-24,29,25,9,22,29,27,6.8,89,9.5,1011,42.75,36,26,25,116,176,176,,,,météo favorable
2009-12-25,30,26,6,23,30,28,16.4,88,8.5,1010,34.375,38,27,26,176,176,356,,,,météo très défavorable
2009-12-26,30,26,6,22,30,28,5.7,85,9.25,1010,20,37,26,26,113,176,176,,,,météo favorable
2009-12-27,31,26,5,22,31,27,8.9,89,8.25,1010,23,38,25,26,113,113,356,,,,météo correcte
2009-12-28,30,26,6,23,30,26,32.7,94,7.75,1009,63.875,38,27,26,353,353,356,,,,météo très défavorable
2009-12-29,28,26,4,25,27,27,38.5,93,7.875,1009,77.25,33,26,26,308,296,353,,,,météo très défavorable
2009-12-30,28,25,4,24,27,27,12.8,93,9,1009,65.875,33,25,25,353,293,116,,,,météo défavorable
2009-12-31,29,27,8,24,29,27,23.2,92,8.375,1009,56.125,35,26,27,116,353,356,,,,météo très défavorable
2010-01-01,28,24,6,23,26,27,3.1,89,9.625,1008,58.875,33,26,24,176,176,116,,,,météo correcte
2010-01-02,29,26,9,22,29,27,12.5,91,8.625,1009,29.5,35,26,26,353,176,356,,,,météo correcte
2010-01-03,30,27,6,24,30,28,18.9,91,8.5,1010,37.375,38,27,27,353,176,356,,,,météo très défavorable
2010-01-04,31,26,7,23,31,28,15.5,90,7.5,1009,35.125,39,27,26,143,116,356,,,,météo défavorable
2010-01-05,30,26,9,24,30,26,17.4,92,7.625,1008,43.125,37,27,26,143,176,356,,,,météo très défavorable
2010-01-06,28,26,9,24,28,26,27.9,94,8.5,1010,67.875,34,26,26,353,353,356,,,,météo très défavorable
2010-01-07,25,24,7,23,25,25,14.8,96,8.25,1010,67.875,28,24,24,353,296,263,,,,météo défavorable
2010-01-08,28,25,11,23,28,26,12.6,92,8.625,1010,50.875,32,25,25,353,353,356,,,,météo correcte
2010-01-09,27,26,8,24,27,26,14.9,93,8.875,1010,71.375,32,25,26,353,353,356,,,,météo défavorable
2010-01-10,28,26,9,23,27,26,7.2,91,9.125,1010,50.375,32,24,26,353,116,356,,,,météo favorable
2010-01-11,29,25,9,22,29,26,5.8,90,8.75,1010,30.125,34,24,25,116,113,356,,,,météo favorable
2010-01-12,28,26,10,23,28,27,4.3,86,7,1009,26.25,32,24,26,143,176,353,,,,météo favorable
2010-01-13,28,25,13,22,28,27,6.7,85,9.25,1009,27.875,32,24,25,113,176,176,,,,météo favorable
2010-01-14,28,25,13,22,28,26,14.2,90,8.25,1010,55.25,33,25,25,143,353,353,,,,météo défavorable
2010-01-15,27,25,20,24,27,25,27,95,8,1010,79.75,31,25,25,353,353,356,,,,météo très défavorable
2010-01-16,28,26,8,25,28,26,33.2,93,8,1011,77.875,33,25,26,353,353,356,,,,météo très défavorable
2010-01-17,28,25,11,23,28,26,12.1,88,8.125,1011,51.375,33,25,25,143,176,353,,,,météo correcte
2010-01-18,28,25,11,22,28,26,10.9,91,9,1011,46.125,32,25,25,119,176,353,,,,météo correcte
2010-01-19,28,25,12,22,28,26,9.5,88,8.625,1011,30.125,33,25,25,176,176,176,,,,météo correcte
2010-01-20,28,25,10,23,28,26,8.6,88,6.875,1012,37.75,32,25,25,143,176,353,,,,météo correcte
2010-01-21,28,25,10,22,28,26,7,90,9.375,1013,29.875,33,25,25,113,113,353,,,,météo favorable
2010-01-22,28,25,13,23,28,26,19.4,92,7.875,1012,47.125,32,25,25,116,356,356,,,,météo très défavorable
2010-01-23,27,24,9,23,26,27,15.8,93,8.875,1012,57.25,32,26,24,353,353,356,,,,météo défavorable
2010-01-24,28,25,10,22,28,26,22.2,92,8.25,1011,46.75,33,25,25,176,353,356,,,,météo très défavorable
2010-01-25,28,25,8,21,28,26,18,92,6.125,1012,38.75,34,26,25,143,176,356,,,,météo très défavorable
2010-01-26,27,25,7,22,27,25,38.7,95,7.75,1012,73.125,32,25,25,353,353,359,,,,météo très défavorable
2010-01-27,28,24,4,23,28,26,33.4,94,7.875,1012,67,34,26,24,353,353,356,,,,météo très défavorable
2010-01-28,28,25,6,23,27,26,32.8,93,7.75,1011,61,34,26,25,353,353,359,,,,météo très défavorable
2010-01-29,28,24,6,23,28,27,21.3,91,7,1011,49.5,35,26,24,143,353,356,,,,météo très défavorable
2010-01-30,28,26,7,25,27,27,17.7,91,8.125,1011,51.375,34,26,26,176,176,356,,,,météo très défavorable
2010-01-31,29,26,8,24,29,27,31.2,94,7.125,1012,53,36,26,26,176,176,359,,,,météo très défavorable
2010-02-01,26,25,8,25,26,26,50.2,95,6.875,1011,91.125,31,26,25,308,356,302,,,,météo très défavorable
2010-02-02,29,26,7,24,29,26,28.3,93,7.875,1010,73.125,35,26,26,122,353,356,,,,météo très défavorable
2010-02-03,28,25,8,24,27,27,16,93,8.875,1011,56.875,33,26,25,353,353,356,,,,météo très défavorable
2010-02-04,28,25,11,23,28,26,20.5,94,6.375,1011,63.625,33,26,25,143,176,356,,,,météo très défavorable
2010-02-05,28,25,8,22,28,26,23.1,93,5.125,1012,46.25,34,26,25,143,353,356,,,,météo très défavorable
2010-02-06,28,25,8,22,28,26,26.8,92,6,1013,52.875,34,26,25,176,356,356,,,,météo très défavorable
2010-02-07,26,24,6,23,25,26,16.5,94,8.75,1014,65.25,30,25,24,353,302,293,,,,météo très défavorable
2010-02-08,29,25,9,22,29,26,20.7,95,6.625,1014,61.375,34,25,25,263,116,356,,,,météo très défavorable
2010-02-09,28,25,4,23,27,27,10.2,90,9.875,1012,54.5,33,25,25,353,353,353,,,,météo correcte
2010-02-10,29,25,6,23,29,27,7.4,90,9.25,1012,44.875,36,26,25,176,116,353,,,,météo favorable
2010-02-11,28,26,5,24,28,26,12.4,93,8.875,1012,70.25,33,25,26,353,176,353,,,,météo défavorable
2010-02-12,27,23,4,23,24,27,8.8,90,7.125,1013,74,30,24,23,266,266,116,,,,météo défavorable
2010-02-13,27,24,6,23,26,26,4.7,92,8.375,1011,56.625,32,25,24,266,176,176,,,,météo correcte
2010-02-14,26,24,5,22,26,26,20.7,94,8.375,1011,68.125,30,25,24,356,353,293,,,,météo très défavorable
2010-02-15,29,24,4,22,28,28,11.7,90,8.625,1011,49,36,26,24,176,119,176,,,,météo correcte
2010-02-16,31,26,6,22,31,27,11.1,90,8.25,1011,27.125,38,25,26,113,113,356,,,,météo correcte
2010-02-17,29,25,8,22,29,27,14.4,90,8,1011,37.5,35,26,25,176,176,356,,,,météo défavorable
2010-02-18,29,25,4,22,29,26,22.3,94,7.875,1011,59.375,35,26,25,176,176,356,,,,météo très défavorable
2010-02-19,29,25,6,23,27,27,19.1,90,8.875,1012,61.75,34,25,25,356,353,353,,,,météo très défavorable
2010-02-20,30,26,5,22,30,27,17,90,8.5,1011,47,37,26,26,176,353,356,,,,météo très défavorable
2010-02-21,29,25,5,22,29,27,17.2,91,7.5,1012,39.5,36,27,25,143,353,356,,,,météo très défavorable
2010-02-22,28,25,8,22,28,27,18.6,93,8.375,1012,42.25,34,26,25,176,386,356,,,,météo très défavorable
2010-02-23,30,26,3,22,30,28,22.2,90,8.375,1012,35.75,37,27,26,176,353,356,,,,météo très défavorable
2010-02-24,29,26,5,24,29,27,30,93,8,1011,53.375,37,27,26,353,353,356,,,,météo très défavorable
2010-02-25,29,24,7,22,28,27,13.9,92,8.125,1011,55.25,36,26,24,266,116,356,,,,météo défavorable
2010-02-26,29,27,8,25,29,28,17.7,91,7.75,1012,39.75,36,27,27,176,176,356,,,,météo très défavorable
2010-02-27,29,25,8,22,29,28,6.3,90,7,1011,20.25,36,26,25,176,176,176,,,,météo favorable
2010-02-28,29,26,9,23,29,28,11.5,91,6.75,1011,28.125,36,26,26,176,176,356,,,,météo correcte
2010-03-01,29,25,7,23,28,27,16.5,92,7.625,1011,36.125,35,27,25,143,176,356,,,,météo très défavorable
2010-03-02,29,27,6,24,29,27,17.5,94,7.625,1011,51.5,36,26,27,143,176,356,,,,météo très défavorable
2010-03-03,30,25,4,22,30,27,8.3,90,8.125,1012,36.5,37,26,25,143,176,353,,,,météo correcte
2010-03-04,30,26,3,23,30,27,20.5,91,6.875,1011,43.125,37,27,26,143,353,356,,,,météo très défavorable
2010-03-05,29,26,5,25,29,28,16.1,93,6,1011,49.875,37,27,26,143,353,356,,,,météo très défavorable
2010-03-06,28,26,6,25,27,27,6.6,94,9.75,1013,50.375,33,26,26,353,116,353,,,,météo favorable
2010-03-07,28,25,5,23,26,27,6.8,94,8.25,1014,56.25,33,25,25,353,263,116,,,,météo correcte
2010-03-08,30,25,6,23,29,28,6.6,91,9.375,1013,41.25,36,26,25,116,200,353,,,,météo correcte
2010-03-09,29,25,4,23,28,28,5.2,90,8.75,1013,55.125,36,26,25,143,116,353,,,,météo correcte
2010-03-10,29,26,6,22,29,28,4.8,85,8.5,1014,22.375,35,25,26,143,113,176,,,,météo favorable
2010-03-11,30,25,5,21,30,27,11.8,88,8.5,1015,34.125,35,26,25,176,176,356,,,,météo correcte
2010-03-12,29,25,5,22,28,27,16,91,8,1016,29.25,35,26,25,176,356,386,,,,météo très défavorable
2010-03-13,30,25,8,22,29,28,0.7,85,7.375,1014,14.375,36,25,25,143,113,113,,,,météo favorable
2010-03-14,30,25,7,21,30,28,3.2,85,8.625,1013,21.75,36,25,25,143,113,353,,,,météo favorable
2010-03-15,30,25,5,21,30,27,9.1,88,9.25,1012,17.125,36,26,25,116,176,176,,,,météo correcte
2010-03-16,29,25,4,21,29,27,16,91,8.875,1012,55.75,35,26,25,353,353,356,,,,météo très défavorable
2010-03-17,28,25,5,21,28,27,11.9,90,9.125,1013,43.75,34,26,25,353,176,176,,,,météo correcte
2010-03-18,30,26,5,22,30,27,11.3,89,7.375,1013,22,37,26,26,176,176,356,,,,météo correcte
2010-03-19,29,26,6,22,29,27,12,92,8.25,1012,31.875,36,27,26,143,386,353,,,,météo correcte
2010-03-20,31,26,7,22,31,27,4.1,90,7.75,1010,21,37,26,26,143,113,386,,,,météo favorable
2010-03-21,28,25,5,23,27,26,5.9,92,9.25,1010,56.125,33,26,25,176,353,353,,,,météo correcte
2010-03-22,30,25,3,23,29,28,3.3,88,8.625,1009,63.625,36,26,25,116,116,353,,,,météo correcte
2010-03-23,29,26,6,23,29,28,9.3,91,9,1009,34.25,36,26,26,176,386,176,,,,météo correcte
2010-03-24,30,26,6,22,30,27,5,88,8.25,1008,23.25,36,26,26,143,113,176,,,,météo favorable
2010-03-25,31,26,5,22,31,28,9.2,89,9.25,1009,25.75,37,26,26,176,113,176,,,,météo correcte
2010-03-26,29,26,6,22,29,27,9.8,88,8.875,1010,19.5,36,26,26,176,176,386,,,,météo correcte
2010-03-27,30,26,3,21,30,27,14.9,91,8.5,1010,30.5,37,27,26,176,176,356,,,,météo défavorable
2010-03-28,30,26,6,23,30,28,12.7,91,8.875,1011,40.375,37,27,26,116,116,356,,,,météo correcte
2010-03-29,29,26,3,23,29,27,25,92,7.875,1010,59.125,36,27,26,116,356,356,,,,météo très défavorable
2010-03-30,29,26,8,23,29,27,22.1,92,8.125,1012,52.25,36,27,26,356,353,356,,,,météo très défavorable
2010-03-31,27,25,5,24,27,27,6.8,93,8,1011,64,32,25,25,353,263,119,,,,météo correcte
2010-04-01,29,25,4,24,29,27,18.7,92,7.375,1012,59.5,37,27,25,263,386,356,,,,météo très défavorable
2010-04-02,30,27,4,24,30,27,20.5,92,8.875,1011,36.875,38,27,27,113,386,356,,,,météo très défavorable
2010-04-03,29,27,3,25,29,27,19.8,92,8.875,1011,54.375,38,27,27,353,353,356,,,,météo très défavorable
2010-04-04,29,26,5,24,29,26,15.1,92,8.5,1011,52.75,37,27,26,200,386,356,,,,météo défavorable
2010-04-05,30,27,4,25,29,27,17.8,90,8.5,1011,45.625,39,27,27,386,386,356,,,,météo très défavorable
2010-04-06,30,27,3,24,30,27,20.6,91,8.625,1011,44,38,27,27,200,353,356,,,,météo très défavorable
2010-04-07,31,27,3,24,31,27,21.9,92,8.875,1011,40.75,39,28,27,386,386,356,,,,météo très défavorable
2010-04-08,29,25,6,22,28,26,13.9,94,9.125,1012,53.625,35,26,25,353,353,356,,,,météo défavorable
2010-04-09,29,26,6,24,28,27,8.6,91,10,1012,49.125,36,26,26,353,353,386,,,,météo correcte
2010-04-10,30,26,9,23,30,26,11.2,94,9.125,1010,36,36,26,26,116,116,356,,,,météo correcte
2010-04-11,30,26,5,23,30,26,14.5,92,8.875,1010,36.375,38,27,26,116,386,356,,,,météo défavorable
2010-04-12,30,27,5,24,30,27,16.5,92,8.875,1010,37.375,38,27,27,116,386,356,,,,météo très défavorable
2010-04-13,30,27,5,23,30,27,15.5,92,7.625,1011,40.5,38,27,27,143,386,356,,,,météo défavorable
2010-04-14,30,26,8,24,30,26,20,93,7.125,1011,50.125,37,27,26,143,200,356,,,,météo très défavorable
2010-04-15,29,26,4,23,29,26,20,93,8.875,1012,66.75,36,26,26,353,353,356,,,,météo très défavorable
2010-04-16,28,26,4,24,28,26,17.8,94,8.875,1012,68.375,34,26,26,356,353,353,,,,météo très défavorable
2010-04-17,29,26,5,25,29,26,34.1,93,6.75,1011,54.75,36,27,26,356,356,356,,,,météo très défavorable
2010-04-18,29,26,8,24,29,26,20.7,93,7,1011,51.625,36,26,26,143,386,356,,,,météo très défavorable
2010-04-19,28,26,9,25,28,26,28.4,95,6.875,1010,63.5,35,27,26,143,353,356,,,,météo très défavorable
2010-04-20,28,25,8,24,27,27,15.7,94,8.875,1009,78.375,33,26,25,356,353,353,,,,météo défavorable
2010-04-21,28,25,9,24,27,27,18.8,93,8,1010,70.625,33,26,25,389,353,356,,,,météo très défavorable
2010-04-22,28,26,9,24,28,26,18.1,94,7.125,1011,56.75,34,26,26,263,353,356,,,,météo très défavorable
2010-04-23,29,26,8,24,29,26,7.9,93,8.5,1012,34.5,35,26,26,116,386,356,,,,météo correcte
2010-04-24,29,26,8,23,29,26,17.9,93,8.875,1011,43.5,35,26,26,353,386,356,,,,météo très défavorable
2010-04-25,28,26,8,25,28,26,27.8,95,8.25,1012,68.25,34,26,26,353,353,356,,,,météo très défavorable
2010-04-26,27,25,7,24,26,26,15.2,94,9,1013,66.875,31,25,25,353,386,200,,,,météo défavorable
2010-04-27,31,27,8,24,30,27,6.7,90,8.5,1013,43.25,40,27,27,353,116,386,,,,météo correcte
2010-04-28,31,26,9,24,31,26,6.1,92,8.25,1013,21,37,26,26,143,113,356,,,,météo favorable
2010-04-29,30,27,9,23,30,27,1.6,90,9.875,1013,20.25,36,25,27,113,113,386,,,,météo favorable
2010-04-30,30,28,8,23,29,28,5.9,89,7.25,1013,14,38,27,28,143,176,176,,,,météo favorable
2010-05-01,30,27,9,24,29,27,6.6,91,8.375,1012,28.875,37,27,27,113,113,176,,,,météo favorable
2010-05-02,29,27,9,25,29,27,12.5,92,9.125,1011,42.375,37,27,27,386,386,353,,,,météo correcte
2010-05-03,29,27,10,24,29,27,7.1,91,10,1011,54.375,37,27,27,353,113,353,,,,météo favorable
2010-05-04,26,25,15,24,26,25,16.5,95,7.125,1010,66.875,30,25,25,263,296,293,,,,météo très défavorable
2010-05-05,29,27,9,23,29,27,7.5,92,8.875,1009,42.5,36,27,27,116,386,356,,,,météo correcte
2010-05-06,30,27,9,24,30,27,10.9,93,6.375,1009,36.5,38,27,27,143,113,356,,,,météo correcte
2010-05-07,29,27,9,25,29,27,4.9,93,8.5,1009,48.25,35,26,27,143,200,353,,,,météo correcte
2010-05-08,30,27,9,24,30,27,6.2,93,9.125,1007,59.625,37,27,27,116,200,353,,,,météo correcte
2010-05-09,29,27,9,25,29,27,11.9,92,9.125,1007,43.625,37,27,27,386,200,356,,,,météo correcte
2010-05-10,30,27,7,24,30,27,10.7,94,9.125,1008,50.25,38,27,27,353,353,353,,,,météo correcte
2010-05-11,29,28,7,25,29,28,8.5,92,8.625,1008,53,37,27,28,143,386,353,,,,météo correcte
2010-05-12,29,27,5,25,28,27,4.4,93,9.125,1009,50.625,35,26,27,353,200,200,,,,météo correcte
2010-05-13,30,26,9,23,30,27,13.9,94,7.625,1009,54.25,37,27,26,200,386,356,,,,météo défavorable
2010-05-14,29,27,6,26,29,27,10.1,94,9.625,1008,48.125,36,27,27,386,386,353,,,,météo correcte
2010-05-15,29,27,10,25,29,27,14.5,93,8.875,1007,43.125,36,27,27,386,386,356,,,,météo défavorable
2010-05-16,27,24,10,25,27,24,11,94,6.875,1009,71.25,32,25,24,356,263,263,,,,météo défavorable
2010-05-17,26,23,3,22,25,26,32.2,95,6.5,1010,92.75,31,25,23,302,302,296,,,,météo très défavorable
2010-05-18,30,27,3,24,29,27,4.2,91,9.25,1010,56.5,37,27,27,116,200,353,,,,météo correcte
2010-05-19,30,27,5,24,30,27,8.4,93,8.5,1011,37.125,39,27,27,176,386,353,,,,météo correcte
2010-05-20,31,28,5,23,31,28,16.9,93,8.125,1011,39,41,28,28,116,386,356,,,,météo très défavorable
2010-05-21,27,25,6,24,26,27,61.5,95,7.125,1012,72.75,33,26,25,389,389,353,,,,météo très défavorable
2010-05-22,29,27,7,24,29,27,8.6,92,10,1011,34.625,37,27,27,386,386,353,,,,météo correcte
2010-05-23,29,26,6,24,29,26,12.5,94,8.625,1010,49.25,36,27,26,176,386,356,,,,météo correcte
2010-05-24,29,26,4,25,27,27,13,94,8.875,1011,57,35,26,26,353,356,386,,,,météo défavorable
2010-05-25,29,26,6,24,29,26,11.3,93,9.125,1011,43.25,35,27,26,116,353,353,,,,météo correcte
2010-05-26,29,26,8,24,29,26,11.6,94,9.375,1011,41.375,35,26,26,386,353,353,,,,météo correcte
2010-05-27,29,26,6,24,29,26,12.2,94,8.375,1012,47.25,36,27,26,116,386,356,,,,météo correcte
2010-05-28,28,26,10,24,28,26,3,92,7,1013,46.25,34,25,26,143,353,353,,,,météo correcte
2010-05-29,30,26,8,23,30,26,4.1,91,9,1012,40,37,27,26,116,113,353,,,,météo favorable
2010-05-30,29,27,9,25,29,27,8.5,92,6.375,1012,35.875,36,27,27,143,386,353,,,,météo correcte
2010-05-31,29,26,8,24,29,26,7.8,92,7.875,1011,33,35,26,26,143,386,353,,,,météo correcte
2010-06-01,29,25,7,23,28,27,3.7,91,6.75,1011,19,36,26,25,143,113,176,,,,météo favorable
2010-06-02,30,26,8,23,30,28,4.2,90,8,1012,16.375,36,26,26,143,113,176,,,,météo favorable
2010-06-03,29,26,6,23,29,27,7.1,91,9,1013,28.125,36,26,26,116,386,386,,,,météo correcte
2010-06-04,28,25,10,23,28,26,9.8,94,6.625,1012,43.75,34,26,25,143,353,353,,,,météo correcte
2010-06-05,29,25,9,22,29,26,4,91,9.25,1011,24.625,34,25,25,113,113,353,,,,météo favorable
2010-06-06,29,25,10,22,29,27,0.1,86,8,1011,36.375,33,24,25,143,116,116,,,,météo favorable
2010-06-07,29,27,11,25,29,27,9.8,91,8.875,1011,35.875,35,25,27,116,113,356,,,,météo correcte
2010-06-08,29,25,9,22,28,27,3.5,89,7,1011,26.875,34,25,25,143,176,386,,,,météo favorable
2010-06-09,29,26,8,22,29,27,6.9,90,8.375,1011,42.5,35,26,26,176,116,386,,,,météo favorable
2010-06-10,29,26,7,23,29,27,6.6,92,9.5,1012,45.875,35,26,26,116,116,353,,,,météo favorable
2010-06-11,30,26,9,23,29,28,7.4,90,6.25,1012,16,36,26,26,143,113,356,,,,météo favorable
2010-06-12,29,25,9,23,29,26,4.3,91,7,1011,26.25,34,25,25,143,113,176,,,,météo favorable
2010-06-13,28,25,9,23,28,27,8.9,91,8,1012,40.625,34,26,25,176,119,353,,,,météo correcte
2010-06-14,29,25,8,22,29,26,10.2,93,6,1012,38,34,26,25,143,176,356,,,,météo correcte
2010-06-15,29,26,8,22,29,27,5.4,90,6.75,1011,29.125,35,26,26,143,113,176,,,,météo favorable
2010-06-16,30,26,10,23,30,27,3.8,90,7,1011,26.375,35,25,26,143,113,353,,,,météo favorable
2010-06-17,29,26,12,23,29,27,1.5,88,7.75,1012,24,34,25,26,143,113,176,,,,météo idéale
2010-06-18,29,25,12,23,29,25,0,85,8.375,1013,17,33,24,25,116,113,113,,,,météo idéale
2010-06-19,28,25,12,22,27,25,0.1,85,10,1013,11.125,31,23,25,113,113,113,,,,météo idéale
2010-06-20,28,23,12,22,27,25,0,83,10,1013,5.375,30,22,23,113,113,113,,,,météo idéale
2010-06-21,28,24,11,22,27,26,0,83,10,1013,6.625,32,23,24,113,113,113,,,,météo idéale
2010-06-22,28,25,14,25,27,25,0.2,84,10,1012,18.125,32,23,25,116,113,113,,,,météo idéale
2010-06-23,28,23,10,22,26,26,1.7,88,9.5,1012,39.375,32,24,23,116,176,176,,,,météo favorable
2010-06-24,28,26,17,24,28,26,0.5,84,9.75,1012,27.625,32,23,26,116,113,113,,,,météo idéale
2010-06-25,28,26,13,24,28,26,1,87,9.5,1010,22.75,32,24,26,116,113,176,,,,météo idéale
2010-06-26,28,25,14,23,28,27,1.2,91,8.25,1011,32.75,33,26,25,116,113,353,,,,météo favorable
2010-06-27,27,25,9,23,27,25,6.3,91,9.5,1011,37.625,31,24,25,353,386,353,,,,météo correcte
2010-06-28,28,24,13,22,28,24,0,82,9.375,1010,25.25,30,22,24,113,113,113,,,,météo idéale
2010-06-29,28,23,12,21,26,25,0,83,10,1011,17.75,31,22,23,116,113,113,,,,météo idéale
2010-06-30,29,24,9,22,28,26,5,90,9.125,1011,18.125,35,25,24,113,113,176,,,,météo favorable
2010-07-01,28,25,9,22,28,26,7.4,89,7.5,1011,29.875,33,25,25,113,113,113,,,,météo favorable
2010-07-02,28,26,10,23,28,26,10.2,91,6.5,1010,44.75,33,25,26,143,353,356,,,,météo correcte
2010-07-03,29,25,7,22,29,27,19.8,93,5.625,1011,40.25,34,26,25,143,176,356,,,,météo très défavorable
2010-07-04,30,25,6,22,30,27,17.6,91,8.375,1012,35.875,36,27,25,176,113,356,,,,météo très défavorable
2010-07-05,28,25,5,22,28,27,10.1,90,9.375,1011,47.875,34,26,25,353,353,353,,,,météo correcte
2010-07-06,28,25,5,21,28,26,13.2,91,8.75,1011,37,34,26,25,176,176,353,,,,météo défavorable
2010-07-07,29,25,6,21,29,27,8.7,89,9,1011,28.75,35,25,25,176,113,176,,,,météo correcte
2010-07-08,29,25,6,22,29,27,6.2,91,9.625,1011,18.25,35,26,25,113,113,176,,,,météo favorable
2010-07-09,29,25,6,21,29,26,18.6,92,8.25,1012,36.625,36,26,25,176,176,356,,,,météo très défavorable
2010-07-10,28,25,6,23,28,26,8.2,91,6.25,1012,36.875,33,25,25,263,116,356,,,,météo correcte
2010-07-11,27,25,8,23,27,27,5.1,93,7.875,1012,42.25,32,25,25,353,353,176,,,,météo correcte
2010-07-12,27,25,9,23,27,26,5.5,91,6.5,1011,32.75,32,25,25,143,353,176,,,,météo correcte
2010-07-13,28,24,10,22,28,26,1,87,7.125,1011,13.5,32,23,24,143,113,176,,,,météo idéale
2010-07-14,28,25,14,22,28,26,0,83,10,1011,19.875,32,23,25,116,113,113,,,,météo idéale
2010-07-15,29,25,12,22,28,26,0.6,86,9.875,1009,30.125,33,24,25,119,113,176,,,,météo favorable
2010-07-16,29,26,12,22,29,26,1.2,90,9.625,1009,22.875,33,24,26,116,113,176,,,,météo idéale
2010-07-17,28,26,13,23,28,26,2.6,87,8.625,1011,26.375,33,25,26,143,113,176,,,,météo idéale
2010-07-18,28,25,13,23,28,26,0,83,10,1012,12.5,32,23,25,113,113,113,,,,météo idéale
2010-07-19,28,25,15,22,28,26,0,83,10,1012,16.75,32,23,25,116,113,113,,,,météo idéale
2010-07-20,29,26,13,22,28,27,0,84,9,1012,13.375,33,24,26,113,113,113,,,,météo idéale
2010-07-21,29,25,14,23,28,27,0,82,10,1012,11.875,32,23,25,113,113,113,,,,météo idéale
2010-07-22,28,25,13,22,28,26,0.2,84,10,1012,17.25,31,23,25,113,113,116,,,,météo idéale
2010-07-23,27,25,15,23,27,25,0,81,10,1012,11.875,30,22,25,113,113,113,,,,météo idéale
2010-07-24,28,25,15,22,27,26,1.4,90,9.875,1011,28.75,31,24,25,113,113,176,,,,météo idéale
2010-07-25,27,23,8,22,25,26,8.5,94,9.125,1010,42,31,25,23,353,293,176,,,,météo correcte
2010-07-26,27,25,8,25,27,25,16.1,95,8.125,1010,51.625,32,25,25,116,176,356,,,,météo très défavorable
2010-07-27,28,25,9,23,27,26,8,93,9.375,1011,53.75,34,26,25,353,176,353,,,,météo correcte
2010-07-28,25,23,9,23,25,24,11,94,9.375,1011,49.625,28,24,23,353,293,353,,,,météo correcte
2010-07-29,31,26,10,23,31,28,4.5,84,9.375,1012,24.375,39,26,26,116,113,176,,,,météo favorable
2010-07-30,30,26,13,24,30,27,0.2,85,10,1012,24.125,36,25,26,116,113,113,,,,météo favorable
2010-07-31,30,26,13,23,29,27,0,82,10,1013,14,35,24,26,116,113,113,,,,météo favorable
2010-08-01,29,25,16,24,28,28,0,81,10,1013,10.625,33,25,25,113,113,113,,,,météo idéale
2010-08-02,31,26,15,23,30,28,0.7,84,9.875,1012,25.125,39,26,26,116,113,113,,,,météo favorable
2010-08-03,29,26,15,24,28,28,10.7,84,8.5,1011,25.25,34,25,26,116,176,356,,,,météo correcte
2010-08-04,29,26,17,25,28,28,0,83,10,1011,19.25,33,25,26,116,113,113,,,,météo idéale
2010-08-05,30,25,13,23,30,27,0.4,84,10,1012,18.75,36,25,25,116,113,113,,,,météo favorable
2010-08-06,30,25,14,22,29,27,0,80,10,1013,12.625,34,24,25,113,113,113,,,,météo idéale
2010-08-07,31,25,10,21,31,28,0,80,10,1012,14,38,25,25,113,113,113,,,,météo favorable
2010-08-08,29,25,8,23,29,27,0.1,83,10,1012,32.75,35,25,25,113,116,113,,,,météo favorable
2010-08-09,30,26,10,24,30,26,0.5,82,9.875,1011,34.25,35,25,26,116,116,116,,,,météo favorable
2010-08-10,30,25,13,23,30,27,0,78,10,1012,16.125,34,23,25,116,113,113,,,,météo idéale
2010-08-11,30,26,11,23,30,27,0,82,10,1012,7,35,24,26,113,113,113,,,,météo favorable
2010-08-12,31,26,8,22,30,28,0.2,83,10,1013,12.125,38,26,26,113,113,113,,,,météo favorable
2010-08-13,31,26,8,22,31,28,0,82,10,1012,22.75,37,25,26,113,113,116,,,,météo favorable
2010-08-14,30,27,8,24,30,28,0.4,84,9.75,1011,32.875,37,26,27,116,113,176,,,,météo favorable
2010-08-15,31,26,12,24,30,28,0,76,10,1012,8.5,36,24,26,113,113,113,,,,météo favorable
2010-08-16,31,25,8,22,30,27,0,77,10,1012,6.125,36,24,25,113,113,113,,,,météo favorable
2010-08-17,30,26,10,23,30,27,0,79,10,1011,12,36,24,26,113,113,113,,,,météo favorable
2010-08-18,31,26,12,24,30,28,0,81,10,1011,18.25,37,25,26,116,113,113,,,,météo favorable
2010-08-19,29,26,15,24,29,27,0,83,10,1011,20.375,35,24,26,116,113,113,,,,météo favorable
2010-08-20,31,27,14,24,30,28,0,81,10,1011,27.125,37,25,27,116,113,116,,,,météo favorable
2010-08-21,30,27,11,24,30,28,3.5,84,9.875,1011,32.875,38,26,27,116,113,353,,,,météo favorable
2010-08-22,30,26,12,24,30,27,3,84,9.625,1010,27,37,26,26,116,113,176,,,,météo favorable
2010-08-23,30,27,10,25,30,27,10.1,84,9,1010,31.875,36,25,27,116,116,356,,,,météo correcte
2010-08-24,31,27,7,23,31,28,0.5,84,9.875,1011,27.125,39,26,27,113,113,176,,,,météo favorable
2010-08-25,30,26,9,22,30,28,2.6,84,9,1012,34.25,37,25,26,116,116,176,,,,météo favorable
2010-08-26,30,26,7,23,30,28,0.5,83,9.875,1012,22.75,37,26,26,113,113,116,,,,météo favorable
2010-08-27,32,26,10,23,31,28,0,82,10,1012,11.875,40,26,26,116,113,113,,,,météo correcte
2010-08-28,31,26,8,22,31,28,0.2,83,10,1012,24.25,37,25,26,113,113,116,,,,météo favorable
2010-08-29,31,27,8,23,31,28,2,83,9.75,1012,30.625,37,26,27,116,113,176,,,,météo favorable
2010-08-30,31,26,7,23,31,28,0.8,82,9.875,1012,25.5,37,25,26,116,113,113,,,,météo favorable
2010-08-31,31,26,10,22,31,27,2.6,82,9.75,1011,16.625,36,25,26,113,113,113,,,,météo favorable
2010-09-01,31,25,8,22,29,28,0.2,84,10,1011,19.125,36,24,25,116,113,113,,,,météo favorable
2010-09-02,32,26,11,23,31,27,0,78,10,1012,6.125,39,25,26,113,113,113,,,,météo favorable
2010-09-03,30,26,16,24,30,27,0,82,10,1012,18.625,36,25,26,116,113,113,,,,météo favorable
2010-09-04,30,27,13,25,29,29,1,85,10,1011,43.125,35,26,27,116,116,353,,,,météo favorable
2010-09-05,30,27,12,25,30,27,2.3,84,10,1012,42.25,37,25,27,116,113,353,,,,météo favorable
2010-09-06,32,28,9,25,32,28,5.5,82,9.375,1011,30.375,41,27,28,116,113,176,,,,météo correcte
2010-09-07,31,27,9,23,31,28,6.5,82,9.125,1011,25.125,39,26,27,116,176,176,,,,météo favorable
2010-09-08,31,28,7,25,31,28,4.3,82,9.625,1011,27.25,39,26,28,113,113,176,,,,météo favorable
2010-09-09,31,26,8,23,31,28,12.3,81,9,1012,47.75,39,26,26,176,176,356,,,,météo correcte
2010-09-10,31,27,8,23,31,28,4.9,83,9.375,1010,36.75,39,26,27,176,113,176,,,,météo favorable
2010-09-11,31,26,11,22,31,27,19.2,85,7.875,1011,22.125,38,26,26,116,113,359,,,,météo très défavorable
2010-09-12,31,26,6,22,31,28,4.9,83,9.375,1011,30.875,38,26,26,116,176,116,,,,météo favorable
2010-09-13,31,26,7,23,31,27,0.9,81,9.75,1011,26.5,37,25,26,116,113,176,,,,météo favorable
2010-09-14,31,26,7,23,31,28,1.9,81,9.625,1011,22.625,38,26,26,113,116,113,,,,météo favorable
2010-09-15,32,27,5,23,32,28,13,85,9.125,1010,17,40,26,27,113,113,356,,,,météo défavorable
2010-09-16,32,27,6,23,31,29,3.5,82,9,1010,18.25,40,26,27,176,176,176,,,,météo correcte
2010-09-17,31,27,6,23,31,28,5.3,83,9.625,1010,20.625,39,26,27,113,113,176,,,,météo favorable
2010-09-18,31,27,8,24,31,27,21.8,85,7.75,1010,23.375,39,26,27,116,176,359,,,,météo très défavorable
2010-09-19,32,27,12,24,31,28,0.2,84,10,1010,30,40,27,27,116,113,116,,,,météo correcte
2010-09-20,30,27,10,24,30,27,10.6,86,9.125,1010,29.625,38,26,27,116,116,356,,,,météo correcte
2010-09-21,32,27,9,24,32,28,5.9,85,9.375,1010,22.25,41,27,27,116,113,176,,,,météo correcte
2010-09-22,31,27,6,22,31,28,12.7,84,9.125,1010,38.625,40,27,27,176,176,353,,,,météo correcte
2010-09-23,31,27,8,23,31,28,29.2,87,7.625,1010,29.125,38,26,27,176,113,359,,,,météo très défavorable
2010-09-24,30,27,14,24,30,27,30.1,84,7.625,1010,39.125,38,26,27,113,176,359,,,,météo très défavorable
2010-09-25,31,26,11,23,31,28,22.9,89,8.375,1011,27.5,39,27,26,176,176,356,,,,météo très défavorable
2010-09-26,31,27,12,24,31,29,0.2,85,10,1011,19.125,40,27,27,113,113,113,,,,météo correcte
2010-09-27,31,27,5,24,31,29,0.6,82,9.875,1011,15.25,39,26,27,113,113,113,,,,météo favorable
2010-09-28,32,27,11,24,32,29,0.2,83,10,1010,13.125,41,27,27,116,113,113,,,,météo correcte
2010-09-29,32,28,9,25,32,28,5.1,85,9.75,1010,16.375,40,27,28,116,113,176,,,,météo correcte
2010-09-30,31,27,8,23,31,29,6.8,83,9.5,1009,13.875,40,26,27,113,176,386,,,,météo correcte
2010-10-01,32,27,10,23,31,29,1.1,80,9.875,1008,8.5,40,26,27,113,113,113,,,,météo correcte
2010-10-02,31,27,9,23,31,28,14.5,86,8.625,1008,22.5,39,27,27,176,176,356,,,,météo défavorable
2010-10-03,31,27,9,24,31,29,6.8,84,9.5,1009,20,39,26,27,113,113,113,,,,météo favorable
2010-10-04,31,27,10,24,30,30,0.9,84,9.875,1009,21.625,39,27,27,113,113,113,,,,météo favorable
2010-10-05,32,28,8,25,32,29,0.7,85,9.875,1010,27.125,40,27,28,116,113,176,,,,météo correcte
2010-10-06,32,28,9,26,31,29,0.4,83,10,1010,18.375,40,26,28,116,113,113,,,,météo correcte
2010-10-07,31,27,10,24,31,27,2.9,83,9.5,1010,15,38,26,27,176,113,176,,,,météo favorable
2010-10-08,26,25,9,24,25,26,7.1,89,7.5,1011,55.25,29,24,25,353,302,263,,,,météo correcte
2010-10-09,29,25,4,22,29,25,3.8,80,9.625,1011,40.75,34,24,25,116,116,176,,,,météo favorable
2010-10-10,30,26,5,23,30,27,11.6,84,9,1010,38.625,36,26,26,116,176,356,,,,météo correcte
2010-10-11,30,27,6,24,30,27,15.8,83,8.375,1011,37.625,37,26,27,353,176,356,,,,météo défavorable
2010-10-12,31,27,9,23,31,28,7.4,81,9.125,1011,24.625,38,26,27,116,176,176,,,,météo favorable
2010-10-13,31,26,8,22,30,28,0.6,86,9.75,1011,24.375,40,27,26,113,113,176,,,,météo correcte
2010-10-14,33,27,8,22,33,30,3.2,85,9.625,1010,18.875,43,27,27,113,113,356,,,,météo correcte
2010-10-15,32,28,6,24,32,28,0.8,82,9.75,1010,19.625,41,27,28,113,113,176,,,,météo correcte
2010-10-16,31,27,10,24,30,29,8.2,83,8.75,1010,20.375,38,26,27,176,113,356,,,,météo correcte
2010-10-17,32,28,10,25,32,30,3.7,80,9.375,1010,16.125,41,27,28,176,113,113,,,,météo correcte
2010-10-18,31,27,11,25,30,30,0,79,10,1011,15.875,38,26,27,113,113,113,,,,météo favorable
2010-10-19,33,28,9,25,33,28,0.4,80,9.875,1011,19.75,42,27,28,113,113,176,,,,météo correcte
2010-10-20,31,27,10,24,31,27,7.2,79,9.375,1011,29.125,38,25,27,113,116,356,,,,météo favorable
2010-10-21,31,27,8,24,31,28,2.4,77,9.5,1010,23.875,37,25,27,116,113,176,,,,météo favorable
2010-10-22,31,26,13,24,31,26,7.5,82,9.375,1009,21.875,39,25,26,113,113,356,,,,météo favorable
2010-10-23,31,27,9,24,30,28,4.8,82,9.25,1009,29,38,26,27,176,116,356,,,,météo favorable
2010-10-24,31,28,10,24,31,28,5.8,80,9.125,1009,23,39,26,28,176,176,176,,,,météo favorable
2010-10-25,31,26,8,23,31,26,3.8,81,9.875,1009,10,39,26,26,113,113,386,,,,météo favorable
2010-10-26,29,26,10,24,29,26,21.8,81,8.375,1010,22.625,37,26,26,113,356,356,,,,météo très défavorable
2010-10-27,30,26,7,24,30,26,4.7,82,9.375,1010,17.375,37,25,26,176,176,176,,,,météo favorable
2010-10-28,30,27,8,23,30,28,0.7,82,9.875,1010,15.125,38,26,27,113,113,176,,,,météo favorable
2010-10-29,32,28,5,24,32,28,3.1,83,9.5,1010,25.5,40,27,28,176,113,176,,,,météo correcte
2010-10-30,31,27,6,24,30,28,4.5,83,9.5,1010,22.125,39,26,27,176,113,176,,,,météo favorable
2010-10-31,32,27,8,25,31,30,6.8,81,9.5,1009,34.625,42,27,27,116,176,353,,,,météo correcte
2010-11-01,30,27,10,25,29,29,10.7,81,8.875,1008,46,36,26,27,119,356,356,,,,météo correcte
2010-11-02,31,27,9,24,31,29,8.7,84,9.5,1008,34.125,40,27,27,116,116,356,,,,météo correcte
2010-11-03,30,27,8,24,30,29,30.3,85,7.125,1009,33.125,38,27,27,113,176,359,,,,météo très défavorable
2010-11-04,28,25,8,24,27,27,30,90,7.75,1010,36.25,32,25,25,359,113,176,,,,météo très défavorable
2010-11-05,31,26,5,23,30,29,6.3,81,9.625,1009,45,38,26,26,116,116,353,,,,météo favorable
2010-11-06,30,27,7,24,30,28,12.9,88,8.625,1010,55.375,37,26,27,119,353,356,,,,météo correcte
2010-11-07,29,25,9,23,29,25,19.9,85,8.125,1010,31.5,35,25,25,176,356,356,,,,météo très défavorable
2010-11-08,31,26,9,23,31,26,18.5,85,8.125,1010,35.5,39,26,26,176,356,356,,,,météo très défavorable
2010-11-09,31,27,6,23,31,28,2.6,82,9.5,1012,17.125,39,27,27,113,113,176,,,,météo favorable
2010-11-10,30,26,8,23,30,26,2.1,81,9.75,1011,12.875,37,25,26,176,113,113,,,,météo favorable
2010-11-11,32,27,8,22,32,29,1.3,81,10,1011,11.5,41,26,27,113,113,113,,,,météo correcte
2010-11-12,32,26,6,22,30,28,1.6,82,9.75,1010,25,41,27,26,113,113,176,,,,météo correcte
2010-11-13,32,27,8,24,32,27,0.3,82,9.875,1010,29.5,40,26,27,116,113,176,,,,météo correcte
2010-11-14,31,27,6,22,31,28,2.8,81,9.75,1012,16.125,39,26,27,176,113,176,,,,météo favorable
2010-11-15,33,28,5,23,33,30,0.2,78,10,1011,5.125,43,27,28,113,113,113,,,,météo correcte
2010-11-16,33,28,4,24,32,29,0.2,79,10,1010,8.75,43,27,28,113,113,113,,,,météo correcte
2010-11-17,32,27,9,24,31,28,0.5,77,10,1010,10,42,27,27,113,113,113,,,,météo correcte
2010-11-18,33,28,10,24,32,29,0.2,79,10,1011,11.25,42,27,28,113,113,113,,,,météo correcte
2010-11-19,33,28,9,25,32,29,1.3,79,9.875,1010,12,44,27,28,113,176,113,,,,météo défavorable
2010-11-20,32,28,6,24,32,29,0.4,80,9.875,1009,10,42,27,28,113,113,176,,,,météo correcte
2010-11-21,32,28,10,25,31,28,10.4,79,9.25,1008,20.625,40,26,28,113,176,356,,,,météo correcte
2010-11-22,31,27,7,23,30,28,8.7,81,9.25,1008,24.125,38,26,27,116,116,356,,,,météo correcte
2010-11-23,31,27,5,24,31,28,5.4,81,9.125,1008,20,39,26,27,113,176,356,,,,météo favorable
2010-11-24,31,27,10,24,29,29,10.4,84,8.875,1009,32.875,40,27,27,116,116,356,,,,météo correcte
2010-11-25,32,28,5,25,32,29,5.3,82,9.375,1009,18.875,43,28,28,176,113,176,,,,météo correcte
2010-11-26,32,28,8,25,32,29,4.4,81,9.25,1008,25.5,40,26,28,116,176,356,,,,météo correcte
2010-11-27,31,27,8,25,31,30,2,83,10,1009,21.25,40,27,27,113,113,353,,,,météo correcte
2010-11-28,32,29,6,26,32,29,3,79,9.625,1009,24.375,41,27,29,116,176,176,,,,météo correcte
2010-11-29,31,28,6,25,31,29,1.6,79,9.75,1008,20,39,26,28,113,113,176,,,,météo favorable
2010-11-30,32,28,7,25,31,29,1.1,79,9.75,1006,24.5,40,26,28,113,113,176,,,,météo correcte
2010-12-01,31,27,5,25,31,29,15.1,82,9,1007,35.5,38,26,27,113,113,176,,,,météo défavorable
2010-12-02,31,28,6,25,31,28,25.5,86,8.25,1007,34,39,26,28,116,116,356,,,,météo très défavorable
2010-12-03,31,27,4,24,30,28,2.8,86,9.75,1007,61.5,39,27,27,119,176,353,,,,météo correcte
2010-12-04,32,28,5,25,32,28,38.7,86,7.125,1007,38,42,27,28,299,176,356,,,,météo très défavorable
2010-12-05,31,27,7,24,31,28,20.5,84,7.625,1006,33.25,39,26,27,176,113,359,,,,météo très défavorable
2010-12-06,31,27,9,23,31,29,16.9,84,8.625,1006,31.125,39,27,27,113,176,176,,,,météo très défavorable
2010-12-07,31,27,6,23,31,29,17.7,83,8.5,1007,35.75,40,27,27,176,353,356,,,,météo très défavorable
2010-12-08,32,28,6,24,32,28,9.8,82,9,1007,36.625,41,27,28,176,176,353,,,,météo correcte
2010-12-09,30,27,8,24,30,27,14.1,88,8.5,1008,28.25,37,26,27,116,356,176,,,,météo défavorable
2010-12-10,30,27,5,23,30,28,9,88,9.125,1007,48.625,37,26,27,353,353,353,,,,météo correcte
2010-12-11,28,26,14,24,28,28,8,89,8,1007,54.625,34,26,26,116,353,263,,,,météo correcte
2010-12-12,28,26,16,24,27,27,13.5,89,9.375,1007,65.125,32,25,26,296,353,353,,,,météo défavorable
2010-12-13,28,26,16,24,28,28,5,87,9.875,1008,44.75,33,25,26,113,116,353,,,,météo favorable
2010-12-14,30,26,15,24,30,26,3,86,9.75,1008,54,36,25,26,116,176,353,,,,météo favorable
2010-12-15,30,27,17,24,30,27,4.8,85,10,1008,45.375,36,26,27,116,116,353,,,,météo favorable
2010-12-16,29,27,16,26,28,28,14.2,87,9.125,1006,49.5,35,26,27,356,176,353,,,,météo défavorable
2010-12-17,28,26,15,25,27,27,13,90,8.375,1006,60.5,33,25,26,263,353,353,,,,météo défavorable
2010-12-18,28,25,11,24,27,27,13,88,7.875,1008,56.25,33,25,25,263,353,263,,,,météo défavorable
2010-12-19,28,25,8,22,28,28,7.1,87,8.375,1009,56.5,34,25,25,116,119,353,,,,météo correcte
2010-12-20,30,26,11,23,30,28,3.6,81,9.625,1008,45.5,36,26,26,176,116,176,,,,météo favorable
2010-12-21,31,27,5,23,31,28,18.5,82,8.25,1008,41.875,39,26,27,116,176,356,,,,météo très défavorable
2010-12-22,31,27,6,24,31,27,25.3,83,8.25,1007,56.75,37,25,27,116,176,356,,,,météo très défavorable
2010-12-23,31,27,7,24,31,27,20.1,81,8.25,1007,45.125,37,25,27,176,353,356,,,,météo très défavorable
2010-12-24,31,27,8,24,31,27,1.9,81,9.75,1007,48.375,37,25,27,119,116,176,,,,météo favorable
2010-12-25,30,26,12,23,30,27,3.7,81,9.625,1006,18.25,35,24,26,113,113,176,,,,météo favorable
2010-12-26,30,27,11,23,30,27,17.3,83,8.25,1006,22.625,36,25,27,113,116,356,,,,météo très défavorable
2010-12-27,31,27,10,24,31,28,21.8,81,8.25,1007,35.25,37,25,27,176,356,353,,,,météo très défavorable
2010-12-28,28,25,9,24,27,27,20.9,82,9,1007,46.875,32,24,25,176,353,353,,,,météo très défavorable
2010-12-29,30,26,9,23,30,26,10.7,87,9.125,1007,51.875,36,25,26,116,353,293,,,,météo correcte
2010-12-30,30,26,9,23,30,27,13.6,86,7.625,1008,48.125,36,25,26,263,116,356,,,,météo défavorable
2010-12-31,29,26,18,25,29,29,7.2,88,9.125,1006,46.875,35,26,26,116,176,353,,,,météo favorable
2011-01-01,29,26,13,24,29,27,14.1,87,9,1007,47,35,25,26,113,116,176,,,,météo défavorable
2011-01-02,28,26,14,24,28,28,4.5,87,9.625,1007,35.875,34,25,26,116,116,176,,,,météo favorable
2011-01-03,32,27,5,23,32,28,20.5,83,8.75,1008,30,40,27,27,113,116,356,,,,météo très défavorable
2011-01-04,29,25,15,23,28,28,10,85,9,1007,28,35,26,25,176,113,176,,,,météo correcte
2011-01-05,30,27,14,23,30,27,1.1,87,9.75,1007,39.625,36,26,27,116,116,176,,,,météo favorable
2011-01-06,29,26,13,25,28,29,3.9,86,9.75,1007,38.5,35,26,26,116,176,353,,,,météo favorable
2011-01-07,28,26,9,24,27,27,16.8,86,9,1008,59.625,33,25,26,353,356,353,,,,météo très défavorable
2011-01-08,29,25,12,24,28,26,11.1,82,9,1006,36.75,33,24,25,116,176,356,,,,météo correcte
2011-01-09,29,26,18,25,28,28,11,85,8.75,1006,40.125,34,25,26,176,176,356,,,,météo correcte
2011-01-10,29,26,13,23,29,29,11.1,84,8.625,1006,31.875,35,26,26,116,176,356,,,,météo correcte
2011-01-11,28,26,20,24,28,28,13.1,87,9.125,1004,45.875,34,26,26,116,356,353,,,,météo défavorable
2011-01-12,28,27,28,26,28,28,6.2,85,10,1005,63.25,33,25,27,119,353,119,,,,météo correcte
2011-01-13,29,27,24,26,29,29,0.8,83,9.875,1006,46.375,34,26,27,116,113,176,,,,météo favorable
2011-01-14,28,26,18,25,28,28,9.2,87,9.125,1007,48.5,33,25,26,353,353,353,,,,météo correcte
2011-01-15,29,26,13,25,28,28,5,85,9.25,1007,35.75,34,25,26,176,176,353,,,,météo favorable
2011-01-16,28,26,16,24,28,28,1.4,84,9.625,1007,34.5,33,24,26,116,116,176,,,,météo favorable
2011-01-17,29,26,12,24,28,28,13.4,87,9,1008,37.875,35,26,26,116,353,356,,,,météo défavorable
2011-01-18,30,26,11,25,30,26,12.4,87,8.875,1009,39.625,37,25,26,116,113,359,,,,météo correcte
2011-01-19,29,26,9,24,28,28,13.1,85,8.875,1008,45.875,34,25,26,116,356,356,,,,météo défavorable
2011-01-20,30,26,15,22,30,27,1.4,81,9.75,1007,35.25,35,25,26,116,113,176,,,,météo favorable
2011-01-21,28,26,11,25,27,27,3.4,89,9.25,1008,50.5,32,25,26,116,353,296,,,,météo correcte
2011-01-22,29,25,12,23,29,27,5.5,85,9.5,1008,45.25,33,25,25,116,113,176,,,,météo favorable
2011-01-23,30,24,10,23,30,24,9.3,86,9.5,1010,36,35,24,24,116,113,356,,,,météo correcte
2011-01-24,29,25,10,23,28,28,8.8,85,9.25,1009,42.625,35,25,25,116,116,356,,,,météo correcte
2011-01-25,27,25,17,25,27,26,8.1,89,8.625,1008,55.5,31,25,25,119,353,353,,,,météo correcte
2011-01-26,29,26,13,24,28,28,14.8,87,8.875,1009,41,34,26,26,116,353,356,,,,météo défavorable
2011-01-27,29,27,15,23,28,27,1.1,85,9.625,1010,31.375,35,25,27,116,116,176,,,,météo favorable
2011-01-28,29,25,10,22,29,27,1.8,84,9.75,1009,32.875,35,25,25,116,116,176,,,,météo favorable
2011-01-29,31,26,5,22,31,28,6.8,82,9.5,1010,31.375,38,26,26,116,113,356,,,,météo favorable
2011-01-30,32,27,6,22,32,28,4.2,82,9.125,1010,15.125,41,26,27,176,113,356,,,,météo correcte
2011-01-31,32,26,10,22,32,28,2.2,80,10,1009,23.875,38,25,26,113,113,353,,,,météo favorable
2011-02-01,30,26,8,23,30,28,9,85,9.375,1009,37.75,36,25,26,113,113,353,,,,météo correcte
2011-02-02,29,26,11,24,28,28,12.6,91,8.5,1009,57.75,35,26,26,122,353,356,,,,météo correcte
2011-02-03,28,25,8,24,27,27,16.2,86,8.875,1009,56.875,33,25,25,119,353,356,,,,météo très défavorable
2011-02-04,31,26,8,22,31,26,33.6,89,7.75,1009,43.5,38,26,26,176,113,359,,,,météo très défavorable
2011-02-05,28,25,15,24,27,27,32.4,91,7.75,1007,59,33,26,25,302,176,353,,,,météo très défavorable
2011-02-06,28,26,15,25,27,27,19.6,91,8.375,1007,50.375,32,25,26,356,353,356,,,,météo très défavorable
2011-02-07,28,25,22,23,27,27,3.9,88,10,1007,56.5,32,25,25,116,353,353,,,,météo correcte
2011-02-08,28,26,22,25,27,27,9.5,88,8.25,1007,76.375,32,25,26,119,353,353,,,,météo défavorable
2011-02-09,27,25,16,25,27,27,10,88,9.625,1008,54.25,31,24,25,353,353,353,,,,météo correcte
2011-02-10,28,25,11,23,28,27,2,88,9.125,1008,44.25,34,25,25,116,116,386,,,,météo favorable
2011-02-11,31,26,7,22,30,28,0.2,82,10,1009,21.625,38,26,26,116,113,113,,,,météo favorable
2011-02-12,31,25,6,21,30,29,0.3,86,10,1009,27.5,39,26,25,116,113,113,,,,météo favorable
2011-02-13,30,26,9,23,30,28,7.4,80,9.375,1009,33.375,36,25,26,116,116,176,,,,météo favorable
2011-02-14,28,26,15,24,28,28,10.1,84,9,1008,24.375,33,25,26,113,356,176,,,,météo correcte
2011-02-15,29,26,14,25,28,28,7.7,84,9.25,1010,18.75,34,25,26,176,176,176,,,,météo favorable
2011-02-16,29,26,15,25,28,28,12.6,84,9,1010,22.5,34,25,26,116,176,356,,,,météo correcte
2011-02-17,29,26,18,24,28,28,7,90,9.125,1009,41.5,35,26,26,176,176,353,,,,météo favorable
2011-02-18,28,26,18,25,28,27,3.2,89,9.875,1009,62.75,33,25,26,353,353,353,,,,météo correcte
2011-02-19,29,27,17,26,28,28,3,87,9.625,1009,46.5,34,25,27,119,176,176,,,,météo favorable
2011-02-20,30,26,8,23,29,27,0.5,84,8.875,1010,31,37,26,26,143,113,176,,,,météo favorable
2011-02-21,29,26,12,23,28,28,10.5,83,9.125,1009,24.5,34,25,26,116,113,356,,,,météo correcte
2011-02-22,28,26,15,25,28,28,6.7,84,9.5,1009,41.75,33,25,26,113,176,353,,,,météo favorable
2011-02-23,27,24,10,23,27,27,3.5,87,8.375,1010,76,31,24,24,266,119,353,,,,météo défavorable
2011-02-24,28,25,7,22,28,27,8.1,89,8.625,1010,62.125,33,25,25,119,353,296,,,,météo correcte
2011-02-25,28,26,15,24,28,27,6.4,89,6.375,1008,53.125,34,26,26,263,176,263,,,,météo favorable
2011-02-26,28,25,12,24,28,27,7.6,86,8.875,1007,46.25,33,24,25,176,353,293,,,,météo correcte
2011-02-27,30,26,11,24,29,28,3.3,83,9.5,1007,24.625,37,25,26,116,176,176,,,,météo favorable
2011-02-28,30,26,12,23,29,29,6.6,81,9.25,1006,22.75,35,25,26,176,176,116,,,,météo favorable
2011-03-01,30,26,12,23,30,28,4,82,9.375,1007,26.25,36,26,26,176,116,176,,,,météo favorable
2011-03-02,29,26,9,24,29,28,8.9,86,9.125,1008,44.125,34,25,26,113,116,356,,,,météo correcte
2011-03-03,29,25,13,24,28,28,9.8,86,9.125,1008,51.375,34,26,25,293,113,356,,,,météo correcte
2011-03-04,29,26,17,25,28,28,5.4,88,9.375,1007,50.625,34,26,26,116,113,356,,,,météo favorable
2011-03-05,29,25,9,22,28,25,8.5,83,9,1009,40.125,34,24,25,119,176,176,,,,météo correcte
2011-03-06,30,26,9,23,30,26,10.9,82,9,1009,41.875,35,24,26,116,176,353,,,,météo correcte
2011-03-07,29,25,11,23,29,25,5.7,83,8.75,1009,36,34,24,25,293,116,176,,,,météo favorable
2011-03-08,29,25,14,22,28,28,6,86,9.375,1009,32.875,35,26,25,116,176,353,,,,météo favorable
2011-03-09,29,26,12,22,29,27,2.4,84,9.875,1010,37.625,34,24,26,116,116,353,,,,météo favorable
2011-03-10,30,25,9,22,29,27,21.6,85,8.25,1010,32.25,37,26,25,176,176,356,,,,météo très défavorable
2011-03-11,30,26,7,23,30,28,11.8,84,9,1008,38.375,38,27,26,116,116,356,,,,météo correcte
2011-03-12,31,26,7,23,30,28,7.7,81,9.5,1008,25.125,38,26,26,116,176,176,,,,météo favorable
2011-03-13,29,26,9,25,28,28,4,85,8.625,1008,49.375,34,25,26,176,263,353,,,,météo correcte
2011-03-14,30,26,6,23,29,28,15.8,84,9.25,1008,49.625,36,26,26,353,356,353,,,,météo défavorable
2011-03-15,29,25,11,22,28,27,14.2,87,8.5,1008,34.625,37,27,25,176,356,356,,,,météo défavorable
2011-03-16,30,25,12,22,29,27,2.8,86,8.5,1008,43.5,35,25,25,353,116,353,,,,météo favorable
2011-03-17,30,25,13,22,29,28,1.1,85,9.25,1009,33.75,37,26,25,116,113,176,,,,météo favorable
2011-03-18,31,26,12,21,31,28,0.7,85,9.875,1009,11.375,38,26,26,113,113,113,,,,météo favorable
2011-03-19,30,25,8,21,30,27,5.6,85,9.375,1009,22.5,38,26,25,113,116,356,,,,météo favorable
2011-03-20,30,26,5,22,30,28,12.1,87,8.75,1009,27,39,27,26,113,113,359,,,,météo correcte
2011-03-21,29,26,10,23,29,27,6.2,85,9.5,1008,30.375,37,26,26,116,113,356,,,,météo favorable
2011-03-22,31,26,5,23,31,28,19.7,84,8.5,1009,33.25,39,27,26,116,356,356,,,,météo très défavorable
2011-03-23,31,26,7,23,30,28,1.6,85,10,1009,31.25,40,27,26,116,113,353,,,,météo correcte
2011-03-24,31,27,5,23,31,28,1.3,83,10,1009,36.5,39,26,27,116,113,353,,,,météo favorable
2011-03-25,30,26,7,22,30,28,4.2,86,9.5,1009,30.875,37,26,26,176,176,353,,,,météo favorable
2011-03-26,31,26,5,23,30,28,7,84,9.375,1009,24.875,39,27,26,116,113,356,,,,météo favorable
2011-03-27,30,26,11,23,29,27,4.8,87,9.875,1008,32.875,37,26,26,116,116,176,,,,météo favorable
2011-03-28,30,25,9,23,28,28,16.2,85,8.125,1007,52.5,38,26,25,353,116,356,,,,météo très défavorable
2011-03-29,30,26,10,23,29,28,4.7,86,9.25,1008,35.5,38,26,26,176,356,176,,,,météo correcte
2011-03-30,29,25,12,21,28,27,7.1,88,9,1008,33.875,36,27,25,116,176,356,,,,météo favorable
2011-03-31,30,26,8,22,30,27,0.8,84,9.625,1009,18.375,37,25,26,113,113,176,,,,météo favorable
2011-04-01,31,26,5,23,31,28,9.9,84,9.375,1009,20.875,40,27,26,113,113,356,,,,météo correcte
2011-04-02,30,26,7,23,30,27,14.3,85,9.125,1009,35.875,36,26,26,116,176,356,,,,météo défavorable
2011-04-03,30,26,7,24,30,28,11.6,85,9,1009,40.125,38,26,26,116,176,356,,,,météo correcte
2011-04-04,29,25,6,23,28,28,2.4,90,8.25,1010,69.5,34,25,25,266,263,116,,,,météo défavorable
2011-04-05,31,26,6,23,30,28,5.5,85,9.5,1010,43.125,40,27,26,116,113,356,,,,météo correcte
2011-04-06,31,26,6,23,31,28,12.6,84,9.125,1010,42.25,41,27,26,119,116,356,,,,météo correcte
2011-04-07,29,26,5,24,29,27,14.7,89,9.125,1010,68.75,36,26,26,353,356,293,,,,météo défavorable
2011-04-08,30,27,6,24,30,28,3.1,85,9.375,1010,60,37,26,27,263,116,353,,,,météo correcte
2011-04-09,30,26,8,22,30,27,11.9,87,8.875,1012,33.5,38,27,26,113,176,356,,,,météo correcte
2011-04-10,32,27,3,22,32,28,12.7,84,8.75,1012,32.25,43,28,27,116,176,356,,,,météo correcte
2011-04-11,30,26,5,23,29,27,14.3,82,8.5,1010,35.125,37,26,26,116,116,356,,,,météo défavorable
2011-04-12,29,26,6,22,29,27,10.5,86,9.375,1010,37.375,36,26,26,116,116,356,,,,météo correcte
2011-04-13,30,25,5,22,29,27,12.8,88,8.875,1010,32.125,38,27,25,116,176,359,,,,météo correcte
2011-04-14,31,25,4,21,30,28,4.4,87,9.5,1009,47.375,39,27,25,116,113,356,,,,météo favorable
2011-04-15,30,26,6,23,30,27,16.1,87,8.75,1009,42.375,36,26,26,176,353,356,,,,météo très défavorable
2011-04-16,29,25,12,25,25,28,5.2,92,8.875,1011,45.125,36,26,25,176,293,113,,,,météo correcte
2011-04-17,31,26,11,24,31,27,1.7,84,9.75,1010,14.25,38,26,26,113,113,176,,,,météo favorable
2011-04-18,30,25,9,23,29,29,3.1,85,9.375,1010,18.125,36,25,25,176,176,113,,,,météo favorable
2011-04-19,31,26,5,21,31,28,0.5,84,9.875,1010,21.125,41,27,26,116,113,176,,,,météo correcte
2011-04-20,31,27,9,24,30,30,2.2,85,9.875,1010,28.25,40,27,27,116,113,176,,,,météo correcte
2011-04-21,31,27,9,24,30,27,6.1,87,9.25,1010,37.375,39,27,27,116,116,356,,,,météo favorable
2011-04-22,29,26,12,25,28,28,0.9,88,9.75,1010,53,34,26,26,116,116,116,,,,météo favorable
2011-04-23,30,26,6,23,29,27,19.9,87,7.125,1009,49.25,37,26,26,176,353,359,,,,météo très défavorable
2011-04-24,31,26,5,22,30,29,9.5,86,9.375,1009,23.125,41,28,26,113,113,356,,,,météo correcte
2011-04-25,31,26,7,23,30,28,11.5,85,9.125,1009,23.125,41,28,26,113,113,356,,,,météo correcte
2011-04-26,31,27,6,24,31,28,0.8,85,9.875,1009,19.125,40,27,27,113,113,176,,,,météo correcte
2011-04-27,31,26,6,23,30,28,0.1,85,10,1009,22.625,41,27,26,116,113,113,,,,météo correcte
2011-04-28,30,26,7,22,30,28,0.9,86,9.75,1008,27.125,38,27,26,116,113,176,,,,météo favorable
2011-04-29,30,27,6,25,30,28,5.8,88,9.5,1009,42,39,27,27,116,116,356,,,,météo favorable
2011-04-30,31,26,5,23,31,28,6.3,86,9.5,1009,29.625,40,27,26,116,113,356,,,,météo correcte
2011-05-01,30,24,5,23,27,28,13.6,88,9,1009,45.625,39,27,24,353,176,356,,,,météo défavorable
2011-05-02,30,25,4,24,30,25,21.3,89,8.125,1009,38.75,38,26,25,176,176,359,,,,météo très défavorable
2011-05-03,27,25,8,23,27,27,16.6,91,7.5,1010,67.875,32,25,25,293,356,293,,,,météo très défavorable
2011-05-04,30,25,9,22,29,27,1,86,9.75,1010,33.125,38,26,25,116,113,176,,,,météo favorable
2011-05-05,31,26,12,21,31,28,1.3,87,9.625,1010,28.75,39,27,26,116,113,176,,,,météo favorable
2011-05-06,29,24,13,21,28,27,7.3,89,9.25,1010,27.125,37,27,24,113,176,176,,,,météo favorable
2011-05-07,30,25,12,23,29,27,1.2,86,8.875,1010,24,38,26,25,116,176,176,,,,météo favorable
2011-05-08,29,25,8,22,28,27,14.4,88,8.625,1010,36.875,36,26,25,113,176,356,,,,météo défavorable
2011-05-09,30,26,4,22,30,28,13.4,85,8.5,1010,29.5,39,27,26,116,176,359,,,,météo défavorable
2011-05-10,31,26,6,23,30,28,4.5,86,9.5,1011,29,39,27,26,116,176,176,,,,météo favorable
2011-05-11,32,26,6,23,31,29,2.9,87,9.875,1011,20.875,43,28,26,113,113,176,,,,météo correcte
2011-05-12,31,25,7,22,30,28,1.7,87,9.625,1011,29.5,40,27,25,116,113,176,,,,météo correcte
2011-05-13,31,26,7,21,31,28,0.6,84,9.75,1011,20.125,40,27,26,113,113,176,,,,météo correcte
2011-05-14,32,26,6,22,32,28,0.4,85,9.75,1011,24.25,41,27,26,116,113,176,,,,météo correcte
2011-05-15,31,26,6,23,31,28,0,85,10,1013,22.5,40,27,26,116,113,113,,,,météo correcte
2011-05-16,30,27,5,24,30,28,3,87,9.875,1013,49.5,38,27,27,176,119,353,,,,météo correcte
2011-05-17,30,26,9,23,30,27,10.5,87,8.875,1013,31.75,38,27,26,116,116,359,,,,météo correcte
2011-05-18,31,27,6,23,31,29,0.4,84,10,1011,24.75,40,27,27,116,113,116,,,,météo correcte
2011-05-19,30,26,13,23,29,29,0,84,10,1012,21.875,35,26,26,116,113,116,,,,météo favorable
2011-05-20,31,25,12,23,30,27,0,81,10,1012,11,37,25,25,113,113,113,,,,météo favorable
2011-05-21,29,25,14,23,28,28,0,82,10,1011,5.5,34,25,25,113,113,113,,,,météo idéale
2011-05-22,30,26,15,23,29,26,0,79,10,1011,9,34,24,26,116,113,113,,,,météo idéale
2011-05-23,28,25,16,24,27,28,0,79,10,1012,5.75,32,24,25,113,113,113,,,,météo idéale
2011-05-24,28,24,12,22,28,28,0,79,10,1011,12.375,32,24,24,113,113,113,,,,météo idéale
2011-05-25,30,25,10,22,30,27,0,80,10,1010,10.5,36,24,25,113,113,113,,,,météo favorable
2011-05-26,30,25,12,22,30,27,0,81,10,1010,7.5,35,24,25,113,113,113,,,,météo favorable
2011-05-27,31,26,9,23,30,27,0.1,82,10,1010,18,37,25,26,113,113,116,,,,météo favorable
2011-05-28,30,25,7,23,29,29,0,82,10,1011,15.125,35,25,25,113,113,113,,,,météo favorable
2011-05-29,31,26,9,23,29,28,0.4,83,9.875,1012,19.75,38,26,26,113,113,176,,,,météo favorable
2011-05-30,31,27,10,25,30,30,5.8,84,9.375,1012,31.375,38,27,27,116,176,116,,,,météo favorable
2011-05-31,29,27,13,25,28,29,1.6,84,9.875,1011,30.375,34,25,27,113,116,116,,,,météo favorable
2011-06-01,31,25,8,23,30,28,0.1,82,10,1011,14.75,39,26,25,116,113,113,,,,météo favorable
2011-06-02,31,25,10,23,30,28,0,82,10,1012,17.375,38,26,25,113,113,116,,,,météo favorable
2011-06-03,30,26,7,24,29,29,0.2,82,10,1012,34.375,35,25,26,116,116,116,,,,météo favorable
2011-06-04,30,24,11,22,30,24,0,82,10,1011,10.5,35,24,24,113,113,113,,,,météo favorable
2011-06-05,30,25,9,22,30,27,0,82,10,1011,12.875,36,25,25,113,113,113,,,,météo favorable
2011-06-06,31,26,12,21,30,27,0,82,10,1011,8.75,37,25,26,113,113,113,,,,météo favorable
2011-06-07,30,25,10,21,30,27,0,81,10,1011,4.125,37,25,25,113,113,113,,,,météo favorable
2011-06-08,30,24,9,21,29,27,0,81,10,1012,1.875,35,24,24,113,113,113,,,,météo favorable
2011-06-09,30,25,13,22,30,26,0,81,10,1011,4.25,35,24,25,113,113,113,,,,météo favorable
2011-06-10,29,24,16,21,29,26,0,81,10,1011,6.375,34,24,24,113,113,113,,,,météo idéale
2011-06-11,29,25,10,22,29,26,0.2,82,10,1011,26.125,33,24,25,113,113,116,,,,météo idéale
2011-06-12,29,25,14,22,29,26,0,82,10,1013,8.625,33,24,25,113,113,113,,,,météo idéale
2011-06-13,29,25,13,23,29,27,0,81,10,1013,16.875,33,24,25,116,113,113,,,,météo idéale
2011-06-14,28,24,16,22,28,25,0.1,82,10,1014,11.5,31,22,24,116,113,113,,,,météo idéale
2011-06-15,28,23,13,20,28,25,0,78,10,1014,6.875,31,22,23,113,113,113,,,,météo idéale
2011-06-16,28,23,13,20,28,25,0.1,81,10,1014,13.875,31,22,23,116,116,113,,,,météo favorable
2011-06-17,29,23,12,19,29,26,0,79,10,1014,6.5,33,23,23,113,113,113,,,,météo idéale
2011-06-18,29,24,15,21,28,26,0,82,10,1013,10.875,32,23,24,113,113,113,,,,météo idéale
2011-06-19,27,24,16,22,26,26,0.1,83,10,1012,18.125,30,22,24,113,116,113,,,,météo favorable
2011-06-20,28,25,13,21,28,26,0.1,82,10,1012,14.875,31,22,25,113,116,113,,,,météo favorable
2011-06-21,29,25,14,22,29,26,0,82,10,1012,14.625,35,24,25,116,113,113,,,,météo favorable
2011-06-22,29,24,12,21,28,25,0,82,10,1012,13.625,33,23,24,116,113,113,,,,météo idéale
2011-06-23,29,23,13,20,28,26,0,80,10,1011,7.625,32,22,23,116,113,113,,,,météo idéale
2011-06-24,29,24,9,21,29,26,0,81,10,1011,8.375,34,23,24,113,113,113,,,,météo idéale
2011-06-25,29,24,13,21,29,26,0,82,10,1012,8.5,34,24,24,113,113,113,,,,météo idéale
2011-06-26,28,26,17,24,28,28,2.3,85,9.75,1011,26.5,33,25,26,116,113,176,,,,météo idéale
2011-06-27,29,26,15,24,28,28,0,87,10,1011,24,33,25,26,116,113,113,,,,météo idéale
2011-06-28,30,26,10,23,30,27,0,83,10,1011,15.125,36,25,26,116,113,113,,,,météo favorable
2011-06-29,30,26,10,23,30,27,0.5,84,10,1012,20.75,35,25,26,116,113,113,,,,météo favorable
2011-06-30,29,24,12,21,29,26,0,79,10,1013,1,33,22,24,113,113,113,,,,météo idéale
2011-07-01,29,24,13,20,29,26,0,81,10,1013,3,33,23,24,113,113,113,,,,météo idéale
2011-07-02,31,23,12,20,28,26,0,75,10,1012,1.625,35,23,23,113,113,113,,,,météo favorable
2011-07-03,30,22,10,20,28,26,0,76,10,1013,2.625,35,23,22,113,113,113,,,,météo favorable
2011-07-04,29,24,9,20,28,26,0,81,10,1014,2.5,32,23,24,113,113,113,,,,météo idéale
2011-07-05,30,24,10,20,29,26,0,80,10,1014,1.875,34,24,24,113,113,113,,,,météo idéale
2011-07-06,30,23,9,19,29,26,0,80,10,1013,7.625,34,24,23,113,113,113,,,,météo idéale
2011-07-07,29,24,11,20,29,26,0,82,10,1013,11.75,33,24,24,113,113,116,,,,météo idéale
2011-07-08,30,25,13,22,29,27,0,83,10,1013,22,35,25,25,116,113,116,,,,météo favorable
2011-07-09,30,25,8,22,30,27,0.6,85,9.75,1013,33.125,37,26,25,116,113,176,,,,météo favorable
2011-07-10,29,26,8,24,28,28,2,86,9.75,1011,39.75,33,25,26,116,113,176,,,,météo favorable
2011-07-11,29,24,10,21,29,26,0.5,85,9.875,1011,26.625,34,25,24,116,116,113,,,,météo favorable
2011-07-12,30,25,7,21,30,27,0.2,85,10,1011,23.25,35,25,25,116,113,113,,,,météo favorable
2011-07-13,31,24,10,21,30,27,0,81,10,1011,10.375,37,25,24,113,113,113,,,,météo favorable
2011-07-14,29,26,13,24,28,28,0.1,87,10,1011,25.125,34,25,26,116,113,113,,,,météo idéale
2011-07-15,30,26,13,23,30,27,0,84,10,1012,17.625,35,24,26,116,113,113,,,,météo favorable
2011-07-16,28,25,14,24,28,28,0.1,82,10,1012,21.75,32,24,25,116,113,116,,,,météo idéale
2011-07-17,28,25,14,24,27,27,0,82,10,1012,20.875,32,24,25,116,113,113,,,,météo idéale
2011-07-18,29,25,13,22,29,27,0,82,10,1013,15.75,34,24,25,113,113,113,,,,météo idéale
2011-07-19,30,25,11,22,30,27,0,80,10,1013,13.875,35,24,25,113,113,113,,,,météo favorable
2011-07-20,29,24,15,20,29,26,0,78,10,1012,4,34,23,24,113,113,113,,,,météo idéale
2011-07-21,30,24,13,20,29,27,0,80,10,1013,5.875,36,25,24,113,113,113,,,,météo favorable
2011-07-22,29,24,14,20,29,26,0,79,10,1012,3.375,33,23,24,113,113,113,,,,météo idéale
2011-07-23,29,23,14,19,29,25,0,76,10,1013,0.125,32,22,23,113,113,113,,,,météo idéale
2011-07-24,29,24,12,20,29,26,0,80,10,1012,6.375,33,23,24,113,113,113,,,,météo idéale
2011-07-25,29,24,9,21,28,26,0.4,82,10,1012,21,33,23,24,116,113,116,,,,météo idéale
2011-07-26,29,25,11,22,29,26,0.4,82,9.875,1012,22.25,33,24,25,113,113,113,,,,météo idéale
2011-07-27,29,25,14,22,29,26,0,82,10,1014,17.375,34,24,25,116,113,113,,,,météo idéale
2011-07-28,29,24,14,21,29,26,0,79,10,1013,9,33,23,24,116,113,113,,,,météo idéale
2011-07-29,29,24,17,21,29,25,0,79,10,1013,11,32,23,24,113,113,113,,,,météo idéale
2011-07-30,29,24,17,21,29,25,0,79,10,1012,9.5,32,23,24,113,113,113,,,,météo idéale
2011-07-31,29,24,17,21,29,26,0,77,10,1012,7.5,32,23,24,113,113,113,,,,météo idéale
2011-08-01,30,24,12,21,29,26,0,79,10,1013,5.875,34,23,24,113,113,113,,,,météo idéale
2011-08-02,30,25,15,22,30,26,0,81,10,1013,11.5,35,24,25,116,113,113,,,,météo favorable
2011-08-03,29,25,14,22,29,25,0,78,10,1014,6.25,32,21,25,116,113,113,,,,météo idéale
2011-08-04,28,24,15,21,28,25,0,77,10,1013,4.375,31,21,24,113,113,113,,,,météo idéale
2011-08-05,30,23,12,19,29,26,0,79,10,1012,1.75,34,23,23,113,113,113,,,,météo idéale
2011-08-06,29,24,12,20,29,26,0,80,10,1012,6,33,23,24,113,113,113,,,,météo idéale
2011-08-07,30,24,7,20,30,27,0,80,10,1012,14.125,34,24,24,113,113,116,,,,météo idéale
2011-08-08,29,25,8,22,29,26,0.1,80,10,1013,19.75,33,23,25,113,113,116,,,,météo idéale
2011-08-09,29,25,9,22,29,26,0.2,81,10,1013,21.25,34,24,25,113,113,116,,,,météo idéale
2011-08-10,29,24,12,21,29,26,0,81,10,1013,8.875,32,23,24,113,113,113,,,,météo idéale
2011-08-11,30,25,7,21,29,26,0,78,10,1012,10.875,34,24,25,113,113,113,,,,météo idéale
2011-08-12,29,24,9,22,29,26,0.1,81,10,1011,23,32,23,24,116,113,113,,,,météo idéale
2011-08-13,29,25,6,22,29,27,0.1,80,10,1011,24.75,34,24,25,113,113,116,,,,météo idéale
2011-08-14,29,24,7,20,29,27,0,80,10,1013,19.375,34,24,24,113,113,116,,,,météo idéale
2011-08-15,30,24,7,20,29,27,0,78,10,1014,4.375,34,23,24,113,113,113,,,,météo idéale
2011-08-16,29,25,14,22,29,26,0,79,10,1014,7.875,32,23,25,113,113,113,,,,météo idéale
2011-08-17,29,24,17,22,29,25,0,71,10,1013,1.125,31,20,24,113,113,113,,,,météo idéale
2011-08-18,31,25,12,22,30,27,0,77,10,1012,2.5,35,22,25,113,113,113,,,,météo favorable
2011-08-19,30,24,8,20,29,27,0,76,10,1013,5.625,33,22,24,113,113,116,,,,météo idéale
2011-08-20,30,24,10,21,29,27,0,76,10,1014,4.375,34,23,24,113,113,113,,,,météo idéale
2011-08-21,30,25,13,21,29,27,0,77,10,1014,5.75,34,23,25,113,113,113,,,,météo idéale
2011-08-22,29,25,15,22,29,26,0,76,10,1014,8.25,33,22,25,113,113,113,,,,météo idéale
2011-08-23,29,24,17,22,29,26,0,72,10,1013,1.875,31,21,24,113,113,113,,,,météo idéale
2011-08-24,28,24,14,21,28,26,0,75,10,1014,8.875,31,21,24,113,113,113,,,,météo idéale
2011-08-25,28,24,16,21,28,25,0,74,10,1013,6.75,30,21,24,113,113,113,,,,météo idéale
2011-08-26,28,24,15,21,28,25,0,71,10,1013,2.5,30,21,24,113,113,113,,,,météo idéale
2011-08-27,30,25,12,21,29,26,0,78,10,1013,8.5,34,23,25,116,113,113,,,,météo idéale
2011-08-28,31,25,12,22,30,28,0,78,10,1013,10.5,36,24,25,113,113,113,,,,météo favorable
2011-08-29,31,25,10,22,30,28,0,76,10,1013,4.625,36,23,25,113,113,113,,,,météo favorable
2011-08-30,31,25,10,21,31,27,0,79,10,1013,6.75,37,24,25,113,113,113,,,,météo favorable
2011-08-31,31,26,12,22,31,27,0,76,10,1012,14.25,36,23,26,113,113,113,,,,météo favorable
2011-09-01,31,26,10,22,30,27,0,78,10,1013,11.125,35,23,26,116,113,113,,,,météo favorable
2011-09-02,30,25,10,22,30,27,0,75,10,1013,3.75,34,22,25,113,113,113,,,,météo idéale
2011-09-03,30,25,13,22,30,27,0,76,10,1013,3.75,33,22,25,113,113,113,,,,météo idéale
2011-09-04,30,26,13,23,30,27,0,79,10,1014,12.375,34,23,26,116,113,113,,,,météo idéale
2011-09-05,30,26,12,23,30,27,0,78,10,1014,10.625,35,24,26,116,113,113,,,,météo favorable
2011-09-06,31,26,14,23,30,27,0,74,10,1014,7.875,33,21,26,113,113,113,,,,météo idéale
2011-09-07,31,26,14,22,30,28,0,74,10,1013,3.75,36,23,26,113,113,113,,,,météo favorable
2011-09-08,30,26,15,22,30,27,0,73,10,1013,3.125,33,22,26,113,113,113,,,,météo idéale
2011-09-09,30,26,15,22,30,27,0,73,10,1013,3.5,34,21,26,113,113,113,,,,météo idéale
2011-09-10,31,26,12,21,31,28,0,75,10,1013,8.25,35,23,26,113,113,116,,,,météo favorable
2011-09-11,30,26,16,23,30,27,0,75,10,1013,13.875,35,23,26,113,113,116,,,,météo favorable
2011-09-12,30,26,12,23,30,27,0.3,76,10,1012,32.625,34,23,26,113,116,119,,,,météo favorable
2011-09-13,30,26,17,23,30,27,0,73,10,1013,15.375,34,23,26,113,113,113,,,,météo idéale
2011-09-14,30,26,12,23,30,27,0.4,78,10,1013,29.875,34,24,26,113,113,353,,,,météo idéale
2011-09-15,31,26,10,23,31,27,0.1,77,10,1013,20.375,36,24,26,113,113,116,,,,météo favorable
2011-09-16,32,26,10,22,31,28,0,75,10,1013,7.5,37,23,26,113,113,113,,,,météo favorable
2011-09-17,32,26,7,22,32,28,0.1,79,10,1012,24,38,25,26,113,113,116,,,,météo favorable
2011-09-18,32,28,6,23,32,28,0,77,10,1013,22.875,39,25,28,113,113,116,,,,météo favorable
2011-09-19,31,27,13,24,31,27,0,78,10,1014,10,36,24,27,113,113,113,,,,météo favorable
2011-09-20,31,27,11,24,31,28,0,74,10,1014,8.75,35,22,27,116,113,113,,,,météo favorable
2011-09-21,32,26,10,22,32,28,0,71,10,1013,8.625,38,23,26,113,113,113,,,,météo favorable
2011-09-22,31,26,15,22,31,28,0,66,10,1014,11.75,34,21,26,113,113,113,,,,météo idéale
2011-09-23,32,26,12,22,32,28,0,72,10,1013,9.125,38,24,26,113,113,113,,,,météo favorable
2011-09-24,32,27,11,23,32,29,0,75,10,1013,4.625,38,24,27,113,113,113,,,,météo favorable
2011-09-25,32,27,9,22,32,28,0,74,10,1013,4.5,39,24,27,113,113,113,,,,météo favorable
2011-09-26,31,27,15,23,31,27,0,71,10,1013,6.375,35,22,27,113,113,113,,,,météo favorable
2011-09-27,31,27,14,22,31,27,0,74,10,1012,6.375,35,23,27,113,113,113,,,,météo favorable
2011-09-28,30,26,16,23,30,27,0.1,76,10,1012,13.75,35,23,26,113,113,113,,,,météo favorable
2011-09-29,31,27,10,23,31,27,0.1,79,10,1013,26.625,37,24,27,113,113,119,,,,météo favorable
2011-09-30,31,26,9,23,31,26,0.1,79,10,1012,21.875,37,24,26,113,113,116,,,,météo favorable
2011-10-01,32,27,11,24,32,27,0.1,80,10,1012,22.5,38,25,27,113,113,116,,,,météo favorable
2011-10-02,30,26,15,24,30,26,0.2,79,10,1012,21.75,35,24,26,113,113,116,,,,météo favorable
2011-10-03,30,26,17,23,30,26,0,76,10,1013,11,34,22,26,113,113,113,,,,météo idéale
2011-10-04,30,26,15,22,30,26,0,75,10,1012,6.5,34,23,26,113,113,113,,,,météo idéale
2011-10-05,31,26,11,23,31,28,0,75,10,1013,10.625,36,24,26,113,113,113,,,,météo favorable
2011-10-06,30,26,10,24,30,26,1.1,81,9.375,1014,45.875,35,24,26,113,353,353,,,,météo correcte
2011-10-07,31,27,13,24,30,28,1.5,80,9.875,1013,38.75,38,25,27,116,116,353,,,,météo favorable
2011-10-08,32,27,11,24,32,28,0.1,77,10,1012,29.125,39,25,27,113,113,116,,,,météo favorable
2011-10-09,32,27,13,25,31,29,0.2,78,10,1013,35.875,39,25,27,113,113,119,,,,météo favorable
2011-10-10,32,27,9,25,32,27,0.2,80,9.875,1014,31.875,39,25,27,113,113,119,,,,météo favorable
2011-10-11,32,28,12,24,32,28,0.1,75,10,1014,16.25,38,24,28,116,113,113,,,,météo favorable
2011-10-12,32,27,14,23,32,28,0,74,10,1013,6.25,38,24,27,113,113,113,,,,météo favorable
2011-10-13,32,27,15,23,32,28,0,72,10,1013,5.625,37,23,27,113,113,113,,,,météo favorable
2011-10-14,33,28,9,23,33,28,0.1,77,10,1013,25.625,40,25,28,113,113,116,,,,météo correcte
2011-10-15,32,27,12,24,32,28,0.1,75,10,1013,19.625,38,24,27,113,113,116,,,,météo favorable
2011-10-16,33,28,9,24,33,29,0.1,79,10,1012,14.5,41,25,28,113,113,116,,,,météo correcte
2011-10-17,33,28,8,24,33,29,0,77,10,1012,13.125,42,26,28,116,113,113,,,,météo correcte
2011-10-18,33,28,8,24,33,29,0.1,75,10,1011,7.875,40,25,28,113,113,113,,,,météo correcte
2011-10-19,33,28,11,24,33,29,0,76,10,1011,13.625,40,25,28,113,113,116,,,,météo correcte
2011-10-20,33,28,12,25,33,29,0.1,79,10,1009,21.125,40,25,28,113,113,116,,,,météo correcte
2011-10-21,33,29,8,25,33,29,0.3,79,9.875,1009,26.375,40,25,29,113,113,176,,,,météo correcte
2011-10-22,33,28,5,23,33,29,3.1,78,9.375,1010,29.25,42,26,28,176,176,176,,,,météo correcte
2011-10-23,33,28,6,24,33,29,2.7,79,9.25,1010,20,42,26,28,176,113,176,,,,météo correcte
2011-10-24,32,28,6,24,32,29,1,80,9.625,1010,19.5,41,26,28,113,113,176,,,,météo correcte
2011-10-25,32,28,7,25,32,29,0.5,81,9.875,1010,20.5,41,26,28,113,113,176,,,,météo correcte
2011-10-26,32,28,9,24,32,29,1.1,80,9.875,1009,12.625,39,26,28,113,113,176,,,,météo favorable
2011-10-27,32,27,5,24,32,29,1.6,81,9.75,1009,24.25,40,26,27,113,113,353,,,,météo correcte
2011-10-28,33,28,8,25,33,29,0.1,79,10,1010,16.375,41,26,28,113,113,116,,,,météo correcte
2011-10-29,32,28,9,25,32,28,6.3,84,9.375,1009,14.875,39,26,28,113,113,356,,,,météo favorable
2011-10-30,33,28,9,24,33,29,0,77,10,1008,9.375,42,26,28,113,113,113,,,,météo correcte
2011-10-31,33,28,7,24,33,29,0.1,80,10,1008,29.125,42,26,28,113,113,116,,,,météo correcte
2011-11-01,32,28,4,25,32,28,3.4,83,9.5,1008,28.375,41,27,28,116,176,176,,,,météo correcte
2011-11-02,32,28,8,24,32,29,0,81,10,1008,20.5,41,26,28,113,113,116,,,,météo correcte
2011-11-03,33,27,8,25,33,27,4.2,84,9.5,1008,27.5,42,26,27,113,113,356,,,,météo correcte
2011-11-04,31,28,8,25,31,28,2.3,83,9.75,1009,29.375,39,26,28,116,113,176,,,,météo favorable
2011-11-05,32,27,4,24,32,29,0.8,81,9.875,1010,24.375,40,26,27,116,113,113,,,,météo correcte
2011-11-06,32,28,3,23,32,28,4.3,80,9.5,1010,30.625,41,26,28,116,113,176,,,,météo correcte
2011-11-07,32,27,5,24,32,27,8.1,79,9.125,1011,34.375,40,26,27,113,176,356,,,,météo correcte
2011-11-08,31,27,9,25,31,28,4.7,80,9.125,1011,43.625,37,25,27,116,176,176,,,,météo favorable
2011-11-09,32,28,7,25,32,29,1.7,78,9.5,1011,30.5,39,25,28,176,116,176,,,,météo favorable
2011-11-10,31,28,8,25,31,29,1.8,78,9.625,1011,29,39,26,28,113,116,176,,,,météo favorable
2011-11-11,32,28,5,24,32,29,0.8,80,9.875,1012,26,42,27,28,113,113,116,,,,météo correcte
2011-11-12,32,27,5,23,32,29,2.1,81,9.5,1012,21.625,42,27,27,113,176,176,,,,météo correcte
2011-11-13,32,28,4,24,32,29,1.1,83,9.625,1011,19.5,42,27,28,113,113,176,,,,météo correcte
2011-11-14,32,28,8,24,32,29,3.5,81,9.25,1011,27.25,42,27,28,176,176,176,,,,météo correcte
2011-11-15,33,28,6,25,33,28,1.9,82,9.75,1011,26.875,42,27,28,116,113,176,,,,météo correcte
2011-11-16,32,28,5,24,32,29,0.4,79,9.75,1010,22.25,41,26,28,113,113,176,,,,météo correcte
2011-11-17,32,28,6,25,32,29,1.1,79,9.75,1010,38.625,40,26,28,119,116,176,,,,météo correcte
2011-11-18,32,28,7,25,32,29,9.7,81,9.125,1010,27.5,40,27,28,116,176,176,,,,météo correcte
2011-11-19,31,27,7,23,31,28,14.2,82,8.375,1010,23.875,39,26,27,356,176,356,,,,météo défavorable
2011-11-20,32,28,6,24,32,29,5.5,82,9.5,1010,23.375,40,26,28,113,116,356,,,,météo correcte
2011-11-21,33,28,5,23,33,29,4.6,79,9.125,1010,19.625,42,27,28,176,113,176,,,,météo correcte
2011-11-22,32,27,5,22,32,29,12,82,9,1009,22.375,42,27,27,113,176,356,,,,météo correcte
2011-11-23,32,28,7,24,32,29,1.1,79,9.875,1009,14.875,41,26,28,113,113,113,,,,météo correcte
2011-11-24,32,28,8,24,32,29,0,77,10,1008,17.25,40,26,28,113,113,116,,,,météo correcte
2011-11-25,33,28,8,23,33,29,0,75,10,1009,13.625,42,26,28,113,113,116,,,,météo correcte
2011-11-26,33,28,9,24,33,29,0.7,79,9.75,1008,12.125,44,27,28,113,113,176,,,,météo défavorable
2011-11-27,33,29,5,25,33,30,4.2,80,9.375,1007,27.75,44,27,29,116,113,356,,,,météo défavorable
2011-11-28,33,29,9,25,33,30,1.2,78,9.625,1007,23.75,43,27,29,116,113,176,,,,météo correcte
2011-11-29,32,28,8,25,32,30,1.3,79,9.625,1008,18.375,41,27,28,113,113,176,,,,météo correcte
2011-11-30,33,28,8,24,33,29,4,80,9.5,1009,13.25,43,27,28,176,113,176,,,,météo correcte
2011-12-01,34,28,6,23,34,30,0.4,78,10,1008,11.25,45,28,28,113,113,113,,,,météo défavorable
2011-12-02,34,28,5,24,34,30,1.1,77,9.75,1007,12.25,45,27,28,176,113,113,,,,météo défavorable
2011-12-03,33,28,6,24,33,29,0.7,77,9.875,1008,13.375,44,27,28,113,113,113,,,,météo défavorable
2011-12-04,33,28,8,24,33,29,4.4,76,9.5,1009,14.5,43,27,28,176,113,176,,,,météo correcte
2011-12-05,32,29,7,25,32,29,13.1,76,9,1009,23.375,41,26,29,116,113,356,,,,météo défavorable
2011-12-06,32,27,5,23,32,29,0.4,76,9.75,1009,16.375,39,25,27,113,113,176,,,,météo favorable
2011-12-07,32,28,5,24,32,29,7.8,77,9.25,1009,47.5,40,26,28,119,116,356,,,,météo correcte
2011-12-08,32,27,8,23,32,29,3.2,77,9.75,1009,23.625,40,26,27,113,113,176,,,,météo correcte
2011-12-09,32,28,8,24,32,28,6.4,76,9.375,1008,18.125,39,25,28,113,113,356,,,,météo favorable
2011-12-10,30,28,9,25,29,28,0.4,86,9.875,1009,52.375,36,25,28,119,119,116,,,,météo correcte
2011-12-11,30,27,6,24,30,28,0.5,78,9.875,1010,36.875,35,24,27,176,116,116,,,,météo favorable
2011-12-12,31,28,9,24,31,29,0.8,80,9.75,1009,29.25,38,26,28,113,113,176,,,,météo favorable
2011-12-13,32,28,13,23,32,29,0.3,80,10,1009,14.125,40,26,28,113,113,113,,,,météo correcte
2011-12-14,32,28,11,24,32,29,1.6,79,9.625,1009,18.125,39,25,28,113,113,176,,,,météo favorable
2011-12-15,31,28,8,24,31,28,17.4,80,8.25,1008,43.875,39,26,28,116,356,356,,,,météo très défavorable
2011-12-16,32,28,6,24,32,28,8.9,79,9.375,1007,40,39,25,28,113,176,356,,,,météo correcte
2011-12-17,32,28,6,24,32,28,16.3,82,8.75,1007,50.875,39,26,28,113,176,353,,,,météo très défavorable
2011-12-18,32,28,6,24,32,28,28.3,84,7.875,1007,57.125,41,27,28,116,356,359,,,,météo très défavorable
2011-12-19,31,27,7,24,31,27,10.4,85,9.5,1007,47,38,26,27,116,356,353,,,,météo correcte
2011-12-20,31,27,10,23,31,29,0.7,81,9.75,1007,18.625,38,26,27,116,113,113,,,,météo favorable
2011-12-21,33,28,6,23,33,30,9.2,84,9.5,1008,24.25,43,28,28,113,119,356,,,,météo correcte
2011-12-22,33,29,5,26,33,29,5.3,84,9.625,1007,19.625,46,28,29,116,113,176,,,,météo défavorable
2011-12-23,33,29,6,25,33,30,2,80,9.375,1006,30,44,28,29,116,176,176,,,,météo défavorable
2011-12-24,32,28,9,24,32,29,4.5,80,9.75,1007,16.75,40,26,28,113,113,176,,,,météo correcte
2011-12-25,32,28,4,25,32,29,0.8,80,9.875,1007,42.375,41,27,28,119,116,176,,,,météo correcte
2011-12-26,32,29,6,25,32,29,15.6,80,8.625,1008,22.125,43,27,29,176,113,356,,,,météo défavorable
2011-12-27,32,27,7,23,32,29,2.9,80,9.75,1009,24.875,41,27,27,176,113,113,,,,météo correcte
2011-12-28,31,28,6,27,30,30,1.6,82,9.5,1009,25.25,40,27,28,116,176,176,,,,météo correcte
2011-12-29,32,28,9,25,31,29,0.2,80,10,1010,24.5,40,26,28,113,113,116,,,,météo correcte
2011-12-30,29,26,5,24,28,28,0.7,83,9.125,1010,46.625,34,25,26,116,116,176,,,,météo favorable
2011-12-31,31,26,11,23,31,28,2.9,81,9.875,1011,44.25,37,25,26,116,116,353,,,,météo favorable
2012-01-01,31,27,7,24,31,28,14.3,82,8.625,1010,59.75,38,25,27,353,176,356,,,,météo défavorable
2012-01-02,30,27,15,24,30,28,1.7,82,9.625,1010,33.375,37,26,27,116,116,176,,,,météo favorable
2012-01-03,33,28,4,24,33,29,4.9,80,9.625,1010,22,43,27,28,113,113,356,,,,météo correcte
2012-01-04,32,28,5,25,32,29,8.2,79,9.25,1011,40.125,39,26,28,116,176,176,,,,météo correcte
2012-01-05,31,28,6,24,31,29,8.6,80,8.875,1009,35.625,38,26,28,116,176,176,,,,météo correcte
2012-01-06,31,27,11,24,31,28,5,77,9.625,1009,33.25,38,25,27,116,113,176,,,,météo favorable
2012-01-07,31,27,10,24,31,27,17.5,84,8.5,1009,48.125,39,26,27,176,176,356,,,,météo très défavorable
2012-01-08,31,27,15,24,31,28,11.2,83,8.875,1009,45.5,38,26,27,116,176,356,,,,météo correcte
2012-01-09,27,26,12,25,27,27,5.9,88,7.25,1008,54.125,32,25,26,353,263,293,,,,météo correcte
2012-01-10,27,25,10,25,26,26,29.8,92,8.25,1007,51.375,31,25,25,299,299,293,,,,météo très défavorable
2012-01-11,28,26,13,25,27,27,10.3,88,8.75,1007,50.375,33,25,26,116,353,356,,,,météo correcte
2012-01-12,28,26,15,25,27,28,18.3,90,9.375,1008,62.875,34,26,26,353,353,299,,,,météo très défavorable
2012-01-13,29,26,11,25,28,28,6.1,85,9.625,1008,55.375,34,25,26,293,353,353,,,,météo correcte
2012-01-14,28,25,12,24,27,27,1.1,86,9.875,1008,55.75,33,25,25,116,119,176,,,,météo correcte
2012-01-15,31,26,8,22,31,29,6,80,9.375,1008,32.75,39,26,26,116,116,176,,,,météo favorable
2012-01-16,30,27,12,24,30,28,2.1,81,9.625,1007,38.875,36,25,27,116,116,176,,,,météo favorable
2012-01-17,31,26,12,22,31,29,1.1,77,9.625,1008,23.5,37,25,26,116,113,176,,,,météo favorable
2012-01-18,31,26,9,22,31,29,1,80,9.875,1008,15.25,38,26,26,113,113,113,,,,météo favorable
2012-01-19,32,26,5,24,32,26,34.4,84,6.875,1009,57.625,41,27,26,176,356,359,,,,météo très défavorable
2012-01-20,32,27,7,24,32,28,9.7,81,8.625,1008,28.625,40,26,27,113,113,356,,,,météo correcte
2012-01-21,28,25,11,24,27,27,19.7,87,8.375,1007,53.875,33,25,25,176,356,356,,,,météo très défavorable
2012-01-22,30,27,13,25,29,29,7.2,81,9.375,1007,43.625,35,25,27,116,353,353,,,,météo correcte
2012-01-23,30,26,15,23,30,27,1.4,81,9.75,1007,45.125,36,25,26,116,176,116,,,,météo favorable
2012-01-24,29,26,25,25,28,28,4.1,84,9.75,1006,55.25,34,25,26,176,353,353,,,,météo correcte
2012-01-25,28,27,29,26,28,28,1.2,84,10,1005,62.375,33,25,27,119,353,353,,,,météo correcte
2012-01-26,29,27,31,26,28,28,0.6,82,9.75,1005,57.375,34,25,27,116,353,176,,,,météo correcte
2012-01-27,28,27,25,26,28,28,0.8,84,9,1006,66.375,33,25,27,119,266,353,,,,météo défavorable
2012-01-28,28,26,24,26,27,27,5.8,86,9.25,1007,64.125,32,25,26,116,266,176,,,,météo correcte
2012-01-29,28,26,21,25,27,28,7.6,87,9.25,1007,63.625,33,25,26,119,356,353,,,,météo correcte
2012-01-30,26,25,20,25,26,26,14.5,92,8.875,1009,71.5,29,24,25,353,296,302,,,,météo défavorable
2012-01-31,29,25,14,23,29,27,6.5,83,9.25,1010,46.625,35,25,25,116,113,356,,,,météo favorable
2012-02-01,30,26,8,23,30,27,7.6,84,8.25,1010,56.5,35,25,26,263,116,356,,,,météo correcte
2012-02-02,29,26,6,24,28,28,8.4,84,9.5,1010,49.75,34,25,26,116,353,356,,,,météo correcte
2012-02-03,28,25,10,24,27,27,1.9,84,9.25,1010,50.125,31,24,25,116,116,353,,,,météo favorable
2012-02-04,27,25,18,24,26,26,14.7,91,8.75,1009,64.75,31,25,25,119,356,302,,,,météo défavorable
2012-02-05,30,26,7,22,30,28,10.9,84,9,1010,57.125,36,25,26,296,116,356,,,,météo correcte
2012-02-06,31,26,9,22,31,28,13.8,81,8.625,1010,26.375,38,26,26,113,176,356,,,,météo défavorable
2012-02-07,31,26,8,23,31,28,6.5,83,9.375,1009,21.125,38,26,26,113,113,356,,,,météo favorable
2012-02-08,31,26,8,24,31,28,11.4,83,8.75,1009,27.875,38,26,26,116,113,356,,,,météo correcte
2012-02-09,31,26,8,23,30,28,4,82,9.5,1009,30.25,39,26,26,116,113,176,,,,météo favorable
2012-02-10,30,26,12,23,30,27,6.8,83,9.375,1009,33.75,35,25,26,116,113,356,,,,météo favorable
2012-02-11,31,26,10,22,31,28,2.6,82,9.625,1009,27.75,38,26,26,116,116,176,,,,météo favorable
2012-02-12,32,27,6,22,32,28,4.8,82,9.125,1010,22.625,41,27,27,176,176,113,,,,météo correcte
2012-02-13,32,27,8,23,32,29,0.1,82,10,1011,18,41,27,27,113,113,113,,,,météo correcte
2012-02-14,32,27,3,23,32,29,1.4,82,9.875,1011,9.125,42,27,27,176,113,113,,,,météo correcte
2012-02-15,32,27,6,24,32,29,0.7,81,10,1010,17.875,42,27,27,113,116,113,,,,météo correcte
2012-02-16,32,27,7,24,31,29,0.7,82,9.875,1009,18.375,40,27,27,116,113,113,,,,météo correcte
2012-02-17,31,26,6,23,31,29,0.9,81,9.875,1009,26.625,38,25,26,113,116,116,,,,météo favorable
2012-02-18,32,27,7,24,32,28,23.8,79,8.25,1009,29.125,40,26,27,116,356,356,,,,météo très défavorable
2012-02-19,30,26,8,24,30,26,12.9,87,7.625,1009,48.75,37,26,26,116,116,353,,,,météo correcte
2012-02-20,30,26,10,23,30,27,15.7,84,8,1009,26.25,37,26,26,176,176,356,,,,météo défavorable
2012-02-21,30,26,10,23,30,27,1.4,84,9.75,1009,25,35,25,26,116,113,176,,,,météo favorable
2012-02-22,30,28,10,23,30,28,7.5,86,9.375,1008,37.5,36,25,28,353,176,176,,,,météo favorable
2012-02-23,31,26,12,22,31,29,3.8,85,9.625,1008,21,39,27,26,113,113,176,,,,météo favorable
2012-02-24,30,26,9,24,30,27,20.1,87,7,1008,44.75,38,27,26,116,176,359,,,,météo très défavorable
2012-02-25,31,27,7,23,31,28,3,83,9.25,1007,41.875,40,27,27,116,113,176,,,,météo correcte
2012-02-26,31,26,9,22,31,29,0.8,85,9.75,1007,27.25,39,27,26,116,116,176,,,,météo favorable
2012-02-27,31,26,9,22,31,28,1.4,81,9.625,1007,21.25,38,26,26,116,176,176,,,,météo favorable
2012-02-28,31,26,9,22,31,28,0.4,81,10,1007,14.375,38,26,26,113,113,113,,,,météo favorable
2012-02-29,30,26,12,23,30,28,2.7,82,9.5,1006,30.875,37,25,26,116,176,176,,,,météo favorable
2012-03-01,31,27,7,23,31,27,12.3,85,8.75,1007,54.875,38,26,27,263,353,353,,,,météo correcte
2012-03-02,32,27,6,24,32,28,19.7,83,8,1007,44.375,40,26,27,176,176,356,,,,météo très défavorable
2012-03-03,31,27,6,23,31,28,22.8,83,8.5,1006,46.625,38,26,27,116,356,356,,,,météo très défavorable
2012-03-04,30,26,6,23,30,28,4.1,85,7.125,1006,54.25,37,26,26,353,263,263,,,,météo correcte
2012-03-05,31,27,8,24,31,27,15.4,85,8.875,1007,49.75,37,26,27,116,176,356,,,,météo défavorable
2012-03-06,30,26,12,24,30,27,2.8,85,9.375,1006,41.875,36,26,26,116,116,353,,,,météo favorable
2012-03-07,31,27,9,23,31,28,13.3,80,9.25,1007,45.75,39,26,27,116,356,353,,,,météo défavorable
2012-03-08,30,26,12,23,30,28,9.9,84,9.375,1005,48.75,36,25,26,176,353,176,,,,météo correcte
2012-03-09,30,27,14,24,30,27,6.9,90,9.5,1005,54.75,37,26,27,353,353,356,,,,météo correcte
2012-03-10,28,26,16,25,28,28,2.1,87,9.375,1006,48.375,34,26,26,116,116,353,,,,météo favorable
2012-03-11,29,26,16,25,28,28,0.8,86,10,1007,50.75,35,26,26,119,116,353,,,,météo favorable
2012-03-12,29,26,18,25,28,28,0.3,86,10,1008,58.5,35,26,26,119,116,116,,,,météo correcte
2012-03-13,29,27,16,26,28,28,11.2,89,8.75,1008,46.625,35,26,27,119,176,356,,,,météo correcte
2012-03-14,28,26,25,26,28,28,10.9,89,9,1007,61.125,34,26,26,356,353,353,,,,météo correcte
2012-03-15,28,27,31,26,28,28,1.6,85,10,1006,62.875,33,25,27,353,353,353,,,,météo correcte
2012-03-16,29,27,36,26,28,28,1.1,84,9.25,1005,56,33,25,27,119,353,176,,,,météo correcte
2012-03-17,28,27,31,26,28,28,4.1,87,9.875,1006,57.5,34,26,27,116,353,353,,,,météo correcte
2012-03-18,29,27,24,26,29,29,1.8,84,9.75,1007,37.625,35,26,27,113,353,116,,,,météo correcte
2012-03-19,28,25,12,24,27,27,9.1,89,8.5,1010,57,32,25,25,299,263,353,,,,météo correcte
2012-03-20,25,24,8,24,25,25,42.2,92,8.25,1008,65.75,28,24,24,353,305,299,,,,météo très défavorable
2012-03-21,30,25,8,23,28,28,18,89,7.125,1009,63.25,37,26,25,296,266,353,,,,météo très défavorable
2012-03-22,30,26,6,22,30,27,22,88,7.75,1010,41.875,38,26,26,116,116,359,,,,météo très défavorable
2012-03-23,29,25,7,22,29,27,15.5,86,8.875,1011,27.625,36,26,25,113,176,356,,,,météo défavorable
2012-03-24,31,26,5,22,31,27,22,87,8.25,1011,37.5,40,27,26,116,176,356,,,,météo très défavorable
2012-03-25,31,25,9,22,31,27,0.2,82,9.875,1011,21.375,39,26,25,113,113,116,,,,météo favorable
2012-03-26,31,26,8,23,31,27,0.1,82,10,1012,13.5,39,26,26,113,113,116,,,,météo favorable
2012-03-27,31,25,9,21,31,28,0.1,83,10,1012,14.125,40,26,25,113,113,116,,,,météo correcte
2012-03-28,31,27,10,24,31,27,19.4,84,8.75,1012,29.875,39,27,27,116,356,356,,,,météo très défavorable
2012-03-29,31,26,8,23,31,28,0.4,83,9.875,1012,23.625,39,26,26,113,113,176,,,,météo favorable
2012-03-30,31,26,6,23,31,28,0.4,82,9.875,1011,15.875,38,26,26,113,113,176,,,,météo favorable
2012-03-31,31,27,8,23,31,28,0.9,87,9.75,1011,25.875,41,27,27,116,113,176,,,,météo correcte
2012-04-01,31,26,6,22,31,27,25.7,86,7.5,1012,23.625,40,27,26,176,113,359,,,,météo très défavorable
2012-04-02,31,26,6,22,31,28,7.8,86,9.25,1013,18.625,39,27,26,113,113,356,,,,météo favorable
2012-04-03,31,27,6,23,31,28,3.8,85,9.625,1014,17.375,39,27,27,113,113,113,,,,météo favorable
2012-04-04,31,26,5,22,31,28,21.8,83,8.5,1014,29.625,41,27,26,176,176,356,,,,météo très défavorable
2012-04-05,30,26,5,22,30,28,3.4,84,9.5,1013,29.875,37,26,26,353,176,176,,,,météo favorable
2012-04-06,31,26,9,22,31,28,1.4,81,9.75,1012,26.25,38,26,26,116,113,176,,,,météo favorable
2012-04-07,31,26,8,22,31,28,0.4,81,9.75,1012,13.5,38,26,26,113,113,176,,,,météo favorable
2012-04-08,31,26,8,22,30,28,0.2,80,10,1011,9.25,37,25,26,113,113,113,,,,météo favorable
2012-04-09,31,26,8,22,31,28,0,82,10,1011,9.625,38,26,26,113,113,113,,,,météo favorable
2012-04-10,31,26,8,23,31,28,0.5,83,9.875,1012,22.125,38,26,26,113,113,176,,,,météo favorable
2012-04-11,31,26,8,23,31,28,0.4,81,10,1011,12.5,38,26,26,113,113,113,,,,météo favorable
2012-04-12,30,26,10,23,30,27,1.2,80,9.75,1011,14,36,25,26,113,113,113,,,,météo favorable
2012-04-13,30,27,12,24,30,28,0.4,81,9.875,1011,18.625,37,25,27,113,113,176,,,,météo favorable
2012-04-14,32,27,7,23,32,28,0.6,83,9.75,1010,21.125,40,27,27,113,113,176,,,,météo correcte
2012-04-15,32,27,8,23,32,28,0.6,83,9.75,1010,17.5,39,26,27,113,113,176,,,,météo favorable
2012-04-16,33,27,5,23,33,29,4.5,85,9.375,1010,11.375,44,28,27,113,113,356,,,,météo défavorable
2012-04-17,32,27,9,23,32,29,0,84,10,1009,18.375,41,27,27,113,113,116,,,,météo correcte
2012-04-18,32,27,6,24,32,29,0,83,10,1009,14.875,40,27,27,113,113,113,,,,météo correcte
2012-04-19,31,27,10,24,31,28,0,81,10,1009,13.5,39,26,27,113,113,113,,,,météo favorable
2012-04-20,32,27,9,23,32,29,3.5,85,9.625,1010,26.5,42,28,27,116,113,176,,,,météo correcte
2012-04-21,32,27,8,23,32,28,7.6,83,9,1010,23.75,41,27,27,116,176,356,,,,météo correcte
2012-04-22,32,27,11,24,32,28,1.6,82,9.625,1010,13.75,41,27,27,113,113,176,,,,météo correcte
2012-04-23,33,25,8,21,31,28,0,81,10,1010,8,42,27,25,113,113,113,,,,météo correcte
2012-04-24,32,26,6,22,32,28,0.2,82,10,1010,12.375,41,27,26,113,113,116,,,,météo correcte
2012-04-25,32,27,9,23,32,28,1.4,83,9.875,1011,19.75,41,27,27,116,113,176,,,,météo correcte
2012-04-26,33,27,9,24,33,29,0,79,10,1011,6.375,43,27,27,113,113,113,,,,météo correcte
2012-04-27,32,26,6,22,32,29,0.8,81,9.75,1011,21.25,39,26,26,116,113,176,,,,météo favorable
2012-04-28,31,27,6,23,31,28,7.1,81,9.25,1010,21.125,38,26,27,116,176,356,,,,météo favorable
2012-04-29,31,27,10,22,31,28,0.8,81,10,1010,19.75,39,26,27,116,113,113,,,,météo favorable
2012-04-30,32,27,6,22,32,29,5,82,9.125,1010,21.5,41,27,27,176,176,176,,,,météo correcte
2012-05-01,31,27,10,24,31,28,1.9,83,9.75,1010,28.375,39,26,27,113,176,353,,,,météo favorable
2012-05-02,31,27,12,24,31,28,0,81,10,1011,13.375,37,25,27,116,113,113,,,,météo favorable
2012-05-03,32,26,11,23,31,29,1.9,80,9.75,1009,17.25,40,26,26,113,113,176,,,,météo correcte
2012-05-04,32,27,14,24,32,29,0,82,10,1009,20,41,27,27,116,113,113,,,,météo correcte
2012-05-05,32,26,8,23,31,28,4.4,83,9.5,1010,22.625,41,27,26,176,176,176,,,,météo correcte
2012-05-06,31,27,8,24,31,28,2.8,82,9.5,1010,29,39,26,27,116,176,176,,,,météo favorable
2012-05-07,32,27,10,23,31,29,3.2,81,9.75,1010,19,39,26,27,113,176,113,,,,météo favorable
2012-05-08,31,27,10,24,31,28,0.5,83,9.875,1010,17.25,37,25,27,116,113,113,,,,météo favorable
2012-05-09,30,26,11,23,30,28,0,80,10,1011,9.625,36,24,26,113,113,113,,,,météo favorable
2012-05-10,30,27,12,24,30,27,3,84,9.75,1011,22.25,37,25,27,113,116,176,,,,météo favorable
2012-05-11,30,27,11,26,29,29,4.3,83,9.5,1010,22.75,37,26,27,113,176,176,,,,météo favorable
2012-05-12,29,27,14,26,28,28,1.3,85,9.75,1009,35.875,34,26,27,116,176,176,,,,météo favorable
2012-05-13,32,27,7,24,32,28,7.7,84,9.125,1008,33.5,40,27,27,176,176,356,,,,météo correcte
2012-05-14,29,26,8,24,28,28,5.7,86,9.375,1010,38.375,34,25,26,116,176,176,,,,météo favorable
2012-05-15,29,26,10,25,28,28,12.4,87,8.375,1010,43.375,34,26,26,356,116,176,,,,météo correcte
2012-05-16,31,26,8,23,31,28,3.4,83,9.5,1010,28.75,39,26,26,113,113,176,,,,météo favorable
2012-05-17,31,27,7,24,31,28,6.1,86,9.375,1010,29.375,39,26,27,116,116,356,,,,météo favorable
2012-05-18,30,27,12,25,29,29,0,83,10,1012,22.5,36,26,27,113,113,113,,,,météo favorable
2012-05-19,29,27,13,25,29,29,0,83,10,1011,26.375,35,25,27,116,113,116,,,,météo favorable
2012-05-20,31,26,14,23,31,27,0,82,10,1011,11.875,37,25,26,113,113,113,,,,météo favorable
2012-05-21,28,25,16,24,27,27,0,78,10,1011,5.75,31,23,25,113,113,113,,,,météo idéale
2012-05-22,30,26,15,22,30,27,0,80,10,1012,18,35,24,26,113,113,113,,,,météo favorable
2012-05-23,29,26,17,24,28,28,0,81,10,1012,11.625,33,24,26,113,113,113,,,,météo idéale
2012-05-24,29,26,20,23,29,26,0,76,10,1012,4.125,33,23,26,113,113,113,,,,météo idéale
2012-05-25,30,24,17,21,30,27,0,81,10,1011,6,35,24,24,113,113,113,,,,météo favorable
2012-05-26,28,26,15,24,28,28,0,82,10,1011,20.375,33,24,26,113,116,116,,,,météo favorable
2012-05-27,29,26,17,25,28,28,0,81,10,1012,17.5,33,24,26,116,113,113,,,,météo idéale
2012-05-28,29,26,13,24,28,28,0,82,10,1011,18.375,33,24,26,116,113,113,,,,météo idéale
2012-05-29,28,26,13,24,28,28,0.1,84,10,1011,19.375,32,24,26,116,116,113,,,,météo favorable
2012-05-30,28,26,15,25,28,28,0.2,83,10,1011,27.375,33,24,26,116,113,116,,,,météo idéale
2012-05-31,28,26,12,24,28,28,1.1,82,9.75,1010,27.75,37,26,27,116,113,176,,,,météo favorable
2012-06-01,28,25,15,24,27,27,0,81,10,1011,15.125,34,25,26,116,113,113,,,,météo idéale
2012-06-02,29,25,13,21,29,26,0,81,10,1010,12.75,39,26,26,113,113,113,,,,météo favorable
2012-06-03,30,24,10,21,29,27,0,80,10,1010,8.625,38,25,26,113,113,113,,,,météo favorable
2012-06-04,31,24,11,20,30,27,0,81,10,1010,5.25,43,27,25,113,113,113,,,,météo correcte
2012-06-05,31,24,6,20,31,27,0,81,10,1011,6.375,42,27,25,113,113,113,,,,météo correcte
2012-06-06,31,25,9,21,31,28,0,84,10,1010,16.875,41,27,27,113,113,116,,,,météo correcte
2012-06-07,30,25,9,22,30,28,0.3,84,10,1010,24.5,42,27,27,113,113,116,,,,météo correcte
2012-06-08,30,26,11,23,30,28,0.3,83,10,1011,21,42,27,28,113,113,116,,,,météo correcte
2012-06-09,31,26,10,23,31,28,0.1,84,10,1012,29.25,43,28,28,116,113,116,,,,météo correcte
2012-06-10,31,26,10,22,31,29,4.4,85,9.5,1011,28.625,46,29,27,113,113,176,,,,météo défavorable
2012-06-11,31,26,12,24,30,28,1.3,84,10,1012,19,44,28,29,116,116,113,,,,météo défavorable
2012-06-12,30,25,10,23,29,27,0,80,10,1012,12.875,38,25,27,116,113,113,,,,météo favorable
2012-06-13,29,25,13,22,29,26,0,81,10,1013,6,37,24,26,113,113,113,,,,météo favorable
2012-06-14,30,24,8,20,30,27,0,80,10,1013,6.625,40,26,26,113,113,113,,,,météo correcte
2012-06-15,30,25,14,21,30,26,0,80,10,1012,5.125,37,25,26,113,113,113,,,,météo favorable
2012-06-16,30,25,14,21,29,27,0,80,10,1012,7.625,38,25,26,113,113,113,,,,météo favorable
2012-06-17,30,25,13,22,29,27,0,81,10,1013,13.375,39,25,27,116,113,113,,,,météo favorable
2012-06-18,29,25,13,22,29,26,0,81,10,1013,13.5,37,25,26,116,113,113,,,,météo favorable
2012-06-19,30,25,16,21,30,26,0,81,10,1013,13.875,38,26,26,113,113,113,,,,météo favorable
2012-06-20,28,25,13,24,27,27,5.8,90,9.25,1013,37,36,26,27,293,176,176,,,,météo favorable
2012-06-21,29,25,17,23,29,25,0,85,10,1014,21.125,37,26,26,116,113,113,,,,météo favorable
2012-06-22,29,25,17,22,29,25,0,80,10,1014,15.25,36,24,26,113,113,116,,,,météo favorable
2012-06-23,29,23,14,20,29,25,0,80,10,1013,4.25,35,23,25,113,113,113,,,,météo favorable
2012-06-24,29,24,16,21,29,26,0,80,10,1014,5.625,36,24,26,113,113,113,,,,météo favorable
2012-06-25,29,24,15,21,29,26,0,79,10,1013,15.75,36,25,25,113,113,113,,,,météo favorable
2012-06-26,29,24,14,21,29,26,0,79,10,1014,9.5,36,24,25,113,113,113,,,,météo favorable
2012-06-27,30,25,13,21,29,26,0,82,10,1013,13.375,37,25,26,116,113,113,,,,météo favorable
2012-06-28,29,25,12,23,29,26,0.1,83,10,1013,18.625,38,25,27,116,116,113,,,,météo favorable
2012-06-29,29,25,14,22,29,26,0,80,10,1012,10.875,36,24,26,116,113,113,,,,météo favorable
2012-06-30,29,25,14,22,28,25,0,81,10,1012,15.875,36,24,26,116,116,113,,,,météo favorable
2012-07-01,28,24,15,21,28,25,0,78,10,1011,6.875,33,22,26,113,113,113,,,,météo idéale
2012-07-02,29,25,18,22,28,26,0,80,10,1011,9.375,35,24,26,113,113,113,,,,météo favorable
2012-07-03,27,24,19,23,26,26,0,80,10,1010,10.375,32,23,25,113,113,113,,,,météo idéale
2012-07-04,28,23,15,20,28,25,0,79,10,1010,3.375,34,23,24,113,113,113,,,,météo idéale
2012-07-05,29,24,17,21,29,26,0,80,10,1011,12.5,36,25,26,113,113,113,,,,météo favorable
2012-07-06,28,25,19,24,27,27,0,82,10,1010,24.375,33,24,27,116,113,113,,,,météo idéale
2012-07-07,27,25,18,24,27,27,0,80,10,1009,24.25,33,24,26,113,113,113,,,,météo idéale
2012-07-08,29,25,17,23,29,25,0,78,10,1011,24.75,36,24,26,113,113,113,,,,météo favorable
2012-07-09,29,25,16,22,29,26,0,78,10,1011,15.125,35,24,27,113,113,113,,,,météo favorable
2012-07-10,30,25,11,22,30,27,0,83,10,1011,20.25,43,27,27,113,113,116,,,,météo correcte
2012-07-11,29,25,15,22,29,27,0,84,10,1011,19.875,40,27,26,113,113,116,,,,météo correcte
2012-07-12,28,25,15,24,27,27,0.2,86,10,1011,29.25,35,25,26,113,113,116,,,,météo favorable
2012-07-13,27,25,17,24,27,27,0.1,84,10,1012,28.5,33,25,27,113,116,113,,,,météo favorable
2012-07-14,28,25,15,24,27,27,0.1,86,10,1012,23.125,34,25,26,116,113,113,,,,météo idéale
2012-07-15,28,25,15,23,27,27,0,83,10,1013,16.125,34,25,26,116,113,113,,,,météo idéale
2012-07-16,29,24,14,21,29,26,0,83,10,1013,10.375,37,25,26,113,113,113,,,,météo favorable
2012-07-17,27,25,14,23,27,27,0.1,84,10,1013,25.875,34,25,27,113,116,113,,,,météo favorable
2012-07-18,28,25,17,24,27,27,0.1,85,10,1012,36.375,34,24,26,116,116,116,,,,météo favorable
2012-07-19,29,25,16,23,29,27,0,80,10,1013,20.125,37,25,26,116,113,113,,,,météo favorable
2012-07-20,29,24,17,20,29,26,0,80,10,1014,7,36,24,25,113,113,113,,,,météo favorable
2012-07-21,29,24,17,20,29,26,0,76,10,1014,9.75,35,24,25,113,113,113,,,,météo favorable
2012-07-22,29,24,14,21,29,26,0,77,10,1012,5.875,36,24,25,113,113,113,,,,météo favorable
2012-07-23,28,24,14,21,28,25,0,78,10,1012,6.125,34,23,25,113,113,113,,,,météo idéale
2012-07-24,29,24,17,21,29,25,0,77,10,1012,7.5,35,23,26,116,113,113,,,,météo favorable
2012-07-25,29,24,16,20,29,25,0,80,10,1013,8.875,35,23,25,116,113,113,,,,météo favorable
2012-07-26,28,24,17,21,28,25,0,78,10,1013,16.5,34,23,26,116,113,113,,,,météo idéale
2012-07-27,29,24,16,20,29,26,0,80,10,1013,15.625,36,24,26,113,113,113,,,,météo favorable
2012-07-28,30,24,14,21,29,26,0,79,10,1013,13.625,38,25,26,116,113,113,,,,météo favorable
2012-07-29,29,25,13,22,29,26,0,80,10,1014,20.25,37,25,26,116,113,113,,,,météo favorable
2012-07-30,28,24,17,23,27,27,0,78,10,1013,9.375,32,23,26,113,113,113,,,,météo idéale
2012-07-31,28,23,18,20,28,24,0,73,10,1013,1.625,33,22,25,113,113,113,,,,météo idéale
2012-08-01,28,24,14,20,28,26,0,80,10,1014,10.75,35,24,26,113,113,113,,,,météo favorable
2012-08-02,29,24,14,21,28,26,0,80,10,1014,12.5,35,24,26,113,113,113,,,,météo favorable
2012-08-03,29,25,13,22,29,26,0,79,10,1014,18.625,36,24,26,116,113,113,,,,météo favorable
2012-08-04,30,25,13,22,30,27,0,78,10,1013,10.375,39,25,26,113,113,113,,,,météo favorable
2012-08-05,30,25,17,22,30,27,0,77,10,1014,10,38,24,27,113,113,113,,,,météo favorable
2012-08-06,31,24,12,20,30,27,0,76,10,1014,5.375,39,25,26,113,113,113,,,,météo favorable
2012-08-07,29,24,12,20,29,27,0,75,10,1014,4.125,36,24,26,113,113,113,,,,météo favorable
2012-08-08,28,24,13,21,28,26,0,75,10,1014,9.5,35,23,26,113,113,113,,,,météo favorable
2012-08-09,29,24,13,21,28,26,0,77,10,1013,8.625,36,24,26,113,113,113,,,,météo favorable
2012-08-10,28,24,13,21,28,26,0,80,10,1014,6,35,24,26,113,113,113,,,,météo favorable
2012-08-11,29,25,14,21,29,27,0,79,10,1015,5.75,37,24,27,113,113,113,,,,météo favorable
2012-08-12,29,24,13,20,29,26,0,78,10,1014,4.75,36,24,26,113,113,113,,,,météo favorable
2012-08-13,28,23,16,20,28,25,0,73,10,1014,0.625,32,21,24,113,113,113,,,,météo idéale
2012-08-14,28,24,11,21,27,25,0,76,10,1014,12.875,34,23,25,113,113,113,,,,météo idéale
2012-08-15,28,24,10,21,28,26,0.2,77,10,1014,26.25,36,24,25,116,113,116,,,,météo favorable
2012-08-16,30,24,10,20,29,27,0,79,10,1013,8.5,37,24,25,113,113,113,,,,météo favorable
2012-08-17,30,24,10,22,29,26,0,80,10,1012,15.625,38,25,26,116,113,113,,,,météo favorable
2012-08-18,30,24,11,21,29,26,0,80,10,1013,8.875,39,24,26,113,113,113,,,,météo favorable
2012-08-19,29,25,14,21,29,26,0,75,10,1013,5.25,35,22,26,116,113,113,,,,météo favorable
2012-08-20,29,24,14,20,29,26,0,73,10,1013,0,35,22,25,113,113,113,,,,météo favorable
2012-08-21,29,24,8,20,29,26,0,78,10,1012,4.875,37,24,26,113,113,113,,,,météo favorable
2012-08-22,30,24,12,20,29,27,0,79,10,1013,4.5,36,24,26,113,113,113,,,,météo favorable
2012-08-23,30,25,10,22,30,26,0,79,10,1012,6.5,40,25,26,113,113,113,,,,météo correcte
2012-08-24,29,24,13,21,29,26,0,79,10,1013,3.875,38,25,25,113,113,113,,,,météo favorable
2012-08-25,30,25,15,22,29,26,0,79,10,1013,7.125,37,24,26,113,113,113,,,,météo favorable
2012-08-26,30,25,12,21,30,27,0,77,10,1012,10.625,39,25,27,113,113,113,,,,météo favorable
2012-08-27,30,26,14,23,30,27,0,79,10,1013,15.875,38,25,28,116,113,113,,,,météo favorable
2012-08-28,30,26,14,23,30,27,0,76,10,1013,7.5,37,24,27,113,113,113,,,,météo favorable
2012-08-29,30,26,12,22,30,27,0,76,10,1014,4.625,39,24,28,113,113,113,,,,météo favorable
2012-08-30,30,26,14,22,30,27,0,74,10,1014,4.5,34,21,27,113,113,113,,,,météo idéale
2012-08-31,30,25,11,21,30,27,0,72,10,1014,4.25,37,23,27,113,113,113,,,,météo favorable
2012-09-01,31,24,13,20,30,28,0,72,10,1013,2.625,38,23,26,113,113,113,,,,météo favorable
2012-09-02,31,24,9,20,30,27,0,72,10,1013,0,37,23,26,113,113,113,,,,météo favorable
2012-09-03,31,25,8,21,31,27,0,73,10,1012,0.75,39,24,27,113,113,113,,,,météo favorable
2012-09-04,30,25,10,21,30,27,0,74,10,1013,5.375,37,24,27,113,113,113,,,,météo favorable
2012-09-05,30,26,11,22,30,27,0.1,80,10,1014,14.5,39,25,28,113,113,113,,,,météo favorable
2012-09-06,31,26,6,23,31,27,0.1,79,10,1013,21.875,41,26,28,113,113,116,,,,météo correcte
2012-09-07,31,25,9,22,30,28,0,78,10,1014,9.125,40,25,27,113,113,113,,,,météo correcte
2012-09-08,31,25,6,22,31,27,0,79,10,1013,17.875,41,26,27,113,113,116,,,,météo correcte
2012-09-09,31,26,10,23,30,27,0,77,10,1014,6.375,39,25,28,113,113,113,,,,météo favorable
2012-09-10,30,26,13,22,30,27,0,72,10,1014,1,36,22,27,113,113,113,,,,météo favorable
2012-09-11,30,25,16,21,30,26,0,69,10,1014,0.5,35,21,27,113,113,113,,,,météo favorable
2012-09-12,30,26,17,22,30,26,0,69,10,1014,1.75,35,21,27,113,113,113,,,,météo favorable
2012-09-13,31,25,13,21,31,27,0,73,10,1013,12.625,39,24,27,113,113,113,,,,météo favorable
2012-09-14,31,26,10,22,31,28,0,72,10,1012,7.5,40,25,27,113,113,113,,,,météo correcte
2012-09-15,32,26,10,22,32,29,0,71,10,1012,1.625,42,25,28,113,113,113,,,,météo correcte
2012-09-16,31,26,12,22,31,28,0,75,10,1013,2.875,39,24,27,113,113,113,,,,météo favorable
2012-09-17,31,26,9,21,31,27,0,74,10,1013,2.625,38,23,27,113,113,113,,,,météo favorable
2012-09-18,31,27,9,23,31,27,0.4,80,9.875,1013,25.625,42,26,29,113,113,176,,,,météo correcte
2012-09-19,31,27,9,24,31,28,0.8,78,9.625,1012,22.625,41,25,29,176,113,113,,,,météo correcte
2012-09-20,31,27,10,24,31,27,0.4,80,9.875,1013,24.875,42,26,29,113,113,176,,,,météo correcte
2012-09-21,32,27,10,24,31,29,0,75,10,1013,9.375,42,25,29,113,113,113,,,,météo correcte
2012-09-22,31,27,15,23,31,27,0,72,10,1013,3.125,36,23,28,113,113,113,,,,météo favorable
2012-09-23,31,27,12,23,31,27,0,74,10,1012,5,38,24,29,113,113,113,,,,météo favorable
2012-09-24,32,26,13,22,31,28,0,69,10,1011,0,39,23,28,113,113,113,,,,météo favorable
2012-09-25,32,26,11,22,32,28,0,72,10,1011,0.625,41,25,28,113,113,113,,,,météo correcte
2012-09-26,32,26,10,22,32,28,0,75,10,1011,3.125,41,25,28,113,113,113,,,,météo correcte
2012-09-27,32,27,9,25,32,27,0.1,78,10,1013,22.625,38,24,27,113,113,116,,,,météo favorable
2012-09-28,32,27,8,23,32,28,0.1,76,10,1013,25,45,27,29,113,113,116,,,,météo défavorable
2012-09-29,31,27,12,24,31,27,0.2,79,10,1013,22.375,41,26,28,113,113,353,,,,météo correcte
2012-09-30,32,28,8,24,32,28,0.1,80,10,1014,27,44,27,30,113,113,116,,,,météo défavorable
2012-10-01,31,27,10,24,31,28,0.3,79,10,1015,28,42,26,29,113,113,116,,,,météo correcte
2012-10-02,32,28,8,25,32,28,0.4,79,9.875,1015,23,43,27,30,113,113,176,,,,météo correcte
2012-10-03,31,27,9,24,31,28,0.8,74,9.875,1013,13.625,41,25,29,113,113,113,,,,météo correcte
2012-10-04,31,27,11,23,31,28,0,71,10,1012,5.625,39,23,28,113,113,113,,,,météo favorable
2012-10-05,32,27,7,23,32,28,0,76,10,1013,18.375,42,25,29,113,113,116,,,,météo correcte
2012-10-06,31,27,6,24,31,27,0.9,80,9.75,1013,27.125,42,27,29,113,113,176,,,,météo correcte
2012-10-07,33,28,7,24,33,28,0.6,77,9.875,1013,13.625,44,26,29,113,113,176,,,,météo défavorable
2012-10-08,33,28,10,24,33,29,0.2,75,10,1012,9.625,46,27,29,113,113,113,,,,météo défavorable
2012-10-09,34,28,12,24,34,28,0,67,10,1011,6.75,43,24,29,113,113,113,,,,météo correcte
2012-10-10,33,27,12,23,33,28,0,71,10,1011,5.125,44,25,29,113,113,113,,,,météo défavorable
2012-10-11,33,27,6,23,33,29,0,74,10,1012,9.25,42,25,29,113,113,113,,,,météo correcte
2012-10-12,32,28,9,23,32,29,0,76,10,1012,9.25,43,26,29,113,113,116,,,,météo correcte
2012-10-13,32,28,8,24,32,29,0.4,77,9.875,1012,17.625,44,27,30,113,113,176,,,,météo défavorable
2012-10-14,32,28,9,25,32,29,0,73,10,1013,7.5,41,25,30,113,113,113,,,,météo correcte
2012-10-15,33,28,9,25,33,29,0,75,10,1013,12.625,43,26,30,113,113,116,,,,météo correcte
2012-10-16,33,28,9,25,33,29,0,76,10,1013,17.5,45,26,30,116,113,116,,,,météo défavorable
2012-10-17,32,28,11,25,32,29,0.6,76,9.75,1012,14.625,43,26,30,113,113,176,,,,météo correcte
2012-10-18,33,28,8,24,33,29,1.4,76,9.625,1012,17.375,47,28,30,113,113,176,,,,météo défavorable
2012-10-19,33,29,8,25,33,29,0.4,76,10,1012,13.5,44,26,30,113,113,113,,,,météo défavorable
2012-10-20,33,29,10,25,33,29,0.1,75,10,1011,8.75,44,26,30,113,113,113,,,,météo défavorable
2012-10-21,35,28,7,23,34,30,0,69,10,1011,3.625,47,26,30,113,113,113,,,,météo défavorable
2012-10-22,35,28,6,22,35,30,0,69,10,1011,6.375,47,26,30,113,113,113,,,,météo défavorable
2012-10-23,34,28,8,24,34,30,0,70,10,1010,6.375,45,26,30,113,113,113,,,,météo défavorable
2012-10-24,33,28,10,23,33,29,0,74,10,1009,6.5,44,26,30,113,113,113,,,,météo défavorable
2012-10-25,32,28,8,24,32,28,0.2,74,10,1009,21.875,41,25,30,113,113,116,,,,météo correcte
2012-10-26,31,27,10,22,31,29,1.5,73,9.875,1009,26.125,41,26,29,353,113,113,,,,météo correcte
2012-10-27,32,28,10,23,32,29,0,75,10,1010,7.375,40,25,29,113,113,113,,,,météo correcte
2012-10-28,32,28,10,24,32,29,0.2,76,10,1010,16.125,44,27,30,113,113,113,,,,météo défavorable
2012-10-29,32,28,8,24,32,29,1.8,79,9.5,1009,21.875,44,27,30,113,113,176,,,,météo défavorable
2012-10-30,32,29,8,26,32,29,0.7,79,10,1009,25.25,45,27,30,116,113,116,,,,météo défavorable
2012-10-31,33,29,10,24,33,29,0.4,78,9.875,1010,16.5,46,27,30,113,113,176,,,,météo défavorable
2012-11-01,34,29,8,24,34,30,0.1,76,10,1011,15.25,48,28,31,113,113,116,,,,météo très défavorable
2012-11-02,33,29,12,25,33,30,0,76,10,1010,16.125,48,28,31,113,113,113,,,,météo très défavorable
2012-11-03,33,28,7,23,33,29,0.1,78,10,1010,13.875,46,27,30,113,113,116,,,,météo défavorable
2012-11-04,34,29,5,24,34,29,0.2,77,9.875,1010,12.875,49,28,30,113,113,176,,,,météo très défavorable
2012-11-05,33,29,10,25,33,29,0.8,75,10,1010,11.75,45,27,30,113,113,113,,,,météo défavorable
2012-11-06,33,29,8,25,33,29,2.3,75,9.625,1010,29.625,47,27,31,113,176,353,,,,météo défavorable
2012-11-07,33,28,10,24,33,29,0.7,78,9.875,1010,23.875,48,28,30,113,113,116,,,,météo très défavorable
2012-11-08,32,28,8,25,32,29,0.2,80,10,1009,27.25,45,28,30,113,113,353,,,,météo défavorable
2012-11-09,34,29,9,25,34,30,1.8,78,9.875,1010,16.25,48,28,31,176,113,113,,,,météo très défavorable
2012-11-10,33,29,8,24,33,30,1.1,79,10,1010,8.75,48,28,31,113,113,113,,,,météo très défavorable
2012-11-11,34,29,7,24,34,29,2.5,79,9.5,1010,16.375,48,28,30,113,176,176,,,,météo très défavorable
2012-11-12,33,29,9,25,33,29,0.1,76,10,1010,17.75,47,28,31,113,113,116,,,,météo défavorable
2012-11-13,33,29,7,24,33,29,1.1,76,9.625,1011,17.875,46,27,31,113,113,176,,,,météo défavorable
2012-11-14,33,29,6,25,33,30,1.5,75,9.875,1010,12.125,46,27,31,113,113,176,,,,météo défavorable
2012-11-15,33,29,7,25,33,30,1.6,76,9.625,1010,17.875,46,27,31,113,113,176,,,,météo défavorable
2012-11-16,34,29,5,24,34,30,0.1,78,10,1011,18.375,49,28,31,113,113,116,,,,météo très défavorable
2012-11-17,33,29,11,25,33,29,0.6,79,10,1011,14.5,48,28,30,113,113,113,,,,météo très défavorable
2012-11-18,32,29,6,25,32,29,1.2,81,9.875,1010,26,46,28,30,113,113,176,,,,météo défavorable
2012-11-19,33,28,5,25,33,29,24.8,79,8.25,1010,29.875,48,29,30,176,359,113,,,,météo très défavorable
2012-11-20,34,27,8,25,34,27,10.9,79,9.125,1010,17.375,49,28,29,113,113,356,,,,météo très défavorable
2012-11-21,33,29,7,25,33,29,2.1,79,9.625,1011,27.875,48,28,30,116,113,176,,,,météo très défavorable
2012-11-22,32,28,8,25,32,28,5.2,78,9.25,1010,27.125,43,27,30,176,116,176,,,,météo correcte
2012-11-23,33,29,3,25,33,29,9.2,77,9,1011,35.375,46,28,30,356,116,176,,,,météo défavorable
2012-11-24,32,28,6,24,32,29,5.2,77,9.5,1011,34.625,46,28,30,176,113,176,,,,météo défavorable
2012-11-25,31,28,9,24,31,29,7,79,9.125,1011,16.75,42,27,30,113,176,356,,,,météo correcte
2012-11-26,32,27,8,23,32,29,8.6,79,9.375,1011,14.5,45,28,30,113,113,356,,,,météo défavorable
2012-11-27,32,28,10,24,32,29,1.9,77,9.375,1010,16.625,42,27,30,113,113,176,,,,météo correcte
2012-11-28,32,28,7,24,32,30,2.8,77,9.625,1011,28.625,45,28,30,113,113,176,,,,météo défavorable
2012-11-29,32,28,6,24,32,29,0.9,77,9.75,1010,30.375,45,28,30,116,113,176,,,,météo défavorable
2012-11-30,32,28,6,24,32,29,3.9,79,9.75,1010,19.25,46,28,30,113,113,176,,,,météo défavorable
2012-12-01,33,29,6,24,33,29,4.2,80,9.375,1010,23.5,49,28,30,113,113,356,,,,météo très défavorable
2012-12-02,31,28,9,24,31,29,16,79,8.125,1009,29.375,45,28,30,113,356,356,,,,météo très défavorable
2012-12-03,31,27,5,25,31,28,23.9,83,8.125,1009,54.375,45,28,30,353,353,359,,,,météo très défavorable
2012-12-04,33,28,7,23,33,29,5.3,76,9.375,1009,33.375,46,28,30,116,113,176,,,,météo défavorable
2012-12-05,31,27,7,23,31,29,0.4,78,9.875,1010,28.25,45,28,29,176,113,116,,,,météo défavorable
2012-12-06,31,27,7,24,31,29,0.6,77,9.75,1011,30.75,42,27,29,116,116,113,,,,météo correcte
2012-12-07,32,28,7,24,32,30,2.1,77,9.625,1011,26.75,44,27,30,113,176,176,,,,météo défavorable
2012-12-08,33,28,5,24,33,29,0.8,79,9.875,1011,28.125,49,28,30,116,113,176,,,,météo très défavorable
2012-12-09,33,29,6,25,33,29,1.5,80,9.75,1010,24.25,48,28,31,200,113,176,,,,météo très défavorable
2012-12-10,31,28,9,24,31,28,10.2,79,9,1010,19.25,44,28,29,176,113,176,,,,météo défavorable
2012-12-11,30,27,11,23,30,28,7.4,81,8.125,1010,36.75,43,28,29,116,176,353,,,,météo correcte
2012-12-12,30,26,9,22,30,28,1,79,9.375,1010,39.75,42,27,28,116,116,116,,,,météo correcte
2012-12-13,31,27,9,22,31,28,5.9,79,9.375,1010,24.125,42,27,29,113,116,356,,,,météo correcte
2012-12-14,32,27,5,24,32,28,9.2,79,8,1011,39.25,44,28,29,176,176,356,,,,météo défavorable
2012-12-15,30,27,9,24,30,27,22.3,83,8,1010,43.125,43,28,28,176,356,356,,,,météo très défavorable
2012-12-16,31,27,13,23,31,28,1.6,81,9.625,1009,18.75,41,27,29,176,113,176,,,,météo correcte
2012-12-17,31,27,10,24,31,28,19,83,8,1009,34.875,44,28,29,176,356,356,,,,météo très défavorable
2012-12-18,30,28,10,24,30,28,17.8,82,8.5,1009,44.625,44,28,30,116,356,353,,,,météo très défavorable
2012-12-19,31,27,5,24,31,28,7.2,82,9.25,1008,42.5,44,28,29,116,176,356,,,,météo défavorable
2012-12-20,32,28,4,24,32,28,18.8,80,8,1008,38.75,48,28,30,116,356,356,,,,météo très défavorable
2012-12-21,32,28,6,24,32,29,14.6,79,9.125,1008,41,44,28,29,176,116,356,,,,météo défavorable
2012-12-22,32,28,4,24,32,29,9.3,80,9.25,1007,41.875,49,29,30,116,176,356,,,,météo très défavorable
2012-12-23,32,27,10,24,32,29,7.7,80,9.125,1007,37.25,44,28,30,353,356,176,,,,météo défavorable
2012-12-24,31,28,5,24,31,28,15.3,81,8.75,1008,33.75,44,28,30,113,353,359,,,,météo défavorable
2012-12-25,32,27,5,24,32,29,2.8,80,9.375,1008,36.5,48,28,29,176,116,176,,,,météo très défavorable
2012-12-26,31,27,12,24,31,28,1,78,9.75,1007,23.875,42,26,30,113,113,176,,,,météo correcte
2012-12-27,30,26,10,24,30,26,1.8,87,9.125,1006,38.25,42,27,28,116,113,293,,,,météo correcte
2012-12-28,30,27,14,23,30,28,0.5,83,10,1007,40.625,41,27,28,116,116,116,,,,météo correcte
2012-12-29,31,27,14,24,31,28,0.1,83,10,1007,23.25,41,27,29,116,113,113,,,,météo correcte
2012-12-30,31,27,13,23,31,29,1.1,80,9.625,1007,22.125,44,28,29,116,176,176,,,,météo défavorable
2012-12-31,33,28,6,25,33,28,23.8,82,7.75,1007,30.625,48,29,30,353,176,359,,,,météo très défavorable
2013-01-01,32,27,5,24,32,29,17.3,80,8.5,1007,31.25,46,28,30,176,116,356,,,,météo très défavorable
2013-01-02,31,27,3,25,31,27,23.8,86,8.125,1008,45.5,45,28,29,176,356,356,,,,météo très défavorable
2013-01-03,32,27,8,25,32,27,8.6,84,8.875,1008,36.25,47,28,29,113,116,356,,,,météo défavorable
2013-01-04,33,28,7,25,33,28,15.1,81,8.875,1007,31.875,48,29,30,113,113,356,,,,météo très défavorable
2013-01-05,32,28,7,25,32,29,15.7,80,8.875,1006,25.875,47,29,30,116,113,356,,,,météo défavorable
2013-01-06,30,27,8,26,29,30,17,80,8.875,1007,41.125,44,28,30,176,353,356,,,,météo très défavorable
2013-01-07,29,27,8,26,29,29,11.3,84,8.75,1007,52,41,27,29,353,356,176,,,,météo correcte
2013-01-08,29,27,16,26,28,29,18.2,88,7.875,1005,55.375,39,27,29,302,263,353,,,,météo très défavorable
2013-01-09,29,27,28,26,28,28,4.2,82,9.375,1003,48,37,26,28,353,176,176,,,,météo favorable
2013-01-10,28,26,24,25,28,28,11.5,85,9,1004,52.375,37,26,28,176,353,356,,,,météo correcte
2013-01-11,29,27,21,26,29,29,6.2,86,9.75,1007,51.875,40,28,29,176,119,353,,,,météo correcte
2013-01-12,30,27,13,25,29,29,5.5,84,9.5,1008,41.125,43,28,29,116,176,176,,,,météo correcte
2013-01-13,31,27,10,24,31,28,0.8,82,9.75,1009,31.375,43,27,30,116,113,176,,,,météo correcte
2013-01-14,32,28,11,25,32,29,6.8,79,9.125,1008,25.375,44,28,30,116,113,356,,,,météo défavorable
2013-01-15,30,27,12,25,29,29,6.9,85,9.875,1009,53.375,41,28,29,353,116,353,,,,météo correcte
2013-01-16,30,25,8,23,28,28,3.2,85,8.125,1011,57.875,43,28,27,116,263,353,,,,météo correcte
2013-01-17,31,26,10,24,31,29,1.2,82,8.125,1010,54.375,44,28,29,263,116,353,,,,météo défavorable
2013-01-18,31,27,9,24,31,28,9.2,82,9.25,1009,34.25,44,28,30,116,113,356,,,,météo défavorable
2013-01-19,29,26,12,25,28,28,14.2,83,8.75,1010,49,41,27,29,293,176,356,,,,météo défavorable
2013-01-20,31,27,14,24,31,28,4.5,83,9.375,1010,34.875,43,28,29,116,113,356,,,,météo correcte
2013-01-21,31,27,12,24,31,28,0.7,82,9.75,1010,31.375,42,27,29,116,116,176,,,,météo correcte
2013-01-22,30,27,12,24,30,28,3.7,83,9.5,1011,24.375,43,28,29,113,113,176,,,,météo correcte
2013-01-23,31,27,12,24,31,28,4.5,81,9.5,1010,37.5,45,28,29,116,116,176,,,,météo défavorable
2013-01-24,31,27,14,24,31,28,6.6,82,9.5,1010,25.25,44,27,29,113,176,176,,,,météo défavorable
2013-01-25,31,27,6,23,31,28,15.5,82,8.5,1010,45.25,45,28,28,116,176,359,,,,météo défavorable
2013-01-26,31,27,6,23,31,29,2.2,82,9.5,1010,30,46,28,29,113,176,176,,,,météo défavorable
2013-01-27,32,28,7,24,32,29,0.3,80,10,1011,28.125,48,28,30,113,113,353,,,,météo très défavorable
2013-01-28,32,28,8,24,32,29,1.6,81,9.75,1011,22.5,46,28,29,116,113,176,,,,météo défavorable
2013-01-29,32,28,7,25,32,28,12.6,83,9,1011,26.125,46,28,30,113,113,356,,,,météo défavorable
2013-01-30,31,27,10,23,31,28,9,82,9.25,1011,23.375,44,28,29,113,113,176,,,,météo défavorable
2013-01-31,31,26,6,24,30,28,19.3,87,7.375,1012,64.875,44,28,28,293,119,356,,,,météo très défavorable
2013-02-01,31,27,7,23,31,28,7.8,82,9.25,1011,26,46,28,29,113,116,353,,,,météo défavorable
2013-02-02,31,26,12,23,31,29,1.4,78,9.625,1011,23.25,42,27,28,116,113,176,,,,météo correcte
2013-02-03,30,27,12,23,30,28,8.6,84,8.875,1011,26.375,42,28,29,176,176,356,,,,météo correcte
2013-02-04,31,26,10,23,31,29,0.9,81,9.75,1011,19.75,43,27,28,113,113,176,,,,météo correcte
2013-02-05,32,28,8,24,32,29,0.3,82,9.875,1012,31.25,48,29,30,113,176,116,,,,météo très défavorable
2013-02-06,31,27,8,23,31,29,0.4,81,10,1011,26.875,45,28,29,113,113,113,,,,météo défavorable
2013-02-07,31,27,10,23,31,28,0,81,10,1011,15.25,43,27,29,113,113,113,,,,météo correcte
2013-02-08,31,27,5,23,31,28,1,83,9.75,1011,34.25,46,28,29,116,116,176,,,,météo défavorable
2013-02-09,32,27,4,24,32,29,1.3,83,9.625,1011,35.75,49,29,29,176,113,176,,,,météo très défavorable
2013-02-10,31,27,7,23,31,28,4.5,80,9.5,1010,21.5,46,28,29,176,113,176,,,,météo défavorable
2013-02-11,32,27,4,24,32,29,1.3,80,9.875,1009,18.875,45,28,30,113,113,176,,,,météo défavorable
2013-02-12,32,27,6,24,32,29,1.2,81,9.75,1009,23.5,44,28,29,113,113,176,,,,météo défavorable
2013-02-13,31,27,7,24,31,29,1.4,80,9.75,1009,29.625,45,28,30,116,113,176,,,,météo défavorable
2013-02-14,31,27,10,23,31,28,5.9,83,9.5,1008,20.375,42,27,29,113,113,356,,,,météo correcte
2013-02-15,32,28,7,25,32,28,2.3,80,9.875,1008,30.625,45,27,30,116,113,353,,,,météo défavorable
2013-02-16,32,28,4,24,32,29,14.1,79,9,1007,34.375,44,27,30,116,116,356,,,,météo défavorable
2013-02-17,31,27,7,23,31,28,4.2,79,8.875,1007,50.75,43,27,29,119,116,353,,,,météo correcte
2013-02-18,32,28,9,24,32,28,16.6,82,8.625,1006,34.375,46,28,29,176,176,356,,,,météo très défavorable
2013-02-19,30,27,11,26,29,29,17.6,82,8.375,1006,40.125,43,28,29,176,176,356,,,,météo très défavorable
2013-02-20,30,27,10,26,29,29,19.4,85,8.25,1006,39.75,43,28,30,176,176,356,,,,météo très défavorable
2013-02-21,27,25,12,24,25,26,12,90,8.5,1006,57,35,26,26,293,299,293,,,,météo correcte
2013-02-22,30,25,17,24,29,28,0.6,83,9.875,1006,39.875,40,26,28,119,113,176,,,,météo correcte
2013-02-23,29,27,21,26,28,29,3.1,86,9.75,1006,50.625,40,28,30,200,176,353,,,,météo correcte
2013-02-24,29,27,22,26,29,29,11.1,88,9.875,1007,52.25,41,28,29,353,386,353,,,,météo correcte
2013-02-25,31,27,16,25,31,28,4.8,83,9.25,1007,24.25,44,28,30,176,113,176,,,,météo défavorable
2013-02-26,30,27,18,25,29,29,6.3,86,9.75,1007,36.875,42,28,29,116,113,176,,,,météo correcte
2013-02-27,29,27,20,25,28,28,7.4,89,9.375,1007,47.25,41,28,29,353,116,356,,,,météo correcte
2013-02-28,29,26,16,25,29,29,1.4,85,9.875,1007,31,40,27,28,116,113,176,,,,météo correcte
2013-03-01,29,27,15,26,28,29,11.3,87,9.125,1009,43.875,40,28,29,353,176,356,,,,météo correcte
2013-03-02,30,27,11,25,29,29,14.7,87,9,1010,38.25,44,29,29,116,176,356,,,,météo défavorable
2013-03-03,29,27,17,25,28,28,3.7,85,9.625,1010,35.75,40,27,28,116,353,176,,,,météo correcte
2013-03-04,29,27,14,26,29,29,7.6,87,9.5,1010,40.75,43,29,29,116,116,356,,,,météo correcte
2013-03-05,31,27,12,24,31,28,5.9,83,9.25,1010,29.75,43,28,29,113,176,356,,,,météo correcte
2013-03-06,30,27,9,24,30,28,2.1,83,9.625,1010,37.625,44,28,29,116,116,386,,,,météo défavorable
2013-03-07,30,26,8,23,30,28,0.4,84,9.875,1010,37.25,43,28,29,116,116,176,,,,météo correcte
2013-03-08,31,26,9,22,31,28,9.2,86,9.25,1010,31.75,46,29,29,176,113,356,,,,météo défavorable
2013-03-09,32,27,6,24,32,28,9.1,85,9.375,1010,31,48,29,29,116,113,356,,,,météo très défavorable
2013-03-10,31,27,7,24,31,28,2.2,84,9.625,1010,33,46,29,29,116,116,176,,,,météo défavorable
2013-03-11,32,27,6,23,32,28,5.3,84,9.5,1010,23.5,47,29,29,116,113,356,,,,météo défavorable
2013-03-12,32,26,7,22,32,28,4.7,84,9.375,1011,20,46,28,29,113,113,356,,,,météo défavorable
2013-03-13,32,27,6,23,32,28,0.5,84,9.875,1011,15.625,47,29,28,113,113,176,,,,météo défavorable
2013-03-14,30,26,7,22,30,27,9.2,85,9,1011,22.625,42,27,29,113,113,356,,,,météo correcte
2013-03-15,30,26,7,23,30,27,15.6,83,8.875,1012,35.5,42,27,28,116,356,356,,,,météo défavorable
2013-03-16,30,27,5,23,30,27,17.2,84,8.5,1012,51.625,44,28,29,176,356,356,,,,météo très défavorable
2013-03-17,32,26,9,21,32,29,1,82,9.75,1012,19.5,46,28,28,113,113,113,,,,météo défavorable
2013-03-18,32,26,9,21,32,28,1,83,9.75,1010,16.25,46,29,28,113,113,176,,,,météo défavorable
2013-03-19,32,27,8,24,32,28,0.5,84,10,1010,20.75,46,28,29,116,113,113,,,,météo défavorable
2013-03-20,33,26,8,22,32,29,0.6,82,10,1011,4.625,47,28,28,113,113,113,,,,météo défavorable
2013-03-21,33,27,7,22,32,29,0,81,10,1010,9.25,49,29,28,113,113,113,,,,météo très défavorable
2013-03-22,32,26,8,22,32,29,0,80,10,1010,5.25,45,28,28,113,113,113,,,,météo défavorable
2013-03-23,32,26,6,22,32,29,0.1,80,10,1010,6,45,28,28,113,113,113,,,,météo défavorable
2013-03-24,32,27,6,23,32,28,1,80,9.875,1010,17.625,45,27,29,113,113,113,,,,météo défavorable
2013-03-25,31,26,8,21,31,28,1.2,82,9.625,1009,20.25,44,28,29,113,113,176,,,,météo défavorable
2013-03-26,33,27,6,23,33,29,0.2,83,9.875,1009,22.25,47,28,28,113,113,176,,,,météo défavorable
2013-03-27,33,27,4,22,33,29,0.9,82,9.875,1009,24,47,28,29,116,113,176,,,,météo défavorable
2013-03-28,32,27,6,23,32,28,0.8,80,9.75,1009,23.625,44,27,29,113,113,176,,,,météo défavorable
2013-03-29,31,27,9,23,31,28,1.3,81,9.625,1009,19.25,42,27,29,113,176,176,,,,météo correcte
2013-03-30,32,27,5,22,32,29,9,86,9.125,1009,25,49,29,29,116,113,356,,,,météo très défavorable
2013-03-31,32,27,6,22,32,29,3.8,82,9.5,1010,20.75,46,28,29,113,113,116,,,,météo défavorable
2013-04-01,32,27,7,23,32,29,0.2,81,10,1010,22.5,46,28,29,113,113,116,,,,météo défavorable
2013-04-02,32,27,6,22,32,29,1.1,81,9.75,1010,23.25,46,29,29,113,116,176,,,,météo défavorable
2013-04-03,32,27,7,22,32,29,1.1,82,9.625,1009,21.125,45,28,28,113,113,176,,,,météo défavorable
2013-04-04,32,27,10,24,32,28,15.1,87,8.625,1009,28.75,46,29,29,176,116,356,,,,météo défavorable
2013-04-05,31,28,7,24,31,28,11.8,85,8.5,1008,40,45,29,29,116,176,356,,,,météo défavorable
2013-04-06,32,27,7,24,32,29,0.5,84,9.75,1008,29.5,47,29,30,116,113,176,,,,météo défavorable
2013-04-07,32,27,9,24,32,29,0.4,82,9.875,1007,33.375,45,28,29,116,116,176,,,,météo défavorable
2013-04-08,31,27,8,23,31,28,5.8,82,9.25,1009,32.875,43,27,29,113,116,356,,,,météo correcte
2013-04-09,31,26,8,23,31,28,12.8,84,8.375,1009,46,45,28,28,293,113,356,,,,météo défavorable
2013-04-10,31,25,5,23,30,28,8.1,86,7.25,1009,47.5,45,28,28,116,263,356,,,,météo défavorable
2013-04-11,30,26,11,23,30,28,1.9,84,9.5,1008,35.5,42,27,28,116,176,176,,,,météo correcte
2013-04-12,32,27,8,22,32,28,3.2,83,9.875,1009,29.5,45,28,29,116,113,386,,,,météo défavorable
2013-04-13,31,27,7,22,31,28,14.1,86,8.75,1010,36.875,45,29,29,113,356,356,,,,météo défavorable
2013-04-14,32,27,6,22,32,28,1.9,84,9.625,1010,24.75,47,29,28,116,113,176,,,,météo défavorable
2013-04-15,32,26,6,22,32,28,2.4,84,9.5,1010,33.875,47,29,29,116,176,176,,,,météo défavorable
2013-04-16,32,27,7,22,32,29,0,82,10,1010,9.625,45,28,29,113,113,113,,,,météo défavorable
2013-04-17,32,27,7,23,32,28,0.7,82,9.625,1009,25.875,44,28,29,113,113,176,,,,météo défavorable
2013-04-18,31,26,6,22,31,28,4.6,85,9.5,1009,22.25,45,29,29,113,176,176,,,,météo défavorable
2013-04-19,31,26,6,22,31,29,1.4,81,9.5,1011,27.375,45,28,28,176,116,176,,,,météo défavorable
2013-04-20,31,26,5,22,31,29,0.2,83,10,1011,29.625,44,28,28,116,113,116,,,,météo défavorable
2013-04-21,31,26,7,22,31,29,0,85,10,1011,20,45,28,28,113,113,116,,,,météo défavorable
2013-04-22,31,26,8,23,31,29,8.7,84,9.25,1010,22,42,28,29,116,176,356,,,,météo correcte
2013-04-23,32,28,7,24,32,29,0.8,84,9.875,1011,16.875,47,29,30,176,113,116,,,,météo défavorable
2013-04-24,32,26,9,22,32,29,0,76,10,1012,0,44,27,28,113,113,113,,,,météo défavorable
2013-04-25,32,26,7,22,32,30,0,78,10,1012,0.625,46,28,28,113,113,113,,,,météo défavorable
2013-04-26,32,26,7,22,32,28,0.4,81,9.75,1012,11.25,43,27,28,113,113,176,,,,météo correcte
2013-04-27,31,26,8,21,31,29,0.4,78,10,1012,7.75,42,26,27,113,113,113,,,,météo correcte
2013-04-28,32,26,8,21,31,29,0,78,10,1012,3.625,43,27,28,113,113,113,,,,météo correcte
2013-04-29,32,26,8,22,31,29,0,81,10,1011,14.125,43,27,28,113,113,116,,,,météo correcte
2013-04-30,31,26,13,23,31,28,0,79,10,1011,8.5,44,27,27,113,113,113,,,,météo défavorable
2013-05-01,31,27,12,23,31,28,0.4,81,10,1010,13.25,42,27,28,116,113,113,,,,météo correcte
2013-05-02,32,26,12,22,32,28,0,79,10,1009,3.625,45,28,28,113,113,113,,,,météo défavorable
2013-05-03,31,26,7,22,31,29,0,80,10,1010,14.25,44,28,28,113,113,116,,,,météo défavorable
2013-05-04,33,26,8,22,32,29,0,79,10,1010,3,46,28,28,113,113,113,,,,météo défavorable
2013-05-05,32,27,12,24,32,29,0.6,85,9.75,1010,19.875,48,29,29,116,113,176,,,,météo très défavorable
2013-05-06,32,27,9,24,32,29,0.8,85,9.875,1009,16.875,48,29,29,113,113,176,,,,météo très défavorable
2013-05-07,32,28,13,25,31,29,1,84,9.875,1009,25.5,48,29,29,116,113,116,,,,météo très défavorable
2013-05-08,32,27,10,24,31,29,0.3,85,10,1010,20.125,47,29,29,113,113,116,,,,météo défavorable
2013-05-09,31,27,10,25,31,29,0.5,85,9.75,1010,20.75,44,28,28,113,113,176,,,,météo défavorable
2013-05-10,31,27,12,24,31,28,0.1,81,10,1010,16,42,27,29,116,113,113,,,,météo correcte
2013-05-11,32,26,9,22,32,29,0,83,10,1010,9.875,48,29,28,113,113,116,,,,météo très défavorable
2013-05-12,32,27,8,24,32,29,0.9,84,10,1010,25.75,49,30,29,113,113,116,,,,météo très défavorable
2013-05-13,31,27,9,24,31,28,0.8,82,9.875,1011,28.375,44,28,29,116,116,116,,,,météo défavorable
2013-05-14,32,26,12,21,32,28,0,81,10,1009,18.5,45,28,29,113,113,113,,,,météo défavorable
2013-05-15,31,26,11,22,31,28,3.3,84,9.5,1009,28,44,28,29,116,113,356,,,,météo défavorable
2013-05-16,30,26,9,23,30,28,9.5,87,9.375,1010,26,44,29,28,116,176,176,,,,météo défavorable
2013-05-17,32,27,5,22,32,29,13.9,85,8.625,1010,26.5,48,29,29,116,113,359,,,,météo très défavorable
2013-05-18,32,27,6,23,32,28,6.9,83,9.125,1011,19.25,45,28,29,113,113,356,,,,météo défavorable
2013-05-19,32,27,10,22,32,28,0.5,82,10,1010,15,44,28,28,113,113,113,,,,météo défavorable
2013-05-20,32,27,7,22,32,28,4.2,82,9.625,1010,22,45,28,29,113,113,176,,,,météo défavorable
2013-05-21,31,27,8,22,31,28,0.4,80,10,1011,11.625,43,27,28,113,113,113,,,,météo correcte
2013-05-22,32,27,7,22,32,29,0.5,80,10,1010,12,44,27,29,113,113,113,,,,météo défavorable
2013-05-23,32,27,7,23,32,29,4.9,83,9.375,1011,18.5,46,29,29,113,113,356,,,,météo défavorable
2013-05-24,32,27,7,23,32,29,2.7,82,9.75,1011,33,46,29,28,116,113,176,,,,météo défavorable
2013-05-25,31,27,7,23,31,28,5.8,82,9,1010,37.5,43,28,29,263,113,176,,,,météo correcte
2013-05-26,31,27,6,22,31,28,16.5,85,8.75,1010,49.625,43,28,29,116,116,359,,,,météo très défavorable
2013-05-27,30,26,6,22,30,28,12.1,85,9.25,1011,30.25,42,28,27,116,176,176,,,,météo correcte
2013-05-28,30,26,4,23,30,27,12.8,84,8.125,1012,55,43,27,28,263,116,356,,,,météo correcte
2013-05-29,31,26,5,22,31,28,0.9,81,9.75,1011,34.125,44,28,28,116,113,176,,,,météo défavorable
2013-05-30,31,26,7,23,31,28,1.8,85,10,1011,30.75,44,28,28,116,113,353,,,,météo défavorable
2013-05-31,30,26,13,22,30,28,1,87,9.625,1010,29.125,41,27,28,116,113,176,,,,météo correcte
2013-06-01,30,26,11,22,30,28,5.6,85,9.375,1009,23.625,42,28,27,113,176,176,,,,météo correcte
2013-06-02,31,26,12,22,31,28,5.6,86,9.625,1008,24.125,42,28,28,113,116,176,,,,météo correcte
2013-06-03,30,26,11,23,30,28,2,84,9.75,1008,18.75,40,27,28,113,113,176,,,,météo correcte
2013-06-04,31,26,9,22,31,29,1.2,84,9.75,1009,27.75,42,27,28,116,116,176,,,,météo correcte
2013-06-05,30,26,9,22,30,28,17,88,8.75,1009,34.625,44,29,28,116,176,356,,,,météo très défavorable
2013-06-06,30,26,9,23,30,28,11.3,86,8.875,1009,29,45,29,28,116,356,176,,,,météo défavorable
2013-06-07,31,27,9,22,31,27,4.5,85,9.375,1010,29.5,45,28,28,116,116,176,,,,météo défavorable
2013-06-08,31,26,8,22,31,28,12.7,86,8.75,1009,33.875,46,29,28,176,176,356,,,,météo défavorable
2013-06-09,31,26,10,23,31,28,6.8,84,9.25,1008,38.375,43,28,28,353,116,176,,,,météo correcte
2013-06-10,31,27,9,23,31,29,0.5,86,9.875,1008,32.75,46,29,29,113,113,116,,,,météo défavorable
2013-06-11,31,26,8,23,31,28,0.6,84,9.75,1008,23.375,45,28,28,116,113,176,,,,météo défavorable
2013-06-12,32,27,8,24,32,28,0.7,84,9.75,1008,20.375,46,29,29,116,113,176,,,,météo défavorable
2013-06-13,31,27,13,24,30,28,0,83,10,1008,26.75,42,27,28,116,113,113,,,,météo correcte
2013-06-14,31,26,12,23,30,28,0,80,10,1008,15.875,42,27,27,113,113,113,,,,météo correcte
2013-06-15,29,27,7,25,29,29,2.8,85,9.875,1009,39.75,41,27,29,116,113,353,,,,météo correcte
2013-06-16,29,26,10,25,29,29,0.7,83,9.875,1009,27.375,40,27,28,113,113,116,,,,météo correcte
2013-06-17,31,27,7,23,31,28,6.9,84,9.375,1008,26.25,42,28,28,116,113,356,,,,météo correcte
2013-06-18,30,26,14,22,30,27,2.9,84,9.5,1007,29,41,27,28,116,176,176,,,,météo correcte
2013-06-19,29,26,13,24,28,28,7.7,90,9.125,1009,34.375,41,28,27,116,116,356,,,,météo correcte
2013-06-20,31,26,6,22,31,28,4.9,87,9.5,1010,34.75,44,29,28,116,113,356,,,,météo défavorable
2013-06-21,31,26,8,22,31,28,1.5,85,9.5,1010,32.75,44,28,28,116,113,176,,,,météo défavorable
2013-06-22,30,27,11,24,30,28,0.9,85,9.625,1010,31.25,42,27,28,116,113,176,,,,météo correcte
2013-06-23,31,26,10,23,31,28,1.6,84,9.5,1010,26.75,42,28,28,176,113,176,,,,météo correcte
2013-06-24,30,26,12,23,30,28,0.1,85,10,1011,24.25,41,27,28,116,116,113,,,,météo correcte
2013-06-25,32,26,5,21,32,28,2.1,84,9.75,1013,20.5,45,28,28,113,113,176,,,,météo défavorable
2013-06-26,32,26,4,20,32,29,0.6,84,9.875,1012,36.375,47,29,27,116,113,353,,,,météo défavorable
2013-06-27,32,25,5,21,32,28,0.2,81,9.875,1011,12.75,44,28,27,113,113,176,,,,météo défavorable
2013-06-28,30,26,5,23,30,27,5.9,84,9.875,1012,26.125,42,27,28,113,113,353,,,,météo correcte
2013-06-29,30,26,7,23,30,28,3.1,83,9.5,1012,26,41,27,28,116,113,176,,,,météo correcte
2013-06-30,31,26,11,22,31,29,0,84,10,1012,25,43,27,27,113,113,116,,,,météo correcte
2013-07-01,29,26,14,25,28,28,0.2,84,9.875,1011,25,39,26,28,116,116,176,,,,météo favorable
2013-07-02,29,26,13,25,28,28,0,84,10,1010,33.75,37,25,28,116,116,116,,,,météo favorable
2013-07-03,29,26,16,25,28,28,0,82,10,1010,17.25,36,25,28,116,113,113,,,,météo favorable
2013-07-04,28,25,17,24,27,28,0,81,10,1011,6,35,25,26,113,113,113,,,,météo favorable
2013-07-05,29,25,15,22,29,26,0,79,10,1010,8.25,38,25,27,113,113,113,,,,météo favorable
2013-07-06,30,25,14,22,29,27,0,83,10,1011,13.125,38,26,27,116,113,113,,,,météo favorable
2013-07-07,29,26,13,25,28,28,0,84,10,1011,18.375,38,26,27,116,113,113,,,,météo favorable
2013-07-08,30,26,10,24,30,28,3.4,83,9.5,1011,18.25,42,27,28,116,113,356,,,,météo correcte
2013-07-09,31,27,12,24,31,28,0,84,10,1010,21.125,45,28,28,113,113,116,,,,météo défavorable
2013-07-10,31,27,5,24,31,28,10.2,83,9,1009,22,43,28,28,116,176,356,,,,météo correcte
2013-07-11,30,26,6,22,30,29,30.6,84,7.375,1009,28.5,41,27,28,113,356,359,,,,météo très défavorable
2013-07-12,29,26,12,25,28,28,5.4,82,9.375,1010,18.375,38,26,28,116,113,113,,,,météo favorable
2013-07-13,32,26,9,23,31,28,0,81,10,1010,8,42,27,28,113,113,113,,,,météo correcte
2013-07-14,30,27,10,25,29,29,5.5,83,9.25,1010,23.125,41,27,29,113,176,356,,,,météo correcte
2013-07-15,29,26,19,24,28,28,0,82,10,1010,20.25,36,26,27,113,113,116,,,,météo favorable
2013-07-16,29,26,18,24,28,28,0,82,10,1011,15.625,34,24,27,116,116,113,,,,météo favorable
2013-07-17,28,25,18,24,27,27,0,77,10,1011,6.75,32,23,26,116,113,113,,,,météo idéale
2013-07-18,29,25,19,22,29,26,0,77,10,1011,0.25,35,24,26,113,113,113,,,,météo favorable
2013-07-19,29,24,16,22,29,26,0,76,10,1011,5.625,34,23,26,113,113,113,,,,météo idéale
2013-07-20,28,25,15,24,27,28,0,78,10,1011,36,35,24,27,116,113,119,,,,météo favorable
2013-07-21,26,25,16,24,26,26,1,89,8.125,1010,50.5,32,25,27,266,176,116,,,,météo favorable
2013-07-22,29,26,14,24,28,28,0.4,83,9.875,1011,35.625,38,26,28,116,116,116,,,,météo favorable
2013-07-23,31,26,12,22,31,28,2.9,83,9.5,1012,21.5,42,27,27,113,113,356,,,,météo correcte
2013-07-24,29,26,19,24,28,28,0,81,10,1012,18.625,35,24,27,116,116,113,,,,météo favorable
2013-07-25,29,25,15,22,29,26,0,80,10,1013,9.625,38,26,26,113,113,113,,,,météo favorable
2013-07-26,30,25,11,22,30,27,0.1,82,10,1013,22.375,40,26,27,113,113,116,,,,météo correcte
2013-07-27,29,24,16,21,29,26,0,83,10,1013,15.5,37,25,26,113,113,113,,,,météo favorable
2013-07-28,28,24,16,21,28,25,0,79,10,1013,4.75,33,23,26,113,113,113,,,,météo idéale
2013-07-29,29,24,14,20,29,26,0,78,10,1013,4,37,25,26,113,113,113,,,,météo favorable
2013-07-30,29,25,12,21,29,26,0,79,10,1012,9.25,37,25,27,113,113,113,,,,météo favorable
2013-07-31,29,25,14,21,29,27,0,81,10,1011,16.5,38,25,27,116,113,113,,,,météo favorable
2013-08-01,28,25,16,24,27,28,0.1,78,10,1011,14,34,23,27,116,113,113,,,,météo idéale
2013-08-02,29,25,16,22,29,26,0,75,10,1012,2.75,36,24,26,113,113,113,,,,météo favorable
2013-08-03,29,24,17,21,29,26,0,73,10,1013,5.375,35,23,26,113,113,113,,,,météo favorable
2013-08-04,30,25,13,22,30,27,0,76,10,1012,16.125,38,25,27,113,113,113,,,,météo favorable
2013-08-05,30,25,14,22,30,26,0.1,78,10,1012,19.625,38,25,27,113,113,116,,,,météo favorable
2013-08-06,29,24,14,22,28,26,0,77,10,1012,5.875,37,25,25,113,113,113,,,,météo favorable
2013-08-07,29,25,14,22,29,27,0,78,10,1012,4.5,37,24,27,113,113,113,,,,météo favorable
2013-08-08,30,25,13,23,30,27,0,80,10,1012,10.25,39,26,27,113,113,113,,,,météo favorable
2013-08-09,30,26,16,24,29,27,0,80,10,1012,12.875,37,24,27,116,113,113,,,,météo favorable
2013-08-10,28,25,14,22,28,26,0,75,10,1012,3.125,34,22,26,113,113,113,,,,météo idéale
2013-08-11,28,23,16,20,28,25,0,70,10,1013,1.875,32,21,25,113,113,113,,,,météo idéale
2013-08-12,28,24,12,22,28,25,0,73,10,1012,6.5,33,21,26,113,113,113,,,,météo idéale
2013-08-13,29,25,12,21,29,27,0.1,79,10,1012,17.25,38,25,26,113,113,116,,,,météo favorable
2013-08-14,30,26,12,23,29,27,0,81,10,1012,21,38,25,28,116,113,113,,,,météo favorable
2013-08-15,31,26,7,23,31,28,0,79,10,1012,17,41,26,28,116,113,113,,,,météo correcte
2013-08-16,31,27,17,24,31,27,0,81,10,1013,13.625,37,25,27,113,113,113,,,,météo favorable
2013-08-17,32,27,13,23,32,29,0,76,10,1012,0.875,38,24,27,113,113,113,,,,météo favorable
2013-08-18,32,27,12,22,31,28,0,80,10,1013,3,37,24,27,113,113,113,,,,météo favorable
2013-08-19,32,27,10,23,31,29,0,79,10,1012,7,39,25,27,113,113,113,,,,météo favorable
2013-08-20,31,27,14,24,30,27,0.2,83,10,1013,13.25,36,24,27,116,113,113,,,,météo favorable
2013-08-21,31,27,14,23,31,28,0,78,10,1012,10,37,23,27,116,113,113,,,,météo favorable
2013-08-22,31,27,13,23,31,28,0,74,10,1012,0.25,36,23,27,113,113,113,,,,météo favorable
2013-08-23,32,27,8,23,32,29,0,78,10,1013,7.5,38,25,27,113,113,113,,,,météo favorable
2013-08-24,32,27,8,23,32,29,0,78,10,1013,16.5,38,25,27,116,113,116,,,,météo favorable
2013-08-25,32,28,6,23,32,29,0.1,77,10,1013,21,40,26,28,113,113,116,,,,météo correcte
2013-08-26,32,26,10,22,31,29,0,73,10,1013,4.875,38,24,26,113,113,113,,,,météo favorable
2013-08-27,32,27,10,23,31,29,0,75,10,1013,3.875,40,25,27,113,113,113,,,,météo correcte
2013-08-28,32,28,10,24,32,29,0,80,10,1013,14.125,41,26,28,113,113,113,,,,météo correcte
2013-08-29,33,28,9,24,32,30,0,81,10,1012,15.875,42,26,28,113,113,113,,,,météo correcte
2013-08-30,32,28,13,24,31,28,0.3,83,10,1013,25.125,41,27,28,113,116,113,,,,météo correcte
2013-08-31,32,28,12,24,31,29,0,78,10,1012,14,39,25,28,113,113,113,,,,météo favorable
2013-09-01,32,28,13,24,32,29,0,80,10,1012,11.25,39,25,28,116,113,113,,,,météo favorable
2013-09-02,32,27,14,23,32,29,0,75,10,1013,5.375,38,24,27,113,113,113,,,,météo favorable
2013-09-03,31,28,14,23,31,28,0,76,10,1013,6.625,37,24,28,113,113,113,,,,météo favorable
2013-09-04,32,27,15,23,32,29,0,75,10,1012,8.5,38,24,27,113,113,113,,,,météo favorable
2013-09-05,32,27,14,23,31,29,0,74,10,1012,3.625,37,24,27,113,113,113,,,,météo favorable
2013-09-06,33,27,8,23,32,29,0,76,10,1013,13.25,41,25,27,113,113,116,,,,météo correcte
2013-09-07,32,28,10,24,31,29,0.1,78,10,1013,19.125,38,25,28,113,113,113,,,,météo favorable
2013-09-08,32,28,10,23,32,29,0,75,10,1013,13,38,25,28,113,113,116,,,,météo favorable
2013-09-09,32,27,9,22,32,29,0,73,10,1013,1.5,39,24,27,113,113,113,,,,météo favorable
2013-09-10,33,28,9,23,33,29,0,75,10,1012,11,41,26,28,113,113,116,,,,météo correcte
2013-09-11,32,28,7,24,32,30,1,79,9.875,1012,27,42,27,28,113,113,353,,,,météo correcte
2013-09-12,33,28,10,24,33,30,0.1,78,10,1013,24.125,43,27,28,113,113,116,,,,météo correcte
2013-09-13,33,28,12,24,32,28,0,77,10,1013,9,40,25,28,113,113,113,,,,météo correcte
2013-09-14,32,27,16,24,32,27,0,79,10,1012,9,39,25,27,113,113,113,,,,météo favorable
2013-09-15,31,27,16,24,31,27,0,79,10,1012,12.625,37,25,27,113,113,113,,,,météo favorable
2013-09-16,32,28,14,24,32,28,0,78,10,1011,13.5,39,25,28,113,113,113,,,,météo favorable
2013-09-17,31,27,17,24,31,27,0,78,10,1012,14.125,38,25,27,113,113,113,,,,météo favorable
2013-09-18,33,28,13,23,32,28,0,76,10,1012,6,41,25,28,113,113,113,,,,météo correcte
2013-09-19,32,28,14,23,32,28,0,76,10,1011,5,38,24,28,113,113,113,,,,météo favorable
2013-09-20,32,28,13,23,32,28,0,76,10,1012,4.125,38,24,28,113,113,113,,,,météo favorable
2013-09-21,33,28,14,23,33,29,0,75,10,1012,4.125,41,25,28,113,113,113,,,,météo correcte
2013-09-22,33,28,15,23,33,28,0,75,10,1012,3.625,40,25,28,113,113,113,,,,météo correcte
2013-09-23,35,28,13,24,34,30,0,76,10,1012,8.25,45,27,28,113,113,113,,,,météo défavorable
2013-09-24,34,28,14,24,33,29,0,75,10,1013,7.375,43,26,28,113,113,113,,,,météo correcte
2013-09-25,32,28,17,24,32,28,0,76,10,1014,9.75,38,24,28,113,113,113,,,,météo favorable
2013-09-26,33,28,15,24,33,29,0,76,10,1014,8.375,41,25,28,113,113,113,,,,météo correcte
2013-09-27,35,28,13,23,33,29,0,73,10,1013,5.625,44,26,28,113,113,113,,,,météo défavorable
2013-09-28,35,28,11,23,34,30,0,73,10,1012,4,46,27,28,113,113,113,,,,météo défavorable
2013-09-29,34,28,12,24,33,29,0,75,10,1011,10.625,44,26,28,113,113,113,,,,météo défavorable
2013-09-30,32,28,14,24,32,29,0,75,10,1012,5.75,39,24,28,113,113,113,,,,météo favorable
2013-10-01,32,28,16,24,32,28,0,74,10,1013,8.25,38,24,28,113,113,113,,,,météo favorable
2013-10-02,33,29,12,24,33,30,0,73,10,1014,5.875,41,25,29,113,113,113,,,,météo correcte
2013-10-03,35,29,6,23,35,30,0,76,10,1014,2.375,45,27,29,113,113,113,,,,météo défavorable
2013-10-04,34,29,7,24,34,30,0,75,10,1012,1.625,44,26,29,113,113,113,,,,météo défavorable
2013-10-05,35,30,6,24,35,30,0.4,74,10,1012,9.125,45,26,30,113,113,113,,,,météo défavorable
2013-10-06,35,29,10,23,34,30,0.5,75,10,1012,7.625,46,27,29,113,113,113,,,,météo défavorable
2013-10-07,35,29,9,24,35,31,0,71,10,1012,1.25,45,26,29,113,113,113,,,,météo défavorable
2013-10-08,34,29,10,24,34,30,0.2,67,10,1013,3.5,41,24,29,113,113,113,,,,météo correcte
2013-10-09,34,29,12,23,34,29,0,72,10,1013,3.625,42,25,29,113,113,113,,,,météo correcte
2013-10-10,33,29,15,24,33,30,0,72,10,1014,5,40,24,29,113,113,113,,,,météo correcte
2013-10-11,36,30,13,24,36,30,0,72,10,1012,2.375,46,26,30,113,113,113,,,,météo défavorable
2013-10-12,34,29,13,24,34,29,0,75,10,1011,6,43,26,29,113,113,113,,,,météo correcte
2013-10-13,34,29,11,24,34,30,0,71,10,1012,2.625,42,25,29,113,113,113,,,,météo correcte
2013-10-14,34,29,11,25,34,30,0,76,10,1012,19.75,42,26,29,113,113,113,,,,météo correcte
2013-10-15,34,30,9,25,34,30,1.2,77,9.5,1013,33.5,43,27,30,116,176,176,,,,météo correcte
2013-10-16,34,30,9,25,34,30,2.1,76,9.625,1012,17.875,43,26,30,113,113,176,,,,météo correcte
2013-10-17,34,30,8,25,34,31,2.2,79,9.625,1012,14.25,45,27,30,113,176,176,,,,météo défavorable
2013-10-18,36,31,9,26,36,31,0.4,77,9.875,1011,16.25,49,28,31,113,113,116,,,,météo très défavorable
2013-10-19,34,30,6,25,34,30,1.7,77,9.75,1011,12.625,45,27,30,113,113,176,,,,météo défavorable
2013-10-20,36,30,6,24,36,30,1.6,77,9.625,1011,18.75,49,28,30,113,113,176,,,,météo très défavorable
2013-10-21,36,31,8,25,36,31,0.3,78,9.875,1010,12.375,49,28,31,113,113,176,,,,météo très défavorable
2013-10-22,36,30,6,25,36,31,1.2,75,10,1011,9,47,27,30,113,113,113,,,,météo défavorable
2013-10-23,34,30,13,25,34,30,1.6,74,9.875,1011,11.75,44,26,30,176,113,113,,,,météo défavorable
2013-10-24,35,30,8,26,35,30,0.4,73,9.875,1010,9.75,46,27,30,113,113,176,,,,météo défavorable
2013-10-25,36,30,6,25,36,30,0.9,75,9.875,1011,13,48,27,30,113,113,176,,,,météo très défavorable
2013-10-26,34,30,13,25,34,30,1.5,75,9.75,1012,19.875,44,26,30,113,113,176,,,,météo défavorable
2013-10-27,36,30,8,25,36,30,2.3,77,9.5,1012,20.625,49,28,30,113,113,176,,,,météo très défavorable
2013-10-28,35,30,8,26,35,30,1.9,74,9.875,1012,10.625,45,27,30,113,113,176,,,,météo défavorable
2013-10-29,36,30,3,25,36,30,0.6,75,10,1013,7.375,49,27,30,113,113,113,,,,météo très défavorable
2013-10-30,36,31,6,25,36,31,0.3,70,10,1012,9.125,48,27,31,113,113,113,,,,météo très défavorable
2013-10-31,34,30,9,25,34,30,0.4,71,10,1012,7.125,43,26,30,113,113,113,,,,météo correcte
2013-11-01,34,30,10,26,34,30,1,73,9.75,1012,12.125,45,27,30,113,113,176,,,,météo défavorable
2013-11-02,35,31,7,25,35,31,0.6,76,9.75,1011,21.75,46,27,31,116,113,176,,,,météo défavorable
2013-11-03,34,30,8,25,34,31,0.1,75,10,1010,12.125,45,27,30,113,113,113,,,,météo défavorable
2013-11-04,36,31,6,25,36,31,0.2,75,10,1010,10.375,48,28,31,113,113,113,,,,météo très défavorable
2013-11-05,35,30,6,25,35,31,1,77,10,1011,7.5,47,28,30,113,113,113,,,,météo défavorable
2013-11-06,35,30,9,26,35,30,1.1,77,9.75,1010,14.875,45,27,30,113,113,176,,,,météo défavorable
2013-11-07,36,31,5,25,36,31,0.6,76,9.875,1010,26.125,48,28,31,116,113,116,,,,météo très défavorable
2013-11-08,35,31,12,24,35,31,0,73,10,1009,5,45,26,31,113,113,113,,,,météo défavorable
2013-11-09,35,30,6,25,35,31,0.9,75,10,1010,6,46,27,30,113,113,113,,,,météo défavorable
2013-11-10,35,30,8,24,35,31,0.1,75,10,1009,13.875,46,27,30,113,113,116,,,,météo défavorable
2013-11-11,34,31,6,25,34,31,1.2,77,9.75,1009,18.5,45,27,31,113,113,176,,,,météo défavorable
2013-11-12,36,30,7,25,36,30,3.1,81,9.375,1008,20.25,51,28,30,176,113,176,,,,météo très défavorable
2013-11-13,33,30,6,25,33,30,2.2,77,9.75,1008,11.75,42,26,30,113,113,113,,,,météo correcte
2013-11-14,34,30,8,24,34,31,1.6,77,9.75,1009,20.375,45,27,30,113,113,176,,,,météo défavorable
2013-11-15,34,29,5,25,34,30,1.2,78,9.625,1010,39.125,44,27,29,116,113,176,,,,météo défavorable
2013-11-16,34,30,7,24,34,30,4.5,77,9.375,1009,22.875,46,27,30,176,113,113,,,,météo défavorable
2013-11-17,34,30,4,25,34,30,6.3,80,9.125,1009,24.375,48,28,30,176,113,356,,,,météo très défavorable
2013-11-18,34,29,8,25,34,29,14.1,79,8.875,1009,40.5,47,28,29,116,116,356,,,,météo défavorable
2013-11-19,31,29,11,26,30,29,2,82,9.875,1009,48.125,39,27,29,116,116,116,,,,météo favorable
2013-11-20,30,28,20,26,30,29,0.2,82,10,1008,30.375,37,26,28,116,116,116,,,,météo favorable
2013-11-21,30,28,19,26,30,30,0.6,81,9.75,1008,35.375,37,26,28,116,116,176,,,,météo favorable
2013-11-22,33,29,11,25,33,30,0.8,79,9.875,1009,24,42,27,29,116,113,113,,,,météo correcte
2013-11-23,33,30,6,25,33,30,10.7,82,9.125,1009,35.125,45,28,30,116,113,356,,,,météo défavorable
2013-11-24,34,30,5,25,34,30,6.4,80,9.125,1009,27.75,45,28,30,113,176,176,,,,météo défavorable
2013-11-25,34,29,5,25,34,29,36.4,83,7.25,1009,36.75,45,27,29,113,356,359,,,,météo très défavorable
2013-11-26,33,28,5,25,33,28,32.8,84,7,1009,48.625,44,28,28,116,356,359,,,,météo très défavorable
2013-11-27,31,29,6,26,31,29,24.1,87,7.625,1010,51.25,41,28,29,176,356,356,,,,météo très défavorable
2013-11-28,33,29,7,25,33,29,12.3,82,9.125,1011,34.375,43,27,29,116,176,356,,,,météo correcte
2013-11-29,33,28,11,25,33,28,15.1,85,8.75,1010,36,45,28,28,116,356,356,,,,météo défavorable
2013-11-30,32,29,14,25,32,29,0.7,78,10,1010,34,41,26,29,116,116,116,,,,météo correcte
2013-12-01,33,29,10,26,33,29,2.5,83,9.75,1010,26.5,45,28,29,113,113,176,,,,météo défavorable
2013-12-02,33,29,12,26,33,29,5.6,83,9.5,1010,27.25,46,28,29,116,113,356,,,,météo défavorable
2013-12-03,35,30,12,25,34,30,1,81,9.875,1010,32.75,50,29,30,116,116,176,,,,météo très défavorable
2013-12-04,33,30,11,26,33,30,12.8,81,8.625,1009,34,46,29,30,116,113,359,,,,météo défavorable
2013-12-05,34,30,7,26,34,30,17.1,82,8.75,1008,36.125,48,29,30,113,116,359,,,,météo très défavorable
2013-12-06,33,30,9,26,33,30,1.1,82,9.625,1008,30.625,47,29,30,113,113,176,,,,météo défavorable
2013-12-07,34,30,9,26,34,30,4.6,82,9.625,1009,26,47,29,30,113,113,176,,,,météo défavorable
2013-12-08,34,30,8,25,34,31,2.5,80,9.75,1009,30.375,47,28,30,116,113,176,,,,météo défavorable
2013-12-09,34,30,7,24,34,30,5.7,80,9.375,1008,30,46,28,30,113,176,176,,,,météo défavorable
2013-12-10,33,29,8,23,33,30,4.9,81,9.5,1008,29,45,28,29,116,116,356,,,,météo défavorable
2013-12-11,32,29,7,24,32,30,17.8,81,8.25,1008,42.875,43,28,29,263,116,356,,,,météo très défavorable
2013-12-12,32,29,4,24,32,30,1,81,9.25,1008,36.125,42,28,29,176,176,116,,,,météo correcte
2013-12-13,32,30,5,25,32,30,2.6,82,8.75,1009,58.625,42,27,30,266,353,353,,,,météo correcte
2013-12-14,33,29,10,24,33,29,14.6,86,9.25,1009,39.5,46,28,29,116,116,356,,,,météo défavorable
2013-12-15,32,29,5,25,32,29,12.3,83,8.875,1009,49.375,43,28,29,116,176,356,,,,météo correcte
2013-12-16,30,27,6,25,29,28,20.8,87,7.125,1009,63.25,37,27,27,302,293,293,,,,météo très défavorable
2013-12-17,31,28,5,23,31,28,12.3,85,8.375,1009,72.5,40,27,28,296,116,356,,,,météo défavorable
2013-12-18,33,29,7,23,33,30,14.6,80,8.125,1008,48.375,46,28,29,356,116,356,,,,météo défavorable
2013-12-19,33,30,4,24,33,30,2.4,80,9.5,1010,33.625,45,28,30,116,113,176,,,,météo défavorable
2013-12-20,33,30,9,26,33,30,5.5,81,9.25,1009,42.25,44,28,30,113,353,353,,,,météo défavorable
2013-12-21,33,28,9,25,33,28,14.9,83,8.625,1009,56.125,43,27,28,116,353,356,,,,météo défavorable
2013-12-22,32,28,12,25,32,28,1.9,87,9.25,1009,49.375,43,28,28,116,116,263,,,,météo correcte
2013-12-23,29,27,5,24,29,28,5,88,8,1009,52.5,36,26,27,116,293,263,,,,météo correcte
2013-12-24,30,28,10,26,29,29,9.6,89,8.625,1008,58.875,40,28,28,293,353,356,,,,météo correcte
2013-12-25,30,27,13,25,29,28,5.4,89,7.875,1008,56.75,38,27,27,266,296,176,,,,météo correcte
2013-12-26,33,29,13,25,32,30,0,78,10,1009,27.375,42,27,29,116,113,113,,,,météo correcte
2013-12-27,32,29,12,26,31,31,5.3,80,9.75,1009,28.25,42,27,29,116,176,353,,,,météo correcte
2013-12-28,32,28,14,24,31,30,0,77,10,1008,10.75,38,25,28,113,113,113,,,,météo favorable
2013-12-29,32,29,15,26,32,29,0.5,83,9.875,1008,20,41,27,29,113,113,176,,,,météo correcte
2013-12-30,33,30,13,25,33,30,3,82,9.625,1009,30.5,43,28,30,116,116,176,,,,météo correcte
2013-12-31,31,29,12,26,31,30,3.4,86,9.5,1010,47.75,41,28,29,116,116,353,,,,météo correcte
2014-01-01,34,28,7,25,34,28,24.1,84,7.5,1010,43.25,45,27,28,176,176,356,,,,météo très défavorable
2014-01-02,32,29,7,25,32,29,36.9,83,6.75,1010,49,42,27,29,356,356,356,,,,météo très défavorable
2014-01-03,33,29,5,24,33,29,12.2,81,9,1010,41.625,43,27,29,116,116,356,,,,météo correcte
2014-01-04,30,26,2,24,29,28,36.9,90,8,1009,66.25,38,27,26,308,293,116,,,,météo très défavorable
2014-01-05,32,28,11,24,32,29,1.5,84,9.625,1009,37.25,42,27,28,116,116,176,,,,météo correcte
2014-01-06,32,28,9,23,32,30,2.5,81,9.5,1009,25.75,42,27,28,116,176,176,,,,météo correcte
2014-01-07,34,29,3,24,34,30,3.1,84,9.5,1009,24.75,48,29,29,113,113,356,,,,météo très défavorable
2014-01-08,34,30,4,25,34,30,4.7,83,9.25,1010,34.25,48,29,30,176,116,356,,,,météo très défavorable
2014-01-09,33,29,6,24,33,30,0.4,82,10,1010,22.125,45,28,29,113,113,116,,,,météo défavorable
2014-01-10,32,29,11,25,32,29,1.8,81,9.625,1010,18.375,42,27,29,116,176,176,,,,météo correcte
2014-01-11,32,29,11,24,32,30,2.3,82,9.625,1011,25.75,43,28,29,176,116,176,,,,météo correcte
2014-01-12,33,29,12,24,33,30,0.4,81,9.875,1011,26.5,42,27,29,113,113,176,,,,météo correcte
2014-01-13,34,29,8,25,33,31,0.1,81,10,1010,43.375,46,28,29,116,116,119,,,,météo défavorable
2014-01-14,32,30,12,27,32,31,0.1,80,10,1009,29.375,41,27,30,116,116,116,,,,météo correcte
2014-01-15,31,29,14,26,31,30,0.6,84,10,1008,45,41,27,29,113,116,353,,,,météo correcte
2014-01-16,31,29,14,27,31,30,1.1,81,9.5,1009,39.125,40,27,29,116,176,176,,,,météo correcte
2014-01-17,31,29,15,26,31,30,1.9,81,9.75,1009,37,39,26,29,116,113,176,,,,météo favorable
2014-01-18,32,29,15,26,32,29,0.4,80,9.75,1010,32.625,40,26,29,116,113,176,,,,météo correcte
2014-01-19,31,28,16,26,30,30,9.9,80,9.125,1010,40.5,40,27,28,353,176,356,,,,météo correcte
2014-01-20,30,28,21,26,30,29,15.9,85,8.25,1009,56.25,38,27,28,353,353,356,,,,météo défavorable
2014-01-21,31,29,14,26,30,30,12.8,84,9.125,1009,41.75,40,27,29,116,176,356,,,,météo correcte
2014-01-22,32,29,11,24,32,29,8.4,81,9.25,1010,37,41,27,29,353,176,176,,,,météo correcte
2014-01-23,32,28,9,24,31,29,10.3,82,8.5,1010,40.125,42,27,28,176,263,356,,,,météo correcte
2014-01-24,32,28,8,24,32,28,18,85,8.875,1009,44.125,42,27,28,116,353,356,,,,météo très défavorable
2014-01-25,32,29,8,24,32,29,8.6,79,9.375,1010,36.375,41,27,29,116,176,356,,,,météo correcte
2014-01-26,33,28,8,24,33,29,3.7,80,9.75,1010,24.5,43,28,28,116,113,176,,,,météo correcte
2014-01-27,32,29,12,24,32,29,8.3,83,9.5,1009,27.25,42,27,29,113,116,356,,,,météo correcte
2014-01-28,32,28,10,24,32,29,0.2,79,10,1009,16.625,40,26,28,113,113,113,,,,météo correcte
2014-01-29,32,28,13,24,32,29,0.4,79,9.875,1009,12,41,26,28,113,113,176,,,,météo correcte
2014-01-30,31,28,16,26,30,30,4.3,85,9.25,1009,27.875,40,27,28,113,116,356,,,,météo correcte
2014-01-31,31,29,15,26,30,30,3.9,83,9.75,1009,38.375,39,27,29,116,116,353,,,,météo favorable
2014-02-01,31,29,16,27,30,30,1,82,9.75,1008,35.375,39,26,29,116,116,176,,,,météo favorable
2014-02-02,31,29,13,26,30,30,5.1,82,9.625,1007,36.875,40,27,29,116,116,176,,,,météo correcte
2014-02-03,30,29,15,26,29,29,13,86,9,1007,43,38,27,29,119,356,353,,,,météo défavorable
2014-02-04,30,29,17,26,30,29,3,84,9.375,1007,36.375,37,26,29,116,176,176,,,,météo favorable
2014-02-05,30,28,17,26,30,29,0.9,83,9.75,1007,23.875,37,26,28,113,113,176,,,,météo favorable
2014-02-06,30,28,18,26,29,29,0.5,82,9.875,1007,18,37,26,28,113,113,113,,,,météo favorable
2014-02-07,30,28,19,26,30,29,1.1,85,9.875,1006,40.5,39,27,28,116,116,353,,,,météo favorable
2014-02-08,28,28,15,26,28,28,5.4,91,8.5,1006,48,35,26,28,116,353,293,,,,météo correcte
2014-02-09,30,28,19,26,30,29,7.9,87,9.625,1006,55.625,37,27,28,119,353,353,,,,météo correcte
2014-02-10,31,29,18,26,30,29,4.4,84,9.75,1007,37.25,40,27,29,116,116,176,,,,météo correcte
2014-02-11,32,29,14,26,31,30,5.5,83,9.75,1007,37.5,41,27,29,116,353,353,,,,météo correcte
2014-02-12,30,27,14,25,29,29,2.7,85,9.125,1009,31.75,39,27,27,263,113,176,,,,météo favorable
2014-02-13,32,29,9,24,32,30,1.1,84,9.75,1011,32.25,42,27,29,116,113,176,,,,météo correcte
2014-02-14,30,28,8,25,29,28,7,86,7.5,1010,51.375,37,27,28,356,263,353,,,,météo correcte
2014-02-15,31,27,11,24,31,28,2.4,80,9.75,1010,32.25,39,26,27,116,116,176,,,,météo favorable
2014-02-16,32,29,10,24,32,29,4.7,81,9.625,1011,31.875,40,27,29,116,116,353,,,,météo correcte
2014-02-17,32,29,10,24,32,29,0,79,10,1012,28.875,42,27,29,113,113,116,,,,météo correcte
2014-02-18,30,28,15,25,29,29,3,83,9.75,1011,35.5,37,26,28,116,116,176,,,,météo favorable
2014-02-19,32,28,12,24,32,29,5.1,81,8.75,1010,42.25,40,27,28,116,116,176,,,,météo correcte
2014-02-20,32,28,9,24,32,30,1.5,80,9.75,1011,29.375,42,27,28,113,113,176,,,,météo correcte
2014-02-21,33,29,13,23,33,29,1.8,81,9.5,1011,23.875,43,27,29,116,176,176,,,,météo correcte
2014-02-22,33,28,7,23,33,29,7.5,80,9.125,1011,24.125,43,27,28,113,176,356,,,,météo correcte
2014-02-23,33,29,7,24,33,30,11.8,81,8.875,1011,35.75,45,28,29,353,116,356,,,,météo défavorable
2014-02-24,33,29,6,23,33,29,6.1,80,9.25,1012,16,44,27,29,176,113,176,,,,météo défavorable
2014-02-25,33,29,9,24,33,30,0.1,77,10,1012,21.625,40,26,29,113,113,116,,,,météo correcte
2014-02-26,33,29,10,23,33,29,3.7,80,9.375,1012,25.5,41,27,29,113,113,356,,,,météo correcte
2014-02-27,33,29,7,23,33,29,4.8,84,9.375,1012,25.625,43,27,29,116,113,356,,,,météo correcte
2014-02-28,32,29,8,25,32,29,6.8,83,9.375,1012,29,43,28,29,116,176,176,,,,météo correcte
2014-03-01,33,29,8,23,33,30,0.8,80,9.875,1011,27.125,44,27,29,176,113,113,,,,météo défavorable
2014-03-02,33,28,5,23,33,30,0.8,83,9.75,1010,22.75,46,28,28,113,113,176,,,,météo défavorable
2014-03-03,33,29,4,23,33,29,5.6,84,9.5,1011,30.75,44,28,29,113,116,353,,,,météo défavorable
2014-03-04,33,29,5,23,33,29,7.9,82,9.25,1012,22.5,45,28,29,113,113,356,,,,météo défavorable
2014-03-05,34,29,5,23,34,29,0.6,83,9.875,1012,20,47,28,29,113,113,176,,,,météo défavorable
2014-03-06,32,28,9,24,32,30,0.4,80,9.875,1011,18.375,41,26,28,113,113,176,,,,météo correcte
2014-03-07,32,28,9,24,32,30,0.4,82,9.875,1011,29.375,42,27,28,113,113,176,,,,météo correcte
2014-03-08,33,29,9,24,33,30,0.2,80,10,1012,32.25,42,27,29,113,113,116,,,,météo correcte
2014-03-09,32,28,13,24,32,29,0.8,85,9.625,1011,23.125,41,27,28,113,113,176,,,,météo correcte
2014-03-10,32,29,10,23,32,29,0.5,83,9.875,1011,21.25,41,26,29,113,113,176,,,,météo correcte
2014-03-11,33,29,4,23,33,29,11.1,84,9.125,1012,28.875,45,28,29,116,113,356,,,,météo défavorable
2014-03-12,33,28,6,23,33,29,15.3,83,8.375,1011,36.5,45,28,28,356,116,356,,,,météo défavorable
2014-03-13,32,28,10,23,32,29,11,83,9,1010,30.125,43,28,28,116,176,356,,,,météo correcte
2014-03-14,32,28,11,22,32,29,1.1,85,9.75,1012,31.375,42,27,28,116,116,176,,,,météo correcte
2014-03-15,32,28,10,23,32,29,1.4,84,9.75,1011,30.75,41,27,28,116,113,176,,,,météo correcte
2014-03-16,32,28,7,22,32,29,4.5,83,9.5,1012,28.25,42,27,28,113,116,356,,,,météo correcte
2014-03-17,32,29,4,23,32,30,12.1,82,8.75,1012,36.125,44,28,29,116,176,356,,,,météo défavorable
2014-03-18,34,29,9,24,34,29,5,84,9.625,1012,28.875,48,29,29,116,116,176,,,,météo très défavorable
2014-03-19,31,24,20,26,31,24,2.1,85,9.75,1011,27.125,37,26,24,113,116,293,,,,météo favorable
2014-03-20,32,29,9,25,31,29,11.6,86,9.125,1009,37.125,42,28,29,176,356,353,,,,météo correcte
2014-03-21,32,29,9,23,32,29,7.9,83,9.375,1009,39.625,43,28,29,116,176,176,,,,météo correcte
2014-03-22,33,28,8,23,33,30,0.2,79,9.875,1009,21.375,43,27,28,113,113,200,,,,météo correcte
2014-03-23,34,28,8,22,33,30,0,77,10,1011,2.25,45,27,28,113,113,113,,,,météo défavorable
2014-03-24,33,28,10,22,33,30,0,79,10,1011,5.75,44,27,28,113,113,113,,,,météo défavorable
2014-03-25,33,29,7,23,33,29,3.6,79,9.25,1010,19.25,43,27,29,356,113,176,,,,météo correcte
2014-03-26,33,29,8,22,33,30,0.7,82,9.75,1010,19.375,45,28,29,113,113,176,,,,météo défavorable
2014-03-27,33,29,8,23,33,29,17.2,85,8.75,1010,23,48,30,29,176,176,356,,,,météo très défavorable
2014-03-28,33,29,6,23,33,29,5.3,83,9.25,1011,20.625,43,28,29,176,113,176,,,,météo correcte
2014-03-29,33,29,5,23,33,29,0.7,81,9.75,1011,21.125,42,27,29,116,113,176,,,,météo correcte
2014-03-30,33,29,6,24,33,30,2,82,9.875,1010,24.25,44,28,29,116,113,116,,,,météo défavorable
2014-03-31,34,29,6,24,34,30,0,83,10,1010,31.5,47,28,29,116,113,116,,,,météo défavorable
2014-04-01,33,29,9,25,33,30,0.4,83,9.875,1009,21.875,46,28,29,116,113,176,,,,météo défavorable
2014-04-02,34,30,7,25,34,30,1.6,84,9.75,1009,22.5,47,29,30,113,113,176,,,,météo défavorable
2014-04-03,34,29,6,25,34,30,1.6,85,9.625,1010,24.375,49,29,29,113,113,176,,,,météo très défavorable
2014-04-04,34,29,9,25,34,30,0.9,83,10,1010,13.75,47,29,29,113,113,113,,,,météo défavorable
2014-04-05,33,29,7,25,33,29,0.6,84,9.875,1011,25.75,45,28,29,113,113,176,,,,météo défavorable
2014-04-06,32,28,8,23,32,30,0.9,84,9.75,1012,42.375,42,28,28,116,176,113,,,,météo correcte
2014-04-07,33,29,4,24,33,30,8.7,83,9.125,1012,33.375,46,28,29,116,176,356,,,,météo défavorable
2014-04-08,33,29,7,23,33,30,0.7,82,10,1011,23.625,43,27,29,113,113,116,,,,météo correcte
2014-04-09,33,29,8,23,33,29,7,82,9.375,1010,19.25,43,27,29,113,113,356,,,,météo correcte
2014-04-10,32,27,9,22,32,29,0.5,83,9.875,1011,40.875,42,27,27,116,119,113,,,,météo correcte
2014-04-11,34,29,6,24,34,30,6.5,83,9.375,1011,26.5,45,28,29,356,113,176,,,,météo défavorable
2014-04-12,34,29,6,24,34,29,6.3,83,9.375,1011,23.5,47,29,29,113,116,356,,,,météo défavorable
2014-04-13,34,29,8,25,34,30,0.2,84,9.875,1011,22.875,47,29,29,113,113,176,,,,météo défavorable
2014-04-14,33,29,8,25,33,29,0.3,82,9.875,1011,29.375,46,28,29,116,113,176,,,,météo défavorable
2014-04-15,33,28,10,24,33,29,2.8,82,9.75,1011,32.875,43,27,28,116,116,176,,,,météo correcte
2014-04-16,34,29,6,24,34,30,0.4,83,9.875,1011,14.25,48,29,29,113,113,176,,,,météo très défavorable
2014-04-17,33,29,3,24,32,30,0.4,84,9.875,1010,25,44,28,29,116,113,176,,,,météo défavorable
2014-04-18,32,28,10,23,32,29,1.4,83,9.625,1010,23.5,42,27,28,116,113,176,,,,météo correcte
2014-04-19,33,29,9,23,33,29,6.8,85,9.25,1010,26.375,46,29,29,116,113,356,,,,météo défavorable
2014-04-20,33,28,10,23,33,30,4.5,83,9.625,1010,36.375,45,28,28,116,113,176,,,,météo défavorable
2014-04-21,32,28,6,23,32,30,1.6,86,9.5,1010,31.625,45,29,28,116,116,176,,,,météo défavorable
2014-04-22,33,29,8,23,33,30,2.1,85,9.625,1011,22.875,45,28,29,176,113,176,,,,météo défavorable
2014-04-23,34,29,9,23,34,30,1.7,83,9.25,1011,32.375,47,29,29,176,176,176,,,,météo défavorable
2014-04-24,32,29,8,22,32,30,1.1,83,9.625,1010,27.875,43,28,29,116,113,176,,,,météo correcte
2014-04-25,33,29,9,24,33,30,1.9,84,9.875,1010,50.5,44,28,29,353,116,353,,,,météo défavorable
2014-04-26,33,29,6,23,33,30,2,84,9.625,1010,37.875,46,29,29,116,176,176,,,,météo défavorable
2014-04-27,34,29,6,25,34,30,0.1,84,10,1011,22.75,48,29,29,116,113,116,,,,météo très défavorable
2014-04-28,33,29,13,24,33,29,0,80,10,1012,11.125,43,27,29,113,113,113,,,,météo correcte
2014-04-29,34,28,9,22,34,30,0.1,81,10,1010,8.875,49,29,28,113,113,113,,,,météo très défavorable
2014-04-30,33,29,10,22,33,29,0.9,82,9.875,1010,13,43,27,29,113,113,176,,,,météo correcte
2014-05-01,33,28,10,23,33,29,0.3,82,10,1011,17,43,27,28,116,113,113,,,,météo correcte
2014-05-02,33,29,7,23,33,31,0.2,81,10,1012,15.25,45,28,29,113,113,116,,,,météo défavorable
2014-05-03,34,29,7,24,34,30,0.4,81,9.75,1011,17.75,47,28,29,113,113,176,,,,météo défavorable
2014-05-04,33,28,8,23,33,30,0,79,10,1010,11.375,44,27,28,113,113,113,,,,météo défavorable
2014-05-05,33,28,10,23,33,30,0,79,10,1011,3.75,43,27,28,113,113,113,,,,météo correcte
2014-05-06,34,29,7,24,34,30,0,81,10,1011,13,47,28,29,113,113,113,,,,météo défavorable
2014-05-07,34,29,8,24,34,30,0.5,83,9.875,1011,18,47,29,29,113,116,176,,,,météo défavorable
2014-05-08,34,30,7,25,34,31,0.4,83,9.875,1011,27.125,47,29,30,116,113,176,,,,météo défavorable
2014-05-09,34,29,7,25,34,30,0.3,82,10,1012,20.875,47,28,29,113,113,116,,,,météo défavorable
2014-05-10,34,28,8,23,34,30,0,79,10,1011,12.25,47,28,28,113,113,113,,,,météo défavorable
2014-05-11,33,30,6,26,33,30,1,81,9.75,1011,23.625,44,28,29,116,113,176,,,,météo défavorable
2014-05-12,32,29,12,26,31,31,0.7,82,9.75,1012,15.875,43,28,29,113,113,176,,,,météo correcte
2014-05-13,33,29,7,25,32,30,0.3,84,10,1011,26,44,28,29,113,116,116,,,,météo défavorable
2014-05-14,33,28,9,24,33,30,0,80,10,1011,11.625,44,27,28,113,113,116,,,,météo défavorable
2014-05-15,33,29,10,24,33,30,0.1,80,10,1010,22,44,27,29,116,113,116,,,,météo défavorable
2014-05-16,32,29,9,25,32,30,0,80,10,1010,21.875,42,27,29,113,113,116,,,,météo correcte
2014-05-17,33,29,9,25,32,30,0,80,10,1011,17.75,43,27,29,116,113,113,,,,météo correcte
2014-05-18,33,29,9,25,33,29,0,82,10,1011,32.125,43,27,29,113,113,119,,,,météo correcte
2014-05-19,33,29,8,25,33,30,0.4,83,9.75,1011,29,46,28,29,116,113,176,,,,météo défavorable
2014-05-20,33,29,8,25,33,30,2.7,81,9.625,1011,19.25,44,28,29,113,113,176,,,,météo défavorable
2014-05-21,33,29,9,25,32,29,0.4,80,10,1011,13,42,27,29,113,113,113,,,,météo correcte
2014-05-22,32,28,14,24,32,29,0,79,10,1011,13.625,41,27,28,113,113,113,,,,météo correcte
2014-05-23,33,28,10,24,33,29,0.3,81,10,1011,12.25,43,27,28,113,113,113,,,,météo correcte
2014-05-24,33,29,10,24,32,30,0.2,82,9.875,1012,19,44,28,29,113,113,176,,,,météo défavorable
2014-05-25,33,29,7,24,32,30,7.7,85,9.375,1012,26.25,45,28,29,113,176,176,,,,météo défavorable
2014-05-26,33,29,8,25,33,30,0,82,10,1012,21.375,45,28,29,113,113,116,,,,météo défavorable
2014-05-27,32,29,13,26,31,30,0,81,9.875,1012,15.625,40,27,29,116,113,113,,,,météo correcte
2014-05-28,32,29,11,26,31,31,0.6,83,9.75,1011,31.125,42,27,29,116,116,176,,,,météo correcte
2014-05-29,32,28,13,25,32,29,0,80,10,1011,10.625,41,27,28,113,113,113,,,,météo correcte
2014-05-30,32,28,13,24,32,28,0,79,10,1011,9.75,39,26,28,113,113,113,,,,météo favorable
2014-05-31,33,27,9,23,32,29,0,80,10,1011,10.625,43,27,27,113,113,113,,,,météo correcte
2014-06-01,32,29,10,25,32,29,0,81,10,1010,16.875,42,27,29,113,113,113,,,,météo correcte
2014-06-02,33,28,12,25,32,29,0.1,82,10,1010,17.25,43,27,28,113,113,116,,,,météo correcte
2014-06-03,32,29,13,27,31,31,0.1,82,9.875,1009,25.125,42,27,29,116,113,116,,,,météo correcte
2014-06-04,32,29,12,27,31,31,0,81,10,1009,21.625,41,27,29,116,113,113,,,,météo correcte
2014-06-05,31,29,15,26,31,30,0,80,10,1009,21.125,39,26,29,113,116,113,,,,météo favorable
2014-06-06,33,28,14,25,32,29,0,81,10,1009,20.5,43,27,28,116,113,113,,,,météo correcte
2014-06-07,31,29,17,26,30,30,0,81,10,1009,17.375,39,26,29,113,113,113,,,,météo favorable
2014-06-08,33,28,15,23,33,29,0,81,10,1009,15.5,43,27,28,113,113,113,,,,météo correcte
2014-06-09,34,28,10,24,33,30,0,82,10,1008,22,46,28,28,116,113,116,,,,météo défavorable
2014-06-10,34,28,9,25,33,30,0.1,83,10,1008,21.25,47,29,28,116,113,116,,,,météo défavorable
2014-06-11,33,28,11,25,32,29,0.2,82,10,1008,12.375,43,27,28,113,113,116,,,,météo correcte
2014-06-12,32,28,9,24,32,29,0.1,79,10,1009,18.5,41,27,28,113,113,116,,,,météo correcte
2014-06-13,31,28,14,25,30,29,0,78,10,1009,12.125,36,24,28,116,113,113,,,,météo favorable
2014-06-14,31,28,15,25,30,29,0,79,10,1011,12.125,36,24,28,116,113,113,,,,météo favorable
2014-06-15,31,28,14,26,30,29,0,78,10,1012,28.75,37,25,28,119,113,113,,,,météo favorable
2014-06-16,33,28,13,23,33,29,2.4,80,9.625,1011,21.25,42,27,28,113,116,176,,,,météo correcte
2014-06-17,32,28,10,24,32,29,0.1,81,10,1012,23.375,41,27,28,113,113,116,,,,météo correcte
2014-06-18,32,27,11,24,32,29,0,82,10,1012,18.625,43,27,27,113,113,116,,,,météo correcte
2014-06-19,31,28,13,26,30,30,0,81,10,1012,18.375,38,26,28,116,113,113,,,,météo favorable
2014-06-20,31,28,13,26,30,30,0,82,10,1013,17.875,38,26,28,116,113,113,,,,météo favorable
2014-06-21,33,29,7,25,33,29,0.1,83,10,1012,32.875,43,28,29,116,113,116,,,,météo correcte
2014-06-22,33,28,8,25,33,29,11.8,82,8.75,1013,39.25,45,28,28,176,353,113,,,,météo défavorable
2014-06-23,32,27,8,23,32,29,4.9,85,9.5,1012,43.125,42,28,27,116,116,356,,,,météo correcte
2014-06-24,32,28,12,26,31,30,0.2,84,10,1012,26.125,40,26,28,116,116,116,,,,météo correcte
2014-06-25,31,28,11,25,30,30,1.1,85,9.875,1012,29.75,40,27,28,116,116,176,,,,météo correcte
2014-06-26,31,26,14,23,31,28,0,80,10,1013,5.625,38,25,26,113,113,113,,,,météo favorable
2014-06-27,31,26,15,22,31,27,0,78,10,1014,5.5,37,25,26,113,113,113,,,,météo favorable
2014-06-28,31,27,13,22,30,27,0.2,85,10,1013,15.625,39,26,27,116,113,113,,,,météo favorable
2014-06-29,32,26,12,22,31,28,0,78,10,1013,3.875,38,24,26,113,113,113,,,,météo favorable
2014-06-30,32,26,10,22,31,29,0.1,79,10,1013,9.5,40,26,26,113,113,113,,,,météo correcte
2014-07-01,30,28,12,25,30,29,0.2,81,10,1014,19.75,37,25,28,113,113,113,,,,météo favorable
2014-07-02,32,27,15,23,31,28,0,81,10,1013,29.75,40,26,27,116,116,113,,,,météo correcte
2014-07-03,30,28,13,25,29,29,0,83,10,1011,23.875,36,25,28,116,113,113,,,,météo favorable
2014-07-04,29,27,13,24,29,27,0,82,10,1012,22.75,34,24,27,116,113,113,,,,météo idéale
2014-07-05,29,27,13,25,29,28,0,82,10,1012,19.75,34,24,27,116,113,113,,,,météo idéale
2014-07-06,27,25,15,25,27,25,0.1,81,10,1012,17.125,31,24,25,116,113,113,,,,météo idéale
2014-07-07,31,28,12,25,30,30,0,81,10,1012,15.5,38,25,28,116,113,113,,,,météo favorable
2014-07-08,30,27,13,24,29,29,0.2,82,10,1012,25.625,37,25,27,116,116,113,,,,météo favorable
2014-07-09,30,27,13,24,29,29,0,83,10,1012,19.375,36,25,27,116,113,113,,,,météo favorable
2014-07-10,32,27,11,22,32,29,0,81,10,1012,16.75,41,26,27,113,113,113,,,,météo correcte
2014-07-11,33,27,8,23,33,29,0.1,79,10,1012,21.625,42,27,27,113,113,113,,,,météo correcte
2014-07-12,32,28,10,22,32,29,0.9,80,9.625,1012,33.625,40,26,28,176,113,113,,,,météo correcte
2014-07-13,29,28,13,25,29,28,16.9,86,8.75,1011,45.375,36,26,28,356,353,176,,,,météo très défavorable
2014-07-14,30,26,18,24,29,26,0.7,87,9.375,1013,35.875,36,25,26,263,116,113,,,,météo favorable
2014-07-15,29,25,19,23,27,27,0,82,10,1013,14.875,32,23,25,113,113,113,,,,météo idéale
2014-07-16,31,26,13,22,31,28,0,81,10,1013,19.25,39,26,26,113,113,116,,,,météo favorable
2014-07-17,32,28,11,24,31,29,7.9,85,9.5,1012,28.875,42,28,28,116,353,176,,,,météo correcte
2014-07-18,32,27,6,23,32,29,0.1,82,10,1012,23.875,40,26,27,116,113,113,,,,météo correcte
2014-07-19,32,28,7,23,32,29,0.4,85,10,1012,28.5,42,27,28,116,113,113,,,,météo correcte
2014-07-20,33,27,6,21,32,29,0,81,10,1013,23.5,43,27,27,113,113,116,,,,météo correcte
2014-07-21,33,26,8,22,32,31,0,81,10,1013,19.875,44,28,26,113,113,116,,,,météo défavorable
2014-07-22,32,26,9,22,32,28,0,81,10,1013,7.875,40,26,26,113,113,113,,,,météo correcte
2014-07-23,31,27,14,24,31,27,0.1,81,10,1013,15.875,37,25,27,116,113,113,,,,météo favorable
2014-07-24,31,27,12,23,31,28,0,80,10,1013,13.625,37,25,27,116,113,113,,,,météo favorable
2014-07-25,31,27,12,23,30,27,0.1,80,10,1014,14.75,37,25,27,113,113,113,,,,météo favorable
2014-07-26,31,27,14,23,31,27,0,81,10,1015,10.875,37,25,27,113,113,113,,,,météo favorable
2014-07-27,31,26,12,22,31,28,0,78,10,1014,10.625,38,25,26,113,113,113,,,,météo favorable
2014-07-28,31,27,13,22,31,28,0,77,10,1014,16,37,25,27,113,113,113,,,,météo favorable
2014-07-29,32,26,10,22,31,29,0.2,80,10,1013,14.875,40,26,26,113,113,113,,,,météo correcte
2014-07-30,32,27,10,23,31,30,0,78,10,1013,10.25,40,26,27,113,113,113,,,,météo correcte
2014-07-31,32,27,10,22,32,29,0,79,10,1013,22.625,41,26,27,116,113,116,,,,météo correcte
2014-08-01,32,27,10,23,32,28,0,82,10,1012,15.25,40,26,27,116,113,113,,,,météo correcte
2014-08-02,32,27,13,23,32,29,0,82,10,1012,14.25,41,26,27,113,113,113,,,,météo correcte
2014-08-03,32,28,8,23,32,29,0.6,82,9.75,1012,29.125,41,27,28,116,113,176,,,,météo correcte
2014-08-04,32,27,10,23,32,29,0.4,82,9.875,1012,14.75,41,27,27,113,113,176,,,,météo correcte
2014-08-05,31,28,12,23,31,29,0,82,10,1013,15.5,39,26,28,116,113,113,,,,météo favorable
2014-08-06,31,27,9,23,31,29,0.4,81,9.875,1013,19.25,39,26,27,113,113,116,,,,météo favorable
2014-08-07,32,27,14,23,32,28,0,82,10,1013,12.875,39,26,27,113,113,113,,,,météo favorable
2014-08-08,31,27,13,24,30,28,0.1,82,10,1013,22.75,38,25,27,116,113,116,,,,météo favorable
2014-08-09,31,27,15,23,31,28,0,79,10,1014,5.25,37,25,27,113,113,113,,,,météo favorable
2014-08-10,30,27,15,23,30,28,0,79,10,1014,7.75,36,24,27,113,113,113,,,,météo favorable
2014-08-11,30,26,17,22,30,26,0,74,10,1014,0,33,22,26,113,113,113,,,,météo idéale
2014-08-12,31,26,16,22,30,27,0,77,10,1013,6.75,35,23,26,113,113,113,,,,météo favorable
2014-08-13,31,26,15,22,30,28,0,76,10,1013,10.25,37,24,26,113,113,113,,,,météo favorable
2014-08-14,30,26,15,23,30,27,0,76,10,1015,6.5,34,23,26,113,113,113,,,,météo idéale
2014-08-15,30,26,17,23,29,26,0.2,79,10,1015,17,34,23,26,116,113,113,,,,météo idéale
2014-08-16,30,26,17,22,29,27,0,75,10,1014,5.5,34,23,26,113,113,113,,,,météo idéale
2014-08-17,30,26,14,22,30,27,0,76,10,1013,5,33,23,26,113,113,113,,,,météo idéale
2014-08-18,32,27,10,23,31,29,0.1,79,10,1014,19.875,39,25,27,113,113,116,,,,météo favorable
2014-08-19,32,28,9,24,32,28,3.1,84,10,1014,38.5,40,26,28,113,113,353,,,,météo correcte
2014-08-20,32,28,9,24,32,29,1.8,81,9.75,1013,34.25,40,26,28,116,113,176,,,,météo correcte
2014-08-21,32,28,12,24,32,28,0.1,81,10,1013,18.875,40,26,28,116,113,113,,,,météo correcte
2014-08-22,32,27,11,23,31,29,0,79,10,1013,13.625,39,25,27,113,113,113,,,,météo favorable
2014-08-23,32,28,11,24,31,29,0,78,10,1013,12.25,38,25,28,113,113,116,,,,météo favorable
2014-08-24,31,26,16,22,30,27,0,69,10,1013,1.375,34,22,26,113,113,113,,,,météo idéale
2014-08-25,31,25,12,22,30,28,0,70,10,1013,0.375,35,22,25,113,113,113,,,,météo favorable
2014-08-26,32,26,12,22,31,28,0,75,10,1013,2.375,39,25,26,113,113,113,,,,météo favorable
2014-08-27,32,27,11,22,31,28,0,75,10,1012,1.5,38,25,27,113,113,113,,,,météo favorable
2014-08-28,32,27,7,22,32,28,0,77,10,1012,10.375,39,25,27,113,113,116,,,,météo favorable
2014-08-29,31,27,10,23,31,28,0,77,10,1013,5.75,37,25,27,113,113,113,,,,météo favorable
2014-08-30,32,27,11,22,32,28,0,80,10,1013,8.75,39,25,27,113,113,113,,,,météo favorable
2014-08-31,32,26,11,22,31,29,0,75,10,1013,0.75,38,24,26,113,113,113,,,,météo favorable
2014-09-01,32,26,8,22,32,29,0,74,10,1012,1.25,39,25,26,113,113,113,,,,météo favorable
2014-09-02,32,26,10,22,31,28,0,73,10,1013,1.125,38,23,26,113,113,113,,,,météo favorable
2014-09-03,31,26,8,20,31,27,0,76,10,1014,4.75,36,23,26,113,113,113,,,,météo favorable
2014-09-04,33,27,9,22,32,29,0,73,10,1012,2.125,39,24,27,113,113,113,,,,météo favorable
2014-09-05,32,27,7,21,32,28,0,77,10,1012,7.625,38,25,27,113,113,113,,,,météo favorable
2014-09-06,33,28,8,22,33,29,0,77,10,1013,7.5,42,26,28,113,113,113,,,,météo correcte
2014-09-07,33,27,8,21,32,29,0,75,10,1014,1.25,40,25,27,113,113,113,,,,météo correcte
2014-09-08,32,27,13,22,32,27,0,72,10,1015,0,36,22,27,113,113,113,,,,météo favorable
2014-09-09,32,27,12,23,31,29,0,72,10,1015,2.875,37,23,27,113,113,113,,,,météo favorable
2014-09-10,32,27,17,22,31,28,0,73,10,1015,2.25,35,22,27,113,113,113,,,,météo favorable
2014-09-11,32,27,14,22,32,28,0,68,10,1015,2.5,35,22,27,113,113,113,,,,météo favorable
2014-09-12,33,28,12,23,33,29,0,71,10,1014,2.5,39,23,28,113,113,113,,,,météo favorable
2014-09-13,33,27,11,22,33,29,0,71,10,1013,0,38,22,27,113,113,113,,,,météo favorable
2014-09-14,33,27,13,22,32,29,0,66,10,1013,3.25,36,22,27,113,113,113,,,,météo favorable
2014-09-15,32,27,12,22,32,29,0,71,10,1012,1.5,37,22,27,113,113,113,,,,météo favorable
2014-09-16,33,28,8,22,33,29,0,73,10,1012,2.75,39,24,28,113,113,113,,,,météo favorable
2014-09-17,32,28,8,23,32,29,0,74,10,1013,6.375,38,24,28,113,113,113,,,,météo favorable
2014-09-18,33,29,6,23,33,30,0,76,10,1014,7.125,42,26,29,113,113,113,,,,météo correcte
2014-09-19,33,29,9,24,33,29,0,76,10,1014,6.375,40,25,29,113,113,113,,,,météo correcte
2014-09-20,32,27,11,22,32,29,0,68,10,1013,1.875,37,22,27,113,113,113,,,,météo favorable
2014-09-21,33,28,9,23,33,29,0,67,10,1015,0.75,39,23,28,113,113,113,,,,météo favorable
2014-09-22,34,28,11,23,33,30,0,69,10,1014,0.625,40,24,28,113,113,113,,,,météo correcte
2014-09-23,33,28,14,24,32,31,0,73,10,1014,2.5,39,24,28,113,113,113,,,,météo favorable
2014-09-24,33,28,13,23,33,30,0,66,10,1013,0.875,36,21,28,113,113,113,,,,météo favorable
2014-09-25,33,28,14,23,33,30,0,68,10,1014,1.5,37,22,28,113,113,113,,,,météo favorable
2014-09-26,34,28,8,22,34,31,0,73,10,1014,7.5,42,25,28,113,113,113,,,,météo correcte
2014-09-27,34,29,9,24,34,31,0,75,10,1015,9,44,26,29,113,113,113,,,,météo défavorable
2014-09-28,34,28,12,24,33,31,0,77,10,1014,10.25,44,27,28,113,113,113,,,,météo défavorable
2014-09-29,34,29,9,25,34,32,0,70,10,1012,7.5,42,25,29,113,113,113,,,,météo correcte
2014-09-30,34,29,10,24,34,32,0,70,10,1013,1.875,41,24,29,113,113,113,,,,météo correcte
2014-10-01,34,28,11,23,34,31,0,67,10,1013,0.5,39,23,28,113,113,113,,,,météo favorable
2014-10-02,34,29,9,23,34,30,0,69,10,1013,6.375,40,24,29,113,113,113,,,,météo correcte
2014-10-03,32,27,14,23,32,29,0,68,10,1014,1.25,36,21,27,113,113,113,,,,météo favorable
2014-10-04,31,27,15,24,31,28,0,70,10,1013,0.75,34,21,27,113,113,113,,,,météo idéale
2014-10-05,34,29,9,24,34,31,0,69,10,1013,4.25,41,25,29,113,113,113,,,,météo correcte
2014-10-06,33,29,13,24,33,30,0,70,10,1013,4.5,38,23,29,113,113,113,,,,météo favorable
2014-10-07,33,29,13,24,33,31,0,66,10,1012,2.375,38,22,29,113,113,113,,,,météo favorable
2014-10-08,33,29,13,24,33,30,0,65,10,1012,4.875,37,22,29,113,113,113,,,,météo favorable
2014-10-09,34,29,13,23,34,32,0,67,10,1013,1.5,41,23,29,113,113,113,,,,météo correcte
2014-10-10,35,29,12,23,35,34,0,64,10,1013,2.5,42,24,29,113,113,113,,,,météo correcte
2014-10-11,34,29,12,24,34,31,0,66,10,1012,2.625,40,23,29,113,113,113,,,,météo correcte
2014-10-12,34,29,10,23,34,31,0,72,10,1012,10,41,24,29,113,113,116,,,,météo correcte
2014-10-13,33,29,15,23,33,31,0,70,10,1013,3.875,39,24,29,113,113,113,,,,météo favorable
2014-10-14,34,30,10,23,34,32,0,72,10,1013,3.125,41,25,30,113,113,113,,,,météo correcte
2014-10-15,34,31,8,25,34,31,0,76,10,1012,7.75,43,26,31,113,113,113,,,,météo correcte
2014-10-16,34,30,10,23,34,32,0.5,79,9.75,1012,13.125,43,26,30,113,113,176,,,,météo correcte
2014-10-17,33,30,12,24,33,31,0.4,74,10,1012,9.75,40,24,30,113,113,113,,,,météo correcte
2014-10-18,35,29,8,24,35,32,0.3,73,10,1012,7.375,44,26,29,113,113,113,,,,météo défavorable
2014-10-19,34,30,7,24,34,31,0.5,75,9.75,1012,12.625,43,26,30,113,113,176,,,,météo correcte
2014-10-20,34,30,7,25,34,32,0.1,74,10,1013,13,44,26,30,113,113,116,,,,météo défavorable
2014-10-21,35,31,7,26,35,31,0,74,10,1014,11.875,44,26,31,113,113,113,,,,météo défavorable
2014-10-22,35,30,8,24,35,32,0,67,10,1013,4.25,43,24,30,113,113,113,,,,météo correcte
2014-10-23,35,30,7,24,35,32,0,72,10,1013,6.625,44,26,30,113,113,113,,,,météo défavorable
2014-10-24,34,29,8,23,34,30,0,74,10,1012,13.625,41,25,29,113,113,116,,,,météo correcte
2014-10-25,35,30,7,23,35,31,0,75,10,1013,6,43,25,30,113,113,113,,,,météo correcte
2014-10-26,34,30,9,24,34,32,0,72,10,1014,2.5,42,25,30,113,113,113,,,,météo correcte
2014-10-27,35,30,7,23,35,31,0,69,10,1013,3.25,42,24,30,113,113,113,,,,météo correcte
2014-10-28,35,30,8,23,35,32,0,71,10,1012,3.625,42,25,30,113,113,113,,,,météo correcte
2014-10-29,34,30,9,23,34,31,0,75,10,1012,6.5,42,25,30,113,113,116,,,,météo correcte
2014-10-30,35,30,8,24,35,33,0,72,10,1011,1.375,44,25,30,113,113,113,,,,météo défavorable
2014-10-31,34,29,8,23,34,33,0,64,10,1011,0.375,41,24,29,113,113,113,,,,météo correcte
2014-11-01,34,29,10,24,34,32,0,73,10,1010,0.875,41,25,29,113,113,113,,,,météo correcte
2014-11-02,35,30,6,24,35,33,0,72,10,1011,1.625,43,25,30,113,113,113,,,,météo correcte
2014-11-03,34,31,6,24,34,32,0,72,10,1013,4.625,42,25,31,113,113,113,,,,météo correcte
2014-11-04,35,31,6,24,35,31,0,73,10,1013,2,44,25,30,113,113,113,,,,météo défavorable
2014-11-05,35,31,6,26,35,32,0.4,77,9.875,1013,8.5,45,27,31,113,113,176,,,,météo défavorable
2014-11-06,34,31,9,24,34,31,0,76,10,1012,11.75,44,26,31,113,113,113,,,,météo défavorable
2014-11-07,34,30,4,25,34,31,3,76,9.5,1012,17.875,45,27,30,113,113,176,,,,météo défavorable
2014-11-08,34,30,9,26,34,32,0.5,77,9.875,1013,12.5,44,26,30,113,113,176,,,,météo défavorable
2014-11-09,35,29,8,26,35,29,2.9,80,9.75,1013,25.125,47,28,29,113,113,176,,,,météo défavorable
2014-11-10,34,31,8,25,34,31,3.9,76,9.5,1012,25.375,45,27,31,116,113,176,,,,météo défavorable
2014-11-11,35,30,6,24,35,32,0.3,77,10,1011,17.25,46,27,30,113,113,113,,,,météo défavorable
2014-11-12,36,30,6,24,36,32,2,75,9.75,1011,12.375,49,28,30,113,113,176,,,,météo très défavorable
2014-11-13,34,30,9,25,34,31,1.2,74,9.625,1011,14.5,42,26,30,113,176,176,,,,météo correcte
2014-11-14,34,30,8,23,34,31,0.7,74,10,1011,11.5,44,27,30,113,113,113,,,,météo défavorable
2014-11-15,34,29,7,23,34,30,0.6,76,10,1011,17.25,44,27,29,113,113,113,,,,météo défavorable
2014-11-16,35,30,5,24,35,31,1,78,9.75,1010,43,47,28,30,116,119,176,,,,météo défavorable
2014-11-17,34,30,9,25,34,32,5,79,9.375,1010,30.5,44,27,30,116,113,176,,,,météo défavorable
2014-11-18,34,30,6,25,34,30,1.3,75,9.875,1011,28.875,44,27,30,113,113,353,,,,météo défavorable
2014-11-19,34,30,7,24,34,32,1.2,75,9.625,1011,27.875,46,28,30,113,176,176,,,,météo défavorable
2014-11-20,35,30,8,24,35,32,0.1,76,10,1010,20.5,47,28,30,113,113,116,,,,météo défavorable
2014-11-21,35,31,6,25,35,33,0.3,79,9.875,1011,19,48,28,31,113,113,176,,,,météo très défavorable
2014-11-22,36,31,5,24,36,33,0.6,77,9.875,1011,35.625,52,29,31,116,113,119,,,,météo très défavorable
2014-11-23,35,31,6,25,35,33,0.1,78,10,1010,31.875,49,28,31,113,113,116,,,,météo très défavorable
2014-11-24,36,31,5,26,36,31,0.7,79,9.875,1010,30.75,51,29,31,116,113,176,,,,météo très défavorable
2014-11-25,34,31,9,25,34,32,0.4,76,9.875,1009,14,44,27,31,113,113,176,,,,météo défavorable
2014-11-26,34,31,6,26,34,31,1.1,78,9.625,1008,19.375,45,27,31,113,113,176,,,,météo défavorable
2014-11-27,34,31,8,25,34,31,14,78,9,1009,46,45,28,31,353,176,356,,,,météo défavorable
2014-11-28,35,30,6,25,35,31,8.8,80,9.375,1009,27.75,50,29,30,116,116,176,,,,météo très défavorable
2014-11-29,35,31,6,26,35,31,9.6,80,9.125,1009,26.5,48,28,31,116,113,356,,,,météo très défavorable
2014-11-30,34,31,8,25,34,31,1.6,77,9.625,1008,22.125,46,28,31,113,113,176,,,,météo défavorable
2014-12-01,35,31,5,26,35,32,2.4,78,9.625,1008,27.875,48,28,31,116,113,176,,,,météo très défavorable
2014-12-02,34,30,9,26,34,30,1.5,76,9.5,1009,33,44,27,30,176,116,176,,,,météo défavorable
2014-12-03,34,30,7,25,34,31,12.9,81,9.25,1011,38.375,44,27,30,113,116,356,,,,météo défavorable
2014-12-04,32,30,9,25,32,30,2,80,8.75,1012,40.375,41,27,30,263,176,176,,,,météo correcte
2014-12-05,33,30,8,25,33,30,1.9,80,9.5,1011,48.25,44,27,30,176,176,353,,,,météo défavorable
2014-12-06,33,28,11,26,33,28,13.2,85,8.75,1010,42.25,43,27,28,176,116,356,,,,météo défavorable
2014-12-07,32,29,6,26,31,31,11.6,85,9.25,1010,61.125,41,27,29,296,176,353,,,,météo correcte
2014-12-08,34,30,7,26,34,31,6.3,80,9.25,1009,32,47,28,30,113,113,356,,,,météo défavorable
2014-12-09,31,29,9,27,31,29,2.4,84,8.25,1010,45.25,41,27,29,116,353,266,,,,météo correcte
2014-12-10,33,30,5,25,33,30,11.6,82,8.75,1010,52.125,44,28,30,176,356,353,,,,météo défavorable
2014-12-11,33,29,10,25,33,31,0.5,74,9.375,1010,53.625,40,25,29,116,116,116,,,,météo correcte
2014-12-12,33,29,12,24,33,30,0.7,77,9.875,1010,24.375,40,26,29,113,113,176,,,,météo correcte
2014-12-13,32,29,15,24,32,29,0.2,84,10,1011,27.625,40,26,29,116,113,116,,,,météo correcte
2014-12-14,33,29,13,24,33,31,0.7,82,9.75,1011,31.5,43,28,29,116,116,176,,,,météo correcte
2014-12-15,33,29,12,24,33,31,7,82,9,1010,36.375,45,28,29,116,116,356,,,,météo défavorable
2014-12-16,33,29,9,24,33,32,9.8,82,9,1010,25.375,46,29,29,113,176,176,,,,météo défavorable
2014-12-17,34,30,7,24,33,32,15.5,82,8.75,1010,41.75,48,29,30,116,116,359,,,,météo très défavorable
2014-12-18,32,30,7,25,32,30,15,81,8.625,1010,53.375,43,28,30,119,353,356,,,,météo défavorable
2014-12-19,32,30,5,25,32,30,3.9,81,9.625,1011,38.625,43,28,30,176,176,353,,,,météo correcte
2014-12-20,34,29,9,23,34,31,3.7,82,9.25,1010,17.625,49,29,29,113,176,356,,,,météo très défavorable
2014-12-21,35,30,4,25,35,32,3.1,83,9.625,1009,25.625,49,29,30,113,113,176,,,,météo très défavorable
2014-12-22,34,30,6,25,34,31,6,82,9,1009,30.625,47,29,30,176,176,356,,,,météo défavorable
2014-12-23,35,30,4,25,35,32,3.6,81,9.625,1009,23,50,29,30,116,113,176,,,,météo très défavorable
2014-12-24,35,31,7,25,35,31,6.4,80,9.375,1009,26.25,50,29,31,116,113,176,,,,météo très défavorable
2014-12-25,35,31,3,26,35,31,11.1,80,8.75,1010,27.125,50,29,31,116,176,356,,,,météo très défavorable
2014-12-26,36,31,4,25,36,32,0.8,82,9.625,1008,30.625,53,30,31,116,113,176,,,,météo très défavorable
2014-12-27,34,31,5,25,34,31,7.9,79,9.125,1008,24.25,47,28,31,116,113,356,,,,météo défavorable
2014-12-28,34,30,7,26,34,31,8.6,79,9,1009,17.25,48,29,30,113,113,356,,,,météo très défavorable
2014-12-29,34,30,13,26,34,31,1.4,78,9.875,1008,21.5,47,28,30,116,113,176,,,,météo défavorable
2014-12-30,34,31,5,26,34,31,8.2,79,9.375,1009,24.75,45,28,31,113,113,356,,,,météo défavorable
2014-12-31,30,28,6,26,30,28,6.5,88,8.25,1009,54,38,27,28,353,293,263,,,,météo correcte
2015-01-01,32,29,11,25,32,30,7,82,8.75,1008,42.25,43,28,29,116,116,356,,,,météo correcte
2015-01-02,30,28,10,26,30,29,2.4,83,9.75,1008,50.875,38,26,28,353,176,176,,,,météo favorable
2015-01-03,31,29,12,26,30,30,7.3,87,8,1008,49.5,40,27,29,353,176,263,,,,météo correcte
2015-01-04,32,29,10,25,32,31,1.4,80,9.75,1008,39.125,42,27,29,116,116,176,,,,météo correcte
2015-01-05,32,30,12,25,32,31,0.6,81,9.875,1008,38,43,27,30,116,113,353,,,,météo correcte
2015-01-06,32,29,11,25,32,31,0.5,79,10,1008,29.125,42,27,29,113,113,353,,,,météo correcte
2015-01-07,32,29,15,25,32,31,0.1,78,10,1008,16.875,40,26,29,113,113,116,,,,météo correcte
2015-01-08,31,29,15,26,30,30,0.2,80,10,1009,26.625,39,26,29,116,113,113,,,,météo favorable
2015-01-09,32,29,15,26,32,29,1.1,81,9.875,1008,30.25,41,26,29,116,113,176,,,,météo correcte
2015-01-10,31,28,16,26,30,30,4.7,82,9.5,1008,34.25,39,27,28,176,176,353,,,,météo favorable
2015-01-11,32,29,12,25,32,30,7.3,84,9.125,1009,22.375,42,27,29,113,113,356,,,,météo correcte
2015-01-12,33,29,7,24,33,31,2.9,76,9.625,1010,26.625,44,27,29,113,113,176,,,,météo défavorable
2015-01-13,34,29,9,23,34,30,8.3,83,9.125,1010,26.375,46,28,29,113,113,356,,,,météo défavorable
2015-01-14,33,28,5,25,33,28,11.4,85,9,1011,36.5,45,28,28,113,113,356,,,,météo défavorable
2015-01-15,35,30,7,25,35,31,2,78,9.875,1011,27.625,48,28,30,116,113,176,,,,météo très défavorable
2015-01-16,33,29,6,25,33,31,0.1,78,10,1010,19.625,43,27,29,113,113,176,,,,météo correcte
2015-01-17,34,29,5,24,34,31,0.2,79,10,1010,23.375,44,28,29,113,113,353,,,,météo défavorable
2015-01-18,34,30,9,23,34,30,2.5,70,8.625,1011,24.25,41,24,30,143,176,176,,,,météo correcte
2015-01-19,35,30,7,24,35,30,4.1,76,9.625,1011,39.25,42,25,30,116,353,176,,,,météo correcte
2015-01-20,34,31,8,24,34,31,4.1,73,9.625,1013,32.5,41,25,31,116,176,353,,,,météo correcte
2015-01-21,35,31,9,23,35,31,4.4,74,9.375,1014,24,42,25,31,113,176,176,,,,météo correcte
2015-01-22,34,30,11,24,34,30,4.8,76,7.875,1014,27.625,41,25,30,143,113,353,,,,météo correcte
2015-01-23,34,30,9,25,34,30,4.6,73,9.625,1012,36.625,40,24,30,113,176,353,,,,météo correcte
2015-01-24,34,31,9,25,34,31,3.5,73,9.5,1012,27.875,41,25,31,113,176,176,,,,météo correcte
2015-01-25,34,30,9,24,34,31,9.4,74,8.875,1011,29,40,25,30,176,176,176,,,,météo correcte
2015-01-26,34,30,10,24,34,30,4.8,75,9.375,1011,27.5,41,25,30,113,176,353,,,,météo correcte
2015-01-27,35,30,8,24,35,30,8,80,8.5,1010,35.375,42,25,30,143,176,356,,,,météo correcte
2015-01-28,35,30,4,23,35,32,1.8,73,10,1009,42,43,25,30,113,116,353,,,,météo correcte
2015-01-29,36,30,7,24,36,30,3.7,74,10,1010,34.5,44,25,30,113,113,353,,,,météo défavorable
2015-01-30,34,30,10,23,34,31,2.2,72,7.5,1010,20.125,40,24,30,143,176,176,,,,météo correcte
2015-01-31,33,30,12,24,33,30,3.8,75,8.5,1011,31.625,38,24,30,176,176,176,,,,météo favorable
2015-02-01,35,30,4,23,35,32,5.8,72,9.25,1012,33,43,25,30,113,176,356,,,,météo correcte
2015-02-02,36,30,6,24,36,31,2.5,70,10,1012,36.375,43,24,30,113,113,353,,,,météo correcte
2015-02-03,33,29,7,23,33,29,0.6,73,8,1013,44.125,39,24,29,143,116,353,,,,météo favorable
2015-02-04,34,30,6,23,34,30,1.4,75,7.875,1013,41.125,41,25,30,143,176,176,,,,météo correcte
2015-02-05,33,30,10,23,33,30,0.9,73,7.625,1012,27.375,39,24,30,143,116,176,,,,météo favorable
2015-02-06,35,30,9,23,35,30,1.4,70,7.75,1012,31.125,40,23,30,143,113,176,,,,météo correcte
2015-02-07,35,30,7,23,35,32,2.3,70,9.75,1012,31.5,41,24,30,113,113,353,,,,météo correcte
2015-02-08,35,30,8,23,35,32,2.8,71,8.5,1012,23.875,41,24,30,143,176,176,,,,météo correcte
2015-02-09,35,30,10,24,35,31,2,71,9.5,1012,12,41,24,30,176,113,113,,,,météo correcte
2015-02-10,35,30,9,23,35,30,2.2,71,9.375,1012,25.5,40,23,30,113,113,176,,,,météo correcte
2015-02-11,36,31,5,24,36,32,4.3,74,10,1010,42.875,43,25,31,176,113,353,,,,météo correcte
2015-02-12,33,29,10,23,33,29,3.3,74,9.5,1010,28.625,40,24,29,116,176,176,,,,météo correcte
2015-02-13,33,28,6,23,33,28,2,77,6.375,1010,55.5,40,24,28,176,176,266,,,,météo correcte
2015-02-14,33,27,4,24,33,27,13,80,7.5,1011,69.75,40,25,27,143,353,356,,,,météo défavorable
2015-02-15,34,30,7,24,34,30,13.4,76,8.625,1011,21.25,43,26,30,176,176,356,,,,météo défavorable
2015-02-16,33,29,10,23,33,29,2.4,79,8.625,1011,16.5,39,24,29,143,113,176,,,,météo favorable
2015-02-17,34,30,9,23,34,31,2.7,74,9.5,1010,35.375,41,25,30,176,113,353,,,,météo correcte
2015-02-18,33,29,10,23,33,29,3.5,77,7.625,1010,21.25,40,25,29,143,113,176,,,,météo correcte
2015-02-19,32,30,13,23,32,30,0.3,78,9,1010,22.125,39,25,30,143,116,113,,,,météo favorable
2015-02-20,33,30,11,25,33,31,5.6,77,9.5,1011,30.375,42,26,30,176,113,176,,,,météo correcte
2015-02-21,33,29,12,25,33,29,7.1,81,8.75,1011,40,39,25,29,263,116,356,,,,météo favorable
2015-02-22,31,28,15,25,31,28,5.2,81,9.375,1010,47.125,38,26,28,116,176,356,,,,météo favorable
2015-02-23,32,29,15,25,32,29,2,76,9.5,1011,28.875,38,25,29,116,116,176,,,,météo favorable
2015-02-24,32,29,11,24,32,30,5.8,77,9.25,1011,25.625,39,25,29,113,176,176,,,,météo favorable
2015-02-25,34,29,10,23,34,29,1.9,77,7.625,1011,36,40,25,29,143,113,353,,,,météo correcte
2015-02-26,33,29,11,23,33,30,0.8,77,7.375,1010,35,39,25,29,143,113,353,,,,météo favorable
2015-02-27,32,29,11,22,32,30,3.2,80,7.625,1009,21.375,39,25,29,143,113,176,,,,météo favorable
2015-02-28,33,30,10,23,33,30,4.8,78,7.25,1010,27.75,40,25,30,143,176,176,,,,météo correcte
2015-03-01,34,30,7,24,34,30,3.2,75,8.25,1010,54.25,41,25,30,266,176,353,,,,météo correcte
2015-03-02,34,26,7,23,34,26,0.9,74,7.625,1010,30.875,40,24,26,143,113,353,,,,météo correcte
2015-03-03,34,30,5,23,34,31,2.1,77,6,1010,25.125,42,25,30,143,113,353,,,,météo correcte
2015-03-04,33,29,10,23,33,29,3.5,82,7.75,1009,15.625,39,25,29,113,113,176,,,,météo favorable
2015-03-05,33,29,9,23,33,30,4,81,7.75,1010,42.375,40,25,29,143,176,353,,,,météo correcte
2015-03-06,34,29,6,23,34,29,10.4,88,8,1011,49.25,43,26,29,176,353,356,,,,météo correcte
2015-03-07,27,25,7,23,27,25,10.7,94,6.75,1010,80.25,31,25,25,266,296,299,,,,météo défavorable
2015-03-08,31,28,14,23,31,28,2.5,81,9.25,1011,51.125,36,24,28,263,176,113,,,,météo favorable
2015-03-09,31,28,13,24,31,28,0.6,82,10,1012,51.5,38,26,28,116,176,353,,,,météo favorable
2015-03-10,31,28,16,25,31,28,0.8,80,9.875,1012,45,37,25,28,116,116,353,,,,météo favorable
2015-03-11,31,29,14,26,31,29,7.8,82,9.125,1012,47,40,26,29,353,353,353,,,,météo correcte
2015-03-12,31,28,14,24,31,29,1.9,79,9.5,1012,30.625,38,25,28,176,176,113,,,,météo favorable
2015-03-13,32,29,10,24,32,30,7.2,87,8.75,1012,24.25,40,26,29,176,176,356,,,,météo correcte
2015-03-14,33,29,11,22,33,29,1.2,78,7,1013,14.375,39,24,29,143,113,113,,,,météo favorable
2015-03-15,33,30,7,22,33,30,13.3,79,7.75,1013,24,40,25,30,176,176,176,,,,météo défavorable
2015-03-16,34,30,9,22,34,30,1,78,6.75,1013,19.125,40,24,30,143,113,176,,,,météo correcte
2015-03-17,33,29,6,23,33,30,2.5,77,7.75,1012,26.75,40,25,29,116,176,176,,,,météo correcte
2015-03-18,33,29,6,23,33,31,6.7,80,7.75,1011,24.875,43,27,29,176,176,176,,,,météo correcte
2015-03-19,33,29,8,23,33,30,1.4,77,9.625,1012,21.375,41,25,29,113,113,176,,,,météo correcte
2015-03-20,33,29,9,24,33,30,3.4,78,9.5,1013,16.125,40,25,29,113,176,176,,,,météo correcte
2015-03-21,33,29,7,24,33,31,4.6,79,9.625,1012,17.375,43,26,29,113,113,176,,,,météo correcte
2015-03-22,34,29,10,22,34,29,2.8,81,7.625,1012,12.75,41,25,29,143,113,176,,,,météo correcte
2015-03-23,34,29,10,22,34,29,0.2,78,6.625,1012,11.5,39,23,29,143,113,113,,,,météo favorable
2015-03-24,34,29,10,22,34,29,0.2,81,6,1011,6,40,25,29,143,113,113,,,,météo correcte
2015-03-25,34,30,10,23,34,30,10,78,7.25,1012,13,41,25,30,176,176,176,,,,météo correcte
2015-03-26,34,30,7,22,34,30,1.1,78,8.375,1013,11.875,40,24,30,113,113,113,,,,météo correcte
2015-03-27,35,30,9,23,35,30,1,78,7.5,1013,16,42,24,30,143,113,176,,,,météo correcte
2015-03-28,35,30,8,23,35,30,0.2,79,6,1012,10.125,42,24,30,143,113,113,,,,météo correcte
2015-03-29,33,29,9,23,32,30,0.4,80,7,1011,9.75,40,25,29,143,113,113,,,,météo correcte
2015-03-30,35,30,8,24,35,31,4.2,78,7.25,1011,23.5,42,25,30,143,113,353,,,,météo correcte
2015-03-31,34,30,8,24,34,30,1.5,82,8.625,1011,23.25,42,26,30,113,113,176,,,,météo correcte
2015-04-01,34,29,8,24,34,31,2.2,74,8,1011,7.75,42,24,29,176,113,113,,,,météo correcte
2015-04-02,34,29,9,24,34,32,0.4,73,10,1009,4.125,41,24,29,113,113,113,,,,météo correcte
2015-04-03,34,30,10,24,34,31,0.7,75,9.625,1009,10.625,42,25,30,113,113,113,,,,météo correcte
2015-04-04,34,30,5,22,34,31,0.9,72,7.125,1010,13.125,42,25,30,143,113,176,,,,météo correcte
2015-04-05,34,30,8,24,34,31,1.5,73,9.625,1009,14.125,42,25,30,176,113,176,,,,météo correcte
2015-04-06,34,30,7,25,34,31,10.7,80,8.875,1009,24.375,42,26,30,116,176,176,,,,météo correcte
2015-04-07,33,30,7,24,33,30,7.2,77,9,1010,38.875,39,24,30,176,353,263,,,,météo correcte
2015-04-08,35,30,6,22,35,31,0.3,74,10,1011,11.875,41,24,30,113,113,113,,,,météo correcte
2015-04-09,35,30,9,23,35,30,0.1,78,7.625,1011,5.5,41,24,30,143,113,113,,,,météo correcte
2015-04-10,34,30,6,24,34,32,1.6,76,9.125,1011,12.375,42,25,30,176,113,176,,,,météo correcte
2015-04-11,34,29,7,24,34,30,2.2,78,9.375,1011,12.5,41,25,29,113,113,176,,,,météo correcte
2015-04-12,33,29,8,24,33,31,4.5,74,8.75,1012,14.25,41,25,29,113,176,176,,,,météo correcte
2015-04-13,32,29,9,24,32,30,2.1,82,8.5,1012,20,38,24,29,176,113,353,,,,météo favorable
2015-04-14,33,29,7,24,33,30,1.3,80,7,1011,25,39,25,29,176,113,176,,,,météo favorable
2015-04-15,34,29,7,24,34,31,1.1,75,9.875,1012,13.875,41,25,29,176,113,113,,,,météo correcte
2015-04-16,34,29,7,23,34,31,0.8,79,9,1013,7,41,25,29,113,113,113,,,,météo correcte
2015-04-17,34,29,8,24,34,29,1.1,79,9.625,1012,14.625,41,24,29,113,113,176,,,,météo correcte
2015-04-18,33,30,7,23,33,31,1.4,78,8,1011,41.75,40,25,30,143,113,176,,,,météo correcte
2015-04-19,32,29,6,23,32,30,12.4,82,8.875,1011,38.25,40,26,29,353,176,176,,,,météo correcte
2015-04-20,32,29,9,23,32,29,12.5,84,6.875,1011,28,39,26,29,176,176,353,,,,météo correcte
2015-04-21,32,29,10,23,32,30,2.9,81,7.875,1011,22.5,39,25,29,113,176,176,,,,météo favorable
2015-04-22,32,28,12,23,32,28,3.4,82,9.5,1010,28,39,25,28,116,176,176,,,,météo favorable
2015-04-23,32,28,10,23,32,28,6.3,83,7.75,1010,39.875,40,26,28,143,176,353,,,,météo correcte
2015-04-24,33,29,8,23,33,29,7.9,89,7.375,1010,34.875,41,27,29,143,176,353,,,,météo correcte
2015-04-25,28,26,5,22,28,27,2.7,83,7,1010,49.25,34,25,26,263,263,293,,,,météo correcte
2015-04-26,33,29,6,21,33,29,1.5,80,7.875,1011,45.625,39,24,29,143,176,353,,,,météo favorable
2015-04-27,32,28,6,23,32,28,3.5,87,9.375,1011,51.5,39,26,28,263,176,353,,,,météo favorable
2015-04-28,32,29,9,22,32,29,4.3,76,9.375,1011,40.375,38,24,29,353,176,176,,,,météo favorable
2015-04-29,32,29,10,23,32,29,0.3,80,10,1012,24.375,39,25,29,113,116,176,,,,météo favorable
2015-04-30,33,29,10,23,33,30,0.5,81,9.5,1011,14,39,25,29,113,113,176,,,,météo favorable
2015-05-01,34,30,8,23,34,30,0.6,83,7,1011,11.375,41,25,30,143,113,113,,,,météo correcte
2015-05-02,34,30,6,24,34,30,1.1,76,9.25,1012,38.5,42,25,30,116,116,353,,,,météo correcte
2015-05-03,33,29,6,23,33,31,1,76,9.75,1012,26.375,39,24,29,113,116,176,,,,météo favorable
2015-05-04,32,28,9,24,32,28,1.2,81,9.875,1012,23.625,39,25,28,116,176,113,,,,météo favorable
2015-05-05,32,28,13,23,32,29,0,73,10,1011,8.75,35,22,28,113,113,113,,,,météo favorable
2015-05-06,31,27,10,22,31,28,0,74,10,1011,1.5,36,23,27,113,113,113,,,,météo favorable
2015-05-07,32,28,9,22,32,29,0,68,10,1013,0,35,21,28,113,113,113,,,,météo favorable
2015-05-08,31,27,13,23,31,28,0.2,75,10,1012,5.25,36,23,27,113,113,113,,,,météo favorable
2015-05-09,32,28,12,23,32,28,0.2,75,10,1011,7.125,36,23,28,113,113,113,,,,météo favorable
2015-05-10,32,29,13,25,32,29,0,75,10,1011,10.875,38,24,29,113,113,113,,,,météo favorable
2015-05-11,33,28,10,24,32,31,0.4,74,9.875,1012,9,40,25,28,113,113,176,,,,météo correcte
2015-05-12,33,29,12,25,33,31,0.4,75,10,1012,9.875,39,25,29,113,113,113,,,,météo favorable
2015-05-13,32,29,11,25,32,30,0.1,75,10,1012,14.125,39,24,29,116,113,113,,,,météo favorable
2015-05-14,32,28,11,23,32,30,0,74,10,1013,5.625,37,24,28,113,113,113,,,,météo favorable
2015-05-15,31,28,17,23,31,28,0,70,10,1014,2.5,35,22,28,113,113,113,,,,météo favorable
2015-05-16,31,27,14,23,31,28,0,71,10,1014,4,34,22,27,113,113,113,,,,météo idéale
2015-05-17,31,27,11,22,31,28,0,72,10,1012,3,35,22,27,113,113,113,,,,météo favorable
2015-05-18,32,27,8,22,32,29,0,74,10,1013,2.125,36,23,27,113,113,113,,,,météo favorable
2015-05-19,32,27,9,22,32,29,0,71,10,1014,0.625,36,22,27,113,113,113,,,,météo favorable
2015-05-20,33,27,9,21,32,31,0,74,10,1014,0.125,38,23,27,113,113,113,,,,météo favorable
2015-05-21,34,27,9,22,33,31,0,75,10,1014,0.5,40,24,27,113,113,113,,,,météo correcte
2015-05-22,33,28,9,22,33,30,0,76,10,1014,7.625,38,23,28,113,113,113,,,,météo favorable
2015-05-23,32,27,9,23,32,31,0,77,9,1013,3.75,37,23,27,113,113,113,,,,météo favorable
2015-05-24,33,29,7,23,33,30,0.8,79,9,1013,12.875,39,24,29,113,113,176,,,,météo favorable
2015-05-25,34,28,6,22,34,30,0,76,9,1013,9.75,38,23,28,113,113,113,,,,météo favorable
2015-05-26,33,29,6,23,33,30,0.1,76,9,1014,5.5,38,23,29,113,113,113,,,,météo favorable
2015-05-27,33,28,8,23,33,30,0,72,10,1013,5.125,38,23,28,113,113,113,,,,météo favorable
2015-05-28,33,28,9,22,33,28,0.2,77,10,1012,5.375,39,24,28,113,113,113,,,,météo favorable
2015-05-29,33,30,9,25,33,30,1.7,76,10,1012,15.5,40,25,30,113,113,113,,,,météo correcte
2015-05-30,32,28,11,24,32,30,0.8,75,9.75,1012,27.375,38,24,28,116,113,176,,,,météo favorable
2015-05-31,33,28,11,24,32,30,0,74,10,1011,9.125,37,23,28,113,113,113,,,,météo favorable
2015-06-01,33,29,9,24,33,30,0.3,73,9.875,1011,11.625,38,24,29,113,113,176,,,,météo favorable
2015-06-02,33,29,11,24,33,31,0.9,76,9.75,1011,13.375,39,24,29,113,113,113,,,,météo favorable
2015-06-03,33,29,9,24,33,29,1.4,78,9.625,1012,14.25,39,24,29,113,113,176,,,,météo favorable
2015-06-04,32,28,19,25,32,28,0.1,70,10,1012,9,35,22,28,113,113,113,,,,météo favorable
2015-06-05,32,28,16,24,31,29,0,75,10,1011,9.875,37,24,28,113,113,113,,,,météo favorable
2015-06-06,32,29,13,25,32,29,1,76,9.875,1011,15.75,37,24,29,113,113,176,,,,météo favorable
2015-06-07,32,28,15,24,32,29,2.1,75,9.875,1012,11,38,24,28,113,113,113,,,,météo favorable
2015-06-08,32,28,13,25,32,28,0,75,10,1011,30.125,37,24,28,113,113,116,,,,météo favorable
2015-06-09,31,28,11,25,31,28,0,77,10,1012,25.5,35,23,28,116,113,116,,,,météo favorable
2015-06-10,32,28,10,23,32,29,0,76,10,1011,19.25,36,23,28,116,113,113,,,,météo favorable
2015-06-11,32,28,12,22,32,28,0.2,75,10,1011,11,37,23,28,113,113,113,,,,météo favorable
2015-06-12,32,28,12,23,32,29,0,72,10,1011,6.625,35,23,28,113,113,113,,,,météo favorable
2015-06-13,31,27,12,22,31,28,0,72,10,1011,5,35,22,27,113,113,113,,,,météo favorable
2015-06-14,31,27,15,23,31,28,0,72,10,1012,8.875,33,22,27,113,113,113,,,,météo idéale
2015-06-15,31,26,10,21,31,29,0,72,10,1012,2.625,34,21,26,113,113,113,,,,météo idéale
2015-06-16,32,27,10,23,32,30,0.1,75,10,1011,9.5,37,24,27,113,116,113,,,,météo favorable
2015-06-17,32,27,10,23,32,30,0,74,10,1011,4.625,37,23,27,113,113,113,,,,météo favorable
2015-06-18,32,28,10,23,32,29,0.1,74,10,1011,11,36,22,28,116,113,113,,,,météo favorable
2015-06-19,32,27,12,22,32,28,0,73,10,1013,8.25,35,22,27,113,113,113,,,,météo favorable
2015-06-20,30,27,17,23,30,28,0,73,10,1013,6.375,34,22,27,113,113,113,,,,météo idéale
2015-06-21,34,27,9,21,34,28,0,70,10,1013,1.5,37,21,27,113,113,113,,,,météo favorable
2015-06-22,31,26,13,22,31,28,0,73,10,1013,7,34,21,26,113,113,113,,,,météo idéale
2015-06-23,31,26,14,22,31,28,0,72,10,1014,24,34,21,26,113,116,113,,,,météo favorable
2015-06-24,31,28,14,24,31,29,0,69,10,1013,14.625,34,21,28,113,113,113,,,,météo idéale
2015-06-25,33,27,12,23,32,31,0,68,10,1014,16.625,37,23,27,113,113,113,,,,météo favorable
2015-06-26,32,28,14,24,32,30,0,68,10,1014,19.25,35,22,28,116,113,113,,,,météo favorable
2015-06-27,31,27,12,23,31,29,0,71,10,1015,11.125,35,22,27,113,113,113,,,,météo favorable
2015-06-28,32,27,12,22,31,29,0,72,10,1016,7.125,34,21,27,113,113,113,,,,météo idéale
2015-06-29,31,24,10,21,29,29,0.5,83,10,1016,28.875,35,23,24,113,353,113,,,,météo correcte
2015-06-30,31,27,12,23,31,27,0,73,10,1016,9.25,34,21,27,113,113,113,,,,météo idéale
2015-07-01,31,26,9,21,31,29,0,71,10,1016,3.625,34,21,26,113,113,113,,,,météo idéale
2015-07-02,31,26,12,21,31,29,0,71,10,1016,0.875,33,20,26,113,113,113,,,,météo idéale
2015-07-03,31,26,13,21,31,29,0,68,10,1014,2.125,33,20,26,113,113,113,,,,météo idéale
2015-07-04,32,26,9,21,31,30,0,72,10,1013,4.625,34,21,26,113,113,113,,,,météo idéale
2015-07-05,32,27,11,21,32,30,0,69,10,1013,6.125,35,20,27,113,113,113,,,,météo favorable
2015-07-06,31,27,13,22,31,29,0,70,10,1012,10.375,34,20,27,113,113,113,,,,météo idéale
2015-07-07,30,26,11,21,30,28,0,72,10,1012,6.875,33,21,26,113,113,113,,,,météo idéale
2015-07-08,31,26,8,20,31,29,0,68,10,1012,4.25,33,20,26,113,113,113,,,,météo idéale
2015-07-09,32,26,7,20,32,29,0,67,10,1013,11,34,20,26,113,113,113,,,,météo idéale
2015-07-10,32,27,10,21,32,29,0,70,10,1013,7.625,36,22,27,113,113,113,,,,météo favorable
2015-07-11,33,27,9,22,32,30,0.4,73,10,1013,10.125,37,23,27,113,113,113,,,,météo favorable
2015-07-12,33,28,9,23,33,30,0,69,10,1013,5,37,22,28,113,113,113,,,,météo favorable
2015-07-13,33,27,12,22,33,30,0,69,10,1013,5.625,37,22,27,113,113,113,,,,météo favorable
2015-07-14,33,28,13,23,32,30,0,69,10,1012,5.625,36,22,27,113,113,113,,,,météo favorable
2015-07-15,31,26,12,21,31,29,0,71,10,1012,2.125,34,21,26,113,113,113,,,,météo idéale
2015-07-16,32,26,10,21,32,30,0,70,10,1013,2.25,35,21,26,113,113,113,,,,météo favorable
2015-07-17,31,27,12,22,31,29,0,72,10,1013,4.125,35,22,27,113,113,113,,,,météo favorable
2015-07-18,31,27,15,23,31,29,0,70,10,1014,4.375,34,21,27,113,113,113,,,,météo idéale
2015-07-19,31,27,11,22,31,29,0,72,10,1013,8.125,34,21,27,116,113,113,,,,météo idéale
2015-07-20,32,27,10,23,32,30,0,73,9,1013,6,35,22,27,113,113,113,,,,météo favorable
2015-07-21,33,27,8,21,33,30,0,71,10,1014,7.75,35,22,27,113,113,113,,,,météo favorable
2015-07-22,32,27,10,22,32,29,0,68,10,1015,7.125,35,21,27,113,113,113,,,,météo favorable
2015-07-23,32,27,12,22,32,30,0,70,10,1015,2.875,35,21,27,113,113,113,,,,météo favorable
2015-07-24,32,27,10,22,32,30,0,67,10,1014,0.25,34,20,27,113,113,113,,,,météo idéale
2015-07-25,32,26,9,21,32,29,0,68,10,1014,0.75,35,20,26,113,113,113,,,,météo favorable
2015-07-26,32,27,15,22,32,30,0,72,10,1015,3.625,35,21,27,113,113,113,,,,météo favorable
2015-07-27,33,27,16,23,32,30,0,69,10,1015,3.25,35,21,27,113,113,113,,,,météo favorable
2015-07-28,32,27,13,22,32,30,0.2,68,10,1015,6.5,36,21,27,113,113,113,,,,météo favorable
2015-07-29,32,27,18,23,32,29,0,71,10,1015,9.25,35,22,27,113,113,113,,,,météo favorable
2015-07-30,32,27,14,22,31,30,0,65,10,1014,0.5,35,22,27,113,113,113,,,,météo favorable
2015-07-31,32,27,12,22,32,30,0,67,10,1013,1.125,34,21,27,113,113,113,,,,météo idéale
2015-08-01,30,22,15,25,30,22,0,77,10,1015,0.375,30,19,22,113,113,113,0,6,11.6,météo idéale
2015-08-02,30,23,12,24,30,23,0,79,10,1016,4.75,30,19,23,113,113,113,0,6,11.6,météo idéale
2015-08-03,31,23,13,24,31,23,0,69,10,1015,3.125,31,19,23,113,113,113,0,6,11.6,météo idéale
2015-08-04,30,23,12,24,30,23,0,69,10,1014,3.75,30,19,23,113,113,113,0,6,11.6,météo idéale
2015-08-05,30,23,12,24,30,23,0,70,10,1014,1.375,30,18,23,113,113,113,0,6,11.6,météo idéale
2015-08-06,29,24,12,24,29,24,0,70,10,1012,4.875,30,19,24,113,113,113,0,6,11.6,météo idéale
2015-08-07,29,24,10,25,29,24,0,79,10,1013,25.875,31,20,24,113,119,119,0,6,8.8,météo correcte
2015-08-08,31,23,8,25,31,23,0,78,10,1013,1.125,34,19,23,113,113,113,0,6,11.6,météo idéale
2015-08-09,31,24,7,25,31,24,0,78,10,1012,5.875,32,20,24,113,113,113,0,6,11.6,météo idéale
2015-08-10,31,24,12,25,31,24,0,74,10,1014,4.625,33,20,24,113,113,113,0,6,11.6,météo idéale
2015-08-11,31,24,12,26,31,24,0,72,10,1015,4.125,33,20,25,113,113,113,0,6,11.6,météo idéale
2015-08-12,31,24,9,25,31,24,0,78,10,1014,1.625,32,20,24,113,113,113,0,6,11.6,météo idéale
2015-08-13,32,24,9,26,32,24,0,77,10,1015,1.625,35,20,24,113,113,113,0,6,11.6,météo favorable
2015-08-14,31,23,9,26,31,23,0,83,10,1015,2,33,20,23,113,113,113,0,6,11.6,météo idéale
2015-08-15,31,24,9,25,31,24,0,64,10,1015,0,33,19,24,113,113,113,0,6,11.6,météo idéale
2015-08-16,31,23,8,25,31,23,0,72,10,1016,0,32,18,23,113,113,113,0,6,11.6,météo idéale
2015-08-17,31,23,10,25,31,23,0,67,10,1015,0,31,18,24,113,113,113,0,6,11.6,météo idéale
2015-08-18,31,23,13,25,31,23,0,63,10,1015,0,30,19,23,113,113,113,0,6,11.6,météo idéale
2015-08-19,31,23,9,25,31,23,0,62,10,1015,0,31,17,23,113,113,113,0,6,11.6,météo idéale
2015-08-20,30,21,10,25,29,21,0,83,10,1015,0.625,32,19,22,113,113,113,0,6,11.6,météo idéale
2015-08-21,30,22,9,25,30,22,0,78,10,1014,6.75,32,19,23,113,113,113,0,6,11.6,météo idéale
2015-08-22,31,22,8,25,31,22,0,80,10,1015,6.125,32,19,22,113,113,116,0,6,11.6,météo idéale
2015-08-23,32,23,8,25,32,23,0,71,10,1015,0,33,19,24,113,113,113,0,6,11.6,météo idéale
2015-08-24,31,24,9,26,31,24,0,77,10,1015,2.625,33,20,24,113,113,113,0,6,11.6,météo idéale
2015-08-25,31,24,11,26,31,24,0,81,10,1014,1.25,33,21,24,113,113,113,0,6,11.6,météo idéale
2015-08-26,31,24,10,26,31,24,0,80,10,1015,2.375,33,20,24,113,113,113,0,6,11.6,météo idéale
2015-08-27,32,24,13,26,32,24,0,81,10,1014,8.375,33,20,24,113,113,116,0,6,11.6,météo idéale
2015-08-28,31,23,9,26,31,23,0,84,10,1014,19.75,33,21,24,113,116,116,0,6,11.6,météo favorable
2015-08-29,31,22,10,26,31,22,0,87,10,1015,4.75,33,21,23,113,113,113,0,6,11.6,météo idéale
2015-08-30,32,23,8,26,32,23,0,75,10,1015,0.5,33,20,24,113,113,113,0,6,11.6,météo idéale
2015-08-31,32,24,10,26,32,24,0,75,10,1015,3.5,32,20,24,113,113,113,0,6,11.6,météo idéale
2015-09-01,29,23,11,25,29,23,0.3,84,9.75,1014,24.375,33,21,24,113,113,113,0,6,10.2,météo idéale
2015-09-02,31,24,12,26,31,24,0,80,10,1015,31.875,33,21,24,176,113,116,0,5,11.6,météo favorable
2015-09-03,32,24,11,26,32,24,0,78,10,1016,8.625,33,21,24,116,113,113,0,6,11.6,météo idéale
2015-09-04,32,29,11,25,32,29,0,52,10,1016,2.625,33,20,29,113,113,113,0,6,11.6,météo idéale
2015-09-05,30,24,8,25,30,24,0.1,83,9.75,1013,56.5,33,21,24,113,116,176,0,6,7.4,météo correcte
2015-09-06,30,24,8,25,30,24,0.2,84,10,1013,56.625,32,21,24,113,113,116,0,5,8.8,météo correcte
2015-09-07,31,24,14,26,31,24,0,60,10,1015,3.125,32,20,24,113,113,113,0,6,11.6,météo idéale
2015-09-08,32,24,14,26,32,24,0,64,10,1015,1,32,18,24,113,113,113,0,6,11.6,météo idéale
2015-09-09,31,24,11,26,31,24,0,75,10,1015,0.75,31,20,24,113,113,113,0,6,11.6,météo idéale
2015-09-10,31,24,13,26,31,24,0,64,10,1016,0.625,32,18,24,113,113,113,0,6,11.6,météo idéale
2015-09-11,32,24,10,26,32,24,0,74,10,1015,3.25,33,19,24,113,113,113,0,6,11.6,météo idéale
2015-09-12,32,23,10,26,32,23,0,74,10,1015,0.25,32,19,24,113,113,113,0,6,11.6,météo idéale
2015-09-13,31,23,10,26,31,23,0,69,10,1015,4.125,31,19,23,113,116,113,0,6,11.6,météo favorable
2015-09-14,31,22,8,25,31,22,0,71,10,1015,0,31,18,23,113,113,113,0,6,11.6,météo idéale
2015-09-15,32,23,10,26,32,23,0,75,10,1014,5,32,19,24,113,113,113,0,6,11.6,météo idéale
2015-09-16,32,30,10,27,32,30,0,51,10,1014,1.5,33,20,30,113,113,113,0,6,11.6,météo idéale
2015-09-17,30,24,9,26,30,24,0.5,84,10,1012,45.375,33,21,24,113,113,116,0,6,8.8,météo favorable
2015-09-18,31,24,8,26,31,24,1,84,9.75,1013,38.5,34,21,24,113,113,113,0,6,8.8,météo favorable
2015-09-19,30,24,8,26,30,24,0.1,84,9.75,1013,47.5,33,21,24,113,113,113,0,6,8.8,météo favorable
2015-09-20,30,24,8,26,30,24,0.4,82,9.75,1013,44.125,32,21,24,113,113,113,0,6,11.7,météo favorable
2015-09-21,33,22,10,27,33,22,0,78,10,1013,0.25,33,20,23,113,113,113,0,6,12.1,météo idéale
2015-09-22,34,25,10,28,34,25,0,61,10,1013,0.75,34,18,25,113,113,113,0,6,12.5,météo idéale
2015-09-23,34,24,10,28,34,24,0,67,10,1013,0.25,34,20,25,113,113,113,0,6,12.5,météo idéale
2015-09-24,33,23,11,27,33,23,0,68,10,1013,0.75,32,19,24,113,113,113,0,6,12.5,météo idéale
2015-09-25,32,24,12,27,32,24,0,72,10,1014,2.25,33,20,24,113,113,113,0,6,12.5,météo idéale
2015-09-26,33,24,12,27,33,24,0,67,10,1014,4.375,33,20,25,113,113,113,0,6,12.5,météo idéale
2015-09-27,32,25,9,27,32,25,0,75,10,1013,8.5,34,20,25,113,113,116,0,6,12.5,météo idéale
2015-09-28,32,25,10,28,32,25,0,70,10,1013,13.625,34,20,25,113,113,113,0,6,12.5,météo idéale
2015-09-29,33,25,10,28,33,25,0,67,10,1014,3.25,34,20,25,113,113,113,0,6,12.5,météo idéale
2015-09-30,33,25,11,27,33,25,0,70,10,1015,3.75,34,20,25,113,113,113,0,6,12.5,météo idéale
2015-10-01,33,25,12,28,33,25,0,69,10,1016,3.125,34,20,25,113,113,113,0,6,12.5,météo idéale
2015-10-02,34,25,11,28,34,25,0.1,73,10,1016,4.125,35,20,25,113,113,113,0,6,12.5,météo favorable
2015-10-03,33,25,12,27,33,25,0,63,10,1017,6.875,33,20,25,113,113,113,0,6,12.5,météo idéale
2015-10-04,33,25,13,27,33,25,0,71,10,1016,1.625,34,20,26,113,113,113,0,6,12.5,météo idéale
2015-10-05,33,24,16,28,32,24,0,71,10,1016,0.75,34,20,24,113,113,113,0,6,12.5,météo idéale
2015-10-06,33,22,8,27,33,22,0,82,10,1014,4.625,35,20,23,113,113,113,0,6,12.5,météo favorable
2015-10-07,33,24,12,28,33,24,0,73,10,1014,0.75,34,20,24,113,113,113,0,6,12.5,météo idéale
2015-10-08,33,23,12,27,33,23,0,78,10,1015,6.5,34,20,24,113,113,113,0,6,12.5,météo idéale
2015-10-09,33,25,12,28,32,25,0,71,10,1015,6.875,34,20,25,113,113,113,0,6,12.5,météo idéale
2015-10-10,33,25,12,28,33,25,0,70,10,1015,1.875,34,20,26,113,113,113,0,6,12.6,météo idéale
2015-10-11,34,24,15,29,32,24,0,84,10,1016,0.25,34,22,25,113,113,113,0,6,12.6,météo idéale
2015-10-12,33,24,13,29,33,24,0,82,10,1016,3,34,21,24,113,113,113,0,6,12.6,météo idéale
2015-10-13,33,23,14,29,32,23,0,87,10,1015,5.875,35,22,24,113,113,113,0,6,12.6,météo favorable
2015-10-14,34,24,10,28,34,24,0,71,10,1014,4.125,34,19,25,113,113,113,0,6,12.6,météo idéale
2015-10-15,34,25,9,28,34,25,0,64,10,1013,3.125,34,20,25,113,113,113,0,6,12.6,météo idéale
2015-10-16,34,24,13,29,33,24,0,75,10,1013,4.5,34,21,24,113,113,113,0,6,12.6,météo idéale
2015-10-17,34,25,15,29,34,25,0,71,10,1014,3,34,20,25,113,113,113,0,6,12.6,météo idéale
2015-10-18,34,26,12,29,34,26,0,56,10,1015,6.125,34,19,26,113,113,113,0,6,12.6,météo idéale
2015-10-19,34,25,11,29,34,25,0,75,10,1014,8,35,20,25,113,113,113,0,6,12.6,météo favorable
2015-10-20,33,24,12,28,33,24,0,71,10,1014,5.75,34,20,25,113,113,113,0,6,12.6,météo idéale
2015-10-21,34,26,10,29,34,26,0,59,10,1013,2.75,34,19,26,113,113,113,0,6,12.6,météo idéale
2015-10-22,34,25,14,29,34,25,0,66,10,1014,0.5,33,19,26,113,113,113,0,6,12.6,météo idéale
2015-10-23,34,25,12,29,34,25,0,66,10,1014,0.25,33,20,26,113,113,113,0,6,12.6,météo idéale
2015-10-24,31,25,10,28,31,25,0.5,81,10,1012,33.75,34,22,25,113,113,176,0,7,11.9,météo favorable
2015-10-25,33,26,13,27,33,26,0.6,69,10,1013,32.75,34,21,26,176,113,113,0,6,12.6,météo favorable
2015-10-26,35,26,14,30,34,26,0,69,10,1013,5.5,36,20,26,113,113,113,0,6,12.6,météo favorable
2015-10-27,34,25,14,29,34,25,0,71,10,1012,2.875,35,21,25,113,113,113,0,6,12.6,météo favorable
2015-10-28,34,25,15,29,34,25,0,74,10,1013,4.25,35,20,25,113,113,113,0,6,12.6,météo favorable
2015-10-29,35,24,12,30,34,24,0,81,10,1013,2.125,36,22,25,113,113,113,0,6,12.6,météo favorable
2015-10-30,35,25,10,30,34,25,0,76,10,1013,0.375,36,21,26,113,113,113,0,6,12.6,météo favorable
2015-10-31,35,24,12,29,34,24,0,76,10,1012,1,36,21,25,113,113,113,0,6,12.6,météo favorable
2015-11-01,34,24,12,29,33,24,0,82,10,1012,3.375,35,21,24,113,113,113,0,6,12.7,météo favorable
2015-11-02,34,23,11,30,34,23,0,90,10,1013,1,36,23,25,113,113,113,0,6,12.7,météo favorable
2015-11-03,34,25,13,30,33,25,0,81,10,1012,3,35,22,25,113,113,113,0,6,12.7,météo favorable
2015-11-04,34,25,13,29,33,25,0,80,10,1012,2.5,36,22,25,113,113,113,0,6,12.7,météo favorable
2015-11-05,34,24,12,30,33,24,0,87,10,1012,0.875,36,23,25,113,113,113,0,6,12.7,météo favorable
2015-11-06,34,24,13,30,33,24,0,85,10,1011,9.25,37,22,25,113,113,113,0,7,12.7,météo favorable
2015-11-07,35,24,10,29,35,24,0,84,10,1013,9.375,37,22,25,113,113,113,0,7,12.7,météo favorable
2015-11-08,34,25,9,30,34,25,0,90,10,1013,8.75,38,23,25,113,113,113,0,7,12.7,météo favorable
2015-11-09,34,26,7,30,34,26,0,81,10,1012,10.25,38,23,26,113,113,113,0,6,12.7,météo favorable
2015-11-10,34,25,8,30,34,25,0.1,86,10,1011,13,38,23,26,113,113,113,0,7,12.7,météo favorable
2015-11-11,36,26,9,29,36,26,0,78,10,1011,21.5,41,23,27,113,116,116,0,6,12.7,météo correcte
2015-11-12,35,26,10,29,35,26,0,81,10,1012,6.375,39,23,26,113,113,113,0,7,12.7,météo favorable
2015-11-13,34,26,9,29,34,26,0,76,10,1013,5,38,23,27,113,113,113,0,7,12.7,météo favorable
2015-11-14,34,24,8,30,34,24,0,84,10,1011,4.5,38,22,25,113,113,113,0,7,12.7,météo favorable
2015-11-15,34,25,10,30,34,25,0,83,10,1011,9.5,37,22,25,113,113,113,0,6,12.7,météo favorable
2015-11-16,34,24,8,31,34,24,0,85,10,1011,6.875,38,23,25,113,113,113,0,7,12.7,météo favorable
2015-11-17,35,25,13,30,34,25,0,86,10,1011,8.625,38,23,25,113,113,113,0,6,12.7,météo favorable
2015-11-18,36,25,6,30,36,25,0.1,87,10,1012,7.5,41,23,25,113,113,113,0,7,12.7,météo correcte
2015-11-19,35,27,11,30,35,27,0.1,76,10,1012,5.125,39,23,27,113,113,113,0,7,12.7,météo favorable
2015-11-20,34,26,13,30,34,26,0,70,10,1010,2.5,36,22,28,113,113,113,0,7,12.7,météo favorable
2015-11-21,34,25,11,30,34,25,0,78,10,1011,5.25,37,22,26,113,113,113,0,7,12.7,météo favorable
2015-11-22,35,27,12,30,35,27,0,71,10,1010,6.75,38,22,27,113,113,113,0,6,12.7,météo favorable
2015-11-23,35,25,10,31,34,25,0,77,10,1010,2.125,37,22,26,113,113,113,0,6,12.7,météo favorable
2015-11-24,35,24,8,30,35,24,0,79,10,1010,4.625,38,22,25,113,113,113,0,7,12.7,météo favorable
2015-11-25,34,25,11,31,34,25,0,82,10,1011,8.625,36,23,26,113,113,113,0,6,12.7,météo favorable
2015-11-26,34,25,10,32,34,25,0,85,10,1010,7.25,38,23,25,113,113,113,0,6,12.7,météo favorable
2015-11-27,35,26,10,30,35,26,0,80,10,1011,6.75,39,23,27,113,113,113,0,7,12.8,météo favorable
2015-11-28,35,26,10,30,35,26,0,81,10,1011,10.5,39,24,27,113,113,113,0,7,12.8,météo favorable
2015-11-29,35,27,8,31,35,27,0,82,10,1013,12.125,41,24,27,113,113,116,0,7,12.8,météo correcte
2015-11-30,35,26,9,31,34,26,0,80,10,1012,10.125,39,24,27,113,116,113,0,7,12.8,météo favorable
2015-12-01,35,25,9,30,35,25,0,79,10,1011,7.375,38,24,26,113,113,113,0,7,12.8,météo favorable
2015-12-02,35,27,7,31,35,27,0,78,10,1011,17.75,40,24,27,113,116,116,0,7,12.8,météo correcte
2015-12-03,34,26,8,30,34,26,0,79,10,1013,30.5,39,23,26,113,119,116,0,7,12.8,météo correcte
2015-12-04,32,25,5,28,32,25,2.7,80,9.625,1011,44.25,38,23,26,116,116,113,0,7,12.8,météo favorable
2015-12-05,34,27,14,31,32,27,0.8,76,9.875,1011,13.75,37,23,27,113,113,113,0,6,12.8,météo favorable
2015-12-06,33,26,13,31,32,26,0,79,10,1011,21.625,37,23,26,113,116,116,0,6,12.8,météo favorable
2015-12-07,34,26,15,31,32,26,0,84,10,1012,8.375,37,24,26,113,113,113,0,6,12.8,météo favorable
2015-12-08,34,25,9,32,33,25,0,85,10,1012,11.375,39,23,25,113,113,113,0,6,12.8,météo favorable
2015-12-09,35,28,7,31,35,28,0.5,71,9.875,1012,18.875,40,22,28,113,116,113,0,6,12.8,météo correcte
2015-12-10,35,27,8,31,35,27,2.4,78,9.875,1011,16.875,39,24,27,113,116,113,0,7,12.8,météo favorable
2015-12-11,35,26,9,30,34,26,0.1,79,10,1011,15,40,24,26,113,113,113,0,6,12.8,météo correcte
2015-12-12,34,26,9,31,34,26,0.1,81,10,1011,17.625,38,23,26,113,113,113,0,6,12.8,météo favorable
2015-12-13,34,25,10,31,33,25,0.9,83,9.875,1010,20.625,39,22,25,113,113,113,0,6,12.8,météo favorable
2015-12-14,34,26,7,29,33,26,0,78,10,1010,14,39,23,26,113,113,113,0,6,12.8,météo favorable
2015-12-15,34,25,6,29,34,25,0,78,10,1009,31.25,38,22,26,113,116,116,0,6,12.8,météo favorable
2015-12-16,33,27,11,30,31,27,0.1,80,10,1010,20.625,37,23,27,113,116,116,0,7,12.8,météo favorable
2015-12-17,33,27,13,30,32,27,0.2,75,9.875,1009,17.125,38,23,27,113,113,116,0,7,12.8,météo favorable
2015-12-18,28,27,8,28,28,27,5.8,75,9.125,1009,26.375,31,22,27,176,176,176,0,7,12.8,météo favorable
2015-12-19,29,25,7,27,28,25,2.6,85,9.5,1010,63.875,33,23,25,116,119,116,0,6,11.9,météo correcte
2015-12-20,29,25,9,26,29,25,2.9,85,9.625,1009,61.25,33,23,25,116,116,116,0,6,11.9,météo correcte
2015-12-21,33,25,14,30,32,25,0.3,80,9.875,1012,22.75,36,22,25,113,113,113,0,6,12.8,météo favorable
2015-12-22,32,25,15,29,31,25,0.3,83,9.875,1012,31,36,22,25,113,113,119,0,6,11.9,météo favorable
2015-12-23,33,26,14,30,32,26,0.2,78,10,1012,25.25,37,22,26,116,113,113,0,7,12.8,météo favorable
2015-12-24,32,27,14,29,31,27,0.8,76,9.75,1011,32,36,22,27,116,116,116,0,6,12.8,météo favorable
2015-12-25,33,27,10,29,31,27,2.2,68,9.625,1012,28.625,37,22,27,116,116,116,0,7,12.8,météo favorable
2015-12-26,33,26,12,30,32,26,0,79,10,1012,19.375,35,23,26,113,113,116,0,6,12.8,météo favorable
2015-12-27,32,25,17,30,31,25,0,82,10,1013,15.75,35,23,26,113,116,116,0,6,12.8,météo favorable
2015-12-28,35,28,8,30,33,28,0,71,10,1014,33.5,40,23,28,113,119,119,0,6,12.8,météo correcte
2015-12-29,28,25,11,26,28,25,2.2,87,9.5,1009,57.875,32,23,25,116,116,116,0,6,12.8,météo correcte
2015-12-30,33,26,11,29,32,26,0.3,78,9.875,1012,22,37,22,26,113,116,116,0,6,12.8,météo favorable
2015-12-31,33,27,8,29,33,27,0,74,10,1013,35,38,23,27,113,116,119,0,6,12.8,météo favorable
2016-01-01,34,25,5,30,34,25,0,79,10,1013,28.375,38,22,25,113,116,116,0,6,12.8,météo favorable
2016-01-02,33,25,7,28,33,25,0,83,10,1014,24.75,38,22,25,113,116,116,0,6,12.8,météo favorable
2016-01-03,34,24,8,29,33,24,0,86,10,1014,22.875,38,22,25,113,119,113,0,6,12.8,météo correcte
2016-01-04,28,25,9,26,28,25,6,87,9.125,1009,62.75,32,23,25,116,119,116,0,5,11.9,météo correcte
2016-01-05,33,26,9,27,33,26,2.9,81,9.75,1013,33.875,37,23,26,305,113,113,0,5,12.8,météo favorable
2016-01-06,34,25,12,30,33,25,0.1,81,10,1014,3.875,41,25,26,113,113,113,0,6,12.8,météo correcte
2016-01-07,35,26,9,29,35,26,0,81,10,1014,8.125,41,24,26,113,113,113,0,7,12.8,météo correcte
2016-01-08,34,27,7,30,34,27,0,75,10,1013,21.875,39,24,27,113,113,119,0,6,12.8,météo favorable
2016-01-09,34,25,8,30,33,25,0,80,10,1013,11,39,23,26,113,113,113,0,6,12.8,météo favorable
2016-01-10,34,25,11,30,33,25,0,78,10,1013,8.5,37,24,26,113,113,113,0,6,12.8,météo favorable
2016-01-11,34,25,11,29,34,25,0.1,77,10,1013,6.375,38,23,25,113,113,113,0,6,12.8,météo favorable
2016-01-12,34,25,8,29,34,25,0.1,82,10,1012,11.625,37,22,25,113,113,113,0,7,12.8,météo favorable
2016-01-13,34,26,10,29,34,26,0,76,10,1013,15.125,37,23,27,113,113,116,0,6,12.8,météo favorable
2016-01-14,34,26,9,29,34,26,0,81,10,1011,12.875,38,23,26,113,113,116,0,7,12.4,météo favorable
2016-01-15,34,25,9,29,34,25,0,78,10,1010,6,38,23,26,113,113,113,0,7,12.4,météo favorable
2016-01-16,34,25,9,30,33,25,0,81,10,1010,9.25,37,23,26,113,113,113,0,7,11.6,météo favorable
2016-01-17,34,25,11,30,33,25,0,84,10,1010,7.625,38,23,26,113,113,113,0,6,11.6,météo favorable
2016-01-18,33,25,13,30,32,25,0,87,10,1010,10.125,36,23,26,113,113,113,0,6,11.6,météo favorable
2016-01-19,32,26,14,30,32,26,0,82,10,1011,9.25,36,23,27,113,113,113,0,6,11.6,météo favorable
2016-01-20,33,26,13,30,32,26,0,83,10,1012,19.5,37,23,26,113,113,116,0,6,11.6,météo favorable
2016-01-21,33,26,10,29,33,26,0,75,10,1012,23.5,38,23,26,113,113,113,0,6,11.6,météo favorable
2016-01-22,33,27,12,30,32,27,0,74,10,1012,27.125,37,22,27,116,116,113,0,6,11.6,météo favorable
2016-01-23,32,27,13,29,31,27,3.6,76,9.875,1012,43,37,23,27,116,116,119,0,7,10.2,météo favorable
2016-01-24,33,26,13,29,31,26,0.3,76,9.875,1013,34.125,36,23,26,113,116,116,0,7,11.6,météo favorable
2016-01-25,31,26,15,28,30,26,0,77,10,1012,39,33,22,26,116,116,116,0,6,11.6,météo favorable
2016-01-26,30,26,11,28,30,26,0.1,74,10,1012,48.75,33,22,26,116,116,116,0,7,10.2,météo favorable
2016-01-27,31,26,17,27,31,26,0.6,77,9.875,1011,42.875,34,22,26,116,116,116,0,7,10.2,météo favorable
2016-01-28,31,26,17,27,31,26,0,80,10,1010,41.875,34,23,26,116,113,116,0,6,11.6,météo favorable
2016-01-29,31,26,15,28,31,26,0,80,10,1011,27.625,35,23,26,116,116,116,0,7,11.6,météo favorable
2016-01-30,33,27,12,29,32,27,1.2,75,9.75,1010,24.875,37,23,27,113,116,116,0,7,11.6,météo favorable
2016-01-31,31,27,19,29,31,27,1,77,9.875,1009,36.375,36,23,27,116,116,119,0,7,10.2,météo favorable
2016-02-01,31,27,12,29,31,27,8.3,79,9.125,1009,29,36,24,27,116,113,116,0,7,11.6,météo correcte
2016-02-02,32,26,8,28,32,26,0.7,79,9.25,1010,53.25,36,23,26,116,116,122,0,6,8.9,météo favorable
2016-02-03,32,25,6,28,30,25,1.3,84,9.875,1010,71,36,23,26,119,122,119,0,5,7.5,météo défavorable
2016-02-04,32,26,10,28,31,26,0.8,84,10,1010,49,36,23,26,116,116,119,0,6,10.2,météo favorable
2016-02-05,31,26,6,28,31,26,0.1,79,10,1010,52,36,23,26,119,119,116,0,6,8.9,météo correcte
2016-02-06,33,26,6,30,32,26,2.8,83,9.875,1009,41.25,39,23,26,113,116,119,0,6,10.2,météo favorable
2016-02-07,33,27,10,29,32,27,1.8,78,9.875,1010,49.125,38,24,27,116,116,119,0,7,8.9,météo favorable
2016-02-08,32,26,6,28,31,26,3,85,9.75,1010,34.375,37,24,26,116,116,116,0,7,10.2,météo favorable
2016-02-09,31,25,15,28,30,25,0.2,85,9,1010,54.625,36,24,26,116,116,116,0,6,10.2,météo favorable
2016-02-10,32,26,15,29,30,26,0.9,81,10,1010,49.25,36,23,26,116,116,119,0,6,8.9,météo favorable
2016-02-11,31,26,10,28,31,26,2.7,80,9.75,1010,58.5,35,23,26,119,116,116,0,5,11.6,météo correcte
2016-02-12,28,25,15,25,28,25,6.1,84,9.25,1011,73.875,31,24,25,119,116,122,0,7,7.5,météo défavorable
2016-02-13,30,25,12,27,29,25,1.2,84,9.875,1012,49.75,34,23,26,119,116,116,0,6,10.2,météo favorable
2016-02-14,32,26,7,27,32,26,0.1,77,10,1012,33.125,37,23,26,113,116,116,0,6,11.6,météo favorable
2016-02-15,32,25,12,28,31,25,0,87,10,1012,14.625,36,23,26,113,113,113,0,6,11.6,météo favorable
2016-02-16,32,26,12,28,32,26,1,81,9.875,1013,18.25,38,24,26,116,113,113,0,6,11.6,météo favorable
2016-02-17,32,25,6,28,32,25,0.8,87,10,1013,14.5,38,23,25,113,113,113,0,6,11.6,météo favorable
2016-02-18,32,26,10,28,32,26,0,77,10,1012,11,37,23,26,113,116,113,0,6,11.6,météo favorable
2016-02-19,32,25,14,29,31,25,0.3,87,10,1011,10.5,37,23,25,113,113,113,0,6,11.6,météo favorable
2016-02-20,32,24,12,29,32,24,0.6,89,9.875,1013,11.5,36,23,24,113,113,113,0,6,11.6,météo favorable
2016-02-21,33,25,9,29,33,25,0.1,81,10,1013,23.25,37,22,25,113,113,116,0,6,11.6,météo favorable
2016-02-22,33,25,5,28,33,25,0.7,86,9.875,1013,22.25,38,23,25,113,116,113,0,6,11.6,météo favorable
2016-02-23,32,24,14,29,31,24,0,84,10,1013,24.375,37,23,25,116,116,116,0,6,11.6,météo favorable
2016-02-24,32,25,12,29,31,25,1.1,89,9.75,1012,24.125,36,23,25,113,116,116,0,6,11.6,météo favorable
2016-02-25,32,25,9,29,32,25,4.3,89,9.5,1012,31.25,37,24,26,116,116,116,0,6,11.6,météo favorable
2016-02-26,33,25,8,28,32,25,1.4,84,9.875,1012,36.75,38,23,26,116,116,116,0,6,10.2,météo favorable
2016-02-27,32,26,13,29,31,26,1,81,9.75,1011,22.375,37,24,26,116,113,176,0,6,11.6,météo favorable
2016-02-28,31,26,14,28,31,26,1.1,85,9.875,1012,22.75,36,24,26,116,113,113,0,7,11.6,météo favorable
2016-02-29,31,26,13,28,31,26,0,81,10,1012,31.875,36,24,26,116,116,116,0,6,11.6,météo favorable
2016-03-01,31,25,7,29,30,25,5.2,82,9.75,1012,41.375,37,24,26,113,122,116,0,7,8.8,météo correcte
2016-03-02,32,26,7,27,32,26,0.5,80,10,1013,52,37,23,26,116,116,116,0,5,10.2,météo favorable
2016-03-03,32,25,9,28,32,25,0.4,86,9.875,1013,26.875,38,23,25,116,113,116,0,6,11.6,météo favorable
2016-03-04,32,26,12,28,32,26,0,79,10,1011,15.125,37,23,27,113,113,113,0,6,11.6,météo favorable
2016-03-05,32,25,12,28,32,25,0.1,86,10,1012,8.25,37,23,25,113,113,113,0,6,11.6,météo favorable
2016-03-06,34,26,7,29,33,26,0.5,82,10,1012,7.25,41,24,26,113,113,113,0,6,11.6,météo correcte
2016-03-07,33,25,10,28,32,25,0,89,10,1011,5.5,38,24,26,113,113,113,0,6,11.6,météo favorable
2016-03-08,32,24,9,29,32,24,0.9,92,9.875,1011,11.125,38,24,25,113,113,113,0,6,11.6,météo favorable
2016-03-09,33,27,9,29,32,27,0,84,10,1011,22,39,24,27,113,113,116,0,6,11.6,météo favorable
2016-03-10,31,25,10,29,31,25,3.2,88,7.75,1012,20,37,25,26,113,113,113,0,5,11.6,météo favorable
2016-03-11,33,25,10,29,31,25,0.9,90,8.875,1012,22.5,40,24,25,116,116,113,0,6,11.6,météo correcte
2016-03-12,33,25,9,29,32,25,1.7,85,9.625,1011,23.5,39,23,25,116,116,113,0,6,11.6,météo favorable
2016-03-13,33,26,10,28,32,26,0,90,10,1012,36.875,39,24,26,113,116,116,0,6,11.6,météo favorable
2016-03-14,33,26,12,28,31,26,2.1,88,9.25,1011,27.75,39,25,26,113,113,116,0,7,11.6,météo favorable
2016-03-15,32,25,4,28,29,25,7.4,87,9,1010,46.875,39,26,25,116,119,116,0,7,8.8,météo correcte
2016-03-16,32,26,8,28,31,26,1.7,89,9.875,1010,31.625,38,24,26,113,116,119,0,6,10.2,météo favorable
2016-03-17,32,27,7,28,32,27,0.1,82,10,1011,37.75,38,24,27,116,116,119,0,6,10.2,météo favorable
2016-03-18,32,26,8,29,32,26,0.6,86,9.75,1011,28.625,39,24,26,113,113,116,0,6,11.6,météo favorable
2016-03-19,33,25,10,29,31,25,0.1,88,10,1011,33.5,40,25,25,113,119,119,0,6,7.4,météo correcte
2016-03-20,32,26,8,28,32,26,0,84,10,1011,20.125,39,24,26,113,113,119,0,6,10.2,météo favorable
2016-03-21,33,24,7,29,32,24,0,91,10,1011,9.5,38,24,24,113,113,113,0,7,11.6,météo favorable
2016-03-22,33,25,8,29,32,25,0.7,87,9.875,1009,14.25,38,23,25,113,113,113,0,6,11.6,météo favorable
2016-03-23,32,24,8,29,31,24,2.1,91,9.625,1012,24,38,24,25,113,113,116,0,6,11.6,météo favorable
2016-03-24,33,24,6,29,33,24,1,91,9.875,1013,12.625,39,24,25,113,113,113,0,6,11.6,météo favorable
2016-03-25,33,25,7,29,33,25,0,89,10,1013,7.5,41,25,25,113,113,116,0,6,11.6,météo correcte
2016-03-26,32,23,9,29,32,23,0.1,91,10,1014,8,36,23,24,113,113,113,0,7,11.6,météo favorable
2016-03-27,32,24,7,28,32,24,0.4,92,9.875,1014,23,37,23,24,113,116,113,0,6,11.6,météo favorable
2016-03-28,31,24,12,29,31,24,0.2,90,10,1013,12.75,35,24,24,113,113,113,0,6,11.6,météo favorable
2016-03-29,32,25,9,29,31,25,0.2,86,9.875,1013,19.125,37,23,25,113,113,113,0,6,11.6,météo favorable
2016-03-30,32,25,7,28,32,25,0,83,10,1014,13.125,38,24,25,113,113,113,0,6,11.6,météo favorable
2016-03-31,33,23,8,29,32,23,0,90,10,1012,20.5,39,23,24,116,113,113,0,6,11.6,météo favorable
2016-04-01,32,23,9,28,32,23,0.5,92,10,1012,7.375,37,23,24,113,113,113,0,6,11.6,météo favorable
2016-04-02,32,27,9,28,32,27,0,79,10,1012,10,37,23,27,113,113,113,0,6,11.6,météo favorable
2016-04-03,33,26,6,28,33,26,0.2,78,9.875,1013,11.25,38,24,27,113,113,113,0,7,11.6,météo favorable
2016-04-04,33,27,8,28,33,27,0,79,10,1012,7.875,38,23,27,113,113,113,0,7,11.6,météo favorable
2016-04-05,33,24,6,28,32,24,0.8,89,9.875,1011,12.875,40,24,24,113,113,116,0,7,11.6,météo correcte
2016-04-06,33,25,8,29,32,25,0.6,78,9.875,1012,14.25,37,23,26,113,113,113,0,6,11.6,météo favorable
2016-04-07,33,24,7,29,33,24,0.1,85,10,1012,19.5,37,23,25,113,113,116,0,6,11.6,météo favorable
2016-04-08,32,24,10,29,32,24,0.2,89,10,1011,19.625,38,23,25,113,113,113,0,7,11.6,météo favorable
2016-04-09,33,24,9,29,32,24,0,86,10,1012,10.625,38,23,24,113,113,113,0,7,11.6,météo favorable
2016-04-10,32,24,9,28,32,24,0,85,10,1012,8.375,36,23,25,113,113,113,0,7,11.6,météo favorable
2016-04-11,33,24,7,29,33,24,0.1,88,10,1011,16,38,23,25,113,113,113,0,7,11.6,météo favorable
2016-04-12,34,25,8,27,34,25,0,84,10,1011,31.625,39,23,26,119,113,113,0,7,11.6,météo favorable
2016-04-13,29,24,7,26,29,24,2.8,86,9.25,1011,44.625,33,24,24,116,116,116,0,6,8.8,météo favorable
2016-04-14,29,24,6,26,29,24,1.8,89,9.125,1010,52.125,34,24,24,116,116,116,0,6,8.8,météo favorable
2016-04-15,29,24,5,26,29,24,1.8,87,9.25,1010,52.75,34,24,24,116,116,116,0,6,8.8,météo favorable
2016-04-16,29,24,6,26,29,24,0.8,88,9.625,1010,59.5,34,23,24,116,116,116,0,5,8.8,météo correcte
2016-04-17,29,24,7,26,29,24,1.4,88,9.625,1010,61.625,33,24,24,176,116,116,0,6,8.8,météo correcte
2016-04-18,29,24,8,26,29,24,1.6,88,9.375,1010,55.125,33,23,24,116,116,116,0,6,8.8,météo correcte
2016-04-19,29,24,6,26,29,24,2.1,88,9.375,1010,55.25,33,24,24,116,116,116,0,6,8.8,météo correcte
2016-04-20,29,24,7,26,29,24,1,88,9.25,1010,58.25,34,24,24,176,116,116,0,6,8.8,météo correcte
2016-04-21,33,26,9,28,33,26,0.3,75,10,1012,18,36,22,27,113,113,113,0,5,11.6,météo favorable
2016-04-22,32,26,8,28,32,26,0,75,10,1012,5,35,22,26,113,113,113,0,7,11.6,météo favorable
2016-04-23,33,27,10,28,33,27,0,71,10,1011,5.375,36,23,27,113,113,113,0,7,11.6,météo favorable
2016-04-24,33,26,6,27,33,26,0,78,10,1011,8,36,22,26,113,113,116,0,7,11.6,météo favorable
2016-04-25,32,27,9,28,32,27,0,72,10,1011,7.375,35,23,27,113,113,113,0,7,11.6,météo favorable
2016-04-26,33,26,6,28,33,26,0,73,10,1011,10.75,37,23,27,113,113,113,0,7,11.6,météo favorable
2016-04-27,32,26,6,28,32,26,0,77,10,1011,17.75,36,23,26,113,116,113,0,7,11.6,météo favorable
2016-04-28,32,26,9,28,32,26,0,79,10,1011,9,36,23,27,113,113,113,0,7,11.6,météo favorable
2016-04-29,33,25,5,28,33,25,0,84,10,1011,11.75,39,23,25,113,113,116,0,7,11.6,météo favorable
2016-04-30,32,27,9,28,32,27,0.1,74,10,1012,20.125,36,22,27,113,116,113,0,7,11.6,météo favorable
2016-05-01,32,25,9,28,32,25,0,86,10,1012,17,36,23,25,113,113,113,0,7,11.6,météo favorable
2016-05-02,32,24,8,28,32,24,0.1,85,10,1012,18.5,36,23,25,113,113,113,0,7,11.6,météo favorable
2016-05-03,33,24,9,28,33,24,0.1,92,10,1011,10.25,37,23,24,113,113,113,0,7,8.7,météo favorable
2016-05-04,33,26,6,28,33,26,0,82,10,1011,6.875,37,23,26,113,113,113,0,7,8.7,météo favorable
2016-05-05,33,25,10,28,32,25,0,89,10,1010,11.5,38,23,25,113,113,113,0,6,8.7,météo favorable
2016-05-06,32,26,13,29,31,26,0,91,7,1009,8.75,36,24,26,113,113,113,0,5,8.7,météo favorable
2016-05-07,32,25,10,29,31,25,0.1,91,8,1010,13.625,38,24,25,113,113,113,0,5,8.7,météo favorable
2016-05-08,34,24,8,29,32,24,0,93,10,1011,20.375,41,24,24,113,116,113,0,6,8.7,météo correcte
2016-05-09,33,24,9,29,32,24,0.1,93,10,1011,21.25,38,24,24,113,113,116,0,6,8.7,météo favorable
2016-05-10,32,25,8,29,32,25,0.1,88,10,1011,12.75,36,24,25,113,113,113,0,6,8.7,météo favorable
2016-05-11,33,26,9,29,33,26,0.1,88,10,1010,19.25,37,24,26,113,113,113,0,7,8.7,météo favorable
2016-05-12,33,27,9,28,33,27,0,79,10,1009,8.5,37,24,27,113,113,113,0,6,8.7,météo favorable
2016-05-13,33,27,12,29,33,27,0,77,10,1010,11.375,38,24,28,113,113,113,0,7,8.7,météo favorable
2016-05-14,33,27,8,28,33,27,0,81,10,1011,10.5,37,24,27,113,113,113,0,7,8.7,météo favorable
2016-05-15,32,27,9,28,32,27,0.4,78,9.75,1011,14.625,37,24,27,113,113,113,0,7,8.7,météo favorable
2016-05-16,32,26,13,28,32,26,0,80,10,1010,9.25,36,23,26,116,113,113,0,7,8.7,météo favorable
2016-05-17,32,26,10,28,32,26,0,79,10,1011,5.5,36,23,26,113,113,113,0,7,8.7,météo favorable
2016-05-18,32,26,12,28,32,26,0,78,10,1011,11,36,23,27,113,113,113,0,7,8.7,météo favorable
2016-05-19,29,24,9,26,29,24,0.4,87,9.625,1011,44.25,33,23,24,113,116,116,0,7,5.8,météo favorable
2016-05-20,29,24,8,26,29,24,0.6,86,9.625,1011,50.875,32,23,24,113,113,113,0,6,5.8,météo favorable
2016-05-21,29,24,9,25,29,24,1.7,86,9.5,1011,50.625,32,23,24,116,113,116,0,6,5.8,météo favorable
2016-05-22,31,26,7,28,31,26,0.3,80,10,1012,26.375,35,23,26,113,116,113,0,5,8.7,météo favorable
2016-05-23,32,26,8,27,32,26,0,82,10,1013,6.5,37,23,26,113,113,113,0,7,8.7,météo favorable
2016-05-24,32,24,7,27,32,24,0,88,10,1013,4.125,36,23,25,113,113,113,0,7,8.7,météo favorable
2016-05-25,32,26,6,27,32,26,0,80,10,1012,5,36,23,26,113,113,113,0,7,8.7,météo favorable
2016-05-26,32,31,8,27,32,32,0,56,10,1013,6.75,36,22,31,113,113,113,0,7,8.7,météo favorable
2016-05-27,32,30,8,28,31,30,0,65,10,1013,16,35,23,30,113,113,113,0,8,8.7,météo favorable
2016-05-28,28,27,8,28,27,27,0,76,10,1012,17.875,31,23,27,113,113,113,0,7,8.7,météo idéale
2016-05-29,33,27,6,28,33,27,0.1,78,10,1011,13.375,39,23,27,113,113,113,0,7,8.7,météo favorable
2016-05-30,31,26,8,28,30,26,0,73,10,1012,16.5,34,22,26,113,113,113,0,7,8.7,météo idéale
2016-05-31,32,28,6,27,32,28,0,68,10,1012,6.5,38,23,28,113,113,113,0,7,8.7,météo favorable
2016-06-01,29,25,10,25,29,25,1,85,9.625,1011,50,32,23,25,113,113,113,0,6,5.7,météo favorable
2016-06-02,33,25,9,27,32,25,0,80,10,1012,4.25,39,22,26,113,113,113,0,6,8.7,météo favorable
2016-06-03,33,25,6,27,33,25,0,81,10,1012,3.5,39,23,26,113,113,113,0,6,8.7,météo favorable
2016-06-04,32,25,6,27,32,25,0,81,10,1013,5.625,35,22,25,113,113,113,0,6,8.7,météo favorable
2016-06-05,33,26,10,28,31,26,0,81,10,1013,11.625,38,22,26,113,113,113,0,6,8.7,météo favorable
2016-06-06,32,24,5,28,32,24,0,86,10,1013,6.625,37,23,25,113,113,113,0,6,8.7,météo favorable
2016-06-07,32,25,8,27,31,25,0,89,10,1014,5.875,39,24,25,113,113,113,0,6,8.7,météo favorable
2016-06-08,32,26,9,26,32,26,0,81,10,1014,0.375,35,22,26,113,113,113,0,7,8.7,météo favorable
2016-06-09,32,26,9,27,32,26,0,76,10,1013,4.875,35,22,26,113,113,113,0,6,8.7,météo favorable
2016-06-10,32,31,8,27,32,31,0,55,10,1014,4.75,35,22,31,113,113,113,0,6,8.7,météo favorable
2016-06-11,32,26,8,27,32,26,0,79,10,1014,7.375,35,23,26,113,113,116,0,8,8.7,météo favorable
2016-06-12,32,26,10,27,32,26,0,78,10,1013,4.5,35,23,26,113,113,113,0,7,8.7,météo favorable
2016-06-13,32,26,10,27,32,26,0,76,10,1012,7.375,35,22,27,113,113,113,0,7,8.7,météo favorable
2016-06-14,32,26,10,28,32,26,0,78,10,1012,22.25,35,22,27,116,113,113,0,7,8.7,météo favorable
2016-06-15,32,31,7,28,32,31,0.2,59,9.875,1011,30.375,36,23,31,113,116,116,0,7,8.7,météo favorable
2016-06-16,30,23,9,24,28,23,0,85,9.875,1012,42.875,34,22,23,113,113,113,0,8,5.7,météo favorable
2016-06-17,31,26,10,27,31,26,0,80,9.875,1012,25.125,35,23,27,113,113,113,0,5,8.7,météo favorable
2016-06-18,32,26,8,27,32,26,0,82,10,1011,17,36,23,26,113,116,113,0,7,8.7,météo favorable
2016-06-19,32,26,10,27,32,26,0,80,10,1011,1.875,34,23,26,113,113,113,0,7,8.7,météo idéale
2016-06-20,31,24,8,27,31,24,0,82,10,1011,4.75,34,22,25,113,113,113,0,6,8.7,météo idéale
2016-06-21,31,23,7,26,31,23,0,83,10,1011,0.25,33,22,25,113,113,113,0,6,8.7,météo idéale
2016-06-22,31,25,8,26,31,25,0,78,10,1012,3.25,33,21,25,113,113,113,0,6,8.7,météo idéale
2016-06-23,31,25,9,26,31,25,0.1,78,10,1012,7.375,34,21,25,113,116,113,0,6,11.6,météo favorable
2016-06-24,31,25,12,26,31,25,0,75,10,1012,6.125,33,22,25,113,113,113,0,6,11.6,météo idéale
2016-06-25,32,25,6,26,32,25,0,77,10,1012,7,35,22,25,113,113,113,0,6,11.6,météo favorable
2016-06-26,30,26,12,27,30,26,0,82,10,1012,16.875,33,22,26,113,113,113,0,6,11.6,météo idéale
2016-06-27,32,26,8,27,32,26,0,81,10,1011,13.875,35,23,26,113,113,113,0,7,11.6,météo favorable
2016-06-28,33,25,9,28,33,25,4.2,88,9.625,1012,32.5,37,23,25,113,113,119,0,7,10.2,météo favorable
2016-06-29,30,23,5,25,30,23,0,87,10,1013,52.625,33,23,23,116,116,116,0,5,11.6,météo favorable
2016-06-30,33,24,8,27,32,24,0.8,90,9.875,1012,24.75,37,22,24,116,113,113,0,6,11.6,météo favorable
2016-07-01,33,26,5,27,32,26,0,80,10,1013,8.25,39,22,26,113,113,113,0,6,11.6,météo favorable
2016-07-02,32,25,8,27,32,25,0,84,10,1013,6.875,35,23,26,113,113,113,0,6,11.6,météo favorable
2016-07-03,32,25,8,27,32,25,0,82,10,1013,3.125,36,22,25,113,113,113,0,6,11.6,météo favorable
2016-07-04,32,22,10,27,31,22,0,90,10,1013,0,37,24,24,113,113,113,0,6,11.6,météo favorable
2016-07-05,32,26,8,26,32,26,0,73,10,1012,0,35,21,26,113,113,113,0,6,11.6,météo favorable
2016-07-06,31,25,9,26,31,25,0,80,10,1012,1.25,34,22,26,113,113,113,0,6,11.6,météo idéale
2016-07-07,31,25,8,26,31,25,0.1,77,10,1012,9.625,34,22,25,113,113,113,0,6,11.6,météo idéale
2016-07-08,32,26,9,26,32,26,0.1,78,10,1012,17.375,34,22,26,113,113,116,0,6,11.6,météo idéale
2016-07-09,32,24,4,27,32,24,0.7,85,9.625,1012,32.125,36,22,24,116,116,113,0,6,11.6,météo favorable
2016-07-10,32,25,7,27,32,25,0,82,10,1012,14,35,22,25,113,113,116,0,6,11.6,météo favorable
2016-07-11,32,23,8,27,32,23,0,93,10,1012,6.625,37,23,24,113,113,113,0,6,11.6,météo favorable
2016-07-12,32,23,7,27,32,23,0,93,10,1011,11,36,23,23,113,113,113,0,6,11.6,météo favorable
2016-07-13,32,24,6,27,32,24,0,87,10,1011,12,36,22,24,113,113,113,0,6,11.6,météo favorable
2016-07-14,32,26,9,27,32,26,0,77,10,1011,9.625,34,22,26,113,113,113,0,6,11.6,météo idéale
2016-07-15,32,26,11,27,31,26,0.2,79,9.875,1011,15.25,37,22,26,113,116,113,0,7,11.6,météo favorable
2016-07-16,31,26,18,27,31,26,0.4,79,9.875,1012,18.25,34,22,26,116,113,116,0,7,11.6,météo idéale
2016-07-17,31,26,8,26,31,26,0,80,10,1012,15.75,35,22,26,113,113,113,0,6,11.6,météo favorable
2016-07-18,28,23,10,24,28,23,0.1,84,9.875,1012,39.375,31,21,23,113,113,116,0,6,8.8,météo favorable
2016-07-19,28,23,10,24,28,23,0.1,85,10,1012,45.75,31,21,23,113,113,116,0,6,8.8,météo favorable
2016-07-20,28,23,10,24,28,23,0.2,85,10,1013,38.5,31,21,23,113,116,113,0,6,10.2,météo favorable
2016-07-21,28,23,10,24,28,23,0.2,85,9.625,1013,42.375,30,21,23,113,116,113,0,6,8.8,météo favorable
2016-07-22,28,23,10,24,28,23,0.2,83,9.75,1013,47.375,30,21,23,113,113,113,0,6,8.8,météo favorable
2016-07-23,28,23,12,24,28,23,0.2,83,9.875,1013,46.625,30,20,23,113,113,113,0,6,8.8,météo favorable
2016-07-24,28,23,11,24,28,23,0.2,81,9.75,1012,38.375,30,20,23,113,113,113,0,6,8.8,météo favorable
2016-07-25,28,23,10,24,28,23,0.2,84,9.25,1013,40.375,30,20,23,116,113,113,0,6,8.8,météo favorable
2016-07-26,28,23,10,24,28,23,0.6,83,9.5,1013,46.625,31,21,23,113,113,113,0,6,8.8,météo favorable
2016-07-27,28,23,12,24,28,23,0.2,82,9.625,1013,49.75,30,21,23,116,116,113,0,6,8.8,météo favorable
2016-07-28,31,25,13,26,31,25,0,78,9.875,1013,16.125,33,21,25,113,113,113,0,5,11.6,météo idéale
2016-07-29,31,24,12,26,31,24,0,79,10,1012,11.125,33,21,24,113,113,113,0,6,11.6,météo idéale
2016-07-30,31,24,13,26,31,24,0,75,10,1012,23.5,33,20,24,113,113,113,0,5,11.6,météo idéale
2016-07-31,31,24,13,25,31,24,0,77,10,1013,0.875,32,21,24,113,113,113,0,6,11.6,météo idéale
2016-08-01,30,24,12,26,30,24,0,77,10,1012,2.125,32,20,24,113,113,113,0,6,11.6,météo idéale
2016-08-02,31,24,11,26,31,24,0,69,10,1011,6.75,32,20,25,113,113,113,0,6,11.6,météo idéale
2016-08-03,32,26,10,26,32,26,0,73,10,1011,20.875,34,21,26,113,116,116,0,6,11.6,météo favorable
2016-08-04,31,25,10,26,31,25,0,80,10,1012,19,34,21,25,113,113,113,0,6,11.6,météo idéale
2016-08-05,32,24,10,27,32,24,0,86,10,1012,15.375,36,22,24,113,113,113,0,6,11.6,météo favorable
2016-08-06,32,23,8,27,32,23,0,89,10,1012,9.75,35,22,24,113,113,113,0,6,11.6,météo favorable
2016-08-07,32,24,8,27,32,24,0.3,85,10,1013,12,36,22,25,113,113,113,0,6,11.6,météo favorable
2016-08-08,32,25,8,26,32,25,0,67,10,1013,0.875,36,21,26,113,113,113,0,6,11.6,météo favorable
2016-08-09,32,24,8,26,32,24,0,69,10,1013,4.25,33,19,24,113,113,113,0,6,11.6,météo idéale
2016-08-10,32,25,10,26,32,25,0,78,10,1014,9.75,34,21,25,113,113,113,0,6,11.6,météo idéale
2016-08-11,32,26,13,27,32,26,0.4,79,9.875,1013,16.375,35,22,26,113,116,113,0,6,11.6,météo favorable
2016-08-12,31,25,13,27,31,25,0.2,79,10,1013,12.375,34,22,25,113,113,113,0,6,11.6,météo idéale
2016-08-13,32,25,11,26,32,25,0,74,10,1013,10.5,34,21,25,113,113,113,0,6,11.6,météo idéale
2016-08-14,31,25,12,26,31,25,0,73,10,1013,7.875,32,21,25,113,113,113,0,6,11.6,météo idéale
2016-08-15,33,25,6,26,33,25,0,75,10,1012,5.375,36,21,25,113,113,113,0,6,11.6,météo favorable
2016-08-16,32,25,8,27,32,25,0,71,10,1012,8.375,33,20,26,113,113,113,0,6,11.6,météo idéale
2016-08-17,32,26,7,26,32,26,0,76,10,1013,12.375,36,21,26,113,116,113,0,6,11.6,météo favorable
2016-08-18,31,24,13,26,31,24,0,74,10,1012,1.375,32,20,24,113,113,113,0,6,11.6,météo idéale
2016-08-19,32,24,16,26,32,24,0,70,10,1012,0.375,32,19,24,113,113,113,0,6,11.6,météo idéale
2016-08-20,30,23,12,25,30,23,0,68,10,1012,0,31,18,23,113,113,113,0,6,11.6,météo idéale
2016-08-21,31,24,9,25,31,24,0,75,10,1012,8.5,32,19,24,113,113,113,0,6,11.6,météo idéale
2016-08-22,30,24,8,25,30,24,0,72,10,1012,20.375,32,19,24,113,116,116,0,6,10.2,météo favorable
2016-08-23,29,23,10,25,29,23,0,80,10,1012,18.75,31,20,23,113,116,113,0,6,11.6,météo favorable
2016-08-24,31,24,12,25,31,24,0,78,10,1011,16.875,32,20,24,113,116,113,0,6,11.6,météo favorable
2016-08-25,32,25,9,26,32,25,0.1,81,10,1012,19.625,34,21,25,113,116,116,0,6,11.6,météo favorable
2016-08-26,32,23,9,27,32,23,0,93,10,1012,11.625,35,22,23,113,113,113,0,6,11.6,météo favorable
2016-08-27,33,25,10,28,33,25,0,79,10,1014,13.25,36,22,25,113,113,113,0,6,11.6,météo favorable
2016-08-28,34,25,11,29,33,25,0,83,10,1013,16.5,37,22,25,113,113,116,0,6,11.6,météo favorable
2016-08-29,32,24,12,29,32,24,0,88,10,1012,11.5,34,22,24,113,113,113,0,6,11.6,météo idéale
2016-08-30,33,24,7,29,32,24,0,80,10,1013,8.75,35,22,25,113,113,113,0,6,11.6,météo favorable
2016-08-31,33,25,9,28,33,25,0,83,10,1012,5.125,36,22,25,113,113,113,0,7,11.6,météo favorable
2016-09-01,33,25,8,28,33,25,0,83,10,1013,3.375,36,22,25,113,113,113,0,7,11.6,météo favorable
2016-09-02,32,24,7,27,32,24,0,86,10,1012,1.375,37,22,24,113,113,113,0,6,11.6,météo favorable
2016-09-03,33,23,8,27,33,23,0,86,10,1012,2.375,35,22,24,113,113,113,0,6,11.6,météo favorable
2016-09-04,33,23,10,28,32,23,0,93,10,1013,6.625,35,22,23,113,113,113,0,6,11.6,météo favorable
2016-09-05,33,24,9,28,33,24,0,82,10,1014,10.375,36,22,25,113,113,113,0,6,11.6,météo favorable
2016-09-06,33,24,10,27,33,24,0,84,10,1014,2.5,35,22,25,113,113,113,0,6,11.6,météo favorable
2016-09-07,33,25,9,28,33,25,0,74,10,1014,2.375,35,21,25,113,113,113,0,6,11.6,météo favorable
2016-09-08,33,25,17,27,33,25,0,75,10,1014,1.375,35,21,25,113,113,113,0,6,11.6,météo favorable
2016-09-09,33,25,10,27,33,25,0,76,10,1014,3.5,34,21,25,113,113,113,0,6,11.6,météo idéale
2016-09-10,33,25,14,27,33,25,0,65,10,1013,1.25,33,20,25,113,113,113,0,6,11.6,météo idéale
2016-09-11,33,24,8,27,33,24,0,72,10,1012,3,34,19,25,113,113,113,0,6,11.6,météo idéale
2016-09-12,33,26,10,27,33,26,0,73,10,1012,9.75,34,21,26,113,113,116,0,6,11.6,météo idéale
2016-09-13,33,23,8,27,33,23,0,85,10,1013,7,35,21,24,113,113,113,0,6,11.6,météo favorable
2016-09-14,33,26,6,28,33,26,0,76,10,1012,14,37,22,26,113,113,119,0,6,10.2,météo favorable
2016-09-15,33,24,8,28,33,24,0,85,10,1012,10.875,36,22,25,113,113,113,0,6,11.6,météo favorable
2016-09-16,33,24,9,29,33,24,0,86,10,1012,11.5,37,23,25,113,113,113,0,6,11.6,météo favorable
2016-09-17,34,26,10,28,34,26,0,80,10,1012,13.875,37,23,26,113,113,113,0,7,11.6,météo favorable
2016-09-18,34,24,9,28,34,24,0,85,10,1011,6.625,36,22,25,113,113,113,0,7,11.6,météo favorable
2016-09-19,33,24,9,29,33,24,0.1,87,10,1011,7.875,37,22,24,113,113,113,0,6,12.1,météo favorable
2016-09-20,34,25,9,28,34,25,0,82,10,1011,8,37,23,26,113,113,113,0,6,12.1,météo favorable
2016-09-21,34,25,10,29,33,25,0,88,10,1012,6.75,37,23,25,113,113,113,0,7,12.5,météo favorable
2016-09-22,33,24,10,29,32,24,0.4,86,10,1012,17.75,37,23,25,113,116,113,0,6,12.5,météo favorable
2016-09-23,34,26,8,29,34,26,0,77,10,1011,18.25,38,22,26,113,113,113,0,6,12.5,météo favorable
2016-09-24,33,26,9,29,33,26,0,78,10,1010,18.375,36,22,27,113,113,113,0,7,12.5,météo favorable
2016-09-25,33,24,11,29,33,24,0,83,10,1011,15.25,36,22,25,113,113,113,0,6,12.5,météo favorable
2016-09-26,34,25,12,29,33,25,0,78,10,1011,9.5,36,22,25,113,113,113,0,7,12.5,météo favorable
2016-09-27,34,26,12,30,34,26,0.1,76,10,1011,5.625,36,23,26,113,113,113,0,6,12.5,météo favorable
2016-09-28,34,25,8,29,34,25,0,78,10,1011,9.25,37,22,26,113,113,113,0,6,12.5,météo favorable
2016-09-29,34,25,7,29,34,25,0,84,10,1011,9.625,38,23,25,113,113,113,0,7,12.5,météo favorable
2016-09-30,33,26,15,31,31,26,0,80,10,1010,16.125,36,23,26,113,113,113,0,6,12.5,météo favorable
2016-10-01,34,25,11,31,33,25,0.2,85,10,1011,12.625,38,23,25,113,113,113,0,6,12.5,météo favorable
2016-10-02,34,25,9,30,33,25,0.8,81,9.875,1012,22.625,38,22,26,116,116,113,0,7,12.5,météo favorable
2016-10-03,34,26,9,31,33,26,0.1,79,10,1011,20.25,38,22,26,113,113,116,0,6,12.5,météo favorable
2016-10-04,34,26,8,30,34,26,0,80,10,1010,10.625,38,23,26,113,113,113,0,7,12.5,météo favorable
2016-10-05,34,25,9,31,33,25,0,82,10,1011,6,38,23,26,113,113,113,0,6,12.5,météo favorable
2016-10-06,34,27,9,29,34,27,0,74,10,1011,6,37,23,27,113,113,113,0,7,12.5,météo favorable
2016-10-07,34,27,10,29,34,27,0.5,73,9.875,1012,13.625,37,22,28,113,116,113,0,7,12.5,météo favorable
2016-10-08,35,26,10,29,35,26,0,82,10,1012,21.25,40,23,26,113,116,113,0,7,12.5,météo correcte
2016-10-09,34,27,11,29,34,27,0,72,10,1013,18.625,37,23,27,116,113,113,0,7,12.6,météo favorable
2016-10-10,33,26,10,28,33,26,0,74,10,1013,12.625,35,22,26,113,113,116,0,7,12.6,météo favorable
2016-10-11,34,25,8,29,34,25,0.2,75,10,1012,14.75,36,22,25,113,113,113,0,7,12.6,météo favorable
2016-10-12,34,25,13,29,33,25,0,76,10,1011,13.25,36,21,26,113,113,116,0,7,12.6,météo favorable
2016-10-13,34,26,13,30,33,26,0,70,10,1011,11,36,21,26,113,113,113,0,7,12.6,météo favorable
2016-10-14,35,26,12,30,34,26,0,70,10,1011,3.5,37,21,27,113,113,113,0,7,12.6,météo favorable
2016-10-15,35,26,8,29,35,26,0,71,10,1011,6.75,37,21,27,113,113,113,0,7,12.6,météo favorable
2016-10-16,36,25,11,29,36,25,0,66,10,1012,3.625,36,21,27,113,113,113,0,7,12.6,météo favorable
2016-10-17,35,24,8,30,35,24,0,80,10,1011,4,36,21,25,113,113,113,0,6,12.6,météo favorable
2016-10-18,35,30,7,30,35,30,0,57,10,1011,7.375,38,21,31,113,113,113,0,6,12.6,météo favorable
2016-10-19,34,25,10,29,34,25,0,83,10,1011,5.875,38,23,26,113,113,113,0,7,12.6,météo favorable
2016-10-20,36,26,7,30,36,26,0.1,72,10,1010,3.5,38,23,27,113,113,113,0,7,12.6,météo favorable
2016-10-21,35,26,9,29,34,26,0,74,10,1011,6.25,38,22,27,113,113,113,0,7,12.6,météo favorable
2016-10-22,34,27,12,31,34,27,0,72,10,1012,29.875,37,22,27,113,116,116,0,7,12.6,météo favorable
2016-10-23,34,26,9,31,34,26,0,73,10,1011,31.875,37,21,26,116,113,116,0,7,12.6,météo favorable
2016-10-24,34,26,9,31,33,26,0,74,10,1011,21.5,38,21,26,113,113,116,0,6,12.6,météo favorable
2016-10-25,34,25,12,30,33,25,0,78,10,1011,21.625,37,22,25,113,116,113,0,7,12.6,météo favorable
2016-10-26,34,27,9,29,34,27,0,69,10,1012,7.375,37,21,27,113,113,113,0,7,12.6,météo favorable
2016-10-27,34,26,9,29,34,26,0,73,10,1012,5.375,37,22,27,113,113,113,0,7,12.6,météo favorable
2016-10-28,32,26,5,29,32,26,0,68,10,1012,24.125,36,21,27,116,113,116,0,6,12.6,météo favorable
2016-10-29,35,25,6,31,35,25,0,78,10,1011,14.5,38,21,25,113,113,113,0,6,12.6,météo favorable
2016-10-30,34,25,12,30,34,25,0,78,10,1011,6.375,36,22,26,113,113,113,0,7,12.6,météo favorable
2016-10-31,35,25,7,30,35,25,0,79,10,1011,12.125,38,22,25,113,113,113,0,7,12.7,météo favorable
2016-11-01,35,26,8,29,34,26,0,70,10,1010,5.125,37,22,26,113,113,113,0,6,12.7,météo favorable
2016-11-02,35,25,7,31,35,25,0,83,10,1010,6,38,22,25,113,113,113,0,6,12.7,météo favorable
2016-11-03,35,27,12,30,35,27,0,76,10,1011,8.25,40,23,27,113,113,113,0,7,12.7,météo correcte
2016-11-04,34,28,11,29,34,28,0.1,73,10,1011,6.875,38,23,28,113,113,113,0,7,12.7,météo favorable
2016-11-05,35,27,9,31,35,27,0.1,76,10,1011,8.75,40,23,27,113,113,113,0,7,12.7,météo correcte
2016-11-06,36,26,8,31,36,26,0,79,10,1013,6.75,41,23,27,113,113,113,0,7,12.7,météo correcte
2016-11-07,34,27,13,33,33,27,0,79,10,1012,7.625,40,23,27,113,113,113,0,7,12.7,météo correcte
2016-11-08,35,27,11,32,34,27,0.2,78,10,1012,14.25,40,23,27,113,113,113,0,6,12.7,météo correcte
2016-11-09,34,25,8,32,33,25,0,80,10,1012,18.875,39,23,26,113,113,113,0,6,12.7,météo favorable
2016-11-10,34,27,9,29,34,27,0,72,10,1013,22,36,22,27,113,116,113,0,6,12.7,météo favorable
2016-11-11,33,27,8,29,33,27,0,74,10,1012,19.625,36,22,27,113,116,113,0,7,12.7,météo favorable
2016-11-12,34,26,6,29,34,26,0.1,76,10,1012,17.5,38,22,26,113,113,116,0,7,12.7,météo favorable
2016-11-13,34,26,8,30,34,26,0,79,10,1012,9.5,38,23,27,113,113,113,0,7,12.7,météo favorable
2016-11-14,35,25,10,31,34,25,0.3,79,9.875,1010,20.75,39,23,26,113,113,116,0,6,12.7,météo favorable
2016-11-15,35,27,6,29,35,27,0.3,76,9.375,1011,25.75,40,23,27,116,113,113,0,7,12.7,météo correcte
2016-11-16,33,27,11,29,33,27,0,78,10,1011,8.375,37,23,27,113,113,113,0,7,12.7,météo favorable
2016-11-17,35,27,8,30,35,27,0.1,72,10,1010,9.75,38,22,27,113,113,113,0,7,12.7,météo favorable
2016-11-18,35,26,9,30,35,26,0,72,10,1009,7.5,38,22,27,113,113,113,0,7,12.7,météo favorable
2016-11-19,35,27,7,30,35,27,0.2,73,9.875,1009,12.75,39,22,27,113,113,113,0,7,12.7,météo favorable
2016-11-20,35,25,10,30,34,25,0,81,10,1009,8.625,38,23,26,113,113,113,0,7,12.7,météo favorable
2016-11-21,35,26,8,30,35,26,0,75,10,1009,4.5,38,23,26,113,113,113,0,7,12.7,météo favorable
2016-11-22,34,25,6,30,32,25,0.2,72,10,1010,15.25,38,22,26,113,113,113,0,7,12.7,météo favorable
2016-11-23,34,26,6,30,34,26,0.5,73,9.75,1010,40.125,38,22,27,116,116,116,0,6,12.7,météo favorable
2016-11-24,35,26,5,29,35,26,0.2,77,9.875,1010,32,39,22,26,116,116,116,0,7,12.7,météo favorable
2016-11-25,34,25,4,28,34,25,0.8,77,9.75,1009,32.875,38,22,25,116,116,113,0,7,12.7,météo favorable
2016-11-26,34,26,8,31,34,26,0.1,76,10,1010,16.625,38,22,27,113,116,113,0,7,12.8,météo favorable
2016-11-27,34,26,10,31,34,26,0.1,76,10,1010,11.5,38,23,27,113,113,113,0,7,12.8,météo favorable
2016-11-28,35,27,11,31,34,27,1.4,80,9.875,1010,15.875,39,23,27,113,113,116,0,6,12.8,météo favorable
2016-11-29,34,26,9,31,33,26,0.5,78,9.875,1011,15.875,39,23,27,113,113,113,0,7,12.8,météo favorable
2016-11-30,34,26,10,31,33,26,0.2,80,9.875,1011,19.125,40,23,26,113,113,113,0,6,12.8,météo correcte
2016-12-01,35,25,5,30,35,25,0,80,10,1011,29,41,22,26,116,116,113,0,6,12.8,météo correcte
2016-12-02,32,25,10,30,32,25,0,80,10,1011,33.375,35,22,25,116,116,116,0,6,12.8,météo favorable
2016-12-03,33,25,12,31,32,25,0,80,10,1010,25.125,36,22,25,113,116,113,0,6,12.8,météo favorable
2016-12-04,33,24,14,31,32,24,0,84,10,1009,27.75,36,22,25,113,116,116,0,6,12.8,météo favorable
2016-12-05,32,25,13,30,31,25,0.6,82,9.875,1009,32.375,35,22,25,116,116,116,0,6,12.8,météo favorable
2016-12-06,31,25,14,29,31,25,0,84,10,1009,27.875,35,22,25,113,113,113,0,6,12.8,météo favorable
2016-12-07,31,26,16,29,31,26,0,79,10,1009,18.875,35,22,26,116,113,113,0,6,12.8,météo favorable
2016-12-08,32,25,15,29,31,25,0.6,85,9.875,1008,14.625,36,23,26,116,113,113,0,6,12.8,météo favorable
2016-12-09,32,25,14,30,31,25,0.1,84,9,1008,14.375,36,23,26,113,113,113,0,6,12.8,météo favorable
2016-12-10,32,25,13,30,32,25,0.5,78,10,1008,21.25,35,23,25,113,116,113,0,6,12.8,météo favorable
2016-12-11,34,26,10,30,34,26,0.1,72,10,1009,12.75,37,23,27,113,113,113,0,7,12.8,météo favorable
2016-12-12,35,26,9,30,34,26,0.1,72,10,1010,15.5,38,22,27,113,116,113,0,6,12.8,météo favorable
2016-12-13,32,26,12,29,31,26,0.3,81,9.875,1010,42.5,36,23,26,116,113,116,0,6,12.8,météo favorable
2016-12-14,32,24,9,30,31,24,2,87,9.75,1010,37.25,35,23,25,116,116,116,0,5,12.8,météo favorable
2016-12-15,34,25,8,28,31,25,0,79,10,1010,43,39,22,25,119,116,116,0,6,12.8,météo favorable
2016-12-16,32,24,11,30,31,24,0.5,86,9.75,1010,31.375,36,22,24,113,116,116,0,6,12.8,météo favorable
2016-12-17,30,26,18,29,30,26,0.3,79,10,1010,43.625,34,22,26,116,116,116,0,6,12.8,météo favorable
2016-12-18,31,26,13,28,29,26,0,78,10,1010,55.375,35,22,26,119,116,116,0,5,12.8,météo correcte
2016-12-19,31,27,20,28,31,27,4.2,77,9.625,1008,61.5,35,23,27,119,122,119,0,7,10.6,météo correcte
2016-12-20,31,27,19,28,31,27,0.3,79,9,1007,36.625,36,23,27,113,113,116,0,7,12.8,météo favorable
2016-12-21,31,27,24,28,31,27,0.5,75,9.875,1007,44.625,35,22,27,119,113,116,0,7,12.8,météo favorable
2016-12-22,31,27,23,28,31,27,0.2,77,9.875,1006,27.75,35,22,27,116,113,116,0,7,12.8,météo favorable
2016-12-23,31,27,21,28,31,27,0.1,78,10,1006,39.875,35,23,27,116,116,116,0,7,12.8,météo favorable
2016-12-24,31,26,13,29,31,26,0.1,79,10,1008,34.875,34,22,26,116,116,113,0,7,11.9,météo favorable
2016-12-25,33,25,15,30,32,25,0,79,10,1008,14.25,35,23,26,113,113,116,0,6,12.8,météo favorable
2016-12-26,34,26,12,30,33,26,0,81,10,1009,18,38,23,26,113,116,113,0,6,12.8,météo favorable
2016-12-27,34,26,13,30,32,26,0,84,10,1009,15.875,35,23,26,113,113,113,0,6,12.8,météo favorable
2016-12-28,33,25,8,30,32,25,3.7,89,9.625,1009,38.5,37,24,26,116,119,113,0,6,12.8,météo correcte
2016-12-29,33,26,12,29,33,26,0,82,10,1009,19.25,37,23,26,113,113,116,0,6,12.8,météo favorable
2016-12-30,32,26,10,29,31,26,0,78,10,1009,22.75,36,23,26,113,116,113,0,6,12.8,météo favorable
2016-12-31,32,25,11,29,30,25,0,84,10,1009,32.5,35,22,25,113,119,116,0,6,12.8,météo correcte
2017-01-01,33,25,9,29,32,25,0,82,10,1009,28.875,37,22,25,116,113,116,0,7,12.8,météo favorable
2017-01-02,33,25,8,30,31,25,1.2,83,10,1009,38.25,38,23,26,116,116,116,0,7,12.8,météo favorable
2017-01-03,35,26,7,28,33,26,0,80,10,1008,37.625,40,23,26,116,116,116,0,7,12.8,météo correcte
2017-01-04,34,26,7,29,33,26,0,82,10,1008,22.625,39,23,26,113,116,116,0,7,12.8,météo favorable
2017-01-05,33,26,12,29,32,26,0,76,10,1008,10.5,36,23,26,113,113,113,0,7,12.8,météo favorable
2017-01-06,32,25,14,30,32,25,0,83,10,1007,14.125,35,23,26,113,116,116,0,7,12.8,météo favorable
2017-01-07,32,26,13,30,32,26,0.2,79,9.875,1007,27.75,36,22,26,116,116,113,0,7,12.8,météo favorable
2017-01-08,33,26,12,29,32,26,0,76,10,1007,22.875,37,22,27,113,116,116,0,7,12.8,météo favorable
2017-01-09,32,25,15,30,32,25,1.2,81,9.875,1008,15.125,36,23,25,113,113,113,0,7,12.8,météo favorable
2017-01-10,33,25,8,30,32,25,0.5,81,9.875,1009,20.125,38,23,25,113,113,116,0,7,12.8,météo favorable
2017-01-11,33,25,7,29,33,25,0.1,80,10,1009,15.5,39,23,26,113,116,113,0,7,12.8,météo favorable
2017-01-12,33,26,8,29,33,26,0,76,10,1009,19.875,38,22,26,113,116,116,0,7,12.8,météo favorable
2017-01-13,33,25,10,30,30,25,3.1,84,9.875,1009,51.625,37,22,25,116,116,119,0,7,11.8,météo favorable
2017-01-14,32,26,9,27,32,26,3.5,80,9.875,1009,58.875,35,22,26,116,116,122,0,7,11.8,météo correcte
2017-01-15,31,25,10,28,31,25,1.8,82,9.875,1010,45.25,34,22,25,116,116,116,0,6,11.6,météo favorable
2017-01-16,30,25,13,27,30,25,0.2,78,9.875,1010,28.375,33,22,25,116,116,116,0,7,11.6,météo favorable
2017-01-17,31,25,11,28,30,25,0.9,79,10,1010,38.875,35,22,26,116,116,116,0,7,11.6,météo favorable
2017-01-18,31,25,10,27,30,25,0,81,10,1011,45.5,33,22,25,116,119,116,0,7,10.2,météo correcte
2017-01-19,31,25,13,28,30,25,0.1,82,10,1012,40.5,35,22,25,116,119,119,0,7,8.9,météo correcte
2017-01-20,31,25,13,29,31,25,0.2,79,8.875,1010,26.625,35,22,26,116,116,113,0,7,11.6,météo favorable
2017-01-21,33,25,13,28,32,25,0,81,10,1011,19.25,36,22,25,113,113,113,0,7,11.6,météo favorable
2017-01-22,32,26,10,29,31,26,0,79,10,1012,32.25,36,23,26,113,116,116,0,7,10.2,météo favorable
2017-01-23,33,27,10,29,32,27,1.4,75,10,1011,43,37,23,27,116,116,116,0,7,11.6,météo favorable
2017-01-24,33,26,9,27,31,26,0,81,10,1011,66.875,37,22,26,122,122,122,0,7,8.9,météo défavorable
2017-01-25,32,26,9,28,31,26,0,81,10,1011,45.75,36,23,26,113,119,122,0,7,8.9,météo correcte
2017-01-26,29,26,15,27,29,26,0,81,10,1010,44.5,32,23,26,116,116,116,0,7,11.6,météo favorable
2017-01-27,30,26,19,28,30,26,0,82,10,1008,48.125,34,23,26,113,116,122,0,7,10.2,météo favorable
2017-01-28,29,25,11,26,29,25,2.9,82,9.625,1009,62.75,32,23,25,116,122,116,0,6,8.9,météo correcte
2017-01-29,31,25,6,26,27,25,2.3,90,9.25,1010,57.125,34,23,25,116,119,119,0,7,7.5,météo correcte
2017-01-30,30,24,9,25,30,24,0,91,10,1010,61.125,33,23,24,116,116,122,0,7,7.5,météo correcte
2017-01-31,30,24,5,25,30,24,1.7,89,8.875,1010,67.5,35,23,25,116,116,116,0,6,8.9,météo défavorable
2017-02-01,29,25,6,25,29,25,0.5,83,9.375,1010,55.5,32,22,25,119,116,116,0,7,10.2,météo correcte
2017-02-02,25,24,10,25,25,24,7,92,7.625,1009,86.875,27,23,24,119,122,122,0,5,6.1,météo défavorable
2017-02-03,28,24,9,24,28,24,2.6,85,9.75,1008,63.375,30,22,24,119,119,116,0,6,8.9,météo correcte
2017-02-04,31,25,15,27,31,25,0,78,10,1008,31.75,33,22,25,116,116,116,0,7,11.6,météo favorable
2017-02-05,30,27,21,27,30,27,0.9,76,9.875,1006,23.5,34,23,27,113,116,113,0,7,11.6,météo favorable
2017-02-06,31,26,20,27,31,26,1.4,83,9.75,1006,26.75,35,23,26,116,113,116,0,7,11.6,météo favorable
2017-02-07,29,26,27,27,29,26,0.9,77,9.625,1007,29.375,33,23,26,116,116,113,0,7,11.6,météo favorable
2017-02-08,29,26,25,27,29,26,2.8,80,9.875,1008,48.875,33,22,26,119,116,119,0,7,10.2,météo favorable
2017-02-09,29,26,19,26,29,26,2.9,81,7.875,1009,53.75,33,22,26,263,116,116,0,7,11.6,météo favorable
2017-02-10,29,25,18,25,29,25,3.3,80,9.75,1010,51.375,32,22,25,116,116,116,0,6,11.6,météo favorable
2017-02-11,30,24,13,27,30,24,0.1,85,10,1012,24.5,34,22,24,113,116,116,0,7,11.6,météo favorable
2017-02-12,32,24,8,28,30,24,0,83,10,1013,29.5,36,22,25,113,116,113,0,7,11.6,météo favorable
2017-02-13,32,24,10,28,30,24,1.1,88,9.875,1013,21.125,36,23,24,113,113,116,0,7,11.6,météo favorable
2017-02-14,31,24,14,27,30,24,0,87,10,1013,16.25,35,22,24,113,113,113,0,7,11.6,météo favorable
2017-02-15,31,25,9,28,31,25,0,83,10,1013,22.125,35,22,25,113,113,116,0,7,11.6,météo favorable
2017-02-16,32,25,7,27,31,25,0,79,10,1012,22.625,37,22,25,113,116,116,0,7,11.6,météo favorable
2017-02-17,32,24,9,28,31,24,0,83,10,1012,30.25,35,22,25,113,119,116,0,7,10.2,météo correcte
2017-02-18,31,24,10,28,31,24,0,85,10,1012,11.625,35,22,24,113,113,113,0,7,11.6,météo favorable
2017-02-19,31,23,11,27,30,23,0,87,10,1012,12.875,35,22,24,113,113,116,0,7,11.6,météo favorable
2017-02-20,32,24,8,27,31,24,0.1,87,10,1011,20.125,36,22,25,113,116,116,0,7,11.6,météo favorable
2017-02-21,33,25,8,27,33,25,1,87,9.875,1012,18.25,37,22,25,113,113,116,0,7,11.6,météo favorable
2017-02-22,32,25,7,27,32,25,0,81,10,1012,13.125,36,22,25,113,113,113,0,7,11.6,météo favorable
2017-02-23,32,26,9,27,32,26,0,80,10,1012,6.25,36,22,26,113,113,113,0,7,11.6,météo favorable
2017-02-24,32,23,10,27,32,23,0,90,10,1012,3.875,35,22,24,113,113,113,0,7,11.6,météo favorable
2017-02-25,32,23,8,27,32,23,0.1,87,10,1011,2.125,39,23,24,113,113,113,0,7,11.6,météo favorable
2017-02-26,31,24,14,27,30,24,0,80,10,1010,6,34,22,24,113,113,113,0,7,11.6,météo idéale
2017-02-27,32,24,12,28,31,24,0,89,10,1010,15.125,35,22,24,113,113,113,0,7,11.6,météo favorable
2017-02-28,32,24,8,28,32,24,1.2,90,9.875,1010,17.625,38,23,24,113,113,116,0,7,11.6,météo favorable
2017-03-01,34,26,7,27,34,26,0.4,77,9.875,1010,15.875,39,23,26,176,116,113,0,7,11.6,météo favorable
2017-03-02,33,26,6,28,33,26,1,79,9.875,1009,9.625,39,23,26,113,113,113,0,7,11.6,météo favorable
2017-03-03,33,23,8,27,33,23,0,90,10,1008,7,36,22,24,113,113,113,0,7,11.6,météo favorable
2017-03-04,34,25,8,29,33,25,0.1,83,10,1008,5.875,40,23,25,113,113,113,0,7,11.6,météo correcte
2017-03-05,33,25,8,28,33,25,0.6,81,10,1008,9.25,38,22,25,113,113,113,0,7,11.6,météo favorable
2017-03-06,32,25,12,29,32,25,0.8,85,10,1008,8.375,36,23,26,113,113,113,0,7,11.6,météo favorable
2017-03-07,32,25,9,28,32,25,0.2,87,10,1008,11,37,24,25,113,113,113,0,7,11.6,météo favorable
2017-03-08,34,23,10,28,32,23,0,92,10,1009,17.375,40,24,24,113,116,113,0,7,11.6,météo correcte
2017-03-09,32,24,9,27,32,24,0,81,10,1009,21.25,37,23,25,116,113,113,0,7,11.6,météo favorable
2017-03-10,31,23,10,27,31,23,0.2,92,10,1010,14.375,35,22,23,113,113,113,0,7,11.6,météo favorable
2017-03-11,31,22,10,28,31,22,0.1,92,10,1011,11.125,35,23,23,113,113,113,0,7,11.6,météo favorable
2017-03-12,32,23,7,28,32,23,0,92,10,1011,14.25,36,23,23,113,113,113,0,7,11.6,météo favorable
2017-03-13,30,25,6,27,29,25,0,82,10,1012,47.75,33,22,25,116,119,116,0,7,8.8,météo correcte
2017-03-14,32,24,10,27,31,24,0.1,83,10,1011,37.25,37,24,25,116,116,116,0,7,11.6,météo favorable
2017-03-15,31,22,11,28,31,22,0.6,92,9.875,1011,23.25,35,22,23,113,113,116,0,7,11.6,météo favorable
2017-03-16,32,24,8,28,31,24,0.2,86,9.875,1011,42.5,36,22,24,116,116,116,0,7,11.6,météo favorable
2017-03-17,32,23,9,28,31,23,0.5,88,9.875,1011,24.625,36,22,24,113,116,116,0,7,11.6,météo favorable
2017-03-18,32,24,8,28,31,24,0.4,88,9.875,1012,17.75,37,23,25,113,113,113,0,7,11.6,météo favorable
2017-03-19,32,24,10,28,31,24,0.2,85,10,1011,22.875,38,24,25,113,116,116,0,7,11.6,météo favorable
2017-03-20,31,25,11,28,28,25,0.3,85,9.875,1010,28.125,35,24,25,113,116,116,0,7,11.6,météo favorable
2017-03-21,31,25,13,28,31,25,6.3,89,9.625,1010,51.5,35,24,25,116,116,119,0,7,10.2,météo favorable
2017-03-22,29,25,14,26,29,25,0,84,10,1011,47.625,33,23,25,116,116,116,0,6,11.6,météo favorable
2017-03-23,31,23,7,27,30,23,0.3,93,9.875,1012,40.375,36,23,23,116,119,116,0,7,10.2,météo correcte
2017-03-24,31,24,10,28,31,24,1.2,91,9.625,1011,43.125,36,23,24,116,116,116,0,7,11.6,météo favorable
2017-03-25,32,24,8,28,29,24,2,93,9.875,1011,31.25,37,25,24,113,116,116,0,7,11.6,météo favorable
2017-03-26,31,25,11,27,30,25,6,86,9.25,1012,48.875,36,24,25,113,119,119,0,7,7.4,météo correcte
2017-03-27,29,23,7,26,29,23,0.3,90,10,1013,53.375,33,23,23,116,119,116,0,7,8.8,météo correcte
2017-03-28,30,23,10,26,29,23,0,93,10,1013,21,33,23,23,116,113,113,0,6,11.6,météo idéale
2017-03-29,30,23,11,27,30,23,0,92,10,1012,12.75,34,23,24,113,113,113,0,7,11.6,météo idéale
2017-03-30,31,23,10,28,30,23,1,93,9.875,1013,19.125,35,23,24,113,113,113,0,7,11.6,météo favorable
2017-03-31,32,25,8,27,32,25,2.4,90,9.75,1012,26,37,24,25,113,113,116,0,7,11.6,météo favorable
2017-04-01,32,25,6,27,32,25,0.7,85,10,1011,12.375,38,24,25,113,113,113,0,7,11.6,météo favorable
2017-04-02,31,25,10,27,31,25,2.4,80,9.875,1011,31.5,34,22,26,113,116,116,0,7,11.6,météo favorable
2017-04-03,32,24,8,26,32,24,0.2,87,9.875,1011,53.25,36,25,24,119,116,119,0,7,8.8,météo favorable
2017-04-04,30,25,12,27,29,25,0,84,10,1010,39.875,33,23,25,116,116,116,0,7,11.6,météo favorable
2017-04-05,30,24,12,28,30,24,0,88,10,1010,26.625,33,23,24,116,116,116,0,7,11.6,météo favorable
2017-04-06,30,26,15,27,30,26,0,79,10,1009,28,34,23,26,116,116,116,0,7,11.6,météo favorable
2017-04-07,30,25,14,28,30,25,0,82,10,1009,46.125,34,23,26,116,116,119,0,7,10.2,météo favorable
2017-04-08,30,24,14,28,30,24,0,89,10,1011,34.875,35,23,24,116,113,116,0,6,11.6,météo favorable
2017-04-09,32,23,7,28,32,23,0,92,10,1012,14.25,36,23,23,113,113,113,0,7,11.6,météo favorable
2017-04-10,33,25,9,27,33,25,0,83,10,1010,4.625,36,23,25,113,113,113,0,7,11.6,météo favorable
2017-04-11,31,22,7,26,31,22,0,92,10,1010,4.625,34,22,22,113,113,113,0,7,11.6,météo idéale
2017-04-12,31,25,9,27,31,25,0,78,10,1011,6.25,34,22,25,113,113,113,0,7,11.6,météo idéale
2017-04-13,31,23,8,27,31,23,0,86,10,1012,14.875,35,23,24,113,113,113,0,7,11.6,météo favorable
2017-04-14,31,22,6,26,31,22,0,92,10,1012,15.25,35,22,23,113,113,113,0,7,11.6,météo favorable
2017-04-15,31,22,8,27,31,22,0.2,92,9.875,1011,16.75,35,22,22,113,113,113,0,7,11.6,météo favorable
2017-04-16,32,23,9,27,31,23,0,93,10,1011,11.625,37,23,23,113,113,113,0,7,11.6,météo favorable
2017-04-17,31,24,10,28,31,24,0.5,88,9.875,1011,15,36,23,24,113,113,113,0,7,11.6,météo favorable
2017-04-18,32,24,8,28,30,24,0.8,88,10,1011,27.125,37,23,25,113,113,116,0,7,11.6,météo favorable
2017-04-19,30,25,6,28,29,25,12.5,89,8.875,1012,34,36,26,25,116,116,116,0,7,11.6,météo correcte
2017-04-20,32,26,8,27,32,26,0,82,10,1012,8.875,36,24,27,113,113,113,0,7,11.6,météo favorable
2017-04-21,32,26,6,27,32,26,0,83,10,1011,9.125,37,24,26,113,113,113,0,7,11.6,météo favorable
2017-04-22,32,26,10,28,32,26,0,81,10,1011,5.875,35,23,27,113,113,113,0,7,11.6,météo favorable
2017-04-23,32,25,6,28,32,25,0.2,84,9.875,1012,7.5,37,24,25,113,113,113,0,7,11.6,météo favorable
2017-04-24,31,23,7,27,31,23,0,91,10,1012,2.5,37,23,24,113,113,113,0,7,11.6,météo favorable
2017-04-25,32,25,9,27,32,25,0,80,10,1012,4.25,37,23,26,113,113,113,0,7,11.6,météo favorable
2017-04-26,31,26,11,27,31,26,0,77,10,1011,4.875,35,22,26,113,113,113,0,7,11.6,météo favorable
2017-04-27,31,26,9,27,31,26,0,78,10,1011,4.375,35,23,26,113,113,113,0,7,11.6,météo favorable
2017-04-28,31,26,10,27,31,26,0,77,10,1012,4.375,34,22,26,113,113,113,0,7,11.6,météo idéale
2017-04-29,31,25,9,27,31,25,0,79,10,1013,7.25,34,22,26,113,113,113,0,7,11.6,météo idéale
2017-04-30,31,23,6,27,31,23,0,93,10,1013,24.875,36,23,23,116,116,116,0,7,11.6,météo favorable
2017-05-01,31,26,7,27,31,26,0,82,10,1013,19.375,35,23,26,113,116,116,0,7,11.6,météo favorable
2017-05-02,32,26,6,27,32,26,0,81,10,1012,11.625,36,23,26,113,113,113,0,7,11.6,météo favorable
2017-05-03,32,23,6,28,32,23,0,92,10,1012,8.5,37,24,24,113,113,113,0,7,8.7,météo favorable
2017-05-04,32,26,8,28,32,26,0.1,78,10,1012,14.125,36,23,26,113,113,113,0,7,8.7,météo favorable
2017-05-05,31,26,14,27,31,26,0,80,10,1013,9.5,35,23,26,113,113,113,0,7,8.7,météo favorable
2017-05-06,31,26,14,27,31,26,0,80,10,1014,7.125,35,22,26,113,113,113,0,7,8.7,météo favorable
2017-05-07,31,25,13,27,31,25,0,80,10,1014,10.125,35,22,25,113,113,113,0,7,8.7,météo favorable
2017-05-08,31,26,12,27,31,26,0,76,10,1013,19.5,34,22,26,113,113,116,0,7,8.7,météo idéale
2017-05-09,31,26,15,26,31,26,0,70,10,1012,11.875,34,22,26,113,113,113,0,7,8.7,météo idéale
2017-05-10,31,26,10,27,31,26,0,77,10,1012,3.125,34,22,26,113,113,113,0,7,8.7,météo idéale
2017-05-11,31,26,11,27,31,26,0,79,10,1012,4.25,34,22,26,113,113,113,0,7,8.7,météo idéale
2017-05-12,31,25,13,27,31,25,0.1,81,10,1012,14.25,34,22,25,113,113,113,0,7,8.7,météo idéale
2017-05-13,30,25,12,27,30,25,0,81,10,1011,23.375,34,23,25,113,116,113,0,7,8.7,météo favorable
2017-05-14,32,26,12,27,32,26,0,79,10,1011,13.125,36,23,26,116,113,113,0,7,8.7,météo favorable
2017-05-15,31,26,10,27,31,26,0,73,10,1011,5.625,34,23,26,113,113,113,0,7,8.7,météo idéale
2017-05-16,31,25,12,27,31,25,0,78,10,1011,2.25,34,22,25,113,113,113,0,7,8.7,météo idéale
2017-05-17,31,25,11,26,31,25,0,76,10,1011,2.125,33,21,25,113,113,113,0,7,8.7,météo idéale
2017-05-18,31,26,11,26,31,26,0,82,10,1012,3.875,35,23,26,113,113,113,0,7,8.7,météo favorable
2017-05-19,31,26,10,27,31,26,0,82,10,1012,18.875,35,23,26,113,116,116,0,7,8.7,météo favorable
2017-05-20,30,25,10,27,30,25,0,81,10,1011,20,34,22,26,113,113,116,0,7,8.7,météo idéale
2017-05-21,31,25,9,27,31,25,0,81,10,1010,4.75,35,22,25,113,113,113,0,7,8.7,météo favorable
2017-05-22,30,24,12,26,30,24,0,80,10,1012,3.625,33,21,24,113,113,113,0,7,8.7,météo idéale
2017-05-23,30,25,12,26,30,25,0,76,10,1012,5.5,33,21,25,113,113,113,0,7,8.7,météo idéale
2017-05-24,32,26,10,27,32,26,0,82,10,1012,8.375,35,23,26,113,113,113,0,7,8.7,météo favorable
2017-05-25,31,26,12,27,31,26,0,80,10,1011,18.5,35,23,26,113,113,116,0,7,8.7,météo favorable
2017-05-26,31,26,12,27,31,26,0,78,10,1011,20.125,35,23,26,113,113,113,0,7,8.7,météo favorable
2017-05-27,32,26,8,27,32,26,0,81,10,1010,22.375,36,23,26,113,113,113,0,7,8.7,météo favorable
2017-05-28,31,26,9,28,30,26,0,84,10,1010,29.25,35,23,26,113,116,116,0,7,8.7,météo favorable
2017-05-29,31,26,8,27,31,26,0,80,10,1012,21.625,36,24,26,113,113,113,0,7,8.7,météo favorable
2017-05-30,31,26,9,26,31,26,0.1,83,10,1012,26.5,35,22,26,116,113,113,0,7,8.7,météo favorable
2017-05-31,32,26,9,27,32,26,0,84,10,1012,26.25,36,23,26,113,113,113,0,7,8.7,météo favorable
2017-06-01,31,25,15,27,31,25,0,86,10,1012,8.875,35,23,26,113,113,113,0,7,8.7,météo favorable
2017-06-02,31,25,14,26,31,25,0,81,10,1013,8.875,34,22,25,113,113,113,0,7,8.7,météo idéale
2017-06-03,31,25,10,27,31,25,0,81,10,1013,17.375,35,22,25,113,113,116,0,7,8.7,météo favorable
2017-06-04,31,25,9,26,31,25,0,79,10,1013,4.125,33,21,25,113,113,113,0,7,8.7,météo idéale
2017-06-05,31,26,9,27,31,26,0,81,10,1012,7.375,35,22,26,113,113,113,0,7,8.7,météo favorable
2017-06-06,31,26,9,27,31,26,0,75,10,1013,11.625,34,22,26,113,113,113,0,7,8.7,météo idéale
2017-06-07,31,25,14,27,31,25,0.1,81,10,1013,12.5,34,22,26,113,113,113,0,7,8.7,météo idéale
2017-06-08,30,25,14,26,30,25,0,80,10,1013,13.75,33,22,25,113,113,113,0,7,8.7,météo idéale
2017-06-09,31,25,15,26,31,25,0,81,10,1012,6.375,34,22,25,113,113,113,0,7,8.7,météo idéale
2017-06-10,31,26,11,26,31,26,0,81,10,1013,14.125,34,22,26,113,113,113,0,7,8.7,météo idéale
2017-06-11,31,25,11,27,31,25,0,82,10,1012,17.625,34,22,25,113,113,113,0,7,8.7,météo idéale
2017-06-12,31,25,9,26,31,25,0,82,10,1013,50.875,34,23,25,116,116,116,0,7,8.7,météo favorable
2017-06-13,31,25,8,27,31,25,0.1,82,10,1014,30.125,35,22,25,113,116,116,0,7,8.7,météo favorable
2017-06-14,31,25,9,26,31,25,0,79,10,1013,20.25,34,22,25,116,113,113,0,7,8.7,météo idéale
2017-06-15,30,24,13,26,30,24,0,79,10,1013,4.625,33,22,24,113,113,113,0,7,8.7,météo idéale
2017-06-16,29,24,10,26,29,24,0,80,10,1013,2.625,32,21,24,113,113,113,0,7,8.7,météo idéale
2017-06-17,30,24,12,25,30,24,0,78,10,1013,10.125,31,20,24,113,113,113,0,7,8.7,météo idéale
2017-06-18,30,25,13,25,30,25,0,76,10,1011,4.75,32,20,25,113,113,113,0,7,8.7,météo idéale
2017-06-19,30,24,16,26,30,24,0,81,10,1012,6.5,32,21,24,113,113,113,0,7,8.7,météo idéale
2017-06-20,30,25,14,26,30,25,0,79,10,1012,14.25,33,21,25,113,113,113,0,7,8.7,météo idéale
2017-06-21,31,24,7,26,31,24,0,85,10,1013,22.75,34,22,24,113,116,113,0,7,8.7,météo favorable
2017-06-22,31,25,8,26,31,25,0,75,10,1013,6,33,21,25,113,113,113,0,7,8.7,météo idéale
2017-06-23,30,25,11,26,30,25,0,79,10,1013,7.375,32,21,25,113,113,113,0,7,8.7,météo idéale
2017-06-24,31,25,7,26,31,25,0,82,10,1011,14,34,22,25,113,113,113,0,7,11.6,météo idéale
2017-06-25,30,25,12,27,29,25,0,81,10,1012,20.25,33,22,25,113,113,113,0,7,11.6,météo idéale
2017-06-26,31,25,9,26,31,25,0,81,10,1013,15.5,34,22,25,113,113,113,0,7,11.6,météo idéale
2017-06-27,30,24,12,26,30,24,0,82,10,1013,12.375,33,22,24,113,113,113,0,7,11.6,météo idéale
2017-06-28,30,24,13,25,30,24,0,79,10,1013,2.625,32,21,24,113,113,113,0,7,11.6,météo idéale
2017-06-29,30,25,10,25,30,25,0,77,10,1013,9,32,21,25,116,113,113,0,7,11.6,météo idéale
2017-06-30,30,25,13,26,30,25,0,74,10,1012,10.875,32,22,25,113,113,113,0,7,11.6,météo idéale
2017-07-01,30,25,10,26,30,25,0,76,10,1012,8,32,21,25,113,113,113,0,7,11.6,météo idéale
2017-07-02,31,25,8,26,31,25,0,80,10,1013,9.625,32,21,25,113,113,113,0,7,11.6,météo idéale
2017-07-03,31,25,11,26,31,25,0,76,10,1013,8.5,33,21,25,113,113,113,0,7,11.6,météo idéale
2017-07-04,30,25,15,26,30,25,0,82,10,1014,20.375,32,22,25,113,113,116,0,7,11.6,météo idéale
2017-07-05,30,24,12,26,30,24,0,83,10,1013,13.25,33,22,24,116,113,113,0,7,11.6,météo idéale
2017-07-06,30,25,13,25,30,25,0,79,10,1013,11.125,33,21,25,113,113,113,0,7,11.6,météo idéale
2017-07-07,31,25,10,26,31,25,0,84,10,1013,21.125,35,22,25,113,116,113,0,7,11.6,météo favorable
2017-07-08,29,25,14,26,29,25,0,83,10,1013,28.875,33,22,25,116,113,116,0,7,11.6,météo idéale
2017-07-09,28,24,14,25,28,24,0,83,10,1013,38.125,31,21,24,116,116,116,0,7,11.6,météo favorable
2017-07-10,29,24,13,25,29,24,0,82,10,1013,13,32,21,24,113,113,113,0,7,11.6,météo idéale
2017-07-11,30,24,14,26,30,24,0,82,10,1014,16.375,33,21,25,116,113,113,0,7,11.6,météo idéale
2017-07-12,30,25,14,26,30,25,0,82,10,1013,15.625,33,22,25,113,113,113,0,7,11.6,météo idéale
2017-07-13,30,25,18,26,30,25,0.9,80,9.875,1013,21.875,34,22,25,116,116,113,0,7,11.6,météo favorable
2017-07-14,31,25,14,26,31,25,0,72,10,1013,4,33,21,25,113,113,113,0,7,11.6,météo idéale
2017-07-15,31,24,17,26,31,24,0,69,10,1013,0,31,20,24,113,113,113,0,7,11.6,météo idéale
2017-07-16,30,24,14,25,30,24,0,77,10,1014,0.75,31,19,24,113,113,113,0,7,11.6,météo idéale
2017-07-17,29,24,13,25,29,24,0,77,10,1013,1.375,31,20,24,113,113,113,0,7,11.6,météo idéale
2017-07-18,30,24,12,25,30,24,0,76,10,1015,12.75,32,21,25,113,113,113,0,7,11.6,météo idéale
2017-07-19,31,25,9,26,31,25,0,77,10,1014,9.875,33,21,25,113,113,113,0,7,11.6,météo idéale
2017-07-20,31,25,7,26,31,25,0,80,10,1013,10,33,21,25,113,113,113,0,7,11.6,météo idéale
2017-07-21,31,24,8,26,30,24,0,72,10,1014,5.125,33,20,25,113,113,113,0,7,11.6,météo idéale
2017-07-22,31,24,11,25,31,24,0,72,10,1014,7.5,32,20,24,113,113,113,0,7,11.6,météo idéale
2017-07-23,30,23,15,25,30,23,0,74,10,1014,5,31,19,23,113,113,113,0,7,11.6,météo idéale
2017-07-24,30,24,14,25,30,24,0,77,10,1014,10.375,31,20,24,113,113,113,0,7,11.6,météo idéale
2017-07-25,31,24,15,26,31,24,0,78,10,1012,18.375,32,20,24,113,113,113,0,7,11.6,météo idéale
2017-07-26,32,25,11,26,32,25,0,76,10,1012,28.875,34,21,25,116,116,116,0,7,11.6,météo favorable
2017-07-27,32,26,15,27,32,26,0,74,10,1012,20.25,35,21,26,113,113,116,0,7,11.6,météo favorable
2017-07-28,33,25,8,26,33,25,0,84,10,1014,20,36,23,25,116,113,113,0,7,11.6,météo favorable
2017-07-29,31,25,13,27,31,25,0.2,80,9.875,1014,17.875,35,23,25,116,116,113,0,7,11.6,météo favorable
2017-07-30,32,23,13,26,32,23,0,77,10,1013,6,33,21,23,116,113,113,0,7,11.6,météo idéale
2017-07-31,31,24,13,25,31,24,0,77,10,1014,4.75,32,20,24,113,113,113,0,7,11.6,météo idéale
2017-08-01,29,24,15,26,29,24,0,81,10,1015,21.75,31,21,24,116,116,113,0,7,11.6,météo favorable
2017-08-02,28,24,18,25,28,24,0.3,77,9.875,1014,36.625,30,21,24,119,116,113,0,7,11.6,météo favorable
2017-08-03,30,24,16,25,30,24,0,79,10,1013,17.125,32,20,24,116,113,113,0,7,11.6,météo idéale
2017-08-04,30,24,15,25,30,24,0,79,10,1013,14.5,32,21,24,116,113,113,0,7,11.6,météo idéale
2017-08-05,29,24,18,25,29,24,0,78,10,1013,3.5,31,20,24,113,113,113,0,7,11.6,météo idéale
2017-08-06,31,24,13,26,31,24,0,80,10,1013,9.5,33,21,24,113,113,113,0,7,11.6,météo idéale
2017-08-07,32,25,11,26,32,25,0,74,10,1013,3.875,34,21,25,113,113,113,0,7,11.6,météo idéale
2017-08-08,31,25,10,26,31,25,0,73,10,1014,3.375,34,20,25,113,113,113,0,7,11.6,météo idéale
2017-08-09,33,25,6,27,33,25,0,83,10,1013,8.25,36,22,25,113,113,113,0,7,11.6,météo favorable
2017-08-10,31,24,12,26,31,24,0,80,10,1013,9,33,21,24,113,113,113,0,7,11.6,météo idéale
2017-08-11,32,25,10,26,32,25,0,79,10,1013,7.5,34,21,25,113,113,113,0,7,11.6,météo idéale
2017-08-12,32,25,9,27,32,25,0,77,10,1013,8.875,35,21,25,113,113,113,0,7,11.6,météo favorable
2017-08-13,33,24,12,27,33,24,0,70,10,1013,2.375,34,22,25,113,113,113,0,7,11.6,météo idéale
2017-08-14,32,24,14,25,32,24,0,74,10,1014,0,32,20,24,113,113,113,0,7,11.6,météo idéale
2017-08-15,31,24,13,25,31,24,0,78,10,1013,2,32,20,24,113,113,113,0,7,11.6,météo idéale
2017-08-16,30,24,13,25,30,24,0,80,10,1012,9.25,32,20,24,113,116,113,0,7,11.6,météo favorable
2017-08-17,31,24,13,25,31,24,0,80,10,1012,19.25,33,20,24,113,113,113,0,7,11.6,météo idéale
2017-08-18,32,25,8,27,32,25,0,78,10,1014,21.75,35,21,25,113,113,113,0,7,11.6,météo favorable
2017-08-19,31,24,13,26,31,24,0,81,10,1014,7.375,33,21,24,113,113,113,0,7,11.6,météo idéale
2017-08-20,32,24,15,26,32,24,0,79,10,1013,3.75,34,21,25,113,113,113,0,7,11.6,météo idéale
2017-08-21,31,25,12,26,31,25,0,73,10,1012,2.5,32,20,25,113,113,113,0,7,11.6,météo idéale
2017-08-22,32,24,13,26,32,24,0,67,10,1013,2,33,20,24,113,113,113,0,7,11.6,météo idéale
2017-08-23,33,25,12,26,33,25,0,74,10,1013,1.375,33,21,26,113,113,113,0,7,11.6,météo idéale
2017-08-24,34,24,7,26,34,24,0,70,10,1013,0,35,20,25,113,113,113,0,7,11.6,météo favorable
2017-08-25,33,24,13,26,33,24,0,72,10,1013,0,33,20,26,113,113,113,0,7,11.6,météo idéale
2017-08-26,32,25,18,26,32,25,0,62,10,1012,0,33,19,25,113,113,113,0,7,11.6,météo idéale
2017-08-27,31,25,12,26,31,25,0,66,10,1012,0,32,19,25,113,113,113,0,7,11.6,météo idéale
2017-08-28,33,24,9,26,32,24,0,66,10,1012,0,35,19,24,113,113,113,0,7,11.6,météo favorable
2017-08-29,33,24,15,26,33,24,0,69,10,1012,0,32,19,24,113,113,113,0,7,11.6,météo idéale
2017-08-30,33,24,10,26,33,24,0,73,10,1013,2.125,33,19,24,113,113,113,0,7,11.6,météo idéale
2017-08-31,33,24,10,25,33,24,0,73,10,1014,1.625,33,19,24,113,113,113,0,7,11.6,météo idéale
2017-09-01,32,24,7,26,32,24,0,71,10,1014,0,34,19,25,113,113,113,0,7,11.6,météo idéale
2017-09-02,33,25,11,26,33,25,0,77,10,1014,8,34,21,25,113,113,116,0,7,11.6,météo idéale
2017-09-03,33,25,13,27,33,25,0,80,10,1013,11.25,35,22,25,113,113,113,0,7,11.6,météo favorable
2017-09-04,32,25,12,27,32,25,0,77,10,1013,5.875,35,21,25,113,113,113,0,7,11.6,météo favorable
2017-09-05,33,25,10,27,33,25,0,72,10,1013,1.875,34,21,26,113,113,113,0,7,11.6,météo idéale
2017-09-06,33,25,8,27,32,25,0,78,10,1013,4.25,35,21,25,113,113,113,0,7,11.6,météo favorable
2017-09-07,34,26,12,27,34,26,0,66,10,1013,4.75,35,20,26,113,113,113,0,7,11.6,météo favorable
2017-09-08,34,26,10,28,34,26,0,74,10,1013,7.625,37,21,26,113,113,113,0,7,11.6,météo favorable
2017-09-09,33,26,13,28,33,26,0,73,10,1011,5.125,35,21,26,113,113,113,0,7,11.6,météo favorable
2017-09-10,33,24,11,28,33,24,0,75,10,1012,0.75,35,21,25,113,113,113,0,7,11.6,météo favorable
2017-09-11,33,24,15,27,33,24,0,78,10,1013,1.625,34,21,24,113,113,113,0,7,11.6,météo idéale
2017-09-12,33,25,9,27,33,25,0,77,10,1013,11.5,35,21,25,113,113,113,0,7,11.6,météo favorable
2017-09-13,33,25,12,27,33,25,0,73,10,1013,5,35,20,25,113,113,113,0,7,11.6,météo favorable
2017-09-14,34,25,13,27,34,25,0,64,10,1012,1.125,35,20,25,113,113,113,0,7,11.6,météo favorable
2017-09-15,34,26,11,28,34,26,0,68,10,1012,7.25,35,20,26,113,113,113,0,7,11.6,météo favorable
2017-09-16,35,26,10,29,35,26,0,76,10,1013,4.25,36,22,26,113,113,113,0,7,11.6,météo favorable
2017-09-17,33,25,14,28,33,25,0,72,10,1015,0,33,21,25,113,113,113,0,7,11.6,météo idéale
2017-09-18,34,24,13,27,34,24,0,66,10,1016,0.375,33,20,24,113,113,113,0,7,11.6,météo idéale
2017-09-19,33,24,15,27,33,24,0,69,10,1015,1.25,33,19,25,113,113,113,0,7,11.6,météo idéale
2017-09-20,33,24,10,27,33,24,0,66,10,1014,2.125,34,19,24,113,113,113,0,7,12.1,météo idéale
2017-09-21,33,25,13,28,33,25,0,73,10,1012,7.375,35,20,25,113,113,113,0,7,12.5,météo favorable
2017-09-22,34,26,8,29,34,26,0,72,10,1013,11.25,37,21,26,113,116,113,0,7,12.5,météo favorable
2017-09-23,34,26,8,28,34,26,0,77,10,1012,9.25,37,22,26,113,113,113,0,7,12.5,météo favorable
2017-09-24,34,26,10,27,34,26,0,74,10,1013,28.375,37,21,26,116,116,116,0,7,12.5,météo favorable
2017-09-25,33,26,9,28,33,26,0,78,10,1012,15.625,37,22,26,113,113,113,0,7,12.5,météo favorable
2017-09-26,35,27,12,29,35,27,0,72,10,1012,7.75,37,22,27,113,113,113,0,7,12.5,météo favorable
2017-09-27,34,26,12,29,34,26,0,79,10,1013,3.25,36,22,26,113,113,113,0,7,12.5,météo favorable
2017-09-28,34,26,8,28,34,26,0,78,10,1012,7.5,37,22,26,113,113,113,0,7,12.5,météo favorable
2017-09-29,32,26,15,28,32,26,0,80,10,1013,9.625,35,22,26,113,113,113,0,7,12.5,météo favorable
2017-09-30,34,26,10,29,34,26,0,77,10,1013,10.625,37,22,26,113,113,113,0,7,12.5,météo favorable
2017-10-01,33,26,10,28,33,26,0,73,10,1013,6.125,36,21,26,113,113,113,0,7,12.5,météo favorable
2017-10-02,33,26,8,28,33,26,0,78,10,1012,15.375,37,22,26,113,113,113,0,7,12.5,météo favorable
2017-10-03,34,27,9,28,34,27,0,73,10,1012,14.625,37,22,27,113,113,113,0,7,12.5,météo favorable
2017-10-04,34,27,9,29,34,27,0,76,10,1012,9.875,37,22,27,113,113,113,0,7,12.5,météo favorable
2017-10-05,35,27,10,29,35,27,0,75,10,1012,14.125,40,22,27,113,116,113,0,7,12.5,météo correcte
2017-10-06,29,28,9,29,28,28,0,74,10,1011,8,32,22,28,113,113,113,0,7,12.5,météo idéale
2017-10-07,32,26,11,28,32,26,0.1,78,10,1011,16.25,35,22,26,113,113,113,0,7,12.5,météo favorable
2017-10-08,33,27,10,28,33,27,0,76,10,1010,22.5,36,22,27,113,116,116,0,7,12.5,météo favorable
2017-10-09,34,27,13,29,34,27,0,76,10,1009,13.25,38,23,27,113,113,113,0,7,12.6,météo favorable
2017-10-10,36,27,8,30,36,27,0,76,10,1009,12,41,23,27,113,113,116,0,7,12.6,météo correcte
2017-10-11,35,27,12,30,35,27,0,75,10,1009,3.5,38,23,27,113,113,113,0,7,12.6,météo favorable
2017-10-12,35,27,9,30,35,27,0,73,10,1010,8.375,39,22,28,113,113,113,0,7,12.6,météo favorable
2017-10-13,34,26,14,29,34,26,0,70,10,1011,9.375,36,22,26,113,113,113,0,7,12.6,météo favorable
2017-10-14,35,27,12,29,35,27,0.3,74,9.875,1009,11.5,38,22,27,113,113,116,0,7,12.6,météo favorable
2017-10-15,34,27,12,29,34,27,0,74,10,1009,16.625,37,22,27,113,116,113,0,7,12.6,météo favorable
2017-10-16,34,27,9,29,34,27,0,75,10,1010,8.875,37,22,27,113,113,113,0,7,12.6,météo favorable
2017-10-17,34,27,6,29,34,27,0.9,74,9.875,1011,12,39,22,27,113,113,113,0,7,12.6,météo favorable
2017-10-18,33,26,13,28,33,26,0.3,78,10,1011,9,37,22,26,113,113,113,0,7,12.6,météo favorable
2017-10-19,35,26,10,29,35,26,0,75,10,1012,2.875,38,21,26,113,113,113,0,7,12.6,météo favorable
2017-10-20,36,26,9,30,36,26,0,74,10,1013,7,37,21,27,113,113,113,0,7,12.6,météo favorable
2017-10-21,35,27,10,30,35,27,0,68,10,1014,8,36,22,27,113,113,113,0,7,12.6,météo favorable
2017-10-22,35,27,9,30,35,27,0.1,71,10,1012,20.375,38,22,27,113,113,113,0,7,12.6,météo favorable
2017-10-23,34,27,9,30,34,27,0.2,74,9.875,1012,11,37,22,27,113,113,113,0,7,12.6,météo favorable
2017-10-24,34,26,10,30,33,26,0.9,75,9.75,1013,20.625,38,23,27,113,116,116,0,7,12.6,météo favorable
2017-10-25,35,27,9,30,34,27,0.1,73,10,1013,11,38,22,27,113,113,113,0,7,12.6,météo favorable
2017-10-26,35,27,10,30,34,27,0,74,10,1013,9.625,38,22,27,113,113,113,0,7,12.6,météo favorable
2017-10-27,34,26,8,29,34,26,0.1,72,10,1012,2.75,37,22,28,113,113,113,0,7,12.6,météo favorable
2017-10-28,35,26,9,30,35,26,0,67,10,1012,3.625,37,21,27,113,113,113,0,7,12.6,météo favorable
2017-10-29,35,26,9,29,35,26,0,65,10,1012,1.625,36,20,26,113,113,113,0,7,12.6,météo favorable
2017-10-30,35,27,8,31,35,27,0,68,10,1012,2.375,37,21,27,113,113,113,0,7,12.6,météo favorable
2017-10-31,35,27,11,31,35,27,0,70,10,1011,6,37,21,27,113,113,113,0,7,12.7,météo favorable
2017-11-01,36,27,8,31,36,27,0,73,10,1011,7.25,39,22,28,113,113,113,0,7,12.7,météo favorable
2017-11-02,35,27,9,30,35,27,0,72,10,1010,5.875,38,22,27,113,113,113,0,7,12.7,météo favorable
2017-11-03,35,27,8,29,35,27,0,71,10,1009,10.5,38,22,27,113,113,113,0,7,12.7,météo favorable
2017-11-04,35,27,10,30,35,27,0.1,70,10,1008,29.875,38,22,28,113,116,116,0,7,12.7,météo favorable
2017-11-05,35,27,10,30,34,27,0,69,10,1009,33.25,38,22,28,116,116,116,0,7,12.7,météo favorable
2017-11-06,33,27,10,29,33,27,0,70,10,1010,35.75,36,22,27,116,116,116,0,7,12.7,météo favorable
2017-11-07,34,27,10,30,34,27,0,73,10,1010,19,38,23,28,113,113,113,0,7,12.7,météo favorable
2017-11-08,35,27,9,31,35,27,0,72,10,1009,8.25,38,23,28,113,113,113,0,7,12.7,météo favorable
2017-11-09,34,27,9,30,34,27,0,71,10,1009,10.875,38,22,28,113,113,113,0,7,12.7,météo favorable
2017-11-10,34,27,11,30,33,27,0,75,10,1010,16.875,37,22,27,113,116,113,0,7,12.7,météo favorable
2017-11-11,35,27,8,30,35,27,0,73,10,1010,17,40,23,28,113,116,113,0,7,12.7,météo correcte
2017-11-12,35,27,9,31,34,27,0.2,73,9.875,1009,18.75,39,23,27,113,113,116,0,7,12.7,météo favorable
2017-11-13,35,27,7,30,33,27,0.5,73,10,1009,50.375,39,22,27,116,116,116,0,6,12.7,météo favorable
2017-11-14,33,27,8,30,32,27,0,74,10,1010,27.25,37,22,27,116,116,113,0,7,12.7,météo favorable
2017-11-15,34,26,11,30,32,26,0.3,75,9.875,1010,27,37,22,27,113,116,116,0,7,12.7,météo favorable
2017-11-16,34,26,10,30,33,26,0.3,71,9.875,1010,25.875,37,22,27,113,113,116,0,7,12.7,météo favorable
2017-11-17,34,27,5,29,34,27,0,70,10,1010,35.25,37,21,27,116,116,116,0,7,12.7,météo favorable
2017-11-18,35,27,7,30,35,27,0,75,10,1009,28.25,39,22,27,113,116,116,0,7,12.7,météo favorable
2017-11-19,34,27,13,32,32,27,0,77,10,1009,31.625,38,23,27,116,116,113,0,7,12.7,météo favorable
2017-11-20,32,26,14,30,32,26,0,79,10,1009,27.375,36,23,27,116,116,113,0,7,12.7,météo favorable
2017-11-21,32,26,17,31,30,26,0,76,10,1009,26.125,35,23,27,113,116,116,0,7,12.7,météo favorable
2017-11-22,31,25,10,30,27,25,0.1,81,10,1008,61.625,35,22,25,119,122,116,0,7,8,météo correcte
2017-11-23,33,26,14,31,31,26,0.3,81,9.875,1007,28.75,37,23,26,113,116,116,0,7,12.7,météo favorable
2017-11-24,33,26,11,30,31,26,0,79,10,1009,43.25,36,22,26,116,116,116,0,7,12.7,météo favorable
2017-11-25,34,27,8,30,34,27,0.3,74,9.875,1009,33,38,22,27,113,116,116,0,7,12.7,météo favorable
2017-11-26,34,27,11,31,33,27,0,76,10,1009,19.25,39,23,27,113,113,113,0,7,12.8,météo favorable
2017-11-27,34,27,13,30,32,27,0.2,74,9.875,1007,33.125,37,22,27,116,116,116,0,7,12.8,météo favorable
2017-11-28,32,27,12,29,31,27,0.1,78,10,1007,25,35,23,27,116,113,113,0,7,12.8,météo favorable
2017-11-29,33,27,13,31,32,27,0.8,77,9.625,1008,17.75,38,23,27,113,113,113,0,7,12.8,météo favorable
2017-11-30,30,26,5,29,30,26,0.4,79,9.875,1008,46.875,33,23,27,116,116,119,0,7,12.8,météo favorable
2017-12-01,29,25,8,27,27,25,0.6,87,8.75,1008,54.25,32,23,25,116,116,116,0,7,11.9,météo favorable
2017-12-02,29,25,6,29,29,25,2,83,10,1009,49.625,34,24,26,116,116,116,0,6,12.8,météo favorable
2017-12-03,32,26,13,29,31,26,0,83,10,1009,10.625,36,23,27,113,113,113,0,7,12.8,météo favorable
2017-12-04,32,26,9,31,32,26,0,77,10,1008,16.875,37,24,27,113,113,116,0,7,12.8,météo favorable
2017-12-05,34,27,10,30,33,27,0,70,10,1008,18.375,38,22,27,113,116,116,0,7,12.8,météo favorable
2017-12-06,33,27,11,31,33,27,0,75,10,1009,17.5,37,23,27,113,113,116,0,7,12.8,météo favorable
2017-12-07,34,27,11,31,33,27,0,75,10,1009,26.75,37,23,27,113,116,113,0,7,12.8,météo favorable
2017-12-08,34,27,12,30,33,27,0,72,10,1011,24.25,38,22,27,113,116,116,0,7,12.8,météo favorable
2017-12-09,34,27,5,30,34,27,0,70,10,1011,23.375,39,22,27,113,116,116,0,7,12.8,météo favorable
2017-12-10,34,27,7,30,34,27,1.1,77,9.75,1011,34.375,39,23,27,116,116,119,0,7,12.8,météo favorable
2017-12-11,34,27,7,29,34,27,0.5,74,9.875,1011,18.5,39,22,27,113,113,113,0,7,12.8,météo favorable
2017-12-12,34,27,8,31,33,27,0,76,10,1011,17,38,23,27,113,113,113,0,7,12.8,météo favorable
2017-12-13,34,27,9,30,33,27,0,77,10,1011,12.25,38,23,27,113,113,113,0,7,12.8,météo favorable
2017-12-14,34,26,10,29,33,26,0,76,10,1011,5.875,38,23,27,113,113,113,0,7,12.8,météo favorable
2017-12-15,34,26,13,30,33,26,0,71,10,1011,11.875,39,23,27,113,113,113,0,7,12.8,météo favorable
2017-12-16,33,27,9,30,33,27,0.1,73,10,1011,14.5,37,22,27,113,113,116,0,7,12.8,météo favorable
2017-12-17,34,26,5,31,33,26,2.2,75,9.75,1011,19.5,39,22,27,113,116,113,0,7,12.8,météo favorable
2017-12-18,34,27,9,30,33,27,0,73,10,1010,25.125,38,22,27,113,116,116,0,7,12.8,météo favorable
2017-12-19,35,26,9,30,31,26,4.8,86,9.625,1009,44.375,40,24,26,113,116,116,0,7,11.9,météo correcte
2017-12-20,30,25,5,24,29,25,10.2,86,9.25,1010,57.375,36,24,25,122,116,116,0,6,12.8,météo correcte
2017-12-21,29,25,4,26,26,25,8,90,9.375,1010,58.875,34,24,25,116,116,119,0,6,12.8,météo correcte
2017-12-22,28,25,8,25,28,25,3.5,85,8.375,1009,56.375,32,23,25,116,116,116,0,6,12.8,météo correcte
2017-12-23,31,25,11,27,30,25,0.1,76,10,1008,34.375,34,22,26,116,116,113,0,7,12.8,météo favorable
2017-12-24,32,25,9,29,30,25,13.3,87,9,1007,41.125,37,24,26,116,116,116,0,7,12.8,météo défavorable
2017-12-25,29,25,13,27,29,25,0.3,83,9.875,1007,44.875,33,24,25,116,116,116,0,6,12.8,météo favorable
2017-12-26,30,26,17,28,30,26,0,81,10,1008,22.125,34,23,26,113,113,113,0,7,12.8,météo idéale
2017-12-27,31,26,19,28,31,26,0,79,10,1009,33.375,35,23,26,116,113,116,0,7,12.8,météo favorable
2017-12-28,30,26,21,27,30,26,0.1,81,10,1009,55.125,33,23,26,119,119,119,0,7,10.6,météo correcte
2017-12-29,29,26,14,27,29,26,1.3,82,9.75,1010,43.375,32,23,26,119,116,113,0,7,12.8,météo favorable
2017-12-30,31,26,7,28,30,26,2.1,77,10,1010,41,36,22,26,116,119,116,0,7,12.8,météo correcte
2017-12-31,31,26,4,28,31,26,0,76,10,1008,37.875,36,22,26,116,119,116,0,7,12.8,météo correcte
2018-01-01,30,26,13,28,30,26,0,81,10,1008,13.375,34,23,26,113,113,113,0,7,12.8,météo idéale
2018-01-02,32,26,9,29,32,26,0,77,10,1008,14,36,23,27,113,113,113,0,7,12.8,météo favorable
2018-01-03,33,26,7,29,33,26,0.1,75,10,1009,17.625,37,22,27,116,113,113,0,7,12.8,météo favorable
2018-01-04,32,26,7,29,32,26,0.1,76,10,1009,11.625,37,23,27,113,113,113,0,7,12.8,météo favorable
2018-01-05,33,26,9,30,32,26,0,71,10,1009,20.875,36,22,27,113,116,116,0,7,12.8,météo favorable
2018-01-06,32,26,7,29,32,26,0,72,10,1009,32.25,36,22,26,116,116,116,0,7,12.8,météo favorable
2018-01-07,32,26,12,29,31,26,0.1,73,10,1010,35.25,35,22,26,116,116,116,0,7,12.8,météo favorable
2018-01-08,33,26,9,29,32,26,0,70,10,1010,23.75,36,22,27,113,116,113,0,7,12.8,météo favorable
2018-01-09,31,26,14,28,31,26,0,78,10,1011,26.875,34,22,27,116,116,116,0,7,12.8,météo favorable
2018-01-10,32,26,7,28,30,26,0,78,10,1009,50.875,35,23,27,116,119,119,0,7,11.9,météo correcte
2018-01-11,30,25,3,25,30,25,0.6,82,9,1009,68.625,34,23,26,119,116,119,0,6,9.3,météo défavorable
2018-01-12,28,25,8,27,26,25,0.4,80,9.375,1009,56.125,31,22,25,116,116,116,0,7,12.8,météo correcte
2018-01-13,25,24,5,24,25,24,0,85,10,1010,62.75,28,22,24,119,119,116,0,5,10.4,météo correcte
2018-01-14,31,25,12,24,31,25,0,83,10,1010,55.375,35,22,25,119,119,116,0,7,11.8,météo correcte
2018-01-15,30,25,16,26,30,25,0,87,10,1008,39.5,33,23,25,116,116,116,0,7,11.6,météo favorable
2018-01-16,29,25,14,26,29,25,1.6,83,10,1008,55.25,32,23,25,116,116,119,0,6,10.2,météo correcte
2018-01-17,31,25,5,25,31,25,1,78,10,1008,56.5,35,22,25,116,116,116,0,6,11.6,météo correcte
2018-01-18,30,25,10,27,29,25,0.1,79,10,1008,54,33,22,25,116,119,119,0,7,7.5,météo correcte
2018-01-19,31,26,7,27,30,26,0.2,78,9.875,1008,41.875,35,22,26,116,116,116,0,7,11.6,météo favorable
2018-01-20,32,25,9,28,29,25,0.1,76,10,1007,48.25,37,23,26,116,116,116,0,7,11.6,météo favorable
2018-01-21,30,25,15,24,30,25,2.1,86,10,1007,55.125,34,23,25,116,116,119,0,6,8.9,météo correcte
2018-01-22,29,26,18,26,29,26,0,82,10,1007,58.375,34,24,26,116,116,119,0,7,7.5,météo correcte
2018-01-23,28,26,16,26,28,26,2.7,83,10,1007,75.5,31,23,26,122,122,119,0,6,7.5,météo défavorable
2018-01-24,29,25,12,27,27,25,1.8,86,9.75,1007,52.75,32,23,25,116,116,119,0,7,10.2,météo favorable
2018-01-25,29,26,17,27,29,26,0.2,82,10,1005,40.25,33,23,26,116,116,116,0,7,11.6,météo favorable
2018-01-26,29,26,14,27,29,26,0.1,82,10,1005,45.25,33,23,26,119,116,116,0,7,11.6,météo favorable
2018-01-27,29,26,17,27,29,26,0.5,82,9.875,1006,52.125,34,23,26,116,116,116,0,7,11.6,météo favorable
2018-01-28,30,26,19,27,30,26,0.8,82,9.875,1007,59.25,34,23,26,116,116,122,0,6,10.2,météo correcte
2018-01-29,29,26,25,27,29,26,1.9,83,9.875,1007,75.25,33,23,26,122,119,116,0,6,7.5,météo défavorable
2018-01-30,30,26,18,27,30,26,0.7,81,9.875,1008,30.625,34,23,26,116,116,113,0,7,11.6,météo favorable
2018-01-31,29,26,19,26,29,26,0,81,10,1009,44.75,33,23,26,116,116,116,0,7,11.6,météo favorable
2018-02-01,30,26,14,27,30,26,1.2,75,9.625,1010,32.375,33,22,26,116,113,116,0,7,11.6,météo favorable
2018-02-02,31,25,9,27,30,25,0.8,81,10,1010,33.625,34,22,25,113,116,116,0,7,10.2,météo favorable
2018-02-03,31,26,12,28,31,26,0.7,79,9.875,1011,21.625,34,22,26,113,116,116,0,7,11.6,météo favorable
2018-02-04,32,26,11,28,31,26,0.2,80,9.875,1011,21.25,36,22,26,113,116,113,0,7,11.6,météo favorable
2018-02-05,33,26,6,28,32,26,3.3,79,9.625,1011,22.625,37,23,27,116,116,113,0,7,11.6,météo favorable
2018-02-06,34,26,10,28,32,26,0.3,76,9.875,1010,12.5,40,23,27,113,116,113,0,7,11.6,météo correcte
2018-02-07,31,26,9,28,31,26,0.6,75,9.875,1011,20.375,34,22,26,113,116,113,0,7,11.6,météo favorable
2018-02-08,31,26,7,28,31,26,0.3,74,9.875,1011,23.125,35,22,26,113,113,116,0,7,11.6,météo favorable
2018-02-09,32,25,6,27,31,25,3.9,82,9.5,1011,27.5,37,23,26,116,116,116,0,7,11.6,météo favorable
2018-02-10,31,26,7,27,30,26,0,76,10,1010,21.375,36,23,26,113,116,113,0,7,11.6,météo favorable
2018-02-11,30,25,11,28,30,25,0.5,78,9.875,1011,15.5,34,23,26,113,113,113,0,7,11.6,météo idéale
2018-02-12,29,26,15,27,29,26,0.6,80,9.75,1012,21.25,33,22,26,113,113,116,0,7,11.6,météo idéale
2018-02-13,33,26,10,28,32,26,6.1,82,9.625,1012,28.875,37,23,26,113,116,116,0,7,11.6,météo favorable
2018-02-14,32,25,12,27,30,25,1.4,82,10,1011,31.625,36,23,26,113,113,116,0,7,11.6,météo favorable
2018-02-15,30,25,10,28,29,25,0,86,10,1011,47.125,34,23,25,116,116,119,0,7,8.9,météo favorable
2018-02-16,30,26,14,28,29,26,0.4,81,9.75,1011,31.375,33,23,26,116,116,116,0,7,11.6,météo favorable
2018-02-17,30,26,18,27,30,26,0.5,84,9.875,1009,40.125,34,23,26,116,116,116,0,7,11.6,météo favorable
2018-02-18,31,25,14,27,31,25,0,77,10,1010,30,34,23,26,113,113,113,0,6,11.6,météo favorable
2018-02-19,31,25,15,28,31,25,0,84,10,1010,12.125,34,22,25,113,113,113,0,7,11.6,météo idéale
2018-02-20,31,25,14,27,30,25,0,83,10,1010,15.875,34,22,25,113,113,113,0,7,11.6,météo idéale
2018-02-21,31,25,13,28,30,25,0,87,10,1009,17.375,34,23,25,113,113,113,0,7,11.6,météo idéale
2018-02-22,30,25,12,27,30,25,1.1,81,9.75,1009,18.625,34,23,26,113,113,113,0,7,11.6,météo idéale
2018-02-23,32,26,14,28,31,26,0.5,80,9.875,1010,26.75,36,23,26,116,113,116,0,7,11.6,météo favorable
2018-02-24,31,26,5,28,29,26,3.1,77,9.75,1011,36.125,36,24,26,116,116,116,0,7,11.6,météo favorable
2018-02-25,32,26,6,28,32,26,0.7,76,9.875,1010,26.125,36,22,26,116,113,113,0,7,11.6,météo favorable
2018-02-26,31,26,8,28,30,26,0.1,78,10,1010,28.75,36,23,26,113,116,116,0,7,11.6,météo favorable
2018-02-27,31,26,9,27,31,26,0.1,73,10,1010,15.125,35,22,26,113,113,116,0,7,11.6,météo favorable
2018-02-28,32,26,11,28,31,26,0,80,10,1009,13.5,36,23,26,113,113,116,0,7,11.6,météo favorable
2018-03-01,31,25,12,28,30,25,0,77,10,1010,13.625,34,23,26,113,113,113,0,7,11.6,météo idéale
2018-03-02,31,25,11,28,30,25,0,84,10,1010,23.25,35,23,26,113,116,116,0,7,11.6,météo favorable
2018-03-03,31,25,10,28,30,25,0,84,10,1009,21.375,35,23,25,113,113,113,0,7,11.6,météo favorable
2018-03-04,31,25,9,28,31,25,1.4,80,9.75,1010,21.125,35,23,26,113,113,116,0,7,11.6,météo favorable
2018-03-05,32,26,10,28,31,26,0.3,80,9.875,1010,21.125,36,23,26,113,113,113,0,7,11.6,météo favorable
2018-03-06,32,26,6,28,32,26,1.4,77,9.875,1011,27.625,37,23,26,116,113,113,0,7,11.6,météo favorable
2018-03-07,32,26,8,28,31,26,1.2,79,9.75,1009,31,37,23,26,113,116,116,0,7,11.6,météo favorable
2018-03-08,32,26,9,28,31,26,0.1,78,10,1008,28.875,37,23,26,113,116,116,0,7,11.6,météo favorable
2018-03-09,32,26,8,28,32,26,0.4,80,9.875,1009,15.625,37,23,26,113,113,113,0,7,11.6,météo favorable
2018-03-10,31,25,12,28,31,25,0.2,82,9.875,1009,12.75,35,23,26,113,113,113,0,7,11.6,météo favorable
2018-03-11,32,25,10,28,32,25,0.1,78,10,1010,10.125,37,23,26,113,113,113,0,7,11.6,météo favorable
2018-03-12,32,25,9,28,31,25,0.3,73,9.875,1010,22.375,35,21,26,116,113,113,0,7,11.6,météo favorable
2018-03-13,32,25,10,28,31,25,0,78,10,1010,13.75,36,22,26,113,113,113,0,7,11.6,météo favorable
2018-03-14,32,25,8,27,31,25,1.5,78,9.625,1011,32.125,37,22,26,116,113,116,0,7,11.6,météo favorable
2018-03-15,30,25,4,27,28,25,0,84,10,1011,34.375,36,25,25,113,116,116,0,7,10.2,météo favorable
2018-03-16,31,25,5,27,31,25,1.2,80,9.625,1010,16,38,24,25,113,113,113,0,7,11.6,météo favorable
2018-03-17,31,25,5,27,31,25,1.7,78,9.75,1011,20.25,36,23,25,113,116,116,0,7,11.6,météo favorable
2018-03-18,31,24,8,27,31,24,0,75,10,1011,22.125,34,21,25,113,116,116,0,7,11.6,météo favorable
2018-03-19,31,25,14,28,31,25,0,81,10,1011,10.25,35,23,26,113,113,113,0,7,11.6,météo favorable
2018-03-20,31,25,18,27,30,25,0,84,10,1009,4.25,33,22,25,113,113,113,0,7,11.6,météo idéale
2018-03-21,31,25,13,27,31,25,0,83,10,1008,19.625,34,23,25,119,113,113,0,7,11.6,météo idéale
2018-03-22,30,25,13,28,29,25,0.3,83,9.875,1009,18.875,33,22,25,113,113,116,0,7,11.6,météo idéale
2018-03-23,33,25,6,27,33,25,0.2,80,10,1009,20,36,22,26,113,113,113,0,7,11.6,météo favorable
2018-03-24,32,26,8,27,32,26,0.7,82,9.875,1010,13.75,36,22,26,113,116,113,0,7,11.6,météo favorable
2018-03-25,33,25,6,27,33,25,0.1,81,10,1011,9.375,37,22,26,113,113,113,0,7,11.6,météo favorable
2018-03-26,32,25,12,28,31,25,0,81,10,1011,12.75,35,23,26,113,116,113,0,7,11.6,météo favorable
2018-03-27,32,26,8,28,32,26,0.1,78,10,1010,19.625,37,24,26,113,116,116,0,7,11.6,météo favorable
2018-03-28,32,25,14,27,31,25,0.2,82,9.875,1010,14.5,38,23,26,113,116,113,0,7,11.6,météo favorable
2018-03-29,32,25,14,28,31,25,0,81,10,1009,9.125,34,23,26,113,113,113,0,7,11.6,météo idéale
2018-03-30,31,25,12,28,30,25,0,84,10,1009,11.125,34,23,25,113,113,113,0,7,11.6,météo idéale
2018-03-31,31,25,13,28,30,25,0.5,82,9.75,1010,19.375,34,23,25,113,113,116,0,7,11.6,météo idéale
2018-04-01,32,26,6,28,32,26,0,79,10,1010,25,36,23,26,113,116,116,0,7,11.6,météo favorable
2018-04-02,33,26,5,28,33,26,0,77,10,1010,19.125,39,23,26,113,119,113,0,7,10.2,météo correcte
2018-04-03,33,26,7,27,33,26,0,80,10,1011,5.625,39,23,26,113,113,113,0,7,11.6,météo favorable
2018-04-04,32,26,8,28,32,26,0,72,10,1010,9.875,35,22,26,113,113,113,0,7,11.6,météo favorable
2018-04-05,33,26,8,28,33,26,0,79,10,1010,5.25,36,22,26,113,113,113,0,7,11.6,météo favorable
2018-04-06,33,26,8,28,33,26,0,81,10,1010,6.25,36,23,26,113,113,113,0,7,11.6,météo favorable
2018-04-07,32,25,11,27,32,25,0,74,10,1011,7.25,35,23,26,113,113,113,0,7,11.6,météo favorable
2018-04-08,33,26,9,28,33,26,0,72,10,1012,5.375,35,21,26,113,113,113,0,7,11.6,météo favorable
2018-04-09,33,26,8,27,33,26,0,71,10,1012,8.875,36,22,27,113,113,113,0,7,11.6,météo favorable
2018-04-10,33,26,8,28,33,26,0,73,10,1012,7,36,22,27,113,113,113,0,7,11.6,météo favorable
2018-04-11,33,26,8,28,33,26,0,77,10,1011,9.5,38,22,27,113,113,113,0,7,11.6,météo favorable
2018-04-12,33,26,8,28,33,26,0,77,10,1010,10,37,23,27,113,113,113,0,7,11.6,météo favorable
2018-04-13,33,27,12,28,33,27,0,73,10,1011,4.625,37,23,27,113,113,113,0,7,11.6,météo favorable
2018-04-14,34,26,10,28,34,26,0,77,10,1010,3.25,37,23,27,113,113,113,0,7,11.6,météo favorable
2018-04-15,33,27,7,28,33,27,0,70,10,1009,7.5,38,24,27,113,113,113,0,7,11.6,météo favorable
2018-04-16,35,27,6,28,35,27,0,76,10,1010,9.875,39,23,27,113,113,113,0,7,11.6,météo favorable
2018-04-17,34,26,6,28,34,26,0,77,10,1011,9.125,38,23,27,113,113,113,0,7,11.6,météo favorable
2018-04-18,33,26,10,28,33,26,0,75,10,1011,12.375,37,22,26,113,113,113,0,7,11.6,météo favorable
2018-04-19,33,26,7,28,33,26,0,76,10,1010,10.25,37,22,26,113,113,113,0,7,11.6,météo favorable
2018-04-20,33,26,8,28,33,26,0,75,10,1010,9.125,36,22,27,113,113,113,0,7,11.6,météo favorable
2018-04-21,33,26,10,28,33,26,0.5,79,9.875,1010,20.25,38,23,26,113,113,116,0,7,11.6,météo favorable
2018-04-22,33,26,14,28,33,26,0,78,10,1010,6.375,37,23,26,113,113,113,0,7,11.6,météo favorable
2018-04-23,33,26,12,28,33,26,0,77,10,1010,4.625,36,22,27,113,113,113,0,7,11.6,météo favorable
2018-04-24,34,26,12,28,34,26,0,70,10,1010,1.625,36,22,26,113,113,113,0,7,11.6,météo favorable
2018-04-25,32,26,9,27,32,26,0,73,10,1011,6.75,34,21,26,113,113,113,0,7,11.6,météo idéale
2018-04-26,32,25,9,27,32,25,0,71,10,1011,6.25,34,22,26,113,113,113,0,7,11.6,météo idéale
2018-04-27,32,26,9,28,32,26,0,72,10,1013,8.125,35,22,26,113,113,113,0,7,11.6,météo favorable
2018-04-28,33,25,11,27,33,25,0,73,10,1013,2.875,34,21,25,113,113,113,0,7,11.6,météo idéale
2018-04-29,33,25,15,27,33,25,0,70,10,1013,1.625,33,21,25,113,113,113,0,7,11.6,météo idéale
2018-04-30,32,25,10,27,31,25,0,65,10,1013,2.25,33,20,25,113,113,113,0,7,11.6,météo idéale
2018-05-01,32,25,10,27,32,25,0,73,10,1013,6.75,34,20,25,113,113,113,0,7,11.6,météo idéale
2018-05-02,32,25,8,27,32,25,0,73,10,1013,6,35,21,25,113,113,113,0,7,11.6,météo favorable
2018-05-03,31,25,9,26,31,25,0,77,10,1013,5.125,33,21,25,113,113,113,0,7,8.7,météo idéale
2018-05-04,32,25,7,26,32,25,0,77,10,1014,4.375,35,22,25,113,113,113,0,7,8.7,météo favorable
2018-05-05,32,26,10,27,32,26,0,74,10,1014,4.25,34,21,26,113,113,113,0,7,8.7,météo idéale
2018-05-06,34,26,9,27,34,26,0,79,10,1014,5.25,37,22,26,113,113,113,0,7,8.7,météo favorable
2018-05-07,33,26,12,27,33,26,0,71,10,1013,1.5,36,22,26,113,113,113,0,7,8.7,météo favorable
2018-05-08,32,26,14,27,32,26,0,77,10,1013,0.75,34,22,26,113,113,113,0,7,8.7,météo idéale
2018-05-09,32,26,12,27,32,26,0,78,10,1013,2.375,34,22,26,113,113,113,0,7,8.7,météo idéale
2018-05-10,32,26,13,27,32,26,0,75,10,1014,2.5,35,22,26,113,113,113,0,7,8.7,météo favorable
2018-05-11,33,26,13,27,33,26,0,74,10,1012,7,35,21,26,113,113,113,0,7,8.7,météo favorable
2018-05-12,33,26,14,28,33,26,0,77,10,1012,6,35,22,26,113,113,113,0,7,8.7,météo favorable
2018-05-13,32,26,11,27,32,26,0,79,10,1012,11.125,35,22,26,113,113,113,0,7,8.7,météo favorable
2018-05-14,33,26,12,27,33,26,0.1,79,10,1011,18,36,22,26,113,113,113,0,7,8.7,météo favorable
2018-05-15,31,26,12,28,31,26,0.1,83,10,1010,17.75,35,23,26,113,116,113,0,7,8.7,météo favorable
2018-05-16,31,26,15,27,31,26,0.1,81,10,1010,20.125,35,22,26,113,113,113,0,7,8.7,météo favorable
2018-05-17,31,25,15,27,31,25,0,78,10,1010,6.375,34,22,25,113,113,113,0,7,8.7,météo idéale
2018-05-18,31,25,13,27,31,25,0,77,10,1010,5.25,34,21,25,113,113,113,0,7,8.7,météo idéale
2018-05-19,32,25,13,27,32,25,0,75,10,1009,2.875,35,21,25,113,113,113,0,7,8.7,météo favorable
2018-05-20,32,25,11,27,32,25,0,78,10,1010,10,34,22,26,113,113,113,0,7,8.7,météo idéale
2018-05-21,32,25,12,27,32,25,0.1,79,10,1011,15.875,35,22,26,113,113,113,0,7,8.7,météo favorable
2018-05-22,33,26,13,27,33,26,0,79,10,1011,17.375,36,22,26,113,113,113,0,7,8.7,météo favorable
2018-05-23,33,26,11,27,33,26,0.1,80,10,1011,12.125,36,23,26,113,113,113,0,7,8.7,météo favorable
2018-05-24,33,26,13,27,33,26,0.3,78,9.875,1010,14.5,37,22,26,113,113,113,0,7,8.7,météo favorable
2018-05-25,33,26,9,28,33,26,0,79,10,1010,10,37,22,26,113,113,113,0,7,8.7,météo favorable
2018-05-26,33,25,11,27,33,25,0,76,10,1011,4.875,35,22,25,113,113,113,0,7,8.7,météo favorable
2018-05-27,33,26,15,27,33,26,0,80,10,1011,15.5,36,22,26,113,113,113,0,7,8.7,météo favorable
2018-05-28,32,25,14,27,32,25,0,79,10,1012,17.5,34,22,25,113,113,113,0,7,8.7,météo idéale
2018-05-29,31,24,16,26,31,24,0,79,10,1012,1.25,33,21,24,113,113,113,0,7,8.7,météo idéale
2018-05-30,31,24,9,26,31,24,0,77,10,1012,1,33,21,24,113,113,113,0,7,8.7,météo idéale
2018-05-31,31,24,6,26,31,24,0,78,10,1012,5.375,34,21,25,113,113,113,0,7,8.7,météo idéale
2018-06-01,31,24,11,26,31,24,0,79,10,1012,3.375,33,21,24,113,113,113,0,7,8.7,météo idéale
2018-06-02,31,25,11,26,31,25,0,80,10,1012,7.625,33,21,25,113,113,113,0,7,8.7,météo idéale
2018-06-03,30,25,13,27,30,25,0,78,10,1012,4.25,33,21,25,113,113,113,0,7,8.7,météo idéale
2018-06-04,32,24,12,26,32,24,0,79,10,1012,1.5,35,22,26,113,113,113,0,7,8.7,météo favorable
2018-06-05,32,25,9,27,32,25,0,80,10,1013,4.625,35,22,26,113,113,113,0,7,8.7,météo favorable
2018-06-06,32,25,8,27,32,25,0,82,10,1012,4.75,36,22,25,113,113,113,0,7,8.7,météo favorable
2018-06-07,32,25,8,26,32,25,0,80,10,1013,0.875,35,23,27,113,113,113,0,7,8.7,météo favorable
2018-06-08,32,25,10,26,32,25,0,79,10,1013,0,34,21,25,113,113,113,0,7,8.7,météo idéale
2018-06-09,32,25,12,25,32,25,0,77,10,1013,10,33,21,25,113,113,119,0,7,8.7,météo idéale
2018-06-10,32,26,14,27,32,26,0,80,10,1014,6.5,35,22,26,113,113,113,0,7,8.7,météo favorable
2018-06-11,32,25,12,27,32,25,0,82,10,1014,15.625,35,22,26,113,113,113,0,7,8.7,météo favorable
2018-06-12,32,24,13,27,32,24,0,80,10,1013,5.375,34,22,24,113,113,113,0,7,8.7,météo idéale
2018-06-13,31,23,11,25,31,23,0,78,10,1013,4.875,32,20,23,113,113,113,0,7,8.7,météo idéale
2018-06-14,31,24,10,25,31,24,0,73,10,1013,6.625,32,20,25,113,113,116,0,7,8.7,météo idéale
2018-06-15,31,25,11,25,31,25,0,76,10,1014,0.625,33,21,25,113,113,113,0,7,8.7,météo idéale
2018-06-16,31,25,7,25,31,25,0,78,10,1014,4.75,34,21,25,113,113,113,0,7,8.7,météo idéale
2018-06-17,31,25,11,25,31,25,0,73,10,1013,0,32,20,25,113,113,113,0,7,8.7,météo idéale
2018-06-18,31,26,12,26,31,26,0,77,10,1012,8.625,34,21,26,113,113,113,0,7,8.7,météo idéale
2018-06-19,30,25,13,27,29,25,3.1,83,9.5,1014,26.875,33,23,25,116,116,113,0,7,8.7,météo favorable
2018-06-20,31,25,15,26,31,25,0,82,10,1014,38,34,22,25,116,116,116,0,7,8.7,météo favorable
2018-06-21,30,25,12,26,30,25,0.2,82,9.875,1014,35.75,34,22,25,116,116,113,0,7,8.7,météo favorable
2018-06-22,31,25,13,26,31,25,0,81,10,1013,12.875,34,22,25,113,113,113,0,7,8.7,météo idéale
2018-06-23,31,25,13,26,31,25,0,79,10,1012,9.375,34,21,25,113,113,113,0,7,8.7,météo idéale
2018-06-24,30,25,15,26,30,25,0,79,10,1013,8.75,33,21,25,113,113,113,0,7,11.6,météo idéale
2018-06-25,31,24,17,26,31,24,0,81,10,1012,8.625,33,21,25,113,113,113,0,7,11.6,météo idéale
2018-06-26,30,24,16,25,30,24,0,81,10,1013,6.125,32,21,24,113,113,113,0,7,11.6,météo idéale
2018-06-27,30,24,15,25,30,24,0,81,10,1013,8.375,32,21,24,113,113,113,0,7,11.6,météo idéale
2018-06-28,32,24,15,25,32,24,0,80,10,1012,8.375,34,21,25,113,113,113,0,7,11.6,météo idéale
2018-06-29,30,24,18,25,30,24,0,80,10,1012,13.875,32,21,24,113,113,116,0,7,11.6,météo idéale
2018-06-30,31,24,14,25,31,24,0,80,10,1013,16,32,21,24,113,116,113,0,7,11.6,météo favorable
2018-07-01,31,24,11,25,31,24,0,77,10,1013,9,33,20,24,113,113,119,0,7,10.2,météo idéale
2018-07-02,32,25,13,25,32,25,0,79,10,1013,3.25,33,21,25,113,113,113,0,7,11.6,météo idéale
2018-07-03,31,25,15,26,31,25,0,77,10,1012,9,34,21,25,113,113,113,0,7,11.6,météo idéale
2018-07-04,31,24,17,26,31,24,0,78,10,1013,4.5,33,21,24,113,113,113,0,7,11.6,météo idéale
2018-07-05,30,23,18,25,30,23,0,81,10,1014,4.125,31,20,23,113,113,113,0,7,11.6,météo idéale
2018-07-06,30,23,16,25,30,23,0,75,10,1012,6.75,31,20,23,113,113,113,0,7,11.6,météo idéale
2018-07-07,31,24,11,25,31,24,0,70,10,1012,11.875,32,19,24,113,113,113,0,7,11.6,météo idéale
2018-07-08,31,24,13,25,31,24,0,79,10,1012,1.75,32,20,24,113,113,113,0,7,11.6,météo idéale
2018-07-09,31,24,15,25,31,24,0,80,10,1013,1.125,32,20,24,113,113,113,0,7,11.6,météo idéale
2018-07-10,30,24,14,24,30,24,0,78,10,1013,17.625,31,20,24,113,113,113,0,7,11.6,météo idéale
2018-07-11,30,24,14,24,30,24,0,78,10,1013,2.25,31,20,24,113,113,113,0,7,11.6,météo idéale
2018-07-12,31,24,12,25,31,24,0,78,10,1012,7.75,33,20,24,113,113,113,0,7,11.6,météo idéale
2018-07-13,30,23,14,25,30,23,0,76,10,1012,6.625,31,20,23,113,113,113,0,7,11.6,météo idéale
2018-07-14,30,23,13,25,30,23,0,75,10,1012,10.125,31,19,24,113,113,113,0,7,11.6,météo idéale
2018-07-15,28,23,12,25,28,23,0,78,10,1013,29.625,30,20,23,113,116,116,0,6,10.2,météo favorable
2018-07-16,29,23,12,24,29,23,0,80,10,1012,7.25,31,20,23,113,113,113,0,7,11.6,météo idéale
2018-07-17,32,24,12,25,32,24,0,77,10,1011,6.375,33,20,24,113,113,113,0,7,11.6,météo idéale
2018-07-18,32,24,8,25,32,24,0,79,10,1012,6.5,34,20,24,113,113,113,0,7,11.6,météo idéale
2018-07-19,32,25,12,25,32,25,0,80,10,1013,3.625,34,21,25,113,113,113,0,7,11.6,météo idéale
2018-07-20,33,25,9,26,33,25,0,82,10,1013,10.875,35,22,25,113,113,113,0,7,11.6,météo favorable
2018-07-21,32,25,6,27,32,25,0.1,82,10,1013,21.625,35,23,25,113,116,113,0,7,11.6,météo favorable
2018-07-22,32,25,9,26,32,25,0,79,10,1014,13.75,35,22,25,113,113,113,0,7,11.6,météo favorable
2018-07-23,31,24,14,26,31,24,0,78,10,1013,5.125,33,21,24,113,113,113,0,7,11.6,météo idéale
2018-07-24,31,23,17,25,31,23,0,56,10,1013,2.75,30,20,23,113,113,113,0,7,11.6,météo idéale
2018-07-25,32,24,10,25,32,24,0,75,10,1013,9,33,20,25,113,113,113,0,7,11.6,météo idéale
2018-07-26,31,24,10,26,31,24,0,81,10,1013,5.25,33,21,24,113,113,113,0,7,11.6,météo idéale
2018-07-27,30,25,12,25,30,25,0,81,10,1013,7.875,33,21,25,113,113,113,0,7,11.6,météo idéale
2018-07-28,30,24,13,26,29,24,0,83,10,1013,11.375,32,21,24,113,116,113,0,7,11.6,météo favorable
2018-07-29,31,24,12,25,31,24,0,80,10,1013,4.75,32,21,24,113,113,113,0,7,11.6,météo idéale
2018-07-30,32,25,8,26,32,25,0,80,10,1013,8.875,35,21,25,113,113,113,0,7,11.6,météo favorable
2018-07-31,32,24,6,26,32,24,0.1,79,10,1013,18.875,34,21,25,113,113,116,0,7,11.6,météo idéale
2018-08-01,30,24,13,25,30,24,0.1,81,10,1015,14.625,32,21,24,113,113,113,0,7,11.6,météo idéale
2018-08-02,30,22,15,25,30,22,0,75,10,1015,9.25,30,19,22,113,116,113,0,6,11.6,météo favorable
2018-08-03,30,23,14,23,30,23,0,81,10,1015,3.5,31,19,23,113,113,113,0,6,11.6,météo idéale
2018-08-04,29,23,12,24,29,23,0.1,83,10,1014,7.375,31,20,23,113,113,116,0,6,11.6,météo idéale
2018-08-05,30,23,14,24,30,23,0.2,80,10,1014,9.625,31,20,23,113,113,113,0,6,11.6,météo idéale
2018-08-06,29,23,16,24,29,23,0.2,82,10,1014,12.375,31,20,23,113,113,116,0,6,11.6,météo idéale
2018-08-07,31,24,12,25,31,24,0,80,10,1013,7.25,32,20,24,113,113,113,0,7,11.6,météo idéale
2018-08-08,31,25,14,25,31,25,0,79,10,1012,7.375,33,21,25,113,113,113,0,7,11.6,météo idéale
2018-08-09,32,25,10,26,32,25,0,77,10,1014,6.625,34,21,25,113,113,113,0,7,11.6,météo idéale
2018-08-10,31,24,11,26,31,24,0,81,10,1014,13.75,34,21,24,113,113,113,0,7,11.6,météo idéale
2018-08-11,30,24,15,25,30,24,0,78,10,1014,10.625,32,20,24,116,113,113,0,7,11.6,météo idéale
2018-08-12,31,24,14,25,31,24,0,75,10,1013,7.875,32,20,24,116,113,113,0,7,11.6,météo idéale
2018-08-13,32,24,11,25,32,24,0,76,10,1014,3.375,33,21,25,113,113,113,0,7,11.6,météo idéale
2018-08-14,31,24,13,25,31,24,0,79,10,1014,2.875,32,20,24,113,113,113,0,7,11.6,météo idéale
2018-08-15,30,24,11,25,30,24,0,78,10,1014,12.375,31,20,24,113,113,116,0,7,11.6,météo idéale
2018-08-16,31,23,8,25,31,23,0.1,81,10,1012,21,33,20,23,113,113,116,0,7,11.6,météo idéale
2018-08-17,31,23,8,25,31,23,0.1,81,10,1012,16.375,33,20,23,113,116,116,0,7,11.6,météo favorable
2018-08-18,31,24,11,25,31,24,0,79,10,1013,19.875,32,20,24,113,113,122,0,7,10.2,météo idéale
2018-08-19,32,25,9,25,32,25,0,77,10,1013,7.125,33,20,25,113,113,113,0,7,11.6,météo idéale
2018-08-20,32,25,8,25,32,25,0,79,10,1013,10.125,34,21,25,113,113,113,0,7,11.6,météo idéale
2018-08-21,32,24,7,26,32,24,0,73,10,1013,19.25,33,21,25,113,116,116,0,7,11.6,météo favorable
2018-08-22,31,24,11,26,31,24,0,76,10,1013,7.125,32,20,24,113,113,113,0,7,11.6,météo idéale
2018-08-23,32,24,11,26,32,24,0,78,10,1014,18.375,34,20,24,113,116,116,0,7,11.6,météo favorable
2018-08-24,30,24,12,25,30,24,0,72,10,1014,2.5,31,18,24,113,113,113,0,7,11.6,météo idéale
2018-08-25,32,24,8,25,32,24,0,74,10,1013,1.5,33,20,25,113,113,113,0,7,11.6,météo idéale
2018-08-26,31,25,9,26,31,25,0,75,10,1013,9.125,33,20,25,113,113,113,0,7,11.6,météo idéale
2018-08-27,32,24,8,26,32,24,0,81,10,1013,6.875,34,22,25,113,113,113,0,7,11.6,météo idéale
2018-08-28,33,24,5,27,33,24,0,80,10,1014,16.125,36,21,25,113,116,113,0,7,11.6,météo favorable
2018-08-29,32,25,7,28,32,25,0,79,10,1014,11.75,35,21,25,113,113,113,0,7,11.6,météo favorable
2018-08-30,31,24,8,26,31,24,0,84,10,1013,18.5,34,21,24,113,116,116,0,7,11.6,météo favorable
2018-08-31,31,25,10,26,31,25,0,81,10,1014,9.875,33,21,25,113,113,113,0,7,11.6,météo idéale
2018-09-01,30,24,15,27,30,24,0.1,81,10,1014,17.25,33,21,25,113,113,113,0,7,11.6,météo idéale
2018-09-02,31,23,13,26,31,23,0,80,10,1014,3,33,20,23,113,113,113,0,7,11.6,météo idéale
2018-09-03,31,24,13,25,31,24,0,83,10,1014,8.625,33,21,24,113,113,113,0,7,11.6,météo idéale
2018-09-04,31,25,13,26,31,25,0,81,10,1014,13,34,21,25,113,113,113,0,7,11.6,météo idéale
2018-09-05,31,24,13,26,31,24,0,74,10,1013,12.5,33,21,24,113,113,113,0,7,11.6,météo idéale
2018-09-06,32,25,11,26,32,25,0,77,10,1013,10.625,34,21,25,113,113,113,0,7,11.6,météo idéale
2018-09-07,33,25,9,27,33,25,0,78,10,1013,7,35,21,25,113,113,113,0,7,11.6,météo favorable
2018-09-08,32,25,15,27,32,25,0,64,10,1013,1,33,20,25,113,113,113,0,7,11.6,météo idéale
2018-09-09,35,25,12,27,35,25,0,77,10,1014,3.625,36,21,26,113,113,113,0,7,11.6,météo favorable
2018-09-10,34,25,10,27,34,25,0,73,10,1015,1.375,35,20,25,113,113,113,0,7,11.6,météo favorable
2018-09-11,33,25,15,28,33,25,0,72,10,1015,5.75,34,20,25,113,113,113,0,7,11.6,météo idéale
2018-09-12,34,24,11,27,34,24,0,69,10,1013,3,32,19,24,113,113,113,0,7,11.6,météo idéale
2018-09-13,33,24,10,26,33,24,0,71,10,1013,4.25,33,18,24,113,113,113,0,7,11.6,météo idéale
2018-09-14,31,24,12,26,31,24,0.1,73,10,1014,15.5,32,19,24,113,113,122,0,7,10.2,météo idéale
2018-09-15,33,25,10,26,33,25,0,74,10,1014,17.125,34,20,25,113,113,116,0,7,11.6,météo idéale
2018-09-16,34,25,9,27,34,25,0,71,10,1012,6.875,35,21,26,113,113,113,0,7,11.6,météo favorable
2018-09-17,34,25,11,28,34,25,0,71,10,1012,9.25,35,20,26,113,113,113,0,7,11.6,météo favorable
2018-09-18,34,25,9,28,34,25,0,74,10,1013,6.875,35,21,26,113,113,113,0,7,11.6,météo favorable
2018-09-19,34,25,9,28,34,25,0,71,10,1012,5,35,21,26,113,113,113,0,7,11.6,météo favorable
2018-09-20,33,26,9,28,33,26,0,72,10,1013,15.875,35,21,26,113,116,113,0,7,12.1,météo favorable
2018-09-21,34,25,10,27,34,25,0,70,10,1014,8.5,35,20,25,113,113,113,0,7,12.1,météo favorable
2018-09-22,34,25,12,29,34,25,0,69,10,1015,2.875,34,20,27,113,113,113,0,7,12.5,météo idéale
2018-09-23,34,26,10,28,34,26,0,74,10,1015,6.125,35,21,26,113,113,113,0,7,12.5,météo favorable
2018-09-24,34,26,9,29,34,26,0,70,10,1014,8.5,36,21,26,113,113,113,0,7,12.5,météo favorable
2018-09-25,35,25,9,28,35,25,0,68,10,1013,1.5,35,21,25,113,113,113,0,7,12.5,météo favorable
2018-09-26,34,24,12,28,34,24,0,64,10,1013,0.125,34,19,25,113,113,113,0,7,12.5,météo idéale
2018-09-27,34,25,10,28,34,25,0,66,10,1013,6,34,19,25,113,113,113,0,7,12.5,météo idéale
2018-09-28,33,25,12,29,33,25,0,72,10,1012,10.75,35,20,26,113,113,113,0,7,12.5,météo favorable
2018-09-29,33,26,12,29,33,26,0,74,10,1012,5.625,35,21,26,113,113,113,0,7,12.5,météo favorable
2018-09-30,34,26,9,29,34,26,0,71,10,1012,1.75,36,21,27,113,113,113,0,7,12.5,météo favorable
2018-10-01,33,26,12,29,33,26,0,74,10,1012,4.875,35,22,26,113,113,113,0,7,12.5,météo favorable
2018-10-02,34,26,11,28,33,26,0,69,10,1012,0,34,21,26,113,113,113,0,7,12.5,météo idéale
2018-10-03,33,25,11,27,33,25,0,69,10,1013,3.375,34,20,26,113,113,113,0,7,12.5,météo idéale
2018-10-04,33,26,12,29,33,26,0,70,10,1013,3.25,34,21,27,113,113,113,0,7,12.5,météo idéale
2018-10-05,35,26,14,29,35,26,0,72,10,1013,3.875,36,21,27,113,113,113,0,7,12.5,météo favorable
2018-10-06,35,27,12,29,35,27,0,69,10,1013,9.875,37,22,27,113,113,113,0,7,12.5,météo favorable
2018-10-07,34,26,12,28,33,26,0,71,10,1013,7.5,36,22,26,113,113,113,0,7,12.5,météo favorable
2018-10-08,35,26,13,29,35,26,0,66,10,1012,2.25,35,21,26,113,113,113,0,7,12.5,météo favorable
2018-10-09,35,26,12,29,35,26,0,68,10,1012,2,36,20,26,113,113,113,0,7,12.6,météo favorable
2018-10-10,34,26,9,29,34,26,0,71,10,1011,2.25,36,21,27,113,113,113,0,7,12.6,météo favorable
2018-10-11,35,26,10,29,34,26,0,69,10,1012,3.375,36,21,26,113,113,113,0,7,12.6,météo favorable
2018-10-12,34,26,11,29,34,26,0,73,10,1012,1.625,36,21,27,113,113,113,0,7,12.6,météo favorable
2018-10-13,34,26,10,29,34,26,0,74,10,1013,4.375,36,21,26,113,113,113,0,7,12.6,météo favorable
2018-10-14,34,26,9,29,34,26,0,73,10,1013,3.75,36,21,26,113,113,113,0,7,12.6,météo favorable
2018-10-15,34,26,17,28,34,26,0,77,10,1014,6.25,36,22,26,113,113,113,0,7,12.6,météo favorable
2018-10-16,35,26,13,28,35,26,0,75,10,1013,6,37,21,26,113,113,113,0,7,12.6,météo favorable
2018-10-17,35,26,9,29,35,26,0,73,10,1012,6,37,21,26,113,113,113,0,7,12.6,météo favorable
2018-10-18,34,26,12,29,34,26,0,75,10,1013,6.75,36,21,26,113,113,113,0,7,12.6,météo favorable
2018-10-19,33,26,14,28,33,26,0,74,10,1014,2.75,35,21,26,113,113,113,0,7,12.6,météo favorable
2018-10-20,33,26,10,29,33,26,0,79,10,1014,2.5,37,22,26,113,113,113,0,7,12.6,météo favorable
2018-10-21,35,26,12,28,35,26,0,75,10,1014,10.375,37,22,27,113,113,113,0,7,12.6,météo favorable
2018-10-22,35,26,8,29,35,26,0.2,76,10,1014,10.625,39,22,27,113,113,113,0,7,12.6,météo favorable
2018-10-23,35,26,8,30,35,26,0,75,10,1013,7,38,22,26,113,113,113,0,7,12.6,météo favorable
2018-10-24,35,26,11,31,35,26,0,69,10,1013,6,36,21,27,113,113,113,0,7,12.6,météo favorable
2018-10-25,35,26,11,30,35,26,0,76,10,1014,4.375,37,22,26,113,113,113,0,7,12.6,météo favorable
2018-10-26,34,26,12,29,34,26,0,76,10,1015,4.375,37,22,26,113,113,113,0,7,12.6,météo favorable
2018-10-27,33,26,12,29,33,26,0,76,10,1014,5.5,36,21,26,113,113,113,0,7,12.6,météo favorable
2018-10-28,34,26,9,29,34,26,0,75,10,1013,8.5,37,21,26,113,116,113,0,7,12.6,météo favorable
2018-10-29,35,26,11,28,35,26,0,71,10,1012,1.625,37,21,26,113,113,113,0,7,12.6,météo favorable
2018-10-30,35,26,13,29,35,26,0,68,10,1011,1,36,20,26,113,113,113,0,7,12.6,météo favorable
2018-10-31,33,26,9,29,33,26,0,73,10,1011,9.375,36,21,27,113,113,113,0,7,12.6,météo favorable
2018-11-01,35,27,12,29,35,27,0,72,10,1012,11.75,36,22,27,113,113,113,0,7,12.7,météo favorable
2018-11-02,36,27,10,30,36,27,0,72,10,1012,14.25,39,22,27,113,116,113,0,7,12.7,météo favorable
2018-11-03,35,27,12,30,35,27,0.1,74,10,1012,11.625,39,22,27,113,113,113,0,7,12.7,météo favorable
2018-11-04,35,27,8,30,35,27,0,75,10,1011,10.875,40,23,27,113,113,113,0,7,12.7,météo correcte
2018-11-05,35,27,11,30,34,27,0,77,10,1011,13.875,38,23,27,113,116,113,0,7,12.7,météo favorable
2018-11-06,34,27,8,29,34,27,1.2,78,9.625,1010,20,39,23,27,113,116,113,0,7,12.7,météo favorable
2018-11-07,35,27,8,29,35,27,0,73,10,1010,18,39,22,27,113,116,113,0,7,12.7,météo favorable
2018-11-08,34,27,14,30,33,27,0,73,10,1010,16.375,38,22,27,113,113,113,0,7,12.7,météo favorable
2018-11-09,36,27,8,30,36,27,0,71,10,1010,12.5,40,22,27,113,113,113,0,7,12.7,météo correcte
2018-11-10,36,27,13,30,36,27,0.1,75,10,1010,5.125,38,23,27,113,113,113,0,7,12.7,météo favorable
2018-11-11,35,27,8,30,35,27,0,74,10,1010,15.875,39,23,27,113,113,116,0,7,12.7,météo favorable
2018-11-12,34,27,9,29,34,27,0,76,10,1011,19.875,39,22,27,113,116,113,0,7,12.7,météo favorable
2018-11-13,34,27,8,29,34,27,0,77,10,1010,10.75,38,23,27,113,113,113,0,7,12.7,météo favorable
2018-11-14,35,27,10,30,35,27,0.2,76,9.875,1010,9.375,39,23,27,113,113,113,0,7,12.7,météo favorable
2018-11-15,34,27,13,30,34,27,0.4,76,10,1012,12.125,39,23,27,113,113,113,0,7,12.7,météo favorable
2018-11-16,36,28,9,30,36,28,0,75,10,1012,14.625,40,23,28,113,113,113,0,7,12.7,météo correcte
2018-11-17,35,27,9,31,35,27,0,76,10,1012,9.625,39,23,28,113,113,113,0,7,12.7,météo favorable
2018-11-18,35,27,13,32,33,27,0.1,76,10,1012,15,38,24,27,113,113,116,0,7,12.7,météo favorable
2018-11-19,35,27,14,32,33,27,0,75,10,1012,10.25,40,24,27,113,113,116,0,7,12.7,météo correcte
2018-11-20,35,26,13,32,33,26,0,73,10,1012,6,38,24,27,113,113,113,0,7,12.7,météo favorable
2018-11-21,35,27,7,32,33,27,0,73,10,1011,9.875,38,23,27,113,116,113,0,7,12.7,météo favorable
2018-11-22,37,27,9,30,37,27,0,74,10,1012,20,42,22,27,113,116,113,0,7,12.7,météo correcte
2018-11-23,34,26,10,29,32,26,0,75,10,1013,18.625,38,22,26,113,116,113,0,7,12.7,météo favorable
2018-11-24,33,27,8,29,33,27,0.1,75,10,1013,24,37,22,27,113,116,113,0,7,12.7,météo favorable
2018-11-25,33,26,9,29,33,26,0,78,10,1013,24.375,37,22,26,116,113,113,0,7,12.7,météo favorable
2018-11-26,34,26,14,29,32,26,0,76,10,1013,25.5,38,22,26,113,116,116,0,7,12.7,météo favorable
2018-11-27,34,26,9,30,33,26,0.4,75,9.875,1013,35.125,38,22,27,116,113,116,0,7,12.8,météo favorable
2018-11-28,33,26,8,30,33,26,0.6,80,9.25,1013,44,37,23,26,116,119,116,0,7,12.8,météo correcte
2018-11-29,35,27,10,31,34,27,0,78,10,1012,39.875,41,23,27,116,119,116,0,7,12.8,météo correcte
2018-11-30,33,27,7,30,32,27,1.1,75,9.75,1012,33.25,37,23,27,116,116,116,0,7,12.8,météo favorable
2018-12-01,31,25,8,29,29,25,24.3,86,7.5,1011,39.5,36,24,25,113,116,116,0,6,12.8,météo très défavorable
2018-12-02,31,26,6,29,30,26,1.6,78,10,1010,44.5,34,22,26,116,119,116,0,7,11.9,météo correcte
2018-12-03,32,26,9,29,30,26,11.3,86,9,1011,40.5,37,24,26,116,116,116,0,7,12.8,météo correcte
2018-12-04,35,27,7,28,35,27,0.1,76,10,1011,19.75,42,23,27,113,113,113,0,7,12.8,météo correcte
2018-12-05,35,27,5,30,35,27,0,76,10,1010,22.5,41,23,27,113,113,113,0,7,12.8,météo correcte
2018-12-06,36,28,7,30,36,28,0,78,10,1009,12.75,44,24,28,113,113,113,0,7,12.8,météo défavorable
2018-12-07,35,28,7,29,35,28,0,78,10,1009,16,43,24,28,113,113,113,0,7,12.8,météo correcte
2018-12-08,35,28,8,31,34,28,0,74,10,1010,8.625,40,23,28,113,113,113,0,7,12.8,météo correcte
2018-12-09,34,27,10,31,33,27,0,76,10,1010,9.5,39,24,28,113,113,113,0,7,12.8,météo favorable
2018-12-10,34,27,8,31,34,27,0,77,10,1009,13.25,39,24,28,113,113,116,0,7,12.8,météo favorable
2018-12-11,34,28,7,31,33,28,0.4,73,9.875,1010,23.625,39,24,28,113,113,116,0,7,12.8,météo favorable
2018-12-12,34,27,11,31,33,27,0,78,10,1010,17.75,38,24,27,113,113,113,0,7,12.8,météo favorable
2018-12-13,33,27,14,30,32,27,0.1,76,10,1010,8.75,37,24,27,113,113,113,0,7,12.8,météo favorable
2018-12-14,32,27,14,30,32,27,0.3,76,9.875,1010,10.75,37,24,27,113,113,113,0,7,12.8,météo favorable
2018-12-15,34,27,11,31,33,27,0.7,80,9.875,1011,23,39,23,27,113,113,116,0,7,12.8,météo favorable
2018-12-16,34,26,6,28,34,26,0,75,10,1012,50.375,39,23,27,116,119,116,0,7,12.8,météo correcte
2018-12-17,34,26,10,29,34,26,0.6,81,10,1012,35.75,39,23,26,116,119,113,0,7,12.8,météo correcte
2018-12-18,33,27,7,30,33,27,0,76,10,1012,19.875,37,23,27,113,116,113,0,7,12.8,météo favorable
2018-12-19,32,26,8,28,31,26,0,77,10,1012,28.375,36,22,26,113,116,116,0,7,12.8,météo favorable
2018-12-20,34,26,7,28,34,26,0,74,10,1013,36,40,22,26,116,116,116,0,7,12.8,météo correcte
2018-12-21,34,26,12,29,32,26,1.9,76,9.75,1011,20.625,37,23,27,113,113,113,0,7,12.8,météo favorable
2018-12-22,34,26,10,30,32,26,8.2,83,9.125,1010,20.75,40,24,26,113,116,113,0,7,12.8,météo correcte
2018-12-23,35,27,8,29,34,27,0,73,10,1009,40.625,42,23,27,116,116,116,0,7,12.8,météo correcte
2018-12-24,32,25,10,27,31,25,0.8,86,10,1009,54.625,36,23,25,119,116,116,0,7,11.9,météo favorable
2018-12-25,31,26,5,27,31,26,1.1,74,9.625,1010,40.375,35,24,26,116,116,116,0,7,12.8,météo favorable
2018-12-26,33,27,10,29,33,27,0,76,10,1009,14.125,39,23,27,113,113,113,0,7,12.8,météo favorable
2018-12-27,34,26,10,30,32,26,8.9,84,9.25,1008,26.25,40,24,27,113,116,119,0,7,12.8,météo correcte
2018-12-28,33,26,8,27,33,26,3.2,79,9,1008,43.875,38,23,26,116,116,116,0,7,12.8,météo favorable
2018-12-29,28,25,6,26,28,25,1,78,8.75,1009,37,31,23,25,116,116,113,0,7,12.8,météo favorable
2018-12-30,31,26,12,28,31,26,0.9,80,9.875,1010,20.625,34,22,26,113,116,116,0,7,12.8,météo favorable
2018-12-31,31,26,14,29,30,26,1,84,9.75,1010,31.5,35,23,26,113,116,116,0,7,12.8,météo favorable
2019-01-01,30,27,11,27,30,27,5.4,83,9.75,1011,67.25,35,24,27,176,353,116,0,6,9.3,météo défavorable
2019-01-02,31,27,13,26,31,27,12.1,83,9.375,1010,73.625,35,24,27,176,353,353,0,6,8,météo défavorable
2019-01-03,27,25,5,26,26,25,55.5,95,8,1012,71.875,31,24,25,116,293,305,0,6,10.6,météo très défavorable
2019-01-04,30,27,14,25,30,27,1.3,80,8.875,1013,48.875,34,24,27,116,116,116,0,6,11.9,météo favorable
2019-01-05,30,28,10,26,30,28,1.1,76,9.625,1013,56.375,34,23,28,116,176,116,0,6,11.9,météo correcte
2019-01-06,32,28,8,26,32,28,20.4,78,8.625,1012,63,37,24,28,116,353,359,0,8,10.6,météo très défavorable
2019-01-07,33,30,4,26,33,30,5.5,70,9.375,1012,58.375,38,24,30,116,353,176,0,7,10.6,météo correcte
2019-01-08,33,29,6,26,33,29,1.7,72,9.875,1011,43.5,39,24,29,116,119,116,0,8,11.9,météo correcte
2019-01-09,33,29,10,27,33,29,0.2,74,9.875,1011,19.375,38,24,29,116,116,116,0,8,12.8,météo favorable
2019-01-10,32,28,11,27,32,28,0.5,77,10,1011,20.5,37,24,28,116,116,116,0,8,12.8,météo favorable
2019-01-11,32,28,9,27,32,28,1,77,9.875,1010,38.5,38,24,28,116,116,116,0,8,12.8,météo favorable
2019-01-12,33,29,8,27,33,29,2.9,72,9.5,1011,55.75,39,24,29,116,116,116,0,7,11.9,météo correcte
2019-01-13,33,30,8,27,33,30,0.2,69,10,1010,18.625,38,24,30,116,116,116,0,8,12.4,météo favorable
2019-01-14,32,29,8,27,32,29,4.8,74,9.25,1008,58.125,37,24,29,176,116,116,0,7,11.8,météo correcte
2019-01-15,32,28,8,27,32,28,5.5,75,8.875,1008,55.5,36,24,28,116,116,263,0,8,8.9,météo correcte
2019-01-16,32,28,10,27,32,28,6.3,78,9.125,1008,63.75,36,23,28,116,116,356,0,8,8.9,météo correcte
2019-01-17,33,28,9,26,33,28,5.2,76,9.75,1009,69.75,38,23,28,176,353,176,0,7,7.5,météo défavorable
2019-01-18,31,26,9,26,31,26,10,87,9.125,1009,62.25,36,24,26,116,353,356,0,7,7.5,météo correcte
2019-01-19,30,28,7,26,30,28,6,77,9,1009,71.75,36,24,28,263,176,176,0,6,6.2,météo défavorable
2019-01-20,31,28,8,26,31,28,6.2,80,9.5,1009,50.25,36,24,28,116,353,356,0,6,8.9,météo correcte
2019-01-21,33,29,4,26,33,29,8.3,74,9.25,1009,47.375,39,24,29,116,353,356,0,8,8.9,météo correcte
2019-01-22,31,28,7,27,31,28,8.8,80,9.125,1008,75,37,24,28,176,356,176,0,6,6.2,météo défavorable
2019-01-23,27,26,14,26,26,26,20.7,87,8.125,1008,69.375,30,23,26,299,302,116,0,6,7.5,météo très défavorable
2019-01-24,31,28,16,26,31,29,0.6,68,10,1008,65.875,35,22,28,176,116,176,0,6,8.9,météo défavorable
2019-01-25,31,28,15,26,31,28,0.3,74,9.875,1009,51.625,35,23,28,116,116,116,0,7,8.9,météo favorable
2019-01-26,31,28,16,26,31,28,1.8,81,9.875,1009,62.375,36,25,28,119,116,116,0,7,7.5,météo correcte
2019-01-27,28,27,22,26,28,27,6.9,83,9.875,1009,75.5,33,24,27,116,353,353,0,6,7.5,météo défavorable
2019-01-28,29,27,15,26,29,27,8,83,9.75,1011,72.25,34,24,27,119,353,116,0,6,6.2,météo défavorable
2019-01-29,29,27,12,26,29,27,4.1,82,8.875,1012,63.375,34,24,27,119,353,116,0,7,8.9,météo correcte
2019-01-30,31,28,9,26,31,28,4.4,82,10,1012,45.125,36,24,28,116,353,353,0,7,8.9,météo correcte
2019-01-31,31,28,9,26,31,28,12.8,75,8.625,1012,55.125,37,24,28,116,356,356,0,7,7.5,météo correcte
2019-02-01,32,28,9,26,32,28,3.6,75,9.5,1011,41.875,36,23,28,116,116,176,0,8,10.2,météo favorable
2019-02-02,32,28,9,26,32,28,4.4,77,9.75,1011,45,36,24,28,116,116,353,0,7,8.9,météo favorable
2019-02-03,32,29,10,26,32,29,2.9,73,9.75,1011,53.25,37,24,29,116,176,353,0,8,7.5,météo favorable
2019-02-04,32,29,9,26,32,29,7.9,76,9.125,1011,48.5,38,24,29,116,176,356,0,8,8.9,météo favorable
2019-02-05,32,28,12,27,32,28,1.2,74,12,1010,37.875,37,23,28,116,116,353,0,8,10.2,météo favorable
2019-02-06,31,28,11,26,31,28,1.8,78,9.875,1011,52.125,36,24,28,116,116,176,0,7,8.9,météo favorable
2019-02-07,33,29,9,26,33,29,5.4,73,9.5,1011,59.5,37,23,29,116,116,356,0,8,8.9,météo correcte
2019-02-08,33,29,6,26,33,29,2.8,71,9.5,1012,64,38,24,29,176,116,116,0,8,7.5,météo correcte
2019-02-09,34,29,9,26,34,29,0.5,70,14.5,1013,36.375,39,24,29,116,116,119,0,8,10.2,météo favorable
2019-02-10,32,29,8,27,32,29,1.3,72,13.875,1013,50.125,38,24,29,116,116,353,0,8,8.9,météo favorable
2019-02-11,32,29,7,26,32,29,2.4,73,12.125,1013,50.5,38,24,29,116,116,176,0,8,8.9,météo favorable
2019-02-12,31,27,8,26,31,27,14.4,81,11.75,1013,70.75,36,24,27,176,356,299,0,6,6.1,météo défavorable
2019-02-13,28,26,8,26,28,26,8.1,88,10.875,1014,65.5,32,24,26,116,299,116,0,6,7.5,météo défavorable
2019-02-14,30,28,8,26,30,28,13.8,79,11.375,1014,67.125,35,24,28,116,356,356,0,7,7.5,météo défavorable
2019-02-15,33,29,6,25,33,29,5.3,71,12.75,1013,48.875,38,23,29,116,116,176,0,7,10.2,météo favorable
2019-02-16,32,29,8,26,32,29,1.2,73,12.75,1013,42.25,37,24,29,116,176,176,0,8,8.9,météo favorable
2019-02-17,31,28,10,26,31,28,0.4,77,13.625,1013,30.5,36,24,28,116,116,116,0,6,11.6,météo favorable
2019-02-18,31,28,9,26,31,28,15.1,78,12.25,1013,57.75,36,24,28,116,356,356,0,7,7.5,météo défavorable
2019-02-19,30,27,9,26,30,27,16.2,84,9.125,1013,79,36,24,27,176,353,263,0,6,6.1,météo très défavorable
2019-02-20,32,28,10,26,32,28,4.8,78,9.5,1014,79.375,37,24,28,176,176,353,0,7,6.1,météo défavorable
2019-02-21,32,28,9,26,32,28,20.2,77,8.5,1014,77.125,38,24,28,176,356,356,0,7,6.1,météo très défavorable
2019-02-22,33,29,6,26,33,29,20.1,75,7.875,1013,71.75,39,24,29,176,356,356,0,7,6.1,météo très défavorable
2019-02-23,33,29,7,26,33,29,5.1,71,14.375,1011,43.25,38,24,29,116,116,176,0,7,10.2,météo favorable
2019-02-24,33,29,10,26,33,29,0.3,75,11,1011,17.125,39,24,29,116,116,116,0,8,11.6,météo favorable
2019-02-25,33,29,9,27,33,29,3.2,71,9.875,1012,59.625,38,24,29,116,176,299,0,8,7.5,météo correcte
2019-02-26,33,30,8,26,33,30,0.3,72,10,1011,23.125,38,24,30,116,116,116,0,8,11.6,météo favorable
2019-02-27,33,30,7,27,33,30,5.5,71,9.375,1010,46.75,40,24,30,116,176,176,0,8,7.5,météo correcte
2019-02-28,35,30,6,27,35,30,7.1,69,9,1010,70.5,41,24,30,116,176,176,0,7,7.5,météo défavorable
2019-03-01,33,29,11,26,33,29,0.5,71,10,1010,46.25,38,24,29,116,176,176,0,7,8.8,météo favorable
2019-03-02,33,29,8,26,33,29,6.6,77,9.375,1010,62.75,38,24,29,116,176,356,0,7,7.5,météo correcte
2019-03-03,33,29,10,26,33,29,2,72,9.75,1010,63.125,38,24,29,116,116,176,0,7,8.8,météo correcte
2019-03-04,32,28,8,26,32,28,2.1,74,9.25,1009,80.125,37,23,28,176,176,176,0,7,6.1,météo défavorable
2019-03-05,33,29,11,26,33,29,0.2,76,9.875,1009,25.625,39,24,29,116,116,116,0,8,11.6,météo favorable
2019-03-06,31,28,10,26,31,28,7.2,78,9.25,1010,54.375,36,24,28,116,356,176,0,7,7.5,météo correcte
2019-03-07,27,24,9,26,26,24,35.7,94,8,1011,73.75,31,24,24,176,305,305,0,6,6.1,météo très défavorable
2019-03-08,29,27,6,25,29,27,11.7,85,8.75,1012,81,34,24,27,296,263,353,0,6,6.1,météo défavorable
2019-03-09,31,27,4,24,31,28,24.8,79,7.625,1012,68.375,38,25,27,293,359,356,0,6,6.1,météo très défavorable
2019-03-10,33,29,9,26,33,29,1,72,10,1012,53.875,39,23,29,116,176,116,0,7,8.8,météo favorable
2019-03-11,33,28,8,26,33,28,1.8,72,9.625,1012,77,37,23,28,176,176,176,0,7,6.1,météo défavorable
2019-03-12,31,27,8,26,31,27,2.2,78,9.5,1012,53.875,36,24,27,116,176,116,0,6,8.8,météo favorable
2019-03-13,33,29,4,25,33,29,8.9,74,9.25,1012,50.5,40,25,29,116,353,176,0,8,7.4,météo correcte
2019-03-14,33,28,5,25,33,29,5.4,75,9.125,1013,59,39,24,28,263,353,353,0,8,7.4,météo correcte
2019-03-15,32,28,6,26,32,28,11.7,76,9.125,1011,70.75,38,24,28,176,356,353,0,7,7.4,météo défavorable
2019-03-16,30,27,3,25,30,27,7.2,78,9.625,1010,64.875,35,24,27,176,293,353,0,6,8.8,météo correcte
2019-03-17,31,26,7,25,31,26,24.3,91,11.25,1010,69.75,36,24,26,263,356,359,0,6,7.4,météo très défavorable
2019-03-18,29,27,11,24,29,27,12.4,87,15.5,1011,80.25,34,25,27,176,356,356,0,6,6,météo défavorable
2019-03-19,29,27,14,25,29,27,2.9,82,10.375,1009,64.875,33,24,27,176,176,116,0,6,7.4,météo correcte
2019-03-20,30,27,18,25,30,27,1.3,78,9.625,1009,48.375,34,23,27,176,116,116,0,6,11.6,météo favorable
2019-03-21,30,28,16,26,30,28,0.8,79,9.875,1010,50.875,35,24,28,116,116,116,0,7,8.8,météo favorable
2019-03-22,30,28,15,26,30,28,4.6,80,9.625,1010,67.75,35,24,28,356,119,176,0,7,6,météo défavorable
2019-03-23,29,27,14,26,29,27,1.6,82,9.875,1009,61.125,34,24,27,176,353,353,0,6,8.8,météo correcte
2019-03-24,28,26,10,26,28,26,8.9,90,8.25,1009,59.875,32,25,26,356,293,263,0,7,8.8,météo correcte
2019-03-25,30,27,9,25,30,27,9.7,86,7,1011,52.125,36,25,27,116,176,356,0,6,7.4,météo correcte
2019-03-26,32,28,7,26,32,28,5.5,81,9.5,1012,53.5,37,24,28,116,176,356,0,7,7.4,météo favorable
2019-03-27,31,27,5,26,31,27,38.6,87,6.875,1013,65.625,39,26,27,176,359,359,0,6,7.4,météo très défavorable
2019-03-28,32,28,7,25,32,28,9.9,79,14.125,1012,41.75,36,24,28,116,116,356,0,6,10.2,météo correcte
2019-03-29,32,28,7,26,32,28,0.6,79,19,1011,44.125,37,24,28,116,116,116,0,6,11.6,météo favorable
2019-03-30,32,29,6,26,32,29,1.2,74,18.625,1011,54.5,37,24,29,116,116,176,0,8,10.2,météo favorable
2019-03-31,32,29,8,25,32,29,1.8,75,10.625,1011,29.75,37,24,29,116,116,116,0,8,11.6,météo favorable
2019-04-01,32,28,6,25,32,28,3.8,76,9.625,1012,35.375,37,23,28,116,176,176,0,8,8.8,météo favorable
2019-04-02,32,28,6,25,32,28,3.6,76,9.5,1012,56.625,37,24,28,116,176,176,0,7,8.8,météo correcte
2019-04-03,32,28,8,25,32,28,6.6,76,9.125,1012,61.625,36,24,28,116,176,356,0,6,7.4,météo correcte
2019-04-04,32,28,5,26,32,28,12.5,81,9,1012,74.25,39,25,28,176,176,176,0,7,6,météo défavorable
2019-04-05,31,28,6,26,30,28,14.7,79,9,1011,79.125,37,25,28,176,356,176,0,6,6,météo défavorable
2019-04-06,32,28,5,25,32,28,16,80,8.875,1012,74.25,38,25,28,176,356,356,0,6,6,météo très défavorable
2019-04-07,32,28,10,25,32,28,0,73,10,1011,13.75,34,23,28,116,116,116,0,7,11.6,météo favorable
2019-04-08,32,28,11,25,32,28,0.1,80,10,1010,18,35,24,28,116,116,176,0,8,11.6,météo favorable
2019-04-09,32,28,8,26,32,28,4,77,9.5,1010,47.875,39,25,28,116,176,176,0,7,7.4,météo favorable
2019-04-10,33,29,5,26,33,29,3.9,77,9.375,1010,76.875,39,24,29,176,299,176,0,7,6,météo défavorable
2019-04-11,32,28,9,26,32,28,1.7,77,9.5,1010,56,38,24,28,116,116,176,0,7,8.8,météo correcte
2019-04-12,32,29,8,26,32,29,2,75,9.375,1010,60.125,37,24,29,116,116,176,0,7,10.2,météo correcte
2019-04-13,33,29,6,26,33,29,11.9,78,8.75,1011,64.875,39,25,29,116,116,356,0,7,10.2,météo correcte
2019-04-14,32,28,8,26,32,28,25.4,81,8,1011,68.125,37,25,28,116,353,359,0,6,8.8,météo très défavorable
2019-04-15,32,28,9,26,32,28,2.2,75,9.375,1011,64.25,37,24,28,116,176,176,0,7,7.4,météo correcte
2019-04-16,33,29,7,26,33,29,0.8,75,9.625,1011,55.5,38,24,29,116,176,176,0,7,8.8,météo correcte
2019-04-17,32,29,8,26,32,29,0.4,75,9.875,1012,36.75,38,24,29,116,116,116,0,8,10.2,météo favorable
2019-04-18,32,29,11,26,32,29,0,70,10,1012,4.25,36,23,29,116,116,116,0,8,11.6,météo favorable
2019-04-19,32,29,10,26,32,29,1.1,76,9.875,1011,27.125,37,24,29,116,116,299,0,8,10.2,météo favorable
2019-04-20,32,29,11,25,32,29,0.1,71,10,1010,15.5,36,23,29,116,116,116,0,8,11.6,météo favorable
2019-04-21,32,29,12,26,32,29,0,72,10,1010,5.875,36,23,29,116,116,116,0,8,11.6,météo favorable
2019-04-22,33,29,11,26,33,29,0.1,70,10,1009,18.75,37,23,29,116,116,116,0,8,11.6,météo favorable
2019-04-23,32,29,13,26,32,29,0.1,71,10,1010,16.625,36,23,29,116,116,116,0,8,10.2,météo favorable
2019-04-24,32,29,11,26,32,29,0.3,73,10,1011,17.75,37,23,29,116,116,116,0,8,11.6,météo favorable
2019-04-25,32,29,11,26,32,29,0.3,72,10,1010,28.875,37,23,29,116,116,116,0,8,10.2,météo favorable
2019-04-26,33,29,9,26,33,29,0.1,74,10,1010,24.875,36,23,29,116,116,116,0,8,10.2,météo favorable
2019-04-27,33,29,7,26,33,29,1.3,74,9.875,1010,30.25,38,24,29,116,116,116,0,8,11.6,météo favorable
2019-04-28,31,28,8,26,31,28,5.7,77,9.75,1010,48,37,24,28,116,116,353,0,7,10.2,météo favorable
2019-04-29,30,27,8,26,30,27,2.1,79,9.875,1011,46.625,34,23,27,116,116,116,0,7,10.2,météo favorable
2019-04-30,31,27,6,24,31,28,9.1,84,8.125,1010,72.375,37,24,27,302,116,116,0,6,5.9,météo défavorable
2019-05-01,32,28,5,26,32,28,9.2,78,9,1010,69.625,38,24,28,116,356,176,0,7,7.4,météo défavorable
2019-05-02,32,28,7,25,32,28,2.4,74,9.5,1012,68.5,37,23,28,176,176,116,0,7,7.4,météo défavorable
2019-05-03,32,29,8,25,32,29,3.1,74,9.375,1012,75.75,38,24,29,176,176,176,0,7,4.3,météo défavorable
2019-05-04,33,29,7,25,33,29,1.1,75,9.625,1012,42.625,38,24,29,116,176,176,0,8,5.8,météo favorable
2019-05-05,33,28,8,25,33,28,6.3,78,9.5,1012,37.625,38,24,28,116,299,356,0,8,7.2,météo correcte
2019-05-06,32,28,10,25,32,28,3.2,75,9.75,1012,63.375,37,24,28,116,176,176,0,7,5.8,météo correcte
2019-05-07,32,28,14,26,32,28,0,68,10,1011,7.375,36,22,28,116,116,116,0,8,8.7,météo favorable
2019-05-08,32,27,11,24,32,27,0,70,10,1011,7.375,35,21,27,116,116,116,0,7,8.7,météo favorable
2019-05-09,30,28,13,24,30,28,0.2,73,9.875,1011,27.375,34,22,28,176,116,116,0,7,7.2,météo favorable
2019-05-10,31,28,13,24,31,28,0.7,71,9.75,1012,23.5,34,22,28,116,176,116,0,7,7.2,météo favorable
2019-05-11,31,27,14,24,31,27,0.1,72,10,1013,14.375,34,22,27,116,116,116,0,7,8.7,météo favorable
2019-05-12,32,28,10,25,32,28,0.1,75,10,1013,19.25,35,23,28,116,116,116,0,7,8.7,météo favorable
2019-05-13,33,29,7,25,33,29,0,71,10,1012,4.125,36,23,29,116,116,113,0,8,8.7,météo favorable
2019-05-14,32,28,11,25,32,28,0,69,10,1012,6.375,35,22,28,116,116,116,0,8,8.7,météo favorable
2019-05-15,32,28,11,25,32,28,0,69,10,1013,3,35,22,28,116,116,113,0,8,8.7,météo favorable
2019-05-16,32,28,10,25,32,29,0,69,10,1012,3.75,34,22,28,116,116,116,0,8,8.7,météo favorable
2019-05-17,31,28,10,24,31,29,0,73,10,1012,5.625,34,22,28,116,116,113,0,7,8.7,météo favorable
2019-05-18,32,28,10,24,32,28,0,71,10,1012,5.125,35,22,28,116,113,113,0,7,8.7,météo favorable
2019-05-19,32,28,14,24,32,28,0,72,10,1013,6.125,35,22,28,116,116,113,0,8,8.7,météo favorable
2019-05-20,32,28,12,25,32,28,0,71,10,1013,6.75,36,23,28,116,116,116,0,8,8.7,météo favorable
2019-05-21,32,28,14,26,32,28,0,71,10,1012,9.625,36,23,28,116,116,116,0,8,8.7,météo favorable
2019-05-22,32,29,16,25,32,29,0,71,10,1013,10.25,36,23,29,116,116,116,0,8,8.7,météo favorable
2019-05-23,32,28,16,26,32,28,0,71,10,1013,8,36,23,28,116,116,116,0,8,8.7,météo favorable
2019-05-24,32,28,13,25,32,28,0,67,10,1013,5.375,34,22,28,116,116,116,0,8,8.7,météo favorable
2019-05-25,31,28,13,24,31,28,0,69,10,1012,6.625,34,22,28,116,116,116,0,7,8.7,météo favorable
2019-05-26,31,28,12,26,31,28,0,72,10,1011,11.125,35,23,28,116,116,116,0,7,8.7,météo favorable
2019-05-27,32,28,11,25,32,28,0.1,70,10,1012,15.875,35,22,28,116,116,116,0,7,8.7,météo favorable
2019-05-28,32,28,10,24,32,28,0.6,73,9.75,1011,28.875,35,22,28,116,116,176,0,7,8.7,météo favorable
2019-05-29,31,28,13,25,31,28,0.9,72,9.75,1011,32.5,35,22,28,116,116,176,0,7,8.7,météo favorable
2019-05-30,31,27,16,25,31,27,0.2,70,9.875,1011,25.25,34,22,27,116,116,116,0,6,8.7,météo favorable
2019-05-31,31,27,15,25,31,27,0.2,71,10,1011,25.5,34,22,27,116,116,116,0,6,8.7,météo favorable
2019-06-01,30,27,16,25,30,27,0.2,74,10,1011,30.75,34,22,27,116,116,176,0,7,8.7,météo favorable
2019-06-02,31,27,14,24,31,27,0.2,73,10,1010,32.125,34,22,27,116,116,116,0,6,8.7,météo favorable
2019-06-03,31,27,13,25,31,27,0.5,73,10,1011,41.75,35,22,27,116,176,116,0,7,7.2,météo favorable
2019-06-04,31,28,12,25,31,28,0.2,73,9.875,1011,26.875,34,22,28,116,116,116,0,7,8.7,météo favorable
2019-06-05,31,27,13,24,31,27,0.3,72,10,1011,35,35,22,27,116,116,116,0,6,8.7,météo favorable
2019-06-06,31,27,14,24,31,27,0,71,10,1012,9.75,33,21,27,116,116,116,0,7,8.7,météo favorable
2019-06-07,32,28,10,24,32,28,0,73,10,1012,6.5,35,22,28,116,116,116,0,7,8.7,météo favorable
2019-06-08,31,28,12,25,31,29,0,71,10,1012,12.625,35,22,28,116,116,116,0,7,8.7,météo favorable
2019-06-09,29,27,12,25,29,27,0.5,78,14.625,1012,31.125,33,23,27,116,116,116,0,7,7.2,météo favorable
2019-06-10,32,28,12,24,32,28,0,72,13.5,1011,9.125,35,22,28,116,116,116,0,8,8.7,météo favorable
2019-06-11,31,28,10,25,31,28,2,74,10,1013,48.25,36,23,28,116,176,176,0,7,7.2,météo favorable
2019-06-12,31,28,15,25,31,28,0.2,74,17,1013,37.25,35,23,28,176,116,116,0,7,8.7,météo favorable
2019-06-13,30,28,13,26,30,28,1,77,15.625,1012,68.5,35,23,28,176,176,176,0,6,7.2,météo défavorable
2019-06-14,31,28,11,26,31,28,0.9,78,16.875,1012,31.375,36,23,28,116,116,116,0,7,8.7,météo favorable
2019-06-15,32,27,14,22,32,28,0,68,18.75,1013,4.375,33,20,27,116,113,113,0,6,8.7,météo idéale
2019-06-16,30,26,9,22,30,27,0,72,19.125,1013,4,33,21,26,116,113,113,0,7,8.7,météo idéale
2019-06-17,31,25,13,21,31,27,0,70,18.5,1014,1.5,32,19,25,113,113,113,0,7,8.7,météo idéale
2019-06-18,31,26,10,21,31,28,0,71,18.75,1013,1.75,33,21,26,113,113,113,0,7,8.7,météo idéale
2019-06-19,31,26,10,20,31,28,0,68,14,1013,4.625,31,20,26,116,116,116,0,7,8.7,météo favorable
2019-06-20,30,26,12,21,30,27,0,68,10,1013,8,32,19,26,116,116,116,0,7,8.7,météo favorable
2019-06-21,31,26,9,21,31,27,0,71,10,1012,5.375,32,20,26,116,113,116,0,7,8.7,météo idéale
2019-06-22,31,27,9,22,31,27,0,72,9.625,1011,10.75,33,21,27,113,116,116,0,7,8.7,météo favorable
2019-06-23,31,27,10,22,31,27,0,67,9.375,1012,0.75,33,20,27,113,113,113,0,7,8.7,météo idéale
2019-06-24,31,26,11,21,31,27,0,71,10,1014,5.375,32,20,26,116,116,116,0,7,11.6,météo favorable
2019-06-25,31,26,12,21,31,27,0,69,9,1015,6.375,33,20,26,116,116,116,0,7,11.6,météo favorable
2019-06-26,31,26,11,21,31,27,0,68,10,1014,0.5,32,19,26,113,113,113,0,7,11.6,météo idéale
2019-06-27,31,26,12,20,31,26,0,66,9.625,1013,1.125,31,18,26,113,116,113,0,7,11.6,météo favorable
2019-06-28,30,25,13,20,30,26,0,70,9.375,1015,0,32,18,25,113,113,113,0,7,11.6,météo idéale
2019-06-29,30,25,15,20,30,27,0,66,9,1014,4.125,30,18,25,113,113,113,0,7,11.6,météo idéale
2019-06-30,30,24,12,19,30,27,0,69,10,1013,3.75,31,18,24,116,116,116,0,7,11.6,météo favorable
2019-07-01,32,26,9,21,32,27,0,72,9.625,1013,7.625,34,20,26,116,116,116,0,7,11.6,météo favorable
2019-07-02,32,27,11,22,32,28,0.1,69,8.375,1012,42.875,35,21,27,116,116,119,0,7,10.2,météo favorable
2019-07-03,31,26,9,23,31,26,7.7,86,9.25,1013,44,34,24,26,116,116,356,0,7,10.2,météo favorable
2019-07-04,31,27,10,22,31,27,0.2,75,8,1014,23.5,34,21,27,116,116,116,0,6,11.6,météo favorable
2019-07-05,31,26,10,21,31,28,0,65,10,1013,2.75,32,20,26,116,116,113,0,7,11.6,météo favorable
2019-07-06,31,25,14,20,31,27,0,62,10,1013,0,31,18,25,113,113,113,0,7,11.6,météo idéale
2019-07-07,30,25,12,19,30,27,0,64,10,1014,0,31,17,25,113,113,113,0,7,11.6,météo idéale
2019-07-08,30,24,13,19,30,27,0,66,9,1016,0.75,31,18,24,113,113,113,0,7,11.6,météo idéale
2019-07-09,31,26,12,21,31,27,0,69,9,1014,10.125,32,19,26,116,116,116,0,7,11.6,météo favorable
2019-07-10,30,26,12,21,30,27,0,68,9,1014,15.375,32,19,26,116,116,116,0,7,11.6,météo favorable
2019-07-11,30,26,12,21,30,28,0,67,10,1015,11.875,32,20,26,116,116,116,0,7,11.6,météo favorable
2019-07-12,31,26,12,21,31,27,0,63,10,1015,9.875,32,19,26,116,116,116,0,7,11.6,météo favorable
2019-07-13,30,25,17,21,30,27,0,64,9,1015,5.375,31,18,25,116,113,113,0,7,11.6,météo idéale
2019-07-14,30,25,12,20,30,27,0.1,66,9,1014,26.125,31,19,25,116,116,176,0,7,11.6,météo favorable
2019-07-15,30,25,15,20,30,27,0,64,10,1014,13,31,19,25,116,116,116,0,7,11.6,météo favorable
2019-07-16,31,26,15,21,31,26,0.2,69,10,1014,30.625,32,19,26,116,116,176,0,7,10.2,météo favorable
2019-07-17,31,26,16,22,31,28,0,68,9,1012,16.875,32,20,26,116,116,116,0,7,11.6,météo favorable
2019-07-18,32,27,10,22,32,29,0,64,10,1012,11.625,33,19,27,116,116,116,0,7,11.6,météo favorable
2019-07-19,32,27,10,22,32,27,0.1,70,10,1011,37.5,34,21,27,116,116,176,0,7,10.2,météo favorable
2019-07-20,33,29,13,23,33,30,0.1,62,10,1013,11.125,35,21,29,116,116,116,0,8,11.6,météo favorable
2019-07-21,32,26,12,21,32,28,0,64,8,1012,3.25,32,20,26,113,113,116,0,6,11.6,météo idéale
2019-07-22,32,27,13,21,32,29,0,62,10,1012,0,33,18,27,113,113,113,0,7,11.6,météo idéale
2019-07-23,32,26,18,21,31,29,0,64,10,1012,1.875,31,18,26,116,116,116,0,7,11.6,météo favorable
2019-07-24,31,26,10,21,31,28,0,64,10,1014,2.125,32,18,26,116,116,113,0,7,11.6,météo favorable
2019-07-25,31,25,13,20,31,28,0,64,9,1015,4.5,32,18,25,116,116,113,0,6,11.6,météo favorable
2019-07-26,32,27,10,20,32,27,0,63,10,1014,2.125,32,18,27,113,116,116,0,7,11.6,météo favorable
2019-07-27,32,27,10,21,32,29,0,61,10,1013,7.375,33,18,27,116,116,116,0,7,11.6,météo favorable
2019-07-28,32,27,11,21,32,30,0,64,10,1014,2.125,32,18,27,116,116,116,0,7,11.6,météo favorable
2019-07-29,31,26,11,21,31,29,0,62,9,1014,3.5,32,18,26,113,116,116,0,7,11.6,météo favorable
2019-07-30,32,26,15,20,32,28,0,64,9,1014,2.875,32,18,26,116,113,113,0,7,11.6,météo idéale
2019-07-31,31,26,12,21,31,28,0,64,9,1014,5,32,19,26,113,116,113,0,7,11.6,météo favorable
2019-08-01,31,26,13,21,31,29,0,67,8,1014,10.875,33,19,26,116,116,113,0,6,11.6,météo favorable
2019-08-02,31,26,18,21,31,28,0,64,10,1015,9.625,32,18,26,116,116,116,0,7,11.6,météo favorable
2019-08-03,30,25,20,21,30,25,0,63,10,1015,9.375,31,18,25,116,116,113,0,7,11.6,météo favorable
2019-08-04,30,24,17,19,30,26,0,50,10,1015,0.875,29,16,24,113,113,113,0,7,11.6,météo idéale
2019-08-05,30,25,12,19,30,27,0,66,10,1014,10.875,31,18,25,116,116,116,0,7,11.6,météo favorable
2019-08-06,31,26,12,20,31,28,0,61,10,1013,10.75,31,18,26,116,116,116,0,7,11.6,météo favorable
2019-08-07,31,25,12,21,31,25,0.2,70,9.625,1013,41.625,32,19,25,116,122,176,0,7,8.8,météo correcte
2019-08-08,31,26,12,21,31,28,0.2,65,7.375,1013,32.125,32,19,26,116,116,176,0,6,8.8,météo favorable
2019-08-09,31,26,14,21,31,29,0,68,9,1014,9.25,33,19,26,116,116,116,0,7,11.6,météo favorable
2019-08-10,32,26,12,20,32,28,0,67,10,1013,5.25,33,20,26,116,116,116,0,7,11.6,météo favorable
2019-08-11,32,28,11,22,32,28,0,69,10,1013,6,33,20,28,116,116,116,0,7,11.6,météo favorable
2019-08-12,33,28,12,23,33,29,0.2,66,10,1014,35.375,35,21,28,116,116,176,0,8,10.2,météo favorable
2019-08-13,32,28,12,24,32,28,0.7,72,9.75,1014,28.25,34,22,28,116,116,176,0,8,10.2,météo favorable
2019-08-14,32,28,11,23,32,29,0,65,10,1014,7.75,34,20,28,116,116,116,0,8,11.6,météo favorable
2019-08-15,32,28,12,22,32,29,0,64,10,1015,5.25,33,20,28,116,116,116,0,7,11.6,météo favorable
2019-08-16,32,27,13,21,32,29,0,57,10,1015,2.875,33,17,27,116,116,113,0,7,11.6,météo favorable
2019-08-17,32,27,14,21,32,28,0.1,64,10,1015,15.25,33,19,27,176,116,116,0,7,11.6,météo favorable
2019-08-18,32,26,13,21,32,28,0,63,9,1015,3.625,33,18,26,116,113,113,0,7,11.6,météo idéale
2019-08-19,32,27,14,20,32,28,0,61,10,1014,4.875,33,18,27,116,116,116,0,7,11.6,météo favorable
2019-08-20,33,28,16,22,33,30,0,61,10,1014,9.125,34,19,28,116,116,116,0,8,11.6,météo favorable
2019-08-21,32,28,13,23,32,30,0,64,10,1013,15.5,34,20,28,116,116,116,0,8,11.6,météo favorable
2019-08-22,32,27,13,21,32,28,0,64,10,1014,7.125,32,19,27,116,116,116,0,7,11.6,météo favorable
2019-08-23,32,27,14,21,32,29,0,61,10,1015,10.375,34,19,27,116,116,116,0,7,11.6,météo favorable
2019-08-24,33,28,13,22,33,28,0,65,10,1014,21,34,20,28,116,116,116,0,7,11.6,météo favorable
2019-08-25,33,29,11,23,33,29,0,63,9.625,1013,19.5,35,20,29,116,116,116,0,8,11.6,météo favorable
2019-08-26,32,27,12,22,32,27,0,67,8,1013,4.125,33,20,27,113,113,113,0,6,11.6,météo idéale
2019-08-27,32,27,12,21,32,27,0,68,8.375,1014,5.25,33,20,27,113,113,116,0,6,11.6,météo idéale
2019-08-28,32,27,13,21,32,30,0,57,10,1015,3.875,33,18,27,113,116,113,0,8,11.6,météo favorable
2019-08-29,32,28,12,21,32,28,0,60,10,1014,1.375,32,18,28,113,116,116,0,7,11.6,météo favorable
2019-08-30,32,27,12,20,32,29,0,59,10,1014,5.875,33,18,27,116,116,116,0,7,11.6,météo favorable
2019-08-31,33,27,13,21,33,28,0,56,9,1013,2.25,32,18,27,116,116,116,0,7,11.6,météo favorable
2019-09-01,33,21,12,21,33,30,0,83,10,1014,6.625,34,18,21,116,116,116,0,8,11.6,météo favorable
2019-09-02,33,22,14,22,33,27,0,83,10,1014,3.125,33,19,22,116,116,113,0,7,11.6,météo favorable
2019-09-03,34,21,12,21,34,28,0,70,10,1013,0.625,33,20,21,113,116,113,0,8,11.6,météo favorable
2019-09-04,31,21,12,21,31,26,0,79,10,1015,2.875,32,19,21,113,116,116,0,7,11.6,météo favorable
2019-09-05,32,21,12,21,32,28,0,82,10,1013,6.875,33,19,21,116,116,116,0,7,11.6,météo favorable
2019-09-06,33,21,11,21,33,26,0,84,9.625,1014,20.875,34,21,21,116,116,116,0,7,10.2,météo favorable
2019-09-07,33,22,13,22,33,28,0,89,7,1014,15.125,35,21,22,116,116,116,0,7,11.6,météo favorable
2019-09-08,33,22,12,22,33,29,0,83,8.375,1014,16.25,35,20,22,116,116,116,0,7,11.6,météo favorable
2019-09-09,33,22,12,22,33,28,0,85,9.625,1015,7.875,34,20,22,116,116,116,0,8,11.6,météo favorable
2019-09-10,34,22,14,22,34,30,0,83,9.375,1015,4.875,34,18,22,116,116,116,0,8,11.6,météo favorable
2019-09-11,34,21,13,21,34,30,0.1,81,10,1016,9.5,33,17,21,113,113,176,0,8,11.6,météo idéale
2019-09-12,31,20,13,20,31,25,0.7,76,9.875,1016,23.125,31,18,20,113,116,176,0,7,10.2,météo favorable
2019-09-13,32,21,13,21,32,28,0,80,10,1015,21.5,33,19,21,116,116,116,0,7,11.6,météo favorable
2019-09-14,32,21,12,21,32,28,0,80,10,1015,10.875,33,19,21,116,116,116,0,7,11.6,météo favorable
2019-09-15,32,21,13,21,32,29,0,73,10,1014,2.75,32,18,21,113,116,116,0,7,11.6,météo favorable
2019-09-16,29,0,12,22,0,0,0,80,10,1014,7.625,33,20,22,113,116,116,0,8,11.6,météo favorable
2019-09-17,33,22,14,22,33,27,0,84,9,1014,12.5,33,21,22,113,116,116,0,7,11.6,météo favorable
2019-09-18,34,23,13,23,34,29,0,80,9,1015,6,34,20,23,113,116,116,0,7,11.6,météo favorable
2019-09-19,32,22,13,22,32,28,0,79,9.625,1014,4.5,33,20,22,116,116,116,0,8,11.6,météo favorable
2019-09-20,34,22,13,22,34,29,0,86,7.375,1014,12.875,35,21,22,116,116,116,0,7,12.1,météo favorable
2019-09-21,33,22,12,22,33,26,0,79,9,1013,9.375,34,20,22,116,116,116,0,7,12.1,météo favorable
2019-09-22,33,22,13,22,33,28,0,75,10,1014,4.875,34,20,22,116,116,116,0,8,12.5,météo favorable
2019-09-23,33,23,13,23,33,28,0,80,10,1015,5.125,34,19,23,116,116,116,0,8,12.5,météo favorable
2019-09-24,34,24,12,24,34,29,0,70,10,1014,5.25,36,21,24,116,116,116,0,8,12.5,météo favorable
2019-09-25,35,23,17,23,35,32,0,84,9,1014,10.25,38,20,23,116,116,116,0,8,12.5,météo favorable
2019-09-26,34,23,14,23,34,30,0.2,78,10,1014,30,36,21,23,116,116,176,0,8,12.5,météo favorable
2019-09-27,34,23,12,23,34,29,0,76,10,1015,10.125,36,21,23,116,116,116,0,8,12.5,météo favorable
2019-09-28,35,23,19,23,35,31,0,84,8,1015,5.875,36,20,23,116,116,113,0,7,12.5,météo favorable
2019-09-29,34,24,13,24,34,29,0.1,81,10,1014,20.625,36,21,24,116,116,116,0,8,12.5,météo favorable
2019-09-30,35,23,10,23,35,29,0.2,81,9,1015,28.125,36,20,23,113,116,176,0,7,12.5,météo favorable
2019-10-01,35,23,14,23,35,30,0,75,10,1014,5.625,35,19,23,116,116,116,0,8,12.5,météo favorable
2019-10-02,34,24,14,24,34,28,0.1,69,10,1014,15.625,36,21,24,116,116,116,0,8,12.5,météo favorable
2019-10-03,34,24,15,24,34,29,0,76,10,1014,2.75,34,20,24,113,116,113,0,8,12.5,météo favorable
2019-10-04,36,23,18,23,36,31,0,71,10,1014,1.125,35,18,23,113,116,113,0,8,12.5,météo favorable
2019-10-05,35,22,13,22,35,28,0,74,10,1013,8.375,35,19,22,113,116,116,0,8,12.5,météo favorable
2019-10-06,35,24,12,24,35,28,0.1,70,10,1013,14,36,21,24,116,116,116,0,8,12.5,météo favorable
2019-10-07,34,24,15,24,34,29,0,77,10,1013,5.5,36,21,24,116,116,116,0,8,12.5,météo favorable
2019-10-08,35,24,14,24,35,29,0,67,10,1013,3.625,36,21,24,116,116,116,0,8,12.5,météo favorable
2019-10-09,34,23,14,23,34,29,0.1,75,10,1012,16.125,35,21,23,113,116,176,0,8,12.5,météo favorable
2019-10-10,34,24,14,24,34,29,0,74,10,1013,7.375,36,20,24,116,116,116,0,8,12.6,météo favorable
2019-10-11,35,24,14,24,35,28,0,72,10,1013,2.75,36,21,24,116,116,113,0,8,12.6,météo favorable
2019-10-12,35,25,13,25,35,28,0,67,10,1011,2.875,36,20,25,113,116,116,0,8,12.6,météo favorable
2019-10-13,35,24,13,24,35,28,0,66,10,1012,5.5,37,21,24,113,116,116,0,8,12.6,météo favorable
2019-10-14,35,24,14,24,35,30,0,67,10,1012,4.125,37,22,24,116,116,116,0,8,12.6,météo favorable
2019-10-15,35,23,14,23,35,28,0,78,10,1012,5.375,36,20,23,113,116,116,0,8,12.6,météo favorable
2019-10-16,35,23,12,23,35,28,0,79,10,1012,8.875,36,20,23,113,116,116,0,8,12.6,météo favorable
2019-10-17,35,24,14,24,35,28,0,69,10,1012,2.25,36,21,24,113,113,116,0,8,12.6,météo favorable
2019-10-18,35,25,14,25,35,28,0,74,10,1012,8.375,37,21,25,116,116,116,0,8,12.6,météo favorable
2019-10-19,35,26,14,26,35,29,0,71,10,1013,1.375,37,21,26,116,113,113,0,8,12.6,météo favorable
2019-10-20,36,25,16,25,36,30,0,72,10,1012,3.125,37,22,25,113,116,116,0,8,12.6,météo favorable
2019-10-21,36,25,15,25,36,32,0,76,10,1012,4,37,21,25,113,116,116,0,8,12.6,météo favorable
2019-10-22,35,24,14,24,35,30,0,75,10,1010,1,36,20,24,113,116,113,0,8,12.6,météo favorable
2019-10-23,36,25,14,25,36,30,0,63,10,1011,0.625,37,22,25,113,116,113,0,8,12.6,météo favorable
2019-10-24,35,25,13,25,35,28,0,73,10,1012,2.625,36,22,25,113,116,116,0,8,12.6,météo favorable
2019-10-25,34,24,13,24,34,28,0,69,10,1012,3.375,36,22,24,113,116,116,0,8,12.6,météo favorable
2019-10-26,36,24,12,24,36,29,0,77,10,1011,4.875,37,21,24,113,116,116,0,8,12.6,météo favorable
2019-10-27,36,23,12,23,36,29,0,73,10,1011,6.625,37,20,23,113,116,116,0,8,12.6,météo favorable
2019-10-28,36,24,13,24,36,29,0,80,10,1011,6.5,37,21,24,116,116,116,0,8,12.6,météo favorable
2019-10-29,35,24,12,24,35,27,0.1,71,10,1011,16.375,37,21,24,116,116,116,0,8,12.6,météo favorable
2019-10-30,35,25,14,25,35,28,0.6,76,9.875,1011,25.375,37,23,25,116,116,116,0,8,12.6,météo favorable
2019-10-31,34,24,14,24,34,28,0.3,82,10,1010,36.5,37,22,24,116,116,116,0,7,12.6,météo favorable
2019-11-01,33,22,11,25,33,28,1.6,82,9.75,1011,45.375,37,23,25,116,176,353,0,8,10.5,météo favorable
2019-11-02,33,22,7,24,33,27,15,84,9.25,1011,54.5,38,24,24,116,353,356,0,8,10.5,météo défavorable
2019-11-03,34,22,11,24,34,27,1.3,87,8.75,1012,51,38,22,24,116,116,353,0,7,12.7,météo favorable
2019-11-04,35,22,9,24,35,28,5.2,81,9.5,1013,35.75,39,23,24,116,176,356,0,8,11.9,météo favorable
2019-11-05,35,22,12,25,35,31,0,82,10,1012,3.75,37,21,25,116,116,116,0,8,12.7,météo favorable
2019-11-06,35,21,11,24,35,28,0.2,70,10,1011,25,37,21,24,116,116,176,0,8,12.7,météo favorable
2019-11-07,36,22,11,25,36,30,0,70,10,1011,13.5,38,21,25,116,116,116,0,8,12.7,météo favorable
2019-11-08,35,23,10,25,35,28,2.6,73,9.75,1012,37.75,39,23,25,116,176,176,0,8,11.9,météo favorable
2019-11-09,36,23,10,26,36,30,0.5,75,9.875,1013,18.25,39,22,26,116,116,116,0,8,12.7,météo favorable
2019-11-10,36,22,12,25,36,29,0.2,76,10,1012,16.875,39,23,25,116,116,116,0,8,12.7,météo favorable
2019-11-11,34,23,13,25,34,29,4.8,78,9.625,1011,44,39,23,25,116,176,176,0,8,10.6,météo favorable
2019-11-12,34,23,13,26,34,29,1,80,9.875,1012,42.875,38,23,26,116,116,176,0,7,12.7,météo favorable
2019-11-13,35,24,12,26,35,29,0.9,80,10,1013,35.25,38,23,26,116,116,116,0,7,12.7,météo favorable
2019-11-14,36,23,12,26,36,29,0,77,10,1012,5,38,23,26,116,116,113,0,8,12.7,météo favorable
2019-11-15,36,22,12,25,36,29,0,60,10,1011,2.25,37,22,25,113,116,116,0,8,12.7,météo favorable
2019-11-16,36,23,13,26,36,30,1.7,66,9.875,1012,21.5,37,22,26,116,116,353,0,8,12.7,météo favorable
2019-11-17,36,23,11,26,36,29,0,72,10,1012,4.375,39,23,26,116,116,116,0,8,12.7,météo favorable
2019-11-18,35,24,13,27,35,29,0.4,69,10,1011,22.75,38,23,27,116,116,176,0,8,12.7,météo favorable
2019-11-19,35,24,13,27,35,28,2.3,73,9.75,1010,22.125,37,23,27,113,116,176,0,8,12.7,météo favorable
2019-11-20,34,23,10,26,34,29,3.2,81,9.625,1011,37,38,24,26,116,176,176,0,8,11.9,météo favorable
2019-11-21,35,22,13,25,35,29,0.1,79,10,1011,16.125,38,23,25,116,116,116,0,8,12.7,météo favorable
2019-11-22,35,23,12,26,35,29,0.6,80,9.75,1012,24.5,39,23,26,116,116,176,0,8,12.7,météo favorable
2019-11-23,35,24,13,26,35,29,0.6,80,9.875,1011,25.75,39,24,26,116,116,176,0,8,12.7,météo favorable
2019-11-24,35,23,12,26,35,29,0.9,77,9.875,1011,29.75,38,24,26,116,116,176,0,8,12.7,météo favorable
2019-11-25,35,23,11,26,35,27,2.7,81,9.75,1012,63,39,24,26,176,176,176,0,7,10.6,météo correcte
2019-11-26,35,22,11,25,35,28,1.6,79,9.75,1011,24.625,38,23,25,116,116,176,0,8,12.7,météo favorable
2019-11-27,34,23,12,26,34,28,2.3,76,9.75,1010,27,37,23,26,116,116,176,0,8,12.8,météo favorable
2019-11-28,35,23,9,25,35,27,4.3,83,9.5,1010,37.625,39,24,25,116,119,176,0,8,11.9,météo correcte
2019-11-29,35,24,14,26,35,30,1,84,9.875,1010,22.375,39,23,26,116,116,116,0,8,12.8,météo favorable
2019-11-30,35,24,13,26,35,29,0.5,80,9.875,1010,17.875,38,23,26,116,116,116,0,8,12.8,météo favorable
2019-12-01,36,24,10,26,36,30,1.2,78,9.875,1010,32.625,40,23,26,116,116,116,0,1,12.8,météo correcte
2019-12-02,35,24,12,27,35,30,0,70,10,1008,7.5,37,23,27,116,116,116,0,1,12.8,météo favorable
2019-12-03,34,24,12,27,34,29,0.8,77,9.875,1009,20.625,39,24,27,116,116,116,0,1,12.8,météo favorable
2019-12-04,34,24,9,26,34,28,15,85,8.5,1011,55.75,39,25,26,116,356,356,0,1,10.6,météo défavorable
2019-12-05,34,23,10,26,34,29,1,82,9.875,1011,36,38,24,26,116,116,176,0,1,12.8,météo favorable
2019-12-06,34,25,10,27,34,29,0.7,80,10,1011,32.125,39,24,27,116,116,176,0,1,12.8,météo favorable
2019-12-07,35,25,11,27,35,29,2.5,80,9.5,1011,45,40,24,27,116,116,176,0,1,12.8,météo correcte
2019-12-08,36,24,10,26,36,30,0.4,74,10,1011,30.75,40,24,26,116,116,116,0,1,12.8,météo correcte
2019-12-09,35,25,11,27,35,30,0.2,74,10,1011,14.75,39,23,27,113,116,116,0,1,12.8,météo favorable
2019-12-10,34,24,10,26,34,28,1,78,9.875,1010,22.375,38,24,26,116,116,116,0,1,12.8,météo favorable
2019-12-11,35,23,10,26,35,28,3,80,9.5,1010,34.375,39,24,26,116,176,116,0,1,11.9,météo favorable
2019-12-12,34,24,12,26,34,28,1.2,80,9.875,1010,30.375,38,24,26,116,116,116,0,1,12.8,météo favorable
2019-12-13,34,25,9,26,34,27,9.4,85,9.25,1011,50.375,39,25,26,116,116,353,0,1,12.8,météo correcte
2019-12-14,33,24,12,26,33,28,4.4,84,9.5,1011,63.375,38,24,26,116,176,353,0,1,10.6,météo correcte
2019-12-15,32,24,10,26,32,28,5.9,84,9.625,1010,57.5,37,24,26,116,353,353,0,1,10.6,météo correcte
2019-12-16,32,24,6,26,32,28,31.5,88,7.125,1010,60.875,39,26,26,116,356,359,0,1,10.6,météo très défavorable
2019-12-17,33,24,7,25,33,28,6.9,84,9.625,1010,35.5,39,25,25,116,116,353,0,1,12.8,météo favorable
2019-12-18,33,24,10,26,33,29,1.1,85,9.875,1010,26.875,39,25,26,116,116,119,0,1,12.8,météo favorable
2019-12-19,33,25,8,27,33,28,10.5,85,9,1010,52,40,25,27,116,116,356,0,1,12.8,météo correcte
2019-12-20,33,24,9,26,33,29,3.6,85,9.75,1010,70.875,39,25,26,176,299,176,0,1,10.6,météo défavorable
2019-12-21,33,24,8,26,33,29,6.3,85,9.375,1009,36.75,39,25,26,116,176,356,0,1,11.9,météo favorable
2019-12-22,33,24,9,25,33,28,7.9,86,9.125,1010,37.125,38,25,25,116,116,356,0,1,12.8,météo favorable
2019-12-23,33,24,9,25,33,29,10.6,83,8.875,1010,46.625,39,24,25,116,116,356,0,1,12.8,météo correcte
2019-12-24,34,24,7,26,34,29,3.4,81,9.5,1010,42.5,40,25,26,116,116,176,0,1,12.8,météo correcte
2019-12-25,35,24,8,26,35,29,7.4,84,9.375,1010,40.5,41,25,26,116,116,176,0,1,12.8,météo correcte
2019-12-26,33,25,7,26,33,29,17.2,84,8.5,1010,62.125,39,26,26,116,386,359,0,1,10.6,météo très défavorable
2019-12-27,33,24,10,26,33,29,3.9,87,9.75,1010,55.25,39,25,26,116,116,176,0,1,12.8,météo correcte
2019-12-28,32,25,12,26,32,28,3.3,83,9.875,1010,55.125,38,25,26,116,386,176,0,1,10.6,météo correcte
2019-12-29,31,25,10,26,31,29,8.6,87,9.5,1011,47,37,26,26,116,356,176,0,1,11.9,météo correcte
2019-12-30,33,25,9,26,33,28,22.4,86,8,1011,55.125,40,25,26,116,353,359,0,1,11.9,météo très défavorable
2019-12-31,32,24,7,26,32,28,19.7,88,7.875,1010,66.125,39,26,26,116,353,359,0,1,10.6,météo très défavorable
2020-01-01,27,20,4,25,26,25,8.7,95,9.375,1012,70,31,24,25,176,176,302,0,1,9.3,météo défavorable
2020-01-02,31,24,8,25,31,27,10.4,83,9.25,1013,67.375,36,25,27,356,353,116,0,1,11.9,météo défavorable
2020-01-03,31,24,10,25,31,27,7.1,89,9.25,1011,67.25,36,25,27,116,353,353,0,1,10.6,météo défavorable
2020-01-04,26,24,20,25,25,25,81.1,95,4.875,1007,76,30,25,25,359,308,308,0,1,8,météo très défavorable
2020-01-05,30,24,11,25,30,28,4.7,83,9.25,1008,62.25,36,25,28,116,116,116,0,1,9.3,météo correcte
2020-01-06,30,24,14,25,30,28,4,81,9.75,1009,54.25,36,24,28,116,176,353,0,1,10.6,météo favorable
2020-01-07,31,24,13,25,31,27,5.5,87,9.375,1008,54,36,25,27,116,176,176,0,1,10.6,météo favorable
2020-01-08,31,24,15,25,31,27,2.4,83,9.625,1009,43.875,35,24,27,116,116,116,0,1,11.9,météo favorable
2020-01-09,32,23,7,25,32,30,1,73,9.875,1009,32.125,37,24,29,116,116,113,0,1,12.8,météo favorable
2020-01-10,31,22,9,24,31,28,0,75,10,1008,3.625,34,23,28,113,116,116,0,1,12.8,météo favorable
2020-01-11,31,23,5,24,31,30,8.1,77,9.25,1008,33.875,37,24,28,116,353,356,0,1,11.9,météo correcte
2020-01-12,31,23,7,25,31,28,2.4,79,9.875,1008,31.125,36,24,28,116,116,116,0,1,12.8,météo favorable
2020-01-13,30,24,13,25,30,27,11.1,87,9.125,1008,36.375,35,24,27,116,176,356,0,1,12.8,météo correcte
2020-01-14,31,23,7,25,31,27,6.7,86,9.375,1010,48.125,37,25,27,116,116,116,0,1,11.8,météo favorable
2020-01-15,32,22,7,24,32,28,1,79,10,1010,18.125,38,24,28,113,116,116,0,1,12.4,météo favorable
2020-01-16,34,23,7,25,34,28,6.6,83,9.5,1011,24.625,39,25,28,116,116,176,0,1,10.2,météo favorable
2020-01-17,32,23,9,24,32,28,0.4,77,10,1011,27.625,37,24,28,116,116,119,0,1,10.2,météo favorable
2020-01-18,32,24,10,26,32,28,0.9,78,10,1011,33.875,37,24,28,116,116,353,0,1,10.2,météo favorable
2020-01-19,32,24,10,25,32,28,6.9,81,9.25,1011,44.25,36,25,28,116,176,356,0,1,8.9,météo favorable
2020-01-20,32,23,12,24,32,28,7.1,82,9.5,1011,30.625,36,24,28,116,116,356,0,1,10.2,météo favorable
2020-01-21,31,24,15,25,31,28,8.7,77,8.875,1012,63.875,36,24,28,116,176,356,0,1,7.5,météo correcte
2020-01-22,31,24,13,26,31,28,5.2,83,9.5,1012,39.75,37,25,28,116,119,356,0,1,8.9,météo correcte
2020-01-23,32,24,9,25,32,28,12,83,8.875,1011,66.875,38,25,28,116,176,356,0,1,7.5,météo défavorable
2020-01-24,32,24,8,25,32,28,12.6,84,9,1011,52.625,38,25,28,116,353,356,0,1,8.9,météo correcte
2020-01-25,33,24,9,25,33,28,5.8,79,9.125,1011,52.375,38,24,28,116,176,356,0,1,8.9,météo favorable
2020-01-26,32,24,9,25,32,29,5.1,79,9.375,1010,71.5,39,25,29,176,176,176,0,1,7.5,météo défavorable
2020-01-27,32,24,9,26,32,29,3,77,9.625,1011,70.75,39,25,29,116,299,176,0,1,7.5,météo défavorable
2020-01-28,33,25,6,26,33,29,10.4,82,8.625,1011,74.375,41,26,29,176,176,356,0,1,6.2,météo défavorable
2020-01-29,33,25,13,26,33,28,6.9,86,9.625,1010,67.5,39,25,28,176,176,356,0,1,8.9,météo défavorable
2020-01-30,30,25,12,26,30,27,46.5,87,6.375,1009,70.875,37,26,27,176,359,359,0,1,7.5,météo très défavorable
2020-01-31,31,24,9,25,31,27,17.4,88,8.5,1010,62.75,36,25,27,116,176,359,0,1,8.9,météo très défavorable
2020-02-01,31,24,7,25,31,28,22.5,87,8.125,1011,59.625,36,25,28,116,116,359,0,1,10.2,météo très défavorable
2020-02-02,31,24,9,25,31,27,3.1,86,9.625,1011,37.875,37,25,27,116,116,176,0,1,10.2,météo favorable
2020-02-03,32,24,9,25,32,28,1.2,83,9.875,1012,45.625,37,25,28,116,116,116,0,1,10.2,météo favorable
2020-02-04,32,23,9,25,32,28,0.3,76,9.875,1011,28.375,37,24,28,116,116,116,0,1,10.2,météo favorable
2020-02-05,32,24,10,25,32,28,0.4,76,10,1009,25.25,35,23,28,116,116,353,0,1,10.2,météo favorable
2020-02-06,31,24,15,25,31,28,14.1,85,8.75,1009,40.625,37,25,28,116,176,359,0,1,8.9,météo défavorable
2020-02-07,31,24,17,26,31,27,13.3,83,8.75,1010,59.375,37,25,27,116,176,356,0,1,8.9,météo défavorable
2020-02-08,27,24,10,24,26,26,24.6,95,7.625,1011,72.5,30,24,25,302,299,119,0,1,8.9,météo très défavorable
2020-02-09,28,23,6,26,28,25,24.3,95,7.875,1011,83.375,33,25,25,176,359,356,0,1,6.1,météo très défavorable
2020-02-10,31,23,10,24,31,27,12.9,88,8.125,1011,57.875,37,25,27,116,176,356,0,1,8.9,météo correcte
2020-02-11,29,23,12,24,29,27,7.5,84,9.125,1012,62.625,35,25,27,116,356,116,0,1,7.5,météo correcte
2020-02-12,31,24,8,25,31,27,10.5,87,9,1013,38.875,37,25,27,116,116,356,0,1,10.2,météo correcte
2020-02-13,30,24,9,25,30,26,19.8,91,8.75,1012,51.625,36,25,26,116,116,359,0,1,8.9,météo très défavorable
2020-02-14,32,24,9,25,32,27,13.1,88,9.125,1011,45.5,39,25,27,116,116,356,0,1,11.6,météo défavorable
2020-02-15,31,24,6,25,31,28,19.2,88,8.5,1012,66.625,38,26,28,116,353,359,0,1,7.5,météo très défavorable
2020-02-16,29,24,7,25,29,28,46.2,89,5.625,1011,78.125,36,26,28,359,359,356,0,1,6.1,météo très défavorable
2020-02-17,31,24,6,25,31,28,28.3,88,7.5,1011,66.875,38,26,28,116,359,359,0,1,8.9,météo très défavorable
2020-02-18,29,24,9,25,29,25,21.1,95,8.5,1011,65.75,35,25,25,116,356,356,0,1,8.9,météo très défavorable
2020-02-19,28,21,17,25,28,25,10.4,91,9.25,1010,76.5,34,25,25,116,356,122,0,1,7.5,météo défavorable
2020-02-20,26,24,14,24,26,25,14.6,95,9.375,1011,73.375,30,24,25,356,293,353,0,1,6.1,météo défavorable
2020-02-21,28,24,5,25,28,26,22.2,91,8.25,1012,73.25,33,26,26,119,359,353,0,1,6.1,météo très défavorable
2020-02-22,30,24,12,24,30,27,4.6,90,9.5,1012,72.125,35,25,27,119,116,176,0,1,8.9,météo défavorable
2020-02-23,30,24,15,24,30,27,3.7,89,7.75,1011,51.5,35,25,27,116,116,353,0,1,10.2,météo favorable
2020-02-24,30,24,13,25,30,27,0.7,85,7.25,1010,52.75,35,25,27,116,116,116,0,1,10.2,météo favorable
2020-02-25,31,24,14,25,31,28,4.5,84,9.75,1010,41.625,37,25,28,116,116,176,0,1,10.2,météo favorable
2020-02-26,30,25,13,26,30,27,9.5,85,7.875,1010,66.375,36,26,27,116,353,356,0,1,7.5,météo défavorable
2020-02-27,30,24,11,25,30,27,27,91,8.125,1009,75.125,37,26,27,176,356,359,0,1,6.1,météo très défavorable
2020-02-28,30,24,13,25,30,27,21.2,92,8.625,1009,65.125,37,27,27,116,356,356,0,1,7.5,météo très défavorable
2020-02-29,30,24,12,25,30,27,6.8,88,9.125,1008,57.75,37,26,27,116,176,176,0,1,7.5,météo correcte
2020-03-01,29,25,12,26,29,27,4.1,91,9.875,1009,62.5,35,25,27,116,119,119,0,7,7.5,météo correcte
2020-03-02,30,24,9,25,30,27,5.7,93,8.5,1009,50.625,37,26,27,116,116,143,0,7,10.2,météo favorable
2020-03-03,31,24,7,25,31,28,7.8,91,8.25,1009,46.625,38,26,28,116,116,356,0,6,10.2,météo favorable
2020-03-04,31,24,4,25,31,28,15.9,89,8.625,1009,59.5,38,27,28,116,356,356,0,7,7.5,météo défavorable
2020-03-05,30,23,9,24,30,27,13.7,91,8.5,1010,45.875,35,26,27,116,176,359,0,7,8.8,météo défavorable
2020-03-06,29,24,11,24,29,26,17.7,91,9.125,1012,66.375,35,26,26,353,353,353,0,6,7.5,météo très défavorable
2020-03-07,27,24,5,24,27,27,21.2,94,9.125,1012,71.75,32,25,26,353,299,353,0,6,7.4,météo très défavorable
2020-03-08,27,23,4,24,26,26,2.3,90,9.625,1011,74.625,30,24,26,176,176,176,0,6,6.1,météo défavorable
2020-03-09,29,24,7,25,29,25,41.4,96,7.625,1009,67.25,35,26,25,116,359,308,0,6,7.4,météo très défavorable
2020-03-10,30,23,9,24,30,27,12.6,89,7.375,1009,60.125,36,25,27,116,176,356,0,6,8.8,météo correcte
2020-03-11,30,24,16,25,30,27,1.8,86,8.125,1011,62.375,36,25,27,116,176,116,0,6,7.4,météo correcte
2020-03-12,31,24,13,25,31,28,3.2,84,9.875,1012,35.5,36,25,28,116,116,176,0,7,10.2,météo favorable
2020-03-13,29,24,6,25,29,27,39.4,92,7,1013,78.625,37,27,27,356,359,359,0,6,6.1,météo très défavorable
2020-03-14,29,23,5,24,29,26,23.2,94,8.125,1012,66.25,34,26,26,116,359,299,0,6,7.4,météo très défavorable
2020-03-15,30,22,7,24,30,27,7.7,87,7.5,1011,50.125,37,26,27,116,356,176,0,6,7.4,météo correcte
2020-03-16,31,23,5,24,31,27,17.6,92,8.5,1012,62,38,26,27,116,386,356,0,6,7.4,météo très défavorable
2020-03-17,30,23,5,24,30,27,16.7,92,8.125,1012,70.625,36,26,27,116,356,356,0,6,7.4,météo très défavorable
2020-03-18,31,23,7,24,31,27,8.5,91,6.625,1011,42,36,26,27,116,116,356,0,6,10.2,météo correcte
2020-03-19,31,23,5,24,31,28,1.8,81,9.75,1011,49.5,36,25,28,116,116,116,0,6,10.2,météo favorable
2020-03-20,31,23,8,25,31,27,2.5,85,9.875,1012,26.625,36,24,27,116,116,353,0,7,10.2,météo favorable
2020-03-21,31,23,9,24,31,26,9.2,91,9.125,1012,35.125,37,25,26,116,116,356,0,7,10.2,météo correcte
2020-03-22,31,23,8,24,31,27,7.8,89,9.25,1012,49.375,37,25,27,116,176,176,0,7,7.4,météo favorable
2020-03-23,30,23,6,25,30,27,19.6,91,8,1011,63.375,37,26,27,176,359,356,0,7,6,météo très défavorable
2020-03-24,31,23,8,24,31,27,5.8,89,9.5,1010,62,36,25,27,176,116,176,0,6,10.2,météo correcte
2020-03-25,31,22,9,24,31,28,6.1,88,9.625,1010,38.875,36,26,28,116,116,305,0,6,10.2,météo favorable
2020-03-26,31,22,5,24,31,28,5.8,91,8.875,1010,29.625,38,26,28,116,116,356,0,7,10.2,météo favorable
2020-03-27,30,24,8,25,30,27,17.9,94,8.25,1010,57.5,37,26,27,116,356,356,0,7,7.4,météo très défavorable
2020-03-28,31,24,6,24,31,27,18.3,89,8.625,1010,69.5,38,25,27,356,116,122,0,6,7.4,météo très défavorable
2020-03-29,31,23,6,24,31,27,9.8,92,8.875,1009,51.125,38,26,27,116,116,116,0,6,11.6,météo correcte
2020-03-30,31,23,7,24,31,28,2.2,88,8.875,1010,44.5,38,27,28,116,116,116,0,6,11.6,météo favorable
2020-03-31,31,23,6,24,31,28,2.3,81,7.125,1010,41.375,37,24,28,116,116,176,0,6,10.2,météo favorable
