DATE,MAX_TEMPERATURE_C,MIN_TEMPERATURE_C,WINDSPEED_MAX_KMH,TEMPERATURE_MORNING_C,TEMPERATURE_NOON_C,TEMPERATURE_EVENING_C,PRECIP_TOTAL_DAY_MM,HUMIDITY_MAX_PERCENT,VISIBILITY_AVG_KM,PRESSURE_MAX_MB,CLOUDCOVER_AVG_PERCENT,HEATINDEX_MAX_C,DEWPOINT_MAX_C,WINDTEMP_MAX_C,WEATHER_CODE_MORNING,WEATHER_CODE_NOON,WEATHER_CODE_EVENING,TOTAL_SNOW_MM,UV_INDEX,SUNHOUR,OPINION
2009-01-01,2,-3,12,-2,2,-2,0,90,8,1028,3.125,2,0,-6,143,113,113,0,1,8.7,météo très défavorable
2009-01-02,1,-4,17,-4,1,-3,0,89,10,1026,20.125,1,0,-8,113,113,113,0,1,8.7,météo très défavorable
2009-01-03,-1,-6,13,-4,-1,-5,0,76,10,1024,14,0,0,-9,113,113,113,0,1,8.7,météo très défavorable
2009-01-04,-1,-6,7,-6,-2,-5,0,55,10,1024,15.25,0,0,-8,113,113,116,0,1,8.7,météo très défavorable
2009-01-05,-2,-7,10,-7,-3,-5,0,54,10,1021,20.5,0,0,-9,113,113,113,0,1,8.7,météo très défavorable
2009-01-06,-2,-6,17,-6,-2,-4,0.1,82,10,1018,55.375,0,0,-10,116,119,119,0.1,1,3.3,météo très défavorable
2009-01-07,-4,-6,24,-6,-4,-5,0,85,10,1021,60.875,0,0,-13,119,119,116,0,1,3.3,météo très défavorable
2009-01-08,-3,-7,7,-7,-3,-6,0,76,10,1027,10.125,0,0,-9,113,113,113,0,1,8.7,météo très défavorable
2009-01-09,0,-6,6,-6,-1,-3,0,66,10,1028,18.625,0,0,-6,116,113,113,0,1,8.7,météo très défavorable
2009-01-10,1,-5,4,-5,1,-3,0,58,10,1029,14.375,2,0,-3,113,113,113,0,1,8.7,météo très défavorable
2009-01-11,1,-5,3,-5,1,-4,0,50,10,1033,0,3,0,-3,113,113,113,0,1,8.7,météo très défavorable
2009-01-12,2,-5,9,-4,2,-2,0,73,10,1031,3.75,3,0,-4,113,113,113,0,1,8.7,météo très défavorable
2009-01-13,5,-1,11,-1,5,-1,0,83,10,1024,20.375,5,0,-2,116,113,113,0,1,8.7,météo très défavorable
2009-01-14,3,-1,11,1,3,2,0.3,98,6,1018,63.875,3,2,-2,143,116,143,0,1,5.2,météo très défavorable
2009-01-15,3,-3,8,-2,3,-3,0,88,7.75,1022,12.125,4,0,-6,260,113,113,0,1,8.7,météo très défavorable
2009-01-16,5,-3,13,-1,5,2,0,91,9,1024,20.25,5,2,-2,116,116,113,0,1,8.7,météo très défavorable
2009-01-17,7,1,17,1,7,3,0,95,8,1024,22,7,4,-1,116,113,113,0,1,8.7,météo très défavorable
2009-01-18,7,2,45,4,7,5,3.2,94,9.75,1019,50.125,7,4,-1,119,119,116,0,1,5.2,météo très défavorable
2009-01-19,8,5,41,6,8,8,9.8,91,9,1014,82.375,9,7,2,122,122,116,0,1,5.2,météo très défavorable
2009-01-20,6,1,8,3,6,1,0.6,94,7,1003,54.125,6,4,-0,143,116,116,0,1,8.7,météo très défavorable
2009-01-21,5,0,10,0,5,2,0.6,95,4.5,1013,69,5,2,-1,143,119,143,0,1,6.9,météo très défavorable
2009-01-22,3,-1,23,-1,2,3,1.8,88,5.375,1013,61,3,2,-3,143,116,122,0,1,5.2,météo très défavorable
2009-01-23,8,3,42,5,8,5,5.1,95,7.375,997,65.25,8,7,1,122,200,116,0,1,5.2,météo très défavorable
2009-01-24,5,1,31,2,5,1,4.7,95,8.375,1002,76.125,5,3,-5,122,119,122,0.9,1,5.2,météo très défavorable
2009-01-25,4,-0,10,1,3,0,0.1,86,9,1004,39.125,4,1,-3,143,113,116,0,1,8.7,météo très défavorable
2009-01-26,4,0,10,0,3,3,0.6,94,7.375,1005,75.5,4,2,0,143,122,143,0,1,3.5,météo très défavorable
2009-01-27,3,2,19,2,3,3,0.7,92,9.25,1016,87.125,3,2,-2,119,122,119,0.1,1,3.5,météo très défavorable
2009-01-28,3,-3,16,-0,3,-1,0,86,10,1017,22.125,4,0,-5,113,113,113,0,1,8.7,météo très défavorable
2009-01-29,3,-3,9,-3,3,-1,0,76,10,1018,4.375,3,0,-5,113,113,113,0,1,8.7,météo très défavorable
2009-01-30,4,-4,13,-4,2,-1,0,68,10,1019,9.875,4,0,-5,113,113,116,0,1,8.7,météo très défavorable
2009-01-31,5,-2,18,-2,5,-1,0.1,60,10,1015,23.125,5,0,-6,113,113,116,0,1,8.7,météo très défavorable
2009-02-01,2,-1,15,-1,-0,0,1.5,91,7.625,1007,76.75,2,0,-5,122,119,116,0,1,5.3,météo très défavorable
2009-02-02,3,0,13,0,2,2,6.2,94,6.875,999,69.875,3,2,-2,119,119,143,0,1,3.5,météo très défavorable
2009-02-03,3,-0,14,3,1,0,7.2,98,4.375,1001,95,3,3,-4,122,122,248,3.2,1,3.6,météo très défavorable
2009-02-04,9,-0,20,-0,7,5,0.4,94,7.875,1001,38.5,9,5,0,143,116,113,0,1,8.7,météo très défavorable
2009-02-05,9,6,25,6,9,7,2.5,95,7.875,998,53.375,9,6,4,200,116,143,0,1,7,météo défavorable
2009-02-06,6,2,8,5,5,2,7.2,98,5.125,996,77.625,6,6,0,248,122,143,0,1,3.7,météo très défavorable
2009-02-07,3,0,22,2,3,0,2.5,95,4.125,998,91.75,3,3,-5,248,122,122,1.5,1,3.7,météo très défavorable
2009-02-08,2,-2,22,-0,2,-0,0.8,89,8.375,1013,71,2,0,-6,122,122,113,0.7,1,5.4,météo très défavorable
2009-02-09,6,-2,32,0,5,6,0.9,89,8.375,1013,59.5,6,5,-2,119,116,119,0,1,7.1,météo très défavorable
2009-02-10,8,2,35,7,8,3,1.2,83,8,1016,58.875,8,6,-1,116,116,116,0,1,7.1,météo très défavorable
2009-02-11,4,1,19,1,4,2,1.1,90,7.875,1021,54.5,4,1,-2,143,113,116,1,1,10.5,météo très défavorable
2009-02-12,1,-1,30,1,1,-0,2.2,92,5.375,1024,84.25,1,0,-5,143,119,119,1.8,1,5.3,météo très défavorable
2009-02-13,2,-2,8,-2,2,1,0.7,94,7,1024,74.75,2,0,-2,260,119,122,0.6,1,5.3,météo très défavorable
2009-02-14,1,-2,23,-0,1,-1,0.5,90,8.625,1029,64,1,0,-6,122,119,113,0.4,1,6.9,météo très défavorable
2009-02-15,2,-4,20,-4,2,-1,0,74,10,1030,21.75,2,0,-6,113,113,116,0,1,10.6,météo très défavorable
2009-02-16,3,-4,13,-4,2,1,0,81,10,1029,63.75,3,0,-3,116,119,122,0,1,6.9,météo très défavorable
2009-02-17,3,1,14,1,3,3,3.3,99,4.125,1027,98.125,3,3,-2,248,143,248,0,1,5.3,météo très défavorable
2009-02-18,4,-3,18,2,4,-0,0.7,94,9,1025,62.625,4,4,-5,122,116,116,0,1,10,météo très défavorable
2009-02-19,3,-5,18,-5,2,-1,0,66,10,1030,8.5,3,0,-5,113,116,113,0,1,10.7,météo très défavorable
2009-02-20,7,-4,11,-4,5,1,0,90,10,1032,10.625,7,0,-2,113,113,113,0,1,10.8,météo très défavorable
2009-02-21,7,-0,23,1,7,3,0,94,9,1033,33.75,7,2,-2,119,113,113,0,1,10.1,météo très défavorable
2009-02-22,5,-1,10,-0,4,2,0.6,96,5.25,1032,53.25,5,3,1,260,116,143,0,1,8.5,météo très défavorable
2009-02-23,6,4,18,4,6,5,0.8,92,6.75,1026,79.625,6,4,2,143,119,119,0,1,5.4,météo très défavorable
2009-02-24,6,2,22,3,6,4,0.1,86,10,1027,57.875,6,3,0,119,119,113,0,1,8.5,météo très défavorable
2009-02-25,8,-2,4,-2,7,-0,0,87,8.75,1030,19.75,8,1,1,260,113,113,0,1,10.9,météo très défavorable
2009-02-26,11,-1,10,-0,10,3,0,77,10,1030,22.5,11,2,1,113,116,116,0,1,11,météo très défavorable
2009-02-27,11,0,16,1,10,6,0,84,9,1025,15,11,4,4,143,113,113,0,1,11,météo très défavorable
2009-02-28,14,-1,13,-1,11,9,0,86,10,1021,9.875,14,7,5,113,113,113,0,1,11,météo très défavorable
2009-03-01,12,6,17,6,12,8,1.1,92,9.875,1013,45.625,12,7,6,116,116,116,0,1,10.1,météo défavorable
2009-03-02,7,5,8,5,7,6,1.1,94,5,1020,87.75,8,7,5,143,122,143,0,1,5.6,météo très défavorable
2009-03-03,10,3,10,3,10,4,0.3,79,8.375,1021,41.125,10,4,2,116,116,113,0,1,10.1,météo très défavorable
2009-03-04,6,2,35,4,6,4,5.2,98,9.625,1006,51.5,6,4,0,116,119,122,0,1,8.6,météo très défavorable
2009-03-05,4,1,24,1,4,3,0.4,83,8,993,69.25,5,1,-2,116,116,122,0.3,1,8.6,météo très défavorable
2009-03-06,6,1,30,1,5,2,0.7,82,7.5,1010,56.875,6,0,-4,122,116,116,0,1,10.1,météo très défavorable
2009-03-07,8,-2,17,-2,7,3,0,85,8,1020,23.625,8,1,0,143,113,116,0,1,11.3,météo très défavorable
2009-03-08,9,3,14,4,9,8,1.8,92,8.875,1019,76.625,9,7,2,122,116,122,0,1,5.7,météo très défavorable
2009-03-09,7,2,21,2,7,2,1,91,8.875,1023,40,7,5,1,143,116,116,0,1,10.1,météo très défavorable
2009-03-10,6,2,15,2,6,4,4.5,100,8.5,1024,72.25,6,4,0,143,119,122,0,1,7.2,météo très défavorable
2009-03-11,9,2,17,6,9,5,0.5,92,5.5,1028,58.25,9,5,2,248,116,113,0,1,10.1,météo très défavorable
2009-03-12,12,-1,5,-1,11,5,0,88,7,1029,19.125,12,4,4,143,116,113,0,1,11.6,météo très défavorable
2009-03-13,14,5,7,5,14,6,0.1,88,9,1026,41.375,14,7,6,143,113,116,0,1,11.6,météo correcte
2009-03-14,16,3,14,4,16,10,0.1,93,9,1023,36.125,16,9,9,116,113,113,0,1,11.6,météo correcte
2009-03-15,13,5,19,5,13,9,0.1,75,10,1031,16.5,13,8,6,113,113,113,0,1,11.6,météo correcte
2009-03-16,13,4,17,4,12,9,0,83,10,1031,7.25,13,7,6,113,113,113,0,1,11.6,météo correcte
2009-03-17,14,1,12,1,12,10,0,85,6.25,1031,42.875,14,7,7,248,113,113,0,1,11.6,météo très défavorable
2009-03-18,15,4,17,4,14,10,0,76,10,1029,10,15,7,8,113,113,113,0,1,11.6,météo correcte
2009-03-19,14,1,25,1,13,10,0,58,10,1024,13.25,14,2,6,116,113,113,0,1,11.6,météo très défavorable
2009-03-20,8,1,33,1,8,3,0,54,10,1027,1.75,8,0,-1,113,113,113,0,1,11.6,météo très défavorable
2009-03-21,9,-3,24,-3,7,5,0,52,10,1028,4.75,9,0,-1,113,113,113,0,1,11.6,météo très défavorable
2009-03-22,12,-1,20,-1,11,7,0,73,10,1029,4.875,12,3,4,113,113,113,0,1,11.6,météo très défavorable
2009-03-23,13,0,17,0,11,5,0,91,8,1029,14.5,13,4,5,143,113,113,0,1,11.6,météo très défavorable
2009-03-24,7,3,28,3,6,4,2.1,85,9.75,1019,62,7,5,-0,116,119,119,0,1,8.9,météo très défavorable
2009-03-25,7,-1,20,1,7,5,2,96,7.875,1019,56.375,7,4,2,116,119,122,0,1,7.6,météo très défavorable
2009-03-26,11,4,14,4,11,8,0.2,79,7.75,1016,52.875,11,5,5,143,116,119,0,1,9,météo très défavorable
2009-03-27,12,4,18,6,12,10,0.2,81,10,1013,49,12,6,5,116,119,116,0,1,9,météo très défavorable
2009-03-28,8,4,18,7,8,6,7.7,94,9.5,1007,59.75,8,7,3,122,122,113,0,1,7.7,météo très défavorable
2009-03-29,10,3,28,4,9,6,0.1,78,10,1012,48.375,10,3,2,122,113,116,0,1,11.6,météo très défavorable
2009-03-30,9,2,24,2,9,6,0.1,76,10,1019,42.25,9,2,3,116,119,116,0,1,9,météo très défavorable
2009-03-31,12,2,20,2,12,8,0,79,6.25,1020,41.875,12,5,6,248,113,113,0,1,11.6,météo très défavorable
2009-04-01,13,2,16,4,12,10,0.1,83,8,1014,37,13,7,6,143,113,113,0,1,11.6,météo correcte
2009-04-02,14,3,10,3,14,10,0.5,90,6.875,1016,46.875,14,8,9,248,113,116,0,1,11.6,météo correcte
2009-04-03,15,8,10,9,14,11,1.3,94,6.125,1021,68.125,15,10,10,248,116,113,0,1,10.3,météo défavorable
2009-04-04,16,5,13,7,16,12,0.4,88,6.125,1022,48.25,16,10,11,248,113,113,0,1,11.6,météo correcte
2009-04-05,17,6,13,7,16,12,0.2,92,6.75,1023,52.875,17,10,10,143,119,113,0,1,9.1,météo correcte
2009-04-06,19,5,20,8,19,15,0,75,8,1018,10.5,19,10,14,113,113,113,0,1,11.6,météo favorable
2009-04-07,12,8,11,9,12,10,0.8,92,7.5,1016,52.75,12,8,8,119,122,116,0,1,10.3,météo défavorable
2009-04-08,15,5,7,7,15,8,0,89,6.25,1018,44,15,8,8,248,113,113,0,1,11.6,météo correcte
2009-04-09,19,4,12,8,18,13,0,79,7,1019,16.75,19,10,13,143,113,116,0,1,11.6,météo favorable
2009-04-10,19,10,23,10,19,14,0.1,79,9.875,1013,17.375,19,10,13,113,116,200,0,1,11.6,météo favorable
2009-04-11,18,8,10,10,18,13,5.1,97,7.625,1010,38.5,18,13,13,143,113,143,0,1,10.4,météo favorable
2009-04-12,18,11,13,11,17,14,0.9,86,6.5,1011,34.75,18,13,14,143,113,113,0,1,13.2,météo favorable
2009-04-13,17,10,16,10,16,14,1,92,6,1010,57.625,17,12,11,248,113,113,0,1,12.1,météo correcte
2009-04-14,20,8,8,11,20,15,0.3,88,6.25,1009,49.375,20,12,14,248,113,113,0,1,12.1,météo favorable
2009-04-15,19,10,25,10,19,14,0.2,61,9.875,1008,16.125,19,9,13,113,113,116,0,1,13.8,météo favorable
2009-04-16,13,8,10,8,13,8,5.8,95,8.5,1010,64.875,13,8,6,143,119,113,0,1,11,météo correcte
2009-04-17,14,4,9,7,14,10,3.4,92,7.25,1013,49,14,10,9,248,200,116,0,1,13.3,météo correcte
2009-04-18,15,4,15,8,15,11,2.7,90,7.25,1015,45.625,15,10,10,248,113,113,0,1,13.3,météo correcte
2009-04-19,15,3,12,8,15,11,2.3,98,4.625,1019,70.75,15,11,11,143,116,248,0,1,13.3,météo très défavorable
2009-04-20,17,10,22,10,17,13,7.5,93,8.75,1019,62,17,13,9,200,200,200,0,1,12.2,météo correcte
2009-04-21,19,10,26,10,19,16,4.4,83,9.5,1020,38.625,19,13,13,200,116,113,0,1,13.3,météo favorable
2009-04-22,19,10,25,10,19,15,0,71,10,1022,11.875,19,10,14,113,113,113,0,1,14,météo favorable
2009-04-23,17,7,19,8,17,13,0,65,9,1023,4.75,17,7,11,113,113,113,0,1,14,météo correcte
2009-04-24,16,4,9,5,15,12,0.5,74,9.875,1019,6.625,16,9,10,113,113,113,0,1,14,météo correcte
2009-04-25,13,10,15,10,11,13,2.1,92,8.625,1013,39.125,13,11,11,113,116,200,0,1,13.4,météo correcte
2009-04-26,17,9,7,11,12,11,6.4,97,6.125,1011,66,17,12,10,143,122,143,0,1,11.1,météo défavorable
2009-04-27,14,7,7,7,14,10,0.1,86,7.75,1010,53.625,14,9,9,248,116,116,0,1,12.2,météo correcte
2009-04-28,14,7,13,7,13,9,1,81,9.25,1007,50.75,14,6,7,116,116,113,0,1,13.4,météo correcte
2009-04-29,11,3,18,6,9,8,3.6,95,8.5,1018,54.625,11,8,5,200,119,143,0,1,11.1,météo très défavorable
2009-04-30,15,3,11,6,15,12,0.1,80,6.5,1019,41.25,16,8,11,143,113,113,0,1,14.2,météo correcte
2009-05-01,16,6,15,8,16,15,0,77,8,1025,32.25,17,11,13,113,116,119,0,1,13.4,météo correcte
2009-05-02,18,10,20,12,18,15,0.3,76,8.875,1027,31.25,19,12,15,116,113,113,0,1,14.3,météo favorable
2009-05-03,19,10,18,11,19,14,0.1,78,10,1027,25,19,11,14,116,116,113,0,1,14.3,météo favorable
2009-05-04,16,9,21,11,16,12,0.1,64,10,1026,45.5,16,9,10,116,116,113,0,1,13.4,météo correcte
2009-05-05,15,6,13,8,15,13,0,78,10,1027,27.875,15,9,11,116,116,113,0,1,14.3,météo correcte
2009-05-06,20,5,8,10,19,14,0.1,91,6.25,1026,45.375,20,14,12,248,113,113,0,1,12.3,météo favorable
2009-05-07,23,7,9,12,23,19,0.2,72,9,1021,6.875,25,14,19,113,113,113,0,1,14.4,météo favorable
2009-05-08,19,12,16,14,19,16,6.3,97,6.875,1020,56.75,19,16,16,113,200,248,0,1,13.4,météo correcte
2009-05-09,21,11,18,12,21,18,0,70,6.75,1020,27.375,24,13,18,143,113,113,0,1,14.5,météo favorable
2009-05-10,17,13,18,14,13,14,1,90,8.75,1018,36.875,17,13,13,113,116,119,0,1,13.5,météo correcte
2009-05-11,24,10,16,13,22,19,0.1,70,9.875,1016,28.125,25,14,18,116,200,113,0,1,14.5,météo correcte
2009-05-12,22,15,12,15,22,19,2.3,82,9.75,1016,20.375,25,16,20,113,200,113,0,1,14.5,météo correcte
2009-05-13,21,12,19,14,21,18,0.8,80,9.875,1016,22.125,24,14,18,113,113,116,0,1,14.5,météo favorable
2009-05-14,19,12,12,12,19,15,2.8,93,7.75,1011,62.125,19,15,13,116,116,119,0,1,11.4,météo correcte
2009-05-15,13,9,13,11,13,12,4.6,96,7.25,1015,65.875,13,12,10,248,122,113,0,1,11.4,météo défavorable
2009-05-16,20,2,8,9,19,17,0,80,8,1017,15,21,14,15,113,113,113,0,1,14.5,météo favorable
2009-05-17,22,12,25,14,22,15,2.5,91,9.75,1019,24,24,14,15,113,113,116,0,1,14.5,météo favorable
2009-05-18,20,10,8,12,20,15,0.1,76,6.5,1021,43.125,20,11,16,143,113,113,0,1,14.5,météo favorable
2009-05-19,24,7,8,13,23,19,0.2,78,9,1022,11.25,25,15,19,113,113,116,0,1,14.5,météo favorable
2009-05-20,26,10,13,14,25,22,0,70,8,1022,9.25,27,17,21,113,113,113,0,1,14.5,météo favorable
2009-05-21,26,15,19,16,25,22,0.3,72,9.875,1018,15.5,27,17,20,116,113,113,0,1,14.5,météo idéale
2009-05-22,24,16,11,19,23,21,0.1,78,9.875,1018,26.125,25,17,20,113,113,113,0,1,14.5,météo idéale
2009-05-23,22,12,15,14,20,22,0.2,91,9,1017,21.375,25,19,20,113,119,113,0,1,13.5,météo correcte
2009-05-24,29,18,6,20,29,26,0.1,72,10,1019,14.625,31,20,25,113,113,113,0,1,14.5,météo idéale
2009-05-25,29,17,13,19,28,24,0.1,59,10,1018,19.875,30,17,24,113,113,116,0,1,14.5,météo idéale
2009-05-26,18,13,21,17,18,15,3,95,7.75,1024,63.875,18,16,14,248,116,119,0,1,10.7,météo correcte
2009-05-27,17,9,17,10,16,13,0.2,78,9.875,1030,17.625,17,9,12,113,113,116,0,1,14.5,météo correcte
2009-05-28,19,6,22,11,18,17,0,74,8,1030,33.625,19,12,16,119,116,113,0,1,13.6,météo favorable
2009-05-29,21,12,25,14,21,18,0,65,10,1029,12.375,24,12,18,116,113,113,0,1,14.5,météo favorable
2009-05-30,20,9,13,10,20,18,0.8,80,9.875,1019,11,20,15,17,113,113,113,0,1,14.5,météo favorable
2009-05-31,21,11,19,13,21,19,0.7,69,9,1018,24.875,24,13,18,113,113,113,0,1,14.5,météo favorable
2009-06-01,21,10,22,11,17,19,0.5,76,9.875,1018,21.125,21,15,16,116,116,113,0,1,14.5,météo favorable
2009-06-02,23,13,28,15,23,21,0,63,10,1018,6.625,25,14,20,113,113,113,0,1,14.5,météo favorable
2009-06-03,23,13,19,14,23,20,0,64,10,1018,8.25,24,13,20,113,113,113,0,1,14.5,météo favorable
2009-06-04,21,10,13,13,20,18,0,62,10,1016,9.125,21,11,18,113,113,113,0,1,14.5,météo favorable
2009-06-05,20,10,7,11,19,17,1.4,89,10,1012,36.375,20,15,17,116,113,116,0,1,14.5,météo favorable
2009-06-06,18,12,22,13,18,16,2.7,84,9.5,1004,40.5,18,14,16,113,200,200,0,1,13.6,météo correcte
2009-06-07,19,10,19,11,18,17,1.9,77,9.75,1011,40,19,12,16,200,116,116,0,1,14.5,météo favorable
2009-06-08,20,9,22,14,20,16,9.1,88,8.25,1011,58.5,20,16,16,116,116,200,0,1,12.7,météo correcte
2009-06-09,20,12,15,12,20,17,8.3,84,8.375,1017,41.5,20,15,17,116,200,113,0,1,14.5,météo correcte
2009-06-10,23,8,23,13,22,19,2.4,79,9,1019,21,25,15,19,113,116,116,0,1,14.5,météo favorable
2009-06-11,20,11,16,15,20,17,1.3,80,9.875,1023,37.25,20,15,16,119,113,113,0,1,13.6,météo favorable
2009-06-12,23,7,10,15,22,21,0,69,9,1024,14.625,25,15,21,113,113,113,0,1,14.5,météo favorable
2009-06-13,26,10,7,15,25,24,0,67,9,1022,3.375,27,17,22,113,113,113,0,1,14.5,météo favorable
2009-06-14,28,14,8,19,28,20,4.2,97,8.375,1020,34.625,30,20,20,113,116,248,0,1,13.6,météo favorable
2009-06-15,25,17,14,19,25,18,9.4,100,5.5,1020,57.75,26,19,18,143,116,248,0,1,13.6,météo correcte
2009-06-16,21,15,15,16,21,20,0.1,71,6.5,1024,38,24,16,19,143,113,113,0,1,14.5,météo favorable
2009-06-17,26,13,7,15,26,24,0,81,10,1024,5,28,21,21,113,113,113,0,1,14.5,météo favorable
2009-06-18,28,16,10,20,28,24,4.4,82,9.625,1021,17.875,31,22,24,116,113,113,0,1,14.5,météo favorable
2009-06-19,20,13,18,18,20,17,1,85,7.5,1023,55.625,20,18,16,116,116,113,0,1,12.7,météo correcte
2009-06-20,17,9,21,12,17,15,0.4,71,10,1024,38.875,17,10,15,116,119,116,0,1,13.6,météo correcte
2009-06-21,18,8,21,11,18,16,0.1,71,9,1024,36.25,18,11,16,116,116,116,0,1,14.5,météo favorable
2009-06-22,18,11,26,13,18,16,0.3,61,8.875,1024,30,18,11,16,116,116,113,0,1,14.5,météo favorable
2009-06-23,20,10,30,12,20,17,0,59,10,1024,21.75,20,9,17,113,116,113,0,1,14.5,météo favorable
2009-06-24,23,12,13,13,21,21,0,74,10,1017,9.5,25,17,18,113,113,113,0,1,14.5,météo favorable
2009-06-25,25,11,6,16,24,22,2,88,7.875,1011,26,26,19,22,116,116,113,0,1,14.5,météo favorable
2009-06-26,21,15,13,18,21,18,9.9,91,6.375,1015,55.625,24,20,18,248,200,116,0,1,13.6,météo correcte
2009-06-27,23,15,15,16,21,21,2.3,84,7.25,1016,59.625,25,17,19,248,119,113,0,1,11.8,météo correcte
2009-06-28,26,14,9,16,25,24,0,77,7.5,1016,39.5,27,19,22,116,113,113,0,1,14.5,météo favorable
2009-06-29,27,16,15,19,26,25,1.8,83,8.625,1018,22,28,21,25,113,113,113,0,1,14.5,météo idéale
2009-06-30,27,18,13,20,26,25,2.1,81,7.5,1020,33.25,29,22,25,113,113,113,0,1,14.5,météo favorable
2009-07-01,28,19,12,21,27,25,1,81,7.75,1020,19.25,29,22,25,113,113,113,0,1,14.5,météo idéale
2009-07-02,29,17,11,20,27,25,5,77,7.125,1019,39.375,30,21,25,113,113,113,0,1,14.5,météo favorable
2009-07-03,26,18,13,20,26,24,1.8,81,8.75,1018,17.125,28,21,23,143,113,113,0,1,14.5,météo idéale
2009-07-04,24,17,13,19,24,24,6.9,86,8.25,1015,33.25,26,21,23,116,113,113,0,1,14.5,météo favorable
2009-07-05,24,15,14,19,23,22,5.4,90,6.875,1013,50.75,26,20,22,113,116,116,0,1,14.5,météo favorable
2009-07-06,25,14,14,17,25,21,0.4,80,7,1014,31.75,26,18,21,143,116,116,0,1,14.5,météo favorable
2009-07-07,19,13,15,16,19,17,2.2,83,9.875,1015,45.5,19,14,17,116,116,113,0,1,14.5,météo favorable
2009-07-08,21,11,15,14,21,19,0.5,75,7.875,1018,36.625,24,14,17,143,116,113,0,1,13.6,météo favorable
2009-07-09,21,12,16,15,21,18,0.4,63,10,1019,34,21,14,18,116,116,116,0,1,13.6,météo favorable
2009-07-10,20,9,15,14,19,18,0,69,10,1020,52.25,20,12,17,122,116,116,0,1,11.7,météo favorable
2009-07-11,24,8,5,14,23,21,0,71,9,1020,23.125,25,16,19,116,113,113,0,1,14.5,météo favorable
2009-07-12,27,16,9,17,25,22,0.1,77,10,1017,36.25,27,18,20,116,116,116,0,1,14.5,météo favorable
2009-07-13,30,16,22,19,28,27,0.3,72,7.625,1016,31.125,31,19,24,143,113,116,0,1,14.5,météo favorable
2009-07-14,26,18,14,18,26,21,2.1,91,9.625,1016,47.875,27,19,21,116,119,200,0,1,13.5,météo correcte
2009-07-15,25,17,10,17,24,23,1,76,8.625,1022,54.75,26,18,21,116,116,113,0,1,13.5,météo favorable
2009-07-16,31,15,5,19,30,27,0.1,70,9,1023,14.5,34,21,27,113,113,113,0,1,14.5,météo idéale
2009-07-17,22,12,11,16,17,14,6,86,9.375,1018,56,24,17,14,116,116,122,0,1,13.5,météo correcte
2009-07-18,19,11,17,12,19,17,1,79,8.375,1021,61.875,19,12,11,122,116,116,0,1,12.5,météo correcte
2009-07-19,22,13,11,14,20,20,0.4,79,9.875,1021,61.625,24,16,17,119,119,119,0,1,10.5,météo correcte
2009-07-20,26,14,9,15,25,23,0,82,10,1022,22,26,21,22,116,113,113,0,1,14.5,météo favorable
2009-07-21,29,18,29,18,28,26,0,57,10,1018,11,30,17,24,113,113,113,0,1,14.5,météo idéale
2009-07-22,30,16,23,18,28,26,0.8,55,9.625,1013,23.5,30,16,24,116,200,113,0,1,14.5,météo correcte
2009-07-23,26,18,17,22,26,22,0.4,67,9.75,1017,24.125,27,17,22,113,200,113,0,1,14.5,météo correcte
2009-07-24,24,13,27,16,24,16,2,91,7.875,1024,40.375,25,15,16,116,116,113,0,1,13.5,météo favorable
2009-07-25,22,12,12,15,22,20,0.3,67,7.625,1026,27.375,25,14,19,143,116,113,0,1,14.5,météo favorable
2009-07-26,27,10,4,14,26,22,0,74,9,1025,3.875,27,18,22,113,113,113,0,1,14.5,météo favorable
2009-07-27,28,16,18,17,28,19,0.9,97,8.625,1021,27.5,28,18,19,113,113,248,0,1,12.5,météo idéale
2009-07-28,25,12,9,16,25,22,0,66,8,1022,4.75,26,15,21,113,113,113,0,1,14.5,météo favorable
2009-07-29,30,14,11,17,28,26,0,60,9,1020,3,30,17,23,113,113,113,0,1,14.5,météo favorable
2009-07-30,23,15,13,17,23,20,0,64,10,1025,13.625,25,15,19,113,113,113,0,1,14.5,météo favorable
2009-07-31,24,12,9,14,23,20,0,72,10,1024,14.75,25,15,19,113,113,113,0,1,14.5,météo favorable
2009-08-01,31,10,21,17,28,26,0.1,57,10,1018,4.75,30,16,23,113,113,113,0,1,14.5,météo favorable
2009-08-02,22,13,18,17,20,18,3.8,77,8.375,1018,56.875,25,16,18,248,119,116,0,1,12.4,météo correcte
2009-08-03,22,10,13,14,20,19,0,63,10,1020,26.5,24,12,18,113,116,116,0,1,14.5,météo favorable
2009-08-04,25,13,15,15,24,22,0,63,10,1020,12.25,25,14,21,113,113,113,0,1,14.5,météo favorable
2009-08-05,27,11,8,16,26,23,0,67,8,1019,9.875,27,17,22,113,113,113,0,1,14.5,météo favorable
2009-08-06,30,12,6,19,30,26,0,59,9,1018,5.5,32,18,26,113,113,113,0,1,14.5,météo favorable
2009-08-07,26,15,14,20,26,23,2.3,77,9.75,1019,27.5,27,19,23,113,116,116,0,1,14.5,météo favorable
2009-08-08,24,17,13,18,24,22,7.5,96,7.875,1019,41.25,26,20,19,248,113,113,0,1,12.4,météo favorable
2009-08-09,24,16,11,17,24,18,4.9,92,8.375,1018,54.75,26,18,19,116,116,122,0,1,13.4,météo favorable
2009-08-10,24,16,13,17,22,20,3.2,90,7.375,1021,51.875,25,18,19,248,116,113,0,1,12.3,météo favorable
2009-08-11,25,12,13,16,24,22,0,74,10,1022,14,26,17,20,113,113,116,0,1,14.2,météo favorable
2009-08-12,26,16,11,18,26,23,0,69,8.75,1023,32.25,27,17,23,116,113,113,0,1,14.2,météo favorable
2009-08-13,28,15,13,19,28,24,0,63,9,1020,7,28,17,24,113,113,113,0,1,14.2,météo idéale
2009-08-14,27,15,9,18,27,24,0,69,8.75,1018,22.375,28,18,24,116,113,113,0,1,14.1,météo idéale
2009-08-15,31,15,6,19,30,24,0,62,8,1019,2.375,31,17,24,113,113,113,0,1,14.1,météo idéale
2009-08-16,33,18,8,19,32,26,0.1,56,10,1019,7.875,33,17,26,113,113,113,0,1,14.1,météo idéale
2009-08-17,30,18,13,20,30,23,0.2,84,9.875,1018,22.5,31,20,23,113,200,113,0,1,14.1,météo correcte
2009-08-18,31,18,8,18,31,27,0.5,68,8.875,1020,6.875,34,20,26,113,113,113,0,1,14,météo idéale
2009-08-19,33,19,6,21,33,26,0,63,10,1021,7.875,37,20,27,113,113,113,0,1,14,météo favorable
2009-08-20,34,22,20,22,33,28,0.1,48,10,1021,11.25,34,17,28,113,113,113,0,1,14,météo idéale
2009-08-21,24,19,15,19,24,20,0.2,88,6.375,1023,42.125,26,19,19,143,116,116,0,1,12.2,météo favorable
2009-08-22,25,14,17,15,24,21,0,64,10,1023,17.75,25,13,20,116,113,113,0,1,13.9,météo favorable
2009-08-23,26,13,9,13,24,19,0,69,10,1022,1.25,26,13,19,113,113,113,0,1,13.9,météo favorable
2009-08-24,32,16,15,19,30,25,0.6,62,9.875,1014,10.5,32,19,26,113,113,200,0,1,13.8,météo idéale
2009-08-25,22,16,7,17,22,18,6.8,91,9.125,1017,53.625,25,18,18,116,116,116,0,1,13.8,météo favorable
2009-08-26,27,15,5,16,24,20,0.1,86,6.5,1018,47.25,28,17,19,143,113,113,0,1,13.3,météo favorable
2009-08-27,28,15,5,17,28,20,0,87,9,1020,7.125,29,18,20,113,113,113,0,1,13.7,météo idéale
2009-08-28,22,15,16,17,22,18,0,73,10,1020,22.875,25,16,18,119,113,113,0,1,13.3,météo favorable
2009-08-29,20,11,15,12,20,16,0,55,10,1023,7.5,20,10,16,113,113,116,0,1,13.7,météo favorable
2009-08-30,22,9,11,11,21,14,0,84,10,1023,3.125,24,12,15,113,113,113,0,1,13.7,météo favorable
2009-08-31,28,8,18,12,25,25,0,58,10,1020,2.375,29,16,20,113,113,113,0,1,13.2,météo favorable
2009-09-01,27,18,17,19,27,19,4.1,90,9.375,1019,34.625,27,18,19,113,200,200,0,1,9.1,météo correcte
2009-09-02,17,15,8,16,17,15,4.9,96,5.375,1020,71.875,17,16,15,143,116,143,0,1,6.6,météo défavorable
2009-09-03,21,16,27,18,21,18,0.5,81,9.875,1014,54.5,24,17,18,116,119,116,0,1,10.3,météo correcte
2009-09-04,17,12,25,15,17,14,1.9,94,8.75,1023,38.75,17,15,14,143,113,113,0,1,11.6,météo correcte
2009-09-05,18,7,14,9,18,14,0,66,10,1027,2.5,18,8,13,113,113,113,0,1,11.6,météo favorable
2009-09-06,21,8,10,9,20,16,0,72,10,1027,3.375,24,11,16,113,113,113,0,1,11.6,météo favorable
2009-09-07,25,8,13,11,24,16,0,86,10,1023,8.75,26,14,16,113,113,116,0,1,11.6,météo favorable
2009-09-08,26,10,7,12,26,16,0,87,10,1024,3.875,27,14,16,113,113,113,0,1,11.6,météo favorable
2009-09-09,25,10,12,13,24,20,0,65,9,1024,3.125,25,13,20,113,113,113,0,1,11.6,météo favorable
2009-09-10,24,12,22,12,23,20,0,63,10,1025,19.125,25,13,19,113,116,113,0,1,11.6,météo favorable
2009-09-11,21,14,19,14,20,17,0,71,10,1025,21.25,24,13,17,116,113,113,0,1,11.6,météo favorable
2009-09-12,19,12,14,12,19,18,0,70,10,1022,29.625,19,12,15,113,119,116,0,1,8.9,météo correcte
2009-09-13,21,11,15,11,20,16,0,65,10,1021,8.375,21,10,16,113,113,113,0,1,11.6,météo favorable
2009-09-14,17,11,27,11,17,14,0,76,10,1017,43.875,17,8,11,119,116,116,0,1,8.9,météo correcte
2009-09-15,14,6,5,7,14,10,2,97,4.5,1014,81.625,15,10,10,248,119,143,0,1,7.5,météo défavorable
2009-09-16,16,9,10,10,14,11,4.6,97,4.75,1013,81.625,16,12,10,248,122,143,0,1,8.9,météo défavorable
2009-09-17,22,8,11,11,22,16,0.2,90,5.625,1016,50.375,25,15,16,248,113,113,0,1,11.6,météo favorable
2009-09-18,21,12,8,12,21,16,1.9,88,6.125,1016,59.125,24,15,16,248,113,200,0,1,10.2,météo correcte
2009-09-19,20,12,5,13,20,14,3.5,96,5.125,1019,59.625,20,16,14,248,116,143,0,1,11.6,météo correcte
2009-09-20,16,13,8,13,15,14,7.8,97,5.125,1021,76.875,16,14,13,248,119,143,0,1,8.8,météo défavorable
2009-09-21,21,14,15,14,21,18,1.4,92,7.375,1024,55.75,24,16,16,248,116,113,0,1,10.2,météo correcte
2009-09-22,22,14,9,14,21,16,0,94,6.5,1027,47.25,25,15,16,248,116,113,0,1,11.6,météo favorable
2009-09-23,22,13,8,13,22,16,0,86,6.25,1027,42,25,15,16,248,113,113,0,1,11.6,météo favorable
2009-09-24,21,12,14,12,21,17,0,78,7.5,1024,29.375,24,14,17,113,113,113,0,1,11.6,météo favorable
2009-09-25,20,12,13,12,19,16,0.1,84,8,1023,47.25,20,14,15,143,116,116,0,1,8.8,météo favorable
2009-09-26,20,11,8,11,19,14,0,90,6.75,1024,31.375,20,13,14,143,113,113,0,1,11.6,météo favorable
2009-09-27,22,10,9,11,22,16,0.1,84,6.625,1025,28.875,25,14,16,248,113,113,0,1,11.6,météo favorable
2009-09-28,21,11,10,11,21,14,0,86,8,1025,9,24,12,15,113,113,113,0,1,11.6,météo favorable
2009-09-29,21,9,12,9,21,15,0,76,10,1023,2.625,24,12,15,113,113,113,0,1,11.6,météo favorable
2009-09-30,21,8,4,8,21,12,0,89,8,1020,1.125,25,13,13,143,113,113,0,1,11.6,météo favorable
2009-10-01,21,9,15,9,21,15,0,76,9,1018,9.625,21,12,15,143,116,113,0,1,11.6,météo favorable
2009-10-02,18,9,19,9,18,13,0,77,10,1020,5.5,18,10,12,113,113,113,0,1,11.6,météo favorable
2009-10-03,18,6,6,6,18,10,0,86,8,1021,5.75,18,8,10,143,113,113,0,1,11.6,météo favorable
2009-10-04,17,6,8,6,17,8,0,89,8,1019,2.875,17,8,8,143,113,113,0,1,11.6,météo correcte
2009-10-05,21,7,24,10,21,19,0.2,67,10,1019,34.75,24,14,14,116,116,116,0,1,11.6,météo favorable
2009-10-06,21,16,30,18,20,20,0.3,80,9.375,1019,44.125,21,16,19,116,116,116,0,1,11.6,météo favorable
2009-10-07,25,16,23,16,25,20,0.7,69,9.875,1020,23.5,26,15,20,113,113,116,0,1,11.6,météo idéale
2009-10-08,17,13,10,17,17,14,15.6,98,6.5,1017,68.25,17,16,15,200,119,248,0,1,5.8,météo défavorable
2009-10-09,18,10,2,12,16,11,0.3,96,4.5,1018,64.5,18,14,12,143,116,143,0,1,10.1,météo correcte
2009-10-10,17,12,13,14,17,13,3,97,4.875,1020,79.5,17,14,13,248,119,248,0,1,8.7,météo défavorable
2009-10-11,17,9,11,9,17,13,0.1,87,6.25,1021,59.625,17,12,13,248,113,116,0,1,11.5,météo correcte
2009-10-12,14,8,25,11,14,10,1.7,77,8.875,1027,44,14,13,7,116,116,113,0,1,11.5,météo correcte
2009-10-13,13,5,24,5,13,9,0,70,10,1028,11,13,6,5,113,113,113,0,1,8.7,météo correcte
2009-10-14,11,3,26,4,11,5,0,64,10,1027,5.5,11,4,2,113,113,113,0,1,8.7,météo très défavorable
2009-10-15,7,-1,21,-1,7,4,0,56,10,1027,1.75,7,0,-1,113,113,113,0,1,8.7,météo très défavorable
2009-10-16,10,-1,20,-1,10,7,0.2,79,9.375,1029,25.875,10,6,2,113,113,122,0,1,8.7,météo très défavorable
2009-10-17,10,5,27,5,10,7,0.6,79,8.875,1025,50.75,10,5,3,116,116,116,0,1,8.7,météo très défavorable
2009-10-18,10,1,18,1,9,5,0,79,7.75,1024,39.625,10,3,2,143,116,113,0,1,8.7,météo très défavorable
2009-10-19,9,-4,11,-4,9,5,0,67,9,1022,8.25,10,0,2,113,113,113,0,1,8.7,météo très défavorable
2009-10-20,14,6,28,7,14,10,0.2,72,9.375,1011,24.625,14,6,8,113,116,116,0,1,8.7,météo correcte
2009-10-21,12,9,14,10,12,9,7.7,94,8.625,1005,64.5,12,9,9,116,119,119,0,1,5.5,météo défavorable
2009-10-22,15,6,11,6,14,11,3.3,95,4.75,1007,67.625,15,11,10,248,113,143,0,1,8.7,météo défavorable
2009-10-23,13,6,12,9,13,8,0.8,93,7.125,1018,46.5,14,10,7,248,116,113,0,1,7.1,météo correcte
2009-10-24,13,6,7,6,11,11,0.1,90,6.75,1018,58.25,14,10,9,143,119,116,0,1,7.1,météo correcte
2009-10-25,15,7,10,12,15,9,1.2,94,5.625,1019,50.25,15,12,8,248,116,143,0,1,7.1,météo correcte
2009-10-26,14,5,12,5,14,10,0,92,6,1023,13.125,14,9,8,143,116,113,0,1,8.7,météo correcte
2009-10-27,13,4,8,4,13,7,0,80,7.5,1023,27.125,14,7,5,248,113,113,0,1,8.7,météo correcte
2009-10-28,15,4,7,4,15,7,0,88,10,1022,15.125,16,11,7,113,113,116,0,1,8.7,météo correcte
2009-10-29,15,4,15,4,15,11,0,85,10,1022,8.875,15,10,9,113,113,113,0,1,8.7,météo correcte
2009-10-30,11,3,6,3,10,5,0,74,7,1024,7.625,12,6,3,143,113,113,0,1,8.7,météo très défavorable
2009-10-31,14,3,5,4,12,6,0,90,10,1026,20.625,14,9,6,116,113,113,0,1,8.7,météo correcte
2009-11-01,16,6,23,9,15,14,4,91,6.625,1025,51.25,16,11,10,143,116,119,0,1,8.7,météo correcte
2009-11-02,13,7,19,10,9,8,9.3,85,9.25,1011,63.75,13,12,6,116,116,119,0,1,7.1,météo correcte
2009-11-03,10,5,15,5,7,10,5.7,97,6.375,1006,88.75,10,9,3,119,143,143,0,1,3.7,météo très défavorable
2009-11-04,11,7,17,9,11,7,3.4,95,9.5,1001,48.5,11,10,4,119,113,200,0,1,8.7,météo défavorable
2009-11-05,9,5,19,7,9,6,1,94,8.375,1007,67.75,9,5,5,116,119,143,0,1,5.4,météo très défavorable
2009-11-06,9,4,10,6,9,4,0.7,94,5.875,1012,57.125,9,6,4,143,119,143,0,1,5.4,météo très défavorable
2009-11-07,9,3,23,5,9,6,4,95,7.875,1010,70.625,9,7,3,119,116,122,0,1,5.4,météo très défavorable
2009-11-08,8,1,20,1,8,5,0.1,90,6.75,1007,32.25,8,4,1,248,113,116,0,1,8.7,météo très défavorable
2009-11-09,6,4,22,5,6,4,0.8,91,6,1015,97.25,6,4,1,122,122,122,0,1,3.7,météo très défavorable
2009-11-10,6,4,14,5,6,5,2.3,98,5.25,1015,93,6,5,2,248,143,119,0,1,3.7,météo très défavorable
2009-11-11,7,1,7,1,7,2,0,93,5.25,1013,49.125,8,4,-1,248,116,113,0,1,8.7,météo très défavorable
2009-11-12,11,2,13,5,11,10,2,95,9.875,1014,47.625,11,10,6,119,116,119,0,1,8.7,météo très défavorable
2009-11-13,15,9,29,9,14,13,0,94,7,1016,30.625,15,12,7,143,113,116,0,1,8.7,météo correcte
2009-11-14,15,9,34,13,15,11,2.7,90,8.625,1019,31.625,15,11,10,116,116,113,0,1,8.7,météo correcte
2009-11-15,13,8,13,10,13,11,1.1,94,6,1019,64,13,11,9,143,119,116,0,1,3.6,météo correcte
2009-11-16,16,12,16,13,16,13,3.1,92,8.625,1015,56.125,16,13,12,116,116,116,0,1,8.7,météo correcte
2009-11-17,17,11,22,12,17,13,0.7,92,9.125,1022,31.875,17,12,12,113,200,200,0,1,8.7,météo correcte
2009-11-18,13,6,3,9,13,7,0.3,94,5.75,1026,27.875,14,11,8,116,113,143,0,1,8.7,météo correcte
2009-11-19,13,5,12,5,12,10,0,83,7,1026,7.125,13,9,8,143,113,113,0,1,8.7,météo correcte
2009-11-20,17,10,17,10,17,12,0,73,10,1027,16.125,17,10,11,113,113,113,0,1,8.7,météo correcte
2009-11-21,15,9,21,9,15,12,0,73,10,1028,23.25,15,8,9,113,116,113,0,1,8.7,météo correcte
2009-11-22,12,9,19,11,12,11,4.1,93,9.5,1022,54.625,12,10,9,122,119,116,0,1,5.3,météo défavorable
2009-11-23,12,9,22,10,12,11,4.5,91,8.875,1023,73.5,12,10,8,119,119,122,0,1,3.6,météo défavorable
2009-11-24,13,9,15,11,13,11,1.5,91,9.875,1024,52.875,13,10,10,119,116,113,0,1,8.7,météo correcte
2009-11-25,13,6,23,6,13,10,0,80,10,1021,18.75,13,7,6,113,116,116,0,1,8.7,météo correcte
2009-11-26,12,7,15,7,12,7,0.1,82,10,1019,23.875,12,7,6,113,113,113,0,1,8.7,météo défavorable
2009-11-27,10,6,18,7,10,6,0.7,90,9.375,1016,41.5,10,6,5,116,116,116,0,1,8.7,météo défavorable
2009-11-28,9,5,27,5,9,9,0.1,83,10,1016,39.5,9,5,3,113,116,116,0,1,8.6,météo très défavorable
2009-11-29,11,7,36,11,11,8,13.8,95,7.875,1007,73.25,11,8,6,113,200,143,0,1,3.2,météo défavorable
2009-11-30,6,4,6,4,6,5,1.9,96,8.875,1003,74.125,6,4,3,122,116,143,0,1,6.9,météo très défavorable
2009-12-01,6,3,14,4,6,4,1.1,95,5,1016,77.75,6,4,1,143,122,143,0,1,3.2,météo très défavorable
2009-12-02,8,1,24,1,4,6,0,84,9,1017,28.5,8,4,-1,116,116,116,0,1,8.5,météo très défavorable
2009-12-03,8,5,12,6,7,7,2.9,93,8,1011,55,9,7,4,116,116,119,0,1,6.9,météo très défavorable
2009-12-04,4,0,19,3,3,2,1.9,98,6.5,1018,61,4,4,-2,248,119,143,0,1,3.2,météo très défavorable
2009-12-05,7,-0,15,1,7,5,0.1,91,9,1018,39.5,7,5,-1,116,119,116,0,1,6.9,météo très défavorable
2009-12-06,10,6,25,7,10,10,1.8,93,8.875,1016,66,10,9,5,116,116,122,0,1,6.9,météo défavorable
2009-12-07,11,9,22,9,10,11,6.6,95,7.875,1016,74,11,10,7,143,116,200,0,1,5,météo défavorable
2009-12-08,10,4,13,5,8,4,2.9,93,9,1024,35.625,10,8,4,113,116,116,0,1,8.4,météo très défavorable
2009-12-09,7,5,5,5,7,7,1,92,8.375,1028,84.625,8,6,5,122,122,119,0,1,3.2,météo très défavorable
2009-12-10,10,6,17,7,10,8,0.4,95,8,1029,56.375,10,9,5,119,122,113,0,1,5,météo défavorable
2009-12-11,6,4,26,4,6,5,0.2,95,8.75,1030,74.5,6,4,1,119,119,119,0,1,3.2,météo très défavorable
2009-12-12,4,1,28,3,3,1,0.7,82,8,1023,92.375,4,2,-5,122,119,122,0.6,1,3.2,météo très défavorable
2009-12-13,1,-2,23,-0,1,-1,0.3,79,9.375,1018,78.5,1,0,-6,122,119,116,0.3,1,3.1,météo très défavorable
2009-12-14,1,-4,18,-2,1,-2,0.1,73,10,1016,17.125,1,0,-8,113,113,113,0,1,8.4,météo très défavorable
2009-12-15,-1,-5,17,-4,-1,-4,0,73,10,1015,12.25,0,0,-9,113,113,113,0,1,8.4,météo très défavorable
2009-12-16,-1,-6,11,-5,-1,-3,0,82,10,1014,52.375,0,0,-8,119,119,119,0,1,6.8,météo très défavorable
2009-12-17,-1,-4,9,-4,-1,-3,1.1,87,9,1011,60.75,0,0,-7,116,113,122,1,1,8.4,météo très défavorable
2009-12-18,-1,-4,16,-2,-1,-2,1.8,90,6.375,1008,93.125,0,0,-7,122,122,122,1.5,1,3.1,météo très défavorable
2009-12-19,-5,-9,22,-7,-5,-8,0.6,90,8.375,1013,72.75,0,0,-14,122,122,119,0.6,1,3.1,météo très défavorable
2009-12-20,-0,-11,27,-7,-5,-1,1.8,92,6.75,1015,67.875,0,0,-12,119,119,122,0.8,1,5,météo très défavorable
2009-12-21,6,-1,40,-1,4,5,4.1,91,9.375,1010,63.25,6,5,-5,116,116,122,0.2,1,5,météo très défavorable
2009-12-22,9,6,29,7,9,7,3,99,8.5,995,57.875,9,8,3,200,116,119,0,1,8.4,météo défavorable
2009-12-23,5,1,12,1,3,2,11,96,6.25,1001,71,5,5,-1,143,119,143,0,1,5,météo très défavorable
2009-12-24,12,3,22,3,10,10,11.2,97,3.875,996,71.5,12,11,4,248,116,248,0,1,5,météo très défavorable
2009-12-25,10,-0,24,4,6,2,0.4,90,10,1015,37.375,10,9,-0,122,116,113,0,1,8.4,météo très défavorable
2009-12-26,2,-0,10,-0,2,-0,0,83,9,1014,35.125,2,0,-1,143,116,116,0,1,8.7,météo très défavorable
2009-12-27,5,-1,19,-1,5,4,0.1,88,10,1015,51,5,3,-3,113,119,119,0,1,5.1,météo très défavorable
2009-12-28,4,2,16,3,2,3,2.3,94,9.125,1014,66,4,4,-2,116,119,122,0,1,6.9,météo très défavorable
2009-12-29,13,5,27,6,13,10,4.2,96,9.875,1004,43,13,10,4,116,113,113,0,1,8.7,météo correcte
2009-12-30,11,9,28,9,11,10,11.1,97,9.25,1001,57,11,10,7,116,116,116,0,1,8.7,météo défavorable
2009-12-31,10,5,13,8,10,5,6.8,94,9.375,998,53.875,10,7,5,200,116,113,0,1,8.7,météo très défavorable
2010-01-01,5,-0,21,4,4,1,4.9,97,6.375,1009,91.25,5,4,-3,122,122,122,1.2,1,3.3,météo très défavorable
2010-01-02,1,-3,13,-2,1,-2,0.3,88,9,1025,27.625,1,0,-6,113,113,113,0.2,1,8.7,météo très défavorable
2010-01-03,-0,-3,8,-2,-1,-2,0,63,10,1025,37.875,0,0,-4,116,113,116,0,1,8.7,météo très défavorable
2010-01-04,-1,-5,13,-4,-1,-4,0.4,70,8.875,1018,20.375,0,0,-9,116,113,113,0.4,1,8.7,météo très défavorable
2010-01-05,-2,-5,10,-5,-4,-4,0.4,82,8.875,1011,52.875,0,0,-8,116,116,116,0.4,1,6.9,météo très défavorable
2010-01-06,-0,-4,8,-4,-0,-2,0.2,89,9,1007,57.375,0,0,-4,116,116,119,0.2,1,8.7,météo très défavorable
2010-01-07,1,-5,10,-5,1,-1,0,83,9,1010,42.75,1,0,-6,116,116,116,0,1,8.7,météo très défavorable
2010-01-08,-1,-3,32,-2,-3,-3,2.6,91,5.875,1010,92.625,0,0,-10,122,122,122,0.6,1,3.3,météo très défavorable
2010-01-09,-4,-5,24,-5,-4,-4,2.8,94,6.375,1009,100,0,0,-12,122,122,122,2.4,1,3.3,météo très défavorable
2010-01-10,-2,-8,10,-4,-2,-5,1.1,93,5.75,1017,78.75,0,0,-9,143,122,116,0.9,1,3.3,météo très défavorable
2010-01-11,-3,-11,7,-11,-3,-10,0,95,5,1021,10,0,0,-13,143,113,143,0,1,8.7,météo très défavorable
2010-01-12,0,-12,18,-11,-4,-3,0.7,97,7.625,1021,33.25,0,0,-10,260,113,116,0,1,8.7,météo très défavorable
2010-01-13,2,-0,18,1,2,2,4.5,100,9.5,1009,84,2,2,-3,122,119,116,0,1,3.4,météo très défavorable
2010-01-14,1,-0,14,-0,1,-0,4.2,91,7.5,1010,81.375,2,1,-4,113,122,122,0,1,3.4,météo très défavorable
2010-01-15,3,-0,12,0,3,1,0.3,99,2.5,1025,86.375,3,2,-2,143,143,248,0,1,3.4,météo très défavorable
2010-01-16,5,-2,28,-1,4,4,2.7,95,6.375,1025,59.875,5,4,-4,116,116,119,0,1,6.9,météo très défavorable
2010-01-17,8,1,12,5,8,3,0.9,96,6.125,1027,65.25,8,6,0,122,116,143,0,1,6.9,météo très défavorable
2010-01-18,6,1,13,3,6,3,0.1,97,4,1028,76.5,6,4,-0,116,116,248,0,1,6.9,météo très défavorable
2010-01-19,5,-2,10,-2,2,-1,0,80,6.75,1026,29.25,5,0,-4,143,116,119,0,1,8.7,météo très défavorable
2010-01-20,4,-1,16,-1,1,3,1.8,96,7.25,1018,52.625,4,3,-2,116,122,143,0,1,5.2,météo très défavorable
2010-01-21,4,1,8,2,4,1,0.6,97,2.5,1025,74.5,4,3,0,248,122,143,0,1,3.4,météo très défavorable
2010-01-22,4,-3,6,-2,3,-2,0,91,6.75,1024,23.625,4,1,-4,260,116,113,0,1,8.7,météo très défavorable
2010-01-23,5,-3,15,-2,4,2,0,95,9,1024,16,5,2,-3,113,113,116,0,1,8.7,météo très défavorable
2010-01-24,5,1,6,1,5,3,1.6,97,4.625,1024,81.875,5,3,1,143,122,248,0,1,3.5,météo très défavorable
2010-01-25,4,-0,15,2,4,1,0.4,96,7.625,1029,73.25,4,2,-3,143,119,116,0,1,7,météo très défavorable
2010-01-26,1,-3,32,-1,1,-1,0.1,88,7.375,1032,76.875,1,0,-7,143,122,119,0.1,1,3.5,météo très défavorable
2010-01-27,-0,-4,18,-4,-1,-4,0,65,10,1029,16,0,0,-9,113,113,113,0,1,8.7,météo très défavorable
2010-01-28,0,-3,9,-2,-1,-0,1.3,95,6.375,1024,77.125,0,0,-5,122,122,143,1.1,1,3.5,météo très défavorable
2010-01-29,3,-1,25,-0,3,1,4,95,5.75,1010,86.75,3,1,-4,143,122,122,0.5,1,3.5,météo très défavorable
2010-01-30,1,-4,13,-1,0,-2,0.7,95,6.75,1004,54.375,1,1,-6,143,119,143,0.4,1,5.2,météo très défavorable
2010-01-31,-0,-6,13,-5,-0,-2,0.1,91,7.125,1014,41.625,0,0,-6,260,119,116,0.1,1,5.2,météo très défavorable
2010-02-01,-0,-6,15,-6,-1,-0,0.9,95,4.625,1024,59.5,0,0,-6,143,122,143,0.7,1,5.3,météo très défavorable
2010-02-02,2,-0,22,0,2,2,1.1,89,5.125,1024,85.125,3,0,-3,143,116,119,0.4,1,5.3,météo très défavorable
2010-02-03,5,0,12,1,4,0,0.7,92,9,1020,61,5,3,-2,122,119,113,0,1,5.3,météo très défavorable
2010-02-04,8,-1,24,-0,8,4,0.8,92,9.875,1019,29.25,8,4,-2,116,113,116,0,1,8.7,météo très défavorable
2010-02-05,5,2,14,5,4,3,8.3,99,8.125,1015,76.625,5,4,1,119,122,248,0,1,5.4,météo très défavorable
2010-02-06,7,2,15,3,7,4,1.7,96,6,1015,69.25,7,4,0,143,119,143,0,1,3.7,météo très défavorable
2010-02-07,3,2,23,2,3,2,0,94,10,1019,69.875,4,2,-3,119,119,119,0,1,3.7,météo très défavorable
2010-02-08,4,-2,11,-2,2,0,0,86,8,1014,37.625,5,0,-3,143,113,116,0,1,8.7,météo très défavorable
2010-02-09,1,-1,17,-0,-0,-0,2.6,90,7,1005,91.25,1,0,-5,119,122,122,2.2,1,3.8,météo très défavorable
2010-02-10,-1,-6,23,-4,-3,-5,0.5,86,9,1009,57.375,0,0,-12,119,116,116,0.4,1,7.1,météo très défavorable
2010-02-11,-4,-7,32,-7,-4,-5,0.5,84,9,1008,85,0,0,-14,119,122,122,0.4,1,5.2,météo très défavorable
2010-02-12,-2,-4,22,-4,-2,-3,1.1,89,6.375,1016,97.5,0,0,-9,122,122,122,0.8,1,5.3,météo très défavorable
2010-02-13,-2,-6,17,-5,-2,-5,0.2,92,9.375,1016,59,0,0,-9,122,116,113,0.1,1,10,météo très défavorable
2010-02-14,-1,-7,11,-7,-1,-5,0,90,6.5,1015,34.125,0,0,-8,260,116,113,0,1,10.6,météo très défavorable
2010-02-15,-1,-8,5,-8,-1,-6,0,86,7,1013,17.125,0,0,-8,143,113,113,0,1,10.6,météo très défavorable
2010-02-16,2,-8,10,-7,0,1,0.9,82,9.875,1007,31,2,0,-5,113,113,119,0,1,10,météo très défavorable
2010-02-17,4,1,11,1,2,1,6.9,98,6.125,996,85.75,4,4,-1,119,143,248,0,1,5.3,météo très défavorable
2010-02-18,10,1,10,2,9,4,1,95,5.375,1002,51.75,10,7,1,248,113,113,0,1,10.7,météo très défavorable
2010-02-19,4,2,17,2,4,2,2.5,95,6,1002,87.125,4,3,-1,248,122,119,0.1,1,5.4,météo très défavorable
2010-02-20,4,-0,13,1,4,-0,0.9,96,8.875,1007,61.125,4,2,0,119,122,143,0,1,10,météo très défavorable
2010-02-21,8,1,28,2,8,6,1.6,82,9.25,1008,52.75,8,4,2,119,113,122,0,1,10.1,météo très défavorable
2010-02-22,12,5,35,5,12,8,1.1,84,8.375,999,52.25,12,6,3,116,113,116,0,1,10.8,météo très défavorable
2010-02-23,11,7,21,7,11,8,5.9,96,9.375,1002,71.375,11,8,5,116,119,200,0,1,7,météo défavorable
2010-02-24,11,5,20,5,11,7,0.8,88,7,1007,46.875,11,7,4,143,119,113,0,1,8.5,météo très défavorable
2010-02-25,10,5,28,6,8,10,5.7,93,9.25,1007,72.75,10,9,4,116,122,122,0,1,5.5,météo très défavorable
2010-02-26,10,3,30,7,9,7,3.3,82,9.375,1012,36.75,10,8,2,113,116,113,0,1,11,météo très défavorable
2010-02-27,11,2,45,2,11,8,1.3,88,8.875,1013,36.75,11,6,3,113,116,116,0,1,11,météo très défavorable
2010-02-28,13,5,31,10,13,8,0.9,79,9.875,1010,30.875,13,8,5,119,113,113,0,1,11,météo correcte
2010-03-01,10,1,6,1,10,6,0.5,84,7,1016,43.75,10,4,5,143,116,119,0,1,10.1,météo très défavorable
2010-03-02,11,3,15,4,10,7,0.4,96,8,1022,43.375,11,6,4,122,119,143,0,1,8.6,météo très défavorable
2010-03-03,6,1,12,1,6,3,0.3,81,8.375,1020,53.625,6,4,1,116,119,119,0,1,7.1,météo très défavorable
2010-03-04,6,1,21,1,4,3,0.5,83,8.875,1019,39.875,6,0,-1,116,116,113,0,1,10.1,météo très défavorable
2010-03-05,5,-3,31,-2,4,0,0,56,10,1028,1,5,0,-5,113,113,113,0,1,11.2,météo très défavorable
2010-03-06,4,-4,19,-3,3,1,0.1,75,9.625,1027,37.625,4,0,-4,116,119,113,0.1,1,10.1,météo très défavorable
2010-03-07,1,-5,21,-5,0,-1,0.5,79,9,1022,40,1,0,-8,116,113,116,0.4,1,11.3,météo très défavorable
2010-03-08,4,-4,35,-4,2,0,0.1,48,9.625,1018,17.25,4,0,-7,116,113,113,0.1,1,11.3,météo très défavorable
2010-03-09,0,-6,41,-6,0,-3,0,58,10,1016,15.75,0,0,-10,113,113,116,0,1,11.3,météo très défavorable
2010-03-10,1,-4,19,-4,1,-2,0.1,71,9.625,1016,61,1,0,-7,116,116,122,0.1,1,8.6,météo très défavorable
2010-03-11,1,-4,15,-2,1,-1,0.8,90,7,1018,82.5,1,0,-5,122,122,119,0.6,1,5.7,météo très défavorable
2010-03-12,6,-5,13,-5,4,-1,0,72,7,1023,11.25,6,0,-4,143,113,113,0,1,11.4,météo très défavorable
2010-03-13,8,-4,22,-4,7,2,0,78,9,1028,4,8,0,-2,113,113,113,0,1,11.6,météo très défavorable
2010-03-14,7,-2,17,-2,7,2,0,81,8.75,1029,36.875,8,0,-2,116,113,116,0,1,10.2,météo très défavorable
2010-03-15,9,2,24,2,9,5,0.1,88,9,1029,41.75,9,3,2,116,116,113,0,1,11.6,météo très défavorable
2010-03-16,11,-0,12,0,11,5,0,79,10,1029,11,11,2,2,113,113,113,0,1,11.6,météo très défavorable
2010-03-17,16,-1,14,1,15,10,0,73,10,1030,24.125,16,6,5,116,116,113,0,1,11.6,météo très défavorable
2010-03-18,14,5,25,5,14,11,0,67,10,1029,39.875,14,5,6,113,122,113,0,1,8.8,météo correcte
2010-03-19,17,7,23,7,17,14,0,70,10,1026,26.375,17,9,9,116,113,113,0,1,11.6,météo correcte
2010-03-20,18,10,37,10,16,13,0.2,73,10,1020,44.5,18,10,10,116,116,116,0,1,11.6,météo favorable
2010-03-21,13,7,15,11,13,9,4.2,93,8.25,1023,62.25,13,11,7,200,119,113,0,1,8.8,météo correcte
2010-03-22,15,4,5,4,14,7,0,88,6.75,1023,34.875,15,7,7,248,113,119,0,1,10.2,météo correcte
2010-03-23,16,3,6,3,16,8,0,85,9,1022,4.125,18,8,7,143,113,113,0,1,11.6,météo correcte
2010-03-24,17,7,20,7,17,13,0,85,10,1015,19.25,17,10,11,113,113,113,0,1,11.6,météo correcte
2010-03-25,17,10,33,10,17,13,0.1,75,9.875,1011,32.25,17,9,11,116,200,116,0,1,11.6,météo correcte
2010-03-26,12,6,23,9,10,8,10.3,93,9.25,1015,60.5,12,8,5,122,116,113,0,1,10.3,météo défavorable
2010-03-27,9,4,25,5,8,8,2.2,96,7,1018,59.375,9,7,5,116,200,143,0,1,7.7,météo très défavorable
2010-03-28,10,7,15,7,9,10,2.1,93,7.5,1019,81.625,10,9,6,248,122,122,0,1,6.4,météo défavorable
2010-03-29,17,6,30,7,17,13,0.1,80,7,1015,32.5,17,9,10,143,113,113,0,1,11.6,météo correcte
2010-03-30,10,5,22,8,5,7,12.7,98,9.25,1009,53.75,10,6,1,119,119,119,0,1,7.7,météo très défavorable
2010-03-31,10,4,22,5,10,7,4.8,88,9.75,1009,66.75,10,5,4,116,119,119,0,1,7.7,météo très défavorable
2010-04-01,9,-1,12,3,9,3,3.3,89,7.875,1019,49.875,9,5,1,248,116,113,0,1,11.6,météo très défavorable
2010-04-02,12,1,16,2,12,8,2.8,96,9.125,1020,38.5,12,7,5,116,116,200,0,1,11.6,météo très défavorable
2010-04-03,9,6,22,6,9,8,11.9,97,8,1016,78.625,9,8,5,119,122,122,0,1,7.8,météo défavorable
2010-04-04,11,4,18,6,11,7,1.3,87,9.625,1024,41.125,11,5,4,119,113,116,0,1,11.6,météo très défavorable
2010-04-05,12,2,9,5,11,6,0.1,85,7.75,1030,48.75,12,4,5,143,116,113,0,1,10.3,météo très défavorable
2010-04-06,17,1,17,3,15,12,0,76,10,1027,8.5,17,8,9,113,113,113,0,1,11.6,météo très défavorable
2010-04-07,15,7,13,9,15,8,1.9,95,8.25,1023,45.25,15,8,8,116,116,143,0,1,10.3,météo correcte
2010-04-08,12,6,15,8,11,10,1.4,93,6.625,1027,79.625,12,8,7,248,122,119,0,1,6.6,météo défavorable
2010-04-09,15,8,15,9,13,13,0.4,88,8,1029,62.625,15,10,8,122,119,113,0,1,9.1,météo correcte
2010-04-10,15,6,19,6,15,12,0,78,9,1028,16,15,8,10,116,113,113,0,1,11.6,météo correcte
2010-04-11,12,5,30,5,11,8,0,68,10,1020,9.5,12,6,4,113,113,113,0,1,11.6,météo très défavorable
2010-04-12,10,2,21,3,10,6,0.1,71,10,1015,40,10,1,3,119,116,116,0,1,13.2,météo très défavorable
2010-04-13,12,2,13,4,12,7,0.7,90,8.875,1015,48,12,5,4,122,113,113,0,1,12.1,météo très défavorable
2010-04-14,13,1,17,3,13,10,0.1,79,8,1016,27.875,13,7,8,113,116,116,0,1,13.7,météo très défavorable
2010-04-15,13,3,16,4,12,9,0.5,84,8.625,1016,56.875,13,6,6,122,116,200,0,1,12.1,météo correcte
2010-04-16,15,4,23,5,15,11,0,75,8,1020,21.375,15,6,8,143,113,113,0,1,13.8,météo correcte
2010-04-17,17,5,8,6,17,12,0,80,10,1019,10.25,18,9,12,116,113,113,0,1,13.8,météo correcte
2010-04-18,18,4,8,7,18,11,0.7,90,8,1015,10.375,18,10,12,113,113,113,0,1,13.8,météo favorable
2010-04-19,19,5,10,9,19,13,0.1,78,7.75,1016,19.125,19,11,13,248,113,113,0,1,13.3,météo favorable
2010-04-20,17,5,14,10,17,12,1.6,92,9.875,1019,23.875,17,12,12,116,116,113,0,1,13.9,météo correcte
2010-04-21,19,5,13,9,18,15,0,71,9,1019,19.25,19,11,14,116,116,116,0,1,13.9,météo favorable
2010-04-22,19,6,14,7,18,15,0.2,77,8.875,1015,23.5,19,11,14,116,116,113,0,1,14,météo favorable
2010-04-23,17,8,13,9,14,15,1.2,83,9.75,1014,39.875,17,11,10,200,116,113,0,1,14,météo correcte
2010-04-24,20,6,12,9,19,15,0,76,10,1019,5.375,20,11,15,113,113,113,0,1,14,météo favorable
2010-04-25,22,7,13,14,22,17,0,78,10,1025,14.5,24,14,18,113,113,113,0,1,14.1,météo favorable
2010-04-26,19,8,17,12,19,15,0.2,79,6.75,1026,41.875,20,12,14,248,116,119,0,1,12.2,météo favorable
2010-04-27,20,8,17,9,19,17,0,74,8.75,1027,24.25,20,12,16,116,113,113,0,1,14.1,météo favorable
2010-04-28,23,6,5,12,23,17,0,80,8,1025,9.5,25,14,17,113,113,113,0,1,14.1,météo favorable
2010-04-29,24,12,28,12,23,20,0.1,60,10,1021,12.5,25,13,19,113,113,113,0,1,14.2,météo favorable
2010-04-30,16,11,21,14,15,12,4.7,99,9.375,1016,51,17,12,10,116,122,119,0,1,11.1,météo correcte
2010-05-01,14,10,6,11,12,12,3.9,96,3.625,1014,75.875,14,12,12,248,143,143,0,1,11.1,météo défavorable
2010-05-02,12,8,8,10,12,11,2.3,88,6.5,1013,46,12,10,11,248,116,113,0,1,13.4,météo défavorable
2010-05-03,11,3,19,7,11,9,0.3,86,6.5,1013,72.75,11,7,6,248,116,119,0,1,11.2,météo très défavorable
2010-05-04,9,4,32,4,9,8,8.1,96,9.25,1013,99.875,9,8,2,122,122,122,0,1,8.9,météo très défavorable
2010-05-05,7,2,24,6,4,3,7.3,100,6.875,1010,100,7,7,-1,122,122,248,0,1,9,météo très défavorable
2010-05-06,7,3,14,4,7,6,1.2,95,3.5,1009,95.75,7,5,3,248,122,119,0,1,9,météo très défavorable
2010-05-07,15,4,6,6,15,10,0.1,85,6.5,1010,60.5,15,8,10,143,122,116,0,1,13.4,météo correcte
2010-05-08,16,6,12,8,16,11,1.5,92,9.75,1010,44.25,16,12,10,116,116,200,0,1,14.4,météo correcte
2010-05-09,14,7,15,8,14,11,6.2,98,3.75,1011,84.625,14,12,10,248,119,248,0,1,10.3,météo défavorable
2010-05-10,18,9,9,10,17,16,4.2,96,7.125,1006,48.625,18,15,13,143,116,113,0,1,12.4,météo favorable
2010-05-11,16,7,9,10,12,13,10.8,98,5.5,1008,70.125,17,11,10,248,113,116,0,1,12.4,météo défavorable
2010-05-12,14,6,16,7,14,10,1,93,5.875,1011,71.25,14,8,7,248,119,113,0,1,10.4,météo défavorable
2010-05-13,11,3,16,6,11,9,1.8,89,7.875,1012,66.375,11,8,7,116,122,119,0,1,11.4,météo très défavorable
2010-05-14,12,5,16,7,11,10,0.2,77,7.75,1012,75.25,12,6,8,143,119,119,0,1,10.4,météo très défavorable
2010-05-15,12,7,23,8,11,10,0.1,71,10,1016,63.125,12,5,8,116,122,116,0,1,11.4,météo défavorable
2010-05-16,14,5,16,8,14,11,0.1,80,10,1022,40.125,14,7,9,116,119,116,0,1,13.5,météo correcte
2010-05-17,14,6,17,9,14,13,0.3,80,10,1027,39.625,14,10,11,116,119,113,0,1,13.5,météo correcte
2010-05-18,16,6,20,10,16,14,0,72,8,1028,29.625,16,9,12,113,116,116,0,1,14.5,météo correcte
2010-05-19,15,7,26,8,15,13,0,64,10,1028,21.375,15,6,11,113,116,116,0,1,14.5,météo correcte
2010-05-20,17,5,27,9,17,15,0,76,10,1029,38,17,11,13,116,119,116,0,1,12.5,météo correcte
2010-05-21,20,9,21,10,18,17,0,72,9,1028,20.875,20,12,14,116,116,113,0,1,14.5,météo favorable
2010-05-22,21,10,18,11,20,19,0,76,10,1024,5.25,24,15,16,113,113,113,0,1,14.5,météo favorable
2010-05-23,23,12,15,14,22,20,0,76,10,1021,2.75,25,16,19,113,113,113,0,1,14.5,météo favorable
2010-05-24,26,8,5,16,26,23,0,72,8.75,1018,15.25,27,17,23,113,113,113,0,1,14.5,météo favorable
2010-05-25,26,13,24,16,25,22,0.1,68,9.875,1016,10.375,27,15,21,113,113,200,0,1,14.5,météo favorable
2010-05-26,20,13,16,14,20,16,10.6,89,8.75,1014,52.875,20,18,16,116,200,200,0,1,13.6,météo correcte
2010-05-27,19,10,12,13,19,17,1.6,84,6.125,1012,54.625,19,14,16,248,119,113,0,1,12.6,météo correcte
2010-05-28,19,8,10,13,19,17,1.6,86,5.875,1018,54.25,19,14,17,248,116,116,0,1,13.6,météo favorable
2010-05-29,20,8,11,12,20,16,0,92,8,1020,25.625,20,15,16,113,116,116,0,1,14.5,météo favorable
2010-05-30,18,12,18,13,17,16,15.2,99,6.25,1018,91.375,18,16,13,122,248,122,0,1,10.7,météo défavorable
2010-05-31,17,10,18,10,17,14,3.2,88,7.875,1020,58.375,17,12,11,248,116,116,0,1,11.7,météo correcte
2010-06-01,17,8,10,11,17,14,0.3,85,9,1020,52.125,17,11,13,116,119,116,0,1,11.7,météo correcte
2010-06-02,19,11,23,11,18,17,2.2,83,7.875,1017,52.25,19,11,13,119,116,113,0,1,13.6,météo favorable
2010-06-03,20,11,27,13,20,17,0,78,10,1017,19.125,20,13,17,113,116,113,0,1,14.5,météo favorable
2010-06-04,23,10,10,13,21,21,0,82,9,1019,5.375,25,18,18,113,113,113,0,1,14.5,météo favorable
2010-06-05,27,11,5,17,27,24,0.1,78,8.75,1020,22.75,29,20,24,113,113,113,0,1,14.5,météo favorable
2010-06-06,23,15,12,18,23,17,7.6,93,9.25,1017,36.5,25,20,17,113,113,119,0,1,13.6,météo favorable
2010-06-07,23,12,7,16,21,20,0,82,7.75,1018,39,25,17,19,116,119,113,0,1,13.6,météo correcte
2010-06-08,21,13,10,15,18,19,1,91,6.625,1011,39.25,21,18,17,116,116,116,0,1,13.6,météo favorable
2010-06-09,20,14,14,15,20,17,4.4,99,8.25,1007,50.25,20,17,16,116,116,248,0,1,12.7,météo favorable
2010-06-10,23,16,14,18,22,17,10.9,96,6.625,1007,68.25,25,18,17,248,116,200,0,1,12.7,météo défavorable
2010-06-11,24,13,18,16,24,15,4.8,99,7,1012,38.5,25,16,14,113,113,248,0,1,13.6,météo favorable
2010-06-12,22,11,10,14,22,19,0,82,7,1015,19.125,25,16,19,113,113,113,0,1,14.5,météo favorable
2010-06-13,21,12,13,14,21,18,2.5,94,6,1016,66.25,24,17,16,248,116,116,0,1,12.7,météo défavorable
2010-06-14,18,10,8,15,16,15,4.6,99,4.125,1015,61.375,19,16,15,143,143,248,0,1,12.7,météo correcte
2010-06-15,19,13,15,13,18,17,5.6,95,6.25,1015,81.25,19,14,13,143,119,119,0,1,10.8,météo défavorable
2010-06-16,16,13,11,15,14,16,8.7,96,6.375,1013,81.75,16,15,13,122,143,143,0,1,10.8,météo défavorable
2010-06-17,17,11,8,13,17,16,2.4,94,5.75,1015,67.125,17,15,15,116,119,116,0,1,13.6,météo défavorable
2010-06-18,17,10,12,14,16,15,3.1,100,4.875,1016,86,17,15,15,248,119,248,0,1,9.9,météo défavorable
2010-06-19,15,10,15,12,12,11,1.5,98,5.875,1012,71.875,15,13,9,248,122,119,0,1,10.8,météo défavorable
2010-06-20,12,7,24,8,12,12,0.8,81,8.875,1017,78.375,12,8,6,122,122,119,0,1,9.9,météo défavorable
2010-06-21,15,9,26,9,15,15,0,72,10,1021,45.75,15,9,11,116,119,119,0,1,10.8,météo correcte
2010-06-22,19,8,19,10,18,17,0,73,10,1022,11.5,19,12,16,113,113,113,0,1,14.5,météo favorable
2010-06-23,21,10,16,12,20,19,0,76,10,1021,2.75,24,15,17,113,113,113,0,1,14.5,météo favorable
2010-06-24,23,10,11,13,23,21,0,81,8.75,1019,18,25,18,19,113,113,113,0,1,14.5,météo favorable
2010-06-25,25,12,11,16,25,23,0.5,84,8.75,1017,18.75,26,20,22,113,113,113,0,1,14.5,météo favorable
2010-06-26,27,15,11,17,26,24,0,77,7.75,1015,17.25,28,19,24,113,113,113,0,1,14.5,météo idéale
2010-06-27,28,13,10,19,27,24,0.1,83,6.5,1018,31.25,29,21,24,113,113,113,0,1,14.5,météo favorable
2010-06-28,28,16,13,20,27,24,0.7,81,7.375,1019,33.875,29,20,24,113,113,113,0,1,14.5,météo favorable
2010-06-29,27,17,16,19,27,24,1,84,8.5,1020,27.875,28,21,24,113,113,113,0,1,14.5,météo idéale
2010-06-30,27,16,14,18,27,25,0,76,10,1021,13.5,28,20,24,113,113,113,0,1,14.5,météo idéale
2010-07-01,29,16,5,20,29,27,0,80,8,1019,5.875,32,24,27,113,113,113,0,1,14.5,météo idéale
2010-07-02,31,18,10,21,30,28,0,66,10,1017,9,33,21,26,113,113,113,0,1,14.5,météo idéale
2010-07-03,29,18,16,21,29,25,0.3,83,9.875,1021,7.625,31,22,25,113,113,113,0,1,14.5,météo idéale
2010-07-04,27,17,15,19,26,24,0.2,76,6.5,1022,34.75,28,20,24,143,113,113,0,1,14.5,météo favorable
2010-07-05,26,14,17,19,26,23,0,73,10,1023,9.25,27,18,23,113,113,113,0,1,14.5,météo favorable
2010-07-06,24,16,19,16,24,22,0,68,8,1024,19,25,16,20,116,113,113,0,1,14.5,météo idéale
2010-07-07,27,13,10,15,26,24,0,69,10,1023,2,27,18,21,113,113,113,0,1,14.5,météo favorable
2010-07-08,30,12,6,19,29,28,0,60,10,1021,11.125,32,19,25,113,116,113,0,1,14.5,météo favorable
2010-07-09,31,18,13,21,31,28,0,66,10,1021,8.375,32,21,27,113,113,113,0,1,14.5,météo idéale
2010-07-10,30,20,10,22,30,26,0.6,78,9.5,1021,20.25,33,22,26,113,200,200,0,1,14.5,météo correcte
2010-07-11,31,17,7,22,31,29,0,67,9,1020,7.5,33,22,28,113,113,113,0,1,14.5,météo idéale
2010-07-12,31,17,18,22,31,19,1.5,76,9.75,1017,17.625,33,20,19,113,113,116,0,1,14.5,météo idéale
2010-07-13,29,14,4,17,28,26,0,74,7.5,1016,44.375,31,22,25,116,113,113,0,1,14.5,météo favorable
2010-07-14,31,18,24,20,30,24,0.3,75,9.875,1013,15.25,32,19,24,113,113,116,0,1,14.5,météo idéale
2010-07-15,25,15,8,20,25,24,0.5,81,8.125,1018,26.25,27,21,22,113,113,113,0,1,14.5,météo idéale
2010-07-16,28,12,10,19,28,24,0,66,10,1019,8.25,29,17,24,113,113,113,0,1,14.5,météo favorable
2010-07-17,22,13,15,16,20,19,0.4,78,9.875,1026,25,24,15,18,116,113,113,0,1,14.5,météo favorable
2010-07-18,25,12,23,15,24,22,0,59,10,1027,4.125,25,14,21,113,113,113,0,1,14.5,météo favorable
2010-07-19,27,13,8,16,26,24,0,75,10,1022,0.25,27,20,22,113,113,113,0,1,14.5,météo favorable
2010-07-20,30,11,9,19,30,27,0,57,9,1018,9.25,32,18,27,113,113,113,0,1,14.5,météo favorable
2010-07-21,28,17,14,20,27,21,1.9,81,10,1014,26.375,29,18,21,113,116,113,0,1,14.5,météo favorable
2010-07-22,18,13,6,16,16,18,5.3,96,5.625,1019,65.75,18,17,16,143,143,116,0,1,11.5,météo défavorable
2010-07-23,21,12,13,16,20,18,0.7,78,7.875,1023,32.375,21,15,17,116,116,113,0,1,13.5,météo favorable
2010-07-24,21,10,16,14,21,19,0.3,71,6.375,1024,55.625,24,13,18,143,116,116,0,1,13.5,météo correcte
2010-07-25,22,12,16,14,22,19,0,70,10,1021,40,24,13,19,113,116,119,0,1,13.5,météo favorable
2010-07-26,23,14,18,16,22,19,1.4,79,7.75,1018,39.625,25,16,19,143,116,113,0,1,14.5,météo favorable
2010-07-27,23,15,11,16,22,21,0.2,72,7.875,1020,40.375,25,16,19,116,116,113,0,1,13.5,météo favorable
2010-07-28,27,11,11,17,27,22,2.1,88,7.5,1021,32.75,28,20,22,113,116,113,0,1,14.5,météo favorable
2010-07-29,22,12,19,16,22,18,3.2,76,7.375,1017,45.5,24,16,18,248,116,116,0,1,13.5,météo favorable
2010-07-30,22,9,9,15,22,19,0,70,9,1017,16.75,24,14,19,113,116,113,0,1,14.5,météo favorable
2010-07-31,27,9,5,16,27,22,0,59,10,1017,14.125,27,14,22,113,113,113,0,1,14.5,météo favorable
2010-08-01,29,15,20,18,28,21,3.1,72,9.5,1017,29.125,29,17,21,113,113,200,0,1,14.5,météo favorable
2010-08-02,23,15,6,18,22,21,5.2,93,7.375,1018,57.25,25,19,20,248,116,113,0,1,12.4,météo correcte
2010-08-03,22,13,14,16,22,19,0.7,77,7.625,1018,32.75,25,15,19,116,113,113,0,1,14.5,météo favorable
2010-08-04,24,10,9,16,24,19,0.8,89,9.875,1017,26.75,25,17,19,113,116,116,0,1,14.5,météo favorable
2010-08-05,19,11,19,14,19,16,2.3,82,7.75,1017,57.375,19,15,16,143,116,113,0,1,12.4,météo correcte
2010-08-06,21,7,10,13,21,17,0,66,10,1020,15.125,24,11,18,113,116,113,0,1,14.5,météo favorable
2010-08-07,25,8,4,14,24,20,0,69,10,1020,5.875,26,14,20,113,113,113,0,1,14.5,météo favorable
2010-08-08,25,13,10,17,25,20,0,74,10,1019,12.25,26,16,20,113,116,113,0,1,14.5,météo favorable
2010-08-09,27,9,7,16,27,22,0.2,65,8.875,1020,2,29,16,22,113,113,113,0,1,14.5,météo favorable
2010-08-10,27,14,8,18,27,22,0,73,10,1018,26.5,27,17,22,113,116,116,0,1,14.3,météo favorable
2010-08-11,26,15,9,18,26,21,0.4,73,9.875,1018,28.625,26,16,21,113,116,116,0,1,14.2,météo favorable
2010-08-12,23,13,14,17,23,19,1.9,77,7.5,1018,47.125,25,17,19,248,116,113,0,1,13.4,météo favorable
2010-08-13,22,9,14,13,22,18,0,69,10,1019,33.75,24,12,18,119,116,113,0,1,13.4,météo favorable
2010-08-14,22,11,11,14,22,17,0,68,10,1017,15.625,24,12,17,113,113,113,0,1,14.1,météo favorable
2010-08-15,19,11,10,13,19,15,1.8,86,9.875,1018,30.125,19,13,16,116,116,113,0,1,14.1,météo favorable
2010-08-16,17,12,12,13,16,16,6,97,7.25,1021,90,17,14,13,122,122,119,0,1,8.8,météo défavorable
2010-08-17,23,11,10,13,22,18,0,74,8,1021,28.625,25,13,18,113,122,113,0,1,13.4,météo correcte
2010-08-18,21,14,11,15,19,18,0.4,81,9.375,1015,44.875,24,16,16,116,116,116,0,1,12.2,météo favorable
2010-08-19,27,10,4,16,26,21,0,80,8,1018,22.875,28,17,21,116,113,113,0,1,14,météo favorable
2010-08-20,28,17,9,19,27,22,0.6,86,10,1023,26,29,20,22,116,113,113,0,1,14,météo idéale
2010-08-21,30,15,6,21,29,23,0,75,10,1025,0.75,30,20,23,113,113,113,0,1,13.9,météo idéale
2010-08-22,28,16,7,20,28,22,0,75,10,1023,13.5,29,19,22,113,116,113,0,1,13.9,météo favorable
2010-08-23,28,17,12,19,28,22,2.3,86,9.125,1013,37,29,20,23,116,116,113,0,1,13.9,météo favorable
2010-08-24,23,11,18,18,23,17,1.5,79,7.75,1020,38.125,25,18,17,248,116,113,0,1,13.3,météo favorable
2010-08-25,25,8,7,15,25,20,0,67,10,1020,11.125,26,14,21,113,113,113,0,1,13.8,météo favorable
2010-08-26,30,17,24,18,30,27,0,59,10,1019,7.25,32,18,25,113,113,113,0,1,13.8,météo idéale
2010-08-27,25,17,12,19,25,19,7.4,88,7.25,1014,46.75,27,20,19,143,116,116,0,1,13.3,météo favorable
2010-08-28,19,10,15,15,19,14,0.5,86,8.625,1022,46.375,19,17,14,122,113,113,0,1,12.1,météo favorable
2010-08-29,20,8,12,12,20,13,0,89,10,1022,14.25,20,12,14,113,113,113,0,1,13.7,météo favorable
2010-08-30,17,9,15,10,17,12,0.2,80,10,1023,29.125,17,10,12,116,116,113,0,1,13.7,météo correcte
2010-08-31,19,8,24,10,18,15,0.1,75,7.5,1023,40.125,19,10,13,119,113,113,0,1,13.3,météo favorable
2010-09-01,20,7,11,8,20,15,0,76,8.75,1019,14.125,20,11,15,113,113,113,0,1,11.6,météo favorable
2010-09-02,23,6,8,10,23,15,0,79,8,1017,10,25,12,16,113,113,116,0,1,11.6,météo favorable
2010-09-03,24,9,10,12,23,17,0,76,7,1018,5.25,25,14,17,143,113,113,0,1,11.6,météo favorable
2010-09-04,24,11,11,13,24,18,0,77,8,1019,6.5,25,14,18,143,113,113,0,1,11.6,météo favorable
2010-09-05,23,11,9,12,23,16,0,72,8.75,1018,17.875,25,13,16,113,113,113,0,1,11.6,météo favorable
2010-09-06,25,11,13,14,25,19,0.2,76,8,1016,38.875,26,16,19,116,116,113,0,1,10.3,météo favorable
2010-09-07,18,14,12,16,17,15,21.4,96,6.75,1008,86,18,16,15,248,119,122,0,1,6.5,météo très défavorable
2010-09-08,19,11,24,13,18,13,2.3,91,8.375,1015,44.125,19,14,13,116,119,113,0,1,10.3,météo correcte
2010-09-09,18,8,13,11,18,13,1.8,96,5.5,1022,39.875,18,13,12,248,116,143,0,1,10.3,météo favorable
2010-09-10,20,8,11,11,20,14,0,88,6.5,1025,31.25,20,13,14,248,113,113,0,1,11.6,météo favorable
2010-09-11,23,10,9,11,23,16,0,84,5.75,1022,24.375,25,14,16,248,113,113,0,1,11.6,météo favorable
2010-09-12,23,10,16,13,23,17,0,89,6.75,1025,23.125,25,15,17,113,113,113,0,1,11.6,météo favorable
2010-09-13,18,10,18,10,18,13,0,83,6.25,1028,46.5,18,11,12,248,113,113,0,1,11.6,météo favorable
2010-09-14,20,9,6,10,19,12,0,90,7,1028,7.5,20,11,12,143,113,113,0,1,11.6,météo favorable
2010-09-15,22,10,10,11,22,14,0,80,10,1022,8.375,24,11,14,113,113,113,0,1,11.6,météo favorable
2010-09-16,19,12,8,13,19,14,1.2,93,9.75,1017,60.25,19,13,14,122,119,116,0,1,10.2,météo correcte
2010-09-17,19,8,10,9,19,11,0,88,6.75,1017,24,19,10,11,248,113,113,0,1,11.6,météo favorable
2010-09-18,16,7,18,7,16,11,0,77,8,1020,19.625,16,8,9,113,116,116,0,1,11.6,météo correcte
2010-09-19,17,4,11,5,16,10,0,79,10,1021,3.5,17,6,9,113,113,113,0,1,11.6,météo correcte
2010-09-20,21,4,12,6,20,11,0,88,9,1019,10.375,24,11,12,143,113,113,0,1,11.6,météo favorable
2010-09-21,23,8,5,9,22,11,0,88,10,1020,15,25,12,11,113,116,113,0,1,11.6,météo favorable
2010-09-22,23,8,4,10,23,11,0,87,10,1021,9.875,25,13,12,113,113,113,0,1,11.6,météo favorable
2010-09-23,25,11,15,12,24,18,0.6,72,10,1019,19.125,25,13,18,113,113,116,0,1,11.6,météo favorable
2010-09-24,17,9,21,14,16,10,5.6,92,9.25,1010,51.375,17,15,10,200,116,113,0,1,10.2,météo correcte
2010-09-25,13,6,21,10,13,9,2,90,8.875,1014,67.5,13,11,7,119,119,116,0,1,8.8,météo défavorable
2010-09-26,12,4,16,6,12,6,0.2,90,6.5,1014,52.5,12,6,5,248,116,113,0,1,11.6,météo très défavorable
2010-09-27,11,3,10,5,10,7,0.7,95,7.75,1016,59.75,11,7,7,119,122,143,0,1,7.4,météo très défavorable
2010-09-28,14,2,10,6,14,7,0.1,93,5.25,1021,59.375,14,8,6,248,116,116,0,1,11.6,météo correcte
2010-09-29,17,5,11,5,17,12,0,91,5.25,1021,53.25,17,11,10,248,116,113,0,1,11.6,météo correcte
2010-09-30,16,6,10,7,15,11,0.7,96,2.875,1019,78,16,13,10,248,119,143,0,1,8.8,météo défavorable
2010-10-01,17,4,7,5,17,11,0,79,6.5,1018,36.25,18,11,11,143,113,113,0,1,11.6,météo correcte
2010-10-02,21,10,18,11,21,16,0.1,74,10,1016,30.5,24,13,16,116,113,116,0,1,11.6,météo favorable
2010-10-03,23,13,27,13,23,18,0,70,9,1012,10.5,25,13,18,143,113,113,0,1,11.6,météo favorable
2010-10-04,18,12,18,13,18,15,6.2,98,8.375,1005,55.625,18,16,15,116,119,248,0,1,8.7,météo correcte
2010-10-05,18,12,10,13,18,12,0.7,88,7.75,1012,44.5,18,13,12,119,113,113,0,1,11.6,météo favorable
2010-10-06,21,10,16,10,20,15,0,85,9,1016,5.875,24,14,14,113,113,113,0,1,11.6,météo favorable
2010-10-07,21,10,14,11,21,16,0,79,6.75,1018,13.5,24,14,16,248,113,113,0,1,11.6,météo favorable
2010-10-08,22,11,17,12,20,15,0,78,10,1017,20,25,14,16,116,116,113,0,1,11.6,météo favorable
2010-10-09,22,12,14,12,21,15,0,78,10,1017,10.5,24,14,15,113,113,113,0,1,11.6,météo favorable
2010-10-10,18,10,12,11,18,13,0.3,85,9.375,1011,38.375,18,12,12,116,116,116,0,1,11.5,météo favorable
2010-10-11,15,7,9,7,14,9,0,88,10,1011,38.375,15,9,9,116,116,116,0,1,11.5,météo correcte
2010-10-12,15,5,12,5,15,10,0,91,8,1013,7.875,15,8,8,143,113,113,0,1,11.5,météo correcte
2010-10-13,14,4,10,4,14,7,0,94,5.25,1014,40.875,14,7,6,248,113,113,0,1,8.7,météo correcte
2010-10-14,13,2,13,2,12,7,0,90,5,1016,53.5,13,6,5,248,113,113,0,1,8.7,météo correcte
2010-10-15,12,2,13,2,11,5,0,87,6.5,1015,27.25,12,4,3,248,113,113,0,1,8.7,météo très défavorable
2010-10-16,10,2,12,4,9,6,0.6,95,4.75,1015,72.375,10,7,5,248,122,143,0,1,4.1,météo très défavorable
2010-10-17,7,5,25,5,7,6,1.2,95,6.75,1019,84.875,7,5,2,122,122,119,0,1,3.9,météo très défavorable
2010-10-18,9,3,20,5,8,5,0.1,93,9,1023,51.375,9,4,1,119,116,113,0,1,5.5,météo très défavorable
2010-10-19,9,-0,10,2,9,8,0.4,96,5.75,1022,68.5,10,8,5,119,119,143,0,1,3.9,météo très défavorable
2010-10-20,10,2,16,6,10,5,1.1,95,6.5,1025,47.75,10,8,2,248,116,143,0,1,8.7,météo très défavorable
2010-10-21,10,-2,11,0,10,2,0,80,6.5,1027,28.875,10,2,-0,248,113,116,0,1,8.7,météo très défavorable
2010-10-22,12,-1,18,1,12,9,0.2,93,10,1025,63.375,12,8,6,116,119,122,0,1,5.5,météo très défavorable
2010-10-23,16,7,23,7,15,11,1.3,83,7.875,1020,48.625,16,9,9,119,113,116,0,1,8.7,météo correcte
2010-10-24,10,5,9,8,10,6,8.8,99,6.75,1014,79.625,10,10,6,248,116,248,0,1,5.5,météo très défavorable
2010-10-25,8,3,44,3,7,5,0.1,87,10,1023,45,8,4,-0,119,119,113,0,1,5.5,météo très défavorable
2010-10-26,9,1,25,1,9,4,0,84,10,1029,1.5,9,2,1,113,113,113,0,1,8.7,météo très défavorable
2010-10-27,11,-1,5,-1,11,3,0,77,10,1028,15.75,11,3,2,113,116,113,0,1,8.7,météo très défavorable
2010-10-28,13,0,5,0,13,11,0,51,10,1025,14.25,14,2,9,113,113,113,0,1,8.7,météo très défavorable
2010-10-29,16,5,29,5,16,10,0,92,10,1021,13.875,16,9,9,113,113,113,0,1,8.7,météo correcte
2010-10-30,10,8,14,10,10,9,6.5,98,7,1009,74.75,10,9,7,119,248,248,0,1,3.8,météo défavorable
2010-10-31,11,8,12,8,10,9,8.8,98,4.75,1002,82.75,11,10,7,248,143,248,0,1,5.4,météo défavorable
2010-11-01,14,8,15,8,13,10,2.4,99,7.375,1014,69.875,14,10,8,248,116,116,0,1,8.7,météo défavorable
2010-11-02,11,7,15,8,11,7,0.2,97,6,1021,61.25,11,8,6,143,119,143,0,1,5.4,météo défavorable
2010-11-03,13,8,8,9,13,11,0.5,97,3,1026,84.75,13,12,10,143,116,248,0,1,5.4,météo défavorable
2010-11-04,16,10,5,11,16,12,0.3,98,2.75,1030,86.125,16,14,12,248,116,248,0,1,7,météo défavorable
2010-11-05,16,10,7,11,16,12,0,96,4.25,1031,68,16,13,11,248,116,143,0,1,8.7,météo défavorable
2010-11-06,15,9,11,9,15,11,0.1,92,6.75,1027,58.625,15,11,11,248,116,116,0,1,8.7,météo correcte
2010-11-07,11,5,14,10,9,5,5.2,96,8.875,1010,70.5,11,10,5,122,119,116,0,1,5.4,météo très défavorable
2010-11-08,7,2,29,2,7,3,4.5,99,8.75,1002,57.5,7,3,-2,143,116,119,0,1,7,météo très défavorable
2010-11-09,10,4,32,5,10,7,3.5,96,7.875,984,66,10,7,3,200,119,116,0,1,7,météo très défavorable
2010-11-10,8,6,16,6,8,7,17.4,95,7.25,1004,76.25,8,7,3,116,302,302,0,1,3.7,météo très défavorable
2010-11-11,9,3,25,3,9,7,3.3,94,5.25,1016,79.125,9,7,3,248,116,122,0,1,7,météo très défavorable
2010-11-12,14,9,21,11,13,13,7,100,9.375,1014,88.125,14,13,11,122,122,116,0,1,3.7,météo défavorable
2010-11-13,17,10,30,10,17,13,0,98,10,1013,22.5,17,13,11,113,113,113,0,1,8.7,météo correcte
2010-11-14,18,10,33,11,18,14,4.4,96,9.75,1009,36.5,18,13,12,113,116,119,0,1,7,météo favorable
2010-11-15,9,5,10,6,6,6,19.6,100,3.875,1017,97.125,9,9,4,122,248,248,0,1,3.6,météo très défavorable
2010-11-16,8,3,21,5,8,4,0.1,96,8.75,1020,67.625,8,6,0,119,116,113,0,1,5.3,météo très défavorable
2010-11-17,6,0,5,0,6,3,0.2,96,5.875,1016,49.125,7,3,3,248,116,143,0,1,8.7,météo très défavorable
2010-11-18,9,3,8,3,9,6,1.5,94,7.75,1015,68.75,9,6,4,143,116,122,0,1,7,météo très défavorable
2010-11-19,10,4,7,4,10,6,0.1,92,8,1018,57.75,10,6,4,119,113,116,0,1,8.7,météo très défavorable
2010-11-20,9,4,14,4,9,6,3,92,6.375,1016,63.125,10,5,4,119,116,119,0,1,8.7,météo très défavorable
2010-11-21,7,3,9,3,7,4,0.3,95,5.125,1007,59.125,7,6,2,143,116,143,0,1,7,météo très défavorable
2010-11-22,6,2,9,3,6,3,0.6,96,4.125,1007,87.875,6,4,1,248,122,143,0,1,3.6,météo très défavorable
2010-11-23,5,-1,14,1,5,1,0.4,96,4.5,1012,71.625,5,1,-2,143,119,143,0.1,1,3.6,météo très défavorable
2010-11-24,5,-1,10,-0,5,0,0.7,97,6.375,1014,74.75,5,2,-1,119,119,248,0,1,5.3,météo très défavorable
2010-11-25,2,-1,17,1,1,1,4.9,100,5.625,1013,81.75,2,2,-3,143,122,200,1,1,3.5,météo très défavorable
2010-11-26,2,-3,14,-2,2,-3,0.5,94,4.375,1010,52.25,2,0,-4,260,119,143,0.4,1,6.9,météo très défavorable
2010-11-27,2,-3,24,-2,2,0,1,95,8.75,1009,55,2,0,-6,122,116,113,0.5,1,5.2,météo très défavorable
2010-11-28,1,-6,6,-5,1,-1,0.3,98,5.75,1004,39.125,2,1,-2,143,116,260,0.3,1,6.9,météo très défavorable
2010-11-29,1,-5,6,-4,1,-5,0.1,98,4.125,1012,28.75,2,0,-7,260,113,260,0.1,1,8.6,météo très défavorable
2010-11-30,-2,-4,10,-4,-2,-3,4.8,97,5.75,1012,62.5,0,0,-7,116,119,143,4.1,1,3.2,météo très défavorable
2010-12-01,-2,-5,8,-3,-2,-3,6.2,98,3.25,1006,94.125,0,0,-6,260,122,260,5.3,1,3.2,météo très défavorable
2010-12-02,-2,-12,10,-11,-2,-7,0,97,2.25,1011,51.875,0,0,-10,260,143,143,0,1,8.5,météo très défavorable
2010-12-03,-2,-9,12,-5,-2,-6,2.7,99,2.375,1018,76.375,0,0,-8,143,143,260,2.3,1,3.2,météo très défavorable
2010-12-04,-1,-12,12,-12,-1,-6,0,96,5.5,1024,27.375,0,0,-11,260,113,143,0,1,8.5,météo très défavorable
2010-12-05,2,-5,27,-1,2,2,3.7,100,9.75,1020,74.75,3,2,-4,119,116,122,0,1,5,météo très défavorable
2010-12-06,8,2,22,5,7,8,21.3,100,8.25,1002,96.625,8,7,2,122,119,122,0,1,3.2,météo très défavorable
2010-12-07,11,5,26,7,10,11,4.2,100,8.5,1002,76.125,11,10,5,119,248,200,0,1,3.2,météo très défavorable
2010-12-08,14,8,23,8,14,12,10.4,98,9,1012,55.625,14,13,8,200,200,116,0,1,8.4,météo correcte
2010-12-09,4,-2,17,-0,2,0,0.4,90,9,1034,42.375,4,3,-5,116,113,116,0.4,1,8.4,météo très défavorable
2010-12-10,3,-2,14,-1,3,-0,0,94,8,1037,9.625,3,0,-4,113,113,113,0,1,8.4,météo très défavorable
2010-12-11,4,-2,8,-1,4,-1,0,92,7,1033,11.375,4,1,-4,143,113,113,0,1,8.4,météo très défavorable
2010-12-12,4,-2,21,0,4,-0,0,98,8,1023,25.25,4,0,-6,116,113,116,0,1,8.4,météo très défavorable
2010-12-13,1,-4,27,-1,1,-3,0,89,9,1024,38.125,1,1,-9,119,116,113,0,1,6.8,météo très défavorable
2010-12-14,-1,-5,21,-5,-1,-3,0.1,81,9.375,1029,32.5,0,0,-10,113,119,113,0.1,1,5,météo très défavorable
2010-12-15,-2,-6,26,-6,-2,-4,0.4,84,9,1032,41.25,0,0,-11,119,113,119,0.4,1,8.4,météo très défavorable
2010-12-16,-1,-5,16,-5,-1,-2,2.6,89,7,1026,60.125,0,0,-7,116,116,122,2.2,1,6.8,météo très défavorable
2010-12-17,1,-6,21,1,1,-4,4.2,97,7.375,1004,68.5,1,0,-8,119,116,260,0.6,1,5,météo très défavorable
2010-12-18,-2,-7,23,-5,-2,-3,0.2,91,7.25,1005,45.25,0,0,-10,143,116,116,0.2,1,8.4,météo très défavorable
2010-12-19,3,-3,31,-3,3,3,1.7,98,9.875,1004,48.5,3,3,-6,116,116,119,0,1,8.4,météo très défavorable
2010-12-20,6,2,22,2,6,4,3.9,98,9.125,1009,66,6,6,-2,119,119,116,0,1,6.8,météo très défavorable
2010-12-21,5,1,12,2,5,3,5.2,100,6,1008,79.5,5,5,-0,122,248,248,0,1,3.1,météo très défavorable
2010-12-22,9,3,12,4,9,6,7.3,100,3.25,1001,83.25,9,8,3,119,143,143,0,1,5,météo très défavorable
2010-12-23,9,3,10,6,9,6,5.2,97,6.25,997,90.625,9,8,4,122,122,143,0,1,3.1,météo très défavorable
2010-12-24,2,-3,20,-0,-1,-2,3.6,97,6,1011,100,2,1,-7,122,122,122,3.1,1,3.1,météo très défavorable
2010-12-25,-3,-8,30,-4,-3,-6,1.5,97,7,1025,84.875,0,0,-14,122,122,116,1.2,1,3.1,météo très défavorable
2010-12-26,-4,-9,29,-9,-4,-6,0,96,10,1030,3.75,0,0,-14,113,113,113,0,1,8.7,météo très défavorable
2010-12-27,-4,-9,13,-9,-4,-6,0,88,8,1028,33.375,0,0,-11,143,116,116,0,1,8.7,météo très défavorable
2010-12-28,3,-3,14,1,3,1,0.2,98,5.125,1021,61.375,3,3,-2,119,116,143,0,1,6.9,météo très défavorable
2010-12-29,3,-3,9,-3,3,0,0,97,6.75,1022,38.75,3,2,-3,113,116,143,0,1,6.9,météo très défavorable
2010-12-30,4,-1,11,-0,4,0,0.1,95,9,1021,47.25,4,3,-2,116,122,116,0,1,6.9,météo très défavorable
2010-12-31,4,-2,6,-1,4,-1,0,94,9,1024,32.625,4,1,-3,116,116,113,0,1,8.7,météo très défavorable
2011-01-01,3,-3,8,-3,3,-2,0,91,8,1024,7.125,3,0,-5,113,113,113,0,1,8.7,météo très défavorable
2011-01-02,3,-3,25,-1,3,-1,0.1,98,7.375,1025,47.625,3,0,-7,260,119,116,0,1,6.9,météo très défavorable
2011-01-03,-0,-4,11,-4,-0,-4,0,88,8,1025,26.25,0,0,-6,143,113,113,0,1,8.7,météo très défavorable
2011-01-04,-1,-5,5,-5,-1,-4,0,77,10,1022,22.25,0,0,-6,116,113,113,0,1,8.7,météo très défavorable
2011-01-05,4,-4,26,-3,4,2,0.1,96,10,1018,37.375,4,2,-5,113,119,116,0,1,6.9,météo très défavorable
2011-01-06,6,3,27,3,6,6,6.3,98,8.5,1011,88.75,7,6,-1,122,122,119,0,1,3.3,météo très défavorable
2011-01-07,11,7,26,7,11,11,8.4,98,8.375,1012,76.375,11,11,4,116,122,200,0,1,3.3,météo défavorable
2011-01-08,14,9,27,9,14,10,2.6,96,9.75,1014,36.625,14,12,6,116,116,116,0,1,8.7,météo correcte
2011-01-09,9,6,14,9,9,7,12.8,100,7.875,1020,83.125,9,9,5,119,122,248,0,1,3.3,météo défavorable
2011-01-10,5,1,6,1,5,1,0,95,4.75,1023,35.125,6,3,0,248,113,143,0,1,8.7,météo très défavorable
2011-01-11,6,0,18,1,5,4,8.2,98,5.125,1018,77.125,6,5,-1,116,122,248,0,1,5.1,météo très défavorable
2011-01-12,7,1,13,1,7,6,1.5,96,5.375,1026,86.375,7,5,3,248,116,143,0,1,5.1,météo très défavorable
2011-01-13,11,7,14,7,11,9,0.9,96,4.75,1025,82.875,12,10,6,248,119,143,0,1,3.4,météo défavorable
2011-01-14,11,3,8,3,11,6,0,97,3.25,1024,48.375,11,9,5,248,116,143,0,1,8.7,météo très défavorable
2011-01-15,11,3,4,6,11,4,0.1,93,5.5,1029,32.625,12,8,5,248,113,113,0,1,8.7,météo très défavorable
2011-01-16,9,1,10,1,9,4,0,89,8,1028,1.125,9,5,2,113,113,113,0,1,8.7,météo très défavorable
2011-01-17,9,2,12,2,9,4,0,94,9,1028,13.75,9,6,2,113,116,143,0,1,8.7,météo très défavorable
2011-01-18,9,2,10,2,9,6,0,97,4.75,1029,60.5,9,6,4,143,119,248,0,1,3.4,météo très défavorable
2011-01-19,5,-1,23,3,5,1,0,90,7.75,1031,34.375,5,4,-4,119,116,113,0,1,8.7,météo très défavorable
2011-01-20,3,-1,26,-1,3,-0,0.2,87,9.375,1031,42.5,3,0,-6,119,116,113,0.1,1,6.9,météo très défavorable
2011-01-21,2,-3,37,-2,2,-2,0,74,10,1029,15.5,2,0,-10,116,113,113,0,1,8.7,météo très défavorable
2011-01-22,1,-5,32,-4,1,-3,0,66,10,1029,0,1,0,-9,113,113,113,0,1,8.7,météo très défavorable
2011-01-23,1,-6,17,-6,-0,-3,0,66,10,1027,10.75,1,0,-8,116,113,113,0,1,8.7,météo très défavorable
2011-01-24,2,-5,17,-5,1,-1,0,93,10,1028,22,2,0,-6,116,113,116,0,1,8.7,météo très défavorable
2011-01-25,3,-2,6,-2,3,-2,0.2,94,5.625,1024,54.375,3,0,-4,143,116,143,0.1,1,7,météo très défavorable
2011-01-26,4,-1,5,-0,4,-0,0.1,94,6.375,1017,69.5,4,1,-2,143,122,116,0.1,1,7,météo très défavorable
2011-01-27,3,-3,14,-3,3,-2,0,94,5.5,1014,31.625,3,0,-6,143,113,113,0,1,8.7,météo très défavorable
2011-01-28,3,-3,9,-1,2,-2,0,86,5.5,1016,44.875,3,0,-5,143,113,113,0,1,7,météo très défavorable
2011-01-29,3,-4,16,-4,2,-3,0,75,10,1017,16.25,3,0,-8,113,113,113,0,1,8.7,météo très défavorable
2011-01-30,0,-4,4,-4,-1,-4,0,68,10,1019,43.5,0,0,-5,119,116,116,0,1,5.2,météo très défavorable
2011-01-31,0,-5,6,-5,-1,-4,0,49,10,1025,6,1,0,-7,113,113,113,0,1,8.7,météo très défavorable
2011-02-01,-0,-6,10,-6,-0,-4,0,48,10,1031,3,0,0,-8,113,113,113,0,1,8.7,météo très défavorable
2011-02-02,2,-7,14,-6,1,-3,0,77,10,1033,5.25,2,0,-7,113,113,113,0,1,8.7,météo très défavorable
2011-02-03,1,-5,6,-5,1,0,0.2,94,9,1033,56.75,2,0,-3,113,122,119,0,1,3.5,météo très défavorable
2011-02-04,8,2,8,2,8,2,0.1,96,3.25,1035,65.5,8,5,2,248,116,143,0,1,8.7,météo très défavorable
2011-02-05,9,1,8,1,9,2,0,97,4.75,1035,42,10,6,1,143,113,143,0,1,8.7,météo très défavorable
2011-02-06,10,0,3,0,9,1,0,94,5.25,1034,50.5,10,7,1,248,113,143,0,1,8.7,météo très défavorable
2011-02-07,10,1,10,1,10,3,0,84,10,1028,2.5,10,4,1,113,113,113,0,1,8.7,météo très défavorable
2011-02-08,10,-0,10,-0,8,3,0,92,9,1025,0.375,10,5,-0,113,113,113,0,1,8.7,météo très défavorable
2011-02-09,8,-1,6,-1,6,-0,0,84,7,1023,0,8,1,-2,143,113,113,0,1,8.7,météo très défavorable
2011-02-10,10,0,9,1,8,2,0,84,10,1024,8.125,10,2,1,113,113,113,0,1,8.7,météo très défavorable
2011-02-11,10,1,14,1,9,4,0,81,10,1021,12.875,10,3,1,113,113,113,0,1,10.5,météo très défavorable
2011-02-12,11,2,8,2,10,4,0,88,10,1019,35.625,11,5,3,113,116,116,0,1,10,météo très défavorable
2011-02-13,11,2,17,2,9,6,0,89,7.75,1018,46.75,11,5,3,116,113,113,0,1,10.6,météo très défavorable
2011-02-14,8,3,16,5,8,5,3.3,98,9.125,1008,70.25,8,6,1,116,122,122,0,1,6.9,météo très défavorable
2011-02-15,10,2,26,3,8,6,0.9,93,7.75,1007,51.75,10,6,2,116,119,113,0,1,6.9,météo très défavorable
2011-02-16,9,-0,7,-0,8,2,0,94,9,1001,28.125,9,4,1,116,116,113,0,1,10.6,météo très défavorable
2011-02-17,9,0,8,1,8,3,0,89,10,1005,18.375,9,3,1,113,113,113,0,1,10.7,météo très défavorable
2011-02-18,8,-1,9,-1,7,1,0,84,8,1017,9,8,1,-2,143,113,113,0,1,10.7,météo très défavorable
2011-02-19,7,-2,6,-1,7,3,0.6,88,8.375,1017,42,7,2,2,113,116,116,0,1,10,météo très défavorable
2011-02-20,7,2,13,4,7,3,3.8,98,4.5,1017,81.875,7,6,2,248,119,248,0,1,6.9,météo très défavorable
2011-02-21,9,-0,8,-0,9,5,0.7,95,4.25,1017,74.5,9,4,4,260,119,143,0,1,6.9,météo très défavorable
2011-02-22,5,1,13,3,4,2,2,99,2.5,1020,88.25,5,4,-0,248,143,248,0,1,5.4,météo très défavorable
2011-02-23,5,-3,7,-3,4,1,0.1,80,8,1025,39.125,5,0,-1,143,116,116,0,1,10.9,météo très défavorable
2011-02-24,7,2,10,2,6,4,2.3,98,6.625,1028,93.5,7,6,2,122,119,248,0,1,5.4,météo très défavorable
2011-02-25,11,4,16,5,11,7,0.2,97,5,1029,73.375,11,7,5,248,116,113,0,1,8.5,météo très défavorable
2011-02-26,8,3,14,3,8,7,3,97,7.375,1025,91,8,7,4,248,122,122,0,1,5.5,météo très défavorable
2011-02-27,8,1,18,1,8,4,1.5,81,9,1019,56,8,1,1,116,116,116,0,1,8.5,météo très défavorable
2011-02-28,7,0,31,1,7,4,0.1,86,8.75,1024,74.75,7,2,-1,119,116,122,0,1,8.6,météo très défavorable
2011-03-01,7,1,22,2,6,5,0.2,86,10,1025,63.125,7,3,-0,122,119,116,0,1,8.6,météo très défavorable
2011-03-02,6,-1,15,-1,5,1,0,76,9,1023,20.875,6,2,-1,143,113,113,0,1,11.1,météo très défavorable
2011-03-03,9,3,15,3,9,5,1.9,85,8.5,1015,64.375,9,4,3,119,116,116,0,1,8.6,météo très défavorable
2011-03-04,8,2,19,2,8,5,3.8,89,8.625,1012,57.375,8,4,2,119,119,119,0,1,7.1,météo très défavorable
2011-03-05,7,1,25,1,7,4,2.6,81,8.625,1015,63.5,7,1,1,119,116,116,0,1,8.6,météo très défavorable
2011-03-06,7,1,19,1,7,4,2,83,8.375,1016,60.5,7,1,1,119,116,116,0,1,10.1,météo très défavorable
2011-03-07,9,-4,9,-4,8,1,0,83,10,1026,0.875,9,0,0,113,113,113,0,1,11.2,météo très défavorable
2011-03-08,12,2,25,2,11,6,0,83,10,1029,3.375,12,4,3,113,113,113,0,1,11.3,météo très défavorable
2011-03-09,12,-0,10,-0,11,5,0,80,10,1026,5.75,13,3,4,113,113,113,0,1,11.3,météo très défavorable
2011-03-10,12,3,9,5,12,5,0,93,8,1024,55.875,12,6,5,119,119,116,0,1,8.6,météo très défavorable
2011-03-11,13,0,7,0,13,6,0,88,6.75,1024,37.625,13,5,4,143,113,116,0,1,11.4,météo très défavorable
2011-03-12,10,4,22,4,9,6,6.2,96,7,1015,62.125,10,7,4,116,119,143,0,1,7.2,météo très défavorable
2011-03-13,7,6,8,6,7,6,9,100,3.75,1009,91.75,7,7,5,248,143,248,0,1,5.9,météo très défavorable
2011-03-14,15,4,12,4,14,9,0,89,8.75,1014,38.75,15,8,8,116,113,116,0,1,11.6,météo correcte
2011-03-15,14,3,8,3,14,9,0,90,10,1013,43,14,8,9,116,119,116,0,1,8.8,météo correcte
2011-03-16,14,6,6,6,13,8,1.1,97,4.75,1005,80.75,14,11,9,248,122,248,0,1,6,météo défavorable
2011-03-17,9,5,22,8,9,7,0.9,90,3.5,1021,84.5,9,8,3,248,119,119,0,1,6,météo très défavorable
2011-03-18,12,3,12,3,11,8,0,92,5.75,1025,55.875,12,6,6,248,116,119,0,1,10.2,météo très défavorable
2011-03-19,12,4,24,8,12,6,2.8,87,7.25,1030,59.375,12,8,2,248,116,116,0,1,10.2,météo très défavorable
2011-03-20,11,-0,16,-0,9,6,0,77,10,1030,22.625,11,2,2,113,116,116,0,1,11.6,météo très défavorable
2011-03-21,11,-1,18,-1,10,6,0,78,10,1031,1.625,11,3,4,113,113,113,0,1,11.6,météo très défavorable
2011-03-22,13,-1,10,-1,12,7,0,88,10,1034,4.75,13,5,5,113,113,113,0,1,11.6,météo très défavorable
2011-03-23,14,0,10,0,13,8,0,86,10,1036,7.5,15,6,6,113,113,113,0,1,11.6,météo très défavorable
2011-03-24,18,1,7,2,17,9,0,85,9,1034,4.25,19,10,8,113,113,113,0,1,11.6,météo favorable
2011-03-25,18,4,17,4,17,11,0,74,10,1028,1.75,18,7,9,113,113,113,0,1,11.6,météo favorable
2011-03-26,18,5,7,5,18,10,1.6,89,9.75,1019,32.125,18,10,10,113,200,116,0,1,10.3,météo correcte
2011-03-27,15,6,17,6,15,9,1.3,89,9.875,1014,55.75,15,9,7,116,116,116,0,1,10.3,météo correcte
2011-03-28,13,6,11,8,13,10,2.1,97,5,1016,66,13,10,9,248,122,143,0,1,7.7,météo défavorable
2011-03-29,16,5,12,5,16,11,1.5,93,6.5,1017,44.75,16,10,9,248,113,119,0,1,10.3,météo correcte
2011-03-30,15,4,9,6,15,10,2.8,93,6.5,1022,50.625,15,9,9,248,116,116,0,1,11.6,météo correcte
2011-03-31,14,9,13,10,13,12,3,98,2.875,1027,99.625,14,13,10,248,122,248,0,1,6.4,météo défavorable
2011-04-01,19,8,4,9,18,11,0.1,91,6.25,1028,46.25,19,12,12,248,113,116,0,1,11.6,météo favorable
2011-04-02,22,8,18,10,21,16,0,87,8,1021,4.375,24,14,16,113,113,113,0,1,11.6,météo favorable
2011-04-03,20,9,17,10,19,15,3.4,98,7.375,1018,60.5,20,14,14,248,116,248,0,1,9,météo correcte
2011-04-04,14,7,12,8,13,8,4,90,8.375,1027,44.875,14,10,8,248,116,113,0,1,11.6,météo correcte
2011-04-05,17,5,9,6,16,11,0,83,7,1029,14.375,17,8,10,143,116,113,0,1,11.6,météo correcte
2011-04-06,21,6,9,7,19,15,0,89,9,1029,6.75,21,13,14,113,113,113,0,1,11.6,météo favorable
2011-04-07,24,7,12,11,24,18,0,87,6.75,1027,14.5,26,16,18,248,113,113,0,1,11.6,météo favorable
2011-04-08,20,9,17,10,20,16,0,89,9,1026,0,20,14,16,113,113,113,0,1,11.6,météo favorable
2011-04-09,22,9,15,9,20,17,0,89,8,1022,1,25,15,16,113,113,113,0,1,11.6,météo favorable
2011-04-10,22,8,19,10,21,17,0,84,7.75,1022,26.5,24,14,16,116,113,113,0,1,11.6,météo favorable
2011-04-11,20,9,15,10,20,16,0.6,96,6.375,1024,31.5,20,15,16,248,113,143,0,1,11.6,météo favorable
2011-04-12,14,5,24,11,14,9,0.3,82,8.75,1028,45.75,14,11,7,122,113,113,0,1,12,météo correcte
2011-04-13,13,2,17,3,12,9,0,62,10,1029,15.25,13,2,7,113,113,116,0,1,13.7,météo correcte
2011-04-14,13,2,17,4,13,10,0,68,10,1019,31.125,13,4,8,116,113,116,0,1,13.7,météo correcte
2011-04-15,14,3,20,4,14,10,0,67,10,1018,7.375,14,4,8,113,113,113,0,1,13.7,météo correcte
2011-04-16,15,1,11,3,15,10,0,76,10,1021,0.125,15,6,9,113,113,113,0,1,13.8,météo très défavorable
2011-04-17,17,2,8,6,17,11,0,74,9,1022,1.875,18,7,10,113,113,113,0,1,13.8,météo correcte
2011-04-18,19,6,17,7,19,15,0,71,10,1021,5,19,9,13,113,113,113,0,1,13.8,météo favorable
2011-04-19,20,6,9,7,20,14,0,75,10,1017,5.5,21,10,14,113,113,113,0,1,13.9,météo favorable
2011-04-20,21,7,12,9,21,15,0,71,10,1017,14.75,21,10,15,113,113,113,0,1,13.9,météo favorable
2011-04-21,20,8,19,10,20,15,0,67,10,1017,26.625,20,9,14,116,113,113,0,1,13.9,météo favorable
2011-04-22,21,7,9,10,21,14,0.1,74,10,1013,8.625,24,10,14,113,113,113,0,1,13.9,météo favorable
2011-04-23,21,11,19,12,21,16,0.5,80,8.75,1015,41.25,24,12,15,116,116,113,0,1,13.3,météo favorable
2011-04-24,20,10,11,12,20,16,3.1,86,7.625,1017,30.125,20,14,16,143,113,113,0,1,14,météo favorable
2011-04-25,22,10,23,11,22,18,0,73,6.75,1017,23.875,24,12,17,143,113,113,0,1,14,météo favorable
2011-04-26,19,9,25,10,19,15,0,69,10,1016,12.25,19,10,15,113,113,113,0,1,14.1,météo favorable
2011-04-27,19,7,18,10,19,13,1.6,87,9.75,1017,28.75,19,12,13,113,200,116,0,1,13.4,météo correcte
2011-04-28,15,7,13,9,15,12,1.7,91,7.75,1014,70,15,10,11,143,119,116,0,1,11.1,météo défavorable
2011-04-29,18,3,10,8,17,13,0.1,77,7.5,1011,46.375,18,10,12,119,113,113,0,1,12.2,météo favorable
2011-04-30,20,4,11,10,20,15,0,75,9,1007,7.375,20,10,14,113,113,113,0,1,14.2,météo favorable
2011-05-01,21,5,8,12,21,16,0.2,69,10,1006,11.625,24,11,16,113,113,113,0,1,14.2,météo favorable
2011-05-02,23,8,5,12,23,16,0.5,84,9.875,1006,11.75,25,13,16,113,113,113,0,1,14.2,météo favorable
2011-05-03,18,8,12,12,18,13,0.8,79,7.875,1014,36.875,18,11,13,143,116,116,0,1,14.3,météo favorable
2011-05-04,17,5,15,6,16,12,0,63,10,1021,5.75,17,6,11,113,113,113,0,1,14.3,météo correcte
2011-05-05,20,3,6,7,20,15,0,72,10,1022,4.375,21,10,15,113,113,113,0,1,14.3,météo favorable
2011-05-06,22,9,19,11,22,18,0,68,9,1021,3,24,12,18,113,113,113,0,1,14.4,météo favorable
2011-05-07,22,10,23,12,22,19,0.3,66,10,1020,14.25,24,12,19,113,116,113,0,1,14.4,météo favorable
2011-05-08,25,10,11,13,23,21,0.2,67,9.875,1019,30.75,26,14,18,116,116,113,0,1,14.4,météo favorable
2011-05-09,24,13,9,16,24,19,4.2,96,8.75,1023,19.125,26,19,20,113,200,113,0,1,14.4,météo correcte
2011-05-10,24,13,9,16,24,20,7.1,91,8.125,1026,39.125,26,19,20,200,113,200,0,1,14.5,météo favorable
2011-05-11,26,14,5,16,26,19,12.3,97,6.375,1025,51.375,28,21,18,248,200,248,0,1,12.4,météo correcte
2011-05-12,20,12,12,17,20,17,3.7,98,6.125,1021,80.75,20,18,17,200,119,248,0,1,9.3,météo défavorable
2011-05-13,20,8,9,10,20,17,0,78,6.25,1023,47,20,13,16,248,113,113,0,1,13.5,météo favorable
2011-05-14,18,8,16,15,15,12,4.2,97,8.625,1023,41.25,18,16,9,143,122,116,0,1,12.4,météo correcte
2011-05-15,14,5,18,7,14,11,1.3,91,6.375,1028,55.375,14,9,10,143,119,113,0,1,12.4,météo correcte
2011-05-16,17,5,11,10,16,14,0.4,87,6.5,1029,54.625,17,12,13,116,116,116,0,1,13.5,météo correcte
2011-05-17,20,6,12,12,20,18,1.1,92,6.625,1026,29,20,16,17,113,113,113,0,1,14.5,météo favorable
2011-05-18,24,9,3,14,24,19,1,77,7.625,1020,18.125,26,16,19,113,113,113,0,1,14.5,météo favorable
2011-05-19,22,11,7,14,22,18,1.9,89,8.25,1018,44.625,25,16,18,248,200,200,0,1,13.5,météo correcte
2011-05-20,24,12,9,15,24,19,1.2,82,8.75,1020,20.5,25,16,19,143,113,113,0,1,14.5,météo favorable
2011-05-21,23,12,8,15,23,20,1.7,87,7.625,1022,31.875,25,18,20,116,113,113,0,1,14.5,météo favorable
2011-05-22,23,11,21,17,23,20,3.2,95,9.625,1024,20.75,25,20,20,113,113,113,0,1,14.5,météo favorable
2011-05-23,23,12,10,14,23,20,0,84,6.25,1026,45,25,17,18,248,116,113,0,1,13.5,météo favorable
2011-05-24,23,10,18,17,23,19,0.1,92,7.75,1027,25,25,18,19,113,116,113,0,1,14.5,météo favorable
2011-05-25,23,8,9,10,22,20,0.1,84,7.75,1028,14.5,25,18,17,113,113,113,0,1,14.5,météo favorable
2011-05-26,22,12,13,16,22,17,2.8,93,6.25,1019,35.875,25,18,17,113,200,116,0,1,14.5,météo correcte
2011-05-27,16,9,15,12,16,13,2.6,83,6,1021,45.375,16,11,12,143,116,176,0,1,14.5,météo correcte
2011-05-28,18,5,11,9,18,16,0,85,5.25,1022,45.125,18,13,14,248,113,113,0,1,13.6,météo favorable
2011-05-29,20,11,13,13,20,17,1.9,82,8.125,1016,65.25,21,14,17,116,116,116,0,1,12.6,météo défavorable
2011-05-30,20,10,13,13,20,17,3.2,85,8.375,1016,67.25,20,14,17,116,119,119,0,1,12.6,météo défavorable
2011-05-31,16,8,19,15,13,11,7,96,8.625,1025,63.5,16,15,10,119,122,116,0,1,10.8,météo correcte
2011-06-01,13,6,23,7,11,13,2.1,96,7,1026,76,13,10,6,119,122,119,0,1,9.8,météo défavorable
2011-06-02,18,6,14,10,16,17,0.1,86,9,1024,48,18,14,12,119,113,122,0,1,12.6,météo favorable
2011-06-03,21,11,8,15,21,20,0.9,89,8.625,1023,61.875,24,18,17,119,119,116,0,1,11.7,météo correcte
2011-06-04,23,10,14,18,23,20,2.1,89,7.125,1019,50.375,26,21,20,116,200,113,0,1,14.5,météo correcte
2011-06-05,22,12,14,14,22,20,0.9,90,8.625,1013,28.625,25,18,20,113,200,113,0,1,13.6,météo correcte
2011-06-06,22,12,12,14,21,20,0.8,90,8.875,1008,28.5,25,19,19,113,116,116,0,1,14.5,météo favorable
2011-06-07,22,12,12,16,22,20,2.7,76,6.375,1007,30,25,15,19,113,176,176,0,1,14.5,météo favorable
2011-06-08,15,11,14,12,15,13,5.9,91,6.875,1014,64.625,15,14,11,122,293,293,0,1,13.6,météo correcte
2011-06-09,17,7,11,12,17,15,1.3,82,7.25,1017,25,18,12,15,116,113,176,0,1,14.5,météo correcte
2011-06-10,19,6,12,12,19,15,2.8,92,7.25,1018,41.5,19,14,15,116,116,176,0,1,14.5,météo favorable
2011-06-11,17,8,12,11,17,15,1,77,4.75,1020,50.5,17,11,14,248,176,176,0,1,13.6,météo correcte
2011-06-12,20,7,6,12,20,18,0,69,8,1021,12,20,12,17,113,113,113,0,1,14.5,météo favorable
2011-06-13,22,10,8,16,22,20,4.2,96,7.625,1019,32.75,25,19,20,116,116,143,0,1,14.5,météo favorable
2011-06-14,22,14,11,16,22,21,1.7,91,6.375,1020,48.375,25,19,19,248,113,113,0,1,13.6,météo favorable
2011-06-15,24,12,10,18,24,22,1,92,6.5,1021,46.625,26,21,21,116,122,113,0,1,13.6,météo correcte
2011-06-16,22,12,17,19,20,17,7.3,97,7,1020,45.875,25,19,15,143,122,116,0,1,12.7,météo correcte
2011-06-17,21,9,22,15,21,19,8.9,95,6.875,1020,68.5,24,19,19,116,116,122,0,1,12.7,météo défavorable
2011-06-18,17,10,16,14,17,15,4.7,89,6.75,1018,43.625,17,14,14,143,116,113,0,1,12.7,météo correcte
2011-06-19,18,8,10,11,18,17,0.4,86,7.375,1021,53.125,18,15,14,116,116,113,0,1,14.5,météo favorable
2011-06-20,23,11,9,15,23,23,0.9,91,7.875,1021,38.375,25,21,19,116,116,113,0,1,14.5,météo favorable
2011-06-21,26,14,9,19,26,25,2.2,84,8.875,1019,26.25,28,22,23,113,116,353,0,1,14.5,météo favorable
2011-06-22,22,13,20,18,22,16,9,95,7,1021,31.5,25,19,16,116,200,116,0,1,13.6,météo correcte
2011-06-23,19,12,10,14,19,17,1.1,98,6.25,1023,41.875,19,17,17,113,116,248,0,1,13.6,météo favorable
2011-06-24,19,8,13,14,19,16,1.3,81,5.75,1026,42.75,19,14,16,143,119,113,0,1,13.6,météo correcte
2011-06-25,23,9,10,14,22,21,0,82,7.5,1027,9.125,25,18,19,113,113,113,0,1,14.5,météo favorable
2011-06-26,28,14,6,17,27,25,0,79,7.75,1025,17.125,31,21,24,113,113,113,0,1,14.5,météo favorable
2011-06-27,24,13,13,17,24,22,1.2,77,7.875,1020,51.25,26,17,21,116,116,116,0,1,12.7,météo favorable
2011-06-28,32,16,8,19,32,28,0.6,79,10,1018,9.5,37,24,25,113,113,113,0,1,14.5,météo favorable
2011-06-29,21,15,15,18,18,17,3.6,99,5.375,1022,85,21,21,17,248,248,248,0,1,9.9,météo défavorable
2011-06-30,20,11,16,14,20,18,0.1,81,6.25,1023,42.375,20,15,17,248,113,113,0,1,13.6,météo favorable
2011-07-01,20,10,17,14,20,18,0.1,82,7.75,1023,24.75,20,15,18,116,113,113,0,1,14.5,météo favorable
2011-07-02,20,9,15,12,20,18,0,80,9,1020,5.25,20,14,17,113,113,113,0,1,14.5,météo favorable
2011-07-03,22,9,11,11,21,19,0,82,7.75,1015,13.375,24,16,17,113,113,113,0,1,14.5,météo favorable
2011-07-04,24,10,5,13,23,21,0,83,7.5,1015,38.25,25,19,21,113,116,113,0,1,14.5,météo favorable
2011-07-05,27,10,9,19,27,24,0,89,10,1016,3.125,29,22,23,113,113,113,0,1,14.5,météo favorable
2011-07-06,23,14,10,17,23,21,1.1,85,7.75,1014,30.625,25,18,19,116,116,113,0,1,14.5,météo favorable
2011-07-07,20,12,13,17,20,15,13,96,6.125,1014,61.25,20,15,15,116,119,143,0,1,11.7,météo défavorable
2011-07-08,23,11,5,14,23,21,0,84,6.5,1016,32.5,25,19,19,143,113,113,0,1,14.5,météo favorable
2011-07-09,24,14,13,17,24,20,0.4,88,8.875,1019,28,25,18,20,113,116,113,0,1,13.6,météo favorable
2011-07-10,23,13,6,17,22,21,2.8,92,7.625,1020,43.875,25,18,19,116,116,113,0,1,13.6,météo favorable
2011-07-11,26,12,10,17,25,24,0,80,7.5,1020,33.625,28,20,22,113,113,113,0,1,14.5,météo favorable
2011-07-12,28,16,14,20,28,25,0.6,85,8,1015,17.75,29,23,25,113,116,113,0,1,14.5,météo favorable
2011-07-13,20,13,14,19,17,15,14.1,97,5.875,1018,73.125,20,18,15,248,122,116,0,1,10.6,météo défavorable
2011-07-14,19,10,15,12,19,17,0.4,84,6.25,1021,44.75,19,14,16,143,116,113,0,1,13.5,météo favorable
2011-07-15,22,8,9,14,21,19,0,76,8,1022,8.625,24,15,18,113,113,113,0,1,14.5,météo favorable
2011-07-16,24,10,16,16,23,22,0.8,86,10,1018,39.75,25,19,20,113,116,119,0,1,13.5,météo favorable
2011-07-17,18,12,15,15,14,16,16.1,96,7.875,1010,60,18,16,13,122,143,113,0,1,12.5,météo très défavorable
2011-07-18,18,11,15,12,18,17,2.5,91,7.75,1011,41.25,18,15,15,143,119,116,0,1,13.5,météo correcte
2011-07-19,15,11,20,12,15,14,11.6,96,7.25,1011,58.375,15,13,12,122,119,116,0,1,11.5,météo correcte
2011-07-20,18,11,14,13,17,16,2.2,89,6.375,1014,72,18,14,14,248,119,116,0,1,11.5,météo défavorable
2011-07-21,19,11,14,14,19,18,4.2,90,6.5,1013,52.875,19,16,17,248,116,113,0,1,13.5,météo favorable
2011-07-22,20,11,15,15,20,17,3.9,91,7.25,1014,59.875,21,16,17,248,116,116,0,1,12.5,météo correcte
2011-07-23,19,10,10,13,19,16,1.4,88,4.75,1015,63.625,19,13,14,248,176,176,0,1,12.5,météo correcte
2011-07-24,17,8,10,11,17,15,0.5,85,5.375,1016,46.375,17,13,14,143,116,113,0,1,14.5,météo correcte
2011-07-25,18,7,8,14,18,17,1.5,92,7.5,1014,49.375,19,15,17,116,119,113,0,1,13.5,météo correcte
2011-07-26,22,11,8,14,22,19,1.9,91,6.5,1015,58.25,25,18,16,143,116,116,0,1,12.5,météo correcte
2011-07-27,21,11,12,15,21,18,1.5,89,6.875,1019,42.375,24,17,19,143,116,116,0,1,13.5,météo favorable
2011-07-28,20,11,13,15,20,17,1.4,88,7.5,1021,41.25,20,15,17,116,116,116,0,1,14.5,météo favorable
2011-07-29,22,11,13,14,22,19,0.7,89,5.125,1021,51.25,25,18,18,248,113,113,0,1,13.5,météo favorable
2011-07-30,21,12,18,14,21,19,0.3,84,6.25,1019,51.25,24,16,18,248,116,113,0,1,13.5,météo favorable
2011-07-31,21,10,11,12,20,19,0,86,6.5,1018,29.75,21,16,17,116,113,113,0,1,14.5,météo favorable
2011-08-01,24,11,6,13,22,20,0,77,7.5,1016,27.75,26,16,19,113,113,113,0,1,14.5,météo favorable
2011-08-02,27,11,15,17,26,24,0,84,10,1016,6.375,29,21,22,113,113,113,0,1,14.5,météo favorable
2011-08-03,24,15,12,17,24,22,2.8,87,7.75,1020,48.125,26,19,22,248,116,176,0,1,13.5,météo favorable
2011-08-04,25,16,9,18,25,22,1,84,7,1021,49.125,26,19,21,248,113,113,0,1,13.5,météo favorable
2011-08-05,26,15,5,19,26,23,11.4,90,6.875,1017,36.75,27,21,23,116,119,356,0,1,13.4,météo correcte
2011-08-06,25,16,17,18,22,22,5.1,90,7.25,1013,45.25,27,21,22,248,116,116,0,1,13.4,météo favorable
2011-08-07,20,12,10,16,19,18,3.8,91,7.375,1012,60.375,20,18,17,248,116,116,0,1,12.4,météo correcte
2011-08-08,20,12,21,14,20,16,1.7,83,8,1021,21.5,20,14,16,143,113,176,0,1,14.5,météo favorable
2011-08-09,19,10,15,13,19,16,2.1,87,5.75,1026,55.75,19,13,16,143,116,113,0,1,13.4,météo correcte
2011-08-10,20,9,10,11,20,17,0,78,6.25,1028,40.125,20,13,16,248,113,113,0,1,13.4,météo favorable
2011-08-11,24,7,6,14,23,20,0,78,10,1023,7,25,16,19,113,113,113,0,1,14.2,météo favorable
2011-08-12,24,12,8,16,24,21,0,82,10,1017,31,25,18,20,116,116,116,0,1,14.2,météo favorable
2011-08-13,25,14,8,17,25,22,0,86,8.25,1015,37.875,27,19,22,116,113,116,0,1,14.2,météo favorable
2011-08-14,25,15,10,18,25,19,4.2,97,6.625,1013,29.75,26,20,20,113,116,143,0,1,13.4,météo favorable
2011-08-15,23,15,10,17,23,20,2.5,95,4.125,1020,71,25,20,19,143,119,143,0,1,11.1,météo défavorable
2011-08-16,25,13,8,16,25,21,0,79,6.5,1020,29.875,26,18,21,143,113,113,0,1,14.1,météo favorable
2011-08-17,29,12,7,18,27,24,0,86,10,1018,2.125,31,22,24,113,113,113,0,1,14.1,météo favorable
2011-08-18,28,17,17,18,28,24,0.2,82,9.375,1017,14.75,30,21,24,113,113,113,0,1,14,météo idéale
2011-08-19,29,18,12,20,29,25,0,82,7,1021,11.375,32,22,25,143,113,113,0,1,14,météo idéale
2011-08-20,31,18,7,19,30,26,0.3,82,8,1022,4.875,37,24,26,113,113,113,0,1,14,météo favorable
2011-08-21,31,19,8,19,30,24,0,90,10,1020,11.25,33,23,25,113,116,113,0,1,13.9,météo favorable
2011-08-22,31,18,17,19,31,24,0,74,10,1018,10.625,34,21,25,113,113,113,0,1,13.9,météo idéale
2011-08-23,30,19,9,19,29,24,0.4,86,9,1017,13.875,32,22,24,116,113,113,0,1,13.9,météo idéale
2011-08-24,26,15,13,21,26,20,0.6,88,6,1018,51.5,28,21,21,248,200,113,0,1,13.3,météo correcte
2011-08-25,26,15,9,17,26,22,4.9,87,8.375,1016,31.375,28,21,22,116,116,113,0,1,13.8,météo favorable
2011-08-26,20,11,18,19,16,13,19.5,97,7.75,1016,55,20,18,12,113,116,122,0,1,11,météo très défavorable
2011-08-27,18,8,14,11,17,13,0.9,92,8.625,1023,34.375,18,12,13,248,113,113,0,1,13.3,météo favorable
2011-08-28,20,8,7,12,20,15,0,92,6,1023,4.5,20,14,15,143,113,113,0,1,13.7,météo favorable
2011-08-29,20,9,8,13,20,14,0,92,7,1020,10.375,20,13,15,143,113,113,0,1,13.7,météo favorable
2011-08-30,21,9,8,11,21,15,0,82,8,1018,11.25,24,14,15,113,113,113,0,1,13.7,météo favorable
2011-08-31,24,10,5,13,24,18,0.3,92,8.375,1014,20.875,26,17,18,113,113,116,0,1,13.6,météo favorable
2011-09-01,26,15,10,15,25,20,0.6,84,8,1014,33.625,27,19,20,116,116,116,0,1,13.2,météo favorable
2011-09-02,27,16,5,17,26,19,0,90,10,1015,13.625,28,19,20,113,113,113,0,1,11.6,météo idéale
2011-09-03,26,15,17,18,26,21,1.3,85,9.875,1014,23.5,27,21,21,116,116,116,0,1,11.6,météo favorable
2011-09-04,20,16,5,17,20,17,8.2,98,6,1015,78.75,20,19,18,248,119,248,0,1,6.6,météo défavorable
2011-09-05,19,12,10,13,19,14,0.4,92,8.75,1026,25.5,19,15,14,113,113,113,0,1,11.6,météo favorable
2011-09-06,21,8,9,11,21,17,0,87,7.75,1027,21.375,24,15,17,248,113,113,0,1,11.6,météo favorable
2011-09-07,20,12,12,13,19,16,0.9,96,7,1023,50.875,20,17,15,116,119,143,0,1,9.1,météo correcte
2011-09-08,21,14,10,14,21,17,0,92,6.25,1020,62.75,24,16,17,248,113,116,0,1,10.3,météo correcte
2011-09-09,24,16,5,17,23,17,0.1,94,4.25,1017,55.25,26,19,18,248,116,143,0,1,10.3,météo correcte
2011-09-10,27,17,21,17,26,23,0,91,7.5,1015,41.625,29,21,22,116,116,113,0,1,11.6,météo favorable
2011-09-11,24,16,19,17,24,18,9.1,94,6.75,1018,34.375,26,19,18,248,200,143,0,1,10.3,météo correcte
2011-09-12,23,13,9,13,23,16,0,93,6.25,1021,49,25,16,16,248,113,113,0,1,11.6,météo favorable
2011-09-13,23,14,6,17,23,18,0.9,96,5.625,1020,51.125,25,19,19,143,116,143,0,1,11.6,météo favorable
2011-09-14,19,12,9,12,19,14,0,91,5.25,1021,46.25,19,16,14,248,113,113,0,1,11.6,météo favorable
2011-09-15,21,9,7,9,20,14,0,89,6.75,1021,27.25,21,15,13,113,119,113,0,1,10.2,météo correcte
2011-09-16,25,10,9,13,25,18,0,85,7.875,1018,16.75,27,18,19,113,113,113,0,1,11.6,météo favorable
2011-09-17,20,14,14,15,20,17,3.8,94,7.625,1017,63.5,20,17,17,248,122,119,0,1,6.1,météo correcte
2011-09-18,15,9,12,11,15,9,1.7,91,8.75,1014,43.875,15,13,9,116,113,113,0,1,11.6,météo correcte
2011-09-19,14,9,16,10,13,10,2.7,96,5.375,1023,64,14,11,9,248,119,143,0,1,8.9,météo correcte
2011-09-20,18,7,16,8,18,12,0,90,5.75,1025,15,18,11,12,248,113,113,0,1,11.6,météo favorable
2011-09-21,20,5,4,7,20,12,0,88,6.75,1023,21.25,21,13,12,248,113,113,0,1,11.6,météo favorable
2011-09-22,19,9,10,9,19,14,0,93,7,1022,23.125,19,13,13,143,116,113,0,1,11.6,météo favorable
2011-09-23,20,9,6,9,19,12,0,92,5.25,1021,41.375,20,14,12,248,113,113,0,1,11.6,météo favorable
2011-09-24,23,9,9,11,21,15,0,92,8,1017,13.5,25,16,15,113,113,113,0,1,11.6,météo favorable
2011-09-25,23,13,4,13,23,15,0.3,91,6.5,1022,39.625,25,17,15,248,113,113,0,1,11.6,météo favorable
2011-09-26,24,11,10,13,23,18,0.3,91,7,1026,8.375,25,17,18,143,113,113,0,1,11.6,météo favorable
2011-09-27,23,13,13,13,22,18,0,91,6,1028,11.125,25,16,18,143,116,113,0,1,11.6,météo favorable
2011-09-28,23,11,5,11,22,14,0,93,6.25,1028,38.125,25,17,15,248,113,113,0,1,11.6,météo favorable
2011-09-29,24,11,5,12,24,14,0,89,7,1026,1.125,27,18,16,143,113,113,0,1,11.6,météo favorable
2011-09-30,24,10,5,10,23,14,0,88,10,1026,5,26,17,15,113,113,113,0,1,11.6,météo favorable
2011-10-01,23,9,5,9,23,13,0,89,10,1026,5.75,26,16,15,116,113,113,0,1,11.6,météo favorable
2011-10-02,23,9,7,9,22,14,0,87,10,1026,0,25,15,14,113,113,113,0,1,11.6,météo favorable
2011-10-03,23,9,6,9,23,12,0,88,10,1026,0,25,14,13,113,113,113,0,1,11.6,météo favorable
2011-10-04,22,8,12,8,22,15,0,94,8.75,1026,12.875,25,14,15,113,113,113,0,1,11.6,météo favorable
2011-10-05,20,10,9,10,20,14,0,94,4.25,1026,53.875,20,14,13,248,116,143,0,1,11.6,météo favorable
2011-10-06,20,9,14,10,20,15,1.2,90,6.375,1024,65.375,20,15,15,248,116,119,0,1,8.7,météo défavorable
2011-10-07,12,6,15,7,12,8,1.1,95,5.5,1023,48.125,12,9,6,248,116,143,0,1,8.7,météo défavorable
2011-10-08,12,6,20,7,12,9,3.1,96,4.125,1024,94.125,12,8,7,248,119,143,0,1,5.8,météo défavorable
2011-10-09,13,8,6,9,12,11,4.3,96,5.875,1026,93.25,13,11,10,122,119,143,0,1,5.8,météo défavorable
2011-10-10,17,12,8,13,17,14,1.7,98,3.875,1027,90.875,17,15,14,248,119,248,0,1,5.8,météo défavorable
2011-10-11,16,9,10,10,16,10,0,96,4,1028,68.125,16,13,10,248,116,143,0,1,11.5,météo défavorable
2011-10-12,16,8,9,8,16,11,0,90,5.25,1027,56.125,16,12,11,248,113,116,0,1,11.5,météo correcte
2011-10-13,17,8,19,8,16,13,0,96,6.75,1026,44.5,17,12,11,248,119,113,0,1,5.7,météo correcte
2011-10-14,14,4,13,8,14,8,0,87,6.5,1026,42.25,15,9,6,248,113,113,0,1,8.7,météo correcte
2011-10-15,16,2,5,2,15,7,0,91,8,1026,10.375,17,10,7,113,113,113,0,1,8.7,météo correcte
2011-10-16,17,5,5,5,17,8,0,93,10,1025,0.75,18,12,9,113,113,113,0,1,8.7,météo correcte
2011-10-17,17,6,5,6,17,9,0,92,7,1025,10,19,13,9,143,113,113,0,1,8.7,météo correcte
2011-10-18,18,8,15,8,17,12,0,89,10,1022,17.75,18,12,12,113,113,113,0,1,8.7,météo favorable
2011-10-19,12,4,15,11,7,4,8.3,94,6.375,1025,58.375,12,11,3,248,122,143,0,1,5.5,météo très défavorable
2011-10-20,10,3,15,3,10,5,0,88,5.5,1029,35.125,10,5,2,248,113,113,0,1,8.7,météo très défavorable
2011-10-21,8,-0,7,1,8,0,0,89,6.5,1028,34,8,2,1,143,113,113,0,1,8.7,météo très défavorable
2011-10-22,13,-1,15,-0,11,7,0,92,9,1024,0.625,13,8,5,113,113,113,0,1,8.7,météo très défavorable
2011-10-23,13,4,16,4,13,8,0,89,7,1020,3,13,8,5,143,113,113,0,1,8.7,météo correcte
2011-10-24,15,5,24,6,15,9,0.5,92,8.375,1012,27.5,15,10,9,116,116,113,0,1,8.7,météo correcte
2011-10-25,11,8,10,9,10,9,10.3,96,6.125,1012,69.5,11,10,8,143,143,116,0,1,5.5,météo défavorable
2011-10-26,13,5,9,5,13,8,0,82,9,1015,6.875,13,8,6,113,113,113,0,1,8.7,météo correcte
2011-10-27,15,6,13,7,15,11,0.1,73,10,1016,27.875,15,9,11,113,113,116,0,1,8.7,météo correcte
2011-10-28,15,9,7,10,15,9,1,90,9.875,1026,50,15,11,10,116,116,116,0,1,8.7,météo correcte
2011-10-29,16,7,4,7,15,10,0,89,10,1026,54.75,16,11,10,116,119,119,0,1,5.4,météo correcte
2011-10-30,16,8,9,11,16,11,0.1,94,7,1025,66.875,16,12,11,143,116,119,0,1,8.7,météo défavorable
2011-10-31,16,8,12,10,14,11,0.1,92,5.5,1022,54.125,16,12,10,248,119,113,0,1,5.4,météo correcte
2011-11-01,16,9,21,9,16,11,0.9,91,8.625,1019,46.125,16,13,9,113,116,116,0,1,7.1,météo correcte
2011-11-02,17,8,19,9,17,13,0,91,8,1018,25.125,17,13,11,113,116,113,0,1,8.7,météo correcte
2011-11-03,17,13,26,13,17,14,0.9,79,8.125,1008,49.25,17,11,12,116,119,116,0,1,3.8,météo correcte
2011-11-04,13,11,18,12,12,11,16.9,97,8.625,1003,83,13,11,10,200,122,122,0,1,3.7,météo très défavorable
2011-11-05,15,11,15,12,15,12,4,94,8.625,1007,46.875,15,13,10,116,116,119,0,1,7,météo correcte
2011-11-06,12,8,10,8,12,10,0,96,8,1013,53,12,10,8,116,116,119,0,1,8.7,météo défavorable
2011-11-07,12,7,7,8,12,8,0.1,96,4.25,1015,74.125,12,10,7,248,122,143,0,1,5.4,météo défavorable
2011-11-08,12,6,8,6,12,7,0.1,95,4.25,1019,68.875,12,9,8,248,122,143,0,1,7,météo défavorable
2011-11-09,12,3,5,3,12,5,0,90,10,1021,9.125,12,8,6,113,113,113,0,1,8.7,météo très défavorable
2011-11-10,13,4,9,4,11,8,0,91,10,1021,13.875,13,10,6,113,113,113,0,1,8.7,météo correcte
2011-11-11,12,4,9,4,12,8,0,88,10,1023,12.375,12,8,7,116,113,113,0,1,8.7,météo très défavorable
2011-11-12,15,7,9,7,15,9,0,85,8,1030,3.25,15,10,7,113,113,113,0,1,8.7,météo correcte
2011-11-13,13,5,10,5,13,6,0,75,10,1031,0,13,7,4,113,113,113,0,1,8.7,météo correcte
2011-11-14,10,3,13,3,10,6,0,68,10,1029,0,10,4,3,113,113,113,0,1,8.7,météo très défavorable
2011-11-15,8,1,10,1,8,2,0,75,10,1021,0,8,2,0,113,113,113,0,1,8.7,météo très défavorable
2011-11-16,6,-1,9,-1,6,1,0,76,10,1022,7.875,6,0,-0,113,113,113,0,1,8.7,météo très défavorable
2011-11-17,9,2,4,3,9,3,0,93,10,1025,49.875,9,6,3,119,122,113,0,1,5.3,météo très défavorable
2011-11-18,10,2,10,2,10,5,0,86,6.75,1025,19.125,10,6,3,143,113,113,0,1,8.7,météo très défavorable
2011-11-19,10,3,9,4,10,7,1.2,78,9.875,1021,45.25,10,5,5,116,116,116,0,1,7,météo très défavorable
2011-11-20,12,5,8,5,12,9,0,76,10,1021,48.5,12,6,7,116,116,116,0,1,8.7,météo très défavorable
2011-11-21,12,5,8,5,12,6,0,85,10,1019,28.125,12,6,6,116,116,116,0,1,8.7,météo très défavorable
2011-11-22,11,4,8,5,11,6,0,83,10,1021,26.375,11,6,4,116,116,113,0,1,8.7,météo très défavorable
2011-11-23,9,3,14,3,9,5,0,89,10,1030,6.125,9,6,2,113,113,113,0,1,8.7,météo très défavorable
2011-11-24,6,-1,5,-1,6,-1,0,81,10,1032,8,6,1,-1,113,113,113,0,1,8.7,météo très défavorable
2011-11-25,5,-1,5,-1,5,-0,0,75,10,1033,5.5,5,0,-0,113,113,113,0,1,8.7,météo très défavorable
2011-11-26,7,-1,12,2,7,1,0,96,7.75,1035,42,7,4,-1,116,116,143,0,1,8.7,météo très défavorable
2011-11-27,7,-0,9,-0,7,0,0,89,7,1032,16.75,7,2,1,143,113,113,0,1,8.7,météo très défavorable
2011-11-28,8,1,5,1,8,1,0,93,9,1029,11.875,8,4,0,143,113,113,0,1,8.7,météo très défavorable
2011-11-29,11,2,24,3,11,9,0,95,10,1025,26.5,11,9,3,116,113,113,0,1,8.6,météo très défavorable
2011-11-30,12,5,4,7,12,5,0,97,5.75,1029,61.25,12,9,6,143,119,248,0,1,3.2,météo très défavorable
2011-12-01,13,6,27,6,13,10,0,96,8.75,1026,42.5,13,10,5,116,116,116,0,1,8.5,météo correcte
2011-12-02,12,7,18,10,12,7,1.9,93,8.75,1021,45.375,12,9,6,116,119,116,0,1,5,météo défavorable
2011-12-03,9,4,20,4,9,6,4.4,90,6.5,1022,64,9,5,3,143,116,122,0,1,6.9,météo très défavorable
2011-12-04,11,7,27,8,11,11,2.6,93,6.875,1017,93.125,11,10,7,122,122,119,0,1,3.2,météo défavorable
2011-12-05,11,3,14,6,8,4,3.5,91,9.625,1018,41,11,9,2,116,113,113,0,1,8.5,météo très défavorable
2011-12-06,7,4,17,4,7,5,3.5,97,9.875,1021,84.5,7,5,2,122,119,116,0,1,3.2,météo très défavorable
2011-12-07,10,5,23,7,10,9,4.8,95,8.5,1025,92.5,10,9,4,122,122,119,0,1,3.2,météo très défavorable
2011-12-08,10,5,11,5,10,7,0.4,91,7.75,1030,42.75,10,7,4,248,113,113,0,1,8.4,météo très défavorable
2011-12-09,12,6,21,6,12,8,0,88,10,1023,45.625,12,8,5,119,116,116,0,1,8.4,météo défavorable
2011-12-10,12,7,10,7,12,8,0.7,96,9,1018,67.625,12,8,7,122,119,143,0,1,6.9,météo défavorable
2011-12-11,9,5,13,5,9,6,0,94,5.25,1018,63.625,9,7,4,248,119,143,0,1,6.9,météo très défavorable
2011-12-12,8,2,23,7,8,2,3.6,90,9.75,1023,37.625,8,6,2,122,113,113,0,1,6.9,météo très défavorable
2011-12-13,9,2,28,3,9,8,1.9,86,9.25,1020,62.375,9,5,1,116,116,119,0,1,5,météo très défavorable
2011-12-14,11,5,30,7,11,7,5.8,88,9.25,1017,38.125,11,7,4,113,116,113,0,1,6.8,météo très défavorable
2011-12-15,8,5,30,5,8,6,6.3,94,9.375,1018,70,8,5,2,116,113,122,0,1,6.8,météo très défavorable
2011-12-16,9,2,43,8,9,5,14.6,91,8.875,1011,87.5,9,8,1,122,122,116,0,1,3.1,météo très défavorable
2011-12-17,4,1,17,1,4,1,1.2,96,7.375,1016,57.875,5,2,-2,143,119,116,0.9,1,3.1,météo très défavorable
2011-12-18,3,-2,20,1,3,-1,1,93,7.625,1023,57.75,3,2,-4,119,119,113,0.8,1,5,météo très défavorable
2011-12-19,2,-2,7,1,2,-2,1.6,94,7.625,1025,60.875,2,0,-4,122,116,116,1.3,1,8.4,météo très défavorable
2011-12-20,4,-1,13,-0,3,4,3.7,99,5,1022,90.625,4,4,-2,122,143,122,1.7,1,3.1,météo très défavorable
2011-12-21,3,2,10,2,2,2,5.1,98,3.625,1025,98.125,3,3,-1,248,248,248,0,1,3.1,météo très défavorable
2011-12-22,10,4,12,5,10,8,0.8,97,3.25,1031,90.5,10,8,6,248,119,248,0,1,3.1,météo très défavorable
2011-12-23,10,5,6,7,10,5,0.2,96,5.75,1030,55.125,10,8,4,143,116,143,0,1,8.4,météo très défavorable
2011-12-24,6,0,19,3,6,1,1.9,95,7.875,1038,51.875,7,5,-1,119,116,143,0,1,8.4,météo très défavorable
2011-12-25,6,-1,9,-0,6,2,0,92,7,1040,12.375,6,3,-1,143,113,113,0,1,8.4,météo très défavorable
2011-12-26,4,-1,4,-0,4,-1,0,90,10,1040,4.75,5,1,-0,113,113,113,0,1,8.7,météo très défavorable
2011-12-27,3,-1,8,-1,3,-1,0,66,10,1038,0.125,4,0,-4,113,113,113,0,1,8.7,météo très défavorable
2011-12-28,4,-1,10,-1,4,3,0.1,71,10,1036,24.625,4,1,-1,113,113,116,0,1,8.7,météo très défavorable
2011-12-29,4,2,12,2,4,2,0.5,97,7,1032,76.375,4,3,-2,116,116,143,0,1,6.9,météo très défavorable
2011-12-30,5,1,26,4,5,2,10.1,100,7.75,1028,94.75,5,5,-0,122,122,248,0,1,3.3,météo très défavorable
2011-12-31,9,2,9,5,9,9,10.5,97,4.625,1022,98.5,9,9,6,248,248,248,0,1,3.3,météo très défavorable
2012-01-01,12,9,12,10,12,9,0.6,94,8.75,1023,65.75,12,11,8,119,119,116,0,1,5.1,météo défavorable
2012-01-02,9,3,17,9,8,4,8.1,95,9.375,1025,60.375,9,8,2,122,122,116,0,1,5.1,météo très défavorable
2012-01-03,6,0,17,2,6,5,0.3,91,5.75,1030,54,7,4,0,143,119,116,0,1,6.9,météo très défavorable
2012-01-04,8,4,13,6,8,4,5,93,9.5,1031,52.25,8,7,2,119,113,116,0,1,8.7,météo très défavorable
2012-01-05,9,5,31,5,7,7,16.7,98,7.5,1027,89.375,9,8,1,122,122,302,0,1,3.3,météo très défavorable
2012-01-06,6,0,16,2,6,2,0.7,92,8.875,1031,36.625,6,4,-1,143,116,113,0,1,8.7,météo très défavorable
2012-01-07,6,2,13,2,6,3,2.1,85,8.625,1021,53,6,1,-0,119,119,116,0,1,8.7,météo très défavorable
2012-01-08,7,3,13,5,7,5,0.2,97,5.5,1031,78.5,8,6,2,248,119,119,0,1,3.3,météo très défavorable
2012-01-09,5,2,14,2,5,3,3.4,89,8.125,1021,64.375,5,3,1,119,119,119,0,1,3.3,météo très défavorable
2012-01-10,9,2,20,3,9,5,0,95,5,1036,27.125,9,6,2,143,116,113,0,1,8.7,météo très défavorable
2012-01-11,5,-1,5,1,5,0,0,89,6.25,1037,39,6,2,-2,248,113,113,0,1,8.7,météo très défavorable
2012-01-12,4,-1,5,-1,4,-0,0,83,10,1035,0.125,5,0,-1,113,113,113,0,1,8.7,météo très défavorable
2012-01-13,6,-1,18,-1,6,1,0,94,10,1033,20.75,6,2,-4,116,116,113,0,1,8.7,météo très défavorable
2012-01-14,3,-3,22,-2,3,-1,0,78,10,1028,6.25,3,0,-6,113,113,113,0,1,8.7,météo très défavorable
2012-01-15,1,-4,7,-4,0,-4,0,60,10,1023,0.125,2,0,-4,113,113,113,0,1,8.7,météo très défavorable
2012-01-16,1,-5,4,-5,-1,-4,0,38,10,1026,0.75,2,0,-5,113,113,113,0,1,8.7,météo très défavorable
2012-01-17,1,-5,4,-5,-0,-4,0,54,10,1032,12.875,2,0,-3,113,113,116,0,1,8.7,météo très défavorable
2012-01-18,2,-5,6,-5,1,-2,0,70,10,1036,18.125,2,0,-4,113,113,113,0,1,8.7,météo très défavorable
2012-01-19,5,1,14,1,5,5,0.9,94,8,1036,86.25,5,4,-2,119,122,122,0,1,3.4,météo très défavorable
2012-01-20,8,4,15,5,8,4,6.1,99,6.875,1029,87.625,8,6,1,143,119,122,0,1,3.4,météo très défavorable
2012-01-21,8,5,13,6,7,8,5,97,4,1027,97.625,8,8,3,248,143,122,0,1,3.4,météo très défavorable
2012-01-22,9,7,10,7,9,7,0.4,96,7,1023,74.5,9,8,6,119,119,143,0,1,3.4,météo défavorable
2012-01-23,8,3,10,3,8,5,0,93,6.75,1023,72.5,8,6,4,248,119,116,0,1,5.2,météo très défavorable
2012-01-24,7,3,9,4,7,4,1.8,98,3.375,1025,86.875,7,5,2,248,122,248,0,1,3.5,météo très défavorable
2012-01-25,9,3,4,4,7,4,0.8,97,3.5,1023,88.5,9,7,4,143,119,143,0,1,3.5,météo très défavorable
2012-01-26,9,3,11,3,9,5,0.1,94,8,1020,47.75,10,6,2,113,116,143,0,1,8.7,météo très défavorable
2012-01-27,7,2,8,3,7,3,0.4,91,8,1027,89.125,7,4,2,143,122,122,0,1,3.5,météo très défavorable
2012-01-28,7,-1,18,-1,7,2,0.3,86,9,1027,37.75,7,2,-2,143,119,116,0,1,5.2,météo très défavorable
2012-01-29,3,-2,22,0,2,0,0.3,85,8.75,1025,76.875,3,0,-4,116,122,119,0.3,1,3.5,météo très défavorable
2012-01-30,2,-2,9,-2,2,-2,0,77,10,1026,61.875,2,0,-3,119,119,116,0,1,5.2,météo très défavorable
2012-01-31,0,-3,19,-2,0,-2,1.9,92,6.625,1022,80.875,0,0,-7,143,122,116,1.6,1,3.5,météo très défavorable
2012-02-01,-2,-7,23,-6,-2,-5,0.2,91,8.625,1022,44.375,0,0,-12,116,119,116,0.1,1,5.2,météo très défavorable
2012-02-02,-5,-9,22,-8,-6,-8,0.1,90,8.375,1024,55.25,0,0,-14,116,119,116,0.1,1,5.3,météo très défavorable
2012-02-03,-6,-10,33,-10,-6,-9,0,75,10,1033,13.875,0,0,-18,113,113,113,0,1,8.7,météo très défavorable
2012-02-04,-6,-12,36,-11,-6,-8,0,76,10,1036,0,0,0,-18,113,113,113,0,1,8.7,météo très défavorable
2012-02-05,-6,-13,17,-13,-6,-8,0,69,10,1034,15,0,0,-15,116,113,113,0,1,8.7,météo très défavorable
2012-02-06,-4,-11,22,-11,-4,-7,0,63,10,1032,2.5,0,0,-14,113,113,113,0,1,8.7,météo très défavorable
2012-02-07,-6,-11,31,-11,-6,-8,0,67,10,1031,11,0,0,-19,113,113,116,0,1,8.7,météo très défavorable
2012-02-08,-5,-11,10,-11,-5,-7,0,72,10,1033,13.625,0,0,-13,113,113,116,0,1,8.7,météo très défavorable
2012-02-09,-2,-11,16,-11,-3,-5,0,68,10,1035,21.125,0,0,-11,113,116,116,0,1,8.7,météo très défavorable
2012-02-10,-2,-8,39,-8,-2,-5,0,68,10,1032,1.375,0,0,-14,113,113,113,0,1,8.7,météo très défavorable
2012-02-11,-4,-10,25,-10,-5,-7,0,65,10,1029,9.125,0,0,-16,113,113,113,0,1,8.7,météo très défavorable
2012-02-12,-3,-10,20,-10,-4,-5,0,59,10,1030,1.375,0,0,-15,113,113,113,0,1,10.5,météo très défavorable
2012-02-13,-0,-10,12,-10,-2,-4,0.2,65,9.625,1030,29.125,0,0,-10,113,116,119,0.2,1,10,météo très défavorable
2012-02-14,3,-4,12,-4,2,-0,0.3,95,6,1023,83.375,3,0,-3,143,122,143,0.3,1,5.3,météo très défavorable
2012-02-15,4,-1,19,0,4,2,1.6,97,4.75,1024,88,4,3,-3,248,122,119,0.2,1,5.3,météo très défavorable
2012-02-16,6,-0,24,2,6,2,0.9,95,8.625,1028,54.75,6,2,-3,248,113,113,0,1,10,météo très défavorable
2012-02-17,6,-1,10,-0,6,1,0,91,7.75,1029,37.375,6,2,-2,260,116,113,0,1,10.7,météo très défavorable
2012-02-18,7,-2,11,-2,7,3,0.3,94,8,1026,51.625,7,2,0,113,122,143,0,1,6.9,météo très défavorable
2012-02-19,5,-1,16,2,5,1,1.3,92,5.875,1029,56.5,5,3,-3,143,119,113,0,1,8.5,météo très défavorable
2012-02-20,4,-2,32,-2,4,0,0,77,10,1032,8.75,4,0,-5,116,113,113,0,1,10.8,météo très défavorable
2012-02-21,4,-4,10,-4,4,-2,0,78,10,1033,4.125,5,0,-4,113,113,113,0,1,10.8,météo très défavorable
2012-02-22,6,-4,10,-4,5,-2,0,77,10,1033,2.125,7,0,-2,113,113,113,0,1,10.8,météo très défavorable
2012-02-23,7,-2,8,-2,7,3,0.2,97,7.75,1031,63.875,7,2,0,116,119,248,0,1,7,météo très défavorable
2012-02-24,11,1,7,1,9,5,0,94,4.25,1031,60.875,11,7,3,248,116,143,0,1,10.1,météo très défavorable
2012-02-25,12,4,17,4,11,8,0,91,5.25,1030,73.875,12,8,5,248,116,116,0,1,10.1,météo très défavorable
2012-02-26,9,2,25,6,9,4,0.1,83,7.75,1029,30.875,9,5,-0,119,113,113,0,1,10.9,météo très défavorable
2012-02-27,9,-1,17,-1,8,4,0,85,8,1029,15.125,9,2,1,143,113,113,0,1,11,météo très défavorable
2012-02-28,11,-1,13,-1,9,6,0,86,10,1028,9.625,11,3,3,113,113,113,0,1,11,météo très défavorable
2012-02-29,12,0,9,0,10,7,0,92,6,1026,9.875,13,6,5,143,113,113,0,1,11.1,météo très défavorable
2012-03-01,15,0,6,0,13,6,0,91,6.5,1025,28.625,16,10,7,248,113,113,0,1,11.1,météo très défavorable
2012-03-02,17,3,12,3,15,10,0,80,10,1026,7.5,17,9,8,113,113,113,0,1,11.1,météo correcte
2012-03-03,14,4,17,4,14,8,0,93,9,1027,7.375,14,8,6,113,113,113,0,1,11.1,météo correcte
2012-03-04,13,2,11,2,12,9,2.5,91,6.125,1027,68,13,8,7,248,116,119,0,1,8.6,météo très défavorable
2012-03-05,7,1,20,2,7,2,0.8,90,9.5,1027,55.125,7,4,-1,116,116,119,0.1,1,10.1,météo très défavorable
2012-03-06,7,-0,16,-0,6,3,0.2,89,8,1028,54,7,1,-0,143,116,116,0.1,1,8.6,météo très défavorable
2012-03-07,8,-2,9,-2,8,5,1,73,6.875,1029,27.75,8,1,3,143,113,119,0,1,10.1,météo très défavorable
2012-03-08,7,1,23,3,7,3,1,80,9.875,1034,41.125,7,3,-1,119,113,113,0,1,11.3,météo très défavorable
2012-03-09,9,-1,23,-1,9,5,0,73,10,1037,6,10,0,1,113,113,113,0,1,11.3,météo très défavorable
2012-03-10,11,-1,28,-1,10,8,0,86,10,1038,9.625,11,6,3,113,113,113,0,1,11.4,météo très défavorable
2012-03-11,13,3,42,4,13,9,0,84,10,1033,19.125,13,7,5,116,113,113,0,1,11.4,météo correcte
2012-03-12,15,3,28,3,14,11,0,87,10,1031,10,15,8,6,116,113,113,0,1,11.6,météo correcte
2012-03-13,16,4,15,4,14,11,0,89,6.75,1029,17.25,16,9,8,248,113,113,0,1,11.6,météo correcte
2012-03-14,16,2,8,2,14,9,0,86,8,1029,13.125,16,7,7,143,113,113,0,1,11.6,météo correcte
2012-03-15,18,1,5,1,17,7,0,86,7,1028,1.25,19,10,8,143,113,113,0,1,11.6,météo favorable
2012-03-16,18,6,22,6,17,13,0,73,10,1026,0.125,19,10,10,113,113,113,0,1,11.6,météo favorable
2012-03-17,16,4,20,4,16,11,0.5,81,9.875,1024,29.25,16,8,9,116,116,113,0,1,11.6,météo correcte
2012-03-18,8,3,18,7,5,4,6.8,99,5.125,1024,73.375,8,7,1,248,119,248,0,1,7.4,météo très défavorable
2012-03-19,10,1,10,1,10,6,2.4,94,6.875,1033,56.875,10,5,4,143,116,119,0,1,8.8,météo très défavorable
2012-03-20,11,1,8,1,10,6,0.4,84,8.125,1035,34.375,12,5,4,248,113,113,0,1,11.6,météo très défavorable
2012-03-21,15,1,11,1,14,9,0,85,7,1033,36.25,15,7,8,143,113,116,0,1,11.6,météo très défavorable
2012-03-22,17,5,10,5,16,10,0,90,9,1029,22.375,17,10,9,113,116,113,0,1,11.6,météo correcte
2012-03-23,18,5,12,5,18,12,0.5,87,9,1026,23.875,18,10,11,143,113,113,0,1,11.6,météo favorable
2012-03-24,18,5,14,5,17,13,0,87,9,1025,4.625,18,11,12,113,113,113,0,1,11.6,météo favorable
2012-03-25,17,6,20,6,17,14,0.2,82,9,1027,5.875,17,11,12,113,113,113,0,1,11.6,météo correcte
2012-03-26,18,5,15,5,17,13,0,80,10,1030,0.875,18,9,11,113,113,113,0,1,11.6,météo favorable
2012-03-27,17,5,17,5,16,13,0,86,9,1030,0.75,17,11,11,143,113,113,0,1,11.6,météo correcte
2012-03-28,18,5,9,5,17,11,0,85,10,1028,1.375,18,9,11,113,113,113,0,1,11.6,météo favorable
2012-03-29,18,6,21,6,18,14,0,77,8,1025,1.125,18,10,12,143,113,113,0,1,11.6,météo favorable
2012-03-30,16,7,26,7,16,13,0,87,10,1022,9.125,16,10,10,113,113,113,0,1,11.6,météo correcte
2012-03-31,17,6,21,6,16,13,0,87,7.5,1017,31.375,17,10,10,248,113,113,0,1,11.6,météo correcte
2012-04-01,13,3,20,3,12,9,0,81,10,1015,23.75,13,6,5,116,113,113,0,1,11.6,météo correcte
2012-04-02,18,-1,9,2,15,9,1.2,88,9.875,1012,5.5,18,9,9,113,113,113,0,1,11.6,météo favorable
2012-04-03,17,8,18,9,17,10,5.1,94,6.375,1007,59.875,17,12,9,248,200,143,0,1,9,météo correcte
2012-04-04,12,6,7,6,12,8,1.3,88,6.625,1010,64.125,12,7,6,119,116,116,0,1,10.3,météo défavorable
2012-04-05,15,5,12,6,14,11,0,87,8,1011,47.375,15,9,9,143,116,116,0,1,11.6,météo correcte
2012-04-06,15,4,9,5,13,10,0.2,92,6.375,1011,53.375,15,10,10,143,116,116,0,1,11.6,météo correcte
2012-04-07,13,5,16,8,11,9,1.9,92,7.25,1009,75.75,13,8,6,248,119,119,0,1,6.6,météo très défavorable
2012-04-08,9,-1,18,3,8,4,0.1,77,8.75,1018,43.375,9,3,2,119,116,113,0,1,10.3,météo très défavorable
2012-04-09,14,-2,14,3,13,11,0.8,87,9,1017,59.125,14,9,5,122,119,116,0,1,7.8,météo très défavorable
2012-04-10,13,6,23,6,10,9,10.6,92,9.125,1005,49.5,13,10,7,113,122,116,0,1,9.1,météo correcte
2012-04-11,11,4,9,4,10,5,2.9,95,7.375,1006,66.25,11,7,5,143,122,143,0,1,7.9,météo très défavorable
2012-04-12,11,3,8,6,11,8,1.5,91,4.875,1006,70,11,8,6,143,116,116,0,1,10.9,météo très défavorable
2012-04-13,13,3,17,4,12,8,0,81,7,1005,10.5,13,5,6,143,113,113,0,1,13.7,météo correcte
2012-04-14,10,2,20,4,10,7,2.5,97,6.875,1003,65.875,10,7,4,143,119,122,0,1,10.9,météo très défavorable
2012-04-15,5,2,24,2,2,4,16.2,100,7.5,1010,97.75,5,5,-3,122,122,122,0,1,8.6,météo très défavorable
2012-04-16,6,1,30,3,4,5,2,93,7.875,1020,79.5,6,4,-2,122,122,116,0,1,9.8,météo très défavorable
2012-04-17,11,-2,10,0,11,7,2.2,81,7.875,1020,26.625,11,5,5,113,113,116,0,1,13.8,météo très défavorable
2012-04-18,12,4,21,4,11,9,1.4,87,8.375,1006,61.125,12,7,7,119,119,116,0,1,11,météo très défavorable
2012-04-19,11,4,14,6,10,7,2.9,92,8.125,998,61.5,11,8,5,116,200,200,0,1,11,météo très défavorable
2012-04-20,11,3,14,4,11,8,1.9,91,5.5,1006,72.25,11,6,6,248,116,119,0,1,11,météo très défavorable
2012-04-21,12,4,27,6,12,9,4.9,93,7.375,1010,44.75,13,10,6,116,116,113,0,1,13.9,météo très défavorable
2012-04-22,11,2,14,5,11,7,3.2,96,6.5,1014,58.75,11,7,7,143,116,143,0,1,11,météo très défavorable
2012-04-23,13,4,30,5,13,9,4.4,93,7.5,1014,67.125,13,8,6,143,116,116,0,1,13.4,météo très défavorable
2012-04-24,9,5,24,6,9,7,3.5,95,8.375,1010,57.875,10,7,5,119,119,143,0,1,9.9,météo très défavorable
2012-04-25,14,3,38,5,12,12,0.3,81,8,1010,50.25,14,9,5,116,119,119,0,1,11.1,météo correcte
2012-04-26,18,8,27,9,18,15,0.3,88,8.375,1015,30.5,18,13,13,116,116,113,0,1,14.1,météo favorable
2012-04-27,15,4,9,9,15,15,0.9,97,6.25,1016,67.375,15,14,14,113,116,248,0,1,12.2,météo très défavorable
2012-04-28,23,13,11,14,21,20,0.1,88,10,1012,49.375,25,18,17,119,116,113,0,1,12.2,météo favorable
2012-04-29,18,9,32,12,18,14,1.3,81,10,1013,25,18,11,12,116,116,113,0,1,14.2,météo favorable
2012-04-30,17,8,18,11,17,10,3.2,98,8.375,1015,54.375,17,12,8,116,116,113,0,1,13.4,météo correcte
2012-05-01,17,4,16,8,17,14,0.1,82,8,1018,19.25,18,11,12,143,116,113,0,1,14.2,météo correcte
2012-05-02,16,4,12,10,16,11,3.3,92,7.25,1017,62.875,16,12,10,143,119,116,0,1,11.1,météo correcte
2012-05-03,20,3,6,9,20,13,0,80,8,1017,5.625,20,13,14,113,113,113,0,1,14.3,météo favorable
2012-05-04,19,8,18,10,19,14,5.3,92,9.375,1010,35.125,19,14,14,113,200,200,0,1,13.4,météo correcte
2012-05-05,17,9,14,10,17,12,4.4,89,8.25,1009,72.125,17,13,12,248,200,116,0,1,11.2,météo défavorable
2012-05-06,15,6,13,8,14,12,1.8,91,8.75,1016,45.75,15,11,12,143,122,113,0,1,11.2,météo correcte
2012-05-07,17,6,9,10,16,12,0.5,85,6.375,1019,45.875,17,10,12,143,116,113,0,1,13.4,météo correcte
2012-05-08,15,8,16,11,13,14,3.9,96,9.125,1018,53.625,15,13,12,116,122,122,0,1,10.1,météo correcte
2012-05-09,22,11,13,12,21,19,2,90,8.625,1020,47.375,24,18,18,200,113,113,0,1,12.4,météo favorable
2012-05-10,26,13,13,15,25,23,0.5,92,6.5,1023,39.625,28,21,19,116,113,113,0,1,14.5,météo favorable
2012-05-11,27,13,13,15,26,24,4.8,93,8.625,1025,11.5,29,23,22,113,113,113,0,1,14.5,météo favorable
2012-05-12,17,9,20,11,14,12,2.2,82,8.75,1031,51.625,17,17,10,119,116,113,0,1,13.5,météo correcte
2012-05-13,15,5,22,7,15,12,0,81,10,1030,4,15,9,10,113,113,113,0,1,14.5,météo correcte
2012-05-14,17,4,13,6,16,14,0,85,7.75,1023,26.25,17,11,12,113,113,116,0,1,14.5,météo correcte
2012-05-15,14,5,22,9,14,9,1.4,93,6.375,1022,38.625,14,9,7,143,113,119,0,1,13.5,météo correcte
2012-05-16,12,1,15,6,11,9,0.6,80,6.375,1027,42.625,12,6,7,143,113,113,0,1,13.5,météo très défavorable
2012-05-17,16,0,15,5,15,14,0.9,80,9,1026,23.625,16,11,11,113,119,113,0,1,13.5,météo très défavorable
2012-05-18,18,9,21,10,14,16,4.2,92,9.625,1013,51.25,18,13,12,200,116,176,0,1,12.5,météo favorable
2012-05-19,19,6,13,11,19,17,1.1,79,9.875,1014,27,19,14,17,113,116,116,0,1,14.5,météo favorable
2012-05-20,19,12,10,13,19,16,3.5,87,7.75,1009,55.75,20,15,16,143,119,116,0,1,13.5,météo correcte
2012-05-21,12,9,13,9,11,12,16.2,97,4.5,1005,94.375,12,11,8,248,122,119,0,1,9.5,météo très défavorable
2012-05-22,16,10,17,11,14,14,17.2,95,6.75,1017,92.625,16,14,12,122,122,116,0,1,9.5,météo très défavorable
2012-05-23,19,9,12,13,18,17,0.4,89,5.25,1024,89.5,19,16,16,248,119,122,0,1,9.7,météo défavorable
2012-05-24,23,13,12,16,22,21,5.3,93,6,1024,51.5,25,20,19,143,200,113,0,1,12.6,météo correcte
2012-05-25,24,13,13,16,24,21,1.7,87,5.5,1019,37.5,26,19,20,143,113,113,0,1,14.5,météo favorable
2012-05-26,25,11,9,16,25,21,0.8,82,6,1016,5.125,27,19,21,143,113,113,0,1,14.5,météo favorable
2012-05-27,21,13,10,17,21,20,4.2,87,7.625,1018,33.875,24,18,19,143,200,113,0,1,12.6,météo correcte
2012-05-28,22,11,14,15,22,19,1.3,87,7,1017,8.125,25,17,19,116,113,113,0,1,14.5,météo favorable
2012-05-29,24,12,14,15,24,20,0.5,85,7.875,1017,9.625,25,18,20,143,113,113,0,1,14.5,météo favorable
2012-05-30,25,10,10,16,25,20,2.6,96,9,1021,17.5,26,19,20,113,113,143,0,1,14.5,météo favorable
2012-05-31,23,11,12,17,23,20,2,95,5.5,1021,34.5,25,19,20,113,116,143,0,1,14.5,météo favorable
2012-06-01,23,12,9,16,22,21,0.1,88,5.25,1021,54.375,25,19,20,143,113,113,0,1,14.5,météo favorable
2012-06-02,26,12,9,15,25,23,4.1,88,6.875,1017,46.5,28,21,22,116,113,200,0,1,14.5,météo favorable
2012-06-03,18,13,19,17,16,15,15.7,97,6.25,1016,60.125,18,17,15,248,119,143,0,1,10.8,météo défavorable
2012-06-04,17,11,13,12,17,15,1.2,88,7.625,1019,56.75,17,13,13,143,113,116,0,1,11.7,météo correcte
2012-06-05,19,10,7,10,19,17,0.2,81,6.25,1020,63.625,19,14,13,248,116,116,0,1,12.6,météo correcte
2012-06-06,20,13,9,13,15,19,3.7,97,6.625,1013,70.375,20,17,14,143,143,116,0,1,11.7,météo défavorable
2012-06-07,23,13,27,16,23,18,15.6,94,4.875,1011,79.875,25,19,18,248,113,200,0,1,11.7,météo défavorable
2012-06-08,19,12,10,15,18,17,4.5,89,6.25,1017,53.625,19,15,16,248,116,113,0,1,13.6,météo favorable
2012-06-09,17,9,9,12,17,15,0.4,86,5.875,1019,54.875,17,13,15,143,116,176,0,1,14.5,météo correcte
2012-06-10,16,6,8,13,16,13,12.3,98,6.25,1017,70,16,14,13,113,119,302,0,1,11.7,météo défavorable
2012-06-11,18,12,13,13,17,15,2.8,89,5.75,1009,65.5,18,14,15,143,119,119,0,1,12.7,météo défavorable
2012-06-12,15,9,14,11,15,14,5.8,97,7.25,1015,64.75,15,14,10,143,119,143,0,1,10.8,météo correcte
2012-06-13,15,9,12,11,15,15,2.3,89,5.75,1019,74.625,15,13,12,248,122,176,0,1,10.8,météo défavorable
2012-06-14,21,4,10,12,20,20,0.1,88,7.75,1019,32.5,24,18,18,119,113,113,0,1,13.6,météo favorable
2012-06-15,24,12,15,15,23,22,0.8,88,8.75,1019,24.75,26,20,20,116,113,113,0,1,14.5,météo favorable
2012-06-16,25,12,16,16,24,21,2.4,95,10,1022,15.5,27,20,21,113,113,116,0,1,14.5,météo favorable
2012-06-17,24,13,6,14,23,22,1,85,6.625,1024,33.5,26,19,19,143,113,113,0,1,14.5,météo favorable
2012-06-18,23,16,14,17,23,21,0.6,97,5.25,1019,49.25,25,21,21,113,116,248,0,1,13.6,météo favorable
2012-06-19,24,15,12,17,24,23,1.4,91,6.5,1019,69.75,26,20,19,143,116,116,0,1,12.7,météo défavorable
2012-06-20,24,15,6,17,23,22,4.6,94,6,1016,49.75,26,19,19,248,116,113,0,1,13.6,météo favorable
2012-06-21,27,13,17,19,27,20,2.7,91,7.25,1020,38.75,30,22,20,116,200,113,0,1,14.5,météo correcte
2012-06-22,20,9,10,13,20,18,0,81,7.5,1025,33.625,20,15,17,113,113,113,0,1,14.5,météo favorable
2012-06-23,21,9,8,15,21,19,0.1,82,7,1026,17.25,24,16,19,143,113,113,0,1,13.6,météo favorable
2012-06-24,23,8,11,16,23,22,0.2,86,7.875,1023,17.5,25,20,21,113,113,113,0,1,14.5,météo favorable
2012-06-25,21,14,12,16,21,20,2.9,92,7.625,1023,77.625,24,18,17,248,122,116,0,1,11.8,météo défavorable
2012-06-26,23,15,10,18,22,21,3.7,90,5,1023,70,25,19,20,143,119,176,0,1,11.8,météo défavorable
2012-06-27,27,14,7,18,26,24,0,84,5.25,1024,42.875,29,21,23,248,113,113,0,1,13.6,météo favorable
2012-06-28,29,19,21,20,28,26,1.7,85,7.5,1015,35.875,33,24,25,116,113,113,0,1,14.5,météo favorable
2012-06-29,28,17,15,19,28,24,5.8,90,9.625,1014,13.125,31,23,24,113,113,113,0,1,14.5,météo favorable
2012-06-30,26,17,14,19,26,23,6.7,89,6.125,1016,54.5,28,21,23,143,113,113,0,1,13.6,météo favorable
2012-07-01,17,14,10,16,16,15,13.9,97,5.375,1021,89.125,17,17,14,248,122,143,0,1,9.9,météo défavorable
2012-07-02,20,13,11,13,18,18,6.7,90,7,1020,69.25,20,16,15,248,116,122,0,1,12.7,météo défavorable
2012-07-03,24,11,4,15,24,22,0,82,8,1020,14.625,26,19,20,113,113,113,0,1,14.5,météo favorable
2012-07-04,25,12,8,18,25,21,2.2,88,7.875,1016,39.25,27,19,21,116,116,200,0,1,13.6,météo favorable
2012-07-05,21,14,8,17,18,17,6.1,94,7.375,1013,53.375,21,17,17,113,293,293,0,1,11.7,météo correcte
2012-07-06,21,13,7,15,21,19,3,73,7.5,1014,25.25,21,15,19,143,113,113,0,1,14.5,météo favorable
2012-07-07,23,9,10,15,23,22,0,74,9,1016,14.5,25,16,20,113,113,113,0,1,14.5,météo favorable
2012-07-08,22,16,17,17,22,20,8.8,85,7.75,1016,41.375,25,17,19,143,113,176,0,1,13.6,météo correcte
2012-07-09,24,11,8,16,24,21,0.4,84,7.625,1017,29.625,26,18,21,113,116,113,0,1,14.5,météo favorable
2012-07-10,22,12,12,17,22,20,1.6,91,8.625,1018,41.25,25,18,20,116,200,116,0,1,13.6,météo correcte
2012-07-11,20,12,13,15,20,18,0.3,83,6.5,1021,55.875,20,15,17,116,116,116,0,1,14.5,météo correcte
2012-07-12,19,10,13,13,19,18,0.4,84,6.625,1022,52.5,19,16,16,143,122,113,0,1,12.5,météo correcte
2012-07-13,22,12,14,15,20,19,2.4,90,8.875,1017,71.875,25,17,18,143,122,119,0,1,10.5,météo défavorable
2012-07-14,20,13,13,15,20,17,1.2,86,9.625,1017,27.75,20,15,17,113,113,116,0,1,14.5,météo favorable
2012-07-15,18,10,12,13,17,15,1.6,83,5.375,1026,52.625,18,13,15,143,116,113,0,1,12.5,météo favorable
2012-07-16,20,8,10,12,20,18,0.1,87,6.75,1029,25.375,20,16,17,116,113,113,0,1,14.5,météo favorable
2012-07-17,22,11,9,15,21,20,0,87,6.75,1030,22.625,24,18,19,116,113,113,0,1,14.5,météo favorable
2012-07-18,28,10,9,17,27,25,0.8,84,7.375,1026,30,29,22,22,113,113,113,0,1,14.5,météo favorable
2012-07-19,22,15,13,18,22,20,0.5,90,6.625,1017,32.75,25,18,20,248,113,116,0,1,13.5,météo favorable
2012-07-20,20,11,15,16,20,16,1.3,94,6.875,1020,55,20,16,16,116,116,113,0,1,12.5,météo correcte
2012-07-21,19,10,17,12,19,17,0.3,83,6.25,1024,44.5,19,14,16,248,113,113,0,1,13.5,météo favorable
2012-07-22,20,10,22,12,20,18,0,81,7.5,1024,28.5,20,15,17,113,113,113,0,1,14.5,météo favorable
2012-07-23,22,10,14,12,21,20,0,83,8,1024,2,25,17,17,113,113,113,0,1,14.5,météo favorable
2012-07-24,27,10,8,17,26,24,0.1,76,7.5,1019,33.25,28,19,23,116,113,113,0,1,14.5,météo favorable
2012-07-25,29,13,11,20,28,25,0,76,9,1017,6.75,30,20,25,113,113,113,0,1,14.5,météo favorable
2012-07-26,30,14,4,21,30,27,0.1,73,10,1018,7.125,33,22,26,113,113,113,0,1,14.5,météo favorable
2012-07-27,29,18,16,19,29,26,0.2,83,10,1016,9.625,32,23,25,113,113,113,0,1,14.5,météo idéale
2012-07-28,25,17,9,19,25,21,5.6,91,6,1014,53.625,26,19,21,248,113,200,0,1,13.5,météo favorable
2012-07-29,16,14,6,15,15,14,1,95,8,1019,46,16,16,14,176,176,176,0,1,14.5,météo correcte
2012-07-30,24,11,4,15,24,21,0,73,9,1021,23.5,25,16,20,113,113,113,0,1,14.5,météo favorable
2012-07-31,25,13,7,16,24,22,0,75,9,1021,23.125,27,17,21,116,113,113,0,1,14.5,météo favorable
2012-08-01,29,13,17,18,28,24,1.1,85,10,1017,9.375,31,22,23,113,113,113,0,1,14.5,météo favorable
2012-08-02,24,15,10,18,24,21,0.4,81,6.375,1019,47.5,26,18,21,143,113,116,0,1,14.5,météo favorable
2012-08-03,23,13,8,16,23,21,0.1,79,6.5,1020,35.875,25,17,21,143,113,113,0,1,14.5,météo favorable
2012-08-04,25,13,8,17,25,21,8.6,87,8,1018,38.875,27,19,21,116,116,200,0,1,13.5,météo correcte
2012-08-05,24,13,11,17,24,19,6.4,95,6.875,1014,71.875,26,20,19,119,200,143,0,1,9.2,météo défavorable
2012-08-06,20,13,7,16,19,18,2.3,84,6.25,1022,47,20,16,19,143,119,176,0,1,13.4,météo correcte
2012-08-07,21,11,8,14,21,20,0.8,75,7.75,1025,13.25,24,14,19,116,113,113,0,1,14.5,météo favorable
2012-08-08,24,15,12,17,24,20,3,78,8.375,1018,59.5,25,16,20,116,116,176,0,1,11.3,météo correcte
2012-08-09,25,14,13,15,25,21,0,82,5.5,1024,29.875,26,18,21,143,113,113,0,1,14.3,météo favorable
2012-08-10,25,15,13,16,25,21,0,84,5.5,1024,29.75,26,19,21,143,113,113,0,1,14.2,météo idéale
2012-08-11,25,14,4,15,25,22,0,81,6.5,1022,38.625,28,19,20,143,113,113,0,1,14.2,météo favorable
2012-08-12,23,14,9,18,22,20,1.6,89,7.625,1015,39.25,25,18,19,143,119,113,0,1,12.2,météo correcte
2012-08-13,24,12,7,17,24,21,0.2,83,7.5,1016,39.125,26,18,21,116,113,113,0,1,14.2,météo favorable
2012-08-14,27,13,6,19,27,23,0.2,81,8,1015,14.75,29,19,23,113,116,113,0,1,14.1,météo favorable
2012-08-15,28,17,19,18,28,23,12,91,9,1016,18.75,29,22,23,113,113,200,0,1,14.1,météo correcte
2012-08-16,23,14,6,15,22,19,1,74,8.875,1021,13.75,25,17,19,113,116,113,0,1,14.1,météo favorable
2012-08-17,27,11,5,17,27,22,0,81,9,1020,4.25,29,19,22,113,113,113,0,1,14,météo favorable
2012-08-18,30,17,10,19,29,25,0,78,10,1020,0.625,33,21,25,113,113,113,0,1,14,météo idéale
2012-08-19,31,18,15,18,31,26,0,87,10,1021,1.875,36,23,25,113,113,113,0,1,14,météo favorable
2012-08-20,31,20,7,23,31,26,0.3,77,8.875,1022,14.75,35,23,26,113,200,113,0,1,14,météo correcte
2012-08-21,32,19,5,23,32,27,0.9,74,10,1020,15.125,38,23,27,113,113,113,0,1,13.9,météo favorable
2012-08-22,26,20,9,21,26,23,3.8,89,7.125,1020,38.375,29,22,23,248,116,113,0,1,12.2,météo favorable
2012-08-23,29,18,12,18,26,25,1.8,89,7.5,1018,41.875,32,23,22,143,200,113,0,1,13.3,météo correcte
2012-08-24,24,18,10,19,24,20,15.8,95,6.625,1012,55.875,27,22,20,143,116,143,0,1,12.2,météo défavorable
2012-08-25,23,15,15,18,22,18,1.4,89,7.625,1018,50,25,19,18,143,119,113,0,1,11,météo correcte
2012-08-26,19,11,12,12,19,15,0.3,89,8,1023,28.25,19,13,15,143,119,113,0,1,13.3,météo correcte
2012-08-27,23,8,8,13,23,18,0,83,7.75,1023,17.625,25,15,18,248,113,113,0,1,13.3,météo favorable
2012-08-28,25,14,10,15,24,18,0,90,10,1021,16.75,26,17,18,116,113,113,0,1,13.7,météo favorable
2012-08-29,25,15,10,16,25,20,2,91,9.625,1021,18.25,27,20,20,116,113,200,0,1,13.7,météo idéale
2012-08-30,20,12,12,15,20,16,1.4,87,6.5,1023,40.25,20,16,16,143,116,113,0,1,13.6,météo favorable
2012-08-31,15,9,19,11,15,12,2.4,94,7.375,1025,60.875,16,11,10,248,116,113,0,1,12,météo correcte
2012-09-01,15,7,20,7,14,13,0.6,89,7.5,1025,72.25,15,12,8,248,119,116,0,1,7.8,météo défavorable
2012-09-02,19,10,13,10,18,16,0.5,93,8.5,1024,54.125,19,14,15,248,119,113,0,1,9.1,météo correcte
2012-09-03,20,12,19,12,20,18,0,83,10,1023,52.125,20,16,17,116,122,116,0,1,7.8,météo correcte
2012-09-04,22,13,16,13,22,20,0.4,80,5.375,1020,76.75,25,17,19,143,119,119,0,1,7.8,météo défavorable
2012-09-05,22,14,13,14,22,21,0.3,81,6.5,1020,60.625,25,17,19,143,116,116,0,1,11.6,météo correcte
2012-09-06,23,13,15,13,22,17,0,79,8.75,1025,24.125,25,15,17,116,113,113,0,1,11.6,météo favorable
2012-09-07,23,10,9,11,23,16,0,78,6.75,1026,14.875,26,15,16,143,113,113,0,1,11.6,météo favorable
2012-09-08,25,10,5,12,25,17,0,88,8,1023,1.625,27,17,17,143,113,113,0,1,11.6,météo favorable
2012-09-09,27,14,9,15,27,19,0.1,82,10,1018,10.25,28,16,19,113,113,113,0,1,11.6,météo favorable
2012-09-10,27,15,8,16,26,20,0,79,10,1018,16.125,28,16,20,113,113,113,0,1,11.6,météo idéale
2012-09-11,25,16,11,16,25,19,2.5,86,9.625,1018,21.375,26,17,19,200,113,116,0,1,11.6,météo idéale
2012-09-12,18,9,9,13,18,12,3.3,89,8.625,1019,62,18,15,11,119,116,116,0,1,10.3,météo correcte
2012-09-13,16,7,14,9,15,12,1.8,95,5.5,1021,53.125,16,11,11,248,119,116,0,1,8.9,météo correcte
2012-09-14,19,8,14,8,18,13,0,80,7.5,1020,32.875,19,10,12,248,113,113,0,1,11.6,météo favorable
2012-09-15,19,7,10,10,19,13,0,89,7.75,1019,29.375,19,11,12,248,116,113,0,1,11.6,météo favorable
2012-09-16,22,7,7,8,20,13,0,90,8,1018,7.25,24,13,14,113,113,113,0,1,11.6,météo favorable
2012-09-17,24,11,4,13,24,14,0,88,10,1016,31.5,25,15,15,113,116,113,0,1,11.6,météo favorable
2012-09-18,22,12,9,13,22,15,3.3,96,8.125,1016,38.875,25,16,16,113,116,143,0,1,8.9,météo favorable
2012-09-19,16,9,14,10,16,11,0.1,78,6.5,1025,33.5,16,13,10,248,113,113,0,1,11.6,météo correcte
2012-09-20,18,6,6,6,18,9,0,86,10,1025,19.75,18,7,8,113,113,116,0,1,11.6,météo favorable
2012-09-21,23,9,21,10,22,18,0.7,80,8.625,1020,34,25,15,18,248,113,116,0,1,11.6,météo favorable
2012-09-22,21,13,9,14,20,15,3.2,98,6.125,1017,74.75,21,17,15,248,119,248,0,1,7.4,météo défavorable
2012-09-23,24,12,18,14,24,18,0,79,6.5,1016,42.625,26,16,18,143,113,116,0,1,10.2,météo favorable
2012-09-24,20,14,28,16,20,15,7,84,8.5,1009,57,20,16,15,143,119,116,0,1,8.8,météo correcte
2012-09-25,19,11,26,11,19,14,7.4,94,8,1008,36.875,19,15,13,113,200,143,0,1,11.6,météo correcte
2012-09-26,14,8,14,13,10,8,22.8,99,7.5,1009,92.125,14,13,6,143,122,122,0,1,6,météo très défavorable
2012-09-27,17,6,24,7,17,10,1,92,9.875,1020,25.375,17,12,10,113,113,116,0,1,11.6,météo correcte
2012-09-28,19,6,3,7,19,9,0,88,9,1020,16.25,19,12,9,143,113,116,0,1,11.6,météo favorable
2012-09-29,16,9,10,10,14,12,0.8,91,8.625,1019,52.5,16,12,11,122,122,116,0,1,8.8,météo correcte
2012-09-30,13,8,6,8,12,9,1.4,97,3.75,1021,72.375,13,11,9,143,122,248,0,1,5.9,météo défavorable
2012-10-01,17,8,5,10,17,9,0,93,8,1021,36.375,18,12,9,143,119,113,0,1,8.8,météo correcte
2012-10-02,18,6,6,6,18,11,0,79,10,1022,21,19,10,11,113,113,113,0,1,11.6,météo favorable
2012-10-03,19,11,10,11,18,14,0.5,85,9.875,1020,47,19,12,14,116,119,116,0,1,10.2,météo correcte
2012-10-04,19,10,21,12,19,11,0.7,92,9.25,1020,41.25,19,13,11,119,116,113,0,1,10.2,météo favorable
2012-10-05,21,10,8,10,20,14,0,86,10,1019,8.25,21,13,14,113,113,113,0,1,11.6,météo favorable
2012-10-06,22,12,14,12,22,18,1.7,82,9,1019,22.875,25,16,18,113,113,116,0,1,11.6,météo favorable
2012-10-07,19,13,10,15,19,14,2.7,99,4.125,1022,82.25,19,16,14,248,119,248,0,1,7.3,météo défavorable
2012-10-08,18,11,8,11,17,15,2.1,96,4.625,1022,71,18,15,14,248,116,143,0,1,10.1,météo défavorable
2012-10-09,19,11,9,15,19,12,6.4,97,4.5,1016,83.875,19,16,13,248,119,248,0,1,7.2,météo défavorable
2012-10-10,18,11,12,14,18,12,4.4,96,6.375,1015,61.625,18,16,12,248,116,143,0,1,10.1,météo correcte
2012-10-11,19,11,9,11,19,14,0.5,93,6.75,1013,42.125,19,14,14,248,113,116,0,1,11.5,météo favorable
2012-10-12,14,6,20,13,14,7,0.4,88,8.125,1019,48.5,14,13,7,122,113,113,0,1,7.2,météo correcte
2012-10-13,14,3,12,3,14,9,0,70,10,1019,39.625,14,6,8,119,113,113,0,1,7.2,météo correcte
2012-10-14,14,7,28,7,14,11,5.8,92,9.625,1012,62.75,14,10,9,116,119,116,0,1,5.6,météo correcte
2012-10-15,11,2,9,2,11,3,0,86,7.75,1016,28.375,11,7,3,248,113,113,0,1,8.7,météo très défavorable
2012-10-16,13,3,14,3,13,9,0.1,79,10,1016,37.25,13,8,6,113,116,119,0,1,5.5,météo correcte
2012-10-17,19,7,34,9,19,15,0,84,10,1013,29.75,19,12,13,116,113,116,0,1,7.1,météo favorable
2012-10-18,20,12,29,12,20,15,0.6,75,9.875,1012,25.125,20,13,15,113,116,116,0,1,8.7,météo favorable
2012-10-19,20,12,18,12,20,16,1.1,77,9.875,1016,38.25,20,13,16,116,116,116,0,1,8.7,météo favorable
2012-10-20,22,12,12,12,22,15,0.5,81,9.875,1018,22.375,24,15,15,116,113,113,0,1,8.7,météo favorable
2012-10-21,22,14,7,14,21,15,0.6,85,9.75,1017,28.875,25,15,15,116,116,113,0,1,8.7,météo favorable
2012-10-22,22,13,7,14,22,14,0.6,94,7.875,1020,22.125,24,17,15,143,116,113,0,1,8.7,météo favorable
2012-10-23,18,9,5,11,18,11,0,91,6.5,1021,41,18,14,12,248,113,113,0,1,8.7,météo favorable
2012-10-24,16,7,6,7,16,9,0,96,4.75,1020,26.125,16,11,8,248,116,143,0,1,8.7,météo correcte
2012-10-25,17,7,7,7,17,11,0,89,6.75,1016,19.875,17,12,10,143,113,113,0,1,8.7,météo correcte
2012-10-26,13,10,7,10,13,11,7.7,94,6.25,1010,69.25,14,11,11,119,119,143,0,1,3.8,météo défavorable
2012-10-27,11,-0,24,6,4,0,7.3,90,7.875,1009,73.75,11,11,-4,122,116,116,0.1,1,5.4,météo très défavorable
2012-10-28,5,-1,34,-0,5,1,0.3,68,8.375,1018,45,5,0,-4,122,116,113,0.2,1,8.7,météo très défavorable
2012-10-29,7,-2,7,-2,7,1,0,74,10,1019,9.625,7,0,-1,113,113,113,0,1,8.7,météo très défavorable
2012-10-30,9,-1,10,-1,9,2,0,72,10,1014,7.25,9,1,-1,113,113,113,0,1,8.7,météo très défavorable
2012-10-31,9,1,8,2,9,5,0,79,10,1006,24.5,9,4,3,113,116,116,0,1,8.7,météo très défavorable
2012-11-01,11,2,26,3,11,9,2.1,90,9.875,1002,42.375,11,8,5,113,122,119,0,1,7.1,météo très défavorable
2012-11-02,13,5,34,5,13,11,3.1,86,9.25,1010,51.625,13,8,7,119,116,116,0,1,8.7,météo correcte
2012-11-03,16,8,27,8,16,12,1.3,87,9.875,1009,31,16,11,9,113,113,116,0,1,8.7,météo correcte
2012-11-04,14,8,19,11,14,9,12.9,94,8.125,1007,68.375,14,12,9,119,119,143,0,1,7,météo défavorable
2012-11-05,12,5,20,6,12,6,3.9,92,8.75,1015,55.375,12,8,5,119,116,116,0,1,5.4,météo très défavorable
2012-11-06,8,3,13,3,8,5,0.7,98,7,1028,50.125,8,6,2,116,119,116,0,1,3.7,météo très défavorable
2012-11-07,9,0,6,0,9,3,0,95,5,1032,13.5,9,6,3,143,113,143,0,1,8.7,météo très défavorable
2012-11-08,10,2,20,3,10,7,0,82,9,1028,29,10,6,4,119,116,113,0,1,8.7,météo très défavorable
2012-11-09,13,5,14,5,13,10,0,84,10,1021,32.125,13,8,8,113,113,116,0,1,8.7,météo correcte
2012-11-10,12,9,16,10,12,10,11.2,98,6.75,1011,69.875,12,11,9,143,122,143,0,1,5.3,météo défavorable
2012-11-11,10,7,10,7,10,7,0.6,99,3.875,1021,66.375,10,8,5,248,119,248,0,1,5.3,météo défavorable
2012-11-12,8,2,10,5,8,4,0,90,6.25,1030,60.375,8,6,1,248,116,116,0,1,8.7,météo très défavorable
2012-11-13,8,1,5,1,8,2,0,93,9,1031,4.375,8,4,1,113,113,113,0,1,8.7,météo très défavorable
2012-11-14,8,0,3,0,8,2,0,90,8,1028,7,9,4,2,143,113,113,0,1,8.7,météo très défavorable
2012-11-15,10,1,3,1,10,1,0,85,10,1024,0.625,11,5,2,113,113,113,0,1,8.7,météo très défavorable
2012-11-16,9,1,13,1,9,4,0,83,10,1021,0.125,9,3,1,113,113,113,0,1,8.7,météo très défavorable
2012-11-17,12,4,16,4,12,8,0,87,9,1017,28.75,12,8,5,113,116,116,0,1,8.7,météo très défavorable
2012-11-18,12,5,6,6,12,6,0,89,10,1015,37.125,12,7,6,116,116,113,0,1,8.7,météo très défavorable
2012-11-19,10,1,4,1,10,3,0,86,10,1017,4.875,10,4,3,113,113,113,0,1,8.7,météo très défavorable
2012-11-20,7,0,6,0,7,0,0,66,10,1019,1,7,1,-1,113,113,113,0,1,8.7,météo très défavorable
2012-11-21,11,2,13,2,11,6,0.9,92,9.875,1024,44,11,5,4,116,122,116,0,1,7,météo très défavorable
2012-11-22,9,3,4,3,9,3,0,96,4.75,1024,55.875,9,6,3,248,119,143,0,1,5.3,météo très défavorable
2012-11-23,11,4,20,4,11,9,0,94,5.75,1023,61.375,11,8,4,143,116,119,0,1,7,météo très défavorable
2012-11-24,14,7,24,7,14,10,0,92,8,1021,51.375,14,9,7,116,119,116,0,1,5.3,météo correcte
2012-11-25,14,10,11,11,14,10,0.8,94,8.375,1020,68.5,14,10,10,143,116,122,0,1,6.9,météo défavorable
2012-11-26,11,5,12,11,11,6,19.9,97,6.5,1014,89,11,10,5,122,143,143,0,1,3.4,météo très défavorable
2012-11-27,7,4,8,5,7,5,3.6,92,8.625,1009,85.75,7,5,4,122,122,116,0,1,3.4,météo très défavorable
2012-11-28,5,3,30,4,5,4,3.4,93,9.125,1004,75.25,5,3,-1,116,122,122,0,1,3.2,météo très défavorable
2012-11-29,4,1,21,2,4,2,2.4,96,6.625,1007,80.125,4,2,-2,122,122,143,2,1,5,météo très défavorable
2012-11-30,3,-1,24,-1,3,-0,0,85,10,1012,34.625,3,0,-5,119,116,113,0,1,6.9,météo très défavorable
2012-12-01,3,-3,12,-3,3,-2,0,73,10,1019,18.25,3,0,-4,113,119,113,0,1,6.9,météo très défavorable
2012-12-02,3,-3,10,0,3,-1,1.4,92,7.625,1022,47.75,3,1,-3,122,119,113,1.2,1,5,météo très défavorable
2012-12-03,5,-3,19,-1,1,4,6.1,96,5.25,1024,83.875,5,4,-4,119,122,143,0.4,1,3.2,météo très défavorable
2012-12-04,6,2,18,4,6,2,3,94,8.875,1012,81.25,6,5,0,119,119,143,0,1,3.2,météo très défavorable
2012-12-05,5,2,15,2,5,2,1.8,96,6,1010,89.25,5,2,0,143,122,143,0,1,3.2,météo très défavorable
2012-12-06,3,-2,10,1,3,-2,0.2,87,10,1021,55.25,3,1,-4,119,116,116,0.1,1,8.5,météo très défavorable
2012-12-07,2,-1,20,-0,1,2,2.3,97,7.75,1018,69.375,2,2,-5,116,122,143,0.6,1,5,météo très défavorable
2012-12-08,2,-1,19,1,2,-1,0.9,94,7.875,1029,62.75,2,2,-5,119,116,143,0.8,1,5,météo très défavorable
2012-12-09,3,-3,8,-3,3,1,0.1,90,6.5,1030,52.75,3,0,-2,260,116,122,0,1,6.9,météo très défavorable
2012-12-10,4,0,15,1,4,1,1.8,97,8.875,1022,79.75,4,3,-3,122,119,116,0,1,3.2,météo très défavorable
2012-12-11,1,-3,20,-1,1,-3,0.1,88,8.375,1028,33.75,1,1,-8,116,113,113,0.1,1,8.4,météo très défavorable
2012-12-12,-0,-4,11,-4,-0,-4,0,78,10,1028,24.875,0,0,-8,116,113,116,0,1,8.4,météo très défavorable
2012-12-13,5,-3,18,0,5,2,3.5,94,8.625,1017,72.125,5,2,-2,116,119,122,0,1,5,météo très défavorable
2012-12-14,8,2,28,2,8,7,6.8,93,8.875,1009,63.5,8,6,-0,116,116,122,0,1,6.8,météo très défavorable
2012-12-15,11,7,20,7,11,8,5.8,88,9,1013,66.25,11,7,4,116,116,116,0,1,6.8,météo défavorable
2012-12-16,11,6,18,6,11,7,4.2,92,9.875,1016,74.625,11,7,4,119,116,119,0,1,6.8,météo défavorable
2012-12-17,10,4,20,5,10,4,2.9,94,9.75,1017,54.25,10,6,1,119,116,116,0,1,6.8,météo très défavorable
2012-12-18,8,3,18,5,8,4,1.8,98,5,1023,82.5,8,6,2,200,119,248,0,1,5,météo très défavorable
2012-12-19,6,1,9,2,6,2,0,96,5.25,1024,65.25,6,3,-1,248,116,143,0,1,6.8,météo très défavorable
2012-12-20,5,1,18,2,4,5,3.4,93,9.75,1019,65.75,6,4,0,119,122,119,0,1,3.1,météo très défavorable
2012-12-21,8,3,10,4,8,5,0.9,98,5.5,1021,81.875,8,6,2,119,119,248,0,1,3.1,météo très défavorable
2012-12-22,7,3,18,3,6,6,4.2,93,7.375,1023,81.5,7,6,2,116,119,122,0,1,3.1,météo très défavorable
2012-12-23,13,8,15,8,13,9,0.2,89,9.375,1021,26.5,13,9,6,113,113,113,0,1,8.4,météo correcte
2012-12-24,12,6,19,6,12,8,0,90,10,1018,13.25,12,7,5,113,116,113,0,1,8.4,météo défavorable
2012-12-25,12,7,22,8,12,9,3.4,94,9.75,1015,66,12,9,6,122,119,122,0,1,5,météo défavorable
2012-12-26,10,6,13,6,10,7,0.2,91,7,1024,45.75,10,6,5,143,116,119,0,1,8.7,météo défavorable
2012-12-27,11,5,30,6,11,7,9.1,91,8.5,1025,82,11,8,3,122,200,116,0,1,5.1,météo très défavorable
2012-12-28,9,5,9,5,9,5,0.7,96,6.375,1033,62.875,9,6,4,143,116,116,0,1,5.1,météo très défavorable
2012-12-29,10,4,20,4,10,7,0.1,80,10,1028,16.75,10,5,1,113,113,113,0,1,8.7,météo très défavorable
2012-12-30,10,4,16,4,10,5,0.2,87,10,1029,38.375,10,6,2,116,113,119,0,1,8.7,météo très défavorable
2012-12-31,8,3,17,4,8,5,0,88,10,1028,29,8,4,1,116,116,116,0,1,8.7,météo très défavorable
2013-01-01,7,3,18,5,6,5,7.3,100,7.125,1017,66.25,7,6,2,116,122,248,0,1,6.9,météo très défavorable
2013-01-02,5,1,14,2,5,2,1,95,5.875,1033,50.375,5,3,-1,143,116,143,0,1,8.7,météo très défavorable
2013-01-03,5,-0,5,0,5,4,0.1,86,6.5,1041,68.75,5,2,1,248,116,122,0,1,5.1,météo très défavorable
2013-01-04,8,4,12,4,8,6,0.1,95,7,1041,70.875,8,6,4,143,116,143,0,1,3.3,météo très défavorable
2013-01-05,8,4,15,6,8,5,0,97,6.75,1038,52.875,8,6,3,119,116,143,0,1,8.7,météo très défavorable
2013-01-06,7,3,11,5,7,4,0,95,7,1035,36.125,7,5,1,143,116,143,0,1,8.7,météo très défavorable
2013-01-07,5,-0,4,2,5,0,0,94,6.5,1031,43.875,6,2,0,248,113,113,0,1,8.7,météo très défavorable
2013-01-08,6,-0,4,-0,6,-0,0,76,10,1029,5.125,7,0,0,113,113,113,0,1,8.7,météo très défavorable
2013-01-09,4,-1,3,-1,4,-1,0,89,10,1027,36.25,4,0,-1,113,116,116,0,1,8.7,météo très défavorable
2013-01-10,3,-1,12,-0,2,2,4.6,96,7.5,1021,73,3,2,-1,116,122,143,0,1,3.3,météo très défavorable
2013-01-11,5,2,15,4,5,3,2.1,98,7,1022,85.25,5,4,-0,122,122,143,0,1,3.4,météo très défavorable
2013-01-12,4,-1,9,-1,4,0,0.2,95,4.875,1021,52.125,4,3,-2,143,116,116,0,1,6.9,météo très défavorable
2013-01-13,5,0,11,0,5,2,0.6,98,5.25,1014,74.75,5,3,-1,119,116,248,0,1,5.1,météo très défavorable
2013-01-14,1,-4,18,1,1,-3,0.5,90,7.125,1017,69,2,1,-6,248,122,113,0.4,1,3.4,météo très défavorable
2013-01-15,1,-4,15,-2,1,-1,2.5,99,6,1013,76.375,1,1,-5,122,248,119,2.1,1,5.2,météo très défavorable
2013-01-16,-1,-8,17,-8,-1,-4,0,96,6.75,1013,33.5,0,0,-10,260,113,116,0,1,8.7,météo très défavorable
2013-01-17,-4,-9,17,-8,-4,-6,0.1,94,8.625,1018,45.625,0,0,-13,116,122,116,0.1,1,5.2,météo très défavorable
2013-01-18,-3,-7,10,-6,-4,-5,0.3,91,5.75,1016,77,0,0,-9,143,116,122,0.3,1,6.9,météo très défavorable
2013-01-19,2,-3,8,0,2,1,5.4,98,4,997,80.625,2,2,-2,143,143,143,0,1,5.2,météo très défavorable
2013-01-20,4,-2,24,-0,4,-2,1.9,98,4.5,999,67.125,4,4,-6,113,248,143,1.5,1,5.2,météo très défavorable
2013-01-21,3,-5,16,-4,3,1,1.9,97,6.875,1003,51.5,4,3,-6,116,116,116,0.5,1,6.9,météo très défavorable
2013-01-22,4,-2,12,0,4,-0,0.5,97,6.25,1007,51.875,4,3,-3,248,143,113,0.1,1,6.9,météo très défavorable
2013-01-23,3,-1,15,-1,3,0,0,94,9,1008,55.25,3,1,-2,113,116,116,0,1,6.9,météo très défavorable
2013-01-24,2,-2,21,-2,2,-0,0.1,88,6.125,1016,64,2,0,-5,260,119,119,0.1,1,3.5,météo très défavorable
2013-01-25,1,-4,13,-4,1,-3,0,80,10,1019,25.625,1,0,-6,116,113,113,0,1,8.7,météo très défavorable
2013-01-26,2,-4,6,-4,1,0,0,72,10,1020,54.875,2,0,-3,116,113,122,0,1,7,météo très défavorable
2013-01-27,4,-1,19,-1,4,2,3.9,94,7.75,1020,80.375,4,2,-3,119,119,122,0,1,5.2,météo très défavorable
2013-01-28,5,-0,9,-0,5,1,2.2,96,3.375,1025,58.625,6,5,-1,260,143,143,0,1,7,météo très défavorable
2013-01-29,7,3,16,3,7,6,0.7,90,9,1026,82.5,7,5,1,119,119,122,0,1,3.5,météo très défavorable
2013-01-30,14,6,18,6,14,11,0.8,94,8.75,1026,58.125,14,10,5,116,116,119,0,1,7,météo correcte
2013-01-31,12,6,14,6,12,9,0.4,94,4.75,1029,67.875,12,8,5,143,116,143,0,1,7,météo défavorable
2013-02-01,11,7,28,7,11,10,8.7,92,8.625,1025,93.375,11,9,3,122,119,122,0,1,3.5,météo défavorable
2013-02-02,9,-0,27,4,5,2,1.5,87,8.5,1013,74.875,9,8,-4,119,119,116,0.1,1,3.5,météo très défavorable
2013-02-03,4,-1,19,0,4,-0,0.2,91,9.25,1028,60.75,4,0,-4,119,119,113,0.2,1,7,météo très défavorable
2013-02-04,5,1,12,1,5,5,3.7,97,5.75,1027,95.25,5,4,-0,122,143,143,0,1,3.6,météo très défavorable
2013-02-05,8,1,31,6,8,3,1.7,97,8.5,1021,80,8,5,-2,122,119,122,0.1,1,5.4,météo très défavorable
2013-02-06,4,-1,21,1,3,2,3.3,98,9.75,1011,82.625,4,3,-3,122,200,119,0.1,1,5.4,météo très défavorable
2013-02-07,2,-4,18,-2,2,-1,1.4,95,6,1019,72.375,2,1,-5,119,122,143,1.1,1,3.7,météo très défavorable
2013-02-08,1,-5,13,-3,1,-2,0.4,95,5.5,1020,51.75,1,0,-7,260,119,113,0.4,1,5.4,météo très défavorable
2013-02-09,0,-6,7,-5,0,-4,1.3,93,5.75,1022,56.75,1,0,-6,260,122,116,1.1,1,5.4,météo très défavorable
2013-02-10,1,-6,21,-4,1,-0,2.7,91,7.5,1020,49.125,1,0,-6,116,116,119,0.2,1,8.7,météo très défavorable
2013-02-11,2,-0,13,-0,1,1,4.2,100,5.75,1002,92.5,2,2,-2,122,248,248,1.6,1,5.3,météo très défavorable
2013-02-12,2,-2,12,1,2,-0,2.4,98,3.5,1017,94.5,2,1,-3,122,143,260,2.1,1,5.3,météo très défavorable
2013-02-13,-1,-6,12,-5,-1,-4,0,93,7.75,1027,25.25,0,0,-8,116,116,113,0,1,10.6,météo très défavorable
2013-02-14,2,-7,16,-5,1,-0,0.6,88,9,1026,51.5,2,0,-6,116,116,122,0,1,8.4,météo très défavorable
2013-02-15,6,1,10,1,6,2,0.4,98,2.625,1025,87,6,4,-1,248,119,248,0,1,6.9,météo très défavorable
2013-02-16,5,-0,10,-0,4,1,0,97,2.75,1025,81.625,5,3,-2,260,119,248,0,1,6.9,météo très défavorable
2013-02-17,3,-4,7,-4,2,-2,0,93,8,1023,24.375,3,1,-5,143,116,113,0,1,10.7,météo très défavorable
2013-02-18,3,-8,4,-8,2,-3,0,91,9,1019,0.125,4,1,-3,113,113,113,0,1,10.7,météo très défavorable
2013-02-19,6,-2,7,-2,5,-2,0,81,9,1020,5.875,7,0,-2,113,113,113,0,1,10.7,météo très défavorable
2013-02-20,6,-2,17,-2,5,-0,0,90,9,1017,8.25,6,0,-5,113,113,116,0,1,10.8,météo très défavorable
2013-02-21,2,-4,21,-4,2,-2,0,75,6.5,1017,45.375,2,0,-7,143,116,116,0,1,10.1,météo très défavorable
2013-02-22,0,-5,21,-5,0,-3,0,64,10,1011,39.125,0,0,-9,116,119,116,0,1,10.1,météo très défavorable
2013-02-23,-1,-5,24,-4,-1,-3,0.2,62,8.75,1014,79.875,0,0,-9,122,119,122,0.2,1,7,météo très défavorable
2013-02-24,-1,-5,19,-4,-1,-3,0.5,82,7.75,1017,88.375,0,0,-8,122,122,119,0.5,1,5.5,météo très défavorable
2013-02-25,0,-5,11,-5,0,-3,0.3,92,8.25,1023,49.75,0,0,-7,143,116,116,0.2,1,10.9,météo très défavorable
2013-02-26,3,-5,12,-5,2,-1,0,86,7.75,1028,26.625,3,0,-5,143,113,113,0,1,11,météo très défavorable
2013-02-27,4,-5,4,-5,4,-2,0,87,10,1028,12.125,4,0,-4,113,113,113,0,1,11,météo très défavorable
2013-02-28,5,-4,9,-4,5,-1,0,91,10,1026,8.75,6,0,-4,113,113,113,0,1,11,météo très défavorable
2013-03-01,3,-3,17,-3,2,-0,0,91,6,1024,37.25,3,0,-5,143,116,116,0,1,10.1,météo très défavorable
2013-03-02,5,-4,8,-1,4,-1,0,94,8,1023,50.625,5,0,-4,122,116,143,0,1,8.6,météo très défavorable
2013-03-03,6,-4,6,-4,5,-1,0,92,7,1023,10.25,6,1,-3,143,116,113,0,1,11.1,météo très défavorable
2013-03-04,12,-1,12,-1,11,5,0,88,10,1018,2.125,12,5,2,113,113,113,0,1,11.2,météo très défavorable
2013-03-05,11,2,12,2,10,7,0.1,93,10,1014,35.75,11,6,4,116,116,116,0,1,10.1,météo très défavorable
2013-03-06,7,5,8,5,7,6,3,97,7.5,1005,67.75,8,6,4,116,122,143,0,1,5.6,météo très défavorable
2013-03-07,15,5,19,6,13,10,1.1,92,6.625,1002,53.875,15,10,5,143,116,113,0,1,11.3,météo correcte
2013-03-08,11,7,15,7,11,8,2.3,92,8.75,1007,64.75,11,9,6,119,122,116,0,1,7.1,météo défavorable
2013-03-09,14,3,3,3,13,6,0.7,89,7.75,1006,28.75,14,8,6,143,113,113,0,1,11.3,météo correcte
2013-03-10,14,3,6,4,13,7,1.4,96,8.25,1004,37.125,14,8,6,116,200,143,0,1,10.1,météo correcte
2013-03-11,13,3,10,3,13,8,0.7,83,7.5,1001,47.875,13,6,6,143,119,200,0,1,10.1,météo correcte
2013-03-12,9,1,18,5,9,4,1.1,79,9.75,1002,57.75,9,4,0,119,122,119,0,1,7.3,météo très défavorable
2013-03-13,4,-3,20,-2,3,-1,0.2,63,10,1010,35.625,4,0,-5,116,119,116,0.1,1,10.2,météo très défavorable
2013-03-14,4,-4,26,-4,3,-1,0.1,64,9.625,1015,26.625,4,0,-6,113,119,116,0.1,1,10.2,météo très défavorable
2013-03-15,4,-5,14,-5,3,-3,0,54,9,1020,11,4,0,-6,143,113,113,0,1,11.6,météo très défavorable
2013-03-16,10,-4,26,-3,8,4,0.1,71,10,1019,22.875,10,0,-0,113,113,116,0,1,11.6,météo très défavorable
2013-03-17,8,1,36,2,8,5,7,96,7.875,1008,73.75,8,5,1,116,119,119,0,1,6,météo très défavorable
2013-03-18,8,2,13,2,8,3,4.2,93,7,1001,65.125,8,4,0,248,116,200,0,1,11.6,météo très défavorable
2013-03-19,10,-0,17,-0,10,6,0.3,79,7.875,1007,37.25,10,3,3,143,113,116,0,1,11.6,météo très défavorable
2013-03-20,10,1,18,3,10,4,2.2,90,6.75,1018,42.875,10,5,2,143,113,113,0,1,11.6,météo très défavorable
2013-03-21,12,-1,8,1,11,5,0,73,7,1020,32,12,4,4,143,116,116,0,1,11.6,météo très défavorable
2013-03-22,15,1,14,2,13,9,0,80,10,1014,24.5,15,6,8,113,113,113,0,1,10.2,météo très défavorable
2013-03-23,14,6,10,6,13,8,3,93,7.75,1008,49,14,8,6,143,116,116,0,1,11.6,météo correcte
2013-03-24,11,3,13,6,11,6,0.5,86,6.75,1006,61.75,11,7,4,248,116,116,0,1,10.2,météo très défavorable
2013-03-25,10,0,14,0,8,5,0,76,10,1007,55.625,10,3,2,116,119,119,0,1,7.6,météo très défavorable
2013-03-26,8,-2,12,-1,7,3,0,75,10,1008,34.375,8,0,-0,116,116,113,0,1,10.3,météo très défavorable
2013-03-27,10,-3,11,-2,10,3,0,80,8,1007,11,11,1,0,113,113,113,0,1,11.6,météo très défavorable
2013-03-28,6,-1,10,3,6,4,5.2,96,6.5,1011,74.75,6,6,1,122,143,143,0,1,7.7,météo très défavorable
2013-03-29,6,-2,4,2,4,2,1,98,6.375,1011,73.75,7,5,2,122,122,248,0,1,6.4,météo très défavorable
2013-03-30,9,2,8,4,9,6,3.7,96,5.625,1006,87.625,9,7,4,248,122,143,0,1,6.4,météo très défavorable
2013-03-31,7,-2,13,-0,6,2,0.2,73,8.375,1010,33.875,7,2,-1,143,113,113,0.2,1,11.6,météo très défavorable
2013-04-01,11,-4,7,-2,10,1,0,80,8,1007,8.5,11,0,1,113,113,113,0,1,11.6,météo très défavorable
2013-04-02,11,-0,13,0,11,6,0,82,9,1007,21.375,12,3,3,113,116,113,0,1,11.6,météo très défavorable
2013-04-03,11,-2,9,0,11,5,0,74,8,1010,11.75,12,2,3,113,113,113,0,1,11.6,météo très défavorable
2013-04-04,13,1,7,3,13,8,0,73,9,1006,59.75,14,5,7,116,119,119,0,1,7.8,météo très défavorable
2013-04-05,9,2,16,4,8,5,0.4,84,8,1010,64.625,9,4,3,143,122,116,0,1,9.1,météo très défavorable
2013-04-06,9,1,20,1,9,7,0.2,73,8,1019,78,9,3,2,116,122,122,0,1,6.5,météo très défavorable
2013-04-07,11,-1,15,-0,9,5,0,74,9,1020,20.125,11,2,3,116,113,113,0,1,11.6,météo très défavorable
2013-04-08,10,1,14,3,9,7,2.4,91,9.25,1010,58.875,10,6,5,116,119,200,0,1,6.6,météo très défavorable
2013-04-09,13,2,26,4,12,9,3.6,88,7.5,1011,47.875,13,7,5,122,116,113,0,1,10.3,météo correcte
2013-04-10,14,3,14,5,14,11,2.1,82,9.875,1015,50.125,14,8,10,116,119,116,0,1,9.1,météo correcte
2013-04-11,13,9,13,10,13,12,18.3,97,7.5,1011,88.625,13,12,9,200,122,143,0,1,6.6,météo très défavorable
2013-04-12,14,5,21,6,12,9,2.1,84,6.875,1018,40.75,14,9,7,122,200,113,0,1,12,météo correcte
2013-04-13,16,3,8,6,16,11,0,80,7,1024,31.75,17,8,11,143,113,116,0,1,13.3,météo correcte
2013-04-14,21,7,18,9,20,16,0,82,10,1025,6,21,13,16,113,113,113,0,1,13.7,météo favorable
2013-04-15,21,7,9,8,20,15,0,87,9.75,1024,29.25,24,13,16,119,116,200,0,1,13.3,météo favorable
2013-04-16,20,9,8,13,20,14,0.5,86,7.75,1023,27.625,20,14,14,248,113,113,0,1,13.3,météo favorable
2013-04-17,23,8,11,13,22,18,0,86,8.75,1024,19.625,25,16,18,248,113,113,0,1,13.3,météo favorable
2013-04-18,19,11,19,13,19,12,0.2,85,10,1023,50.5,19,13,12,116,116,122,0,1,13.3,météo favorable
2013-04-19,12,6,16,8,12,8,1.6,81,8.875,1025,51,12,8,6,143,122,113,0,1,13.3,météo défavorable
2013-04-20,7,3,25,5,7,7,4.2,99,8.875,1026,75.875,7,7,1,122,122,122,0,1,8.7,météo très défavorable
2013-04-21,11,6,9,6,11,9,0.6,87,5.75,1021,82.375,11,7,7,143,119,119,0,1,8.7,météo défavorable
2013-04-22,13,6,14,7,13,10,0.2,83,9,1021,54.75,13,7,8,119,116,116,0,1,12.2,météo correcte
2013-04-23,16,3,7,7,16,11,0,83,8,1024,13.625,16,8,11,113,116,113,0,1,14,météo correcte
2013-04-24,21,2,6,11,20,14,0,88,10,1027,5.375,24,13,14,113,113,113,0,1,14,météo favorable
2013-04-25,23,6,4,14,23,15,0,83,9,1026,11,25,15,15,113,113,116,0,1,14.1,météo favorable
2013-04-26,17,11,13,14,16,14,4,94,7.875,1019,60.75,17,13,13,116,116,143,0,1,12.2,météo correcte
2013-04-27,9,1,12,5,4,2,12.8,100,3.75,1012,100,9,9,-1,248,248,248,0,1,8.8,météo très défavorable
2013-04-28,8,2,7,4,8,6,2.3,87,5.375,1018,83.625,8,4,5,143,119,116,0,1,10,météo très défavorable
2013-04-29,9,3,11,5,8,7,1,97,4.25,1020,74.5,9,7,5,143,122,143,0,1,10,météo très défavorable
2013-04-30,14,6,9,7,10,12,3.6,98,6,1018,73.375,14,11,9,248,248,113,0,1,11.1,météo défavorable
2013-05-01,16,5,9,10,13,13,3.3,92,6.5,1018,66.375,16,12,12,143,119,113,0,1,11.1,météo très défavorable
2013-05-02,19,5,8,9,19,14,3.2,91,7.625,1019,19,19,14,14,116,113,113,0,1,14.3,météo favorable
2013-05-03,13,9,12,9,12,11,7.7,98,3.5,1019,92,13,11,8,248,143,143,0,1,8.9,météo défavorable
2013-05-04,16,9,11,10,14,13,0.9,86,7.375,1023,60.5,16,10,12,248,119,113,0,1,11.2,météo correcte
2013-05-05,18,7,16,9,18,15,0.2,84,6.75,1023,37.75,18,12,14,113,116,116,0,1,14.3,météo favorable
2013-05-06,18,7,12,11,18,14,1,91,5.375,1020,39.5,18,13,14,143,116,113,0,1,14.4,météo favorable
2013-05-07,19,3,7,12,19,14,0.3,91,7.75,1019,32.625,19,13,14,113,116,113,0,1,14.4,météo favorable
2013-05-08,21,6,7,13,20,16,3.4,87,7.625,1016,42,21,14,16,113,119,122,0,1,11.2,météo correcte
2013-05-09,19,9,9,13,19,14,3.7,98,5.875,1018,78.125,19,15,14,119,116,248,0,1,11.4,météo défavorable
2013-05-10,14,8,14,9,14,11,4.8,80,7.375,1021,42,14,11,10,143,113,113,0,1,14.5,météo correcte
2013-05-11,15,8,14,10,15,12,0.7,83,9.75,1021,38.125,16,10,11,116,116,113,0,1,14.5,météo correcte
2013-05-12,14,5,14,8,13,11,0.7,84,6.375,1024,57.875,14,8,8,119,116,113,0,1,12.4,météo correcte
2013-05-13,16,4,12,8,16,13,0.1,88,6.75,1024,44.375,16,11,13,116,119,116,0,1,13.5,météo correcte
2013-05-14,20,5,13,11,18,17,0.5,88,7.375,1018,51.5,20,15,15,119,113,113,0,1,12.4,météo favorable
2013-05-15,12,8,10,11,11,9,5.7,100,7.125,1004,74.25,12,11,8,122,122,248,0,1,9.4,météo défavorable
2013-05-16,12,6,7,7,12,9,4.5,93,6.75,1002,78.625,12,9,7,248,122,116,0,1,10.4,météo défavorable
2013-05-17,16,6,8,8,15,12,1.5,86,6.875,1007,57.25,16,10,11,143,116,116,0,1,12.5,météo correcte
2013-05-18,14,5,12,9,12,9,7.1,98,4.5,1008,87.625,14,10,8,143,122,248,0,1,11.5,météo très défavorable
2013-05-19,14,7,15,8,13,11,1.3,89,6.75,1016,68.875,14,9,9,143,122,116,0,1,11.5,météo défavorable
2013-05-20,13,5,17,8,13,10,3.2,96,6.125,1017,55.25,13,10,9,119,116,143,0,1,13.5,météo correcte
2013-05-21,13,7,13,8,12,12,4.9,95,7.25,1016,94.75,13,11,8,248,119,122,0,1,9.5,météo défavorable
2013-05-22,12,6,17,9,12,10,0.7,89,6.5,1018,75,12,10,8,248,122,116,0,1,10.5,météo défavorable
2013-05-23,13,2,16,7,11,8,1.2,84,7.5,1017,56,13,8,9,113,122,113,0,1,13.5,météo correcte
2013-05-24,11,1,12,5,11,8,1.7,78,7.625,1015,74.125,11,4,6,119,119,119,0,1,9.7,météo très défavorable
2013-05-25,10,4,13,5,10,8,3.7,93,7.25,1020,83.375,10,7,6,248,116,122,0,1,10.7,météo très défavorable
2013-05-26,13,1,11,5,13,10,0.4,79,5.375,1021,52.875,13,7,8,143,116,113,0,1,13.6,météo très défavorable
2013-05-27,18,-0,5,9,18,14,0.1,85,8,1018,22,19,12,15,113,113,116,0,1,14.5,météo favorable
2013-05-28,15,7,19,10,12,9,2.9,96,7,1008,74.625,15,11,7,116,122,143,0,1,10.7,météo défavorable
2013-05-29,13,4,12,7,13,10,1.7,89,6.125,1010,55.625,13,8,10,143,200,113,0,1,12.6,météo correcte
2013-05-30,12,2,11,8,11,11,1.5,90,5.75,1011,80.375,12,10,9,122,122,119,0,1,9.8,météo très défavorable
2013-05-31,12,4,17,10,12,11,3.2,99,5.75,1014,93.25,13,11,9,143,122,119,0,1,9.8,météo très défavorable
2013-06-01,16,10,18,10,15,15,0.5,86,8.25,1020,64.625,16,12,12,119,122,116,0,1,11.7,météo correcte
2013-06-02,16,8,20,10,13,15,0.2,83,7.5,1023,68.75,16,10,9,119,119,116,0,1,10.8,météo défavorable
2013-06-03,17,7,25,10,17,14,0,74,10,1023,19.5,17,9,12,113,113,116,0,1,14.5,météo correcte
2013-06-04,18,6,13,9,17,16,0,80,8.75,1021,33.75,19,13,13,113,113,113,0,1,14.5,météo favorable
2013-06-05,23,6,6,13,22,20,0.3,75,7.5,1017,39.75,25,15,20,116,113,113,0,1,14.5,météo favorable
2013-06-06,24,11,8,14,24,21,0.2,82,9,1017,10.625,26,17,20,113,113,113,0,1,14.5,météo favorable
2013-06-07,25,11,8,16,25,22,0.3,78,10,1018,7,27,18,22,113,113,113,0,1,14.5,météo favorable
2013-06-08,24,12,11,16,24,17,6.2,92,9.25,1017,37.625,25,16,17,113,113,200,0,1,13.6,météo favorable
2013-06-09,21,10,9,13,21,16,1.8,92,7.5,1013,40.375,24,14,16,113,113,116,0,1,14.5,météo favorable
2013-06-10,19,10,10,13,18,16,1.6,89,7.625,1017,58.75,19,14,15,119,116,116,0,1,10.8,météo correcte
2013-06-11,20,8,12,14,20,18,0.1,81,6.5,1020,46.25,20,15,18,116,113,116,0,1,14.5,météo favorable
2013-06-12,23,10,7,16,23,21,0.2,76,7,1022,34.25,25,17,20,116,116,113,0,1,13.6,météo favorable
2013-06-13,27,11,20,19,27,11,12,94,6.875,1025,35,28,21,9,113,113,119,0,1,13.6,météo correcte
2013-06-14,21,7,5,13,19,18,0.2,80,6.25,1024,58.75,24,15,17,248,116,113,0,1,12.7,météo correcte
2013-06-15,25,13,11,17,25,21,0.8,86,6.625,1019,32.5,26,18,21,113,116,116,0,1,14.5,météo favorable
2013-06-16,28,12,18,16,26,25,0,80,8,1019,37.75,30,21,22,116,116,113,0,1,14.5,météo favorable
2013-06-17,29,15,21,18,29,25,0,76,10,1014,15.125,31,20,25,113,113,116,0,1,14.5,météo idéale
2013-06-18,31,16,8,22,31,27,1.6,78,9.875,1015,14.5,34,23,27,113,113,113,0,1,14.5,météo idéale
2013-06-19,27,18,13,23,27,22,3.4,87,9.5,1014,26.5,29,21,22,113,200,200,0,1,14.5,météo correcte
2013-06-20,22,14,17,17,22,18,7.2,82,7,1017,53.25,24,18,18,248,113,113,0,1,12.7,météo favorable
2013-06-21,21,11,14,14,21,18,0.1,75,9,1020,36.5,21,13,18,116,116,116,0,1,14.5,météo favorable
2013-06-22,21,11,13,15,20,18,0.3,81,9,1021,43.875,21,15,19,119,113,113,0,1,13.6,météo favorable
2013-06-23,18,11,16,14,17,15,1,78,8.625,1023,52.25,18,14,15,116,119,116,0,1,13.6,météo correcte
2013-06-24,16,10,16,11,15,14,0.9,78,6.375,1027,62.875,16,10,12,119,119,113,0,1,11.8,météo correcte
2013-06-25,18,6,15,11,17,15,0.4,70,6.375,1028,47.75,18,11,15,143,116,113,0,1,14.5,météo favorable
2013-06-26,19,7,18,11,19,16,0,70,7.5,1028,32.5,19,11,16,113,113,113,0,1,14.5,météo favorable
2013-06-27,18,7,13,11,18,15,0.7,81,6.75,1027,31.625,18,12,15,116,116,113,0,1,14.5,météo favorable
2013-06-28,15,4,10,11,13,15,1,94,5.75,1024,72.5,15,12,12,122,122,116,0,1,9.9,météo très défavorable
2013-06-29,17,9,12,13,17,16,4.2,97,6.25,1025,82.125,18,16,15,248,122,116,0,1,10.8,météo défavorable
2013-06-30,21,10,10,12,21,19,0,77,6.5,1026,35.625,24,15,18,143,113,113,0,1,14.5,météo favorable
2013-07-01,25,9,8,14,24,22,0,71,7.75,1022,17.5,26,17,22,113,113,113,0,1,14.5,météo favorable
2013-07-02,26,12,13,17,26,21,3.2,89,7.75,1018,26,27,20,21,113,200,200,0,1,13.6,météo correcte
2013-07-03,20,15,13,15,20,19,9.3,95,9.125,1019,76.375,20,18,16,122,119,116,0,1,11.7,météo défavorable
2013-07-04,21,13,12,15,20,19,0.3,79,6.125,1026,46.625,21,15,18,248,113,113,0,1,13.6,météo favorable
2013-07-05,24,11,15,16,23,21,0,79,7,1027,3.875,26,18,21,113,113,113,0,1,14.5,météo favorable
2013-07-06,26,14,13,15,25,23,0.1,83,5.5,1027,45.125,27,20,19,143,113,113,0,1,12.6,météo favorable
2013-07-07,27,16,15,17,26,24,0.1,78,8.75,1025,20.25,28,20,23,116,113,113,0,1,14.5,météo idéale
2013-07-08,27,16,15,18,27,24,0,75,7.5,1025,34.75,29,20,23,116,113,113,0,1,14.5,météo favorable
2013-07-09,27,15,13,19,27,24,0,74,7.75,1023,22.375,28,19,24,116,113,116,0,1,14.5,météo idéale
2013-07-10,26,16,16,19,26,23,2.9,81,7.125,1019,34.625,27,20,23,116,200,113,0,1,14.5,météo correcte
2013-07-11,25,15,19,17,25,22,0,75,8.75,1018,17.5,26,17,21,116,113,113,0,1,14.5,météo idéale
2013-07-12,26,12,13,14,24,22,0,74,8.75,1020,15.25,26,17,21,113,113,113,0,1,14.5,météo favorable
2013-07-13,25,13,13,15,25,22,0,69,7.5,1021,26.625,26,16,21,113,113,113,0,1,14.5,météo favorable
2013-07-14,26,14,17,16,25,23,0,70,8.75,1021,15.5,27,17,21,113,113,113,0,1,14.5,météo favorable
2013-07-15,26,14,15,17,26,23,0,70,7.75,1023,16.125,27,17,23,113,113,113,0,1,14.5,météo favorable
2013-07-16,27,14,8,17,26,24,0,62,9,1022,5,28,16,23,113,113,113,0,1,14.5,météo favorable
2013-07-17,28,14,9,19,28,24,0.2,68,10,1021,16.625,28,17,24,113,113,116,0,1,14.5,météo favorable
2013-07-18,23,15,9,19,23,20,5.3,94,7.5,1021,60.125,25,20,20,122,119,143,0,1,11.5,météo correcte
2013-07-19,27,15,8,18,27,23,1.1,84,7.375,1020,44.375,29,20,23,116,200,200,0,1,14.5,météo correcte
2013-07-20,28,13,6,19,28,25,0,67,8,1018,10,30,18,25,113,113,113,0,1,14.5,météo favorable
2013-07-21,30,16,5,21,30,27,0.2,65,10,1019,7,33,20,27,113,113,113,0,1,14.5,météo idéale
2013-07-22,31,16,8,23,31,27,0.4,61,10,1018,7,33,20,28,113,113,113,0,1,14.5,météo idéale
2013-07-23,31,17,7,21,31,26,2.7,78,9.875,1016,11.875,34,22,27,113,113,113,0,1,14.5,météo idéale
2013-07-24,29,16,5,20,29,26,1.2,75,9.625,1018,13.375,31,21,26,113,113,113,0,1,14.5,météo idéale
2013-07-25,31,16,5,21,31,27,0.9,74,9,1019,13.375,34,22,27,113,113,113,0,1,14.5,météo idéale
2013-07-26,31,20,14,21,30,27,0.2,69,10,1016,6,33,21,27,113,113,113,0,1,14.5,météo idéale
2013-07-27,32,19,22,20,31,27,0.6,61,9.875,1013,7.125,32,19,27,113,113,113,0,1,14.5,météo idéale
2013-07-28,22,16,12,21,21,19,10.1,92,9.125,1016,55.875,25,19,19,116,119,119,0,1,12.4,météo correcte
2013-07-29,21,15,12,16,21,19,5.4,89,8.75,1025,45,24,17,18,116,116,113,0,1,13.5,météo favorable
2013-07-30,24,13,12,16,23,21,0.4,79,6.625,1025,30.375,25,17,20,143,116,113,0,1,14.5,météo favorable
2013-07-31,28,13,4,18,27,23,0,73,9,1024,8,30,19,24,113,113,113,0,1,14.5,météo favorable
2013-08-01,30,15,17,20,29,25,0,69,10,1019,0,31,19,25,113,113,113,0,1,14.5,météo idéale
2013-08-02,31,16,18,18,30,25,0,68,10,1018,4.75,32,19,25,113,113,113,0,1,14.5,météo idéale
2013-08-03,27,17,12,19,27,24,0.4,76,9.875,1021,22.375,28,19,24,113,116,116,0,1,14.5,météo favorable
2013-08-04,28,15,10,19,27,24,2.3,76,9.75,1023,17.375,29,20,23,200,113,113,0,1,14.5,météo idéale
2013-08-05,31,15,10,20,30,26,0.1,75,9,1020,5.375,33,21,26,113,113,113,0,1,14.5,météo idéale
2013-08-06,27,17,8,19,26,23,4.3,85,7.25,1018,37.125,28,20,22,143,200,200,0,1,12.4,météo correcte
2013-08-07,20,14,9,19,18,17,9.1,96,3.75,1015,71.5,20,19,17,143,143,143,0,1,11.3,météo défavorable
2013-08-08,20,12,16,15,20,18,2.1,85,5.125,1022,61,20,17,18,143,119,116,0,1,12.4,météo correcte
2013-08-09,23,12,13,15,23,19,0.3,83,6.875,1024,19.25,25,16,19,143,116,113,0,1,14.5,météo favorable
2013-08-10,23,13,14,15,23,19,0.2,80,6.625,1024,33.875,25,16,19,143,116,113,0,1,14.2,météo favorable
2013-08-11,23,11,8,14,23,19,0,78,8,1023,5.25,25,15,19,113,113,113,0,1,14.2,météo favorable
2013-08-12,27,12,8,17,27,22,0,75,9,1020,4.875,29,18,23,113,113,113,0,1,14.2,météo favorable
2013-08-13,22,14,13,15,22,18,0.2,76,7.75,1023,34,25,16,18,143,113,113,0,1,13.4,météo favorable
2013-08-14,21,10,15,12,21,17,0,71,10,1024,3.375,24,12,17,113,113,113,0,1,14.1,météo favorable
2013-08-15,24,10,7,12,23,19,0,76,10,1023,5.75,25,15,19,113,113,113,0,1,14.1,météo favorable
2013-08-16,27,10,9,16,26,20,0,78,10,1020,4.625,28,17,21,113,113,113,0,1,14.1,météo favorable
2013-08-17,27,13,7,18,27,22,0.1,72,10,1020,15.25,27,16,22,113,113,113,0,1,14.1,météo favorable
2013-08-18,27,14,8,19,27,21,0,69,10,1019,13.125,27,17,21,113,113,113,0,1,14,météo favorable
2013-08-19,23,16,16,18,23,18,0.5,81,10,1025,41,25,17,18,122,116,113,0,1,13.3,météo favorable
2013-08-20,23,11,18,13,22,18,0,69,10,1026,2.625,25,13,18,113,113,113,0,1,14,météo favorable
2013-08-21,24,10,10,11,23,19,0,72,10,1025,1.75,25,14,18,113,113,113,0,1,13.9,météo favorable
2013-08-22,26,9,3,14,26,18,0,86,9,1020,12.25,27,16,18,113,113,113,0,1,13.9,météo favorable
2013-08-23,27,13,6,15,27,19,0,85,10,1016,5,28,17,20,113,113,113,0,1,13.9,météo favorable
2013-08-24,22,14,12,16,20,16,10.2,90,9.125,1016,46.25,25,18,17,116,116,116,0,1,13.8,météo correcte
2013-08-25,20,12,10,13,20,15,0.5,74,6.125,1016,53,20,13,15,248,113,113,0,1,13.3,météo favorable
2013-08-26,20,9,10,10,20,16,0,77,9,1015,25,20,12,16,113,113,116,0,1,13.3,météo favorable
2013-08-27,18,10,8,14,17,15,2.5,96,5.375,1016,72.625,18,15,15,143,119,143,0,1,9.8,météo défavorable
2013-08-28,22,11,15,12,21,17,0.3,80,6.375,1021,39,24,14,17,143,113,113,0,1,13.7,météo favorable
2013-08-29,22,10,12,11,22,17,0,77,9,1022,6.75,25,13,17,113,113,113,0,1,13.7,météo favorable
2013-08-30,23,10,10,12,23,17,0,75,10,1022,4.75,25,13,17,113,113,113,0,1,13.6,météo favorable
2013-08-31,24,12,11,14,23,19,0,78,10,1024,11.875,25,15,19,113,113,116,0,1,13.2,météo favorable
2013-09-01,22,13,19,14,22,16,0.1,73,10,1028,21.875,24,14,16,116,116,113,0,1,11.6,météo favorable
2013-09-02,22,10,15,10,21,16,0,66,10,1028,6,24,10,16,113,113,113,0,1,11.6,météo favorable
2013-09-03,25,8,6,11,23,16,0,83,10,1028,0.25,25,14,17,113,113,113,0,1,11.6,météo favorable
2013-09-04,28,10,7,14,27,18,0,79,10,1024,0.25,29,15,19,113,113,113,0,1,11.6,météo favorable
2013-09-05,29,15,13,16,28,21,0,69,10,1019,4,29,15,21,113,113,113,0,1,11.6,météo idéale
2013-09-06,27,16,13,16,27,19,0.8,86,9.875,1015,17.75,27,16,19,116,113,113,0,1,11.6,météo idéale
2013-09-07,22,13,8,16,22,17,4.6,97,4.25,1018,92.125,24,17,17,248,122,143,0,1,7.8,météo défavorable
2013-09-08,20,11,11,14,20,13,1.1,97,4.25,1024,67.25,20,15,13,248,116,143,0,1,9,météo défavorable
2013-09-09,19,7,9,9,19,14,0,76,10,1025,20.5,19,10,14,113,113,113,0,1,11.6,météo favorable
2013-09-10,17,9,14,13,17,12,1.8,83,7.625,1022,48.625,17,13,11,248,116,113,0,1,11.6,météo correcte
2013-09-11,16,7,13,10,16,10,0.1,91,10,1022,56.5,16,9,10,116,119,119,0,1,7.7,météo correcte
2013-09-12,16,9,10,11,16,11,1.6,91,6.375,1023,54.375,16,11,10,248,116,113,0,1,11.6,météo correcte
2013-09-13,19,8,9,10,19,14,0.2,94,6.5,1024,69,20,13,14,248,116,122,0,1,10.3,météo défavorable
2013-09-14,21,14,8,14,21,16,3.5,94,5.375,1022,85.125,21,15,16,143,116,143,0,1,7.5,météo défavorable
2013-09-15,15,11,15,13,14,12,7.5,97,6.625,1017,76.875,15,15,11,119,122,143,0,1,7.5,météo défavorable
2013-09-16,15,8,13,11,14,11,2.5,97,4.625,1016,68.125,15,13,10,143,119,143,0,1,7.5,météo défavorable
2013-09-17,14,8,12,8,14,12,2,83,7.125,1014,70.25,15,9,10,143,119,119,0,1,7.5,météo défavorable
2013-09-18,18,11,18,14,18,14,3.5,96,8.875,1012,66.375,18,16,14,119,122,143,0,1,8.9,météo défavorable
2013-09-19,17,8,12,11,16,11,0.2,89,6.25,1019,46.375,17,11,10,248,113,113,0,1,11.6,météo correcte
2013-09-20,20,8,10,11,19,13,0.1,96,7,1024,40.5,20,14,13,119,116,143,0,1,10.2,météo favorable
2013-09-21,20,9,13,9,19,14,0,88,5.5,1028,33.5,20,12,13,248,113,113,0,1,11.6,météo favorable
2013-09-22,21,10,11,10,20,15,0,83,5.5,1029,28.75,21,12,14,248,113,113,0,1,11.6,météo favorable
2013-09-23,21,9,5,9,21,12,0,89,6.25,1026,37.5,25,13,12,248,113,113,0,1,11.6,météo favorable
2013-09-24,23,9,13,10,22,15,0,84,10,1019,2,25,13,15,113,113,113,0,1,11.6,météo favorable
2013-09-25,24,12,10,12,23,18,0,93,10,1015,16.5,26,17,18,113,113,116,0,1,11.6,météo favorable
2013-09-26,25,14,6,14,24,17,1,92,7.625,1016,22.625,27,18,17,248,113,113,0,1,11.6,météo favorable
2013-09-27,25,15,8,15,25,18,0.6,87,10,1015,8.5,27,18,18,113,113,113,0,1,11.6,météo idéale
2013-09-28,23,15,12,15,23,18,0.2,73,10,1011,25.75,25,15,18,113,116,116,0,1,10.2,météo favorable
2013-09-29,19,12,6,14,19,13,2.9,98,8.5,1006,54.375,19,15,13,119,119,248,0,1,8.8,météo correcte
2013-09-30,21,10,5,10,21,13,1,94,5.25,1009,53.875,24,15,13,143,113,143,0,1,11.6,météo favorable
2013-10-01,21,10,6,12,21,14,0,85,6.5,1012,47.875,25,15,14,248,116,113,0,1,11.6,météo favorable
2013-10-02,22,11,7,12,22,16,0.1,78,9,1015,26.75,25,14,16,113,116,116,0,1,11.6,météo favorable
2013-10-03,22,14,26,14,22,17,0.1,73,10,1018,35.375,25,15,17,116,113,116,0,1,11.6,météo favorable
2013-10-04,21,14,11,14,21,16,1.3,90,9.75,1019,41.125,21,16,17,116,116,116,0,1,11.6,météo favorable
2013-10-05,19,12,18,14,19,14,2.3,94,7.75,1024,70.25,19,14,15,248,116,122,0,1,8.7,météo défavorable
2013-10-06,17,11,15,11,17,13,0.7,93,5.125,1025,73.5,17,12,12,248,119,116,0,1,8.7,météo défavorable
2013-10-07,15,9,13,9,15,13,0,89,7.5,1025,72.125,15,11,13,248,119,119,0,1,7.3,météo défavorable
2013-10-08,16,10,10,11,16,13,0.1,85,6.25,1025,78.375,16,12,13,248,119,119,0,1,7.2,météo défavorable
2013-10-09,16,11,9,11,16,12,0.1,79,8,1025,59.625,17,11,12,143,119,116,0,1,8.7,météo correcte
2013-10-10,13,7,18,11,11,7,1.8,91,8,1017,70.125,13,11,5,143,113,122,0,1,8.7,météo défavorable
2013-10-11,10,4,8,5,10,4,2.9,96,7.375,1016,67.875,10,6,4,248,122,116,0,1,8.7,météo très défavorable
2013-10-12,9,2,14,2,9,4,2.8,99,4.875,1020,77.875,9,5,3,143,122,248,0,1,7.2,météo très défavorable
2013-10-13,15,2,17,4,14,11,0.5,89,5.75,1021,58.375,15,11,7,143,116,116,0,1,8.7,météo correcte
2013-10-14,17,9,17,9,17,12,2.5,93,7.25,1020,57.75,17,12,11,143,116,113,0,1,7.2,météo correcte
2013-10-15,16,10,20,11,16,13,7.8,96,6.375,1018,66.875,16,14,12,248,116,143,0,1,7.2,météo défavorable
2013-10-16,16,11,8,11,16,14,1.3,93,7.5,1018,74.875,16,13,12,248,116,122,0,1,7.2,météo défavorable
2013-10-17,17,8,6,10,17,9,0,91,6.25,1022,48.625,17,13,9,248,116,113,0,1,8.7,météo correcte
2013-10-18,16,5,10,5,15,10,0,82,7,1020,8.75,16,9,9,143,113,113,0,1,8.7,météo correcte
2013-10-19,21,10,25,11,21,16,3.3,91,9.75,1018,25,24,15,16,113,116,200,0,1,8.7,météo favorable
2013-10-20,16,12,23,13,16,13,10.7,97,7.25,1021,50.75,16,15,12,116,200,248,0,1,8.7,météo correcte
2013-10-21,20,11,18,12,19,15,0.9,89,7.625,1020,36.5,20,16,16,143,116,113,0,1,8.7,météo favorable
2013-10-22,22,14,27,14,22,18,0,83,9,1015,28,25,15,18,116,113,113,0,1,8.7,météo favorable
2013-10-23,19,12,13,15,19,13,10.9,96,8.125,1018,32,19,15,13,200,113,143,0,1,8.7,météo correcte
2013-10-24,17,9,10,9,17,12,0,83,7,1019,9.75,17,12,11,143,113,116,0,1,8.7,météo correcte
2013-10-25,20,12,23,12,20,16,0,91,10,1017,20.75,20,15,16,116,113,113,0,1,8.7,météo favorable
2013-10-26,21,13,19,13,21,17,0,88,9.875,1019,23.625,24,16,17,113,113,116,0,1,8.7,météo favorable
2013-10-27,19,13,26,13,19,15,6.8,85,9.375,1019,28.75,19,15,15,113,113,116,0,1,8.7,météo favorable
2013-10-28,21,12,24,12,21,14,2.3,91,9.25,1016,38.375,21,13,14,113,113,122,0,1,8.7,météo favorable
2013-10-29,14,8,8,9,14,9,0.5,88,8.875,1022,37.375,14,10,8,143,116,116,0,1,8.7,météo correcte
2013-10-30,12,5,16,5,12,7,0,86,6.75,1026,22.125,12,6,4,248,113,113,0,1,8.7,météo très défavorable
2013-10-31,10,1,5,1,10,4,0,85,7,1027,2.375,11,5,4,143,113,113,0,1,8.7,météo très défavorable
2013-11-01,13,2,17,3,13,11,0.1,95,10,1024,40.875,13,10,8,113,116,116,0,1,8.7,météo correcte
2013-11-02,17,11,18,12,17,13,10.5,96,9,1014,88.625,17,13,12,119,122,122,0,1,3.8,météo défavorable
2013-11-03,13,7,17,9,11,8,4.2,90,9.625,1018,49.875,13,12,6,119,116,116,0,1,8.7,météo correcte
2013-11-04,11,8,26,8,10,9,12.3,97,9.125,1011,92.875,11,9,4,122,122,119,0,1,3.7,météo défavorable
2013-11-05,10,3,17,3,7,8,3.7,95,5.25,1009,73,10,10,3,248,119,143,0,1,3.7,météo très défavorable
2013-11-06,14,10,12,11,14,13,2.7,97,5.875,1018,89.5,14,13,12,122,119,143,0,1,3.7,météo défavorable
2013-11-07,17,12,11,12,17,13,0.3,93,7.125,1018,60.375,17,14,13,248,116,116,0,1,8.7,météo correcte
2013-11-08,15,10,16,10,15,13,3.1,95,9.875,1015,56.125,15,13,11,116,119,122,0,1,5.4,météo correcte
2013-11-09,11,6,13,6,11,9,1.6,87,7.625,1020,50.5,11,8,6,248,113,122,0,1,8.7,météo défavorable
2013-11-10,10,3,28,8,9,4,3.8,93,7.875,1026,50.125,10,9,1,200,122,113,0,1,5.3,météo très défavorable
2013-11-11,8,2,22,2,8,4,0,92,9,1029,24.5,8,3,0,119,113,113,0,1,8.7,météo très défavorable
2013-11-12,8,-0,6,-0,8,4,0,76,7,1028,15.625,8,2,3,143,113,116,0,1,8.7,météo très défavorable
2013-11-13,9,4,26,5,9,6,0.1,91,9,1028,51.125,9,5,3,116,116,116,0,1,8.7,météo très défavorable
2013-11-14,6,3,12,3,6,4,3.4,99,4.625,1027,86,6,4,1,248,116,248,0,1,7,météo très défavorable
2013-11-15,6,0,27,3,6,2,2.2,94,8.75,1027,61.25,6,3,-1,122,122,113,0,1,5.3,météo très défavorable
2013-11-16,6,-1,7,-0,6,0,0,93,7,1029,11.5,6,2,-1,143,113,113,0,1,8.7,météo très défavorable
2013-11-17,4,-1,4,-1,4,-0,0,92,7.75,1026,31,4,1,-0,260,116,116,0,1,8.7,météo très défavorable
2013-11-18,8,-1,9,0,8,3,0,91,10,1018,24.375,8,3,0,113,116,116,0,1,8.7,météo très défavorable
2013-11-19,4,2,12,3,4,2,5.9,100,6.5,1010,88.25,4,3,0,143,122,248,0,1,3.6,météo très défavorable
2013-11-20,1,-2,17,1,1,-1,7.3,100,5.75,1011,84.5,2,1,-4,122,122,260,6.2,1,3.6,météo très défavorable
2013-11-21,3,-1,6,1,3,0,6.6,100,3.875,1003,90.125,3,3,-2,248,248,248,5.1,1,3.6,météo très défavorable
2013-11-22,1,-0,14,0,1,1,4.3,100,4.5,1010,95.625,1,1,-3,122,248,248,3.7,1,3.6,météo très défavorable
2013-11-23,4,-0,31,1,4,3,0.2,93,8.75,1013,87.375,4,2,-2,122,122,122,0,1,3.6,météo très défavorable
2013-11-24,7,2,32,3,7,4,0,87,10,1022,59.125,7,3,-1,119,116,116,0,1,5.3,météo très défavorable
2013-11-25,4,-1,28,-0,4,-0,0,82,10,1031,16.75,4,1,-6,113,113,113,0,1,8.7,météo très défavorable
2013-11-26,4,-1,33,1,4,-0,0,77,10,1033,21.125,4,0,-6,116,113,113,0,1,8.7,météo très défavorable
2013-11-27,3,-3,21,-2,3,-3,0,61,10,1034,1.625,3,0,-6,113,113,113,0,1,8.7,météo très défavorable
2013-11-28,2,-5,9,-5,2,-1,0,59,10,1035,32.375,2,0,-3,116,116,116,0,1,8.6,météo très défavorable
2013-11-29,4,-2,8,-1,4,2,0.3,94,6,1033,71.375,4,1,1,143,122,143,0,1,5,météo très défavorable
2013-11-30,3,0,25,2,3,1,1.7,99,7.625,1025,70,3,2,-4,122,116,116,0.3,1,5,météo très défavorable
2013-12-01,3,-1,27,-0,3,1,0.2,93,10,1027,52.75,3,0,-4,116,119,113,0.1,1,5,météo très défavorable
2013-12-02,4,-2,7,-1,4,-2,0,93,9,1029,16.75,4,0,-1,143,113,113,0,1,8.5,météo très défavorable
2013-12-03,6,-2,3,-2,6,-1,0,84,10,1031,4.25,7,0,-0,113,113,113,0,1,8.5,météo très défavorable
2013-12-04,8,-1,10,-1,8,1,0,91,9,1032,13.25,8,1,-2,113,113,113,0,1,8.5,météo très défavorable
2013-12-05,6,-2,7,-2,6,2,0,95,4.5,1032,48.375,6,3,-0,260,116,143,0,1,6.9,météo très défavorable
2013-12-06,6,1,14,2,6,4,0.6,94,5.375,1032,54.75,6,4,0,143,116,116,0,1,6.9,météo très défavorable
2013-12-07,6,-1,15,-1,6,0,0,91,8,1033,5.25,6,0,-3,143,113,113,0,1,8.4,météo très défavorable
2013-12-08,6,-2,3,-2,6,-1,0,89,10,1031,2.75,6,0,-0,113,113,113,0,1,8.4,météo très défavorable
2013-12-09,6,-2,3,-2,6,-1,0,83,10,1032,37.125,7,0,-1,119,116,113,0,1,6.9,météo très défavorable
2013-12-10,6,-2,5,-2,6,-2,0,58,10,1035,3.25,6,0,-3,113,113,113,0,1,8.4,météo très défavorable
2013-12-11,6,-1,14,-0,6,1,0,65,10,1035,0,6,0,-2,113,113,113,0,1,8.4,météo très défavorable
2013-12-12,5,-1,9,-1,5,1,0,92,9,1032,13.125,5,1,-2,113,113,116,0,1,8.4,météo très défavorable
2013-12-13,6,-0,9,-0,6,0,0,95,4.75,1029,24,6,3,-2,260,116,143,0,1,8.4,météo très défavorable
2013-12-14,6,-1,9,3,6,0,1.2,97,7.875,1036,49.25,6,4,0,122,116,143,0,1,6.8,météo très défavorable
2013-12-15,7,0,10,1,7,2,0,82,9,1036,14.25,7,2,-1,113,113,113,0,1,8.4,météo très défavorable
2013-12-16,9,2,17,2,9,4,0,82,10,1033,18.5,9,3,0,113,119,113,0,1,6.8,météo très défavorable
2013-12-17,9,2,15,2,9,5,0,76,10,1031,12.75,9,3,1,113,113,113,0,1,8.4,météo très défavorable
2013-12-18,10,4,18,4,10,6,0,92,10,1028,37,10,6,3,122,116,113,0,1,8.4,météo très défavorable
2013-12-19,8,5,16,8,7,6,12.8,98,6,1015,88.625,8,7,4,122,248,248,0,1,3.1,météo très défavorable
2013-12-20,7,2,5,4,7,3,1.2,96,4.875,1034,71.875,7,6,2,122,122,143,0,1,5,météo très défavorable
2013-12-21,7,1,17,2,6,6,0,93,9,1035,31.625,7,6,1,116,113,113,0,1,8.4,météo très défavorable
2013-12-22,9,6,22,6,9,9,1.1,92,8.75,1029,73.375,9,8,4,122,122,122,0,1,5,météo défavorable
2013-12-23,11,6,30,7,11,7,0.2,93,9,1027,38.25,11,7,3,119,113,113,0,1,8.4,météo défavorable
2013-12-24,12,7,49,9,12,10,0.3,76,9.875,1014,37.625,12,6,5,116,116,116,0,1,6.8,météo défavorable
2013-12-25,9,5,13,9,8,5,15.6,98,7.375,995,69.25,9,8,3,200,116,143,0,1,6.8,météo très défavorable
2013-12-26,5,1,18,4,5,3,0.9,96,6.75,1012,84.875,5,4,0,119,122,143,0,1,3.3,météo très défavorable
2013-12-27,7,0,18,2,7,4,0,90,6.5,1013,49.875,7,4,0,248,116,116,0,1,8.7,météo très défavorable
2013-12-28,5,3,14,5,5,4,12.2,98,7.875,1016,60.125,5,5,0,116,143,122,0,1,3.3,météo très défavorable
2013-12-29,7,1,15,1,7,2,0.5,93,8.875,1028,35.125,7,4,0,116,119,116,0,1,6.9,météo très défavorable
2013-12-30,5,1,10,1,5,1,0,92,7.5,1030,56.375,5,2,-1,116,116,119,0,1,8.7,météo très défavorable
2013-12-31,6,-0,19,-0,6,3,1.6,80,9.875,1024,16.125,6,1,-2,113,113,113,0,1,8.7,météo très défavorable
2014-01-01,8,3,22,3,8,6,1.5,92,9.25,1018,49.75,8,6,1,113,116,116,0,1,8.7,météo très défavorable
2014-01-02,11,6,18,7,11,7,6.7,92,9.25,1013,49.5,11,7,5,200,113,116,0,1,8.7,météo défavorable
2014-01-03,9,5,21,6,9,7,3.8,95,8.625,1018,47.875,9,7,4,119,122,116,0,1,3.3,météo très défavorable
2014-01-04,8,6,17,6,8,6,7.4,96,7.875,1017,59.25,9,8,3,119,116,116,0,1,5.1,météo très défavorable
2014-01-05,8,2,9,2,8,5,0.2,92,8,1017,39.875,8,4,2,143,113,113,0,1,8.7,météo très défavorable
2014-01-06,10,4,19,4,10,7,0,70,10,1017,39.875,10,4,2,122,113,116,0,1,8.7,météo très défavorable
2014-01-07,12,5,23,5,12,8,0.6,91,10,1021,40,12,8,4,113,113,116,0,1,8.7,météo très défavorable
2014-01-08,12,7,17,8,12,9,0.7,92,10,1024,33.125,12,9,6,116,113,113,0,1,8.7,météo défavorable
2014-01-09,12,6,26,6,12,8,0,90,10,1021,32.625,12,8,4,113,116,116,0,1,8.7,météo défavorable
2014-01-10,10,4,5,4,10,5,0,93,7,1021,35.75,10,7,4,143,116,113,0,1,8.7,météo très défavorable
2014-01-11,10,5,9,5,10,5,0,94,9,1024,34.125,10,7,4,116,113,143,0,1,8.7,météo très défavorable
2014-01-12,8,3,9,3,7,4,0,94,6.25,1024,46.875,8,5,2,248,116,113,0,1,8.7,météo très défavorable
2014-01-13,8,3,13,3,7,6,1.4,96,5.75,1020,64.125,8,7,3,119,119,143,0,1,5.1,météo très défavorable
2014-01-14,7,-0,11,3,7,2,1.3,93,7.75,1016,39.25,7,4,-1,113,119,113,0,1,5.2,météo très défavorable
2014-01-15,6,-1,14,0,5,3,0.1,86,7,1016,55.75,6,1,-0,143,119,122,0,1,5.2,météo très défavorable
2014-01-16,8,3,18,4,8,6,4.5,97,7.625,1010,55.75,8,6,2,119,116,143,0,1,5.2,météo très défavorable
2014-01-17,9,4,14,4,9,4,0,88,10,1006,10.125,9,5,1,113,113,113,0,1,8.7,météo très défavorable
2014-01-18,10,2,20,2,10,5,0.7,84,9,1005,34.375,10,4,1,113,113,116,0,1,8.7,météo très défavorable
2014-01-19,5,4,6,4,5,4,11.4,97,7,1000,88.25,6,5,4,143,122,143,0,1,3.4,météo très défavorable
2014-01-20,6,2,18,4,6,3,1.8,95,6.625,1013,84.75,6,4,-0,143,122,119,0,1,3.4,météo très défavorable
2014-01-21,4,0,13,2,4,2,0.1,91,8,1015,79.375,4,1,-1,143,122,122,0,1,3.4,météo très défavorable
2014-01-22,5,-0,6,-0,5,2,0.5,90,5.75,1015,47.375,5,2,2,143,113,116,0,1,8.7,météo très défavorable
2014-01-23,7,3,14,3,7,3,2.9,93,6.875,1020,84.5,7,5,0,143,122,116,0,1,3.4,météo très défavorable
2014-01-24,4,-1,13,2,4,1,1.6,95,8.375,1020,56.375,5,3,-3,248,119,113,0,1,5.2,météo très défavorable
2014-01-25,5,-2,5,-1,4,1,0,81,10,1022,33.875,5,0,-0,113,116,119,0,1,8.7,météo très défavorable
2014-01-26,7,4,20,5,7,4,5,92,6.875,1022,83.375,7,4,0,143,119,122,0,1,5.2,météo très défavorable
2014-01-27,6,1,16,2,6,1,1.6,88,8.625,1007,26.5,7,6,-0,143,116,113,0,1,8.7,météo très défavorable
2014-01-28,6,-0,16,-0,6,2,0.2,83,8.875,1005,44.75,6,0,-2,143,113,116,0,1,8.7,météo très défavorable
2014-01-29,5,-0,18,1,4,3,1.6,95,9.75,1002,71.5,5,3,-3,122,119,119,0,1,3.5,météo très défavorable
2014-01-30,5,0,6,0,4,3,0.8,89,9.375,1007,59,5,1,1,116,119,116,0,1,5.2,météo très défavorable
2014-01-31,7,-1,10,-1,7,2,0,81,10,1011,11.125,7,1,-2,113,113,113,0,1,8.7,météo très défavorable
2014-02-01,3,1,19,2,3,2,10.7,99,7.875,1009,73.875,3,3,-2,119,122,248,0,1,3.5,météo très défavorable
2014-02-02,6,1,10,1,6,1,4.4,91,8.5,1018,53.625,6,3,-1,143,119,113,0,1,5.3,météo très défavorable
2014-02-03,7,-0,15,-0,5,3,0,90,6.75,1016,19.5,7,2,-0,260,113,113,0,1,8.7,météo très défavorable
2014-02-04,5,2,10,3,4,2,3.6,98,4.875,1013,54.5,5,4,0,143,248,143,0,1,5.3,météo très défavorable
2014-02-05,7,3,25,3,7,4,2.8,88,9.25,1011,47.75,7,4,-1,116,116,116,0,1,7,météo très défavorable
2014-02-06,9,1,31,1,9,6,0,80,10,1014,23.25,9,3,0,113,116,113,0,1,8.7,météo très défavorable
2014-02-07,8,3,19,7,8,4,2.5,93,9.75,1013,45.625,8,6,1,119,116,113,0,1,5.4,météo très défavorable
2014-02-08,6,2,26,2,5,6,3.8,90,9,1011,45.375,6,5,-0,116,119,113,0,1,5.4,météo très défavorable
2014-02-09,8,2,21,2,8,4,0.1,85,10,1008,29.25,8,2,-0,116,113,113,0,1,8.7,météo très défavorable
2014-02-10,7,2,11,3,4,5,10.2,99,5.875,1004,81.5,7,5,1,119,248,248,0,1,5.4,météo très défavorable
2014-02-11,8,3,13,3,7,5,1,89,7.125,1013,62.5,8,3,2,248,113,116,0,1,10.5,météo très défavorable
2014-02-12,8,4,20,4,8,6,1.7,84,8.875,1017,51.625,8,3,2,119,113,116,0,1,10.5,météo très défavorable
2014-02-13,12,4,37,5,12,6,9.3,88,8.875,1013,66.125,12,8,1,122,200,116,0,1,8.4,météo très défavorable
2014-02-14,10,3,21,3,8,7,0.6,86,9.375,1014,38.25,11,6,1,122,116,113,0,1,10.6,météo très défavorable
2014-02-15,9,5,10,8,9,6,12.3,95,8.125,1014,77.375,9,8,4,119,122,143,0,1,5.3,météo très défavorable
2014-02-16,9,3,10,3,9,4,0,86,10,1018,35.125,9,3,2,116,116,113,0,1,10,météo très défavorable
2014-02-17,10,1,10,1,9,3,0,84,10,1016,27.625,10,2,1,116,113,116,0,1,10.7,météo très défavorable
2014-02-18,11,2,8,2,9,6,0,78,10,1018,43.125,11,4,4,116,116,116,0,1,10,météo très défavorable
2014-02-19,10,3,12,3,10,6,0.5,92,5.375,1019,58.5,10,5,5,248,116,116,0,1,10.7,météo très défavorable
2014-02-20,12,3,11,4,11,8,0.6,86,5.25,1020,70.5,12,6,6,248,113,119,0,1,8.5,météo très défavorable
2014-02-21,9,3,13,6,9,4,1.9,88,7.875,1018,56.5,9,6,2,248,116,113,0,1,10.1,météo très défavorable
2014-02-22,9,0,15,1,9,5,1,90,7.875,1022,49.875,9,4,3,143,116,119,0,1,8.5,météo très défavorable
2014-02-23,11,4,9,4,11,6,0.1,87,9,1023,38.75,11,5,4,143,116,113,0,1,10.9,météo très défavorable
2014-02-24,13,3,25,3,13,7,0,76,10,1019,4.125,13,4,5,113,113,113,0,1,10.9,météo correcte
2014-02-25,12,4,26,4,12,8,1.4,82,10,1018,39,12,6,5,116,116,116,0,1,10.9,météo très défavorable
2014-02-26,7,1,10,3,7,3,3.7,93,6.875,1024,77.5,7,6,2,143,119,116,0,1,7,météo très défavorable
2014-02-27,8,0,19,1,8,4,2.6,95,6.75,1026,57.625,8,4,0,143,119,122,0,1,7,météo très défavorable
2014-02-28,4,2,27,3,4,3,4.9,100,6.75,1017,77.375,4,4,-1,116,122,116,0,1,7,météo très défavorable
2014-03-01,7,1,15,3,7,3,0.9,91,8.875,1005,54.25,7,3,-0,119,119,113,0,1,10.1,météo très défavorable
2014-03-02,9,-1,11,-1,8,3,0,85,6.75,1006,28.625,9,2,1,260,116,119,0,1,10.1,météo très défavorable
2014-03-03,9,3,17,3,8,5,4.5,85,9.125,999,45.875,9,3,2,116,113,116,0,1,11.1,météo très défavorable
2014-03-04,7,2,18,2,7,4,0.2,88,8,1011,60.125,7,3,1,143,116,116,0,1,10.1,météo très défavorable
2014-03-05,11,1,27,2,11,6,0,78,9,1024,14.5,11,3,3,113,116,113,0,1,11.2,météo très défavorable
2014-03-06,12,1,19,1,11,6,0,79,10,1026,1.875,12,3,3,113,113,113,0,1,11.2,météo très défavorable
2014-03-07,13,-0,10,-0,12,6,0,79,10,1027,1.375,14,4,4,113,113,113,0,1,11.3,météo très défavorable
2014-03-08,14,1,13,1,13,5,0,86,10,1029,0.625,15,5,6,113,113,113,0,1,11.3,météo très défavorable
2014-03-09,17,4,9,4,15,7,0,83,10,1030,0,17,7,8,113,113,113,0,1,11.3,météo correcte
2014-03-10,16,2,14,2,16,10,0,77,10,1024,0.375,16,7,8,113,113,113,0,1,11.4,météo correcte
2014-03-11,15,3,13,3,14,8,0,79,10,1026,21.25,15,5,7,113,113,116,0,1,11.4,météo correcte
2014-03-12,16,1,7,1,15,7,0,90,10,1029,0.625,17,9,8,113,113,113,0,1,11.4,météo très défavorable
2014-03-13,17,4,8,4,17,10,0,83,9,1029,3.375,17,9,9,143,113,113,0,1,11.6,météo correcte
2014-03-14,17,4,7,4,16,10,0,84,10,1028,1.625,17,9,9,113,113,113,0,1,11.6,météo correcte
2014-03-15,14,5,21,5,14,8,0,86,10,1028,26.375,15,7,6,113,116,119,0,1,10.2,météo correcte
2014-03-16,16,4,11,4,14,10,0,91,6.75,1029,26.25,16,8,8,248,113,113,0,1,11.6,météo correcte
2014-03-17,18,3,6,3,17,9,0,87,6.75,1026,16.125,18,9,9,248,113,113,0,1,11.6,météo favorable
2014-03-18,18,4,17,5,18,11,0,88,10,1025,8.875,18,10,10,113,113,113,0,1,11.6,météo favorable
2014-03-19,15,6,14,6,14,10,0,80,6.75,1029,22.25,15,6,8,143,113,113,0,1,11.6,météo correcte
2014-03-20,19,3,21,4,18,13,0,78,9,1024,8.625,19,9,11,113,113,113,0,1,11.6,météo favorable
2014-03-21,17,7,18,7,16,12,1.1,89,9.875,1019,48.25,17,10,11,116,116,200,0,1,8.8,météo correcte
2014-03-22,10,5,14,8,10,7,6.3,93,8.75,1013,76.125,10,9,6,122,119,116,0,1,7.5,météo très défavorable
2014-03-23,8,1,19,2,8,3,0.9,89,8.875,1015,51.375,8,3,1,143,116,113,0,1,11.6,météo très défavorable
2014-03-24,13,4,15,4,12,8,1.3,85,8.25,1014,60.875,13,6,6,119,116,116,0,1,8.9,météo correcte
2014-03-25,11,4,16,4,11,8,1.1,84,8.125,1015,56.625,11,6,6,119,119,119,0,1,11.6,météo très défavorable
2014-03-26,12,4,10,4,12,8,1.7,82,8.75,1016,59.625,12,5,6,116,116,116,0,1,9,météo très défavorable
2014-03-27,12,-2,8,0,11,3,0,79,10,1012,13,12,1,2,113,113,113,0,1,11.6,météo très défavorable
2014-03-28,15,-1,15,1,15,7,0,74,10,1017,30.75,15,4,5,113,116,113,0,1,11.6,météo très défavorable
2014-03-29,16,3,12,5,16,8,0,82,10,1019,34.125,17,7,8,116,113,116,0,1,11.6,météo correcte
2014-03-30,17,8,7,9,17,9,0,88,10,1016,59.625,17,8,9,116,119,116,0,1,7.7,météo correcte
2014-03-31,18,7,13,7,18,11,0,87,10,1017,21.75,18,9,11,116,113,113,0,1,11.6,météo favorable
2014-04-01,18,6,19,6,17,13,0,84,10,1015,10.375,18,10,12,113,113,113,0,1,11.6,météo favorable
2014-04-02,19,7,20,7,18,14,0,72,7.75,1012,38.5,19,9,12,143,113,116,0,1,11.6,météo favorable
2014-04-03,17,11,8,11,16,13,0.3,76,9,1005,75.75,17,9,13,116,119,122,0,1,7.8,météo défavorable
2014-04-04,17,10,18,11,17,12,0.7,89,8.125,1012,64.625,17,10,11,248,116,119,0,1,9,météo correcte
2014-04-05,15,9,15,9,15,12,0.3,85,6.5,1019,65.25,15,9,10,248,119,116,0,1,9.1,météo défavorable
2014-04-06,18,5,9,8,18,12,0,90,8,1021,10.125,18,10,11,143,116,113,0,1,11.6,météo favorable
2014-04-07,23,6,17,10,21,18,0.8,77,6.75,1020,25.25,25,13,17,248,113,113,0,1,11.6,météo favorable
2014-04-08,14,6,14,11,14,10,2,78,8,1028,43.375,14,12,8,248,113,113,0,1,11.6,météo correcte
2014-04-09,15,4,14,6,15,10,0,73,10,1028,7.5,15,6,8,113,113,113,0,1,11.6,météo correcte
2014-04-10,18,3,6,5,17,11,0,82,10,1024,3.125,19,8,11,113,113,113,0,1,11.6,météo favorable
2014-04-11,21,4,12,9,21,15,0.2,76,8.75,1017,26.25,21,11,15,248,113,116,0,1,11.6,météo favorable
2014-04-12,19,7,11,9,19,14,0,81,8,1019,14.375,19,11,14,113,113,113,0,1,13.2,météo favorable
2014-04-13,17,7,14,9,17,13,0,80,10,1022,16.375,18,9,12,113,113,113,0,1,13.7,météo correcte
2014-04-14,18,5,14,7,17,12,0,75,9,1023,0,18,8,11,113,113,113,0,1,13.7,météo favorable
2014-04-15,13,4,24,4,13,9,0,58,10,1026,0.625,13,2,6,113,113,113,0,1,13.7,météo correcte
2014-04-16,14,1,21,2,14,9,0,65,10,1026,3.125,14,3,8,113,113,113,0,1,13.8,météo très défavorable
2014-04-17,17,-2,8,3,16,9,0,77,10,1023,8.125,17,5,9,116,113,113,0,1,13.8,météo très défavorable
2014-04-18,15,3,13,9,15,10,0.5,80,10,1016,51.5,15,9,8,116,116,119,0,1,12.2,météo correcte
2014-04-19,12,1,22,3,11,6,0.2,77,10,1013,20,12,3,5,113,116,113,0,1,13.3,météo très défavorable
2014-04-20,16,-1,14,5,16,8,2.2,93,9.25,1009,39.5,16,8,7,113,116,122,0,1,12.2,météo très défavorable
2014-04-21,15,4,8,7,14,8,1.6,95,5,1008,69.125,15,9,8,143,116,143,0,1,9.9,météo très défavorable
2014-04-22,20,3,7,9,20,13,0.2,83,6.5,1017,49.875,20,10,13,143,116,113,0,1,14,météo favorable
2014-04-23,20,5,8,11,20,15,0.9,75,7.625,1020,25.875,20,11,15,116,113,113,0,1,14,météo favorable
2014-04-24,20,6,8,11,20,15,0.5,75,8.875,1020,23.625,21,12,15,113,116,116,0,1,14,météo favorable
2014-04-25,17,8,15,11,17,13,0.5,78,8.375,1016,45.125,17,10,12,116,119,113,0,1,12.2,météo correcte
2014-04-26,18,5,13,9,18,11,3,93,7.75,1017,39.125,19,10,10,113,116,122,0,1,12.2,météo favorable
2014-04-27,14,6,15,7,14,10,1.6,87,7.875,1013,41.875,14,9,10,113,122,116,0,1,12.2,météo correcte
2014-04-28,13,5,10,7,13,10,1.1,87,7,1015,58.625,13,8,10,116,122,116,0,1,11.1,météo correcte
2014-04-29,17,4,8,8,17,13,4.5,80,7.25,1016,75.375,17,10,12,116,122,122,0,1,11.1,météo très défavorable
2014-04-30,15,7,12,8,13,11,1.1,91,6.5,1015,59.625,15,9,8,143,116,116,0,1,12.2,météo correcte
2014-05-01,16,4,12,9,16,13,2.3,90,7.5,1016,81.375,16,11,12,119,122,116,0,1,10,météo très défavorable
2014-05-02,14,9,21,9,14,12,4.2,91,7.625,1017,78.75,14,11,9,143,122,116,0,1,10,météo défavorable
2014-05-03,11,6,23,7,11,10,0.2,83,10,1021,62.125,11,8,6,119,119,116,0,1,10,météo défavorable
2014-05-04,15,3,21,5,15,12,0,71,10,1022,4.125,15,6,9,113,113,113,0,1,14.3,météo correcte
2014-05-05,21,-1,13,7,19,16,0,78,8,1019,3.375,24,12,15,113,113,113,0,1,14.3,météo favorable
2014-05-06,15,8,20,10,14,15,1.1,94,9.375,1017,37.5,15,14,14,113,116,116,0,1,14.4,météo correcte
2014-05-07,17,9,12,11,16,13,2.8,87,8,1021,60.625,17,11,13,248,119,113,0,1,11.2,météo correcte
2014-05-08,20,9,9,12,18,16,0.3,78,8,1022,49.5,20,12,16,119,116,116,0,1,13.4,météo favorable
2014-05-09,19,12,17,12,19,16,1.4,90,4.875,1022,56.125,19,14,14,143,119,113,0,1,11.4,météo correcte
2014-05-10,21,8,13,13,20,17,2.5,88,7.125,1021,58,21,15,17,116,116,200,0,1,13.5,météo correcte
2014-05-11,15,8,22,10,15,12,2,82,7.5,1019,46.25,15,12,10,143,116,116,0,1,14.5,météo correcte
2014-05-12,13,5,12,8,13,10,1.6,91,8.5,1020,62.875,14,9,10,116,122,116,0,1,12.4,météo correcte
2014-05-13,13,4,17,7,13,10,1.2,85,6.25,1026,57,13,7,6,143,113,116,0,1,12.4,météo correcte
2014-05-14,14,3,17,7,14,11,0.9,83,5.375,1031,54.25,15,8,9,143,116,113,0,1,12.4,météo correcte
2014-05-15,15,4,25,6,13,12,0.2,88,6.875,1031,50.625,15,6,5,119,113,113,0,1,12.4,météo correcte
2014-05-16,17,4,34,7,17,14,0,68,10,1029,13.125,17,8,11,116,113,113,0,1,14.5,météo correcte
2014-05-17,19,7,20,9,19,16,0,71,10,1020,4,19,10,15,113,113,113,0,1,14.5,météo favorable
2014-05-18,21,4,9,10,21,18,0.1,76,7.75,1017,17,24,13,18,113,113,113,0,1,14.5,météo favorable
2014-05-19,21,9,19,12,20,18,0,74,10,1011,20.75,21,13,18,113,116,116,0,1,14.5,météo favorable
2014-05-20,22,11,23,14,21,18,0,78,10,1014,25.5,24,14,18,113,116,113,0,1,14.5,météo favorable
2014-05-21,25,12,18,15,23,22,1.6,77,8.875,1015,32,26,16,19,116,116,113,0,1,14.5,météo favorable
2014-05-22,21,9,25,14,19,16,3,89,7.5,1012,42,21,14,13,143,116,113,0,1,13.5,météo favorable
2014-05-23,20,8,19,11,20,14,1,88,8.875,1015,23.375,20,12,13,113,113,113,0,1,14.5,météo favorable
2014-05-24,19,5,13,8,18,15,0,74,8,1019,16.375,19,11,14,113,113,113,0,1,14.5,météo favorable
2014-05-25,21,8,10,11,21,16,0.4,90,9.375,1019,43.25,24,14,16,116,116,116,0,1,14.5,météo favorable
2014-05-26,19,10,5,13,19,15,6,93,7.5,1018,56.75,19,14,15,116,113,116,0,1,14.5,météo correcte
2014-05-27,15,6,17,10,14,13,3.7,95,9.625,1018,68.625,15,10,9,122,119,113,0,1,11.7,météo défavorable
2014-05-28,19,3,9,11,19,15,0,75,8,1016,9.875,19,11,15,113,113,113,0,1,14.5,météo favorable
2014-05-29,19,6,14,11,19,16,0.7,79,6.625,1018,30.25,19,13,16,116,113,113,0,1,14.5,météo favorable
2014-05-30,20,8,19,12,20,17,0.8,75,7.625,1019,30.125,20,12,17,116,116,113,0,1,14.5,météo favorable
2014-05-31,20,8,16,10,19,17,0,73,8.75,1021,23.125,20,12,16,113,113,113,0,1,14.5,météo favorable
2014-06-01,20,7,16,12,20,17,0.1,75,7,1021,14.625,20,12,17,113,113,113,0,1,14.5,météo favorable
2014-06-02,19,8,14,12,19,17,0.4,75,8.875,1021,54.375,19,12,16,116,116,116,0,1,14.5,météo favorable
2014-06-03,21,8,11,14,21,18,1,80,7.75,1018,26.5,21,14,18,113,116,116,0,1,14.5,météo favorable
2014-06-04,17,8,18,14,15,15,3,94,6.625,1017,59,17,14,14,143,122,113,0,1,11.7,météo correcte
2014-06-05,21,5,5,11,21,18,0,74,7.75,1018,34.375,24,13,18,116,116,113,0,1,14.5,météo favorable
2014-06-06,26,10,18,14,25,22,0,74,10,1016,9.125,27,17,21,113,113,113,0,1,14.5,météo favorable
2014-06-07,28,13,16,16,27,24,0,77,10,1017,9.25,29,20,23,113,113,113,0,1,14.5,météo favorable
2014-06-08,30,14,12,17,28,25,0,71,10,1020,2.875,30,20,24,113,113,113,0,1,14.5,météo favorable
2014-06-09,32,15,12,17,30,26,0,73,10,1019,9.75,33,21,25,113,113,113,0,1,14.5,météo idéale
2014-06-10,31,13,14,22,31,24,3.2,87,9.375,1021,22,32,21,24,113,113,200,0,1,14.5,météo favorable
2014-06-11,28,17,14,19,27,25,0.6,78,8.5,1024,33.375,29,20,23,200,113,113,0,1,14.5,météo favorable
2014-06-12,28,17,15,20,28,25,2.8,77,8.5,1024,26.375,30,21,25,200,113,113,0,1,14.5,météo idéale
2014-06-13,27,17,15,18,27,24,0.3,74,7.5,1021,32.125,28,19,24,116,113,113,0,1,14.5,météo favorable
2014-06-14,24,14,23,16,24,20,0.4,70,7.625,1018,27.5,25,14,20,116,116,113,0,1,14.5,météo favorable
2014-06-15,22,11,21,13,21,20,0,60,10,1017,28,24,12,18,116,116,113,0,1,14.5,météo favorable
2014-06-16,23,12,22,14,23,20,0,61,10,1017,13.25,25,12,19,113,113,116,0,1,14.5,météo favorable
2014-06-17,22,12,24,13,22,18,1.7,74,9.75,1018,27.125,24,13,18,116,116,116,0,1,14.5,météo favorable
2014-06-18,22,10,14,13,22,18,2.3,87,8.75,1019,33.25,24,16,18,113,116,200,0,1,14.5,météo favorable
2014-06-19,24,10,11,14,23,21,0.5,77,7.75,1020,24.875,25,17,20,113,113,113,0,1,14.5,météo favorable
2014-06-20,24,11,13,14,24,21,0,67,8.75,1019,17.75,25,15,20,113,113,113,0,1,14.5,météo favorable
2014-06-21,26,10,8,13,24,22,0,65,8.75,1018,14.75,26,15,20,113,113,113,0,1,14.5,météo favorable
2014-06-22,29,12,4,18,29,25,2.3,79,9.75,1018,21.625,31,21,24,113,200,113,0,1,14.5,météo correcte
2014-06-23,26,15,14,18,26,21,2.9,82,9.75,1018,24.25,27,18,21,200,113,113,0,1,14.5,météo idéale
2014-06-24,24,15,12,16,23,22,0.4,69,7.75,1019,46.5,25,16,21,143,116,113,0,1,13.6,météo favorable
2014-06-25,24,12,17,15,24,21,0.2,66,10,1014,14.75,25,14,21,113,113,116,0,1,14.5,météo favorable
2014-06-26,24,11,11,15,24,21,0,66,10,1016,17.5,25,14,21,113,116,113,0,1,14.5,météo favorable
2014-06-27,24,11,9,16,24,22,0.8,76,8.75,1018,20.75,25,18,22,116,113,116,0,1,14.5,météo favorable
2014-06-28,26,13,21,17,26,20,24.1,86,8.875,1017,42.875,27,19,20,119,113,200,0,1,13.6,météo très défavorable
2014-06-29,20,12,13,14,20,17,6,86,8.25,1017,56.5,20,16,16,248,116,113,0,1,12.7,météo correcte
2014-06-30,21,9,6,13,20,18,0.5,82,6.875,1019,48.5,21,14,15,248,113,113,0,1,12.7,météo favorable
2014-07-01,24,8,6,14,24,20,2.2,74,9.875,1018,19,25,15,20,113,113,200,0,1,14.5,météo favorable
2014-07-02,22,14,6,15,20,21,5.6,87,6.5,1023,62.875,25,17,18,143,119,113,0,1,11.7,météo correcte
2014-07-03,28,10,4,17,27,24,0,77,9,1025,9.25,30,20,24,113,113,113,0,1,14.5,météo favorable
2014-07-04,27,15,14,19,27,21,5.4,86,9.375,1019,34.75,28,20,21,113,200,113,0,1,13.6,météo correcte
2014-07-05,24,14,16,16,24,23,1,76,7.375,1015,41.25,26,18,22,143,116,113,0,1,14.5,météo favorable
2014-07-06,27,16,20,18,27,19,7,92,9.625,1016,39.25,28,19,19,113,116,122,0,1,13.6,météo favorable
2014-07-07,18,13,13,15,18,16,2.3,95,6.875,1016,66.5,18,15,15,143,122,116,0,1,12.6,météo défavorable
2014-07-08,18,9,14,13,18,16,4.2,86,6.875,1017,60.625,18,14,16,143,200,113,0,1,10.8,météo correcte
2014-07-09,16,10,14,12,16,13,7.1,94,8.25,1017,79.75,16,14,11,119,119,116,0,1,10.8,météo défavorable
2014-07-10,14,11,10,12,14,14,10.1,99,4.375,1017,99.75,14,14,11,122,248,248,0,1,9.8,météo défavorable
2014-07-11,18,12,15,14,17,17,0.9,94,4.5,1017,80.625,18,15,15,248,119,119,0,1,9.6,météo défavorable
2014-07-12,20,12,13,14,20,19,1.1,85,6.375,1017,68.25,20,16,17,143,119,113,0,1,10.6,météo défavorable
2014-07-13,20,12,12,15,20,18,3.4,89,6.5,1016,70.375,20,17,18,143,122,116,0,1,12.5,météo défavorable
2014-07-14,21,13,15,16,21,18,2.6,84,6.25,1021,46.5,24,16,18,248,116,113,0,1,13.5,météo favorable
2014-07-15,24,9,7,15,23,21,0,76,8,1022,2,25,17,21,113,113,113,0,1,14.5,météo favorable
2014-07-16,27,13,9,17,26,24,0,76,10,1022,3.5,28,19,23,113,113,113,0,1,14.5,météo favorable
2014-07-17,30,14,5,19,29,26,0,69,10,1022,1.375,34,21,26,113,113,113,0,1,14.5,météo favorable
2014-07-18,31,18,10,19,30,26,0,69,10,1019,5.875,32,20,25,113,113,113,0,1,14.5,météo idéale
2014-07-19,29,18,21,19,28,25,0.3,72,10,1015,12.75,30,19,24,113,113,116,0,1,14.5,météo idéale
2014-07-20,20,15,11,20,19,17,8.2,97,6.625,1015,72.5,20,18,17,200,248,143,0,1,10.5,météo défavorable
2014-07-21,19,13,13,16,17,19,5,96,6.625,1017,77.75,19,18,17,143,143,116,0,1,10.5,météo défavorable
2014-07-22,18,15,12,16,18,18,3.1,94,4,1018,96.5,18,17,18,248,296,296,0,1,9.5,météo défavorable
2014-07-23,27,17,13,18,26,23,0.4,83,6.125,1016,53.25,28,20,22,248,116,113,0,1,13.5,météo favorable
2014-07-24,26,15,12,18,26,23,1.3,80,8.75,1014,17.875,27,19,23,113,113,113,0,1,14.5,météo idéale
2014-07-25,27,12,10,20,27,21,1.2,80,9.75,1014,11.875,28,18,22,113,113,200,0,1,14.5,météo favorable
2014-07-26,23,14,10,16,23,20,2.8,81,9.75,1017,11.875,25,17,20,113,113,113,0,1,14.5,météo favorable
2014-07-27,25,13,12,17,25,22,0.4,79,7.875,1018,13,26,18,22,113,113,113,0,1,14.5,météo favorable
2014-07-28,19,12,13,18,18,18,3.2,94,9.75,1016,41.375,19,17,18,116,119,116,0,1,12.4,météo correcte
2014-07-29,17,12,16,13,17,16,1.4,89,4.5,1013,76.625,17,15,16,143,122,116,0,1,10.4,météo défavorable
2014-07-30,22,14,13,16,21,20,6,95,7,1016,64,25,18,18,248,119,113,0,1,11.4,météo correcte
2014-07-31,25,13,12,14,24,21,0,79,8,1017,7.625,26,18,21,113,113,113,0,1,14.5,météo favorable
2014-08-01,27,12,4,18,27,22,0,76,9,1014,7.625,28,18,23,113,113,113,0,1,14.5,météo favorable
2014-08-02,21,16,13,17,21,19,2.7,90,9.5,1011,44.125,24,17,19,119,122,116,0,1,12.4,météo correcte
2014-08-03,25,14,5,17,24,21,1,81,9.75,1015,20.875,26,18,21,116,113,113,0,1,14.5,météo favorable
2014-08-04,25,13,7,16,25,19,2.9,90,8.5,1020,19.25,26,18,20,113,200,113,0,1,14.5,météo correcte
2014-08-05,23,12,12,14,23,20,0.1,75,8,1021,16.5,25,15,20,113,113,113,0,1,14.5,météo favorable
2014-08-06,25,11,4,16,25,21,0,72,10,1020,23,26,16,21,113,116,113,0,1,14.5,météo favorable
2014-08-07,25,14,6,18,25,21,2.2,87,7.5,1017,46.375,27,19,21,116,116,116,0,1,14.5,météo favorable
2014-08-08,28,15,13,19,26,23,2.5,80,8,1016,23.375,29,20,23,113,113,113,0,1,14.5,météo idéale
2014-08-09,26,17,9,18,25,22,2.8,88,7.375,1016,47.375,27,20,21,116,116,200,0,1,13.4,météo favorable
2014-08-10,28,17,22,17,28,22,7.7,91,8.5,1014,33.875,29,21,22,116,116,116,0,1,14.3,météo favorable
2014-08-11,21,15,13,15,20,17,0.7,77,7.625,1019,38,21,17,17,143,113,113,0,1,14.2,météo favorable
2014-08-12,23,14,5,15,23,18,0,77,10,1019,29.875,25,14,18,113,113,113,0,1,14.2,météo favorable
2014-08-13,18,11,27,14,17,15,6.6,89,8,1016,50.75,18,14,15,143,119,113,0,1,12.2,météo correcte
2014-08-14,19,10,12,12,19,16,1.8,81,8.625,1018,36.625,19,13,16,143,116,113,0,1,13.4,météo favorable
2014-08-15,19,9,13,12,18,14,3.5,85,7.625,1021,32.75,19,13,15,248,113,113,0,1,13.4,météo favorable
2014-08-16,20,8,12,12,19,16,0.5,80,6.875,1023,10.625,20,12,16,143,113,113,0,1,14.1,météo favorable
2014-08-17,22,7,9,13,22,17,0,84,8,1022,18.125,24,14,17,113,119,113,0,1,13.4,météo correcte
2014-08-18,22,9,13,13,21,17,0,78,8,1015,16.125,24,13,17,116,113,113,0,1,14,météo favorable
2014-08-19,20,10,8,14,20,16,0.5,78,9,1016,56.5,20,12,16,116,122,116,0,1,12.2,météo correcte
2014-08-20,20,8,8,13,20,15,0.5,84,9.75,1019,43.625,21,12,15,116,119,116,0,1,12.2,météo correcte
2014-08-21,20,8,7,11,20,14,0,72,9,1020,13,20,11,15,113,113,113,0,1,13.9,météo favorable
2014-08-22,21,8,8,14,21,15,0,78,10,1018,34,24,12,16,116,113,113,0,1,13.9,météo favorable
2014-08-23,19,9,10,12,19,15,0.1,75,10,1021,28.75,19,11,15,113,116,116,0,1,13.9,météo favorable
2014-08-24,19,8,9,11,19,14,0,67,8.75,1022,25.125,19,10,14,113,113,113,0,1,13.8,météo favorable
2014-08-25,22,7,12,12,20,18,0,76,10,1019,27.625,25,14,18,116,113,113,0,1,13.8,météo favorable
2014-08-26,23,14,22,14,22,18,9.9,97,9.125,1014,58,25,17,15,122,116,116,0,1,12.1,météo correcte
2014-08-27,22,11,10,15,22,16,0.3,91,6.875,1018,36.875,25,15,16,143,116,113,0,1,13.3,météo favorable
2014-08-28,25,10,5,15,25,18,0.2,90,9.875,1019,24.5,26,17,19,113,113,116,0,1,13.7,météo favorable
2014-08-29,23,14,11,17,22,18,1.5,87,8.125,1021,58.75,25,18,18,248,119,113,0,1,9.7,météo correcte
2014-08-30,23,12,9,15,23,18,0,80,7,1021,12.375,25,15,18,143,113,113,0,1,13.7,météo favorable
2014-08-31,20,12,13,14,20,15,0.2,91,8,1020,40.875,20,14,15,143,119,116,0,1,10.9,météo correcte
2014-09-01,19,10,15,11,19,14,0,78,6.25,1021,41.125,19,11,14,248,113,113,0,1,11.6,météo favorable
2014-09-02,21,10,21,10,20,16,0,74,7.75,1021,17.125,21,12,16,113,113,113,0,1,11.6,météo favorable
2014-09-03,21,11,13,11,21,16,0,83,7,1018,10,21,13,16,143,113,113,0,1,11.6,météo favorable
2014-09-04,25,8,5,13,24,16,0,85,7.5,1016,31.125,26,16,17,248,113,113,0,1,11.6,météo favorable
2014-09-05,26,13,6,15,26,17,1.2,91,9.75,1016,17.75,27,17,17,113,113,113,0,1,11.6,météo favorable
2014-09-06,25,12,6,15,25,17,0.1,87,6.75,1015,25.125,26,16,17,248,113,113,0,1,11.6,météo favorable
2014-09-07,26,13,9,15,26,20,0.1,80,8,1015,14.5,27,17,20,143,113,113,0,1,11.6,météo favorable
2014-09-08,28,14,5,17,28,19,0.9,91,6.875,1017,8.5,30,19,19,143,113,113,0,1,11.6,météo favorable
2014-09-09,24,15,5,17,24,18,4.1,95,6.75,1018,50.375,26,19,18,143,116,143,0,1,9,météo favorable
2014-09-10,23,14,12,15,23,18,0.6,88,6.375,1017,45.25,25,16,18,143,116,113,0,1,11.6,météo favorable
2014-09-11,20,10,15,10,20,15,0,77,6.5,1018,33.625,20,12,15,143,113,113,0,1,11.6,météo favorable
2014-09-12,19,9,17,9,19,14,0,78,7.75,1019,24.125,19,11,14,143,113,113,0,1,11.6,météo favorable
2014-09-13,21,12,14,13,21,16,1.7,82,7.875,1019,60.875,22,13,16,119,116,116,0,1,8.9,météo correcte
2014-09-14,22,12,8,12,21,15,0.1,87,6.75,1019,33.375,25,15,15,143,113,113,0,1,11.6,météo favorable
2014-09-15,25,10,5,13,24,15,0.4,90,7.625,1015,27,26,16,15,248,113,113,0,1,11.6,météo favorable
2014-09-16,25,13,8,14,24,18,0,78,9,1015,9.625,26,15,18,113,113,113,0,1,11.6,météo favorable
2014-09-17,24,15,13,16,22,19,3.2,82,7.625,1013,41.25,25,16,19,143,116,116,0,1,11.6,météo favorable
2014-09-18,25,15,13,15,24,19,1.6,87,7.625,1013,29,26,17,19,248,113,113,0,1,11.6,météo idéale
2014-09-19,23,15,11,15,21,16,6.5,94,6.625,1016,33.25,25,18,16,143,200,143,0,1,11.6,météo correcte
2014-09-20,24,14,6,14,24,15,0.5,91,7.375,1018,39.375,26,17,16,248,113,113,0,1,11.6,météo favorable
2014-09-21,22,13,13,14,22,16,3.4,95,8.75,1021,22.625,25,16,16,143,113,116,0,1,11.6,météo favorable
2014-09-22,18,10,18,10,17,13,0,88,7.5,1021,44.75,18,13,11,248,113,113,0,1,10.2,météo favorable
2014-09-23,18,7,10,7,17,10,0,83,9,1021,8.25,18,8,10,143,113,113,0,1,11.6,météo favorable
2014-09-24,18,8,10,9,18,11,0.6,96,7.375,1019,28.125,18,13,12,116,116,143,0,1,11.6,météo favorable
2014-09-25,17,7,12,8,17,11,0.1,86,6.75,1025,35.125,17,10,10,248,116,113,0,1,10.2,météo correcte
2014-09-26,19,6,8,6,18,12,0,79,10,1026,7.25,19,9,12,113,113,113,0,1,11.6,météo favorable
2014-09-27,21,7,5,7,20,12,0,90,8,1027,7.125,24,13,12,143,113,113,0,1,11.6,météo favorable
2014-09-28,23,11,16,11,23,17,0,73,10,1026,8.375,25,13,17,113,113,113,0,1,11.6,météo favorable
2014-09-29,17,13,12,13,16,15,0.5,87,9.375,1026,44.5,17,14,15,116,122,116,0,1,10.2,météo correcte
2014-09-30,23,14,4,14,23,15,0.6,91,8.875,1026,52.625,25,16,15,143,116,116,0,1,11.6,météo favorable
2014-10-01,21,13,10,13,21,15,0,86,7,1027,12.5,24,15,15,143,113,113,0,1,11.6,météo favorable
2014-10-02,21,11,10,11,20,15,0,90,5.5,1028,31.125,21,13,15,248,113,113,0,1,11.6,météo favorable
2014-10-03,21,10,5,10,21,12,0,91,6.75,1025,23.125,24,14,13,143,113,113,0,1,11.6,météo favorable
2014-10-04,21,9,9,10,21,14,0.4,87,6.875,1020,16.25,24,13,14,143,113,113,0,1,11.6,météo favorable
2014-10-05,16,10,13,11,15,11,2,97,6.25,1017,61.375,16,13,11,143,200,143,0,1,7.3,météo correcte
2014-10-06,19,7,19,7,18,15,0.2,84,6.375,1016,53.5,19,12,13,143,119,119,0,1,8.7,météo correcte
2014-10-07,19,13,23,13,19,15,7.7,91,9.375,1013,58,19,16,15,116,116,116,0,1,8.7,météo correcte
2014-10-08,21,14,25,14,20,19,1.8,90,9,1013,43.25,21,16,16,116,116,113,0,1,10.1,météo favorable
2014-10-09,20,15,19,15,20,15,10.1,94,8.25,1014,47.25,20,17,15,116,200,143,0,1,10.1,météo correcte
2014-10-10,16,13,7,14,15,14,12.7,97,4.5,1016,83,16,15,14,248,143,248,0,1,7.2,météo défavorable
2014-10-11,19,11,6,13,19,12,3.5,92,6.125,1016,43.125,19,14,12,248,113,113,0,1,11.5,météo favorable
2014-10-12,18,10,12,10,15,15,6.9,94,6.375,1015,28.125,18,15,14,143,119,113,0,1,10.1,météo correcte
2014-10-13,19,12,8,12,18,12,1.7,93,9,1011,20.25,19,14,12,143,113,113,0,1,8.7,météo favorable
2014-10-14,19,9,10,9,19,14,1.4,92,6.75,1011,24.375,19,14,13,143,116,116,0,1,8.7,météo favorable
2014-10-15,18,11,6,11,18,13,0,89,7,1011,33.5,18,14,13,143,116,113,0,1,7.2,météo favorable
2014-10-16,20,11,12,12,18,16,1.1,90,8.875,1012,47.875,20,15,14,116,119,119,0,1,5.6,météo correcte
2014-10-17,20,13,6,13,20,14,1.9,91,8.625,1019,33.875,21,15,14,248,113,113,0,1,8.7,météo favorable
2014-10-18,22,11,10,11,22,16,0,87,10,1023,4.25,25,16,16,113,113,113,0,1,8.7,météo favorable
2014-10-19,23,13,15,13,23,17,0,93,7,1024,7.5,25,18,18,113,113,113,0,1,8.7,météo favorable
2014-10-20,22,13,8,13,22,17,0.9,92,10,1024,20.125,25,17,17,116,113,113,0,1,8.7,météo favorable
2014-10-21,19,9,21,14,19,14,2.9,94,7.5,1023,66.5,19,15,12,248,119,119,0,1,7.1,météo défavorable
2014-10-22,10,5,21,6,10,5,1.6,95,6.75,1029,40.625,11,6,5,116,113,143,0,1,7.1,météo très défavorable
2014-10-23,12,4,13,5,12,7,0,95,4.25,1029,49.375,12,7,5,248,113,143,0,1,8.7,météo très défavorable
2014-10-24,13,3,4,3,13,7,0,90,7,1024,19.75,13,7,7,143,113,116,0,1,8.7,météo correcte
2014-10-25,16,5,8,5,16,11,0,89,10,1024,31.75,17,11,10,113,116,116,0,1,8.7,météo correcte
2014-10-26,16,7,8,7,15,9,0,93,8,1026,10.5,16,11,9,113,113,113,0,1,8.7,météo correcte
2014-10-27,15,4,4,4,15,6,0,91,6.75,1025,34,15,9,7,143,113,113,0,1,8.7,météo correcte
2014-10-28,16,6,13,6,16,11,0,94,7,1022,11.5,16,12,9,143,116,113,0,1,8.7,météo correcte
2014-10-29,16,7,5,7,16,8,0,92,7,1021,28,17,12,9,143,113,113,0,1,8.7,météo correcte
2014-10-30,16,5,3,5,16,9,0,90,8,1025,10,17,12,10,113,113,113,0,1,8.7,météo correcte
2014-10-31,17,7,6,7,17,9,0,89,10,1025,4.5,17,12,10,113,113,113,0,1,8.7,météo correcte
2014-11-01,17,8,12,8,17,11,0,87,10,1024,5.125,17,12,10,113,113,113,0,1,8.7,météo correcte
2014-11-02,17,8,14,8,17,13,0.2,94,10,1023,7.375,17,13,11,113,113,113,0,1,8.7,météo correcte
2014-11-03,16,9,27,9,16,13,1.6,83,9.25,1016,37.875,16,11,10,116,116,116,0,1,8.7,météo correcte
2014-11-04,13,7,13,11,9,7,24.5,96,6.375,999,84,13,10,5,143,122,143,0,1,3.7,météo très défavorable
2014-11-05,10,6,10,7,10,7,0.6,94,7,1011,51.875,10,7,5,143,116,119,0,1,8.7,météo défavorable
2014-11-06,9,2,8,3,9,3,0,94,6.75,1015,29,9,5,4,143,113,113,0,1,8.7,météo très défavorable
2014-11-07,9,2,13,2,8,6,0.3,93,9.875,1016,29.25,9,7,4,113,122,113,0,1,7,météo très défavorable
2014-11-08,12,3,7,3,12,7,0,94,10,1016,16.625,12,9,6,113,113,113,0,1,8.7,météo très défavorable
2014-11-09,8,5,6,6,8,7,12.3,99,6.875,1011,76.875,8,7,6,122,119,248,0,1,3.7,météo très défavorable
2014-11-10,12,6,8,6,12,7,0.2,95,4.5,1014,57.625,12,9,6,248,116,143,0,1,8.7,météo défavorable
2014-11-11,14,7,13,7,14,10,0.4,94,5.75,1010,49.5,14,11,8,143,116,116,0,1,8.7,météo correcte
2014-11-12,13,7,9,9,13,8,1,96,3.625,1011,74.875,13,10,8,143,122,143,0,1,3.7,météo défavorable
2014-11-13,12,3,8,3,12,7,0,93,9,1013,9,12,8,5,143,113,113,0,1,8.7,météo très défavorable
2014-11-14,13,5,14,5,13,9,8.6,95,8.625,1011,38,13,9,7,113,119,143,0,1,5.3,météo correcte
2014-11-15,11,8,8,8,11,8,9.3,94,8.125,1006,58.375,12,10,7,116,113,116,0,1,8.7,météo défavorable
2014-11-16,11,6,24,6,11,8,2.9,92,7.125,1005,79.75,11,7,5,122,119,116,0,1,3.6,météo défavorable
2014-11-17,10,6,11,6,10,7,0.5,94,7,1008,65.5,10,7,6,143,116,143,0,1,8.7,météo défavorable
2014-11-18,10,6,9,6,10,7,1.2,94,5.125,1014,67.5,10,7,6,143,116,200,0,1,7,météo défavorable
2014-11-19,10,2,4,2,10,4,0,94,7,1023,16.75,10,7,3,143,113,113,0,1,8.7,météo très défavorable
2014-11-20,9,1,10,2,9,6,0,77,9,1024,28.5,9,4,4,119,113,113,0,1,8.7,météo très défavorable
2014-11-21,13,5,10,6,13,9,0,95,6,1022,25.5,13,10,7,143,116,143,0,1,8.7,météo correcte
2014-11-22,15,7,19,7,15,11,0,95,7,1020,22,15,11,9,143,116,113,0,1,8.7,météo correcte
2014-11-23,16,9,15,9,16,13,1,89,10,1020,26.75,16,12,10,113,116,116,0,1,8.7,météo correcte
2014-11-24,15,9,5,9,15,11,0,90,10,1022,36.375,16,11,11,113,113,119,0,1,8.7,météo correcte
2014-11-25,12,7,5,7,12,9,0.1,84,9.875,1021,48.625,12,8,9,113,116,116,0,1,8.7,météo défavorable
2014-11-26,13,8,4,8,13,8,0.6,96,7.25,1016,65.25,13,10,8,143,119,143,0,1,5.2,météo défavorable
2014-11-27,14,9,18,9,14,9,1.7,91,7.5,1010,48.375,14,10,8,248,113,113,0,1,8.7,météo correcte
2014-11-28,12,7,13,8,12,8,0,82,10,1006,31.5,13,7,7,119,116,113,0,1,8.7,météo défavorable
2014-11-29,10,4,10,5,10,5,0,89,10,1010,5.5,10,5,3,113,113,113,0,1,8.6,météo très défavorable
2014-11-30,8,3,7,4,8,3,0,73,10,1011,29.25,8,3,2,122,113,113,0,1,8.6,météo très défavorable
2014-12-01,4,-1,10,-1,4,2,0,89,10,1009,34.625,4,1,-1,113,116,122,0,1,8.5,météo très défavorable
2014-12-02,4,2,12,2,4,2,0.3,91,10,1013,90.875,4,1,0,119,119,122,0,1,3.2,météo très défavorable
2014-12-03,4,1,13,2,4,3,0.1,88,10,1016,79.25,4,1,-1,122,122,119,0,1,3.2,météo très défavorable
2014-12-04,5,-1,4,-1,5,2,1.1,97,4.625,1015,54.25,6,3,2,143,119,143,0,1,6.9,météo très défavorable
2014-12-05,6,2,10,2,6,3,0.2,89,5.75,1021,68,6,2,1,248,116,116,0,1,5,météo très défavorable
2014-12-06,5,2,20,2,5,3,0.6,94,9.875,1023,85.25,5,2,-1,119,119,119,0,1,3.2,météo très défavorable
2014-12-07,5,0,14,2,5,2,0.3,92,9,1027,76.5,5,3,-1,122,122,116,0,1,3.2,météo très défavorable
2014-12-08,6,2,7,3,6,3,1.9,94,8.875,1026,79.5,6,3,2,122,119,143,0,1,3.2,météo très défavorable
2014-12-09,4,1,23,2,4,2,0.2,83,9.625,1033,53.875,4,1,-2,119,116,116,0.1,1,6.9,météo très défavorable
2014-12-10,3,-1,17,-1,2,3,0.6,84,8,1032,62.25,4,2,-2,113,122,122,0,1,5,météo très défavorable
2014-12-11,7,2,15,2,7,5,0.4,93,7,1026,77.75,7,5,2,143,119,122,0,1,5,météo très défavorable
2014-12-12,9,3,30,3,9,7,0.2,88,9.375,1023,37.875,9,5,0,113,116,119,0,1,8.4,météo très défavorable
2014-12-13,12,4,17,5,12,9,1.1,92,9.875,1016,54.5,12,8,5,116,116,116,0,1,3.1,météo très défavorable
2014-12-14,12,7,12,7,12,8,0.4,96,8.875,1019,45.25,12,8,7,116,116,143,0,1,8.4,météo défavorable
2014-12-15,10,4,7,6,10,5,0.1,95,4.75,1020,59.5,10,8,6,248,119,143,0,1,5,météo très défavorable
2014-12-16,7,3,10,4,7,5,0.4,97,5,1020,66.625,8,5,3,143,119,143,0,1,3.1,météo très défavorable
2014-12-17,7,4,20,4,5,6,10.1,97,4.375,1020,96,7,6,0,248,122,143,0,1,3.1,météo très défavorable
2014-12-18,11,7,10,8,10,10,8.9,97,2.875,1027,93.125,11,10,7,248,248,143,0,1,3.1,météo défavorable
2014-12-19,12,9,13,9,12,10,0.5,93,6,1029,65.5,12,9,8,143,116,119,0,1,6.8,météo défavorable
2014-12-20,9,5,14,9,9,6,0.7,93,8,1035,68.75,9,9,4,143,119,116,0,1,3.1,météo très défavorable
2014-12-21,7,1,8,3,7,2,0,94,6.75,1037,31.75,8,4,3,248,116,113,0,1,8.4,météo très défavorable
2014-12-22,7,0,8,1,7,1,0,87,7,1035,3,7,1,-0,143,113,113,0,1,8.4,météo très défavorable
2014-12-23,9,1,10,1,9,2,0,50,10,1030,5.5,9,0,-0,113,113,113,0,1,8.4,météo très défavorable
2014-12-24,8,0,11,0,8,3,0,80,10,1029,30,8,0,0,116,113,116,0,1,8.4,météo très défavorable
2014-12-25,8,1,11,5,8,2,0.4,94,7,1034,59.375,8,5,0,143,119,113,0,1,5,météo très défavorable
2014-12-26,4,-0,9,0,4,-0,0,95,5.75,1034,57.5,4,1,-1,248,116,143,0,1,5.1,météo très défavorable
2014-12-27,4,1,23,2,4,1,8.1,100,8.875,1023,77.875,4,4,-3,122,116,122,0.4,1,6.9,météo très défavorable
2014-12-28,1,-5,31,0,-0,-4,0.5,88,6.25,1028,61.5,1,0,-12,122,122,113,0.4,1,3.3,météo très défavorable
2014-12-29,-2,-8,11,-8,-2,-4,0.3,94,8,1040,33.875,0,0,-11,113,116,143,0.3,1,8.7,météo très défavorable
2014-12-30,2,-3,16,-3,2,-0,0,89,10,1040,41,2,0,-6,113,113,119,0,1,8.7,météo très défavorable
2014-12-31,3,-3,21,-3,3,-2,0,95,7,1038,29.375,3,0,-6,143,116,143,0,1,8.7,météo très défavorable
2015-01-01,3,-3,4,-3,3,-2,0,89,7,1038,9.875,3,0,-2,143,113,113,0,1,8.7,météo très défavorable
2015-01-02,5,-2,8,-1,5,2,0.1,77,10,1039,50.75,5,0,-1,116,119,119,0,1,5.1,météo très défavorable
2015-01-03,7,-0,16,2,6,7,2.5,96,5.875,1038,77.25,7,6,1,143,122,122,0,1,3.3,météo très défavorable
2015-01-04,8,-0,14,7,8,2,1.2,97,5.75,1038,52.625,8,7,-1,248,116,113,0,1,6.9,météo très défavorable
2015-01-05,4,-1,5,-1,4,-0,0,84,10,1038,2.125,5,0,-2,113,113,113,0,1,8.7,météo très défavorable
2015-01-06,4,-1,5,-1,4,-1,0,64,10,1030,25.25,5,0,-2,113,116,113,0,1,8.7,météo très défavorable
2015-01-07,6,-0,5,1,6,2,0,96,8,1033,47.625,7,3,1,116,116,143,0,1,8.7,météo très défavorable
2015-01-08,9,3,13,4,9,7,0.7,92,6,1038,77.25,9,6,3,143,113,122,0,1,5.1,météo très défavorable
2015-01-09,8,4,18,4,7,8,1,91,5,1040,69.625,8,7,3,143,122,119,0,1,5.1,météo très défavorable
2015-01-10,13,10,15,10,13,11,1.2,95,5,1034,79.25,13,12,9,143,119,116,0,1,3.3,météo défavorable
2015-01-11,10,2,16,7,7,3,1.3,89,9.875,1037,63.75,10,9,1,122,119,116,0,1,6.9,météo très défavorable
2015-01-12,7,1,19,1,7,3,0,83,9,1036,17.375,7,0,-1,113,113,116,0,1,8.7,météo très défavorable
2015-01-13,11,2,33,2,11,7,0.6,91,9,1025,17.75,12,6,1,113,113,116,0,1,8.7,météo très défavorable
2015-01-14,10,6,21,7,10,7,2.9,91,9,1023,73,10,6,4,122,116,119,0,1,6.9,météo défavorable
2015-01-15,11,4,32,5,11,9,0,77,10,1020,43.125,11,6,3,122,116,113,0,1,6.9,météo très défavorable
2015-01-16,9,4,14,9,7,5,13.1,96,9,1012,87.375,9,7,3,122,122,119,0,1,3.4,météo très défavorable
2015-01-17,5,1,21,4,5,2,1.2,88,9.875,1021,75.375,5,3,-1,122,122,116,0,1,3.4,météo très défavorable
2015-01-18,4,-1,15,-1,4,1,0,82,10,1022,58,4,0,-3,116,116,122,0,1,8.7,météo très défavorable
2015-01-19,3,0,8,1,3,1,0.9,85,8.375,1013,94.625,3,1,-1,122,122,122,0.1,1,3.4,météo très défavorable
2015-01-20,3,-2,11,-1,3,-1,0,92,10,1013,55.625,3,0,-5,119,116,113,0,1,6.9,météo très défavorable
2015-01-21,2,-2,6,-1,2,0,2.9,95,8.125,1012,89.75,2,0,-1,122,122,143,0.1,1,3.4,météo très défavorable
2015-01-22,3,-1,12,-1,3,-0,0.1,87,9.375,1018,74.5,3,0,-4,119,119,116,0.2,1,5.2,météo très défavorable
2015-01-23,2,-1,23,-0,2,1,0.3,87,8.75,1026,84.5,2,0,-5,122,122,119,0.2,1,3.4,météo très défavorable
2015-01-24,1,-2,13,-2,1,0,1.6,93,7.625,1027,79.75,1,0,-4,143,122,122,1.4,1,5.2,météo très défavorable
2015-01-25,2,-2,20,-1,2,-1,0,94,10,1032,72,2,0,-6,122,116,116,0,1,5.2,météo très défavorable
2015-01-26,2,-1,11,-0,2,1,4.7,97,7.125,1031,95.375,2,2,-2,143,122,248,0.2,1,3.5,météo très défavorable
2015-01-27,2,1,20,1,2,1,1.2,98,5.75,1027,98.25,2,2,-3,248,122,143,0.1,1,3.5,météo très défavorable
2015-01-28,4,-2,24,0,4,3,2.4,97,5.625,1027,85.25,4,3,-2,248,119,122,0,1,3.5,météo très défavorable
2015-01-29,6,3,31,3,4,5,9.4,94,9,1010,98.125,6,4,-1,122,122,122,0,1,3.5,météo très défavorable
2015-01-30,4,-1,25,-1,4,2,3.3,91,9.375,990,55.5,4,2,-4,116,116,119,0.1,1,5.2,météo très défavorable
2015-01-31,3,-1,19,1,3,0,1.3,92,8.5,993,77.875,4,2,-4,122,200,116,0.8,1,3.5,météo très défavorable
2015-02-01,3,-1,28,1,3,-1,2.8,94,6.875,1006,94,3,0,-5,200,122,116,1.6,1,3.5,météo très défavorable
2015-02-02,3,-1,11,0,3,-1,1.5,89,5.875,1009,88.25,3,0,-1,143,122,119,1.3,1,5.3,météo très défavorable
2015-02-03,2,-2,15,-2,2,-1,0.1,92,10,1004,69.5,2,0,-6,116,116,122,0.1,1,3.5,météo très défavorable
2015-02-04,1,-2,31,-2,1,-1,0,78,10,1012,69.625,1,0,-8,119,116,119,0,1,8.7,météo très défavorable
2015-02-05,-0,-4,37,-4,-0,-2,0.6,79,6.5,1013,75.875,0,0,-10,116,122,122,0,1,5.4,météo très défavorable
2015-02-06,1,-2,31,-2,1,-1,0.1,76,7.75,1016,91.25,1,0,-8,122,122,122,0,1,3.7,météo très défavorable
2015-02-07,1,-4,16,-4,1,-2,0,76,10,1028,30.625,1,0,-7,116,119,113,0,1,7,météo très défavorable
2015-02-08,4,-4,39,-3,4,0,0.1,83,8,1030,36.375,4,0,-6,113,122,116,0,1,5.4,météo très défavorable
2015-02-09,4,-3,23,-3,4,-1,0,77,10,1034,6.25,4,0,-6,113,113,113,0,1,8.7,météo très défavorable
2015-02-10,4,-2,14,-1,4,-1,0,93,9,1030,48.875,4,0,-4,122,116,113,0,1,8.7,météo très défavorable
2015-02-11,8,-3,10,-3,7,-0,0,80,8,1027,3.625,8,0,-0,113,113,113,0,1,10.5,météo très défavorable
2015-02-12,9,-1,7,-1,9,2,0,74,10,1023,14.625,9,1,1,116,113,113,0,1,10.5,météo très défavorable
2015-02-13,11,1,25,1,10,6,0.4,86,9.875,1022,21.875,11,5,2,116,116,113,0,1,10.6,météo très défavorable
2015-02-14,9,4,26,4,8,5,8.3,87,8.75,1014,79,9,5,1,116,200,119,0,1,5.3,météo très défavorable
2015-02-15,7,3,8,4,7,5,8.2,90,7.375,1015,88.375,7,4,3,200,200,200,0,1,5.3,météo très défavorable
2015-02-16,7,-0,10,-0,5,1,0,92,8,1022,27.625,7,2,-0,113,113,116,0,1,10.6,météo très défavorable
2015-02-17,6,-0,20,-0,5,2,0,87,6.75,1038,49.375,6,1,-1,260,116,116,0,1,10.7,météo très défavorable
2015-02-18,6,-2,12,-2,5,-1,0,87,9,1038,17.25,6,0,-2,143,113,113,0,1,10.7,météo très défavorable
2015-02-19,9,-2,10,-2,8,2,0,80,10,1037,0,9,1,0,113,113,113,0,1,10.7,météo très défavorable
2015-02-20,11,1,27,1,11,6,0.4,72,9.875,1027,13.25,11,1,2,113,113,113,0,1,10.8,météo très défavorable
2015-02-21,6,2,15,4,4,2,12.7,93,8.125,1008,94.125,6,3,-1,122,122,122,1.3,1,5.4,météo très défavorable
2015-02-22,4,-1,24,-1,4,-0,0,87,9,1013,44.625,4,0,-4,143,116,113,0,1,10.1,météo très défavorable
2015-02-23,7,0,24,2,5,5,3.5,94,8.625,1012,77.25,7,5,-2,122,122,122,0,1,5.4,météo très défavorable
2015-02-24,7,1,23,1,7,2,2.8,92,9.875,1019,66.375,7,2,-0,119,122,200,0,1,7,météo très défavorable
2015-02-25,8,-1,10,-1,7,4,0.2,85,8.375,1023,41.125,8,2,1,143,119,119,0,1,8.5,météo très défavorable
2015-02-26,8,1,6,2,8,6,1.1,85,8.375,1022,63.125,8,4,4,116,122,122,0,1,7,météo très défavorable
2015-02-27,6,2,28,5,6,2,7.5,89,9.25,1024,93.875,6,3,-1,122,122,122,0,1,5.5,météo très défavorable
2015-02-28,7,-1,8,-1,7,2,0,74,10,1025,28.375,7,0,-0,113,113,113,0,1,10.1,météo très défavorable
2015-03-01,9,3,23,4,7,8,14.3,93,7.75,1018,100,9,8,1,308,122,122,0,1,5.5,météo très défavorable
2015-03-02,12,5,31,9,12,7,2.2,81,9.75,1025,61.25,12,8,4,122,116,113,0,1,11.1,météo très défavorable
2015-03-03,11,2,9,2,10,7,0,69,10,1027,62.75,11,3,5,116,116,122,0,1,10.1,météo très défavorable
2015-03-04,7,1,21,4,7,3,3.8,82,9.625,1033,59.875,7,5,-1,122,116,113,0,1,10.1,météo très défavorable
2015-03-05,7,-0,31,-0,7,4,0,78,10,1037,25.5,7,0,-2,116,113,113,0,1,11.2,météo très défavorable
2015-03-06,10,0,22,0,9,5,0,82,10,1037,3.625,10,2,1,113,113,113,0,1,11.2,météo très défavorable
2015-03-07,11,-1,8,-1,9,4,0,76,10,1034,33.625,11,1,3,113,122,113,0,1,8.6,météo très défavorable
2015-03-08,14,0,4,0,12,5,0,68,10,1027,12.625,14,0,5,113,113,113,0,1,11.3,météo très défavorable
2015-03-09,14,2,13,2,13,8,0,77,10,1026,47.125,14,5,6,113,122,122,0,1,7.1,météo correcte
2015-03-10,10,4,18,7,10,6,1.2,87,9.25,1026,39.75,10,5,4,113,116,116,0,1,10.1,météo très défavorable
2015-03-11,11,3,15,3,11,7,1.9,86,8.375,1016,62.625,11,5,4,116,116,116,0,1,8.6,météo très défavorable
2015-03-12,11,3,14,3,11,6,1.3,85,8.875,1018,58.125,11,5,5,116,119,116,0,1,10.1,météo très défavorable
2015-03-13,11,3,13,3,10,6,1.1,85,8,1021,66.875,11,4,5,119,119,116,0,1,8.8,météo très défavorable
2015-03-14,13,2,13,2,12,7,0,83,8.75,1022,46.25,13,5,5,116,116,116,0,1,8.8,météo correcte
2015-03-15,12,3,14,3,11,7,1.3,82,9,1021,58.5,12,4,5,116,116,116,0,1,8.8,météo très défavorable
2015-03-16,12,3,12,3,12,8,1.1,86,8.125,1020,57.75,13,6,6,116,116,116,0,1,8.8,météo très défavorable
2015-03-17,13,4,15,4,12,8,1.8,88,7.5,1018,61.75,13,6,6,119,116,116,0,1,8.8,météo correcte
2015-03-18,10,4,14,4,10,7,1.7,85,8,1019,61.25,10,5,5,119,116,116,0,1,8.8,météo très défavorable
2015-03-19,16,6,19,8,15,11,0.7,87,9.125,1022,47.625,16,9,9,176,113,116,0,1,11.6,météo correcte
2015-03-20,14,6,6,6,12,9,0.8,92,5.75,1023,83.125,14,8,9,248,119,119,0,1,6,météo défavorable
2015-03-21,10,5,13,7,9,6,2.9,91,9.25,1019,76,10,6,4,122,122,122,0,1,6.1,météo très défavorable
2015-03-22,10,2,26,2,8,4,0,82,10,1019,55,10,2,1,119,122,113,0,1,10.2,météo très défavorable
2015-03-23,14,1,8,1,13,7,0,84,10,1019,11.125,14,5,7,113,113,113,0,1,11.6,météo très défavorable
2015-03-24,15,4,12,6,14,9,3.1,79,9.125,1011,35.625,15,7,8,116,113,116,0,1,11.6,météo correcte
2015-03-25,6,3,26,3,6,5,2.9,88,7.875,1010,96.625,7,5,1,122,122,122,0,1,6.1,météo très défavorable
2015-03-26,10,1,14,1,10,7,0.1,71,10,1016,50.75,10,2,3,116,113,119,0,1,10.3,météo très défavorable
2015-03-27,11,4,17,6,11,7,0.3,75,8,1027,55.375,11,5,5,143,119,116,0,1,10.3,météo très défavorable
2015-03-28,9,1,12,4,8,8,1.2,93,7.625,1027,75.5,9,8,6,248,122,122,0,1,6.4,météo très défavorable
2015-03-29,11,8,22,8,10,11,6.5,91,8.5,1022,98,11,10,7,122,122,122,0,1,6.4,météo défavorable
2015-03-30,12,9,27,10,12,11,6.1,95,8.25,1020,99.375,12,10,7,122,122,143,0,1,6.4,météo défavorable
2015-03-31,12,8,29,11,12,9,1.4,92,8.875,1024,82.125,12,10,7,122,122,116,0,1,7.7,météo défavorable
2015-04-01,9,4,24,4,9,6,0.4,77,10,1030,52.875,10,4,3,122,119,116,0,1,9,météo très défavorable
2015-04-02,8,1,16,4,7,8,2.3,93,7.875,1030,78.875,8,8,2,119,122,122,0,1,6.5,météo très défavorable
2015-04-03,13,5,6,5,12,9,1.7,86,7.625,1025,85.125,13,7,8,122,119,116,0,1,9,météo très défavorable
2015-04-04,10,4,23,7,10,7,5.5,95,6.25,1016,97.375,10,8,4,143,122,122,0,1,6.5,météo très défavorable
2015-04-05,10,0,33,0,9,6,0.1,66,10,1022,32.25,10,2,1,116,116,113,0,1,11.6,météo très défavorable
2015-04-06,11,1,30,1,10,7,0,63,10,1029,2,11,1,3,113,113,113,0,1,11.6,météo très défavorable
2015-04-07,13,2,26,2,12,8,0,63,10,1034,1.25,13,2,5,113,113,113,0,1,11.6,météo correcte
2015-04-08,15,-0,11,3,13,9,0,71,10,1033,2,15,4,7,113,113,113,0,1,11.6,météo très défavorable
2015-04-09,20,2,16,6,18,13,0,67,10,1028,0.625,20,7,11,113,113,113,0,1,11.6,météo favorable
2015-04-10,19,6,27,6,19,13,0,56,10,1025,33,19,5,12,116,119,116,0,1,10.3,météo correcte
2015-04-11,16,7,12,8,16,11,2.5,87,9.875,1029,50.875,16,11,11,116,119,113,0,1,9.1,météo correcte
2015-04-12,20,6,6,10,18,13,0.1,79,8,1030,12.5,20,10,13,143,113,113,0,1,13.2,météo favorable
2015-04-13,15,5,13,6,15,11,0.5,82,8.5,1016,55.875,15,8,10,119,116,116,0,1,12.1,météo correcte
2015-04-14,15,5,13,7,15,11,0.9,83,8.75,1016,59.375,15,8,10,119,116,116,0,1,12.1,météo correcte
2015-04-15,14,5,17,6,14,10,2.1,78,8.875,1018,63.5,14,6,8,119,116,116,0,1,12.1,météo correcte
2015-04-16,19,9,27,10,19,17,0,56,10,1018,50.875,19,7,13,113,116,116,0,1,13.3,météo favorable
2015-04-17,15,11,12,11,14,13,2.5,94,8.875,1018,97.875,15,12,12,122,122,200,0,1,8.6,météo défavorable
2015-04-18,16,8,23,9,16,12,0.8,85,6.75,1018,44,16,10,9,143,113,113,0,1,13.3,météo correcte
2015-04-19,15,2,10,4,15,12,0,83,10,1018,22,16,9,10,113,113,116,0,1,13.9,météo correcte
2015-04-20,18,6,21,10,18,14,0,69,10,1024,16.625,18,8,13,116,113,113,0,1,13.9,météo favorable
2015-04-21,20,7,12,8,19,15,0,69,10,1027,3.625,20,10,13,113,113,113,0,1,13.9,météo favorable
2015-04-22,21,6,12,11,21,17,0,65,10,1026,9.875,21,10,17,113,116,113,0,1,13.9,météo favorable
2015-04-23,21,6,11,11,20,16,0.1,69,10,1019,7,21,11,16,113,113,113,0,1,14,météo favorable
2015-04-24,20,8,9,10,19,15,0.7,67,9.875,1017,10.25,21,9,15,113,113,113,0,1,14,météo favorable
2015-04-25,17,9,19,13,17,13,11.5,91,9.25,1013,83.5,17,13,13,122,200,116,0,1,9.9,météo défavorable
2015-04-26,20,9,30,11,20,15,0.9,78,7,1013,50.375,20,11,15,116,353,119,0,1,12.2,météo correcte
2015-04-27,15,7,33,12,15,10,11.5,92,8.125,1014,96.375,15,13,6,143,122,296,0,1,8.8,météo défavorable
2015-04-28,14,6,10,8,14,11,1.7,85,8.5,1014,58.375,15,8,10,119,119,116,0,1,13.4,météo correcte
2015-04-29,15,3,11,5,14,11,0,65,10,1022,61,15,5,10,122,116,116,0,1,12.2,météo correcte
2015-04-30,17,5,15,8,17,13,3.2,77,9.625,1021,68.375,17,9,12,116,122,122,0,1,10,météo très défavorable
2015-05-01,14,10,27,11,14,14,16.5,96,8.375,1013,98.375,14,13,11,122,122,200,0,1,8.9,météo très défavorable
2015-05-02,16,11,14,12,16,14,5,93,9.5,1014,81,17,14,13,116,122,119,0,1,11.1,météo défavorable
2015-05-03,20,14,18,14,20,18,10.1,88,9.125,1011,77.625,21,17,17,122,116,119,0,1,11.2,météo défavorable
2015-05-04,23,14,29,15,23,19,8.5,89,6.5,1012,71.375,25,16,18,248,176,122,0,1,11.2,météo défavorable
2015-05-05,19,12,21,17,18,15,3.2,89,9.5,1015,72,19,13,13,116,122,116,0,1,12.3,météo défavorable
2015-05-06,17,7,17,12,17,14,0.8,75,9.875,1021,28.875,17,10,13,113,116,113,0,1,13.4,météo correcte
2015-05-07,17,5,6,9,16,13,0,72,10,1023,17.625,17,8,13,113,113,113,0,1,14.4,météo correcte
2015-05-08,17,7,7,11,15,14,0.9,83,9.25,1020,44.75,17,11,14,113,122,119,0,1,11.2,météo correcte
2015-05-09,19,10,18,13,18,16,0.3,83,8,1027,49.25,19,13,15,143,122,113,0,1,11.2,météo correcte
2015-05-10,22,8,10,13,21,18,0,75,10,1028,9.375,24,14,18,113,116,113,0,1,14.5,météo favorable
2015-05-11,26,9,13,15,25,21,0,64,10,1024,59.625,27,14,21,122,119,122,0,1,9.3,météo correcte
2015-05-12,27,14,21,16,26,22,0.1,75,10,1023,32.625,28,17,22,119,113,113,0,1,12.4,météo favorable
2015-05-13,29,13,21,16,27,23,1.2,77,9.875,1024,7.375,30,19,22,113,113,113,0,1,14.5,météo favorable
2015-05-14,20,11,21,13,20,14,1.4,89,9.875,1017,35,20,13,12,113,116,122,0,1,13.5,météo favorable
2015-05-15,11,6,27,8,10,10,6.9,95,9.5,1021,88.5,11,10,6,122,122,122,0,1,9.4,météo défavorable
2015-05-16,18,7,21,8,17,15,0,80,10,1028,40.375,18,12,12,113,113,119,0,1,13.5,météo favorable
2015-05-17,19,11,16,13,18,16,0.6,87,6.875,1028,63.125,19,13,13,143,116,116,0,1,13.5,météo correcte
2015-05-18,22,8,14,12,20,17,0,71,10,1020,11.75,24,12,17,113,113,113,0,1,14.5,météo favorable
2015-05-19,16,10,18,12,15,13,0.3,78,9,1015,57,16,10,11,122,116,119,0,1,10.4,météo correcte
2015-05-20,13,6,21,7,13,10,2.2,79,9.875,1022,43.125,13,7,8,116,122,113,0,1,13.5,météo correcte
2015-05-21,15,3,31,6,15,13,0.3,66,10,1026,15.25,15,7,10,113,116,113,0,1,14.5,météo correcte
2015-05-22,18,5,32,9,17,15,0,68,10,1027,8.75,18,9,14,113,113,113,0,1,14.5,météo favorable
2015-05-23,19,8,31,11,19,17,0.1,71,10,1021,27.25,19,11,17,113,116,116,0,1,14.5,météo favorable
2015-05-24,21,8,23,12,21,17,0.3,73,9.875,1018,18.25,21,12,17,113,116,113,0,1,14.5,météo favorable
2015-05-25,19,8,22,13,19,16,2.5,86,9.75,1018,26,20,14,16,116,119,113,0,1,13.6,météo correcte
2015-05-26,16,10,27,11,14,14,0.2,82,8,1022,53.25,16,9,10,122,122,116,0,1,11.7,météo correcte
2015-05-27,18,5,27,9,17,15,0,72,10,1024,2.75,18,10,13,113,113,113,0,1,14.5,météo favorable
2015-05-28,22,6,9,12,21,19,0,69,10,1021,14.375,24,13,18,113,113,113,0,1,14.5,météo favorable
2015-05-29,22,9,23,15,22,19,0.8,74,9.75,1017,12.125,24,14,19,113,113,113,0,1,14.5,météo favorable
2015-05-30,20,9,16,13,20,17,0,77,10,1019,28.875,20,12,17,113,116,116,0,1,14.5,météo favorable
2015-05-31,23,10,13,15,22,20,0.2,71,10,1019,36,25,15,19,116,119,113,0,1,13.6,météo correcte
2015-06-01,21,13,17,15,21,19,4.7,81,9.75,1018,44.25,24,16,18,119,116,116,0,1,13.6,météo favorable
2015-06-02,25,11,9,16,24,23,0,70,10,1021,20.125,26,18,21,116,113,113,0,1,14.5,météo favorable
2015-06-03,25,12,15,17,25,23,0,74,10,1024,20.75,26,18,21,113,116,116,0,1,14.5,météo favorable
2015-06-04,28,14,9,16,26,26,0,72,8.75,1025,31.375,29,19,21,119,113,113,0,1,13.6,météo favorable
2015-06-05,31,18,16,20,30,26,2.5,66,9.875,1022,10,31,19,26,113,113,113,0,1,14.5,météo idéale
2015-06-06,27,16,16,20,25,24,1.7,81,9.875,1024,18.25,29,21,21,113,116,113,0,1,13.6,météo favorable
2015-06-07,25,14,22,16,24,22,0.1,69,10,1026,21,27,17,20,113,113,113,0,1,14.5,météo favorable
2015-06-08,24,13,25,15,23,21,2,82,9.75,1024,23.125,25,18,20,113,200,113,0,1,14.5,météo correcte
2015-06-09,21,13,23,14,21,19,0.8,75,9.875,1020,54.375,24,15,18,119,122,116,0,1,12.7,météo correcte
2015-06-10,25,11,10,13,22,23,0.6,71,9.875,1019,44.625,26,18,19,119,116,386,0,1,13.6,météo favorable
2015-06-11,29,14,14,18,28,25,0,62,10,1019,11.25,29,17,24,113,113,113,0,1,14.5,météo favorable
2015-06-12,24,16,23,18,24,17,15.5,93,8.875,1013,58.375,26,17,17,119,116,122,0,1,12.7,météo défavorable
2015-06-13,25,13,7,16,24,23,0,70,8,1014,21.5,26,17,20,116,113,113,0,1,14.5,météo favorable
2015-06-14,21,14,11,17,21,20,3.1,80,9.75,1012,56.375,21,16,20,116,116,353,0,1,11.7,météo correcte
2015-06-15,17,14,15,15,16,17,8.2,91,9.875,1018,78,17,15,14,353,353,119,0,1,9.9,météo défavorable
2015-06-16,20,12,25,16,20,18,6.2,85,6.5,1020,74.125,20,16,18,122,122,356,0,1,10.8,météo défavorable
2015-06-17,20,10,24,12,20,18,0,59,10,1023,16,20,10,17,113,113,113,0,1,14.5,météo favorable
2015-06-18,22,11,20,15,22,19,4.2,87,9.5,1023,41.25,25,17,19,116,116,116,0,1,13.6,météo favorable
2015-06-19,21,14,19,15,21,18,0.3,77,6.375,1020,61.375,24,14,17,143,113,116,0,1,13.6,météo correcte
2015-06-20,20,10,15,13,20,18,0,72,10,1022,41.75,20,13,17,113,116,119,0,1,12.7,météo favorable
2015-06-21,23,10,12,16,22,21,2.3,78,9.75,1022,52.375,25,17,19,119,116,116,0,1,13.6,météo favorable
2015-06-22,25,12,12,17,25,22,1.8,66,10,1019,31.875,26,16,21,113,113,116,0,1,14.5,météo favorable
2015-06-23,20,12,17,14,19,17,1.5,75,9.75,1020,41.125,20,13,16,119,113,113,0,1,13.6,météo favorable
2015-06-24,23,9,16,12,21,20,0,65,10,1022,3.375,24,13,18,113,113,113,0,1,14.5,météo favorable
2015-06-25,25,10,7,16,24,22,0,62,10,1023,16,25,14,21,113,113,113,0,1,14.5,météo favorable
2015-06-26,27,12,8,18,26,25,0,61,10,1023,4.75,27,17,23,113,113,113,0,1,14.5,météo favorable
2015-06-27,26,16,20,18,26,22,0.5,74,9.875,1022,27.25,27,18,22,116,113,116,0,1,13.6,météo idéale
2015-06-28,27,13,17,16,26,24,0,59,10,1022,7.75,27,16,22,113,113,113,0,1,14.5,météo favorable
2015-06-29,29,15,9,19,28,27,0,63,10,1022,13.75,29,19,24,113,113,116,0,1,14.5,météo idéale
2015-06-30,31,16,8,20,30,29,0,63,10,1021,1.5,31,21,26,113,113,113,0,1,14.5,météo idéale
2015-07-01,33,19,25,21,32,28,0.3,54,10,1019,2.25,34,18,27,113,113,113,0,1,14.5,météo idéale
2015-07-02,35,19,26,21,33,30,0,49,10,1023,3.75,34,18,28,113,113,113,0,1,14.5,météo idéale
2015-07-03,35,18,20,24,33,29,0,51,10,1024,6,35,18,28,113,113,113,0,1,14.5,météo favorable
2015-07-04,35,20,18,22,34,31,0.2,48,10,1023,2.75,36,19,29,113,113,113,0,1,14.5,météo favorable
2015-07-05,36,18,22,23,34,29,2.7,59,9.625,1021,8.75,37,20,29,113,113,113,0,1,14.5,météo favorable
2015-07-06,31,19,10,21,29,29,6.2,78,7.875,1023,34.375,33,21,24,143,113,113,0,1,13.6,météo favorable
2015-07-07,36,20,27,24,35,27,2,59,9.875,1017,6.5,36,19,27,113,113,113,0,1,14.5,météo favorable
2015-07-08,22,15,24,17,22,20,0,56,10,1021,25.625,24,16,20,119,113,113,0,1,13.6,météo favorable
2015-07-09,24,12,18,15,23,22,0.1,57,10,1023,15.75,25,11,19,116,113,113,0,1,14.5,météo favorable
2015-07-10,28,12,12,14,26,26,0,62,10,1023,0.5,29,19,21,113,113,113,0,1,14.5,météo favorable
2015-07-11,29,17,19,20,29,26,0,51,10,1021,5.125,29,15,25,113,113,113,0,1,14.5,météo idéale
2015-07-12,28,14,16,18,27,25,0,53,10,1022,10.5,28,13,23,113,113,113,0,1,14.5,météo favorable
2015-07-13,28,14,13,17,26,25,0,57,10,1021,18.125,28,16,22,113,113,116,0,1,14.5,météo favorable
2015-07-14,29,15,14,18,28,26,0,58,10,1021,4.5,29,15,23,113,113,113,0,1,14.5,météo idéale
2015-07-15,28,15,12,18,28,28,0,58,10,1022,1.25,29,18,24,113,113,113,0,1,14.5,météo idéale
2015-07-16,35,16,12,21,33,31,0,52,10,1019,1.25,34,17,28,113,113,113,0,1,14.5,météo idéale
2015-07-17,36,19,15,22,33,31,1.4,51,9.875,1019,10.375,35,18,28,200,113,113,0,1,14.5,météo favorable
2015-07-18,32,20,9,21,29,28,1.3,66,9.875,1020,23.25,33,18,25,119,113,113,0,1,13.5,météo idéale
2015-07-19,30,20,17,22,29,27,1.4,55,9.75,1017,19.625,30,17,26,113,116,113,0,1,14.5,météo favorable
2015-07-20,30,16,17,21,29,28,0.1,57,10,1018,30.75,30,17,25,116,116,116,0,1,14.5,météo favorable
2015-07-21,30,17,8,22,30,29,0,57,10,1018,5.375,31,18,26,113,113,113,0,1,14.5,météo idéale
2015-07-22,31,19,23,22,31,23,6.2,78,9.5,1018,30.5,32,21,23,113,113,122,0,1,13.5,météo favorable
2015-07-23,28,16,14,18,27,25,1,59,9.875,1018,14.125,28,16,23,113,113,113,0,1,14.5,météo idéale
2015-07-24,32,15,12,19,29,26,2,55,10,1014,14.375,32,16,26,113,113,119,0,1,13.5,météo idéale
2015-07-25,22,15,25,17,22,20,0.6,62,9.875,1020,49.75,24,15,19,119,119,116,0,1,12.5,météo correcte
2015-07-26,22,11,14,14,22,19,1,59,10,1019,39.75,24,13,19,113,119,119,0,1,12.5,météo correcte
2015-07-27,24,16,25,17,23,22,0.4,63,10,1014,67.375,25,15,20,122,116,116,0,1,12.5,météo défavorable
2015-07-28,24,13,18,16,23,20,0.8,53,9.375,1015,43,25,13,19,116,113,119,0,1,13.5,météo favorable
2015-07-29,20,13,15,15,20,19,2.8,86,9.75,1017,65,20,15,17,122,122,113,0,1,11.4,météo défavorable
2015-07-30,22,9,16,13,21,19,0,48,10,1018,14.25,24,8,19,113,116,113,0,1,14.5,météo favorable
2015-07-31,24,11,21,12,23,21,0,52,10,1018,41.125,25,11,19,119,119,113,0,1,12.4,météo correcte
2015-08-01,20,14,9,16,18,20,2.3,80,7.25,1018,74.25,20,16,18,122,122,119,0,1,10.4,météo défavorable
2015-08-02,28,12,14,17,27,25,1.3,60,9.875,1019,8.375,28,15,22,113,113,113,0,1,14.5,météo favorable
2015-08-03,32,17,12,20,31,27,0,44,10,1018,3.75,31,15,26,113,113,113,0,1,14.5,météo idéale
2015-08-04,25,17,14,19,23,22,4.4,85,9.5,1019,54.875,26,18,20,119,122,116,0,1,11.4,météo correcte
2015-08-05,32,14,11,17,29,29,0,53,10,1019,9.375,32,17,23,113,113,113,0,1,14.5,météo favorable
2015-08-06,34,22,9,22,32,30,0.2,62,9.875,1017,20,35,19,25,116,113,113,0,1,14.5,météo favorable
2015-08-07,37,20,16,23,35,30,0,40,10,1017,4.75,36,17,30,113,113,113,0,1,14.5,météo favorable
2015-08-08,27,18,24,20,27,21,2.1,86,9,1021,44.125,28,19,21,116,119,116,0,1,12.4,météo correcte
2015-08-09,24,17,12,17,22,21,2.9,82,9.25,1020,72,25,18,19,122,116,116,0,1,12.4,météo défavorable
2015-08-10,23,16,18,16,22,20,1.2,64,9.875,1019,78.875,25,16,20,122,116,122,0,1,11.1,météo défavorable
2015-08-11,28,15,9,18,26,25,0.8,70,9.875,1018,28.25,30,19,23,116,116,113,0,1,14.2,météo favorable
2015-08-12,33,17,11,21,31,28,0.4,64,9.875,1019,12.625,33,19,27,113,113,113,0,1,14.2,météo idéale
2015-08-13,31,18,27,21,31,21,1.6,74,9.75,1017,25.5,30,17,21,113,116,113,0,1,14.2,météo favorable
2015-08-14,24,16,23,17,24,20,3.1,71,9.625,1014,59.625,25,16,20,119,200,116,0,1,12.2,météo correcte
2015-08-15,20,15,18,15,20,18,1,83,9,1016,87.375,20,13,15,122,122,122,0,1,10,météo défavorable
2015-08-16,21,11,14,13,20,18,0.1,66,10,1016,46.875,24,12,18,116,119,116,0,1,12.2,météo correcte
2015-08-17,23,12,15,14,23,18,2,65,9.875,1015,50.375,24,11,18,119,116,116,0,1,13.4,météo favorable
2015-08-18,22,12,12,12,22,18,0.5,60,9.875,1018,37.875,24,10,18,116,116,113,0,1,14,météo favorable
2015-08-19,23,11,15,13,22,18,0,55,10,1021,21.5,24,9,18,113,113,113,0,1,14,météo favorable
2015-08-20,25,10,9,16,24,20,0,56,10,1024,20,25,11,20,113,113,116,0,1,14,météo favorable
2015-08-21,27,13,10,16,26,22,0,51,10,1024,10.75,27,12,22,113,113,113,0,1,13.9,météo favorable
2015-08-22,29,12,12,17,27,24,0.1,49,10,1020,6.375,28,12,23,113,113,113,0,1,13.9,météo favorable
2015-08-23,21,15,23,18,17,17,62.2,97,7.125,1011,47.875,24,17,17,113,143,305,0,1,11,météo très défavorable
2015-08-24,18,14,20,16,18,17,5.4,86,8.75,1016,31.375,19,15,17,116,116,113,0,1,13.3,météo favorable
2015-08-25,22,10,7,12,20,17,0,63,10,1021,8.625,24,10,17,113,113,113,0,1,13.8,météo favorable
2015-08-26,28,13,23,14,25,23,0,51,10,1020,2.75,27,13,21,113,113,113,0,1,13.8,météo favorable
2015-08-27,31,16,28,17,29,25,0.4,50,10,1016,18.25,31,14,24,113,113,116,0,1,13.8,météo idéale
2015-08-28,30,18,7,19,29,25,0,56,10,1020,15.125,30,15,25,113,113,113,0,1,13.7,météo idéale
2015-08-29,31,17,23,19,30,26,0,51,10,1022,7,31,15,26,113,113,113,0,1,13.7,météo idéale
2015-08-30,32,18,23,18,31,25,0,44,10,1021,4.25,30,12,25,113,113,113,0,1,13.7,météo idéale
2015-08-31,31,17,27,17,31,26,3.2,60,9.625,1018,13.75,31,17,26,113,113,386,0,1,13.6,météo favorable
2015-09-01,21,12,13,13,21,17,0.7,75,8.5,1021,56.875,23,12,17,116,116,116,0,1,12,météo correcte
2015-09-02,22,13,13,14,21,17,0.6,72,10,1020,40.375,24,13,17,113,116,119,0,1,10.3,météo favorable
2015-09-03,21,11,12,14,20,16,0,60,10,1017,44.625,21,10,16,116,116,116,0,1,11.6,météo favorable
2015-09-04,13,9,10,10,11,12,0,70,9.875,1022,20.5,13,9,10,113,113,113,0,1,11.6,météo correcte
2015-09-05,23,13,10,14,23,18,0.4,76,9,1019,70.5,24,14,18,116,176,176,0,1,6.5,météo défavorable
2015-09-06,22,13,11,14,22,17,1.6,82,8.625,1019,56.625,23,14,17,119,116,116,0,1,9.1,météo correcte
2015-09-07,18,7,24,7,18,16,0,58,10,1027,7.25,18,7,13,116,113,113,0,1,11.6,météo favorable
2015-09-08,21,9,12,9,19,15,0,64,10,1024,7.375,21,8,14,116,113,113,0,1,11.6,météo favorable
2015-09-09,23,8,10,11,22,17,0,61,10,1019,10.875,25,10,17,113,113,113,0,1,11.6,météo favorable
2015-09-10,23,10,10,13,22,16,0.2,61,9.875,1017,12.375,25,10,16,113,113,113,0,1,11.6,météo favorable
2015-09-11,25,11,12,13,23,19,0.5,66,9.875,1017,25,25,12,18,113,113,116,0,1,11.6,météo favorable
2015-09-12,23,15,32,15,23,16,8.3,92,9.25,1017,58.75,25,16,16,113,122,122,0,1,7.6,météo correcte
2015-09-13,24,15,28,15,24,17,8.5,89,9.125,1015,68.25,26,16,17,119,116,122,0,1,10.3,météo défavorable
2015-09-14,19,12,31,13,19,15,2.7,67,9.5,1013,27.75,19,13,14,200,113,113,0,1,11.6,météo favorable
2015-09-15,18,11,16,12,16,16,1.3,72,9.75,1013,47.75,18,12,16,116,122,119,0,1,7.5,météo correcte
2015-09-16,18,13,27,17,16,14,15.4,85,8.625,1013,53.25,18,15,14,299,299,299,0,1,11.6,météo défavorable
2015-09-17,19,10,9,11,19,14,2.2,84,8,1016,58.25,20,12,14,119,116,116,0,1,8.9,météo correcte
2015-09-18,19,12,11,12,19,14,2.2,85,7.75,1017,64.875,19,12,14,119,116,116,0,1,8.9,météo correcte
2015-09-19,19,11,11,11,18,13,1.7,84,7.375,1021,65.375,19,12,13,119,116,116,0,1,8.9,météo défavorable
2015-09-20,20,9,9,10,19,13,0.9,85,7.5,1021,57.75,20,11,13,119,116,113,0,1,8.8,météo correcte
2015-09-21,18,8,5,8,16,11,0,84,7.75,1022,28.25,19,9,11,143,113,113,0,1,11.6,météo favorable
2015-09-22,18,11,26,13,18,13,2.5,89,10,1013,61.625,18,11,11,116,353,122,0,1,7.4,météo correcte
2015-09-23,14,7,18,8,13,9,0.7,89,8.875,1020,55.125,14,9,8,143,119,116,0,1,8.8,météo correcte
2015-09-24,18,7,14,7,17,12,0,78,10,1022,15.5,18,8,11,113,113,113,0,1,11.6,météo favorable
2015-09-25,18,8,20,8,18,14,0,83,9,1022,23,18,11,13,143,113,116,0,1,11.6,météo favorable
2015-09-26,18,8,17,8,17,14,0,79,10,1022,30.375,18,11,12,116,113,119,0,1,10.2,météo favorable
2015-09-27,19,8,14,8,17,14,0,79,9,1026,25.75,19,11,12,143,116,113,0,1,10.2,météo favorable
2015-09-28,18,6,23,6,17,13,0,70,10,1028,3.125,18,7,10,113,113,113,0,1,11.6,météo favorable
2015-09-29,17,6,15,6,16,11,0,75,10,1026,7.625,17,8,10,113,113,113,0,1,11.6,météo correcte
2015-09-30,17,6,16,6,17,12,0,77,10,1026,2.75,17,8,10,113,113,113,0,1,11.6,météo correcte
2015-10-01,16,4,9,4,14,10,0,80,9,1023,14,16,7,9,143,113,113,0,1,11.6,météo correcte
2015-10-02,17,6,6,6,16,12,0.3,72,9.375,1023,42.5,17,8,12,116,116,122,0,1,10.2,météo correcte
2015-10-03,15,8,15,8,15,12,7.3,97,8.25,1018,51,15,12,11,113,122,248,0,1,7.3,météo correcte
2015-10-04,17,7,15,7,16,13,0.4,73,9.375,1021,30.75,17,8,12,113,113,116,0,1,10.2,météo correcte
2015-10-05,21,11,23,11,20,16,1.6,90,9.875,1017,48.875,21,16,16,113,116,119,0,1,8.7,météo favorable
2015-10-06,20,14,14,14,18,15,10.9,89,9,1012,55.25,20,15,16,119,116,200,0,1,10.2,météo correcte
2015-10-07,16,10,21,10,16,11,0.1,86,10,1020,46.25,16,12,11,116,122,116,0,1,10.2,météo correcte
2015-10-08,16,7,13,7,16,12,0.1,80,10,1021,52.5,16,9,11,119,116,119,0,1,10.2,météo correcte
2015-10-09,16,7,12,7,15,11,0,89,7.5,1021,44.625,16,10,10,248,116,113,0,1,11.6,météo correcte
2015-10-10,15,6,14,6,14,10,0,87,7,1017,20.25,16,9,8,143,113,116,0,1,11.5,météo correcte
2015-10-11,15,7,10,7,14,10,0,87,6.5,1012,60.5,15,9,9,248,119,116,0,1,8.7,météo correcte
2015-10-12,14,5,6,5,12,10,0.1,83,7,1015,48.125,14,9,10,143,122,122,0,1,8.7,météo correcte
2015-10-13,13,6,18,7,13,8,0,78,10,1019,49.5,13,6,6,116,113,119,0,1,7.2,météo correcte
2015-10-14,7,1,18,1,7,5,0.1,79,9,1019,53.5,7,3,2,143,122,119,0,1,4.1,météo très défavorable
2015-10-15,5,0,10,2,5,2,3.4,95,8.75,1020,81.75,5,4,-0,122,122,143,0,1,4.1,météo très défavorable
2015-10-16,8,-1,8,-1,7,1,0,83,8,1021,45.375,8,1,-0,143,122,113,0,1,7.2,météo très défavorable
2015-10-17,11,-0,6,1,10,4,0,83,10,1020,26.25,11,3,3,113,116,116,0,1,8.7,météo très défavorable
2015-10-18,12,2,12,2,12,7,0,85,10,1019,12.375,12,6,4,113,113,113,0,1,8.7,météo très défavorable
2015-10-19,11,2,20,2,10,6,0,78,7,1020,8.875,12,3,3,143,113,113,0,1,8.7,météo très défavorable
2015-10-20,11,2,20,2,10,6,0,88,10,1023,12.125,11,5,4,113,113,113,0,1,8.7,météo très défavorable
2015-10-21,12,3,17,3,12,7,0,86,8.75,1022,51.125,12,6,5,248,116,116,0,1,8.7,météo très défavorable
2015-10-22,9,3,9,5,9,9,0.3,96,7,1023,69.625,9,8,8,116,122,143,0,1,3.9,météo très défavorable
2015-10-23,14,7,13,7,14,14,0,85,6.75,1025,60.75,14,9,10,248,116,116,0,1,8.7,météo correcte
2015-10-24,14,7,10,7,14,10,1.2,91,8.625,1024,67,15,10,10,119,176,116,0,1,3.9,météo défavorable
2015-10-25,16,9,13,10,16,11,1.2,93,8.375,1025,56.375,16,11,9,122,116,113,0,1,7.1,météo correcte
2015-10-26,17,8,21,9,17,11,0,81,6.5,1021,46.375,17,10,10,143,113,116,0,1,8.7,météo correcte
2015-10-27,17,9,16,10,17,12,1.3,75,8.875,1017,51.5,17,9,11,113,116,122,0,1,7.1,météo correcte
2015-10-28,13,9,10,10,13,10,4.9,96,7.625,1016,76,13,10,9,200,122,143,0,1,3.8,météo défavorable
2015-10-29,14,5,9,5,14,9,0,91,7,1022,41.125,14,9,7,143,113,122,0,1,8.7,météo correcte
2015-10-30,15,5,10,5,14,9,0,85,7,1023,13.375,15,9,8,143,113,113,0,1,8.7,météo correcte
2015-10-31,16,5,10,5,16,10,0,84,10,1027,2.375,17,11,10,113,113,113,0,1,8.7,météo correcte
2015-11-01,15,5,5,5,15,8,0,90,10,1031,0,16,11,8,113,113,113,0,1,8.7,météo correcte
2015-11-02,15,6,15,6,15,9,0,70,10,1029,2.125,15,7,7,113,113,113,0,1,8.7,météo correcte
2015-11-03,14,7,14,7,11,9,0.5,84,9,1023,53.25,14,8,8,116,119,113,0,1,5.4,météo correcte
2015-11-04,15,10,16,11,15,11,0.2,85,10,1022,51.5,15,11,10,119,116,119,0,1,7,météo correcte
2015-11-05,16,7,9,7,16,12,0,86,10,1022,10.875,17,11,12,113,113,113,0,1,8.7,météo correcte
2015-11-06,18,10,7,10,18,12,0,90,10,1027,39.375,18,14,12,116,116,116,0,1,7,météo favorable
2015-11-07,19,10,11,10,19,13,0,79,10,1029,18.75,19,12,13,116,113,113,0,1,8.7,météo favorable
2015-11-08,19,10,15,10,19,13,0,77,10,1030,7.5,19,10,12,113,113,113,0,1,8.7,météo favorable
2015-11-09,19,10,10,10,19,13,0,91,9,1033,20.75,19,12,12,116,116,116,0,1,8.7,météo favorable
2015-11-10,15,7,6,7,15,8,0,86,6.75,1033,23.125,15,9,8,248,113,113,0,1,8.7,météo correcte
2015-11-11,12,4,6,4,12,7,0,90,9,1029,3.875,13,8,6,143,113,113,0,1,8.7,météo très défavorable
2015-11-12,12,4,6,4,11,7,0,87,7,1029,25.875,12,7,6,143,119,113,0,1,5.3,météo très défavorable
2015-11-13,13,7,10,7,13,11,0.1,88,10,1033,57.875,13,9,11,116,119,119,0,1,3.6,météo correcte
2015-11-14,12,6,8,6,12,6,0,89,7.5,1035,48.375,12,9,6,248,113,116,0,1,8.7,météo défavorable
2015-11-15,14,6,8,6,14,9,0,61,10,1030,16,15,7,9,113,113,113,0,1,8.7,météo correcte
2015-11-16,14,6,11,8,14,8,0,86,10,1023,18.625,14,7,6,113,116,113,0,1,8.7,météo correcte
2015-11-17,13,7,15,7,12,12,0.8,84,8,1023,68.5,13,10,9,116,122,122,0,1,3.6,météo défavorable
2015-11-18,15,11,10,12,15,11,0.3,88,8,1026,54,15,11,10,143,116,113,0,1,8.7,météo correcte
2015-11-19,16,11,17,11,16,13,0.9,82,10,1027,77.75,16,11,11,116,122,122,0,1,5.3,météo défavorable
2015-11-20,15,11,33,13,15,14,14.2,81,8.25,1024,95.5,15,12,12,122,122,122,0,1,3.6,météo défavorable
2015-11-21,9,3,28,6,6,3,4.1,82,9.625,1007,67.875,9,8,-1,116,122,116,0,1,5.3,météo très défavorable
2015-11-22,4,1,15,2,4,1,2.1,91,8.5,1018,89.375,4,1,-2,122,122,122,1,1,5.3,météo très défavorable
2015-11-23,4,-1,15,-1,4,-1,0,88,9.875,1027,39.5,4,0,-4,119,116,113,0,1,5.3,météo très défavorable
2015-11-24,3,-2,15,-2,3,2,0.4,78,8,1028,49.25,3,0,-2,143,116,122,0,1,7,météo très défavorable
2015-11-25,5,2,11,3,5,4,8.4,97,7.25,1018,93.5,5,5,1,122,143,248,0,1,3.5,météo très défavorable
2015-11-26,6,1,18,2,6,3,1.1,95,7.75,1021,83.5,6,3,-1,143,122,116,0,1,3.4,météo très défavorable
2015-11-27,4,-1,13,-1,4,-0,0,91,9,1021,31.375,4,0,-2,143,113,113,0,1,8.7,météo très défavorable
2015-11-28,6,1,10,2,6,3,0.9,90,8,1028,80.5,6,2,1,122,122,122,0,1,5.1,météo très défavorable
2015-11-29,7,2,19,3,6,7,2.1,89,7.875,1032,93.5,7,5,1,122,122,122,0,1,3.2,météo très défavorable
2015-11-30,11,7,12,7,11,9,0.7,84,10,1034,86.125,11,7,6,119,122,119,0,1,3.2,météo défavorable
2015-12-01,11,4,6,8,11,5,0.1,90,10,1034,61.375,11,7,6,122,122,113,0,1,5,météo très défavorable
2015-12-02,8,2,3,2,8,3,0,87,9,1031,15,9,5,3,143,113,122,0,1,8.5,météo très défavorable
2015-12-03,9,1,8,1,9,8,0,77,10,1031,8.5,9,1,5,113,113,113,0,1,8.5,météo très défavorable
2015-12-04,9,3,10,3,9,7,0.3,89,9,1035,55.125,9,6,4,116,116,122,0,1,6.9,météo très défavorable
2015-12-05,9,2,13,2,9,5,0,92,7,1036,23.625,9,6,3,143,116,113,0,1,8.5,météo très défavorable
2015-12-06,13,5,19,5,13,9,0,90,10,1031,4,13,8,5,113,113,113,0,1,8.5,météo correcte
2015-12-07,12,5,12,5,12,8,0,88,9,1033,11.75,12,7,6,143,113,113,0,1,8.5,météo très défavorable
2015-12-08,12,5,17,5,12,9,2.4,87,9.875,1033,43.5,12,8,5,113,116,122,0,1,6.9,météo très défavorable
2015-12-09,9,4,11,6,8,4,0.6,93,7,1040,50.5,9,8,2,143,113,116,0,1,8.4,météo très défavorable
2015-12-10,6,3,12,3,6,3,0,91,6.5,1039,77.125,6,3,0,143,116,122,0,1,6.9,météo très défavorable
2015-12-11,9,2,7,2,9,7,0,80,10,1034,34.25,9,4,4,113,113,122,0,1,8.4,météo très défavorable
2015-12-12,10,3,6,4,10,4,0,89,10,1032,25.125,10,5,3,116,113,113,0,1,8.4,météo très défavorable
2015-12-13,7,2,5,2,7,2,0,87,10,1024,31,7,2,3,116,116,116,0,1,8.4,météo très défavorable
2015-12-14,10,2,17,3,10,6,0,92,10,1024,17.875,10,7,3,113,113,113,0,1,8.4,météo très défavorable
2015-12-15,11,5,17,5,11,8,1.4,90,9.875,1027,48.5,11,8,4,116,116,122,0,1,8.4,météo très défavorable
2015-12-16,13,8,12,8,13,11,0,85,10,1031,72,13,9,8,119,122,119,0,1,3.1,météo défavorable
2015-12-17,12,8,12,8,12,8,0,86,10,1031,23.375,12,7,6,113,113,116,0,1,8.4,météo défavorable
2015-12-18,4,1,13,1,4,2,1.8,93,6.625,1021,65.625,4,2,-1,122,119,119,0,1,3.1,météo très défavorable
2015-12-19,4,2,11,2,4,2,2.7,94,6,1021,75.5,4,2,0,122,119,122,0,1,3.1,météo très défavorable
2015-12-20,5,1,11,2,5,4,2,94,6.125,1025,75.75,5,3,0,122,122,122,0,1,3.1,météo très défavorable
2015-12-21,11,7,10,10,11,8,5.4,95,7.75,1033,52.25,11,9,6,143,116,113,0,1,8.4,météo défavorable
2015-12-22,12,6,17,6,12,9,0,92,10,1033,10.375,12,8,5,113,113,113,0,1,8.4,météo défavorable
2015-12-23,10,7,11,8,10,8,1,92,9.875,1032,50.25,10,8,7,113,122,119,0,1,3.1,météo défavorable
2015-12-24,14,7,30,7,14,10,0,89,10,1030,43.125,14,9,6,122,113,116,0,1,8.4,météo correcte
2015-12-25,12,6,12,6,12,8,0,93,10,1033,5.25,12,8,6,113,113,113,0,1,8.4,météo défavorable
2015-12-26,11,5,14,5,11,7,0,92,9,1034,8,11,7,5,143,113,113,0,1,8.7,météo très défavorable
2015-12-27,11,5,11,5,11,7,0,90,10,1032,22.375,11,7,4,113,116,116,0,1,8.7,météo très défavorable
2015-12-28,3,1,12,1,3,1,1.8,84,8.25,1023,57,3,0,-2,116,119,119,0,1,8.7,météo très défavorable
2015-12-29,8,1,8,3,8,5,1.1,95,7.5,1032,57,9,7,3,311,122,143,0,1,5.1,météo très défavorable
2015-12-30,7,2,18,2,7,5,0,94,9,1031,16,7,4,1,143,116,113,0,1,6.9,météo très défavorable
2015-12-31,8,6,14,7,8,7,4.2,94,7.625,1026,72.625,8,7,5,122,119,122,0,1,3.3,météo très défavorable
2016-01-01,8,2,10,2,8,5,0,95,7,1027,34.5,8,6,3,143,116,143,0,1,8.7,météo très défavorable
2016-01-02,8,5,11,6,8,5,7,97,8.5,1017,75,8,6,3,143,119,113,0,1,3.3,météo très défavorable
2016-01-03,8,3,24,3,8,5,4.3,87,9.5,1017,71.5,8,3,1,116,122,122,0,1,5.1,météo très défavorable
2016-01-04,5,2,10,2,5,2,4.3,82,8.5,1022,62.25,5,4,-1,119,116,116,0,1,5.1,météo très défavorable
2016-01-05,9,2,17,4,9,5,3.1,85,9.375,1017,71.25,9,3,2,116,122,200,0,1,5.1,météo très défavorable
2016-01-06,7,3,18,3,5,5,2.8,91,8.5,1005,72.625,7,4,1,116,122,200,0,1,5.1,météo très défavorable
2016-01-07,11,4,36,4,9,7,9.8,94,8.5,1008,78.375,11,9,-1,122,200,143,0,1,5.1,météo très défavorable
2016-01-08,9,6,14,6,7,9,3.9,90,8.75,1010,91.875,9,8,5,119,122,122,0,1,3.3,météo défavorable
2016-01-09,11,7,12,8,11,7,8.5,98,6.125,1005,69.125,11,9,5,248,119,143,0,1,5.1,météo défavorable
2016-01-10,9,7,21,7,8,7,5.5,93,8.625,1002,89.25,9,7,4,119,122,122,0,1,3.3,météo défavorable
2016-01-11,10,6,36,8,10,6,5.9,83,8.5,1002,53.5,10,6,2,116,119,176,0,1,6.9,météo défavorable
2016-01-12,9,3,27,6,9,5,1.9,81,9.875,1016,47.375,9,3,1,116,122,116,0,1,6.9,météo très défavorable
2016-01-13,6,1,13,1,6,2,0.2,83,10,1026,27.5,6,1,-1,116,116,116,0,1,8.7,météo très défavorable
2016-01-14,5,1,15,1,4,3,2.3,93,9.75,1020,64.75,5,3,-2,122,116,122,0,1,5.1,météo très défavorable
2016-01-15,4,-1,16,-1,4,1,1.1,89,7.625,1023,61.375,4,0,-3,143,116,122,0.9,1,6.9,météo très défavorable
2016-01-16,2,-1,17,0,2,-0,1.7,89,7.375,1029,92,2,0,-4,122,122,122,0.8,1,5.2,météo très défavorable
2016-01-17,3,-3,12,-0,3,-1,0.8,94,7,1030,73.5,3,0,-5,122,122,116,0.7,1,3.4,météo très défavorable
2016-01-18,2,-3,16,-3,1,1,1.3,87,8.875,1024,73.375,2,0,-6,116,122,122,0.5,1,3.4,météo très défavorable
2016-01-19,3,0,12,1,3,2,1.6,93,7.875,1016,99.75,3,2,-1,122,122,122,0,1,3.4,météo très défavorable
2016-01-20,4,-0,10,2,4,1,1.2,93,7.875,1021,95.75,4,2,-2,143,122,122,0,1,3.4,météo très défavorable
2016-01-21,3,-3,10,-3,3,-2,0,80,10,1026,11.375,3,0,-5,113,113,113,0,1,8.7,météo très défavorable
2016-01-22,6,-2,13,-2,6,4,3.3,85,9.625,1030,34.75,6,3,-2,113,113,122,0,1,6.9,météo très défavorable
2016-01-23,7,2,8,3,7,3,0.3,97,4.75,1037,77.875,7,5,1,143,119,143,0,1,5.2,météo très défavorable
2016-01-24,8,1,9,1,8,2,0,80,9,1036,17.625,8,3,1,116,113,113,0,1,8.7,météo très défavorable
2016-01-25,11,2,15,2,10,6,0,90,10,1032,4.875,11,6,1,113,113,113,0,1,8.7,météo très défavorable
2016-01-26,13,4,11,4,12,8,0,84,10,1032,11.125,13,8,5,113,113,113,0,1,8.7,météo correcte
2016-01-27,12,5,14,5,11,8,0,89,10,1030,28.875,12,7,5,113,113,122,0,1,7,météo très défavorable
2016-01-28,12,6,11,6,12,9,0.7,90,9.375,1029,47,13,9,7,116,113,122,0,1,7,météo défavorable
2016-01-29,9,5,7,6,9,7,0.8,91,7.625,1034,73.125,9,8,6,143,122,116,0,1,3.5,météo très défavorable
2016-01-30,10,3,27,3,10,8,3.2,82,9.625,1032,54.375,10,6,2,113,119,122,0,1,5.2,météo très défavorable
2016-01-31,11,8,23,9,10,11,13.4,94,7.875,1025,99.375,11,10,6,122,122,122,0,1,3.5,météo défavorable
2016-02-01,12,9,17,10,12,9,0.2,89,9,1032,81.125,12,10,9,119,119,119,0,1,3.5,météo défavorable
2016-02-02,12,8,9,8,12,10,0.1,84,10,1030,93.625,12,7,8,122,122,122,0,1,3.5,météo défavorable
2016-02-03,9,3,32,7,8,3,4.1,83,9.5,1032,58.75,9,7,-0,116,116,113,0,1,8.7,météo très défavorable
2016-02-04,7,2,16,3,7,6,5,93,9.5,1036,79.375,7,5,0,119,119,122,0,1,5.3,météo très défavorable
2016-02-05,11,6,7,6,10,6,0.2,92,8,1033,54.125,11,7,5,122,116,113,0,1,7,météo défavorable
2016-02-06,13,4,45,4,13,10,0,79,10,1024,16.125,13,5,4,113,119,113,0,1,7,météo correcte
2016-02-07,10,4,25,10,7,5,15.5,89,9.375,1017,56.125,10,5,2,122,122,116,0,1,5.4,météo très défavorable
2016-02-08,11,4,34,6,11,9,1.6,79,8.75,1017,70,12,6,4,122,119,122,0,1,5.4,météo très défavorable
2016-02-09,10,4,44,9,10,7,10.7,84,9.125,1014,77.875,10,7,2,122,122,113,0,1,3.8,météo très défavorable
2016-02-10,7,1,19,1,7,3,3.4,84,9.875,1010,42.75,7,1,-1,113,116,119,0,1,7.1,météo très défavorable
2016-02-11,6,-0,10,-0,6,3,1,82,9.375,1012,33.75,6,1,0,113,116,116,0,1,7.1,météo très défavorable
2016-02-12,7,0,28,1,4,5,6,90,8.625,1010,74.25,7,5,-2,122,122,200,0,1,5.3,météo très défavorable
2016-02-13,9,4,37,4,8,7,7.6,89,9.375,999,80.375,9,6,0,122,119,119,0,1,5.3,météo très défavorable
2016-02-14,8,5,15,5,7,5,6.2,90,8.5,1000,83.375,8,5,3,143,119,122,0,1,6.9,météo très défavorable
2016-02-15,4,1,29,2,4,2,1,87,7.75,1023,93.875,4,2,-4,122,122,122,0.7,1,5.3,météo très défavorable
2016-02-16,5,0,29,0,4,3,0.1,81,9.375,1029,83.375,5,0,-4,122,122,122,0.1,1,6.9,météo très défavorable
2016-02-17,4,-1,6,-0,3,1,0.2,85,8.375,1026,60.875,4,0,-1,122,119,113,0.2,1,8.5,météo très défavorable
2016-02-18,8,-2,17,0,8,4,0.9,86,8.875,1019,67.5,8,2,0,143,116,122,0,1,5.4,météo très défavorable
2016-02-19,5,0,17,1,4,0,0.5,87,9,1029,62.875,5,1,-2,119,119,113,0.4,1,8.5,météo très défavorable
2016-02-20,7,1,23,2,4,6,1.5,84,8,1029,82.25,7,4,-2,119,122,122,0,1,5.4,météo très défavorable
2016-02-21,15,7,10,7,14,9,0,89,10,1029,55.125,15,9,7,122,116,113,0,1,10,météo correcte
2016-02-22,15,6,8,6,15,10,1.1,90,8.25,1021,47,15,9,9,143,116,122,0,1,10.1,météo correcte
2016-02-23,10,4,21,8,10,5,3.9,91,9.625,1022,84.25,10,7,2,122,122,119,0,1,5.4,météo très défavorable
2016-02-24,9,2,12,2,7,6,0.8,81,9,1023,82.125,9,4,3,122,122,122,0,1,7,météo très défavorable
2016-02-25,6,0,18,6,6,2,3,88,7.625,1017,60.375,6,5,-1,143,119,113,0,1,8.5,météo très défavorable
2016-02-26,6,-1,9,-0,5,1,0,76,10,1017,32.375,6,0,-0,113,116,113,0,1,10.1,météo très défavorable
2016-02-27,10,0,23,0,10,5,0,76,10,1003,13.75,10,1,0,113,113,113,0,1,11,météo très défavorable
2016-02-28,8,0,17,0,6,3,0.5,87,9.375,1009,64.875,8,3,-0,122,116,116,0,1,10.1,météo très défavorable
2016-02-29,6,0,30,0,5,4,0.3,81,10,1023,98.5,6,2,-3,122,122,122,0.1,1,5.5,météo très défavorable
2016-03-01,8,-3,12,-3,7,5,1.5,63,9.875,1026,43.375,8,0,-2,113,113,122,0,1,10.1,météo très défavorable
2016-03-02,9,3,30,4,9,4,6.8,89,9.25,1020,77.25,9,7,0,122,122,113,0,1,7.1,météo très défavorable
2016-03-03,6,-0,31,2,6,1,9.3,92,7.625,1014,74.625,6,3,-1,122,122,116,0,1,7.1,météo très défavorable
2016-03-04,7,1,31,2,6,6,16.3,95,8.875,1013,82.75,8,6,-2,119,122,122,0,1,5.6,météo très défavorable
2016-03-05,8,2,26,2,8,3,17.6,89,7.5,1004,70.75,8,4,-1,143,119,116,0.1,1,8.6,météo très défavorable
2016-03-06,5,-1,20,0,4,1,1.1,86,8.125,1009,68.125,5,1,-2,143,122,116,0.5,1,7.1,météo très défavorable
2016-03-07,6,-1,17,-0,6,0,2.1,88,8.625,1012,77.875,6,1,-3,119,122,122,0.6,1,5.6,météo très défavorable
2016-03-08,5,-2,15,-0,5,0,0.3,87,9.375,1021,69.5,5,0,-1,122,116,116,0.2,1,10.1,météo très défavorable
2016-03-09,5,-2,26,-1,5,2,3.4,89,8.625,1019,56.5,6,1,-2,113,122,122,0,1,7.2,météo très défavorable
2016-03-10,9,0,22,0,8,4,0,88,8,1020,47.125,9,3,0,143,116,113,0,1,11.4,météo très défavorable
2016-03-11,10,-1,24,-1,10,5,0,87,9,1023,13.25,10,3,1,143,113,113,0,1,11.4,météo très défavorable
2016-03-12,8,-0,20,-0,8,7,0.1,77,9,1025,53.875,8,3,2,143,119,122,0,1,7.3,météo très défavorable
2016-03-13,9,0,23,0,7,6,0.1,80,10,1024,54.875,9,3,1,116,122,116,0,1,7.4,météo très défavorable
2016-03-14,11,-0,14,-0,10,6,0,82,7,1025,15.75,11,3,3,143,113,113,0,1,11.6,météo très défavorable
2016-03-15,11,-0,17,0,10,7,0.7,78,9.375,1025,31,11,3,5,113,113,122,0,1,10.2,météo très défavorable
2016-03-16,6,0,26,0,6,3,2.1,91,8.875,1021,65.25,6,2,-0,116,122,122,0,1,7.4,météo très défavorable
2016-03-17,12,-0,15,-0,10,6,0.1,82,10,1025,22.125,12,3,4,113,113,113,0,1,11.6,météo très défavorable
2016-03-18,13,0,12,0,12,6,0,80,10,1023,1.25,13,3,5,113,113,113,0,1,11.6,météo très défavorable
2016-03-19,14,1,15,1,13,8,0,84,10,1019,0.5,14,6,6,113,113,113,0,1,11.6,météo très défavorable
2016-03-20,13,1,6,1,12,7,0,82,8,1019,26.625,13,5,6,143,113,116,0,1,11.6,météo très défavorable
2016-03-21,11,0,19,0,10,7,0,80,9,1018,15.25,11,3,3,116,113,113,0,1,11.6,météo très défavorable
2016-03-22,12,0,29,0,11,8,0,73,10,1016,11.625,12,3,3,113,113,113,0,1,11.6,météo très défavorable
2016-03-23,11,3,37,3,10,7,0.2,73,9.875,1012,33.25,11,3,4,116,119,116,0,1,10.2,météo très défavorable
2016-03-24,11,1,20,1,11,6,0,79,10,1019,26.125,11,3,5,113,113,119,0,1,10.2,météo très défavorable
2016-03-25,9,5,15,5,9,8,1.3,87,7,1022,97.625,9,6,6,122,122,122,0,1,6.3,météo très défavorable
2016-03-26,16,3,15,4,15,10,0,83,9,1022,19.875,16,7,9,113,113,113,0,1,11.6,météo correcte
2016-03-27,12,5,15,7,10,6,4.7,86,9.625,1018,47,12,5,5,122,116,113,0,1,10.3,météo très défavorable
2016-03-28,15,5,29,6,14,11,4.4,83,9.625,1014,58.5,15,8,3,122,119,116,0,1,10.3,météo correcte
2016-03-29,16,5,15,7,15,11,1.8,82,8.25,1016,61.125,16,8,10,143,122,116,0,1,9,météo correcte
2016-03-30,18,9,32,10,18,14,2.1,76,9.75,1015,30.75,18,11,13,119,113,113,0,1,11.6,météo favorable
2016-03-31,18,9,14,9,17,13,5,79,9.5,1011,57.75,18,10,13,122,122,200,0,1,9,météo correcte
2016-04-01,8,4,15,5,7,6,4.2,90,7.625,1019,87,8,5,3,143,122,119,0,1,6.5,météo très défavorable
2016-04-02,15,3,8,4,12,11,0.1,84,7.75,1019,55.375,16,9,8,119,113,116,0,1,10.3,météo correcte
2016-04-03,16,9,26,11,16,12,3.2,94,8.75,1013,79.125,16,11,11,122,122,122,0,1,6.5,météo défavorable
2016-04-04,14,9,17,9,12,12,4.2,88,9.625,1011,75.75,14,10,9,122,122,200,0,1,6.5,météo défavorable
2016-04-05,12,8,10,10,11,10,12.6,97,5.5,1015,95,12,11,9,248,122,143,0,1,6.5,météo défavorable
2016-04-06,15,6,15,6,15,10,0,85,8,1017,32.75,15,7,9,113,116,113,0,1,11.6,météo correcte
2016-04-07,11,5,19,8,11,7,0.6,80,9.875,1016,53,11,7,6,119,119,113,0,1,9.1,météo très défavorable
2016-04-08,11,2,24,3,11,7,0.2,78,9.875,1015,33.125,11,3,4,113,116,116,0,1,11.6,météo très défavorable
2016-04-09,13,3,13,5,12,8,0,66,10,1011,52,13,3,6,116,122,113,0,1,10.3,météo correcte
2016-04-10,17,3,27,6,16,13,0,66,10,1011,18.5,17,7,11,113,113,113,0,1,11.6,météo correcte
2016-04-11,16,8,28,9,15,10,3.2,80,8.875,1011,51,16,8,10,122,116,113,0,1,10.4,météo correcte
2016-04-12,19,7,20,8,19,13,10.5,82,8.375,1015,45.875,19,10,13,113,113,356,0,1,13.3,météo correcte
2016-04-13,15,5,13,6,15,11,0.5,82,8.5,1016,57.75,15,8,10,119,116,116,0,1,12.1,météo correcte
2016-04-14,15,5,13,7,15,11,0.9,83,8.75,1016,64.25,15,8,10,119,116,116,0,1,12.1,météo correcte
2016-04-15,14,5,17,6,14,10,2.1,78,8.875,1018,61,14,6,8,119,116,116,0,1,12.1,météo correcte
2016-04-16,14,5,15,6,14,10,0.9,77,8.375,1019,61.875,14,6,9,119,116,116,0,1,12.1,météo correcte
2016-04-17,15,4,9,6,15,11,1.7,85,9,1019,65.125,16,9,10,116,116,116,0,1,12.2,météo très défavorable
2016-04-18,16,7,15,8,16,11,1,81,8.75,1016,65.625,16,8,10,116,176,116,0,1,11,météo défavorable
2016-04-19,15,5,12,7,15,11,1.1,80,8.625,1016,56.375,15,8,10,116,116,116,0,1,12.2,météo correcte
2016-04-20,15,5,14,7,15,11,1.9,84,9.375,1017,65.5,15,9,10,116,116,116,0,1,12.2,météo très défavorable
2016-04-21,21,8,10,11,20,15,1.4,73,9.875,1022,61,21,11,15,113,122,122,0,1,12.2,météo correcte
2016-04-22,17,10,10,10,17,14,5.7,92,9.5,1021,90.25,17,12,13,122,119,122,0,1,8.7,météo défavorable
2016-04-23,12,7,24,11,12,9,5.9,94,6.5,1015,98.5,12,10,7,143,122,122,0,1,8.8,météo défavorable
2016-04-24,9,3,23,4,9,6,1.3,77,10,1018,53.875,9,3,3,119,116,119,0,1,12.2,météo très défavorable
2016-04-25,10,-1,14,2,9,7,0.3,72,8,1020,56.625,10,2,5,119,119,119,0,1,9.9,météo très défavorable
2016-04-26,11,6,25,7,10,7,2.4,88,9.875,1012,78.625,11,6,5,119,122,116,0,1,9.9,météo défavorable
2016-04-27,10,1,10,2,10,6,0.4,61,10,1016,22.125,10,3,5,113,116,113,0,1,14.1,météo très défavorable
2016-04-28,12,-0,13,5,12,8,0.1,71,10,1018,27.625,12,3,6,116,116,116,0,1,14.2,météo très défavorable
2016-04-29,14,0,8,6,13,10,0,68,10,1020,18.75,14,4,9,113,113,113,0,1,14.2,météo très défavorable
2016-04-30,11,2,12,8,10,7,5.3,93,9.5,1019,69.625,11,6,6,116,122,122,0,1,10,météo très défavorable
2016-05-01,8,4,33,4,7,8,4.5,90,8.5,1025,94.625,8,6,-0,122,122,119,0,1,8.9,météo très défavorable
2016-05-02,17,3,28,5,16,14,0,78,10,1025,27.375,17,10,9,116,113,113,0,1,14.3,météo correcte
2016-05-03,15,7,24,8,14,11,0.6,79,9.875,1028,43.875,15,9,10,116,119,116,0,1,12.3,météo correcte
2016-05-04,17,4,24,6,16,13,0,70,10,1028,4.625,17,8,10,113,113,113,0,1,14.3,météo correcte
2016-05-05,19,4,9,6,18,15,0,62,10,1021,0.375,19,8,14,113,113,113,0,1,14.3,météo favorable
2016-05-06,21,9,29,11,21,16,0,69,10,1016,3.625,24,10,16,113,113,113,0,1,14.4,météo favorable
2016-05-07,21,8,18,12,21,17,0,70,10,1013,11.375,24,11,17,113,113,113,0,1,14.4,météo favorable
2016-05-08,22,11,15,13,21,18,0.3,66,9.375,1011,29.25,24,11,18,116,113,116,0,1,14.4,météo favorable
2016-05-09,20,11,16,13,20,16,5.1,88,9.625,1010,77.375,20,15,16,116,116,122,0,1,12.4,météo défavorable
2016-05-10,22,13,26,14,21,18,6.5,80,7.125,1010,47.75,25,14,17,143,113,113,0,1,13.5,météo favorable
2016-05-11,15,12,7,13,13,14,7.7,96,5.625,1006,76.375,15,13,13,119,143,143,0,1,10.4,météo défavorable
2016-05-12,13,10,15,10,13,13,3.7,94,7.75,1003,100,13,12,9,122,122,122,0,1,9.3,météo défavorable
2016-05-13,16,11,20,11,14,14,12.2,96,8.25,1006,89.75,16,15,9,122,122,119,0,1,9.3,météo défavorable
2016-05-14,14,10,22,11,14,11,1.3,94,8.75,1018,92.25,14,12,10,122,122,119,0,1,9.4,météo défavorable
2016-05-15,12,5,18,7,12,9,0.2,80,10,1024,45.5,12,6,8,113,119,116,0,1,13.5,météo très défavorable
2016-05-16,14,1,14,8,14,11,0.8,87,9.875,1025,32.5,14,9,11,113,119,116,0,1,13.5,météo très défavorable
2016-05-17,17,4,10,9,16,14,0.3,82,7,1022,28.625,17,11,13,143,113,113,0,1,13.5,météo correcte
2016-05-18,18,5,17,11,18,17,1.2,73,10,1017,43,18,12,16,116,353,353,0,1,14.5,météo correcte
2016-05-19,18,8,13,11,18,15,1.2,79,8.75,1017,58.5,18,12,14,116,116,116,0,1,12.5,météo correcte
2016-05-20,18,9,14,11,18,16,1.1,79,8.625,1018,60.625,19,12,15,116,116,116,0,1,12.5,météo correcte
2016-05-21,19,9,14,11,19,17,2.6,79,8.375,1018,58.25,20,13,15,116,176,116,0,1,11.5,météo correcte
2016-05-22,17,10,17,13,17,12,10.8,96,8.25,1016,69.25,17,13,10,116,122,122,0,1,10.5,météo défavorable
2016-05-23,10,7,25,8,10,10,2.5,92,8.75,1021,98.5,10,9,6,122,122,122,0,1,9.7,météo défavorable
2016-05-24,15,6,16,9,14,12,0.5,89,5.625,1021,63,15,10,9,143,116,116,0,1,12.6,météo correcte
2016-05-25,17,4,8,9,15,16,0.4,87,7.375,1015,64.125,17,14,14,119,122,113,0,1,11.7,météo correcte
2016-05-26,14,9,6,14,13,13,0,86,9,1015,15,14,11,13,113,113,113,0,1,14.5,météo correcte
2016-05-27,21,11,7,12,14,21,1.3,79,10,1015,14.625,24,18,12,113,113,113,0,1,14.5,météo favorable
2016-05-28,19,14,6,14,16,19,15.7,90,7.5,1014,32.375,19,17,16,356,356,200,0,1,14.5,météo défavorable
2016-05-29,17,13,15,15,16,15,8.8,95,9.25,1011,73.125,17,15,14,122,119,200,0,1,9.8,météo défavorable
2016-05-30,16,11,22,12,14,13,3.9,94,9.375,1013,94.75,16,13,11,296,122,122,0,1,9.8,météo défavorable
2016-05-31,19,11,13,14,19,17,2.6,84,7.5,1019,58.375,20,14,17,119,116,116,0,1,13.6,météo correcte
2016-06-01,17,11,15,14,16,15,1.3,90,8.125,1019,66.375,17,13,14,176,119,116,0,1,10.8,météo défavorable
2016-06-02,13,11,12,12,13,13,3.8,97,3.625,1016,95.125,13,13,12,263,143,248,0,1,9.8,météo défavorable
2016-06-03,16,10,12,12,16,15,5.8,93,6.25,1014,88.125,16,14,14,248,122,119,0,1,9.9,météo défavorable
2016-06-04,19,9,10,13,18,17,1.1,89,7.5,1016,90.125,19,15,16,122,119,122,0,1,9.9,météo défavorable
2016-06-05,20,13,13,14,19,18,1.5,90,5.75,1019,69,20,16,16,143,119,113,0,1,11.7,météo défavorable
2016-06-06,23,11,5,15,21,21,1.9,85,7.5,1020,51.375,25,18,18,119,119,113,0,1,11.7,météo correcte
2016-06-07,24,13,12,18,24,21,6.7,89,8.25,1023,10,26,19,21,113,113,113,0,1,14.5,météo favorable
2016-06-08,22,14,16,17,22,19,7.1,90,8,1023,22.125,25,18,19,116,113,116,0,1,14.5,météo favorable
2016-06-09,21,12,22,15,21,19,0.2,83,6.75,1020,31,24,16,19,143,113,113,0,1,13.6,météo favorable
2016-06-10,14,12,9,14,14,14,0,92,7.875,1015,35.625,15,13,14,116,116,116,0,1,14.5,météo correcte
2016-06-11,20,12,12,14,19,18,6.7,88,9.625,1014,49.75,20,16,17,122,119,113,0,1,11.7,météo correcte
2016-06-12,19,11,12,14,16,17,4.5,95,8.875,1015,78.125,19,16,13,122,119,119,0,1,10.8,météo défavorable
2016-06-13,17,13,13,15,17,16,7.6,95,8.5,1012,92,17,15,16,119,122,122,0,1,9.9,météo défavorable
2016-06-14,17,12,16,13,17,16,7.4,88,7.625,1007,79,17,14,12,122,122,200,0,1,12.7,météo défavorable
2016-06-15,13,11,14,13,13,12,30.5,93,5.5,1007,38.5,13,12,11,356,356,356,0,1,14.5,météo très défavorable
2016-06-16,21,13,13,16,21,19,3.2,83,7.375,1018,69,22,16,19,119,119,176,0,1,11.8,météo défavorable
2016-06-17,19,9,15,12,18,17,4,85,8.5,1016,50,19,14,16,122,200,200,0,1,13.6,météo correcte
2016-06-18,17,10,15,13,17,16,2.5,89,9.875,1022,66,17,14,14,119,119,116,0,1,10.8,météo défavorable
2016-06-19,17,10,17,12,16,15,2.6,89,7.375,1026,69.25,17,13,14,248,119,113,0,1,11.8,météo défavorable
2016-06-20,19,8,9,13,19,16,1.5,92,7.875,1026,53.875,20,15,16,116,119,122,0,1,11.8,météo correcte
2016-06-21,23,15,7,15,20,23,1.9,93,9.75,1023,76.375,25,20,16,122,119,116,0,1,10.8,météo défavorable
2016-06-22,28,14,6,20,27,26,0.1,83,8,1023,5.625,32,23,24,113,113,113,0,1,14.5,météo favorable
2016-06-23,29,17,19,20,29,26,0,81,10,1021,1.125,32,22,25,113,113,113,0,1,14.5,météo idéale
2016-06-24,28,18,12,20,28,24,6.4,86,9.375,1020,9.75,30,21,24,113,113,113,0,1,14.5,météo favorable
2016-06-25,21,14,17,17,21,18,4.2,89,8.875,1020,53,24,18,18,119,119,113,0,1,11.8,météo correcte
2016-06-26,20,11,18,14,20,18,0.2,81,8,1022,22.375,20,14,18,116,116,113,0,1,14.5,météo favorable
2016-06-27,21,10,14,14,21,19,0.4,86,7,1023,19,24,17,18,113,116,116,0,1,14.5,météo favorable
2016-06-28,23,13,9,16,22,21,1,82,7.5,1022,51.875,25,18,19,119,116,113,0,1,12.7,météo favorable
2016-06-29,24,15,12,17,23,22,5.9,84,8.375,1018,50.5,26,19,19,116,116,200,0,1,12.7,météo favorable
2016-06-30,23,16,9,16,22,21,1.6,84,7.75,1019,59.125,25,18,18,143,119,113,0,1,12.7,météo correcte
2016-07-01,26,12,7,18,24,24,3.3,84,8.5,1020,20.375,27,21,22,113,113,113,0,1,14.5,météo favorable
2016-07-02,18,13,16,17,16,18,1.4,92,8,1023,62.75,18,16,16,143,119,113,0,1,11.7,météo correcte
2016-07-03,20,10,12,13,20,19,0,83,9,1024,20.5,21,16,17,116,116,113,0,1,14.5,météo favorable
2016-07-04,23,11,7,16,22,22,0.1,82,9,1023,28.5,25,18,20,116,116,113,0,1,13.6,météo favorable
2016-07-05,24,14,18,18,24,21,0.5,85,8.75,1021,44.5,26,19,20,200,119,113,0,1,11.7,météo correcte
2016-07-06,23,15,15,17,23,21,0.3,83,6.875,1022,43.375,25,18,19,143,116,113,0,1,13.6,météo favorable
2016-07-07,25,13,12,15,24,23,0,77,9,1022,15.5,26,18,21,113,119,113,0,1,13.6,météo correcte
2016-07-08,27,13,15,20,27,25,2,79,9.75,1022,8.5,29,21,24,113,113,113,0,1,14.5,météo favorable
2016-07-09,27,17,13,19,27,25,0.1,80,8,1023,16.875,29,21,23,116,113,113,0,1,14.5,météo idéale
2016-07-10,31,15,9,21,29,27,0.8,76,8.875,1018,3.75,33,22,26,113,113,113,0,1,14.5,météo idéale
2016-07-11,21,18,12,19,21,21,13.9,89,7.875,1017,63.75,24,19,21,116,122,122,0,1,10.6,météo défavorable
2016-07-12,17,13,12,17,17,16,5.1,91,8.5,1018,75.25,17,16,16,122,122,119,0,1,9.6,météo défavorable
2016-07-13,17,10,19,12,17,14,1.8,79,9.625,1023,34.5,17,11,13,116,200,116,0,1,13.5,météo correcte
2016-07-14,16,7,18,10,16,14,2,81,8.875,1025,37.375,17,11,13,116,119,113,0,1,12.5,météo correcte
2016-07-15,19,8,21,11,19,17,0,77,8,1027,8.25,19,13,16,113,113,113,0,1,14.5,météo favorable
2016-07-16,22,9,21,13,21,19,0,77,10,1027,3.5,25,15,18,113,113,113,0,1,14.5,météo favorable
2016-07-17,26,13,11,16,25,24,0,79,9,1023,2.375,27,20,21,113,113,113,0,1,14.5,météo favorable
2016-07-18,26,14,12,17,25,23,1.2,71,9.125,1020,53.875,26,17,21,116,116,116,0,1,12.5,météo favorable
2016-07-19,26,15,12,17,25,23,1.8,72,9,1016,53.875,26,17,22,116,116,116,0,1,12.5,météo favorable
2016-07-20,25,15,10,18,25,21,2.2,72,8.375,1016,56,25,16,22,116,116,116,0,1,12.5,météo correcte
2016-07-21,24,14,11,17,24,21,1.6,74,8.875,1017,57.25,25,16,21,116,116,116,0,1,12.5,météo correcte
2016-07-22,24,14,13,17,24,21,2.4,72,8,1018,69.625,25,16,21,116,176,176,0,1,10.5,météo défavorable
2016-07-23,24,14,12,17,24,22,0.6,68,8.5,1018,75.125,25,15,21,116,176,176,0,1,10.4,météo défavorable
2016-07-24,25,13,10,16,25,21,1.1,70,8.5,1017,57.625,26,16,21,116,116,116,0,1,12.5,météo correcte
2016-07-25,25,14,10,17,25,22,1,71,9.125,1017,56.375,26,16,22,116,116,116,0,1,12.5,météo correcte
2016-07-26,26,14,9,17,25,22,1.8,72,8.875,1016,56.5,27,17,21,116,116,116,0,1,12.5,météo correcte
2016-07-27,26,16,14,18,26,23,1.1,74,8.875,1016,55.625,27,17,23,116,116,116,0,1,12.5,météo correcte
2016-07-28,24,14,13,18,24,22,0.8,77,9.875,1020,31,26,18,22,116,116,116,0,1,14.5,météo favorable
2016-07-29,27,16,7,19,26,24,0,72,10,1019,35,28,19,22,113,116,113,0,1,14.5,météo favorable
2016-07-30,29,15,10,20,27,25,0,75,10,1016,10,30,20,24,113,113,113,0,1,14.5,météo idéale
2016-07-31,23,15,20,18,22,20,2.2,89,9.5,1019,61.875,25,18,20,200,116,116,0,1,12.4,météo correcte
2016-08-01,24,13,13,16,23,20,0,78,10,1021,14.25,25,16,20,113,113,113,0,1,14.5,météo favorable
2016-08-02,25,13,10,17,24,22,0,72,10,1021,39.75,26,17,21,116,116,116,0,1,14.5,météo favorable
2016-08-03,28,16,7,17,26,23,0,68,10,1021,6.5,29,16,22,113,113,113,0,1,14.5,météo idéale
2016-08-04,23,15,15,18,22,17,3.4,96,8.125,1017,37.75,25,17,17,113,119,143,0,1,11.4,météo correcte
2016-08-05,20,13,18,14,19,17,1.2,84,7.875,1025,49.5,20,14,16,143,116,116,0,1,13.4,météo favorable
2016-08-06,23,11,18,14,22,20,0,77,10,1029,11.125,25,16,19,113,113,113,0,1,14.5,météo favorable
2016-08-07,24,12,17,14,23,20,0,77,10,1029,0.625,26,16,20,113,113,113,0,1,14.5,météo favorable
2016-08-08,26,13,14,19,26,22,0,77,10,1025,10.625,27,18,22,113,113,113,0,1,14.5,météo favorable
2016-08-09,19,12,17,16,19,16,0.4,81,9.875,1023,57.5,19,15,16,119,122,116,0,1,11.1,météo correcte
2016-08-10,19,10,17,12,19,16,0,68,10,1024,44,19,10,16,113,119,119,0,1,12.3,météo correcte
2016-08-11,20,7,13,10,19,16,0,70,10,1026,15.125,20,11,15,113,113,113,0,1,14.2,météo favorable
2016-08-12,24,10,8,14,22,20,0,74,10,1027,22.5,25,15,19,116,113,113,0,1,14.2,météo favorable
2016-08-13,28,12,5,18,27,22,0,71,10,1026,0.75,29,17,22,113,113,113,0,1,14.2,météo favorable
2016-08-14,29,15,6,19,28,23,0.1,57,10,1023,3.75,30,14,23,113,113,113,0,1,14.1,météo idéale
2016-08-15,30,15,8,19,28,23,0,57,10,1021,9.625,29,14,23,113,113,113,0,1,14.1,météo idéale
2016-08-16,30,15,7,18,28,23,0,63,10,1018,7.875,30,16,23,113,113,113,0,1,14.1,météo idéale
2016-08-17,29,16,10,19,28,24,3,56,9.875,1014,11.25,29,16,24,113,113,116,0,1,14,météo favorable
2016-08-18,23,16,14,18,23,19,4,83,10,1013,45.375,25,18,20,119,116,116,0,1,13.4,météo favorable
2016-08-19,26,12,6,16,24,21,0,70,10,1014,21,27,15,21,113,113,119,0,1,13.3,météo favorable
2016-08-20,20,14,7,16,16,18,6.8,95,8.375,1021,56.5,20,16,16,122,143,116,0,1,11,météo correcte
2016-08-21,20,12,14,13,19,16,0.1,73,10,1027,29.25,20,12,16,113,119,113,0,1,13.3,météo correcte
2016-08-22,23,10,16,13,22,19,0,74,10,1028,4.375,25,14,19,113,113,113,0,1,13.9,météo favorable
2016-08-23,28,13,5,16,26,22,0,75,10,1027,0,29,17,22,113,113,113,0,1,13.9,météo favorable
2016-08-24,31,15,8,19,29,23,0,74,10,1022,0,31,18,23,113,113,113,0,1,13.8,météo idéale
2016-08-25,32,17,12,18,31,30,0,48,10,1019,0.125,33,16,25,113,113,113,0,1,13.8,météo idéale
2016-08-26,32,18,8,20,31,23,0,65,10,1019,0.25,32,17,24,113,113,113,0,1,13.8,météo idéale
2016-08-27,32,19,11,20,31,26,0.2,52,10,1019,5.75,33,16,26,113,113,113,0,1,13.7,météo idéale
2016-08-28,28,18,12,19,28,22,0.7,69,9.75,1021,12.125,28,17,22,113,113,113,0,1,13.7,météo idéale
2016-08-29,22,15,15,15,22,19,1.4,71,10,1023,35.875,25,15,19,116,113,116,0,1,13.3,météo favorable
2016-08-30,26,13,18,15,24,25,0,77,7.625,1023,27.75,26,16,17,143,113,116,0,1,13.6,météo favorable
2016-08-31,27,18,6,18,27,24,0,66,10,1022,21.5,28,17,23,113,113,113,0,1,13.2,météo idéale
2016-09-01,27,16,10,18,27,20,0,63,10,1024,27.5,27,14,20,116,113,113,0,1,11.6,météo idéale
2016-09-02,28,14,5,16,27,18,0,78,10,1023,4.875,28,15,19,113,113,113,0,1,11.6,météo favorable
2016-09-03,29,14,5,18,28,19,0,68,10,1021,12.75,29,14,20,113,113,113,0,1,11.6,météo favorable
2016-09-04,27,15,12,18,27,19,0.1,63,10,1021,38.5,26,12,19,116,116,116,0,1,10.3,météo favorable
2016-09-05,19,15,10,17,18,16,0.5,93,8,1024,80.375,19,15,16,122,122,119,0,1,6.5,météo défavorable
2016-09-06,24,15,22,15,23,19,0,71,7,1024,30.75,25,15,19,143,113,113,0,1,11.6,météo favorable
2016-09-07,28,11,13,13,26,22,0,66,10,1020,7.5,28,14,20,116,113,113,0,1,11.6,météo favorable
2016-09-08,28,15,14,15,28,22,0,58,10,1018,14.625,28,15,22,113,113,116,0,1,11.6,météo idéale
2016-09-09,26,13,15,15,25,20,0,70,10,1019,26.625,26,14,20,116,113,113,0,1,11.6,météo favorable
2016-09-10,28,14,8,16,27,20,0,68,10,1018,16.875,28,14,20,113,113,113,0,1,11.6,météo favorable
2016-09-11,28,14,9,15,27,20,0,58,10,1019,24.375,27,12,20,113,116,113,0,1,11.6,météo favorable
2016-09-12,31,15,18,19,30,23,0.1,53,10,1018,44.375,30,15,23,119,116,116,0,1,11.6,météo favorable
2016-09-13,30,17,24,17,29,23,0,52,10,1017,29,29,14,23,116,116,113,0,1,11.6,météo favorable
2016-09-14,27,16,13,17,27,19,3.3,83,10,1013,40.5,27,17,20,113,116,122,0,1,8.9,météo favorable
2016-09-15,22,14,11,15,20,16,6.5,82,8.625,1015,44.625,24,16,16,143,119,113,0,1,10.2,météo correcte
2016-09-16,20,12,9,14,19,14,1,75,9.25,1017,51.75,20,11,13,122,116,116,0,1,11.6,météo favorable
2016-09-17,15,12,18,12,15,12,6.4,93,8.625,1018,100,16,12,11,122,122,122,0,1,6.1,météo défavorable
2016-09-18,14,11,18,11,12,13,6.5,96,6.625,1018,97.375,14,13,10,122,122,143,0,1,6.1,météo défavorable
2016-09-19,19,11,16,11,19,14,0.3,88,7.625,1019,50.875,19,13,14,248,116,116,0,1,11.6,météo favorable
2016-09-20,18,10,16,10,18,13,0.2,88,6.875,1018,35.375,19,12,12,143,113,116,0,1,11.6,météo favorable
2016-09-21,19,10,13,10,18,13,0.2,82,8.875,1020,29.625,19,11,12,143,113,113,0,1,11.6,météo favorable
2016-09-22,20,8,4,9,20,12,0,84,10,1023,7.125,20,11,12,113,113,113,0,1,11.6,météo favorable
2016-09-23,21,9,10,11,21,14,0,79,10,1026,22.75,24,11,14,116,116,113,0,1,11.6,météo favorable
2016-09-24,22,9,8,9,21,15,0,79,9,1026,0.5,24,12,14,143,113,113,0,1,11.6,météo favorable
2016-09-25,23,11,20,11,23,16,1.4,89,9.875,1023,19.125,25,14,16,113,113,116,0,1,11.6,météo favorable
2016-09-26,19,12,12,13,17,15,0.1,86,6.75,1024,81.5,19,12,13,143,119,119,0,1,7.4,météo défavorable
2016-09-27,20,9,12,12,20,13,0,84,10,1029,41.75,20,11,13,122,113,113,0,1,10.2,météo favorable
2016-09-28,22,9,6,9,21,12,0,83,10,1031,8.875,25,12,13,113,113,113,0,1,11.6,météo favorable
2016-09-29,24,12,15,12,24,17,0,58,10,1028,5.625,25,11,17,113,113,113,0,1,11.6,météo favorable
2016-09-30,23,12,16,12,22,18,0.6,70,9.875,1020,17,25,14,18,113,113,113,0,1,11.6,météo favorable
2016-10-01,18,11,9,14,17,12,8.4,94,8.5,1016,64.125,18,14,12,143,122,116,0,1,7.3,météo correcte
2016-10-02,17,7,11,10,16,10,0.2,75,9,1023,25.75,17,10,9,143,116,113,0,1,11.6,météo correcte
2016-10-03,16,6,18,6,16,11,0,86,10,1027,1.125,16,9,9,113,113,113,0,1,11.6,météo correcte
2016-10-04,17,5,17,5,16,12,0,79,10,1027,5.875,17,8,10,113,113,113,0,1,11.6,météo correcte
2016-10-05,16,5,17,5,16,10,0,83,6.75,1024,20.25,16,9,9,248,113,113,0,1,11.6,météo correcte
2016-10-06,13,2,9,2,12,8,0,74,10,1019,50.25,13,4,6,113,122,122,0,1,7.3,météo correcte
2016-10-07,14,2,6,2,13,8,0,80,7.75,1018,40.25,14,5,7,248,116,116,0,1,10.2,météo correcte
2016-10-08,14,4,15,4,13,8,0.1,87,10,1023,24.875,14,7,6,116,116,116,0,1,11.6,météo correcte
2016-10-09,12,3,17,3,12,6,0.1,84,6.5,1025,41,13,6,4,248,116,113,0,1,11.6,météo très défavorable
2016-10-10,11,1,15,1,11,5,0,86,6.5,1025,38,11,3,3,248,113,116,0,1,11.5,météo très défavorable
2016-10-11,12,1,20,1,11,6,0,78,7.75,1020,25.25,12,3,3,248,113,113,0,1,11.5,météo très défavorable
2016-10-12,12,0,9,0,10,6,0,71,9,1017,23,12,2,4,143,116,116,0,1,8.7,météo très défavorable
2016-10-13,8,6,7,6,8,8,9.6,97,6.875,1012,90.25,8,8,5,122,119,248,0,1,4.1,météo très défavorable
2016-10-14,12,9,8,9,12,9,8.4,97,5.25,1007,73.25,12,10,8,248,122,143,0,1,5.6,météo défavorable
2016-10-15,16,8,11,8,15,10,0.1,88,7.75,1018,40.625,16,11,9,116,116,116,0,1,8.7,météo correcte
2016-10-16,18,6,17,6,17,13,0,88,10,1022,46.875,18,13,12,116,122,119,0,1,5.5,météo correcte
2016-10-17,15,10,2,12,15,11,3.4,97,7.75,1025,80.25,15,13,11,143,122,116,0,1,5.5,météo défavorable
2016-10-18,12,8,7,8,12,9,0,89,6.5,1026,48.875,12,10,9,248,116,113,0,1,8.7,météo défavorable
2016-10-19,13,7,13,8,13,8,0.3,88,8.375,1025,66,13,8,6,143,116,119,0,1,7.1,météo défavorable
2016-10-20,12,5,14,5,12,6,0.4,95,6.875,1021,68.625,12,7,5,143,116,143,0,1,7.1,météo très défavorable
2016-10-21,12,6,9,7,12,8,0.8,90,7,1018,84.125,12,7,7,143,122,122,0,1,3.9,météo défavorable
2016-10-22,11,2,6,2,10,5,0,83,8,1017,11.375,11,3,3,113,113,113,0,1,8.7,météo très défavorable
2016-10-23,16,4,22,4,16,13,0,77,10,1012,50.875,16,10,9,116,119,116,0,1,5.5,météo correcte
2016-10-24,21,11,25,11,21,14,8.4,95,8.625,1018,56.875,24,15,13,116,116,143,0,1,7.1,météo correcte
2016-10-25,15,11,6,11,14,13,6.2,97,5.625,1024,88.5,15,13,13,143,119,248,0,1,3.8,météo défavorable
2016-10-26,14,8,14,10,14,9,1.2,92,5.375,1030,60,14,11,8,248,116,113,0,1,7.1,météo correcte
2016-10-27,13,5,15,5,13,8,0,92,6.5,1033,34.625,13,8,6,248,113,113,0,1,8.7,météo correcte
2016-10-28,12,3,9,3,11,6,0,91,6,1034,28.75,12,7,4,143,122,113,0,1,7.1,météo très défavorable
2016-10-29,12,3,10,3,11,7,0,93,5.25,1034,46.875,12,7,5,248,113,113,0,1,8.7,météo très défavorable
2016-10-30,12,4,7,4,12,7,0,91,6.25,1028,42.75,12,8,6,248,113,113,0,1,8.7,météo très défavorable
2016-10-31,12,3,3,3,11,5,0,88,7,1025,10.875,12,7,5,143,113,113,0,1,8.7,météo très défavorable
2016-11-01,15,4,10,5,15,8,0,90,10,1024,9.125,16,11,8,113,113,113,0,1,8.7,météo correcte
2016-11-02,12,5,10,5,12,8,0,92,7,1022,36.375,12,8,7,143,116,119,0,1,8.7,météo très défavorable
2016-11-03,9,2,14,2,9,4,0,89,7,1023,16,9,4,2,143,113,113,0,1,8.7,météo très défavorable
2016-11-04,13,1,18,2,13,11,1.3,81,10,1020,40.875,13,9,6,116,113,122,0,1,8.7,météo très défavorable
2016-11-05,12,7,19,10,12,9,8,97,6.625,1010,93,12,11,7,200,122,248,0,1,3.7,météo défavorable
2016-11-06,8,3,12,3,8,4,1.6,92,6.75,1009,60.5,8,6,1,143,116,122,0,1,7,météo très défavorable
2016-11-07,6,-1,9,-1,6,3,1.8,82,8.625,1011,50.5,6,2,0,143,116,119,0,1,8.7,météo très défavorable
2016-11-08,5,0,19,2,5,1,1.1,95,6.875,1016,83.5,5,2,-1,143,122,143,0,1,3.7,météo très défavorable
2016-11-09,6,1,26,2,4,5,7.6,97,9.5,1015,89.875,6,5,-3,122,122,119,0,1,3.7,météo très défavorable
2016-11-10,8,5,15,5,8,7,5.7,96,9.625,1015,100,8,7,4,122,122,122,0,1,3.7,météo très défavorable
2016-11-11,8,4,22,5,7,4,2.4,94,8.875,1025,75,8,8,3,143,122,119,0,1,3.7,météo très défavorable
2016-11-12,6,0,4,0,6,1,0,86,6.75,1025,43.75,6,1,1,143,113,116,0,1,8.7,météo très défavorable
2016-11-13,4,3,6,4,4,4,2.6,93,8.75,1025,96.625,5,3,2,122,122,122,0,1,3.6,météo très défavorable
2016-11-14,5,-0,11,1,5,0,0.1,95,4.75,1033,49.375,5,2,-2,248,116,143,0,1,8.7,météo très défavorable
2016-11-15,7,-1,6,0,7,3,0,83,8,1033,54.625,7,2,3,116,116,122,0,1,7,météo très défavorable
2016-11-16,8,4,9,5,8,7,0.2,95,6,1030,91.25,8,7,5,122,122,143,0,1,3.6,météo très défavorable
2016-11-17,13,5,14,7,13,10,0.5,90,7,1022,72.25,13,9,6,122,116,116,0,1,5.3,météo très défavorable
2016-11-18,12,8,30,10,12,9,8.2,93,9.5,1012,75.125,12,9,7,122,119,119,0,1,5.3,météo défavorable
2016-11-19,9,5,16,6,9,5,0.8,79,10,1015,57.625,9,7,3,119,116,119,0,1,8.7,météo très défavorable
2016-11-20,14,6,34,8,14,11,0,76,10,1008,15.75,14,9,7,113,116,116,0,1,8.7,météo correcte
2016-11-21,14,13,44,13,14,13,4.3,75,7.5,1004,83.625,14,10,10,122,122,116,0,1,5.3,météo défavorable
2016-11-22,10,6,7,6,7,7,33.9,99,4.125,1012,98.25,10,9,6,143,143,248,0,1,3.6,météo très défavorable
2016-11-23,12,5,6,5,12,7,0,92,6.75,1013,29.25,12,9,7,143,113,113,0,1,8.7,météo très défavorable
2016-11-24,11,6,12,7,11,8,2.6,96,5.25,1013,71.75,11,8,7,143,116,143,0,1,7,météo défavorable
2016-11-25,9,5,7,5,9,6,0.2,95,6,1017,69.125,9,8,6,122,119,143,0,1,5.2,météo très défavorable
2016-11-26,11,4,6,5,11,5,0,94,8,1018,28.625,11,7,5,143,113,113,0,1,8.7,météo très défavorable
2016-11-27,8,2,13,2,8,4,0,97,9,1018,36.125,8,6,1,143,113,122,0,1,8.7,météo très défavorable
2016-11-28,6,-0,21,3,6,1,0,85,10,1022,37.375,6,3,-3,119,113,113,0,1,8.6,météo très défavorable
2016-11-29,4,-2,6,-2,4,-0,0,83,10,1032,5.75,4,0,-2,113,113,113,0,1,8.6,météo très défavorable
2016-11-30,7,-1,4,-0,7,-0,0,90,10,1035,0,8,2,-0,113,113,113,0,1,8.5,météo très défavorable
2016-12-01,4,-2,12,-2,4,-1,0,75,10,1033,1.375,4,0,-4,113,113,113,0,1,8.5,météo très défavorable
2016-12-02,3,-2,13,-2,2,-0,0,97,7.5,1026,49.5,3,1,-4,116,116,260,0,1,5,météo très défavorable
2016-12-03,4,-2,5,-1,4,-1,0,93,7,1021,35.375,4,0,-3,143,113,113,0,1,8.5,météo très défavorable
2016-12-04,6,-1,7,-1,6,0,0,89,10,1024,8.375,6,1,-1,113,113,113,0,1,8.5,météo très défavorable
2016-12-05,6,-1,7,-1,6,0,0,86,10,1027,11.625,6,1,0,113,113,113,0,1,8.5,météo très défavorable
2016-12-06,6,-1,6,-1,6,0,0,86,10,1031,8.875,6,0,-2,113,113,113,0,1,8.5,météo très défavorable
2016-12-07,4,-2,7,-2,4,-1,0,82,10,1034,13.375,4,0,-1,116,113,113,0,1,8.4,météo très défavorable
2016-12-08,8,-0,11,1,8,2,0,72,10,1036,14.875,8,0,-1,113,113,116,0,1,8.4,météo très défavorable
2016-12-09,7,-0,5,-0,7,0,0,79,10,1034,12.625,7,0,0,113,116,113,0,1,8.4,météo très défavorable
2016-12-10,8,0,5,0,8,0,0,80,10,1030,7.5,8,0,-0,113,113,113,0,1,8.4,météo très défavorable
2016-12-11,6,0,8,0,6,3,0,96,8,1028,74.875,7,3,1,113,122,143,0,1,5,météo très défavorable
2016-12-12,4,-0,12,0,4,0,0,97,3,1028,82.125,4,2,-2,248,122,248,0,1,5,météo très défavorable
2016-12-13,5,-1,6,-1,5,-0,0,84,6.75,1028,17,5,0,-0,143,113,113,0,1,8.4,météo très défavorable
2016-12-14,8,1,15,1,8,2,0,93,10,1026,8.25,8,4,0,113,113,113,0,1,8.4,météo très défavorable
2016-12-15,8,1,7,1,8,3,0,87,10,1025,24.5,8,4,1,113,116,116,0,1,8.4,météo très défavorable
2016-12-16,7,1,4,2,7,3,0,75,10,1032,38.125,7,1,2,116,116,116,0,1,8.4,météo très défavorable
2016-12-17,6,0,9,1,6,1,0,75,10,1038,16.875,6,0,-2,113,113,113,0,1,8.4,météo très défavorable
2016-12-18,3,-1,10,-1,3,-1,0,93,8,1038,20.125,3,0,-5,143,113,113,0,1,8.4,météo très défavorable
2016-12-19,2,-2,5,-1,2,0,2,90,6.5,1030,86.125,2,0,0,143,116,122,0,1,5,météo très défavorable
2016-12-20,4,1,6,1,4,2,2.7,98,4.375,1025,90.25,4,3,-0,248,119,248,0,1,3.1,météo très défavorable
2016-12-21,4,-1,4,-1,4,-1,0,98,3.75,1031,52.125,4,2,-1,260,116,260,0,1,6.8,météo très défavorable
2016-12-22,6,-0,8,0,6,3,0.1,85,8,1035,28.375,6,1,-0,113,113,119,0,1,8.4,météo très défavorable
2016-12-23,6,3,6,3,6,3,0.1,96,6,1036,73.5,6,4,1,143,119,143,0,1,5,météo très défavorable
2016-12-24,7,3,12,5,7,6,0.6,95,6,1036,89.25,7,6,2,122,122,143,0,1,3.1,météo très défavorable
2016-12-25,8,2,8,2,8,5,0,96,3.5,1037,74.5,8,6,5,143,119,143,0,1,3.1,météo très défavorable
2016-12-26,8,3,6,4,8,6,0.1,94,4.5,1037,90.75,8,6,5,143,119,122,0,1,3.3,météo très défavorable
2016-12-27,5,0,16,1,4,1,0,87,10,1043,18,5,5,-3,113,113,113,0,1,8.7,météo très défavorable
2016-12-28,4,-1,7,-1,4,-1,0,91,10,1042,1.625,4,0,-3,113,113,113,0,1,8.7,météo très défavorable
2016-12-29,2,-3,4,-2,2,-3,0,75,10,1038,4.5,3,0,-2,113,113,113,0,1,8.7,météo très défavorable
2016-12-30,2,-3,4,-3,2,-3,0,53,10,1038,2,3,0,-3,113,113,113,0,1,8.7,météo très défavorable
2016-12-31,3,-4,1,-4,3,-3,0,62,10,1037,0,4,0,-2,113,113,113,0,1,8.7,météo très défavorable
2017-01-01,4,-3,6,-3,4,-2,0,90,10,1029,0.625,4,0,-3,113,113,113,0,1,8.7,météo très défavorable
2017-01-02,2,-3,8,-3,2,-3,0,90,10,1027,33.25,2,0,-6,122,116,116,0,1,8.7,météo très défavorable
2017-01-03,1,-4,17,-3,1,-3,0,85,10,1030,38.875,1,0,-7,119,113,113,0,1,8.7,météo très défavorable
2017-01-04,0,-4,8,-4,0,-0,0.7,89,8.375,1030,61.5,0,0,-5,116,122,122,0.6,1,5.1,météo très défavorable
2017-01-05,2,-2,13,-1,2,-1,1.3,93,6.375,1035,75.5,2,0,-5,260,119,119,1.1,1,3.3,météo très défavorable
2017-01-06,-1,-5,19,-5,-1,-4,0,69,10,1037,14.875,0,0,-10,113,113,113,0,1,8.7,météo très défavorable
2017-01-07,-1,-7,8,-7,-3,-4,0,50,10,1037,27.25,0,0,-10,113,116,116,0,1,8.7,météo très défavorable
2017-01-08,1,-2,15,-2,0,-1,0.2,97,8.75,1034,90.125,1,0,-5,122,119,260,0,1,5.1,météo très défavorable
2017-01-09,2,-1,6,-1,2,-1,0.2,89,8.875,1032,85.25,2,0,-3,119,119,122,0,1,5.1,météo très défavorable
2017-01-10,2,-0,9,0,2,0,5.2,98,5.125,1020,98.25,3,2,-2,122,248,248,0,1,3.3,météo très défavorable
2017-01-11,3,-0,16,1,2,2,1.1,93,5.75,1021,99.625,3,2,-2,143,122,122,0.3,1,3.4,météo très défavorable
2017-01-12,7,3,23,3,6,5,2.8,96,4.375,1022,99,7,6,1,248,122,122,0,1,3.4,météo très défavorable
2017-01-13,5,-0,23,0,3,-0,1.3,88,8.5,1016,74,5,4,-5,116,122,119,0.8,1,5.1,météo très défavorable
2017-01-14,2,-0,22,-0,2,-0,3.8,93,6.625,1023,81.625,2,0,-5,122,116,122,3.2,1,6.9,météo très défavorable
2017-01-15,1,-3,10,-2,1,-2,0.3,94,6.375,1025,89,1,0,-5,143,122,122,0.2,1,3.4,météo très défavorable
2017-01-16,1,-4,23,-2,1,-3,0.1,87,9,1025,30.5,1,0,-9,143,116,113,0,1,8.7,météo très défavorable
2017-01-17,-1,-4,37,-4,-1,-3,0,68,9,1028,27.25,0,0,-11,113,113,122,0,1,8.7,météo très défavorable
2017-01-18,-1,-5,18,-5,-1,-4,0,83,10,1030,55.375,0,0,-11,116,116,122,0,1,8.7,météo très défavorable
2017-01-19,-1,-7,9,-7,-2,-5,0,84,10,1032,31.375,0,0,-8,119,113,113,0,1,6.9,météo très défavorable
2017-01-20,-0,-8,5,-8,-0,-4,0,74,10,1032,6.25,1,0,-5,113,113,113,0,1,8.7,météo très défavorable
2017-01-21,1,-5,7,-5,1,-3,0,68,10,1030,12.375,2,0,-6,113,113,113,0,1,8.7,météo très défavorable
2017-01-22,1,-5,4,-5,-0,-2,0,63,10,1027,67.875,1,0,-4,113,116,122,0,1,6.9,météo très défavorable
2017-01-23,-0,-5,13,-4,-1,-4,0,65,10,1025,38,0,0,-9,119,113,113,0,1,8.7,météo très défavorable
2017-01-24,-1,-7,15,-7,-3,-4,0,78,10,1028,23,0,0,-10,113,113,119,0,1,8.7,météo très défavorable
2017-01-25,-2,-6,8,-6,-3,-5,0,82,10,1027,43.75,0,0,-9,122,113,113,0.1,1,7,météo très défavorable
2017-01-26,1,-8,5,-8,-0,-3,0.1,66,10,1027,13.875,1,0,-5,113,113,116,0,1,8.7,météo très défavorable
2017-01-27,6,-2,12,-2,6,3,0,80,10,1019,67.125,6,2,-2,116,122,122,0,1,5.2,météo très défavorable
2017-01-28,5,1,6,1,5,2,2.1,91,7.875,1023,98.25,5,2,1,122,122,122,0,1,3.5,météo très défavorable
2017-01-29,8,2,9,2,8,2,0.2,93,7.375,1025,64.75,8,4,-0,122,116,116,0,1,7,météo très défavorable
2017-01-30,5,2,17,3,5,5,7.4,97,9.375,1022,84.625,6,5,0,116,122,122,0,1,3.5,météo très défavorable
2017-01-31,10,5,15,5,9,7,1.7,95,5.875,1018,93.5,10,8,4,143,116,143,0,1,3.5,météo très défavorable
2017-02-01,13,5,16,5,12,8,0,94,7,1017,37.75,13,9,5,143,113,119,0,1,8.7,météo correcte
2017-02-02,13,5,26,5,13,10,2.2,84,9.875,1016,36.125,13,8,5,113,116,122,0,1,8.7,météo correcte
2017-02-03,9,4,25,5,9,6,11.1,87,9.25,1012,58.25,9,8,3,116,116,119,0,1,7,météo très défavorable
2017-02-04,9,3,34,5,9,4,2.1,90,9.125,1010,47.625,9,5,2,122,119,113,0,1,7,météo très défavorable
2017-02-05,8,4,13,5,7,4,5,96,8.5,1008,86.75,8,6,2,122,122,143,0,1,3.7,météo très défavorable
2017-02-06,6,3,23,4,6,4,1.3,94,6,1021,95.75,6,4,-0,122,122,143,0,1,3.7,météo très défavorable
2017-02-07,5,2,9,2,5,5,2.9,96,4.875,1021,94.625,5,5,1,122,122,143,0,1,3.7,météo très défavorable
2017-02-08,6,3,19,3,6,4,0.5,92,6.25,1023,100,6,4,1,248,122,122,0,1,3.8,météo très défavorable
2017-02-09,4,0,15,2,4,1,1.5,95,8.25,1023,94,4,2,-2,122,122,143,0.1,1,3.8,météo très défavorable
2017-02-10,7,-2,11,-1,6,3,0,93,6,1020,55.25,7,4,1,143,119,116,0,1,5.4,météo très défavorable
2017-02-11,7,2,10,3,7,3,1.8,95,6.25,1020,71,7,4,1,116,122,143,0,1,6.8,météo très défavorable
2017-02-12,11,2,12,3,11,6,0.4,88,7.75,1021,58.375,11,6,3,122,116,113,0,1,10.5,météo très défavorable
2017-02-13,10,1,9,1,10,6,0,91,10,1021,49.625,10,6,4,113,113,122,0,1,10,météo très défavorable
2017-02-14,11,3,6,3,10,6,0.4,87,9.375,1031,57.125,12,6,5,122,116,116,0,1,10,météo très défavorable
2017-02-15,14,4,13,4,13,8,0.1,87,10,1035,34.375,14,8,6,113,116,116,0,1,10.6,météo correcte
2017-02-16,13,4,3,4,13,7,0,90,10,1034,48,13,8,8,113,116,122,0,1,6.9,météo correcte
2017-02-17,10,4,9,5,10,7,0.8,94,7.75,1030,65.875,10,8,5,248,122,116,0,1,6.9,météo très défavorable
2017-02-18,9,1,8,1,9,4,0,91,5.75,1028,19.375,10,4,2,248,113,113,0,1,10.7,météo très défavorable
2017-02-19,11,0,9,0,11,5,0,89,9,1027,1.875,11,4,2,113,113,113,0,1,10.7,météo très défavorable
2017-02-20,10,1,8,1,9,7,0.1,92,8,1028,50.125,10,6,5,143,116,119,0,1,8.5,météo très défavorable
2017-02-21,10,7,8,7,10,9,0.7,97,4,1026,95.75,11,9,7,143,122,143,0,1,5.4,météo défavorable
2017-02-22,11,5,12,7,10,6,0,91,6.5,1023,67.875,11,7,6,143,119,116,0,1,8.5,météo très défavorable
2017-02-23,16,4,17,5,15,10,0,88,9,1019,37.25,16,9,7,113,122,113,0,1,10.1,météo correcte
2017-02-24,8,3,18,4,8,4,1.6,87,8.25,1022,69.375,9,7,2,122,119,116,0,1,8.5,météo très défavorable
2017-02-25,8,-1,12,-1,7,1,0,84,7,1023,13.125,8,0,0,143,113,113,0,1,10.9,météo très défavorable
2017-02-26,12,2,8,2,11,5,0,80,10,1021,21.75,12,3,5,116,116,113,0,1,11,météo très défavorable
2017-02-27,14,4,33,4,14,10,1.7,79,10,1016,27,14,7,5,113,116,116,0,1,11,météo correcte
2017-02-28,9,3,35,6,9,5,7.7,83,8.875,1011,56.625,9,7,1,116,200,119,0,1,8.6,météo très défavorable
2017-03-01,7,2,23,4,7,7,4.5,91,8.75,1015,82.375,7,6,3,122,119,122,0,1,5.5,météo très défavorable
2017-03-02,10,4,9,6,10,5,2.1,85,8.875,1021,56.375,10,7,5,143,113,122,0,1,10.1,météo très défavorable
2017-03-03,14,3,35,4,14,10,0,72,10,1017,21,14,8,6,116,113,116,0,1,11.1,météo correcte
2017-03-04,9,5,27,6,9,6,4.6,89,9.75,1005,85.25,9,6,3,116,122,122,0,1,5.6,météo très défavorable
2017-03-05,7,3,28,3,7,7,7.5,92,9.75,1011,67.625,7,5,3,116,122,122,0,1,7.1,météo très défavorable
2017-03-06,10,5,37,5,10,5,11.8,96,7.875,1016,91,11,7,0,122,116,122,0,1,7.1,météo très défavorable
2017-03-07,8,3,21,4,7,4,0.9,91,7.875,1025,76.375,8,4,1,122,119,122,0,1,7.1,météo très défavorable
2017-03-08,7,1,12,2,6,7,0.7,91,8,1026,75.375,7,6,2,116,122,122,0,1,5.7,météo très défavorable
2017-03-09,13,6,14,6,13,9,0.2,93,6,1027,84.875,13,9,8,143,122,119,0,1,5.7,météo défavorable
2017-03-10,14,6,17,7,13,8,0.6,93,5.75,1027,41,14,8,6,248,113,113,0,1,11.4,météo correcte
2017-03-11,15,2,6,2,14,8,0,81,10,1023,5.125,16,6,8,113,113,113,0,1,11.4,météo correcte
2017-03-12,14,7,10,7,13,11,0.8,93,10,1015,59.625,14,11,10,116,122,116,0,1,5.9,météo correcte
2017-03-13,14,8,15,9,14,11,0.2,92,6,1029,56.75,14,10,9,143,119,113,0,1,10.2,météo correcte
2017-03-14,14,5,17,5,14,10,0,92,7.75,1033,45.125,14,9,8,143,116,116,0,1,11.6,météo correcte
2017-03-15,14,3,18,3,13,9,0,94,8.75,1033,18.25,14,9,6,113,113,113,0,1,11.6,météo correcte
2017-03-16,17,4,5,4,16,9,0,87,6.25,1027,39.875,17,10,10,248,113,113,0,1,11.6,météo correcte
2017-03-17,18,7,14,7,18,12,0.6,91,9.875,1021,9.125,18,11,11,113,113,113,0,1,11.6,météo favorable
2017-03-18,9,6,12,6,9,9,5.1,97,5.375,1022,96.375,9,9,6,143,122,248,0,1,6,météo défavorable
2017-03-19,12,8,8,8,12,11,1.2,97,3.75,1021,99.75,12,11,8,143,122,143,0,1,6,météo défavorable
2017-03-20,13,8,8,8,13,10,0.2,92,6.75,1017,70.125,13,9,9,143,119,116,0,1,10.2,météo défavorable
2017-03-21,13,7,13,7,13,8,3.5,95,8.625,1015,87.875,13,8,5,122,122,122,0,1,7.4,météo défavorable
2017-03-22,11,2,5,2,11,7,0.4,78,7.375,1015,59.625,11,5,7,116,113,122,0,1,8.8,météo très défavorable
2017-03-23,14,5,13,5,14,8,4.4,92,6.75,1016,55.875,14,9,6,143,200,122,0,1,8.8,météo correcte
2017-03-24,12,5,15,6,11,9,2.6,95,5.625,1021,83.5,12,10,6,248,122,143,0,1,7.5,météo très défavorable
2017-03-25,14,6,18,6,13,8,0.2,90,6.25,1021,68.75,14,8,6,248,113,119,0,1,9,météo défavorable
2017-03-26,14,5,8,5,13,8,0.3,81,9.375,1021,30.125,15,5,7,116,113,113,0,1,11.6,météo correcte
2017-03-27,16,3,24,5,16,11,0,88,9,1022,4.875,16,10,10,113,113,113,0,1,11.6,météo correcte
2017-03-28,17,6,10,6,17,11,0.2,82,10,1027,9.125,17,8,10,113,113,113,0,1,11.6,météo correcte
2017-03-29,18,6,10,7,17,11,0,87,10,1029,5.875,18,10,11,113,113,113,0,1,11.6,météo favorable
2017-03-30,20,7,15,8,20,14,0,83,9,1027,26.25,20,13,13,143,116,113,0,1,11.6,météo favorable
2017-03-31,19,8,22,8,18,13,0.4,79,10,1022,42,19,9,13,122,113,116,0,1,11.6,météo favorable
2017-04-01,11,7,10,8,11,8,3.7,96,7.625,1017,91.25,11,8,7,122,122,143,0,1,6.5,météo défavorable
2017-04-02,12,6,18,6,11,10,2.7,94,5.875,1022,86,12,9,6,143,122,119,0,1,6.5,météo défavorable
2017-04-03,17,7,17,7,17,12,1.8,92,6.875,1024,24.125,17,12,11,143,116,113,0,1,11.6,météo correcte
2017-04-04,16,7,18,8,16,11,0.5,85,6.75,1023,18,16,9,9,143,113,113,0,1,11.6,météo correcte
2017-04-05,15,5,26,6,14,11,0.1,85,8,1024,29.375,15,9,9,143,113,116,0,1,11.6,météo correcte
2017-04-06,12,5,28,5,12,9,0.1,84,10,1025,44,12,6,4,119,113,113,0,1,10.3,météo très défavorable
2017-04-07,15,3,17,3,14,12,0,91,9,1025,7.75,15,10,8,116,113,113,0,1,11.6,météo correcte
2017-04-08,19,6,8,7,17,13,0,88,8,1023,6,19,11,13,113,113,113,0,1,11.6,météo favorable
2017-04-09,22,7,11,10,21,14,0.4,81,8,1023,3.125,24,12,15,113,113,113,0,1,11.6,météo favorable
2017-04-10,21,10,17,11,21,15,4.4,95,8.5,1023,6,24,15,15,113,113,143,0,1,11.6,météo favorable
2017-04-11,14,8,19,8,14,11,1.4,86,9,1024,20.875,14,9,9,116,113,113,0,1,11.6,météo correcte
2017-04-12,17,4,6,6,16,12,0,85,10,1024,4.75,17,9,11,113,113,113,0,1,13.7,météo correcte
2017-04-13,16,7,13,9,16,13,0,89,10,1019,32.75,16,11,12,116,116,113,0,1,12.1,météo correcte
2017-04-14,16,7,12,9,16,12,0,88,10,1018,51.75,16,10,12,116,122,116,0,1,12.1,météo correcte
2017-04-15,14,7,22,9,14,10,0.3,86,9,1023,67.5,15,10,8,122,122,116,0,1,11,météo défavorable
2017-04-16,13,6,19,8,13,10,0.5,83,7,1024,82.5,13,8,8,143,122,122,0,1,8.6,météo défavorable
2017-04-17,12,3,14,7,12,10,0.6,89,10,1024,58.5,12,8,9,113,122,119,0,1,11,météo très défavorable
2017-04-18,10,2,26,3,10,6,0.1,71,10,1028,21.125,10,5,2,113,113,113,0,1,13.8,météo très défavorable
2017-04-19,9,-0,29,1,9,5,0.1,68,10,1031,9.5,9,0,1,113,113,113,0,1,13.9,météo très défavorable
2017-04-20,10,-1,24,-0,9,6,0,67,10,1033,1.75,10,1,2,113,113,113,0,1,13.9,météo très défavorable
2017-04-21,13,-0,11,1,12,9,0,79,10,1032,2.375,13,5,7,113,113,113,0,1,13.9,météo très défavorable
2017-04-22,16,2,14,7,16,12,0,86,10,1028,11.625,16,10,10,113,113,113,0,1,14,météo correcte
2017-04-23,13,5,21,5,13,10,0,82,8.75,1025,23.75,13,7,7,116,113,113,0,1,14,météo correcte
2017-04-24,20,0,13,5,18,14,1.4,76,8.75,1020,8.5,20,11,11,113,113,113,0,1,14,météo favorable
2017-04-25,12,6,16,10,11,8,13.9,98,7,1012,87.625,12,10,6,122,122,248,0,1,8.8,météo défavorable
2017-04-26,8,2,13,3,7,5,2.4,85,8.625,1016,99.25,8,4,2,122,122,122,0,1,8.8,météo très défavorable
2017-04-27,9,-0,19,2,8,5,0.7,82,9.875,1017,50.25,9,2,2,116,122,113,0,1,13.4,météo très défavorable
2017-04-28,10,-1,17,1,10,6,0.2,82,9.875,1020,20.5,10,4,4,113,116,113,0,1,14.1,météo très défavorable
2017-04-29,14,-1,10,5,13,9,0,79,10,1020,3.375,14,6,9,113,113,113,0,1,14.2,météo très défavorable
2017-04-30,16,4,38,8,16,12,6.5,73,9.625,1014,36,16,8,10,113,116,122,0,1,13.4,météo correcte
2017-05-01,12,4,13,5,12,9,5.1,85,8.75,1019,73.875,12,7,7,119,122,116,0,1,10,météo très défavorable
2017-05-02,11,4,13,6,10,9,4.2,91,9.5,1020,87.875,11,8,6,122,200,122,0,1,8.9,météo très défavorable
2017-05-03,14,3,5,7,13,10,1.8,86,8,1020,77.125,15,8,10,116,122,122,0,1,10,météo très défavorable
2017-05-04,13,5,9,8,12,9,2.8,89,8.25,1019,63,13,9,9,143,119,113,0,1,11.2,météo correcte
2017-05-05,18,2,9,7,16,14,0,75,10,1019,12.75,18,9,13,113,113,113,0,1,14.3,météo favorable
2017-05-06,11,9,19,11,10,11,9.6,96,8.5,1017,74.875,11,10,8,119,122,143,0,1,9,météo défavorable
2017-05-07,13,9,20,10,13,11,1.6,96,7,1021,97.875,13,11,9,143,122,143,0,1,9,météo défavorable
2017-05-08,12,7,17,8,12,9,0.4,87,6.5,1022,85.625,12,8,7,143,119,122,0,1,9,météo défavorable
2017-05-09,15,3,19,6,14,12,0,83,9,1021,16.625,15,9,9,116,113,113,0,1,13.5,météo correcte
2017-05-10,19,2,25,7,19,15,0.5,81,7.625,1011,38.125,19,13,14,116,113,200,0,1,13.5,météo favorable
2017-05-11,14,9,22,11,12,13,3.8,96,7.5,1004,57,14,12,11,113,122,119,0,1,10.3,météo correcte
2017-05-12,18,9,14,11,16,14,1,86,6.875,1010,61.5,18,13,13,122,122,119,0,1,10.4,météo correcte
2017-05-13,17,9,10,12,16,15,2.3,92,8.625,1019,53.75,17,13,15,116,122,200,0,1,11.4,météo correcte
2017-05-14,20,9,8,13,19,16,6.7,86,8.5,1027,33.25,20,14,16,116,113,200,0,1,14.5,météo favorable
2017-05-15,21,7,11,13,20,18,0,83,8,1030,13,21,15,17,113,116,113,0,1,14.5,météo favorable
2017-05-16,23,11,5,13,22,20,0,77,10,1029,16,25,16,19,113,113,113,0,1,14.5,météo favorable
2017-05-17,25,12,18,16,24,21,0,81,10,1024,13.25,26,18,21,113,113,113,0,1,14.5,météo favorable
2017-05-18,23,11,21,15,22,19,0.9,77,9.875,1016,46.25,25,16,18,122,113,113,0,1,13.5,météo favorable
2017-05-19,14,7,14,8,13,12,6.2,89,9.625,1021,69.625,14,9,8,122,119,116,0,1,11.5,météo défavorable
2017-05-20,16,5,7,9,14,13,0.3,81,9.875,1026,31.25,16,10,12,116,116,113,0,1,14.5,météo correcte
2017-05-21,19,6,14,10,18,17,0,82,9,1027,12.875,19,14,15,113,116,113,0,1,14.5,météo favorable
2017-05-22,23,8,16,14,22,20,0.5,77,9,1019,9.875,25,16,19,113,113,113,0,1,14.5,météo favorable
2017-05-23,22,12,18,16,22,20,1.3,91,9.75,1023,38.5,24,19,18,116,113,116,0,1,13.5,météo favorable
2017-05-24,22,14,21,15,22,20,0,85,8,1024,20,25,17,20,119,113,113,0,1,13.5,météo favorable
2017-05-25,24,14,23,15,23,20,0,82,10,1021,4.25,25,17,20,113,113,113,0,1,14.5,météo favorable
2017-05-26,26,11,8,16,25,23,0,80,8,1018,9.875,28,20,21,116,113,113,0,1,14.5,météo favorable
2017-05-27,27,15,12,18,26,24,0,80,10,1019,6.125,28,20,22,113,113,113,0,1,14.5,météo idéale
2017-05-28,27,15,19,18,27,23,0,78,10,1020,6.125,29,19,23,113,113,113,0,1,14.5,météo idéale
2017-05-29,27,14,18,17,26,22,0.1,72,10,1018,41.625,28,17,22,113,119,122,0,1,12.6,météo correcte
2017-05-30,25,13,10,18,25,22,1.6,82,9.875,1019,27.125,26,18,22,116,116,113,0,1,14.5,météo favorable
2017-05-31,24,15,11,17,24,20,3.7,90,6.25,1021,53.375,25,18,20,143,116,113,0,1,13.6,météo favorable
2017-06-01,25,12,4,17,24,22,0.2,79,8,1021,17.125,26,18,21,116,113,113,0,1,14.5,météo favorable
2017-06-02,25,13,11,16,25,23,2.8,82,9.875,1020,14.25,27,20,21,113,113,113,0,1,14.5,météo favorable
2017-06-03,23,15,11,18,23,16,9.2,96,8,1017,58.625,25,18,16,113,122,143,0,1,11.7,météo correcte
2017-06-04,19,12,14,14,18,16,0,79,9,1020,65.875,19,14,15,122,116,119,0,1,11.7,météo défavorable
2017-06-05,21,9,9,13,20,18,0.1,81,10,1017,37.875,21,15,17,119,113,113,0,1,13.6,météo favorable
2017-06-06,17,10,26,13,16,14,10.3,88,8.75,1018,39.375,17,12,12,389,116,116,0,1,12.6,météo correcte
2017-06-07,17,7,14,11,17,16,0.5,81,9.75,1023,24.25,18,13,13,113,116,116,0,1,14.5,météo correcte
2017-06-08,23,7,14,13,21,21,0,83,10,1022,17.5,25,18,17,113,113,113,0,1,14.5,météo favorable
2017-06-09,23,13,8,16,23,20,1,83,9.875,1019,27.625,25,17,20,116,113,116,0,1,14.5,météo favorable
2017-06-10,25,13,8,17,24,22,0,79,8,1021,13.75,26,18,21,113,113,113,0,1,14.5,météo favorable
2017-06-11,29,13,8,19,27,26,0.7,77,10,1020,9,30,22,23,113,113,113,0,1,14.5,météo favorable
2017-06-12,24,18,15,20,24,22,1.4,88,10,1019,71.625,26,21,22,116,122,122,0,1,10.8,météo défavorable
2017-06-13,26,15,10,15,25,24,0.7,83,10,1019,35.125,28,21,21,119,113,113,0,1,13.6,météo favorable
2017-06-14,26,16,9,19,26,24,8,86,8.375,1017,36.875,27,22,24,116,200,113,0,1,14.5,météo correcte
2017-06-15,27,15,13,20,27,25,3.2,84,9.75,1020,8,29,22,25,113,113,113,0,1,14.5,météo favorable
2017-06-16,24,17,19,19,24,21,1,84,7.75,1025,41,25,18,21,143,116,116,0,1,12.7,météo favorable
2017-06-17,23,13,26,15,21,20,0,79,10,1026,8.75,25,17,19,113,113,113,0,1,14.5,météo favorable
2017-06-18,26,15,12,17,26,24,0,78,10,1022,0,28,20,21,113,113,113,0,1,14.5,météo idéale
2017-06-19,30,15,17,20,29,26,0,71,10,1021,5,32,20,25,113,113,113,0,1,14.5,météo idéale
2017-06-20,31,19,10,20,30,28,1.6,71,10,1019,11,33,23,26,113,113,113,0,1,14.5,météo idéale
2017-06-21,32,19,7,23,31,29,0.8,73,9.875,1017,8.5,35,24,28,113,113,113,0,1,14.5,météo favorable
2017-06-22,33,19,10,24,32,29,1,67,10,1018,7,36,22,28,113,113,113,0,1,14.5,météo favorable
2017-06-23,30,19,19,22,30,25,7.8,85,9.125,1021,26.375,33,22,25,113,113,200,0,1,13.6,météo favorable
2017-06-24,25,18,13,19,25,23,2,80,7.875,1022,48.5,26,19,22,143,116,113,0,1,12.7,météo favorable
2017-06-25,24,16,13,17,24,23,0.4,74,9.875,1019,26.875,25,18,21,119,113,113,0,1,13.6,météo idéale
2017-06-26,24,14,6,18,24,22,1.8,81,9.875,1017,32,26,19,22,113,122,116,0,1,13.6,météo correcte
2017-06-27,27,15,14,19,26,24,7.3,76,9.25,1012,38.5,28,19,23,113,116,200,0,1,13.6,météo favorable
2017-06-28,21,14,17,16,21,18,8.9,85,8.375,1005,61.125,21,16,18,116,200,113,0,1,12.7,météo correcte
2017-06-29,18,11,22,14,18,16,7.3,81,9.375,1008,47.5,19,15,16,116,200,113,0,1,12.7,météo correcte
2017-06-30,17,10,24,13,16,15,2.7,91,9.25,1014,57.5,17,14,15,116,200,200,0,1,11.7,météo correcte
2017-07-01,16,11,13,12,13,15,2.5,94,5.75,1021,93.125,16,14,12,122,143,122,0,1,9.9,météo défavorable
2017-07-02,19,13,20,14,19,15,0.8,87,6.75,1026,79.125,19,14,15,143,116,119,0,1,11.7,météo défavorable
2017-07-03,23,13,8,15,22,21,0.2,80,7.75,1026,67.875,25,17,18,122,116,116,0,1,12.7,météo défavorable
2017-07-04,26,13,7,17,25,24,0,74,10,1023,4.5,28,19,22,113,113,113,0,1,14.5,météo favorable
2017-07-05,30,15,15,18,28,25,0.1,67,10,1019,8.375,31,19,24,113,113,113,0,1,14.5,météo idéale
2017-07-06,30,16,15,18,29,26,0,68,10,1019,15.375,31,19,24,113,113,113,0,1,14.5,météo idéale
2017-07-07,31,18,9,21,30,29,0.4,66,10,1020,17.625,33,22,26,113,113,113,0,1,14.5,météo idéale
2017-07-08,32,18,11,25,32,28,3.7,70,9.5,1019,26.375,35,22,28,113,113,200,0,1,14.5,météo favorable
2017-07-09,26,19,12,21,26,22,10.6,84,8.75,1015,42.25,27,20,22,200,116,116,0,1,14.5,météo correcte
2017-07-10,23,16,12,19,23,20,9.9,81,9.375,1016,38.125,25,18,20,116,119,113,0,1,13.6,météo correcte
2017-07-11,24,13,7,17,23,22,1.2,78,9.625,1017,52.5,25,18,21,122,116,116,0,1,12.5,météo favorable
2017-07-12,23,14,24,18,23,21,0.9,80,9.75,1021,34.25,25,18,21,116,116,116,0,1,14.5,météo favorable
2017-07-13,24,14,15,17,24,22,0.5,84,7.75,1022,53.375,26,18,19,122,113,113,0,1,12.5,météo favorable
2017-07-14,23,14,18,16,23,21,0.2,88,9,1022,40.875,25,15,17,122,113,113,0,1,12.5,météo favorable
2017-07-15,23,13,18,16,22,20,0.1,74,10,1024,33.5,25,15,19,122,113,113,0,1,13.5,météo favorable
2017-07-16,26,13,17,16,25,23,0,74,10,1025,12.125,27,18,21,113,113,113,0,1,14.5,météo favorable
2017-07-17,28,15,5,19,28,26,1,71,8.75,1022,14.125,29,21,24,113,113,113,0,1,14.5,météo idéale
2017-07-18,30,16,24,18,29,25,1.5,57,10,1018,6.5,30,16,24,113,113,113,0,1,14.5,météo idéale
2017-07-19,31,17,21,19,30,25,2.5,55,9.875,1015,21.625,30,15,25,113,113,116,0,1,14.5,météo idéale
2017-07-20,25,16,11,17,25,22,6.1,69,9.5,1016,40.625,26,17,22,116,116,113,0,1,14.5,météo favorable
2017-07-21,27,15,7,17,27,20,2.8,88,9.75,1016,38.25,28,18,20,116,200,116,0,1,14.5,météo correcte
2017-07-22,26,15,5,17,26,21,3.6,79,7.125,1017,54,28,18,21,116,116,200,0,1,13.5,météo favorable
2017-07-23,24,14,7,15,22,21,0.1,59,8.75,1020,53.625,25,15,20,116,119,113,0,1,13.5,météo correcte
2017-07-24,22,14,14,15,21,18,3.6,90,8.875,1017,64.5,24,15,16,143,116,119,0,1,12.5,météo correcte
2017-07-25,19,13,13,14,19,17,4.7,91,8,1017,63.625,19,14,15,143,116,113,0,1,12.5,météo correcte
2017-07-26,23,12,10,14,22,20,0.8,82,7.625,1016,62.625,25,14,17,143,116,116,0,1,12.5,météo correcte
2017-07-27,25,15,7,16,22,21,0.9,85,9.875,1016,64.875,26,18,18,119,116,116,0,1,11.4,météo correcte
2017-07-28,26,15,7,16,24,22,0.1,57,9,1019,14.625,26,16,21,113,113,113,0,1,14.5,météo idéale
2017-07-29,30,15,7,18,29,26,2.9,54,9.625,1019,22.25,30,17,25,113,116,116,0,1,14.5,météo favorable
2017-07-30,29,17,10,18,28,23,6.8,76,9.125,1016,19.625,30,19,23,113,200,113,0,1,14.5,météo correcte
2017-07-31,32,17,12,18,28,29,8.6,67,8.625,1017,18.75,31,18,24,143,113,113,0,1,14.5,météo correcte
2017-08-01,30,17,8,20,30,23,1.9,85,9.875,1019,23.25,31,21,23,113,113,200,0,1,14.5,météo idéale
2017-08-02,32,19,9,21,32,28,0.9,74,7.75,1021,42.25,34,20,25,143,113,113,0,1,13.5,météo favorable
2017-08-03,31,20,10,21,31,28,6.9,59,9,1018,18.875,33,19,28,356,113,176,0,1,14.5,météo favorable
2017-08-04,28,19,10,20,28,23,0,64,10,1018,30.75,28,18,23,116,116,116,0,1,14.5,météo favorable
2017-08-05,26,18,12,20,26,22,0.1,63,10,1021,31.625,27,17,22,116,116,113,0,1,14.5,météo favorable
2017-08-06,24,14,14,15,24,20,0,60,10,1023,14.625,25,13,20,113,113,113,0,1,14.5,météo favorable
2017-08-07,28,13,6,14,26,23,0.4,55,9.875,1021,6.5,27,15,22,113,113,113,0,1,14.5,météo favorable
2017-08-08,23,14,8,15,23,19,4.8,90,9.625,1018,38.625,25,15,16,119,176,113,0,1,13.4,météo favorable
2017-08-09,23,12,8,13,23,17,0,66,10,1020,28.375,24,11,17,113,116,116,0,1,14.5,météo favorable
2017-08-10,21,9,6,11,21,16,0.6,70,9.875,1021,31.875,24,10,16,113,119,113,0,1,13.4,météo correcte
2017-08-11,17,10,10,11,16,14,0.4,83,8.375,1023,53.5,18,12,13,122,119,116,0,1,12.3,météo correcte
2017-08-12,24,9,6,11,23,19,0,64,6.75,1023,51.125,25,12,19,143,116,116,0,1,13.4,météo favorable
2017-08-13,25,13,7,15,23,20,0.1,73,10,1023,66.75,26,15,20,122,119,116,0,1,11.1,météo défavorable
2017-08-14,29,14,11,16,28,26,0,62,7.5,1021,42,29,15,23,119,113,113,0,1,13.4,météo favorable
2017-08-15,30,18,11,19,30,20,2.9,88,9.375,1021,33.375,30,18,20,113,113,200,0,1,13.4,météo favorable
2017-08-16,29,16,4,17,27,22,0.8,76,7.625,1022,35.625,29,18,23,143,113,113,0,1,14.1,météo favorable
2017-08-17,30,16,5,18,29,25,0,55,9,1021,28,30,17,24,119,113,113,0,1,13.4,météo idéale
2017-08-18,27,16,14,19,27,18,4.6,93,9.5,1020,29.75,28,17,18,113,113,119,0,1,12.2,météo favorable
2017-08-19,22,13,10,14,22,18,0,69,6.75,1024,25.625,24,15,18,143,113,113,0,1,14,météo favorable
2017-08-20,22,10,12,12,22,18,0,61,10,1026,5.5,24,10,18,113,113,113,0,1,14,météo favorable
2017-08-21,25,11,9,12,24,20,0,64,10,1025,9,25,13,20,113,113,113,0,1,13.9,météo favorable
2017-08-22,29,13,6,15,29,23,0,59,10,1021,4.75,29,14,23,113,113,113,0,1,13.9,météo favorable
2017-08-23,32,16,8,17,31,25,0.5,58,10,1019,4,32,16,25,113,113,113,0,1,13.9,météo idéale
2017-08-24,29,17,10,18,28,24,0.2,61,10,1019,13.875,30,17,25,113,113,113,0,1,13.8,météo idéale
2017-08-25,32,19,14,19,29,23,1.4,59,9.875,1019,4.125,31,16,23,113,113,113,0,1,13.8,météo idéale
2017-08-26,33,19,12,19,31,26,0.3,48,10,1018,9,32,15,26,113,113,113,0,1,13.8,météo idéale
2017-08-27,32,18,6,19,32,26,3.2,55,9.75,1019,26.125,32,17,26,116,113,113,0,1,13.7,météo favorable
2017-08-28,32,19,10,20,31,26,0.1,58,10,1018,22.75,32,18,26,116,113,113,0,1,13.7,météo idéale
2017-08-29,33,18,9,19,32,26,0.2,50,10,1016,5.875,33,16,26,113,113,113,0,1,13.7,météo idéale
2017-08-30,28,18,13,20,28,20,5.8,91,9.5,1014,31.5,29,18,20,113,116,116,0,1,13.6,météo favorable
2017-08-31,18,13,10,15,15,14,36,95,7.5,1022,86.25,19,18,14,143,122,119,0,1,9.5,météo très défavorable
2017-09-01,20,10,11,10,20,15,0.1,65,8,1022,20,20,11,15,113,113,113,0,1,11.6,météo favorable
2017-09-02,16,10,12,10,16,12,1.6,89,8.875,1021,36.625,16,12,12,116,116,113,0,1,10.3,météo correcte
2017-09-03,20,8,5,8,20,15,0,64,7,1021,22,21,10,15,143,113,119,0,1,10.3,météo favorable
2017-09-04,25,10,4,12,25,19,0,63,10,1021,34.625,26,12,19,116,116,116,0,1,11.6,météo favorable
2017-09-05,25,14,7,16,25,20,0.2,78,10,1022,51.125,26,16,20,116,116,116,0,1,9.1,météo favorable
2017-09-06,20,14,12,15,20,15,0.1,69,10,1023,35,20,15,16,116,116,116,0,1,11.6,météo favorable
2017-09-07,19,11,10,12,18,15,0.3,72,9.875,1023,38,19,11,16,116,116,116,0,1,11.6,météo favorable
2017-09-08,21,9,8,11,19,16,0,70,10,1018,44.375,21,10,16,119,116,116,0,1,11.6,météo favorable
2017-09-09,17,10,11,13,16,12,7.7,94,6.625,1007,48,17,13,12,143,116,113,0,1,10.3,météo correcte
2017-09-10,17,8,10,8,17,12,0,84,6.25,1010,51.5,18,9,11,248,116,113,0,1,11.6,météo correcte
2017-09-11,17,10,12,12,17,14,1,77,10,1011,74,17,11,15,122,119,119,0,1,7.7,météo défavorable
2017-09-12,19,11,12,11,18,13,0.6,72,9.875,1020,48.375,19,10,13,119,116,113,0,1,11.6,météo favorable
2017-09-13,23,11,13,11,19,19,0.6,85,9.375,1019,55.75,25,15,12,122,116,116,0,1,10.3,météo correcte
2017-09-14,17,9,17,17,16,12,6.1,93,9.75,1021,29.625,17,14,7,119,113,113,0,1,11.6,météo correcte
2017-09-15,18,7,5,7,18,11,0.1,70,10,1020,29.25,18,7,11,116,116,116,0,1,11.6,météo favorable
2017-09-16,17,8,4,9,15,11,2,80,8.75,1015,51.375,17,9,11,122,116,116,0,1,11.6,météo correcte
2017-09-17,13,8,6,8,13,10,5.2,94,8.75,1018,77.25,13,10,10,119,122,143,0,1,8.9,météo défavorable
2017-09-18,16,7,8,8,16,10,0.2,88,6.5,1021,60.5,16,9,11,143,113,116,0,1,10.2,météo correcte
2017-09-19,14,6,9,7,13,9,2,89,7.875,1024,57.875,14,9,9,143,116,119,0,1,8.9,météo correcte
2017-09-20,17,6,8,6,17,11,0,79,6.25,1025,42.25,17,8,11,248,113,113,0,1,11.6,météo correcte
2017-09-21,20,6,4,6,19,13,0,70,8,1022,6.25,21,8,14,113,113,113,0,1,11.6,météo favorable
2017-09-22,22,9,5,9,22,15,0,68,10,1023,15.125,24,9,15,113,113,113,0,1,11.6,météo favorable
2017-09-23,21,10,5,10,21,15,0,81,10,1023,13.75,24,11,15,113,113,113,0,1,11.6,météo favorable
2017-09-24,23,11,6,11,23,15,0,74,9,1021,18.75,25,11,16,116,113,113,0,1,11.6,météo favorable
2017-09-25,19,10,6,11,19,15,2,89,10,1021,23.5,20,13,15,113,113,116,0,1,11.6,météo favorable
2017-09-26,19,12,5,13,18,14,2.7,97,5,1023,69.5,19,15,14,248,116,143,0,1,10.2,météo défavorable
2017-09-27,22,11,6,12,21,17,0,86,6.25,1024,55,24,13,15,248,116,113,0,1,11.6,météo correcte
2017-09-28,24,12,8,12,23,17,0,65,10,1025,22.625,25,10,17,113,113,116,0,1,11.6,météo favorable
2017-09-29,25,13,7,13,24,18,0,55,10,1024,25,25,9,18,116,113,116,0,1,11.6,météo favorable
2017-09-30,16,10,7,13,14,11,7.3,96,6.375,1023,53.125,16,14,12,122,143,143,0,1,8.8,météo correcte
2017-10-01,17,8,4,8,17,13,0,74,6.75,1023,55.375,17,9,13,143,116,119,0,1,8.8,météo correcte
2017-10-02,19,12,8,12,17,16,1.6,92,8.875,1023,94.125,19,14,12,122,119,122,0,1,5.9,météo défavorable
2017-10-03,16,9,11,15,16,11,2.8,96,8.5,1027,53,16,15,11,143,119,113,0,1,8.7,météo correcte
2017-10-04,18,6,2,6,17,11,0,70,10,1028,28.875,18,7,11,122,116,113,0,1,11.6,météo favorable
2017-10-05,21,7,7,7,20,14,0,60,10,1025,12,21,7,14,113,113,113,0,1,11.6,météo favorable
2017-10-06,13,7,7,12,11,9,0.7,82,10,1027,52.625,13,10,8,353,353,113,0,1,10.2,météo correcte
2017-10-07,15,4,4,4,14,9,0,67,7.5,1028,30.75,16,6,9,248,113,113,0,1,11.6,météo correcte
2017-10-08,14,8,6,8,13,11,0.7,88,9.375,1023,76.625,14,9,10,122,122,116,0,1,5.8,météo défavorable
2017-10-09,17,9,7,9,17,10,0.3,81,6.875,1023,50,17,10,11,143,116,116,0,1,11.6,météo correcte
2017-10-10,18,7,4,7,18,13,0,80,8,1023,39.5,18,10,13,143,116,116,0,1,10.1,météo favorable
2017-10-11,22,8,9,8,20,14,0,72,8,1023,4.5,24,9,15,143,113,113,0,1,11.5,météo favorable
2017-10-12,21,10,4,10,21,14,0,81,10,1028,14.375,24,11,14,113,113,113,0,1,11.5,météo favorable
2017-10-13,21,9,4,9,21,14,0,82,8.75,1028,18,24,11,14,248,113,113,0,1,8.7,météo favorable
2017-10-14,21,8,5,8,20,14,0,76,10,1028,4.625,24,10,15,113,113,113,0,1,8.7,météo favorable
2017-10-15,23,10,12,10,22,16,0,73,10,1028,0.25,25,12,16,113,113,113,0,1,8.7,météo favorable
2017-10-16,24,11,15,11,23,16,0,58,10,1027,4,24,12,16,113,113,113,0,1,8.7,météo favorable
2017-10-17,22,10,13,10,22,15,0,54,10,1026,27.375,24,8,15,116,119,113,0,1,7.1,météo correcte
2017-10-18,22,11,15,11,22,16,0,67,10,1019,14.625,24,10,16,113,113,113,0,1,8.7,météo favorable
2017-10-19,22,13,12,13,22,15,0,58,10,1014,26.625,24,10,15,116,116,113,0,1,8.7,météo favorable
2017-10-20,20,14,9,14,20,15,0.3,84,9.875,1019,44.875,20,13,15,116,119,116,0,1,7.1,météo correcte
2017-10-21,21,11,13,13,21,12,2.6,87,9.625,1023,35,21,12,11,113,116,119,0,1,7.1,météo favorable
2017-10-22,12,6,14,8,12,8,1,76,10,1026,52.875,12,7,8,116,116,119,0,1,7.1,météo défavorable
2017-10-23,13,5,6,7,13,9,0.4,82,9.875,1028,66.75,13,7,9,116,119,122,0,1,3.9,météo très défavorable
2017-10-24,17,8,4,8,16,11,0.1,93,8,1028,59.625,17,11,11,143,119,113,0,1,5.5,météo correcte
2017-10-25,19,9,5,9,18,12,0,81,6.25,1026,43,20,10,12,248,113,113,0,1,8.7,météo favorable
2017-10-26,21,9,5,9,20,15,0,67,10,1027,3.75,24,10,15,113,113,113,0,1,8.7,météo favorable
2017-10-27,14,9,13,10,14,10,0.3,94,9,1031,36.125,14,11,9,143,116,113,0,1,7.1,météo correcte
2017-10-28,13,4,9,4,13,6,0,85,7.75,1031,24.625,13,6,7,248,113,113,0,1,8.7,météo correcte
2017-10-29,9,4,5,4,9,9,0.5,96,6,1026,74.5,9,9,7,119,122,143,0,1,3.8,météo très défavorable
2017-10-30,10,3,19,3,10,6,0,73,10,1027,12.375,10,6,3,113,113,113,0,1,8.7,météo très défavorable
2017-10-31,10,-0,5,-0,9,4,0,79,9,1028,9,10,1,4,143,113,113,0,1,8.7,météo très défavorable
2017-11-01,13,1,6,1,12,7,0,76,10,1026,29.375,13,4,7,113,113,122,0,1,8.7,météo très défavorable
2017-11-02,17,7,8,7,16,11,0,84,10,1021,21.125,17,9,11,113,113,113,0,1,8.7,météo correcte
2017-11-03,17,7,4,7,17,10,0,92,8,1019,25.5,18,9,11,143,113,116,0,1,8.7,météo correcte
2017-11-04,17,9,14,9,17,12,8,95,8.5,1014,63.625,17,11,12,116,116,143,0,1,7,météo correcte
2017-11-05,12,3,15,9,10,5,5,85,7.5,1019,65,12,11,3,122,116,116,0,1,7,météo très défavorable
2017-11-06,7,2,23,2,7,5,0.1,77,10,1022,58.75,7,1,1,119,116,119,0,1,5.4,météo très défavorable
2017-11-07,7,1,11,1,7,5,0.2,84,9,1021,66.75,7,2,1,143,119,122,0,1,5.4,météo très défavorable
2017-11-08,7,2,6,2,7,2,0.8,92,8.375,1023,63.125,7,2,1,119,116,116,0,1,8.7,météo très défavorable
2017-11-09,7,1,10,1,7,2,0,94,5,1028,53.875,7,2,1,143,116,143,0,1,8.7,météo très défavorable
2017-11-10,6,0,7,0,6,6,0.8,93,4.25,1029,97.5,6,6,3,248,122,122,0,1,3.7,météo très défavorable
2017-11-11,9,6,11,6,8,9,8.4,95,3.75,1025,100,9,9,6,248,122,143,0,1,3.7,météo défavorable
2017-11-12,11,3,17,9,11,5,5.8,91,7.5,1016,76.5,11,10,2,116,122,116,0,1,3.7,météo très défavorable
2017-11-13,6,2,19,4,6,3,1.3,90,7,1022,81.125,6,3,0,122,122,116,0,1,3.6,météo très défavorable
2017-11-14,7,1,15,1,7,3,0,87,8,1027,25.5,7,1,0,116,113,113,0,1,8.7,météo très défavorable
2017-11-15,5,-2,10,-2,5,0,0,91,7.75,1026,31.875,5,0,-1,260,113,119,0,1,8.7,météo très défavorable
2017-11-16,4,-2,4,-2,3,-2,0,76,6.25,1027,40.625,4,0,-2,260,122,113,0,1,7,météo très défavorable
2017-11-17,6,-2,10,-2,5,1,0,89,9,1027,17.75,6,0,-1,113,113,113,0,1,8.7,météo très défavorable
2017-11-18,6,0,9,3,6,1,0,91,6.25,1027,71.875,6,3,1,248,116,119,0,1,5.3,météo très défavorable
2017-11-19,6,0,4,2,5,4,0.3,95,5,1027,68,6,4,3,122,122,143,0,1,3.6,météo très défavorable
2017-11-20,7,-0,4,-0,7,2,0,86,6.25,1027,58.75,7,2,2,260,113,122,0,1,8.7,météo très défavorable
2017-11-21,11,1,8,1,11,6,0,76,10,1024,12.875,11,4,5,113,113,113,0,1,8.7,météo très défavorable
2017-11-22,13,3,17,3,13,11,0,75,10,1019,0.5,14,7,6,113,113,113,0,1,8.7,météo correcte
2017-11-23,16,10,20,11,16,11,0,77,10,1018,20.5,16,7,10,113,116,113,0,1,8.7,météo correcte
2017-11-24,15,9,17,9,15,11,1.9,89,9.25,1018,58,15,9,10,119,119,119,0,1,5.3,météo correcte
2017-11-25,11,2,12,8,9,3,10.6,90,9.125,1026,57.125,11,10,1,122,116,113,0,1,6.9,météo très défavorable
2017-11-26,5,-1,8,-1,5,1,0.3,92,6.875,1032,46.875,5,1,1,143,116,122,0,1,8.7,météo très défavorable
2017-11-27,7,-0,6,0,7,3,0,87,7,1033,47.125,7,2,1,143,116,116,0,1,6.9,météo très défavorable
2017-11-28,3,1,10,1,3,3,6.9,94,8.875,1021,59.875,3,2,1,113,122,122,0,1,5,météo très défavorable
2017-11-29,5,1,8,2,5,1,3.1,94,5.875,1011,82,5,2,0,143,119,119,0.1,1,5,météo très défavorable
2017-11-30,3,-1,9,0,3,1,2.3,92,6,1013,86,3,1,-2,122,122,119,2,1,3.2,météo très défavorable
2017-12-01,1,-2,8,-2,1,-1,1.1,94,5.375,1019,72.375,1,0,-4,143,122,143,0.9,1,5,météo très défavorable
2017-12-02,1,-3,21,-3,1,-2,0,85,10,1025,41.125,1,0,-6,116,116,113,0,1,6.9,météo très défavorable
2017-12-03,-0,-5,8,-5,-0,-4,0,93,10,1032,68,0,0,-7,122,122,116,0,1,5,météo très défavorable
2017-12-04,3,-1,3,-0,3,1,0.4,97,6.875,1038,96.5,4,2,1,122,122,143,0,1,3.2,météo très défavorable
2017-12-05,3,-1,5,1,3,1,0.1,96,3.25,1039,88.5,3,2,-0,248,122,143,0,1,3.2,météo très défavorable
2017-12-06,3,-2,3,-1,3,-2,0,97,5.75,1039,59.5,3,0,-2,143,119,143,0,1,5,météo très défavorable
2017-12-07,8,-2,16,-2,8,6,1.4,83,8.875,1033,23.25,8,3,-1,113,113,116,0,1,8.4,météo très défavorable
2017-12-08,6,1,15,6,6,2,4.9,88,8.25,1022,77.625,6,5,-0,143,119,116,0.1,1,5,météo très défavorable
2017-12-09,2,-1,8,-1,2,-1,0.7,89,9.25,1024,73.125,2,0,-4,122,122,116,0.6,1,5,météo très défavorable
2017-12-10,9,-0,29,1,7,7,14,96,8,1016,97.75,9,8,-1,122,122,122,0.1,1,3.2,météo très défavorable
2017-12-11,12,6,25,11,8,6,8,87,9.25,995,95.75,12,9,3,122,122,122,0,1,3.2,météo défavorable
2017-12-12,4,-0,4,2,4,1,0.7,90,9.75,1022,57.375,5,2,0,122,116,113,0,1,6.9,météo très défavorable
2017-12-13,7,-0,23,-0,4,5,5,84,9.5,1023,64.875,7,4,-2,116,122,122,0,1,5,météo très défavorable
2017-12-14,9,6,15,6,9,8,7.4,91,8.25,1010,81,9,6,5,143,116,200,0,1,5,météo défavorable
2017-12-15,7,3,10,3,7,4,2.5,88,10,1005,60.25,7,4,1,119,113,119,0,1,5,météo très défavorable
2017-12-16,4,2,10,2,4,2,3.6,92,8.625,1025,89.625,5,2,0,122,119,122,0.9,1,3.1,météo très défavorable
2017-12-17,3,-1,3,0,3,-0,1.1,95,4.625,1032,74.125,3,1,-1,122,122,143,0.9,1,3.1,météo très défavorable
2017-12-18,3,-0,9,0,2,1,4.5,99,3.5,1031,95.875,3,2,-2,122,248,248,0,1,3.1,météo très défavorable
2017-12-19,4,1,9,2,4,2,0.3,98,1.5,1037,99.375,4,3,1,248,122,248,0,1,3.1,météo très défavorable
2017-12-20,3,2,9,2,3,3,0.8,97,3.25,1037,98.125,4,3,0,143,122,248,0,1,3.1,météo très défavorable
2017-12-21,5,3,3,3,5,4,0.2,97,2,1039,99.25,5,4,4,248,122,143,0,1,3.1,météo très défavorable
2017-12-22,7,5,6,6,6,6,1.8,98,1.625,1039,94.375,7,6,5,248,248,248,0,1,3.1,météo très défavorable
2017-12-23,7,3,8,5,7,5,0.1,95,5.25,1038,86.375,7,5,4,248,122,119,0,1,3.1,météo très défavorable
2017-12-24,6,1,1,3,6,3,0,96,6.75,1038,74.375,6,4,3,122,119,119,0,1,3.1,météo très défavorable
2017-12-25,7,-1,11,-1,7,4,0,83,6.5,1029,31.375,7,3,-1,143,113,113,0,1,6.8,météo très défavorable
2017-12-26,9,5,12,8,9,5,1.1,83,9.875,1016,28,9,5,2,122,113,116,0,1,8.7,météo très défavorable
2017-12-27,7,2,23,6,6,3,5.5,85,8.5,1000,96.25,7,4,-1,122,200,122,0.5,1,3.3,météo très défavorable
2017-12-28,2,-1,9,-1,2,1,0.3,88,9.25,1015,76.375,2,0,-2,119,122,122,0.3,1,3.3,météo très défavorable
2017-12-29,6,-2,15,-2,3,4,3.7,85,9.625,1018,74.25,6,5,-3,116,122,122,0,1,5.1,météo très défavorable
2017-12-30,10,6,12,6,9,10,6.5,95,7.375,1021,88.625,10,9,5,122,143,116,0,1,3.3,météo défavorable
2017-12-31,12,7,14,7,12,9,0.7,89,9.375,1022,38.875,12,8,6,113,116,113,0,1,8.7,météo défavorable
2018-01-01,8,5,21,5,7,6,7.4,86,9.625,1020,70.25,8,5,3,116,122,122,0,1,5.1,météo très défavorable
2018-01-02,7,4,12,4,7,6,1.8,89,9.75,1023,84.375,7,4,3,122,119,122,0,1,3.3,météo très défavorable
2018-01-03,12,7,19,12,10,7,4.3,89,7.625,1017,83.125,12,9,6,200,116,122,0,1,6.9,météo défavorable
2018-01-04,12,6,14,9,12,11,10.1,89,7.375,1015,96,12,10,10,122,122,122,0,1,3.3,météo défavorable
2018-01-05,12,9,14,10,12,10,5.6,92,8.375,1010,83.25,12,10,9,143,122,122,0,1,5.1,météo défavorable
2018-01-06,12,7,13,7,12,7,1.8,93,7.25,1009,75.375,12,8,8,248,116,119,0,1,6.9,météo défavorable
2018-01-07,8,5,7,5,8,5,0,97,6,1015,70.125,8,6,5,113,122,143,0,1,5.1,météo très défavorable
2018-01-08,7,3,5,3,6,4,0,92,7,1016,77,7,4,3,143,119,119,0,1,5.1,météo très défavorable
2018-01-09,7,4,14,4,6,6,6.5,97,7.375,1015,81.25,7,5,3,248,122,119,0,1,3.3,météo très défavorable
2018-01-10,9,5,12,6,9,6,2.9,94,9.25,1015,59.25,9,6,4,122,119,119,0,1,3.3,météo très défavorable
2018-01-11,8,3,6,3,8,5,0.5,96,7,1021,60.75,8,5,4,116,116,143,0,1,3.4,météo très défavorable
2018-01-12,6,2,9,4,5,4,0.2,96,3.25,1025,93.625,6,4,2,143,122,143,0,1,3.4,météo très défavorable
2018-01-13,7,1,7,1,6,3,0,92,6.25,1025,50.625,7,2,1,248,113,113,0,1,8.7,météo très défavorable
2018-01-14,7,2,8,3,7,2,0.2,80,9,1022,51.375,7,1,3,116,116,116,0,1,6.9,météo très défavorable
2018-01-15,8,-0,19,-0,8,6,2.4,82,9.875,1024,62.375,8,4,-0,116,122,122,0,1,5.2,météo très défavorable
2018-01-16,9,8,15,8,9,9,6.3,91,8.375,1012,96.875,9,7,6,122,122,122,0,1,3.4,météo défavorable
2018-01-17,6,2,19,3,6,2,1.8,85,9.25,1024,43,6,4,0,116,116,116,0,1,6.9,météo très défavorable
2018-01-18,8,2,15,4,7,8,5,90,8.625,1023,91.5,8,7,2,122,122,122,0,1,3.4,météo très défavorable
2018-01-19,8,2,8,5,7,4,0.9,91,10,1020,51.125,8,7,2,116,116,116,0,1,5.2,météo très défavorable
2018-01-20,10,1,19,3,4,7,7,93,7.125,1021,83.875,10,9,0,122,122,122,0,1,3.4,météo très défavorable
2018-01-21,9,5,10,6,7,5,6.1,97,6.5,1020,87.625,9,7,3,119,143,143,0,1,3.4,météo très défavorable
2018-01-22,11,9,12,10,11,10,11.1,93,7.875,1023,97.5,11,9,9,143,122,122,0,1,3.4,météo défavorable
2018-01-23,10,5,4,5,10,7,0.2,89,7.875,1029,49.5,11,7,7,143,116,116,0,1,8.7,météo très défavorable
2018-01-24,12,4,15,4,11,9,0,88,7.75,1030,32.375,12,6,5,248,113,113,0,1,8.7,météo très défavorable
2018-01-25,13,8,21,8,13,11,0.7,77,9,1023,56.375,13,6,7,116,116,122,0,1,7,météo correcte
2018-01-26,8,4,7,5,6,4,18.3,96,6.5,1024,99.875,8,6,3,143,122,143,0,1,3.5,météo très défavorable
2018-01-27,7,3,8,3,7,6,1.8,94,7.875,1038,78,7,5,2,143,119,119,0,1,3.5,météo très défavorable
2018-01-28,8,1,4,1,7,5,0,89,7,1041,53.5,8,3,4,143,116,122,0,1,7,météo très défavorable
2018-01-29,10,5,4,5,10,7,0,93,7,1039,72,10,7,6,143,116,119,0,1,7,météo très défavorable
2018-01-30,9,5,5,5,9,6,0.1,92,5.75,1034,85,9,6,6,248,122,122,0,1,3.5,météo très défavorable
2018-01-31,10,3,11,3,9,7,4.8,85,6.625,1028,29.875,10,5,3,143,113,116,0,1,8.7,météo très défavorable
2018-02-01,6,2,9,4,6,2,4.8,88,9.625,1010,60.875,6,4,2,122,116,116,0,1,8.7,météo très défavorable
2018-02-02,5,-1,9,-0,5,2,0.2,87,6.125,1013,57.5,5,0,0,143,116,116,0.1,1,8.7,météo très défavorable
2018-02-03,4,-0,7,1,4,0,1.1,88,7.25,1012,91.5,4,0,-0,143,122,119,0.9,1,3.6,météo très défavorable
2018-02-04,5,-2,8,-1,5,2,0.3,84,9,1018,57.125,5,0,-0,116,116,116,0.2,1,5.3,météo très défavorable
2018-02-05,1,-1,7,-1,0,-0,4.2,98,4.875,1019,94.75,1,0,-3,122,122,260,3.5,1,3.7,météo très défavorable
2018-02-06,4,-1,8,-1,4,1,2,92,6.5,1014,84,5,2,-2,122,119,122,0.5,1,5.4,météo très défavorable
2018-02-07,1,-2,12,-1,1,-1,0.6,82,8,1018,77.375,1,0,-4,116,122,122,0.6,1,3.7,météo très défavorable
2018-02-08,3,-2,10,-2,3,-1,0.3,89,8,1021,79.75,3,0,-3,122,119,116,0.3,1,3.8,météo très défavorable
2018-02-09,5,-2,6,-2,4,1,1.5,80,7,1021,65,5,0,0,119,116,122,1.3,1,8.7,météo très défavorable
2018-02-10,3,-3,8,-2,2,-1,0.5,96,6,1021,73.375,3,0,-3,143,122,143,0.4,1,3.8,météo très défavorable
2018-02-11,3,-2,12,0,2,2,2.1,97,7.375,1020,83.5,3,2,-3,122,122,143,0.1,1,5.2,météo très défavorable
2018-02-12,4,-3,10,-1,4,-2,0.8,88,6.625,1022,41.125,4,2,-3,143,113,113,0.7,1,10,météo très défavorable
2018-02-13,3,-4,10,-4,3,1,1.1,72,9,1022,41.375,3,0,-2,113,113,122,1,1,8.4,météo très défavorable
2018-02-14,5,-0,6,-0,5,1,1.2,93,8,1017,78,5,1,-1,143,119,122,1,1,6.9,météo très défavorable
2018-02-15,8,2,12,2,5,6,5.4,96,6.5,1023,98.625,8,7,1,122,122,143,0,1,5.3,météo très défavorable
2018-02-16,9,3,8,7,7,4,1.4,94,6.625,1026,81.375,9,7,4,248,122,116,0,1,8.5,météo très défavorable
2018-02-17,8,3,13,7,8,5,7,94,4.375,1025,95.375,8,8,3,143,122,122,0,1,5.3,météo très défavorable
2018-02-18,6,-1,11,-1,5,0,0,90,5.5,1026,28,6,1,-2,260,113,113,0,1,10.7,météo très défavorable
2018-02-19,6,-3,6,-3,6,1,0,72,7,1023,47,6,0,1,143,122,119,0,1,6.9,météo très défavorable
2018-02-20,6,-2,14,-1,5,0,0.1,76,10,1017,38.75,6,0,-3,119,113,113,0.1,1,10.8,météo très défavorable
2018-02-21,4,-2,21,-2,4,1,0,62,10,1017,17.75,4,0,-4,113,116,116,0,1,10.8,météo très défavorable
2018-02-22,3,-2,19,-2,3,-1,0,65,10,1014,44.625,3,0,-4,119,116,116,0,1,8.5,météo très défavorable
2018-02-23,4,-4,11,-4,3,-1,0,72,10,1012,32.875,4,0,-4,113,116,113,0,1,10.1,météo très défavorable
2018-02-24,5,-4,7,-4,4,-1,0,79,10,1014,17.25,5,0,-3,116,113,113,0,1,10.9,météo très défavorable
2018-02-25,3,-4,19,-4,2,-2,0,61,10,1019,6,3,0,-6,113,113,113,0,1,10.9,météo très défavorable
2018-02-26,-1,-6,22,-6,-2,-5,0,33,10,1019,7.625,0,0,-11,116,113,113,0,1,11,météo très défavorable
2018-02-27,-2,-9,15,-9,-3,-6,0,39,10,1017,7,0,0,-12,113,113,113,0,1,11,météo très défavorable
2018-02-28,-0,-10,7,-10,-1,-2,1.2,75,8.375,1016,49.25,0,0,-8,116,116,122,1.1,1,8.6,météo très défavorable
2018-03-01,5,-1,8,-1,3,2,5.4,99,1.625,1001,97.375,5,5,-2,260,248,248,3.9,1,5.5,météo très défavorable
2018-03-02,8,-0,10,2,6,3,6.8,97,6.625,998,61.875,8,5,1,248,122,113,0,1,8.6,météo très défavorable
2018-03-03,10,-0,9,0,6,5,2.7,94,7.75,1002,57.25,10,7,1,119,122,143,0,1,8.6,météo très défavorable
2018-03-04,12,0,18,0,12,6,2.7,98,6.125,1002,63.875,12,8,4,113,122,248,0,1,7.1,météo très défavorable
2018-03-05,12,3,10,3,10,7,0.2,92,6.125,1000,71.625,12,6,6,248,122,116,0,1,8.6,météo très défavorable
2018-03-06,11,5,7,5,11,5,2.5,91,5.875,997,73.375,11,6,5,143,116,116,0,1,8.6,météo très défavorable
2018-03-07,9,2,13,2,9,5,2,88,9.625,1010,45,9,4,3,119,200,113,0,1,8.6,météo très défavorable
2018-03-08,13,1,15,1,12,8,0,76,7,1011,18.625,13,3,4,143,113,113,0,1,11.3,météo très défavorable
2018-03-09,15,6,19,6,14,11,0,76,10,1012,58,15,8,8,119,116,116,0,1,11.3,météo correcte
2018-03-10,17,8,22,8,16,12,4.6,86,8.625,1008,56.875,17,10,8,143,116,113,0,1,10.1,météo correcte
2018-03-11,15,9,15,10,15,10,10.1,87,7.5,1001,58.75,15,11,10,200,200,116,0,1,11.4,météo correcte
2018-03-12,12,6,14,7,12,8,2.8,88,8.375,1009,74.75,12,8,6,116,122,119,0,1,7.2,météo défavorable
2018-03-13,10,4,10,5,9,6,2.2,91,7,1017,65.625,10,6,4,122,122,113,0,1,8.8,météo très défavorable
2018-03-14,13,1,12,1,13,9,0,78,8,1017,29.25,13,4,7,113,113,113,0,1,10.2,météo très défavorable
2018-03-15,9,4,12,6,7,5,6.1,95,7.5,1002,74.875,9,6,3,122,143,116,0,1,7.4,météo très défavorable
2018-03-16,13,4,5,4,13,7,4.4,94,8.875,1004,71.875,14,7,7,119,116,122,0,1,8.8,météo très défavorable
2018-03-17,8,3,12,4,7,4,4.5,95,5.25,1003,85.5,8,5,3,248,122,143,0,1,7.4,météo très défavorable
2018-03-18,6,0,10,2,6,2,0.5,89,5.625,1006,94.375,6,2,-0,248,119,122,0.1,1,6,météo très défavorable
2018-03-19,7,-3,11,-2,7,1,0,81,7.5,1008,29,7,0,-2,116,113,113,0,1,11.6,météo très défavorable
2018-03-20,5,-3,24,-3,4,2,0,67,10,1022,49.125,5,0,-4,122,116,116,0,1,11.6,météo très défavorable
2018-03-21,6,-2,24,-1,5,2,0,60,10,1027,5.625,6,0,-2,113,113,113,0,1,11.6,météo très défavorable
2018-03-22,7,-3,13,-3,7,3,0.2,86,10,1027,47.375,7,1,1,116,116,122,0,1,8.8,météo très défavorable
2018-03-23,9,1,6,2,8,3,0.5,91,7.75,1018,71.25,9,2,2,122,116,113,0,1,10.2,météo très défavorable
2018-03-24,14,-1,8,1,13,8,0.2,81,6.25,1003,52.375,14,5,5,248,113,116,0,1,11.6,météo très défavorable
2018-03-25,11,4,7,4,11,8,2,90,7.75,1011,39.625,12,7,7,143,116,116,0,1,11.6,météo très défavorable
2018-03-26,10,3,11,5,10,7,2.9,93,6.75,1020,59.5,10,8,5,143,122,116,0,1,9,météo très défavorable
2018-03-27,9,2,11,3,9,7,3.6,94,5.875,1021,83.625,9,7,5,143,119,122,0,1,7.7,météo très défavorable
2018-03-28,12,8,14,8,12,10,14.5,97,5,1015,96.5,12,10,7,248,302,143,0,1,6.4,météo défavorable
2018-03-29,12,4,8,5,11,7,0.5,76,7.75,1010,51.75,12,7,6,143,122,113,0,1,10.3,météo très défavorable
2018-03-30,10,3,14,4,8,6,5.1,90,9.5,1007,48,10,7,5,119,122,113,0,1,9,météo très défavorable
2018-03-31,13,2,13,2,13,6,1,89,7.25,1009,30.25,14,4,4,113,113,119,0,1,10.3,météo correcte
2018-04-01,11,3,10,4,11,6,0,71,10,1017,43.5,12,3,5,116,116,113,0,1,11.6,météo très défavorable
2018-04-02,14,2,22,4,13,12,0,55,10,1016,89.25,14,5,8,122,122,122,0,1,6.5,météo très défavorable
2018-04-03,18,9,22,9,17,13,0,70,10,1008,38.75,18,8,13,116,122,113,0,1,10.3,météo correcte
2018-04-04,15,9,14,12,13,10,6.9,92,9.375,1012,44.875,15,10,9,200,116,113,0,1,10.3,météo correcte
2018-04-05,13,5,11,7,13,9,0.6,78,9.875,1021,43.125,13,7,8,116,119,113,0,1,10.3,météo correcte
2018-04-06,19,3,18,4,17,14,0,67,8,1020,7.5,19,8,11,116,113,113,0,1,11.6,météo favorable
2018-04-07,19,9,18,10,19,14,0,62,10,1013,25.25,19,7,12,116,116,116,0,1,11.6,météo favorable
2018-04-08,20,10,8,10,20,14,3.2,93,9.5,1010,37.875,20,13,14,116,116,116,0,1,11.6,météo favorable
2018-04-09,16,9,9,10,16,12,5.6,91,6.25,1008,72.625,16,12,11,248,119,116,0,1,7.8,météo défavorable
2018-04-10,15,8,23,8,14,10,0.2,70,9.375,1006,36.375,15,6,7,122,113,113,0,1,11.6,météo correcte
2018-04-11,17,5,9,6,16,13,0.2,73,10,1006,69.625,17,8,11,116,119,122,0,1,6.6,météo très défavorable
2018-04-12,16,8,10,8,16,11,1.5,70,8.875,1004,47.75,16,7,11,143,116,113,0,1,12,météo correcte
2018-04-13,16,6,16,6,16,12,1.6,73,9.75,1016,43.125,16,8,11,113,116,116,0,1,13.7,météo correcte
2018-04-14,15,9,8,9,14,11,1.3,90,9.875,1019,84.375,16,10,12,122,122,122,0,1,9.8,météo défavorable
2018-04-15,18,8,6,9,18,14,0.1,77,8,1018,30.75,18,10,14,143,113,113,0,1,13.7,météo favorable
2018-04-16,18,8,10,9,17,13,0,76,6.75,1021,42.5,18,9,13,143,116,116,0,1,13.3,météo favorable
2018-04-17,21,7,9,8,20,16,0,80,7.75,1027,16.375,21,13,15,113,113,113,0,1,13.8,météo favorable
2018-04-18,23,10,5,12,23,18,0,73,9,1028,2.375,25,13,18,113,113,113,0,1,13.8,météo favorable
2018-04-19,26,12,6,14,26,20,0,73,10,1027,8.625,26,15,20,113,113,113,0,1,13.9,météo favorable
2018-04-20,26,13,6,15,26,20,0,69,10,1025,5.875,27,14,20,113,113,113,0,1,13.9,météo favorable
2018-04-21,27,13,4,15,27,21,0,71,10,1022,5.5,27,16,22,113,113,113,0,1,13.9,météo favorable
2018-04-22,26,13,9,14,26,20,0,55,10,1018,13.75,25,11,20,113,113,113,0,1,14,météo favorable
2018-04-23,20,12,9,14,15,16,10,92,8,1021,60.75,20,15,15,143,119,113,0,1,11,météo correcte
2018-04-24,23,10,4,12,23,18,0,71,7.5,1021,43.375,25,13,18,116,113,113,0,1,14,météo favorable
2018-04-25,22,12,12,14,22,16,1.3,75,9.875,1019,30.375,24,14,16,113,116,116,0,1,14.1,météo favorable
2018-04-26,16,8,10,9,16,12,0.1,74,9,1022,37.625,16,8,10,116,116,122,0,1,13.4,météo correcte
2018-04-27,23,5,10,7,21,17,0,62,9,1017,12.375,24,9,14,113,113,113,0,1,14.1,météo favorable
2018-04-28,16,8,8,9,14,11,2.8,89,8.125,1015,49.75,17,9,10,143,113,200,0,1,12.2,météo correcte
2018-04-29,21,9,20,11,21,12,5.7,92,7.125,1009,50.375,24,12,10,143,200,122,0,1,13.4,météo correcte
2018-04-30,13,6,21,9,13,9,2,86,8.875,1013,35.75,13,9,9,119,116,113,0,1,13.4,météo correcte
2018-05-01,14,4,8,5,13,10,0.1,70,6.5,1015,61.875,14,5,10,143,116,116,0,1,13.4,météo correcte
2018-05-02,16,3,10,6,16,12,0,72,10,1015,37.5,16,8,12,116,116,116,0,1,14.3,météo correcte
2018-05-03,15,8,20,8,15,13,0,73,10,1015,75.5,15,8,12,119,119,122,0,1,8.9,météo défavorable
2018-05-04,19,10,17,11,18,17,0.5,82,9.875,1016,64.25,19,14,13,119,119,122,0,1,11.2,météo correcte
2018-05-05,22,12,9,13,20,19,0.6,77,9,1019,33.5,25,15,18,116,119,113,0,1,12.3,météo correcte
2018-05-06,25,13,11,14,24,21,0.7,81,5.5,1019,43.25,26,18,19,143,113,113,0,1,13.4,météo favorable
2018-05-07,25,14,10,16,25,20,0.9,70,8.625,1017,23,26,16,20,116,113,113,0,1,14.4,météo favorable
2018-05-08,23,12,7,14,23,18,4.2,84,7.5,1012,16.25,25,15,18,143,113,113,0,1,14.4,météo favorable
2018-05-09,21,12,13,13,21,17,3.8,85,7.5,1009,43.875,21,15,15,143,200,116,0,1,12.4,météo correcte
2018-05-10,17,9,12,12,16,14,1.3,88,7.875,1020,76.125,17,12,10,122,119,119,0,1,10.3,météo défavorable
2018-05-11,22,7,5,9,21,18,0,70,7.5,1020,33.875,25,13,16,116,113,113,0,1,14.5,météo favorable
2018-05-12,23,11,16,14,23,18,1.5,64,9,1016,26,24,12,18,113,113,113,0,1,14.5,météo favorable
2018-05-13,7,6,15,7,7,6,12.7,97,7.75,1016,100,7,6,4,248,122,122,0,1,9.3,météo très défavorable
2018-05-14,11,6,7,7,9,10,4.2,98,4.125,1015,100,11,9,7,248,143,143,0,1,9.4,météo défavorable
2018-05-15,16,10,9,11,15,13,7.1,97,5.125,1016,92.5,16,13,11,248,119,122,0,1,9.4,météo défavorable
2018-05-16,17,9,10,11,17,14,2.3,92,5.25,1018,75.875,17,14,15,143,116,113,0,1,12.5,météo défavorable
2018-05-17,17,8,15,10,17,15,1.1,85,6,1019,63.375,17,13,13,248,116,116,0,1,12.5,météo correcte
2018-05-18,21,10,14,11,20,17,0.7,78,7.5,1019,37.5,21,13,17,116,113,113,0,1,14.5,météo favorable
2018-05-19,21,8,10,11,21,16,0.6,84,7.5,1019,27.375,21,14,17,113,113,116,0,1,14.5,météo favorable
2018-05-20,21,9,12,11,21,18,0.1,72,6.5,1019,35.875,24,13,17,116,113,113,0,1,13.5,météo favorable
2018-05-21,24,10,5,13,23,18,2,78,7.375,1015,35.375,25,14,18,116,113,113,0,1,14.5,météo favorable
2018-05-22,22,11,8,14,22,18,4.3,84,9.875,1016,39.25,25,15,18,119,200,116,0,1,13.5,météo correcte
2018-05-23,22,11,5,13,21,17,0.1,79,8,1019,36,24,14,17,116,119,113,0,1,12.6,météo correcte
2018-05-24,25,11,8,14,25,20,0.7,66,7.875,1019,17.125,25,14,21,116,113,113,0,1,14.5,météo favorable
2018-05-25,27,13,5,16,26,22,0,70,10,1018,18.875,27,16,22,113,113,116,0,1,14.5,météo favorable
2018-05-26,28,16,15,19,25,24,0,62,9.625,1018,27,28,16,24,113,113,113,0,1,14.5,météo idéale
2018-05-27,26,16,7,18,24,20,1.3,72,9.75,1019,45.125,27,15,20,200,116,116,0,1,13.6,météo favorable
2018-05-28,24,13,5,15,22,19,0.8,91,6.25,1018,45.75,26,15,16,119,113,200,0,1,11.7,météo favorable
2018-05-29,22,14,11,16,22,20,2.6,79,7.75,1017,22.375,25,16,20,113,113,113,0,1,14.5,météo favorable
2018-05-30,24,13,9,16,24,18,0.3,77,7.75,1015,36.625,25,15,18,116,113,122,0,1,13.6,météo favorable
2018-05-31,23,12,8,16,22,19,1.2,82,8.875,1020,25.75,25,16,19,116,113,116,0,1,14.5,météo favorable
2018-06-01,23,12,7,15,22,20,0.9,80,7.625,1021,50.5,25,14,17,119,116,113,0,1,12.6,météo favorable
2018-06-02,26,12,7,15,25,21,0,73,7.5,1021,34.25,26,16,21,116,113,113,0,1,14.5,météo favorable
2018-06-03,26,15,5,17,26,19,3.3,85,7.625,1018,52,27,18,20,119,113,119,0,1,12.6,météo favorable
2018-06-04,26,14,4,16,26,19,1.4,90,7.875,1014,45,26,18,20,116,116,122,0,1,13.6,météo favorable
2018-06-05,24,14,6,16,24,21,5.5,83,7.5,1012,37.75,26,18,21,116,116,113,0,1,14.5,météo favorable
2018-06-06,24,14,12,16,24,20,1.5,80,7.75,1015,33.625,25,17,21,116,113,113,0,1,14.5,météo favorable
2018-06-07,23,13,7,17,23,20,4.1,84,7.75,1017,41.125,25,17,20,116,116,116,0,1,14.5,météo favorable
2018-06-08,24,14,8,16,24,20,3.2,86,6.25,1015,49,26,18,20,143,113,113,0,1,13.6,météo favorable
2018-06-09,28,15,4,17,28,23,0.6,71,6.5,1014,35,29,18,23,143,113,113,0,1,14.5,météo favorable
2018-06-10,27,15,13,18,26,24,1.2,64,10,1014,15.5,28,17,24,113,113,113,0,1,14.5,météo idéale
2018-06-11,22,15,10,17,22,18,12.2,91,6.375,1012,54.125,25,19,18,116,116,119,0,1,13.6,météo correcte
2018-06-12,23,14,9,15,22,17,3.6,92,5.875,1012,61.25,25,16,18,143,119,116,0,1,12.7,météo correcte
2018-06-13,19,13,18,13,18,16,1.4,79,6.5,1017,77.25,19,14,15,122,122,119,0,1,10.8,météo défavorable
2018-06-14,22,9,11,12,20,18,0,68,7.75,1018,31.125,24,12,17,116,113,116,0,1,14.5,météo favorable
2018-06-15,23,13,12,15,23,20,0.2,75,7.875,1018,37.25,25,16,19,116,113,113,0,1,14.5,météo favorable
2018-06-16,25,13,10,16,25,21,0.9,79,7.25,1019,53.375,26,17,20,119,116,113,0,1,13.6,météo favorable
2018-06-17,21,14,13,16,21,19,0.4,71,7.75,1023,54.5,24,15,19,143,119,113,0,1,12.7,météo correcte
2018-06-18,22,11,11,15,21,20,0.2,72,7.75,1025,43.25,25,15,19,116,122,113,0,1,13.6,météo correcte
2018-06-19,26,13,13,16,25,23,0,72,6.5,1025,33,27,18,22,116,113,113,0,1,14.5,météo favorable
2018-06-20,29,17,6,18,29,25,0,72,7.5,1022,36.375,30,18,23,119,113,113,0,1,13.6,météo favorable
2018-06-21,29,17,12,21,29,22,0.3,77,10,1022,22.125,29,19,22,113,113,116,0,1,14.5,météo idéale
2018-06-22,20,11,21,11,19,17,0,62,10,1026,9.375,20,11,16,113,113,113,0,1,14.5,météo favorable
2018-06-23,22,10,15,12,20,19,0,63,10,1025,2.125,24,12,17,113,113,113,0,1,14.5,météo favorable
2018-06-24,22,12,15,13,22,20,0,64,10,1022,23.75,24,13,19,119,113,113,0,1,13.6,météo favorable
2018-06-25,24,11,17,14,23,21,0,64,9,1022,8.375,25,14,20,113,113,113,0,1,14.5,météo favorable
2018-06-26,26,13,15,15,25,24,0,64,9,1022,5.5,27,17,22,113,113,113,0,1,14.5,météo favorable
2018-06-27,27,16,17,17,26,24,0,58,9,1020,5.5,27,17,23,113,113,113,0,1,14.5,météo idéale
2018-06-28,27,16,19,17,25,24,0,50,10,1017,5.125,27,14,22,113,113,113,0,1,14.5,météo idéale
2018-06-29,28,16,6,17,27,25,0,55,10,1015,9.125,28,15,22,113,113,113,0,1,14.5,météo idéale
2018-06-30,32,16,4,20,31,28,0,50,10,1014,5.375,31,17,28,113,113,113,0,1,14.5,météo idéale
2018-07-01,34,18,7,22,33,29,0,46,10,1012,3,33,16,29,113,113,113,0,1,14.5,météo idéale
2018-07-02,31,18,8,21,31,26,6,67,9.625,1015,8.625,32,19,26,113,113,113,0,1,14.5,météo favorable
2018-07-03,31,18,8,19,31,23,2.9,69,9.625,1018,22.25,32,19,23,116,113,200,0,1,14.5,météo idéale
2018-07-04,31,17,13,19,31,22,4.7,72,9.625,1018,19.5,31,17,23,113,113,113,0,1,14.5,météo favorable
2018-07-05,21,15,13,17,21,19,2.6,81,8.25,1020,56.25,24,16,19,116,119,116,0,1,12.7,météo correcte
2018-07-06,24,15,12,16,24,23,2.2,81,7.875,1023,37.25,26,16,19,143,113,113,0,1,13.6,météo favorable
2018-07-07,28,15,17,18,27,24,0,57,7.75,1023,19.5,27,16,24,113,113,113,0,1,14.5,météo idéale
2018-07-08,27,18,16,19,26,24,0,60,10,1022,4.875,27,16,24,113,113,113,0,1,14.5,météo idéale
2018-07-09,27,16,14,18,27,24,0,56,10,1021,1.875,27,16,24,113,113,113,0,1,14.5,météo idéale
2018-07-10,25,15,14,18,25,22,0.1,64,10,1020,18.25,26,15,22,113,113,113,0,1,14.5,météo idéale
2018-07-11,23,11,14,13,22,20,0,60,9,1019,11,24,12,19,116,113,113,0,1,14.5,météo favorable
2018-07-12,26,12,9,14,24,22,0,53,7.75,1019,52.375,26,12,21,113,122,119,0,1,10.6,météo correcte
2018-07-13,29,14,6,18,29,25,0,50,9,1020,12.25,29,15,25,113,113,116,0,1,14.5,météo favorable
2018-07-14,31,16,7,20,31,25,1.4,61,10,1020,16.375,30,17,25,113,113,113,0,1,14.5,météo idéale
2018-07-15,31,16,5,19,31,23,2.4,62,9.75,1018,21,32,16,23,113,113,200,0,1,14.5,météo idéale
2018-07-16,29,15,11,18,28,25,2.1,51,9.875,1016,9.625,28,17,25,113,113,113,0,1,14.5,météo idéale
2018-07-17,28,16,11,18,27,25,2,65,9.875,1019,21.5,27,17,23,116,113,113,0,1,14.5,météo idéale
2018-07-18,30,15,6,18,29,26,0,52,10,1019,6,29,15,25,113,113,113,0,1,14.5,météo idéale
2018-07-19,31,17,7,19,30,27,0.1,50,10,1017,7.625,30,16,26,113,113,113,0,1,14.5,météo idéale
2018-07-20,30,17,8,20,30,22,3.4,60,8.875,1016,18,30,17,22,113,113,113,0,1,14.5,météo favorable
2018-07-21,24,16,8,17,24,21,1.5,75,9.875,1016,51.25,25,16,21,116,119,116,0,1,13.5,météo correcte
2018-07-22,26,14,12,17,26,24,0.5,61,8.875,1017,26.25,26,15,22,116,116,113,0,1,14.5,météo favorable
2018-07-23,29,15,14,18,28,26,0,49,9,1018,10.75,28,15,25,113,113,113,0,1,14.5,météo idéale
2018-07-24,32,16,3,19,32,26,0.3,49,9.875,1016,14.375,32,16,27,113,113,116,0,1,14.5,météo idéale
2018-07-25,32,18,11,21,31,28,0,47,10,1016,16,31,16,28,113,113,113,0,1,14.5,météo idéale
2018-07-26,34,19,9,21,33,30,1.3,46,9.875,1015,9.875,33,17,29,113,113,113,0,1,14.5,météo idéale
2018-07-27,35,19,5,22,35,29,0.6,39,10,1014,13.875,35,15,30,113,113,113,0,1,14.5,météo favorable
2018-07-28,25,18,6,20,20,23,6.8,93,9.25,1017,38.25,26,19,20,200,119,113,0,1,12.4,météo correcte
2018-07-29,32,16,4,19,30,26,0,48,10,1017,6.75,31,15,27,113,113,113,0,1,14.5,météo idéale
2018-07-30,33,18,6,19,31,28,0,51,10,1018,9.25,34,17,26,113,113,113,0,1,14.5,météo idéale
2018-07-31,33,19,9,21,32,29,0.3,49,10,1019,7.75,33,18,28,113,113,113,0,1,14.5,météo idéale
2018-08-01,31,19,12,20,30,26,0.6,69,9.875,1020,19,33,20,25,116,113,113,0,1,14.5,météo idéale
2018-08-02,31,17,14,19,30,28,0,58,10,1021,7.125,32,17,26,113,113,113,0,1,14.5,météo idéale
2018-08-03,34,21,11,22,33,30,0,50,10,1020,7.25,35,17,29,113,113,113,0,1,14.5,météo favorable
2018-08-04,34,21,14,24,34,31,0,45,10,1019,7.625,34,18,30,113,113,113,0,1,14.5,météo idéale
2018-08-05,34,21,12,22,33,30,0,48,10,1019,5.75,34,18,28,113,113,113,0,1,14.5,météo idéale
2018-08-06,34,21,6,22,34,28,1.3,52,9.625,1018,16.75,35,19,28,113,113,200,0,1,14.5,météo favorable
2018-08-07,35,19,17,21,34,31,2.8,46,10,1015,9.125,34,19,29,113,113,113,0,1,14.5,météo idéale
2018-08-08,29,20,7,20,27,25,10.2,85,8,1016,40,31,20,21,143,116,113,0,1,12.4,météo correcte
2018-08-09,25,16,19,21,23,20,4,81,9.5,1023,26.875,26,19,20,116,116,113,0,1,14.5,météo favorable
2018-08-10,25,12,5,15,24,21,0.1,54,9,1026,17,25,12,21,113,116,113,0,1,14.3,météo favorable
2018-08-11,25,13,9,15,24,20,0,58,10,1026,9,25,12,21,113,113,113,0,1,14.2,météo favorable
2018-08-12,31,13,10,15,28,26,0,49,10,1021,6.125,30,12,23,113,113,113,0,1,14.2,météo favorable
2018-08-13,24,17,9,18,24,20,5,74,9.5,1015,37,25,17,20,113,119,116,0,1,13.4,météo correcte
2018-08-14,24,15,13,16,24,21,2.8,83,8.875,1021,60.25,25,16,19,143,119,122,0,1,10,météo correcte
2018-08-15,27,13,10,16,26,22,0,64,10,1021,5.625,27,15,22,113,113,113,0,1,14.1,météo favorable
2018-08-16,31,16,5,17,30,25,1.3,55,8.875,1019,3.625,31,16,25,113,113,113,0,1,14.1,météo idéale
2018-08-17,22,17,12,17,22,20,6.2,88,9.375,1021,42.25,25,17,19,116,119,116,0,1,11.1,météo correcte
2018-08-18,26,15,13,15,25,21,0,61,8,1023,25.375,26,15,21,116,113,113,0,1,14,météo idéale
2018-08-19,28,14,9,16,27,22,0,56,10,1023,6.75,27,13,23,113,113,113,0,1,14,météo favorable
2018-08-20,29,15,11,17,28,24,0,61,10,1022,5.25,28,17,24,113,113,113,0,1,14,météo idéale
2018-08-21,29,17,9,18,28,24,0,68,8.75,1021,22.25,30,18,24,116,113,113,0,1,13.9,météo idéale
2018-08-22,32,18,3,19,32,26,3.2,63,9.5,1019,17.5,34,19,26,116,113,116,0,1,13.9,météo favorable
2018-08-23,31,18,8,19,31,25,6.3,52,9.625,1018,22.875,31,17,25,113,113,116,0,1,13.9,météo favorable
2018-08-24,23,15,13,17,23,18,0.7,74,9.75,1018,31,25,16,18,116,116,113,0,1,13.8,météo favorable
2018-08-25,18,10,10,13,18,14,1,74,10,1019,41.25,18,10,14,122,116,113,0,1,12.2,météo favorable
2018-08-26,22,8,8,9,20,16,0,50,10,1020,11.375,23,8,17,113,113,113,0,1,13.8,météo favorable
2018-08-27,27,11,8,13,27,21,0,73,10,1019,31.875,27,17,22,113,116,116,0,1,13.3,météo favorable
2018-08-28,29,16,6,17,29,24,0,61,9,1019,11.375,30,16,24,113,113,113,0,1,13.7,météo idéale
2018-08-29,26,16,12,19,26,20,1.8,76,9.875,1022,30.375,27,17,20,116,116,116,0,1,13.7,météo favorable
2018-08-30,20,12,9,13,19,17,0,65,8,1023,56.5,20,13,17,116,122,116,0,1,12.1,météo correcte
2018-08-31,21,12,12,13,21,16,0.2,69,10,1023,24.25,21,11,16,116,113,113,0,1,13.2,météo favorable
2018-09-01,22,9,17,10,21,18,0,56,8,1023,9.625,24,9,18,113,113,113,0,1,11.6,météo favorable
2018-09-02,23,10,13,11,22,18,0,65,10,1022,20.625,24,12,18,113,116,116,0,1,11.6,météo favorable
2018-09-03,23,11,8,12,23,18,0,69,9,1018,31.25,25,12,18,116,116,116,0,1,11.6,météo favorable
2018-09-04,25,12,8,13,24,19,0,61,7.75,1017,25.375,25,13,20,116,113,113,0,1,11.6,météo favorable
2018-09-05,28,13,6,15,27,22,0.3,52,9.875,1017,16.5,27,13,22,113,113,113,0,1,11.6,météo favorable
2018-09-06,20,15,5,16,20,17,6.1,94,7.5,1016,48.75,21,17,17,116,119,143,0,1,9.1,météo correcte
2018-09-07,23,13,10,14,23,17,0.1,80,6.25,1020,45.5,25,15,17,248,113,113,0,1,11.6,météo favorable
2018-09-08,25,11,5,11,24,18,0,63,8.75,1022,20.125,26,11,18,116,113,113,0,1,11.6,météo favorable
2018-09-09,28,12,4,13,27,21,0,58,10,1023,15.5,28,13,21,113,116,116,0,1,11.6,météo favorable
2018-09-10,29,15,6,15,28,22,0,49,10,1026,9.125,28,13,22,113,113,113,0,1,11.6,météo idéale
2018-09-11,30,15,3,16,30,22,0,57,10,1027,2.875,31,14,23,113,113,113,0,1,11.6,météo idéale
2018-09-12,31,17,9,17,30,25,0,48,9.875,1024,15.5,30,15,25,113,113,200,0,1,11.6,météo idéale
2018-09-13,28,16,10,17,28,19,0.7,85,9.875,1020,29.25,28,16,19,116,116,116,0,1,11.6,météo favorable
2018-09-14,23,13,9,14,23,19,0,69,7,1023,32.5,25,14,19,143,116,116,0,1,11.6,météo favorable
2018-09-15,23,10,12,10,22,16,0,61,10,1025,1.5,24,10,16,113,113,113,0,1,11.6,météo favorable
2018-09-16,27,10,7,11,26,20,0,61,10,1023,21.375,26,12,19,113,122,113,0,1,10.2,météo correcte
2018-09-17,29,14,10,14,28,22,0,54,10,1022,4.25,28,13,22,113,113,113,0,1,11.6,météo favorable
2018-09-18,29,16,10,16,28,22,1.1,57,9.875,1020,10,28,14,23,113,113,113,0,1,11.6,météo idéale
2018-09-19,30,16,4,17,30,23,1.1,61,9.875,1022,19.5,30,16,23,113,113,113,0,1,11.6,météo idéale
2018-09-20,30,16,3,16,30,22,0,57,10,1022,14.75,30,14,22,113,113,113,0,1,11.6,météo idéale
2018-09-21,26,11,17,17,26,14,0.6,84,9.375,1024,29.625,26,14,13,113,122,113,0,1,8.8,météo correcte
2018-09-22,22,8,5,8,21,17,0,54,10,1026,23.5,23,8,16,113,116,116,0,1,11.6,météo favorable
2018-09-23,27,15,13,17,27,21,3,74,9.625,1023,73.25,27,17,21,122,116,116,0,1,8.8,météo défavorable
2018-09-24,16,8,22,8,15,12,0.2,68,9.875,1032,25.5,16,10,9,116,113,113,0,1,11.6,météo correcte
2018-09-25,18,7,11,7,17,13,0,55,10,1033,1.875,18,4,11,113,113,113,0,1,11.6,météo favorable
2018-09-26,23,6,6,6,22,16,0,58,10,1034,0.625,24,8,15,113,113,113,0,1,11.6,météo favorable
2018-09-27,25,10,5,10,24,17,0,66,10,1032,0,26,12,18,113,113,113,0,1,11.6,météo favorable
2018-09-28,24,11,13,11,24,20,0,61,10,1024,10.25,25,12,20,113,113,116,0,1,11.6,météo favorable
2018-09-29,19,9,12,9,18,13,0,77,10,1021,18.5,19,10,13,116,113,113,0,1,11.6,météo favorable
2018-09-30,21,9,8,9,21,14,0.1,72,8.75,1020,24.5,24,10,15,113,200,113,0,1,11.6,météo correcte
2018-10-01,13,8,16,10,12,10,1.5,83,9.75,1025,51.125,13,8,8,122,116,116,0,1,11.6,météo correcte
2018-10-02,14,3,10,3,14,9,0,62,10,1027,38.25,14,3,9,116,116,116,0,1,11.6,météo correcte
2018-10-03,19,8,14,10,18,14,0,87,9,1028,59.75,19,12,13,122,116,113,0,1,10.2,météo correcte
2018-10-04,19,9,6,9,18,13,0,83,6.25,1027,41.875,20,11,12,248,113,113,0,1,11.6,météo favorable
2018-10-05,25,9,11,9,24,17,0,59,9,1023,3.75,25,10,17,113,113,113,0,1,11.6,météo favorable
2018-10-06,24,12,17,12,23,19,3.9,55,9.625,1017,14.25,25,13,19,113,113,113,0,1,11.6,météo favorable
2018-10-07,14,11,5,11,14,11,11.1,95,4.25,1019,77.75,15,14,12,248,116,143,0,1,8.7,météo défavorable
2018-10-08,19,11,6,11,18,13,0.2,89,6.25,1022,53.625,19,12,13,248,116,113,0,1,10.1,météo favorable
2018-10-09,20,9,4,9,19,12,0,75,7,1022,6.75,21,11,13,143,113,113,0,1,11.6,météo favorable
2018-10-10,20,8,8,8,20,15,0.6,63,9,1019,34.75,20,11,15,113,113,122,0,1,10.1,météo favorable
2018-10-11,23,12,16,12,22,18,3.2,80,7.75,1017,33,25,14,17,143,113,113,0,1,11.5,météo favorable
2018-10-12,24,15,14,15,24,17,0,79,10,1024,17.75,25,14,17,116,113,113,0,1,11.5,météo idéale
2018-10-13,24,13,16,13,24,18,0,67,8,1024,8.25,25,14,18,143,113,113,0,1,8.7,météo favorable
2018-10-14,22,14,23,14,22,19,0,50,10,1016,11.875,24,11,19,113,113,113,0,1,8.7,météo favorable
2018-10-15,23,12,3,12,23,17,0,59,10,1015,13.625,24,10,17,113,113,113,0,1,8.7,météo favorable
2018-10-16,23,12,4,12,23,15,0,74,10,1019,15.875,25,11,16,116,113,113,0,1,8.7,météo favorable
2018-10-17,20,10,8,10,20,14,0,75,10,1019,4.125,20,11,14,113,113,113,0,1,8.7,météo favorable
2018-10-18,20,9,10,9,19,15,0,72,9,1018,5,20,10,15,143,113,113,0,1,8.7,météo favorable
2018-10-19,18,10,6,10,17,12,0,91,6.75,1023,43.625,18,11,12,143,113,116,0,1,7.1,météo favorable
2018-10-20,17,8,10,8,16,12,0,86,5.25,1027,39.375,18,10,11,248,113,113,0,1,8.7,météo correcte
2018-10-21,16,7,12,7,14,11,0,84,6.25,1027,41.375,16,9,9,248,113,113,0,1,8.7,météo correcte
2018-10-22,15,5,15,5,14,12,0,62,10,1029,4.875,15,5,9,113,113,113,0,1,8.7,météo correcte
2018-10-23,15,5,10,5,14,9,0,76,8.75,1031,17.375,15,5,8,248,113,113,0,1,8.7,météo correcte
2018-10-24,16,5,14,5,16,11,0,88,9,1030,14.5,16,9,10,113,113,113,0,1,8.7,météo correcte
2018-10-25,13,7,6,10,12,8,0.1,99,4.25,1025,85.375,13,9,8,143,122,248,0,1,5.5,météo défavorable
2018-10-26,15,5,5,5,15,10,0,77,6.25,1018,65.125,15,7,10,248,113,116,0,1,8.7,météo très défavorable
2018-10-27,8,4,11,7,6,4,3,93,7.75,1011,82.25,8,7,2,143,119,116,0,1,3.8,météo très défavorable
2018-10-28,8,4,14,4,7,5,3.2,89,8.75,1004,89.875,8,4,2,122,122,122,0,1,3.8,météo très défavorable
2018-10-29,4,3,14,3,3,3,12.8,96,5.625,1003,100,4,4,-0,248,122,122,0,1,3.8,météo très défavorable
2018-10-30,7,2,17,2,7,3,4.3,92,7.875,1012,58.625,8,4,-0,122,116,113,2.3,1,7.1,météo très défavorable
2018-10-31,12,3,6,6,12,7,1.3,89,7.375,1012,49.625,12,6,6,143,116,113,0,1,8.7,météo très défavorable
2018-11-01,11,6,15,7,11,8,2.2,93,5.875,1019,71,12,8,7,143,122,116,0,1,5.4,météo défavorable
2018-11-02,12,6,8,6,12,7,0.1,94,6,1026,48.25,12,7,6,122,116,143,0,1,8.7,météo défavorable
2018-11-03,11,5,10,5,11,6,0,95,7,1026,65.875,11,6,5,143,119,143,0,1,3.7,météo très défavorable
2018-11-04,11,4,3,4,11,6,0,87,7.75,1021,37.625,12,6,6,116,113,116,0,1,8.7,météo très défavorable
2018-11-05,16,5,8,5,16,10,0,90,9,1010,24.375,16,10,10,143,113,116,0,1,8.7,météo correcte
2018-11-06,12,8,11,8,10,9,2.6,93,7.25,1011,47,12,9,8,143,122,113,0,1,3.7,météo défavorable
2018-11-07,12,8,19,8,12,10,7.5,98,8,1018,54.25,12,10,10,113,122,248,0,1,5.4,météo défavorable
2018-11-08,11,5,5,5,11,8,0.2,91,7,1022,50,12,9,9,143,116,122,0,1,7,météo très défavorable
2018-11-09,14,8,5,8,13,10,2.2,91,9.875,1016,56.25,14,11,9,119,116,116,0,1,7,météo correcte
2018-11-10,14,10,23,12,14,12,7.5,90,9.375,1011,71.75,14,11,10,122,122,122,0,1,3.7,météo défavorable
2018-11-11,18,11,21,11,18,13,3.6,81,9.5,1015,21.75,18,10,12,116,113,113,0,1,8.7,météo favorable
2018-11-12,20,13,25,15,20,15,0.1,75,10,1022,25.5,20,10,14,113,119,116,0,1,7,météo correcte
2018-11-13,14,7,4,9,11,8,1.8,93,8.875,1031,52.25,14,10,8,122,116,113,0,1,7,météo correcte
2018-11-14,13,5,5,5,13,8,0,93,6,1030,15,14,10,9,143,113,113,0,1,8.7,météo correcte
2018-11-15,14,8,5,8,14,9,0,95,4.75,1025,43.25,14,11,9,248,116,143,0,1,8.7,météo correcte
2018-11-16,9,3,5,7,9,4,0.1,93,5.75,1025,41,10,7,5,143,116,113,0,1,8.7,météo très défavorable
2018-11-17,7,1,7,1,7,2,0,84,6.75,1024,30.25,7,2,2,248,116,113,0,1,8.7,météo très défavorable
2018-11-18,5,-1,6,-1,5,-0,0,94,6.75,1023,17.375,6,1,-1,260,113,113,0,1,8.7,météo très défavorable
2018-11-19,4,-2,10,-2,4,1,0,77,8,1016,55.25,4,0,-2,143,119,119,0,1,5.3,météo très défavorable
2018-11-20,6,-2,13,-0,6,3,2,91,9.75,1007,65.875,6,2,1,122,116,119,0,1,7,météo très défavorable
2018-11-21,6,2,6,2,6,2,2.2,95,5.375,1017,61.5,7,4,2,248,116,143,0,1,7,météo très défavorable
2018-11-22,8,0,6,0,8,3,0.4,92,7,1020,22.375,8,5,4,143,113,113,0,1,8.7,météo très défavorable
2018-11-23,7,2,6,2,7,4,13.5,97,7,1019,61.375,7,4,4,143,122,122,0,1,5.3,météo très défavorable
2018-11-24,10,3,6,3,10,6,0,90,6.5,1016,43.875,10,6,5,143,113,116,0,1,8.7,météo très défavorable
2018-11-25,6,3,8,3,6,4,3.5,97,7.375,1012,61,6,5,3,116,122,248,0,1,3.4,météo très défavorable
2018-11-26,6,2,10,3,5,5,2.7,95,4.75,1014,92.375,6,5,3,143,122,143,0,1,3.4,météo très défavorable
2018-11-27,6,2,9,4,6,3,1.8,94,6.875,1024,79.75,6,4,2,143,122,116,0,1,3.4,météo très défavorable
2018-11-28,8,2,6,3,8,5,0.3,92,8,1024,62.125,8,5,4,122,119,116,0,1,5.1,météo très défavorable
2018-11-29,13,5,18,5,13,9,0,75,10,1022,46.25,13,6,5,122,116,113,0,1,8.6,météo correcte
2018-11-30,8,5,7,6,7,5,3.8,97,6.75,1020,80.25,8,7,5,122,122,248,0,1,3.2,météo très défavorable
2018-12-01,9,4,10,4,9,6,0.6,91,6.375,1021,54.125,9,5,4,143,116,116,0,1,8.5,météo très défavorable
2018-12-02,10,7,16,8,10,10,14.8,93,8.75,1016,100,10,9,6,122,122,122,0,1,3.2,météo défavorable
2018-12-03,14,10,13,10,14,11,4.3,92,9.625,1017,78.125,14,11,10,122,200,200,0,1,5,météo défavorable
2018-12-04,13,7,8,9,13,8,1.1,95,5.875,1027,46.75,13,9,8,143,116,143,0,1,8.5,météo correcte
2018-12-05,11,5,6,5,11,8,0,91,8,1027,67,11,7,7,143,116,119,0,1,5,météo très défavorable
2018-12-06,11,8,7,9,11,10,2.2,95,5.75,1026,95.125,11,10,10,143,122,143,0,1,3.2,météo défavorable
2018-12-07,12,7,15,8,12,10,0.9,91,6.875,1025,54.25,12,9,8,143,116,122,0,1,6.9,météo défavorable
2018-12-08,8,4,17,4,7,7,2.4,84,8.875,1024,75.375,8,6,4,119,122,122,0,1,3.2,météo très défavorable
2018-12-09,10,7,20,9,10,7,1.7,85,9,1024,84,10,8,6,122,116,119,0,1,5,météo défavorable
2018-12-10,8,5,12,6,8,5,1.5,95,8,1029,74.625,8,6,3,122,119,143,0,1,3.2,météo très défavorable
2018-12-11,6,0,11,3,6,1,0.2,92,7,1028,40.625,6,4,-1,143,116,113,0,1,8.4,météo très défavorable
2018-12-12,2,-3,4,-2,2,-2,0,92,7,1024,14.875,3,0,-1,143,113,113,0,1,8.4,météo très défavorable
2018-12-13,2,-4,5,-4,1,-3,0,78,9,1018,17.125,2,0,-2,143,113,113,0,1,8.4,météo très défavorable
2018-12-14,1,-4,6,-4,1,-3,0,90,9,1024,23.375,1,0,-5,143,113,116,0,1,8.4,météo très défavorable
2018-12-15,1,-4,7,-4,1,-0,1.8,83,9.5,1025,55.75,1,0,-3,116,116,122,0,1,6.8,météo très défavorable
2018-12-16,6,1,5,2,6,2,0.6,98,3.5,1016,85.25,6,5,2,143,116,248,0,1,6.8,météo très défavorable
2018-12-17,7,3,6,4,7,4,2.3,93,7.625,1031,71.625,7,5,3,143,119,119,0,1,6.8,météo très défavorable
2018-12-18,7,0,14,0,7,6,0,90,7,1030,26.25,7,4,0,143,113,119,0,1,8.4,météo très défavorable
2018-12-19,8,5,7,7,8,5,6.3,97,8,1019,76.375,8,7,4,122,122,143,0,1,6.8,météo très défavorable
2018-12-20,8,3,12,3,8,5,0.2,89,10,1026,51.75,9,5,2,113,116,119,0,1,6.8,météo très défavorable
2018-12-21,10,6,18,7,8,9,26,90,7.5,1025,89.375,10,8,4,119,308,122,0,1,3.1,météo très défavorable
2018-12-22,12,8,9,8,12,10,1.3,94,9,1029,78.25,12,10,9,143,119,122,0,1,3.1,météo défavorable
2018-12-23,12,8,9,8,12,11,0.3,92,6,1029,84.75,12,10,8,143,122,122,0,1,3.1,météo défavorable
2018-12-24,10,4,13,10,10,5,0.5,94,7,1033,75.125,10,9,3,122,122,143,0,1,5,météo très défavorable
2018-12-25,5,-1,4,-1,5,-1,0,94,4.75,1035,20.25,6,2,-2,260,113,143,0,1,8.4,météo très défavorable
2018-12-26,3,-3,2,-3,3,-2,0,80,8,1034,9,4,0,-2,113,113,113,0,1,8.7,météo très défavorable
2018-12-27,4,-3,4,-3,4,-1,0,56,10,1030,32.25,4,0,-2,113,116,116,0,1,8.7,météo très défavorable
2018-12-28,4,-1,5,-1,4,1,0,97,8,1033,73.125,4,1,0,116,122,143,0,1,3.3,météo très défavorable
2018-12-29,1,-3,9,-1,1,-3,0,97,6,1038,62.25,1,0,-3,143,119,116,0,1,5.1,météo très défavorable
2018-12-30,4,-2,11,-1,4,-0,0,97,6.5,1038,51.25,4,2,-3,119,116,143,0,1,8.7,météo très défavorable
2018-12-31,5,-1,9,-1,5,3,0.1,98,3.75,1038,81.125,5,3,-1,260,122,248,0,1,5.1,météo très défavorable
2019-01-01,6,4,10,4,6,5,0.6,95,5,1036,84.75,6,4,3,248,143,119,0,1,3.3,météo très défavorable
2019-01-02,5,3,19,4,4,2,0.4,87,8,1038,39.125,5,3,-1,143,116,116,0,1,8.7,météo très défavorable
2019-01-03,3,-1,20,-1,3,1,0,78,10,1038,13.125,3,0,-5,116,113,113,0,1,8.7,météo très défavorable
2019-01-04,4,-1,19,-1,3,1,0,84,9.375,1038,20.875,4,0,-5,116,116,116,0,1,8.7,météo très défavorable
2019-01-05,3,0,12,0,2,3,0.2,88,8,1038,90,3,2,-3,122,122,122,0,1,3.3,météo très défavorable
2019-01-06,4,1,13,1,3,2,0.1,90,7.625,1036,85.625,4,2,-2,143,119,119,0,1,3.3,météo très défavorable
2019-01-07,4,-1,13,-1,3,3,0,88,9,1036,80.875,4,0,-3,119,122,116,0,1,3.3,météo très défavorable
2019-01-08,5,1,8,1,4,5,2.4,95,4.875,1035,87.375,5,4,0,143,266,266,0,1,3.3,météo très défavorable
2019-01-09,4,2,19,2,4,2,10.2,90,8.625,1025,75,4,2,-2,176,371,365,2.6,1,3.3,météo très défavorable
2019-01-10,2,-0,17,-0,1,2,0.6,86,7.875,1026,81.125,2,0,-5,332,326,119,0.5,1,3.3,météo très défavorable
2019-01-11,3,-3,11,-3,1,2,0.1,87,7.875,1030,69.625,3,0,-6,143,119,122,0.1,1,5.1,météo très défavorable
2019-01-12,5,2,9,1,5,4,1.9,93,6.25,1030,92.25,5,3,1,311,176,176,0,1,3.4,météo très défavorable
2019-01-13,8,5,9,5,7,7,26.9,97,5.25,1026,100,8,6,4,302,302,266,0,1,3.4,météo très défavorable
2019-01-14,8,8,14,8,8,6,6,86,8.375,1025,78.75,8,6,4,266,353,176,0,1,3.4,météo très défavorable
2019-01-15,7,1,6,1,6,4,0.3,91,8.875,1027,19.75,7,3,1,116,116,116,0,1,8.7,météo très défavorable
2019-01-16,9,-0,12,-0,6,7,0,84,7,1023,21.125,9,3,-1,143,116,116,0,1,8.7,météo très défavorable
2019-01-17,8,5,10,5,7,5,8.6,90,8.375,1018,68.375,8,4,3,116,302,176,0,1,3.4,météo très défavorable
2019-01-18,4,-1,10,-0,2,1,0.9,90,9.125,1021,63.875,4,1,-3,371,116,119,0.2,1,8.7,météo très défavorable
2019-01-19,5,-3,8,-3,3,3,1.6,84,7,1019,41.375,5,0,-3,143,116,116,0,1,8.7,météo très défavorable
2019-01-20,3,2,7,2,2,2,19.2,97,6.375,1017,91.625,3,3,-1,266,389,296,0,1,3.4,météo très défavorable
2019-01-21,4,1,10,1,3,2,0.4,94,5.875,1021,82.625,4,1,-2,248,122,119,0.1,1,3.4,météo très défavorable
2019-01-22,3,-4,9,-4,2,2,1.5,76,7.375,1020,62.375,3,0,-5,116,119,122,1.2,1,3.4,météo très défavorable
2019-01-23,1,-1,10,-1,1,1,18.4,96,3.75,1005,94.5,1,0,-3,326,395,338,15.6,1,3.4,météo très défavorable
2019-01-24,-1,-3,13,-2,-1,-2,1.6,90,5.375,1017,87.5,0,0,-7,332,119,371,1.3,1,3.5,météo très défavorable
2019-01-25,1,-7,8,-6,-1,-1,0.1,91,7.5,1022,54.75,1,0,-7,260,116,116,0.1,1,8.7,météo très défavorable
2019-01-26,5,1,8,1,4,3,1.4,97,2.125,1022,91.375,5,4,1,266,143,248,0,1,3.5,météo très défavorable
2019-01-27,7,4,17,4,7,4,10.3,89,9,1009,83.5,7,5,0,116,176,353,0,1,3.5,météo très défavorable
2019-01-28,5,-2,9,-1,4,2,2.4,91,7.75,1012,65.875,5,0,-1,116,119,362,0.4,1,3.5,météo très défavorable
2019-01-29,3,-1,15,-1,2,3,2.1,90,9.125,1014,92.375,3,0,-2,326,122,122,0.3,1,3.5,météo très défavorable
2019-01-30,4,1,13,2,3,2,12.9,86,6.875,1005,91.25,4,1,-2,317,368,362,2.4,1,3.5,météo très défavorable
2019-01-31,6,-1,18,-0,5,6,6.6,90,6.625,1001,86.5,6,3,-1,371,116,266,3.1,1,3.5,météo très défavorable
2019-02-01,7,5,7,6,6,6,18.7,97,6.75,993,98.625,7,6,4,353,302,296,0,1,3.5,météo très défavorable
2019-02-02,4,1,15,1,4,3,12.3,95,4.625,1006,92.125,4,3,0,143,317,302,0,1,3.5,météo très défavorable
2019-02-03,2,2,22,2,2,1,10.4,92,3.875,1027,89.125,2,1,-3,338,338,371,8.8,1,3.5,météo très défavorable
2019-02-04,5,-3,8,-3,3,3,0,89,7.875,1030,42.375,5,0,-4,143,116,116,0,1,8.7,météo très défavorable
2019-02-05,7,-1,5,-0,6,4,0,71,12.5,1029,26.5,7,0,1,116,113,116,0,1,8.7,météo très défavorable
2019-02-06,10,-0,5,-0,7,8,0,80,10,1030,9.5,10,4,1,113,116,116,0,1,8.7,météo très défavorable
2019-02-07,11,3,11,3,7,9,4.2,87,9.25,1025,78.5,11,7,1,176,296,116,0,1,3.7,météo très défavorable
2019-02-08,11,3,11,3,9,8,0.4,88,9.875,1025,60.5,11,5,3,116,116,116,0,1,7.1,météo très défavorable
2019-02-09,14,5,15,6,12,12,0.4,75,16.75,1020,56.25,14,7,5,116,176,119,0,1,5.4,météo correcte
2019-02-10,11,8,24,9,11,6,14,79,10.125,1017,79.5,11,6,3,122,266,299,0,1,3.8,météo défavorable
2019-02-11,7,2,12,2,5,5,1.9,87,11.75,1032,83.75,7,3,1,176,122,353,0,1,5.2,météo très défavorable
2019-02-12,8,1,11,1,6,6,0.1,92,9.25,1036,57.75,8,2,0,248,116,116,0,1,10,météo très défavorable
2019-02-13,10,-1,5,-1,7,7,0,76,11.5,1036,8.625,10,0,1,116,116,116,0,1,10.6,météo très défavorable
2019-02-14,12,0,7,1,10,10,0,65,13.75,1037,3.5,12,2,2,116,116,116,0,1,10.6,météo très défavorable
2019-02-15,14,2,6,2,11,11,0,74,12.875,1033,3.125,14,3,4,116,113,113,0,1,10.6,météo correcte
2019-02-16,15,3,10,3,12,13,0,65,14.625,1031,11.875,15,4,4,113,116,116,0,1,10.6,météo correcte
2019-02-17,15,4,15,4,12,13,0,62,15,1028,8.375,15,3,5,116,116,113,0,1,10.7,météo correcte
2019-02-18,14,4,17,4,11,12,0,77,11.625,1025,38.875,14,3,4,113,116,116,0,1,6.9,météo correcte
2019-02-19,13,4,5,4,11,12,0,81,11.25,1024,35.875,14,6,6,116,119,116,0,1,10,météo correcte
2019-02-20,15,4,6,4,12,13,0,81,10,1027,7.125,15,5,6,116,116,116,0,1,10.8,météo correcte
2019-02-21,16,5,3,5,14,15,0,75,10,1031,3.375,18,6,8,116,116,116,0,1,10.8,météo correcte
2019-02-22,15,5,19,5,13,12,0,87,9,1033,4.625,15,8,6,116,116,116,0,1,10.8,météo correcte
2019-02-23,13,4,8,4,11,10,0,85,18.375,1031,21.75,13,6,6,143,113,113,0,1,10.9,météo correcte
2019-02-24,15,3,7,3,11,13,0,85,11.25,1033,13.875,15,8,5,116,119,116,0,1,10.9,météo correcte
2019-02-25,15,2,5,3,12,14,0,80,10,1034,5.25,15,5,6,113,116,113,0,1,10.9,météo correcte
2019-02-26,16,4,5,4,14,15,0,73,10,1033,3.125,17,6,8,113,116,116,0,1,11,météo correcte
2019-02-27,18,5,4,5,16,15,0,79,8,1030,0.125,18,6,9,143,113,113,0,1,11,météo favorable
2019-02-28,16,6,13,6,15,14,0,75,10,1026,8.125,16,7,9,113,116,116,0,1,11,météo correcte
2019-03-01,11,6,17,7,10,9,2.2,87,9.875,1026,78.75,11,6,6,176,353,353,0,1,5.5,météo défavorable
2019-03-02,9,3,9,4,7,8,7.1,89,5.75,1024,71.625,9,7,5,143,119,353,0,1,5.5,météo très défavorable
2019-03-03,15,4,14,4,12,14,0,84,6.625,1024,42.375,17,6,5,143,116,116,0,1,10.1,météo correcte
2019-03-04,13,8,27,11,12,11,3.7,74,8.875,1017,47.625,13,5,8,116,293,116,0,1,8.6,météo correcte
2019-03-05,13,4,10,4,12,11,0.6,71,9.875,1018,52.5,13,3,6,353,116,116,0,1,11.2,météo correcte
2019-03-06,15,6,35,7,15,14,0.2,58,10,1014,51.75,15,6,8,122,116,176,0,1,8.6,météo correcte
2019-03-07,14,8,19,9,12,11,10.1,75,9.125,1014,76.25,14,7,7,302,353,116,0,1,8.6,météo défavorable
2019-03-08,12,6,6,6,11,10,7.6,83,8.75,1024,83.5,12,5,8,296,176,176,0,1,5.6,météo défavorable
2019-03-09,10,6,13,7,8,10,10.2,94,6.625,1026,91.25,10,10,5,263,266,296,0,1,5.7,météo défavorable
2019-03-10,13,8,15,11,12,10,12.3,90,9.375,1027,94.5,13,10,8,353,353,353,0,1,5.7,météo défavorable
2019-03-11,8,2,23,4,7,5,4.1,81,9.75,1033,53.625,8,4,3,116,176,353,0,1,10.1,météo très défavorable
2019-03-12,13,-0,16,-0,9,11,0.1,70,9.375,1034,41.625,13,2,2,116,116,116,0,1,10.1,météo très défavorable
2019-03-13,9,2,17,2,8,7,9.1,83,8.375,1023,57.625,9,4,3,116,353,353,0,1,10.2,météo très défavorable
2019-03-14,7,-1,13,4,7,5,28.3,95,7.625,1024,96.375,7,7,3,176,296,302,0,1,5.9,météo très défavorable
2019-03-15,12,9,10,10,11,11,8.3,93,6.875,1024,89.375,12,10,9,296,266,353,0,1,6,météo défavorable
2019-03-16,16,5,10,6,14,16,0.3,83,9,1025,49.375,18,7,8,176,116,113,0,1,10.2,météo correcte
2019-03-17,14,4,20,6,14,7,3,78,16.375,1020,34.5,14,6,5,113,116,293,0,1,8.8,météo correcte
2019-03-18,9,2,14,4,8,6,1,80,17,1025,74.375,9,2,4,122,122,176,0,1,6,météo très défavorable
2019-03-19,10,-0,17,0,9,8,0,85,8.75,1030,21.625,10,2,2,143,116,116,0,1,11.6,météo très défavorable
2019-03-20,12,0,19,1,10,9,0,69,10,1032,6,12,2,2,116,113,116,0,1,11.6,météo très défavorable
2019-03-21,13,-0,7,1,10,10,0,72,10,1033,3,13,4,4,113,113,113,0,1,11.6,météo très défavorable
2019-03-22,19,3,5,3,16,16,0,69,10,1032,5.75,19,5,8,116,113,113,0,1,11.6,météo favorable
2019-03-23,18,5,12,5,16,15,0,72,10,1030,7.5,18,8,10,116,113,113,0,1,11.6,météo favorable
2019-03-24,18,5,8,6,16,15,0,80,6.625,1027,34.875,18,7,10,248,116,116,0,1,11.6,météo favorable
2019-03-25,11,5,21,6,11,8,0.5,70,9.875,1027,47.75,11,6,5,119,116,176,0,1,10.3,météo très défavorable
2019-03-26,11,3,24,3,9,9,0.1,73,10,1030,37.875,11,2,2,122,116,116,0,1,11.6,météo très défavorable
2019-03-27,13,1,21,1,11,10,0,73,10,1031,6.75,13,4,2,116,116,116,0,1,11.6,météo très défavorable
2019-03-28,14,2,17,3,12,12,0,72,18.375,1032,8.5,14,5,4,116,116,116,0,1,11.6,météo correcte
2019-03-29,17,3,13,3,14,15,0,77,20,1030,12.5,18,6,7,143,116,116,0,1,11.6,météo correcte
2019-03-30,17,4,12,4,15,16,0,64,20,1028,10,19,5,9,116,116,116,0,1,11.6,météo correcte
2019-03-31,18,4,8,5,17,16,0,66,11.25,1023,9.375,18,8,11,116,116,116,0,1,11.6,météo favorable
2019-04-01,20,6,5,6,18,17,0,75,8,1018,41,20,8,12,143,122,116,0,1,9,météo correcte
2019-04-02,17,6,11,6,17,12,4.5,79,8.75,1015,56,17,8,11,116,116,266,0,1,9,météo correcte
2019-04-03,8,5,8,8,7,6,55,97,6.25,1009,93.375,8,7,5,356,308,302,0,1,6.5,météo très défavorable
2019-04-04,10,2,8,3,8,7,11.7,83,8.875,1006,78.875,10,4,3,317,176,176,0,1,6.5,météo très défavorable
2019-04-05,13,-1,8,-0,11,12,0,66,10,1007,32.5,14,2,6,116,116,116,0,1,11.6,météo très défavorable
2019-04-06,12,4,14,5,12,10,0.2,71,10,1004,73.25,12,5,9,122,119,119,0,1,6.5,météo très défavorable
2019-04-07,11,6,8,6,11,9,8.7,91,7.125,1011,91.375,11,8,8,296,266,353,0,1,6.5,météo défavorable
2019-04-08,15,6,5,6,13,12,4.8,86,6.25,1013,92,15,8,8,266,122,176,0,1,6.6,météo défavorable
2019-04-09,16,5,9,5,14,12,2,83,5.875,1012,68.75,16,8,9,143,116,176,0,1,7.8,météo très défavorable
2019-04-10,15,5,14,5,14,12,1.8,85,6.25,1012,84.5,15,8,8,248,119,176,0,1,6.6,météo très défavorable
2019-04-11,14,7,22,7,13,12,0.5,81,6.5,1017,67.25,14,8,7,143,116,116,0,1,11.6,météo défavorable
2019-04-12,13,2,17,3,11,10,0,67,10,1020,18.125,13,4,4,116,113,113,0,1,13.2,météo correcte
2019-04-13,11,-0,13,0,9,9,0,72,9,1021,37.625,11,1,2,143,119,116,0,1,13.3,météo très défavorable
2019-04-14,10,-3,16,-2,8,8,0,60,10,1022,4.625,10,0,-0,113,116,116,0,1,13.7,météo très défavorable
2019-04-15,15,-0,15,0,13,13,0,71,8,1023,14.25,15,6,7,143,116,116,0,1,13.7,météo très défavorable
2019-04-16,12,7,12,8,9,12,5,89,7.625,1021,79.75,12,10,7,176,263,263,0,1,8.6,météo défavorable
2019-04-17,19,6,9,6,17,17,0.1,80,6.375,1022,39.5,20,8,11,248,116,116,0,1,13.8,météo favorable
2019-04-18,21,9,15,9,19,17,0,69,10,1021,12.5,21,10,14,116,116,116,0,1,13.8,météo favorable
2019-04-19,22,9,8,10,21,19,1.1,61,9.875,1026,22.875,24,11,15,116,116,200,0,1,13.9,météo favorable
2019-04-20,21,10,7,11,20,18,5.3,75,9.875,1027,59.125,24,13,16,116,116,200,0,1,11,météo correcte
2019-04-21,21,10,6,11,20,18,0.9,71,9.875,1023,59.5,23,11,16,116,119,119,0,1,12.2,météo correcte
2019-04-22,23,10,10,12,21,20,0,74,10,1014,18,25,13,16,116,116,116,0,1,13.9,météo favorable
2019-04-23,18,11,10,12,15,17,4.2,88,7.875,1000,72.375,18,12,13,266,266,116,0,1,9.9,météo défavorable
2019-04-24,16,13,33,14,15,15,2.6,74,10,1007,51.125,16,10,13,116,353,176,0,1,11.1,météo correcte
2019-04-25,16,6,35,13,16,10,36.5,95,8.5,1012,77,16,11,9,119,122,302,0,1,9.9,météo très défavorable
2019-04-26,14,5,10,6,13,12,31.4,82,6.875,1021,78,14,9,9,143,116,356,0,1,9.9,météo très défavorable
2019-04-27,13,6,18,7,10,11,6.4,95,7.875,1025,83,13,9,6,143,296,353,0,1,8.8,météo défavorable
2019-04-28,11,6,14,6,11,9,4.8,84,9.625,1026,72.25,11,6,5,176,116,353,0,1,10,météo défavorable
2019-04-29,13,3,15,4,10,12,2.2,92,7.375,1024,63.375,13,6,4,248,176,116,0,1,11.1,météo correcte
2019-04-30,16,4,19,5,15,14,0.2,76,7.875,1023,55.5,16,10,9,248,116,176,0,1,12.2,météo correcte
2019-05-01,18,4,8,6,16,16,0,76,6.375,1019,47,18,9,10,248,113,113,0,1,13.4,météo favorable
2019-05-02,13,8,17,9,13,12,9,92,8.5,1015,69.375,13,11,10,143,353,353,0,1,8.9,météo défavorable
2019-05-03,14,6,11,7,11,13,4.8,93,9,1015,86,14,8,8,353,176,176,0,1,8.9,météo défavorable
2019-05-04,13,3,21,6,13,5,6.7,93,5.25,1016,79.5,13,6,1,248,119,356,0,1,8.9,météo très défavorable
2019-05-05,11,0,26,1,9,9,1,69,9.625,1020,72.125,11,2,1,119,119,176,0,1,9,météo très défavorable
2019-05-06,13,-0,15,1,12,11,0,69,7.875,1023,24.375,13,4,5,260,116,116,0,1,14.4,météo très défavorable
2019-05-07,17,1,9,3,15,15,0.1,66,8,1023,51.375,17,7,10,143,122,116,0,1,12.3,météo très défavorable
2019-05-08,13,8,24,11,13,10,36.6,95,6.5,1014,83.625,13,11,9,296,302,308,0,1,9,météo très défavorable
2019-05-09,15,8,19,9,14,13,13.6,87,6.625,1012,75.25,15,11,9,266,353,176,0,1,10.1,météo défavorable
2019-05-10,19,9,9,10,17,18,5.3,80,10,1014,86.5,19,13,14,353,353,119,0,1,9.3,météo défavorable
2019-05-11,14,7,19,12,14,11,12.3,89,8.125,1024,75.5,14,11,9,143,176,353,0,1,10.3,météo défavorable
2019-05-12,15,4,27,6,13,13,1.6,88,7.5,1030,59,15,7,6,248,119,116,0,1,11.4,météo correcte
2019-05-13,16,6,28,7,15,15,0,59,10,1031,6.75,16,6,8,113,116,116,0,1,14.5,météo correcte
2019-05-14,17,9,26,9,16,15,0,56,10,1027,6.5,17,6,10,116,116,116,0,1,14.5,météo correcte
2019-05-15,16,7,25,7,14,14,0,59,10,1022,8.625,16,6,8,116,116,116,0,1,14.5,météo correcte
2019-05-16,17,5,11,6,15,16,0,64,10,1018,6,17,9,9,116,116,116,0,1,14.5,météo correcte
2019-05-17,14,8,12,9,14,13,2.5,87,7.125,1009,63.375,14,11,12,119,116,296,0,1,10.4,météo correcte
2019-05-18,17,7,9,8,17,16,3.7,81,6.25,1007,70,17,12,13,248,116,176,0,1,11.4,météo défavorable
2019-05-19,14,8,10,9,11,14,9.4,96,5,1008,93.5,14,12,9,248,296,266,0,1,9.4,météo défavorable
2019-05-20,14,10,12,11,12,14,4.9,93,9,1013,91.25,14,13,11,353,266,353,0,1,9.4,météo défavorable
2019-05-21,18,10,12,11,15,17,2.9,94,9.25,1017,82.5,18,11,12,353,353,176,0,1,9.5,météo défavorable
2019-05-22,19,9,15,10,19,18,0,77,6.125,1020,39.875,19,11,14,248,116,116,0,1,13.5,météo favorable
2019-05-23,22,8,8,10,20,20,0,67,8,1021,16.875,24,11,15,143,116,116,0,1,14.5,météo favorable
2019-05-24,22,10,12,13,22,19,0.6,70,9.875,1016,40,25,13,18,116,116,116,0,1,13.5,météo favorable
2019-05-25,20,11,15,12,20,18,5,76,9.375,1018,73.75,20,13,17,176,116,176,0,1,10.7,météo défavorable
2019-05-26,21,8,13,10,20,19,0.4,75,8.625,1019,38.5,23,12,15,248,116,116,0,1,14.5,météo favorable
2019-05-27,17,10,13,12,17,17,1.8,80,7.5,1016,70.625,17,13,15,248,176,176,0,1,9.8,météo défavorable
2019-05-28,16,9,17,12,16,14,15.2,84,8.5,1016,76.25,16,12,12,302,176,176,0,1,9.8,météo défavorable
2019-05-29,18,6,14,8,16,17,2.8,82,7.125,1024,77.75,18,10,11,248,176,176,0,1,9.8,météo défavorable
2019-05-30,21,7,12,9,19,19,0,68,7.375,1027,16.375,21,13,15,143,116,116,0,1,14.5,météo favorable
2019-05-31,24,11,11,13,22,22,0,76,5.5,1027,39,25,15,17,248,116,116,0,1,13.6,météo favorable
2019-06-01,27,14,7,16,26,25,0,73,7.25,1024,32.875,28,17,21,248,116,116,0,1,14.5,météo favorable
2019-06-02,29,14,10,16,27,27,0,64,10,1020,9.625,29,16,22,116,116,116,0,1,14.5,météo favorable
2019-06-03,23,16,10,17,23,18,10.1,85,7.625,1017,67.25,25,18,18,386,353,266,0,1,9.8,météo défavorable
2019-06-04,28,14,26,16,26,26,2.5,62,9.75,1016,22.875,28,14,22,116,116,116,0,1,14.5,météo favorable
2019-06-05,27,15,22,16,25,26,1.2,59,9.875,1010,33.625,27,12,20,116,116,116,0,1,13.6,météo favorable
2019-06-06,20,9,9,9,18,19,0.6,75,8.375,1016,45,20,10,13,263,119,116,0,1,12.6,météo correcte
2019-06-07,22,10,27,14,22,12,2.2,80,9.875,1020,34.5,24,9,11,116,116,176,0,1,12.7,météo favorable
2019-06-08,22,7,6,9,20,20,0,56,10,1026,11.125,24,8,15,116,116,116,0,1,14.5,météo favorable
2019-06-09,21,8,5,11,15,21,3.8,84,17.125,1025,57.375,21,15,14,116,266,176,0,1,10.8,météo correcte
2019-06-10,16,11,14,15,16,12,16.1,95,8.375,1017,86.75,16,15,12,353,296,266,0,1,9.9,météo très défavorable
2019-06-11,12,9,7,10,12,11,11.5,97,7,1015,89.125,12,11,11,266,263,296,0,1,9.9,météo défavorable
2019-06-12,21,9,14,11,19,19,13.1,71,15.25,1015,48.5,21,10,14,299,116,116,0,1,13.6,météo défavorable
2019-06-13,25,8,18,11,22,23,0,56,20,1017,5.5,25,10,17,116,116,116,0,1,14.5,météo favorable
2019-06-14,22,13,9,14,17,22,2.3,84,18.75,1015,65.125,22,17,17,176,263,176,0,1,9.9,météo défavorable
2019-06-15,21,14,10,15,21,18,26.2,92,14.875,1021,76.25,22,15,17,353,176,356,0,1,9.9,météo très défavorable
2019-06-16,22,10,12,12,20,20,0,69,17.875,1023,18.25,24,13,16,143,116,113,0,1,14.5,météo favorable
2019-06-17,25,11,9,13,23,23,0,73,19.875,1021,22.75,26,17,18,248,116,116,0,1,14.5,météo favorable
2019-06-18,28,15,12,17,26,26,0,74,20,1017,20.125,29,16,21,143,116,116,0,1,14.5,météo favorable
2019-06-19,27,14,12,16,25,26,0.8,77,11.5,1014,36.875,29,17,20,176,116,200,0,1,14.5,météo favorable
2019-06-20,25,15,8,16,23,24,3,84,8.875,1017,55.125,26,16,19,353,353,176,0,1,14.5,météo correcte
2019-06-21,21,13,14,14,21,19,10.3,91,8.125,1018,69.875,23,17,18,176,116,356,0,1,9.9,météo défavorable
2019-06-22,22,12,6,14,19,22,1.8,82,8.125,1017,65.625,25,16,17,143,122,116,0,1,11.8,météo défavorable
2019-06-23,27,14,6,15,25,25,0,75,7.625,1017,25.875,27,17,20,143,122,116,0,1,13.6,météo correcte
2019-06-24,30,16,15,18,28,28,0,68,10,1018,11.375,31,19,23,116,116,113,0,1,14.5,météo favorable
2019-06-25,31,18,12,19,29,30,0,58,10,1021,10,33,21,24,116,116,116,0,1,14.5,météo favorable
2019-06-26,34,18,14,20,31,31,0,62,10,1022,0.625,36,21,26,113,113,113,0,1,14.5,météo favorable
2019-06-27,35,20,12,22,33,32,0,63,10,1023,0.25,40,24,27,113,113,113,0,1,14.5,météo correcte
2019-06-28,33,21,14,22,31,30,0,69,8,1021,2.25,36,22,26,143,113,113,0,1,14.5,météo favorable
2019-06-29,33,17,5,20,31,32,0,65,10,1019,0,35,21,26,113,113,113,0,1,14.5,météo favorable
2019-06-30,35,21,6,23,32,32,0,69,10,1019,2,40,22,28,116,116,116,0,1,14.5,météo correcte
2019-07-01,29,19,12,21,29,25,18.9,83,8.625,1020,67.375,32,22,25,299,176,356,0,1,9.9,météo très défavorable
2019-07-02,26,15,13,17,24,25,18.2,73,8.75,1021,47.5,27,18,20,386,116,116,0,1,13.6,météo très défavorable
2019-07-03,27,15,14,17,25,26,0.7,75,9.75,1018,50.5,29,19,20,116,176,116,0,1,11.7,météo favorable
2019-07-04,28,14,10,16,26,26,0,66,10,1020,5.625,29,18,21,116,116,116,0,1,14.5,météo favorable
2019-07-05,31,17,6,18,29,28,0,69,10,1020,1.875,31,18,23,113,113,116,0,1,14.5,météo idéale
2019-07-06,33,18,9,19,30,32,8.8,77,9.5,1017,61.375,35,19,24,176,299,200,0,1,10.8,météo correcte
2019-07-07,28,16,7,18,27,26,6.1,74,9.75,1015,73.5,28,18,23,176,116,386,0,1,10.8,météo défavorable
2019-07-08,26,15,12,16,25,24,2.3,75,8.75,1016,28.75,27,17,21,143,116,116,0,1,14.5,météo favorable
2019-07-09,24,12,18,13,22,22,0,66,10,1016,4,25,13,17,116,116,113,0,1,14.5,météo favorable
2019-07-10,24,13,17,13,22,22,0,61,10,1018,14.125,25,11,18,116,116,116,0,1,14.5,météo favorable
2019-07-11,27,14,3,15,24,26,0,63,10,1017,22.25,27,14,19,116,116,116,0,1,14.5,météo favorable
2019-07-12,26,15,10,18,26,24,0.3,63,9.875,1017,41.75,27,17,22,116,116,116,0,1,13.5,météo favorable
2019-07-13,25,15,14,16,23,23,0.6,70,8.75,1018,38.75,26,15,20,143,116,116,0,1,13.5,météo favorable
2019-07-14,25,13,16,14,23,23,0.7,70,8.5,1018,45.375,26,14,19,248,116,116,0,1,12.5,météo favorable
2019-07-15,24,11,23,13,22,23,1,68,9,1016,33.375,25,13,17,143,116,116,0,1,14.5,météo favorable
2019-07-16,26,12,10,14,25,24,0,65,9,1018,8,26,13,19,143,113,116,0,1,14.5,météo favorable
2019-07-17,29,13,6,16,26,26,0,63,10,1017,7.25,28,14,21,116,116,116,0,1,14.5,météo favorable
2019-07-18,27,16,13,18,26,24,0,60,10,1016,15.875,27,13,21,116,116,116,0,1,14.5,météo favorable
2019-07-19,29,15,3,17,27,27,0,66,10,1018,13.125,29,16,22,116,116,116,0,1,14.5,météo favorable
2019-07-20,30,17,15,19,29,29,3.6,70,9.75,1019,25.375,31,19,24,116,116,116,0,1,13.5,météo favorable
2019-07-21,30,18,7,19,28,28,6.9,72,9.5,1023,55.625,30,18,24,353,119,116,0,1,11.5,météo correcte
2019-07-22,31,18,8,20,29,29,0,62,10,1024,11.375,32,17,25,116,116,116,0,1,14.5,météo favorable
2019-07-23,34,19,7,21,32,32,0,64,10,1022,3.5,36,20,27,116,116,116,0,1,14.5,météo favorable
2019-07-24,37,21,7,23,34,35,0,56,10,1017,3.875,38,19,28,116,116,116,0,1,14.5,météo favorable
2019-07-25,36,21,12,22,32,33,0.1,56,10,1017,19.125,37,18,27,116,116,116,0,1,14.5,météo favorable
2019-07-26,33,20,17,22,31,31,1.2,54,9.875,1014,24.25,33,18,26,176,113,116,0,1,14.5,météo idéale
2019-07-27,23,17,11,19,23,19,32.6,92,7.375,1008,76.5,25,19,19,353,353,356,0,1,10.4,météo très défavorable
2019-07-28,20,15,15,15,16,20,28.7,90,6.75,1012,78.125,20,16,14,302,266,116,0,1,10.4,météo très défavorable
2019-07-29,26,12,9,14,24,25,0,61,10,1013,12.375,26,16,19,116,116,116,0,1,14.5,météo favorable
2019-07-30,24,15,10,16,23,23,0,63,10,1018,27.375,25,14,20,116,116,116,0,1,13.5,météo favorable
2019-07-31,23,14,10,14,21,21,0,65,10,1021,19.375,25,13,17,116,116,113,0,1,14.5,météo favorable
2019-08-01,26,12,8,14,24,24,0,62,10,1020,17.625,26,12,19,116,116,116,0,1,14.5,météo favorable
2019-08-02,27,16,9,17,26,25,0,61,10,1018,27.25,27,14,22,116,116,116,0,1,14.5,météo favorable
2019-08-03,27,16,11,17,26,25,0,63,10,1018,19.125,27,14,22,116,116,116,0,1,14.5,météo favorable
2019-08-04,30,15,5,16,28,28,0,61,10,1016,11,30,16,22,116,116,116,0,1,14.5,météo favorable
2019-08-05,31,17,5,19,29,29,0.9,58,9.75,1016,40.625,32,19,24,116,116,116,0,1,13.4,météo favorable
2019-08-06,27,18,8,19,27,25,19.5,85,8.25,1015,63.375,29,20,22,176,353,356,0,1,12.4,météo très défavorable
2019-08-07,21,18,12,19,20,21,30.1,97,7.5,1014,80.75,24,19,19,353,302,353,0,1,9.2,météo très défavorable
2019-08-08,28,16,7,17,26,26,0.4,75,8.625,1014,22.5,29,18,22,116,116,116,0,1,14.5,météo favorable
2019-08-09,30,19,16,20,30,25,3.3,77,9.875,1014,40.375,32,21,25,116,116,176,0,1,12.4,météo favorable
2019-08-10,26,16,6,16,23,24,61.7,89,8.375,1020,61.625,27,19,18,308,176,116,0,1,11.1,météo très défavorable
2019-08-11,23,13,11,16,23,13,12,96,9.125,1020,42.25,25,15,13,116,116,302,0,1,11.1,météo correcte
2019-08-12,23,13,8,14,21,21,2.2,86,8.5,1020,62.75,25,14,16,143,176,176,0,1,10,météo correcte
2019-08-13,21,11,10,12,20,20,0,73,9,1022,25.5,23,11,15,143,116,116,0,1,14.2,météo favorable
2019-08-14,23,11,8,12,21,21,0,60,10,1022,8.5,25,12,17,116,116,116,0,1,14.1,météo favorable
2019-08-15,23,14,13,16,23,21,0.4,65,9.875,1021,41,25,13,20,116,176,116,0,1,12.2,météo favorable
2019-08-16,24,12,5,14,23,22,0,71,10,1022,12.75,25,14,18,116,116,116,0,1,14.1,météo favorable
2019-08-17,29,16,9,16,26,27,0,65,10,1017,14,29,17,21,116,116,116,0,1,14.1,météo favorable
2019-08-18,29,18,10,18,29,24,9.6,81,9.375,1015,28.25,29,20,23,116,116,353,0,1,13.4,météo correcte
2019-08-19,22,16,6,16,19,21,14.8,88,8.75,1020,70,23,18,16,356,353,116,0,1,11.1,météo défavorable
2019-08-20,15,12,4,14,14,15,24.5,96,7,1026,66.125,15,14,14,293,299,302,0,1,8.7,météo très défavorable
2019-08-21,23,10,18,10,21,20,0,75,7.625,1027,18.875,25,12,15,143,113,122,0,1,13.3,météo favorable
2019-08-22,25,11,10,12,22,22,0,78,8,1024,11,26,15,17,143,116,113,0,1,13.9,météo favorable
2019-08-23,26,12,8,13,24,24,0,76,9,1024,6,27,15,18,113,113,113,0,1,13.9,météo favorable
2019-08-24,28,14,6,15,25,26,0,72,10,1021,8.625,29,15,20,116,113,113,0,1,13.8,météo favorable
2019-08-25,29,16,5,17,27,27,0,64,10,1019,14.125,29,15,22,113,113,116,0,1,13.8,météo idéale
2019-08-26,30,17,4,17,28,28,0,64,10,1019,0.75,30,16,22,113,113,116,0,1,13.8,météo idéale
2019-08-27,29,17,8,18,27,26,0,63,9.75,1018,27.75,30,18,22,116,116,200,0,1,13.8,météo favorable
2019-08-28,29,17,6,18,27,26,3,77,9.5,1018,59.875,30,19,22,176,116,176,0,1,10.9,météo correcte
2019-08-29,28,18,8,18,25,27,8.5,82,9.125,1022,45.125,29,18,21,176,116,116,0,1,13.3,météo correcte
2019-08-30,28,17,9,17,26,25,0,71,10,1023,6.875,28,17,21,116,116,116,0,1,13.7,météo favorable
2019-08-31,30,17,10,18,28,29,0.2,74,9.875,1019,25.625,31,18,23,116,116,200,0,1,13.3,météo favorable
2019-09-01,24,15,12,16,22,21,1.9,76,9.75,1019,62.375,25,14,18,176,116,116,0,1,10.8,météo correcte
2019-09-02,22,13,17,13,21,20,0,58,10,1023,11.25,24,12,17,116,116,116,0,1,11.6,météo favorable
2019-09-03,24,10,13,10,22,22,0,62,10,1025,2.25,25,10,15,116,113,116,0,1,11.6,météo favorable
2019-09-04,27,12,4,13,25,24,0,62,10,1023,2.25,27,12,18,113,116,116,0,1,11.6,météo favorable
2019-09-05,19,12,14,13,18,17,7.5,76,9.375,1023,46.125,19,12,15,296,116,116,0,1,10.3,météo favorable
2019-09-06,21,9,17,10,19,20,0,70,10,1024,25.125,22,8,13,116,116,116,0,1,11.6,météo favorable
2019-09-07,20,10,9,10,19,19,0.1,68,10,1023,42.75,21,10,15,116,116,116,0,1,10.3,météo favorable
2019-09-08,16,8,13,9,15,13,3.2,79,9.75,1021,68.875,16,9,11,116,122,353,0,1,6.5,météo défavorable
2019-09-09,18,7,5,7,17,15,0.1,76,9,1021,41.125,18,8,13,143,116,116,0,1,11.6,météo favorable
2019-09-10,20,9,8,9,18,19,0,65,10,1018,32.25,20,8,14,116,116,116,0,1,11.6,météo favorable
2019-09-11,23,10,7,10,20,21,0,59,10,1028,17.875,24,8,14,116,116,116,0,1,11.6,météo favorable
2019-09-12,25,12,8,12,23,23,0,56,10,1031,5.625,25,12,17,116,116,116,0,1,11.6,météo favorable
2019-09-13,27,14,9,14,24,24,0,79,8,1032,5.75,27,16,19,143,116,116,0,1,11.6,météo favorable
2019-09-14,27,15,4,16,23,25,0,87,6.75,1030,38.625,28,18,18,248,119,116,0,1,10.2,météo correcte
2019-09-15,29,16,7,16,27,26,1.3,80,7.75,1026,36.25,29,17,21,143,116,116,0,1,11.6,météo favorable
2019-09-16,19,16,5,0,0,0,2,75,9.75,1023,34.25,30,17,21,116,116,116,0,1,11.6,météo favorable
2019-09-17,26,15,11,15,24,25,0,59,10,1020,9,28,14,19,116,116,116,0,1,11.6,météo favorable
2019-09-18,22,12,16,13,20,20,0,67,10,1020,13.875,24,11,15,116,116,116,0,1,11.6,météo favorable
2019-09-19,20,9,16,9,18,19,0,61,10,1023,1.75,20,6,13,116,113,113,0,1,11.6,météo favorable
2019-09-20,22,7,7,7,19,20,0,70,10,1023,1.875,24,13,13,113,113,113,0,1,11.6,météo favorable
2019-09-21,25,13,20,13,24,24,0,71,10,1019,23.625,26,13,18,116,116,116,0,1,11.6,météo favorable
2019-09-22,21,13,14,16,21,18,35.1,93,7.625,1015,69.875,22,18,17,299,119,356,0,1,6.1,météo très défavorable
2019-09-23,19,11,8,11,18,17,15.8,82,6.875,1019,56.875,19,12,15,143,116,176,0,1,7.4,météo défavorable
2019-09-24,17,11,14,12,14,16,9.3,94,9.125,1019,59.5,17,14,12,116,302,176,0,1,6,météo correcte
2019-09-25,18,13,13,13,18,16,3.6,78,9.625,1015,68.75,18,13,16,116,116,353,0,1,8.8,météo défavorable
2019-09-26,21,14,8,14,18,20,7.7,95,9.375,1018,85.5,23,15,15,296,176,353,0,1,6,météo défavorable
2019-09-27,22,12,12,12,22,17,0.2,79,10,1019,41.5,23,14,17,116,116,176,0,1,8.8,météo favorable
2019-09-28,19,12,8,12,18,18,0.4,71,10,1021,40.625,21,12,16,176,176,116,0,1,8.8,météo favorable
2019-09-29,26,11,14,11,22,25,0.1,69,9.875,1019,21,27,14,15,116,116,116,0,1,10.2,météo favorable
2019-09-30,22,14,4,14,20,21,0.6,82,7.75,1018,44,25,14,16,143,116,116,0,1,11.6,météo favorable
2019-10-01,21,12,7,12,21,17,5.9,89,9.625,1015,52.625,23,15,17,116,176,353,0,1,7.3,météo favorable
2019-10-02,17,10,19,12,17,13,3.1,89,9.625,1019,77.125,17,13,13,353,176,353,0,1,7.3,météo défavorable
2019-10-03,15,5,10,5,14,13,0,75,9,1021,11.375,15,5,8,116,116,116,0,1,11.6,météo correcte
2019-10-04,16,6,10,8,13,15,0.8,76,9,1018,57.375,16,10,9,116,176,176,0,1,5.9,météo correcte
2019-10-05,16,11,7,11,15,13,2.1,89,8,1018,78.875,16,12,13,176,176,176,0,1,5.9,météo défavorable
2019-10-06,15,10,9,12,15,13,2.6,92,6.625,1018,79.875,15,12,13,143,176,266,0,1,5.8,météo défavorable
2019-10-07,14,8,9,8,13,12,1.2,88,6.875,1021,65.125,14,9,10,143,122,353,0,1,5.8,météo défavorable
2019-10-08,20,8,13,9,18,18,0,76,8.625,1021,55.125,20,12,11,116,119,119,0,1,8.7,météo correcte
2019-10-09,16,10,11,13,13,12,16.8,96,7,1020,77.375,16,12,12,266,299,176,0,1,5.8,météo très défavorable
2019-10-10,18,9,9,10,17,17,0.6,78,9.75,1023,48.75,19,9,13,116,116,176,0,1,5.8,météo favorable
2019-10-11,20,8,13,9,17,18,0,77,10,1023,4.125,20,9,12,116,116,113,0,1,11.5,météo favorable
2019-10-12,21,12,19,12,19,19,0.5,81,9.875,1018,42.875,23,15,16,116,116,176,0,1,7.2,météo favorable
2019-10-13,23,15,22,16,22,20,2.9,75,9.625,1017,39.25,25,13,18,116,176,116,0,1,5.7,météo favorable
2019-10-14,24,14,26,14,23,21,0,67,10,1017,11.25,25,13,18,116,116,116,0,1,8.7,météo favorable
2019-10-15,18,9,9,14,13,11,66.8,94,7.625,1018,77.875,18,13,10,293,308,293,0,1,4.1,météo très défavorable
2019-10-16,17,7,12,7,16,15,0.5,78,10,1019,32.625,17,9,10,116,116,116,0,1,8.7,météo correcte
2019-10-17,15,12,10,12,15,14,8.4,96,7.375,1017,80.875,15,13,13,293,119,293,0,1,3.9,météo défavorable
2019-10-18,17,12,8,12,16,15,10.3,94,8.75,1016,80.375,17,13,14,143,353,353,0,1,3.9,météo défavorable
2019-10-19,15,10,12,13,15,14,29.7,98,7.5,1012,87.75,16,15,14,293,302,356,0,1,3.9,météo très défavorable
2019-10-20,19,15,25,16,19,18,6.1,73,8.5,1009,59.375,20,14,17,116,119,263,0,1,7.1,météo correcte
2019-10-21,14,7,5,12,13,11,27.4,98,7.875,1023,85.375,14,13,11,176,176,296,0,1,3.9,météo très défavorable
2019-10-22,17,11,10,11,15,15,14.7,97,5.875,1023,78.25,17,14,12,302,143,119,0,1,3.9,météo défavorable
2019-10-23,16,11,9,12,16,14,1.6,92,5.875,1016,74.75,16,13,13,248,119,176,0,1,5.5,météo défavorable
2019-10-24,18,11,13,12,17,16,5.4,89,9.375,1017,44.25,18,13,14,296,116,116,0,1,8.7,météo favorable
2019-10-25,17,9,7,10,17,14,0,83,9,1024,32.75,17,11,13,143,116,113,0,1,8.7,météo correcte
2019-10-26,19,9,10,9,17,15,0,86,7.875,1023,16,19,12,11,143,113,113,0,1,8.7,météo favorable
2019-10-27,18,11,7,11,18,15,0.7,82,9.875,1022,28,18,12,14,116,116,116,0,1,8.7,météo favorable
2019-10-28,15,12,4,14,15,13,5.7,98,4.25,1020,98.375,15,14,14,248,266,266,0,1,3.8,météo défavorable
2019-10-29,14,10,8,11,13,12,9.9,96,4.125,1020,95.125,14,12,11,248,143,122,0,1,3.8,météo défavorable
2019-10-30,15,8,5,9,14,12,0,91,5.875,1021,92.875,15,11,12,143,122,122,0,1,3.8,météo défavorable
2019-10-31,11,5,2,9,11,8,6.8,99,6.75,1020,96.625,11,11,8,143,176,296,0,1,3.8,météo très défavorable
2019-11-01,12,10,15,10,11,12,7.7,93,7.25,1019,84.25,12,11,10,143,119,296,0,1,3.8,météo défavorable
2019-11-02,17,11,15,11,17,14,8.9,91,9.25,1007,81.75,17,13,12,353,353,176,0,1,3.8,météo défavorable
2019-11-03,12,10,18,11,12,10,16.6,93,8.75,998,97.125,12,10,8,296,296,353,0,1,3.8,météo très défavorable
2019-11-04,13,8,18,8,13,11,10.4,91,9.375,1000,78.875,13,10,8,119,293,353,0,1,3.7,météo défavorable
2019-11-05,12,7,16,7,12,10,1.9,80,9.875,1001,62.5,12,7,8,122,116,176,0,1,5.4,météo défavorable
2019-11-06,10,3,9,7,9,8,1.8,91,10,1009,77.875,10,7,7,353,176,176,0,1,3.7,météo très défavorable
2019-11-07,10,5,13,6,10,7,7.7,89,9.25,1008,75.5,10,6,5,116,302,116,0,1,5.4,météo très défavorable
2019-11-08,9,3,6,3,8,6,0.3,86,8.875,1009,37.875,9,4,5,116,116,116,0,1,8.7,météo très défavorable
2019-11-09,8,3,5,3,8,6,0.1,88,7,1015,55,8,4,5,143,119,116,0,1,5.4,météo très défavorable
2019-11-10,8,4,6,4,8,6,0.6,85,9,1015,54.625,8,3,4,176,116,116,0,1,7,météo très défavorable
2019-11-11,8,2,9,2,7,6,1.7,88,6,1016,39.5,8,4,3,143,116,116,0,1,8.7,météo très défavorable
2019-11-12,9,1,7,1,8,6,3.6,88,7.5,1014,48,9,5,2,143,116,176,0,1,7,météo très défavorable
2019-11-13,7,1,6,1,6,5,0.3,90,7.375,1008,61.5,7,4,2,143,116,176,0,1,5.3,météo très défavorable
2019-11-14,5,2,9,3,5,4,36.4,98,7.5,1005,94.25,5,4,2,116,296,308,0,1,3.6,météo très défavorable
2019-11-15,4,1,9,3,4,3,25.9,96,5.5,1005,81.625,4,4,1,320,317,119,0,1,3.6,météo très défavorable
2019-11-16,6,1,10,1,5,3,0,91,5.875,1012,59.125,6,2,-1,143,119,116,0,1,7,météo très défavorable
2019-11-17,6,-0,9,-0,5,5,0.3,89,4.625,1011,75.875,6,3,1,143,116,119,0,1,5.3,météo très défavorable
2019-11-18,6,2,6,3,6,5,0.4,88,7.625,1016,70.75,6,3,4,143,119,119,0,1,3.6,météo très défavorable
2019-11-19,6,2,12,4,6,5,0,90,9.375,1019,70.25,6,3,3,119,116,119,0,1,5.3,météo très défavorable
2019-11-20,7,-1,6,-1,6,5,0,89,6,1018,38.75,7,4,1,143,116,116,0,1,7,météo très défavorable
2019-11-21,9,3,9,3,8,8,3.3,91,5,1011,70.375,9,6,4,248,116,116,0,1,8.7,météo très défavorable
2019-11-22,10,3,17,6,10,8,9.8,93,8.375,1009,52.75,10,7,5,263,116,116,0,1,8.7,météo très défavorable
2019-11-23,9,6,5,6,9,8,4.4,92,8.75,999,78.125,9,7,6,116,176,296,0,1,3.6,météo défavorable
2019-11-24,9,6,11,6,9,8,2,91,7.5,1011,94.25,9,7,6,248,119,122,0,1,3.5,météo défavorable
2019-11-25,10,5,7,5,10,8,0.1,87,9.375,1012,48,10,7,7,116,116,122,0,1,7,météo très défavorable
2019-11-26,11,6,11,7,10,10,0.4,86,8,1012,47.625,11,7,7,116,116,116,0,1,8.7,météo défavorable
2019-11-27,12,4,15,9,11,10,14.2,92,8.875,1006,80.875,12,9,8,302,119,176,0,1,3.4,météo très défavorable
2019-11-28,11,8,14,9,11,9,11.9,89,8.875,1010,84,11,8,7,389,296,353,0,1,3.4,météo défavorable
2019-11-29,10,6,8,8,10,8,12.8,91,8.75,1020,83.25,10,7,7,296,200,176,0,1,3.2,météo défavorable
2019-11-30,8,2,5,5,8,7,1.4,95,5.625,1022,70,8,6,5,176,143,116,0,1,8.6,météo très défavorable
2019-12-01,7,5,9,7,6,6,35,97,6.625,1017,98.5,7,6,4,308,296,122,0,1,3.2,météo très défavorable
2019-12-02,6,1,17,4,4,3,0.2,93,8.625,1026,77.125,6,5,-1,176,122,119,0,1,3.2,météo très défavorable
2019-12-03,5,-1,8,-1,4,3,0,81,10,1027,0.75,5,0,-2,113,113,113,0,1,8.5,météo très défavorable
2019-12-04,5,-1,3,-1,5,3,0,85,10,1024,17.125,5,0,1,116,116,119,0,1,8.5,météo très défavorable
2019-12-05,6,-0,3,-0,6,3,0,82,10,1025,13.75,6,0,2,116,116,116,0,1,8.5,météo très défavorable
2019-12-06,6,1,6,1,6,5,0,80,10,1025,16.625,6,2,1,116,116,116,0,1,8.5,météo très défavorable
2019-12-07,8,5,4,5,7,8,0.6,87,8.75,1023,74.875,8,6,5,122,176,116,0,1,5,météo très défavorable
2019-12-08,10,5,13,6,9,9,0.4,85,9.625,1022,56.875,10,7,5,116,116,119,0,1,8.4,météo très défavorable
2019-12-09,8,4,16,7,7,6,7.6,87,7.375,1022,82.125,8,5,3,266,266,296,0,1,3.2,météo très défavorable
2019-12-10,5,1,6,1,5,3,0,91,9,1030,23.125,5,2,1,116,116,116,0,1,8.4,météo très défavorable
2019-12-11,3,-2,9,2,3,2,14.7,96,8.25,1022,91.5,4,3,0,122,176,302,0,1,3.2,météo très défavorable
2019-12-12,4,-1,18,1,4,3,2.4,90,7.75,1013,70.125,4,2,-1,182,116,119,0.1,1,6.9,météo très défavorable
2019-12-13,7,4,19,6,7,4,26.4,92,7.375,1001,91.5,7,4,1,302,176,296,0,1,3.1,météo très défavorable
2019-12-14,9,3,13,6,8,8,28.6,97,6.75,1010,94.375,9,9,5,302,299,296,0,1,3.1,météo très défavorable
2019-12-15,12,8,15,9,11,10,1,83,9.625,1012,67.875,12,8,7,116,176,122,0,1,3.1,météo défavorable
2019-12-16,13,8,31,9,13,13,0,79,10,1011,45.625,13,8,8,116,122,116,0,1,5,météo correcte
2019-12-17,13,7,15,12,13,12,0,73,10,1011,65.5,13,7,10,122,122,116,0,1,5,météo défavorable
2019-12-18,13,10,8,10,12,11,3.1,94,9.25,1018,54.875,13,10,10,296,353,116,0,1,5,météo correcte
2019-12-19,14,7,21,8,13,13,0,87,10,1017,24.125,14,8,6,116,116,122,0,1,6.8,météo correcte
2019-12-20,13,7,37,13,12,8,26,91,6.5,1004,78.5,13,9,6,119,266,299,0,1,3.1,météo très défavorable
2019-12-21,10,6,24,7,9,9,9.9,93,7.375,999,65.625,10,7,5,263,263,113,0,1,5,météo défavorable
2019-12-22,9,4,19,9,9,7,19,84,8.75,1005,79.625,9,7,6,176,293,353,0,1,3.1,météo très défavorable
2019-12-23,9,5,14,7,9,6,3,87,9.875,1025,75.625,9,5,5,353,176,176,0,1,5,météo très défavorable
2019-12-24,9,5,14,6,7,8,10,94,8.125,1025,86.375,9,8,3,176,296,176,0,1,3.1,météo très défavorable
2019-12-25,9,4,5,7,8,7,0.6,90,10,1026,58.75,9,6,6,122,176,176,0,1,3.1,météo très défavorable
2019-12-26,8,3,5,3,6,7,0,92,7,1029,60.75,8,6,3,143,122,119,0,1,6.9,météo très défavorable
2019-12-27,10,5,10,7,10,7,13.8,94,8.5,1032,90.125,10,8,6,296,302,353,0,1,3.3,météo très défavorable
2019-12-28,6,2,12,5,6,4,0,95,4.75,1035,69.5,6,5,2,248,143,116,0,1,3.3,météo très défavorable
2019-12-29,4,-0,3,-0,3,2,0,94,6.625,1035,35.5,4,2,1,143,116,116,0,1,8.7,météo très défavorable
2019-12-30,5,-1,5,-1,4,3,0,88,10,1035,7.625,5,1,1,116,116,116,0,1,8.7,météo très défavorable
2019-12-31,6,1,3,1,6,3,0,92,7,1034,20.375,6,4,2,143,116,113,0,1,8.7,météo très défavorable
2020-01-01,6,-2,4,0,6,3,0,89,10,1033,16,6,3,2,116,116,116,0,1,8.7,météo très défavorable
2020-01-02,6,-0,6,0,5,4,0,85,10,1032,22.25,6,2,0,116,116,116,0,1,8.7,météo très défavorable
2020-01-03,8,3,7,4,7,7,0,88,8,1032,86.875,8,5,4,143,122,122,0,1,3.3,météo très défavorable
2020-01-04,7,2,13,7,7,5,0.4,92,7.375,1036,56.375,7,6,2,143,176,116,0,1,5.1,météo très défavorable
2020-01-05,6,1,12,3,5,3,0,88,8.375,1037,35.125,6,2,1,119,116,116,0,1,8.7,météo très défavorable
2020-01-06,7,0,9,0,5,6,0,93,6.375,1033,24.25,7,3,0,260,116,113,0,1,8.7,météo très défavorable
2020-01-07,9,3,4,4,8,6,0,93,8.375,1032,52.375,9,6,5,116,122,116,0,1,5.1,météo très défavorable
2020-01-08,7,1,6,6,7,4,1.5,95,2,1031,95.875,7,7,4,143,266,266,0,1,3.3,météo très défavorable
2020-01-09,10,6,15,6,9,9,0.5,77,9.5,1029,48.5,10,6,4,116,116,116,0,1,8.7,météo défavorable
2020-01-10,9,5,12,7,9,7,5.7,90,8.75,1030,83.5,9,6,5,122,176,353,0,1,3.3,météo très défavorable
2020-01-11,7,2,7,2,6,4,0,90,7.625,1034,30.875,7,4,2,143,116,116,0,1,8.7,météo très défavorable
2020-01-12,7,-1,4,0,6,4,0,89,8,1031,49.75,7,2,1,143,116,122,0,1,6.9,météo très défavorable
2020-01-13,7,4,9,4,6,5,0,83,10,1028,39.625,7,3,2,119,116,113,0,1,8.7,météo très défavorable
2020-01-14,10,3,18,4,9,8,0,84,10,1019,29,10,6,2,116,116,116,0,1,8.7,météo très défavorable
2020-01-15,11,6,26,6,11,9,0,78,10,1026,17.5,11,5,5,116,116,116,0,1,8.7,météo défavorable
2020-01-16,11,4,14,4,9,9,0,89,10,1028,29.75,11,6,4,119,116,116,0,1,8.7,météo très défavorable
2020-01-17,8,4,10,6,8,6,9,92,9.375,1028,68.5,8,7,5,116,122,296,0,1,3.4,météo très défavorable
2020-01-18,6,1,8,2,6,4,0.2,92,6.375,1031,44.25,6,3,1,143,116,176,0,1,6.9,météo très défavorable
2020-01-19,5,0,25,1,4,3,0,82,9.625,1037,37.875,5,0,-4,122,116,116,0,1,8.7,météo très défavorable
2020-01-20,6,-1,21,0,4,4,0,76,10,1040,2.25,6,0,-4,113,113,113,0,1,8.7,météo très défavorable
2020-01-21,5,-2,5,-2,4,2,0,77,10,1041,16.125,5,0,-0,116,116,116,0,1,8.7,météo très défavorable
2020-01-22,6,-2,5,-1,4,5,0,76,10,1037,12.25,8,0,0,116,116,116,0,1,8.7,météo très défavorable
2020-01-23,5,-2,5,-2,4,3,0,77,10,1031,24.375,5,0,-1,116,116,116,0,1,8.7,météo très défavorable
2020-01-24,8,1,6,2,7,5,0,87,9.375,1026,26,8,4,2,116,116,116,0,1,8.7,météo très défavorable
2020-01-25,9,1,5,1,7,7,0,87,8,1024,31.75,9,4,2,116,116,116,0,1,8.7,météo très défavorable
2020-01-26,9,5,10,5,9,8,1.4,93,5.625,1021,83.875,9,6,5,143,122,119,0,1,3.5,météo très défavorable
2020-01-27,8,4,13,4,7,8,3.9,89,6.875,1021,79,9,5,2,143,116,176,0,1,5.2,météo très défavorable
2020-01-28,7,3,19,7,7,5,20.5,92,7.75,1014,95,8,6,3,176,302,296,0,1,3.5,météo très défavorable
2020-01-29,8,5,8,6,7,7,12.1,94,8.5,1022,93.75,8,6,5,353,296,353,0,1,3.5,météo très défavorable
2020-01-30,6,3,12,3,5,6,5.2,96,7.25,1022,62,7,6,2,143,116,296,0,1,5.2,météo très défavorable
2020-01-31,14,5,7,8,12,11,2.7,96,5.875,1019,80.25,14,11,8,266,266,353,0,1,3.5,météo très défavorable
2020-02-01,13,7,12,8,10,11,2.2,91,8.625,1022,68.375,13,10,7,116,122,353,0,1,3.5,météo défavorable
2020-02-02,12,8,15,9,10,12,7.7,95,6.75,1023,92.5,12,11,7,122,296,266,0,1,3.5,météo défavorable
2020-02-03,16,11,11,11,15,13,0.8,88,9,1026,76,16,11,10,122,176,176,0,1,3.5,météo défavorable
2020-02-04,11,3,21,7,7,5,7.2,81,9.25,1029,70.875,11,7,2,302,176,176,0,1,3.6,météo très défavorable
2020-02-05,6,2,15,3,6,4,0.6,90,9.875,1035,68.125,6,3,1,176,122,116,0,1,5.3,météo très défavorable
2020-02-06,7,-1,6,-1,5,4,0,81,10,1033,26.125,7,0,1,116,116,116,0,1,8.7,météo très défavorable
2020-02-07,10,-0,12,0,7,9,0,80,10,1028,4.5,11,3,0,113,113,116,0,1,8.7,météo très défavorable
2020-02-08,11,2,12,2,8,9,0,89,8,1026,21.875,11,5,2,143,116,116,0,1,8.7,météo très défavorable
2020-02-09,12,4,22,4,10,10,0,89,10,1027,50.375,12,6,3,116,116,116,0,1,8.7,météo très défavorable
2020-02-10,12,8,13,11,11,11,0.8,78,10,1021,78.125,12,8,9,119,353,176,0,1,3.8,météo défavorable
2020-02-11,9,4,17,6,9,6,2.3,76,8.875,1024,80.5,9,5,5,176,122,353,0,1,3.8,météo très défavorable
2020-02-12,9,2,9,2,7,6,0.9,86,8.625,1027,55.5,9,2,2,116,116,176,0,1,8.4,météo très défavorable
2020-02-13,10,2,19,2,9,9,3.3,82,9.75,1023,57.125,10,6,0,116,122,353,0,1,5.3,météo très défavorable
2020-02-14,11,5,8,6,10,8,1.5,87,9.875,1027,73.5,11,5,6,176,176,176,0,1,6.9,météo très défavorable
2020-02-15,12,3,10,3,9,10,0,87,9,1027,19,12,5,4,116,116,113,0,1,10.6,météo très défavorable
2020-02-16,14,6,22,6,12,12,0,77,10,1025,22.875,14,8,6,116,116,116,0,1,10.6,météo correcte
2020-02-17,11,6,12,10,10,9,8.3,91,9.125,1028,67,11,9,8,116,122,293,0,1,5.3,météo défavorable
2020-02-18,10,3,6,3,8,7,0.3,87,10,1033,46.25,10,4,5,116,116,176,0,1,10,météo très défavorable
2020-02-19,8,4,7,4,7,7,6.8,89,8,1030,96.125,8,6,4,122,296,353,0,1,5.4,météo très défavorable
2020-02-20,12,5,11,5,10,9,0.4,89,6.625,1028,39.25,12,6,6,143,116,116,0,1,10.8,météo très défavorable
2020-02-21,9,3,9,5,8,6,0.4,80,10,1032,43.25,9,5,4,176,116,116,0,1,10,météo très défavorable
2020-02-22,14,3,5,3,11,12,0,72,10,1034,3.5,14,4,4,116,116,113,0,1,10.8,météo correcte
2020-02-23,16,5,5,5,14,14,0,70,10,1034,15,16,6,8,116,116,116,0,1,10.9,météo correcte
2020-02-24,16,7,8,7,14,13,0,86,9,1032,28.875,16,9,10,116,116,113,0,1,10.9,météo correcte
2020-02-25,9,5,10,6,9,8,5.3,91,9.5,1018,73.75,9,7,7,122,176,296,0,1,5.5,météo très défavorable
2020-02-26,5,1,24,2,4,3,9.1,88,7,1018,80,5,3,-2,335,335,371,5.2,1,5.5,météo très défavorable
2020-02-27,7,0,23,1,3,7,12,94,8.75,1020,90.875,7,5,-2,116,317,302,0,1,5.5,météo très défavorable
2020-02-28,9,-0,10,-0,7,7,0.5,80,10,1024,56.25,9,1,1,116,116,116,0,1,10.1,météo très défavorable
2020-02-29,12,5,30,6,12,10,11.3,86,8.125,1014,65.625,12,8,7,116,119,302,0,1,7,météo très défavorable
2020-03-01,11,4,23,5,11,8,5.9,82,9.25,1008,77,11,6,5,176,176,389,0,2,7.1,météo très défavorable
2020-03-02,7,4,16,6,6,6,28.8,97,8.125,1005,78.75,7,6,3,116,302,302,0,3,5.6,météo très défavorable
2020-03-03,8,2,8,2,7,6,1.2,85,10,1012,65.25,8,3,3,116,116,353,0,3,7.1,météo très défavorable
2020-03-04,9,1,8,2,7,7,0.3,90,8,1018,84.75,9,3,4,143,122,119,0,2,5.6,météo très défavorable
2020-03-05,8,5,21,6,8,8,37.7,95,7.375,1012,98.125,8,7,4,302,302,302,0,2,5.6,météo très défavorable
2020-03-06,8,2,8,3,8,6,4.4,83,8.625,1012,84.5,8,4,3,266,122,353,0,2,5.6,météo très défavorable
2020-03-07,8,3,10,3,7,6,2.1,88,10,1025,81.25,8,3,3,353,176,353,0,2,5.6,météo très défavorable
2020-03-08,11,2,11,2,9,9,0.1,85,10,1026,51.75,11,5,2,116,119,116,0,2,8.6,météo très défavorable
2020-03-09,9,4,15,5,8,6,5.9,91,6.125,1024,72.5,9,5,4,263,266,176,0,2,5.7,météo très défavorable
2020-03-10,6,2,13,4,5,4,12.2,98,7.375,1025,87.375,6,7,2,176,296,296,0,3,5.7,météo très défavorable
2020-03-11,18,8,6,8,15,15,0.4,89,6.625,1024,79.125,18,11,10,143,122,176,0,3,5.7,météo défavorable
2020-03-12,16,9,9,9,16,13,0.8,83,7,1021,70.875,16,11,12,143,119,353,0,4,5.9,météo défavorable
2020-03-13,11,4,10,5,10,9,0,77,9,1025,25.625,11,6,5,116,116,116,0,2,11.6,météo très défavorable
2020-03-14,11,2,6,2,11,9,0,73,10,1022,33.75,11,3,7,116,116,116,0,3,11.6,météo très défavorable
2020-03-15,15,3,25,3,13,12,0,81,10,1022,9.5,15,8,5,116,116,116,0,4,11.6,météo correcte
2020-03-16,15,5,13,5,13,14,0,74,10,1025,19.5,17,6,7,116,116,116,0,4,11.6,météo correcte
2020-03-17,17,6,5,6,16,16,0,76,10,1030,20.5,19,8,10,116,116,116,0,4,11.6,météo correcte
2020-03-18,18,7,7,7,16,16,0,84,8,1030,15.75,18,11,11,143,116,116,0,4,11.6,météo favorable
2020-03-19,19,8,8,8,16,18,0,86,9,1026,26,20,10,12,143,116,116,0,4,11.6,météo favorable
2020-03-20,18,7,6,7,16,16,0.5,75,10,1022,60.375,18,9,11,116,176,176,0,4,6.1,météo correcte
2020-03-21,15,6,13,7,14,12,0,84,8.375,1019,33.625,15,10,10,116,116,116,0,4,11.6,météo correcte
2020-03-22,14,4,10,5,12,13,0,84,7.625,1019,65.125,15,8,7,143,122,116,0,3,8.8,météo très défavorable
2020-03-23,13,0,9,1,10,11,0,71,10,1023,5.25,13,5,4,116,116,113,0,3,11.6,météo très défavorable
2020-03-24,10,-3,11,-2,8,8,0,54,10,1025,0.5,10,0,0,113,113,113,0,3,11.6,météo très défavorable
2020-03-25,10,-1,13,1,8,8,0,78,10,1023,27.875,10,1,4,116,119,116,0,3,10.3,météo très défavorable
2020-03-26,10,-3,9,-3,8,8,0,68,10,1015,15.75,10,1,2,116,116,116,0,3,11.6,météo très défavorable
2020-03-27,12,-0,8,-0,10,11,0,71,10,1017,13.625,13,3,4,116,116,116,0,3,11.6,météo très défavorable
2020-03-28,15,3,11,3,13,12,0.4,78,8.125,1019,40.625,15,8,8,116,116,176,0,4,9,météo correcte
2020-03-29,8,3,19,5,5,5,2.5,87,6.5,1021,80.625,8,7,1,143,122,296,0,2,6.4,météo très défavorable
2020-03-30,9,1,24,2,7,7,0.4,73,9,1020,58.25,9,1,-1,326,116,116,0.1,2,10.3,météo très défavorable
2020-03-31,11,-3,16,-2,9,9,0,57,10,1022,0.125,11,0,0,113,113,113,0,3,11.6,météo très défavorable
