DATE,MAX_TEMPERATURE_C,MIN_TEMPERATURE_C,WINDSPEED_MAX_KMH,TEMPERATURE_MORNING_C,TEMPERATURE_NOON_C,TEMPERATURE_EVENING_C,PRECIP_TOTAL_DAY_MM,HUMIDITY_MAX_PERCENT,VISIBILITY_AVG_KM,PRESSURE_MAX_MB,CLOUDCOVER_AVG_PERCENT,HEATINDEX_MAX_C,DEWPOINT_MAX_C,WINDTEMP_MAX_C,WEATHER_CODE_MORNING,WEATHER_CODE_NOON,WEATHER_CODE_EVENING,TOTAL_SNOW_MM,UV_INDEX,SUNHOUR,OPINION
2009-01-01,25,0,5,23,25,23,0.1,83,10,1009,47.125,27,21,23,116,116,116,0,6,10.2,météo favorable
2009-01-02,25,0,9,23,25,23,4.7,87,9.625,1010,38.5,27,22,23,353,176,176,0,5,11.6,météo favorable
2009-01-03,25,0,8,23,25,24,1.7,83,9.875,1010,30.25,27,22,23,116,176,116,0,6,11.6,météo favorable
2009-01-04,26,0,6,23,25,24,0.2,84,9.375,1011,33.25,27,20,23,116,116,116,0,5,11.6,météo favorable
2009-01-05,24,0,6,23,23,24,0,80,10,1011,43.75,26,20,23,116,116,116,0,6,11.6,météo favorable
2009-01-06,26,0,8,23,26,24,2.9,84,9.125,1010,47.5,28,21,23,263,176,176,0,5,11.6,météo favorable
2009-01-07,24,0,10,23,24,23,12.7,90,9.25,1011,45.875,26,21,23,293,176,116,0,5,11.6,météo très défavorable
2009-01-08,24,0,13,23,23,23,6.9,88,8.625,1011,63.875,26,21,23,299,266,353,0,5,8.8,météo très défavorable
2009-01-09,25,0,10,23,25,24,1.2,83,10,1010,35.125,27,21,23,353,116,113,0,6,11.6,météo favorable
2009-01-10,26,0,9,22,26,24,0,80,10,1010,7.25,28,20,22,113,113,113,0,6,11.6,météo favorable
2009-01-11,27,0,12,22,27,24,0,77,10,1010,8.875,28,21,23,113,113,113,0,6,11.6,météo favorable
2009-01-12,26,0,8,23,24,24,3.6,87,9.75,1011,28.875,28,21,23,113,176,293,0,6,11.6,météo favorable
2009-01-13,26,0,15,23,25,25,2.3,87,9.875,1012,47.125,28,23,23,116,116,116,0,5,10.2,météo favorable
2009-01-14,23,0,13,23,23,23,8.5,89,8.5,1012,57.375,26,21,23,293,302,263,0,5,8.8,météo très défavorable
2009-01-15,24,0,4,23,24,24,9.4,88,8,1012,57.75,26,22,23,293,266,263,0,5,8.8,météo très défavorable
2009-01-16,26,0,5,23,26,24,2.6,89,10,1012,35.875,27,22,23,353,113,116,0,6,11.6,météo favorable
2009-01-17,25,0,5,23,25,23,4.7,88,9.875,1012,52.375,27,22,23,119,116,296,0,5,8.8,météo favorable
2009-01-18,24,0,7,23,24,23,16.6,89,8.25,1011,49.5,27,22,23,356,356,263,0,5,10.2,météo très défavorable
2009-01-19,24,0,7,23,24,23,2.5,86,8.625,1010,57.375,26,21,23,293,263,119,0,5,7.4,météo très défavorable
2009-01-20,24,0,9,23,24,24,4.3,86,9.875,1012,60,26,21,23,119,353,113,0,5,8.8,météo très défavorable
2009-01-21,26,0,6,21,26,23,1.1,84,9.75,1012,31.5,28,21,22,116,176,176,0,6,11.6,météo favorable
2009-01-22,26,0,8,22,26,23,1,87,9.875,1011,21.625,27,21,22,113,113,176,0,6,11.6,météo favorable
2009-01-23,25,0,12,23,24,24,2.5,87,9.75,1011,19.625,27,22,23,176,176,113,0,6,11.6,météo favorable
2009-01-24,24,0,11,23,24,24,2.5,89,9.875,1011,28.125,26,22,23,116,353,176,0,6,11.6,météo très défavorable
2009-01-25,24,0,6,23,24,23,7.9,89,9.25,1010,45.75,26,22,23,353,356,356,0,6,10.2,météo très défavorable
2009-01-26,25,0,5,22,24,24,3.6,88,9.375,1011,31.375,27,21,23,176,356,176,0,6,11.6,météo très défavorable
2009-01-27,26,0,8,23,24,24,0.6,83,9.25,1010,36,27,21,23,263,116,176,0,6,11.6,météo favorable
2009-01-28,25,0,12,23,25,24,0,77,10,1009,41.5,27,20,23,116,116,116,0,6,11.6,météo favorable
2009-01-29,26,0,14,23,26,24,0,80,10,1009,22.625,28,21,23,113,113,113,0,6,11.6,météo favorable
2009-01-30,26,0,12,23,25,24,0.5,88,9.875,1008,36,27,22,23,113,116,176,0,6,11.6,météo favorable
2009-01-31,27,0,9,23,27,24,0.4,84,9.875,1009,31.75,29,21,23,116,176,116,0,6,11.6,météo favorable
2009-02-01,24,0,10,23,24,23,3.9,87,9,1010,48.5,27,22,23,263,116,176,0,5,11.6,météo favorable
2009-02-02,24,0,14,23,24,24,0.8,82,9.375,1009,48,26,22,23,116,116,263,0,6,10.2,météo favorable
2009-02-03,25,0,12,23,25,24,1.8,89,8.625,1008,54.5,28,22,23,176,353,263,0,5,11.6,météo très défavorable
2009-02-04,24,0,10,23,24,24,7.7,87,8.875,1008,57.875,26,22,23,263,296,353,0,5,10.2,météo très défavorable
2009-02-05,25,0,7,23,25,24,8.5,89,8.75,1008,70.375,28,22,23,353,353,299,0,5,7.4,météo très défavorable
2009-02-06,24,0,10,23,24,23,20.9,89,8.125,1009,63.5,26,22,23,293,266,299,0,5,7.4,météo très défavorable
2009-02-07,25,0,12,23,25,23,10.9,90,8.75,1010,63.125,27,22,23,266,353,353,0,5,10.2,météo très défavorable
2009-02-08,24,0,8,23,24,23,5.3,93,9.125,1011,60,26,22,23,263,353,293,0,5,7.4,météo très défavorable
2009-02-09,25,0,7,23,25,24,19.5,88,9.125,1011,63.875,28,22,23,293,353,299,0,5,8.8,météo très défavorable
2009-02-10,24,0,9,23,24,24,13.9,92,9,1012,62.375,27,22,23,299,356,116,0,5,11.6,météo très défavorable
2009-02-11,24,0,10,23,24,23,6,89,9.75,1010,38.625,26,22,23,353,353,176,0,5,11.6,météo très défavorable
2009-02-12,26,0,6,23,26,24,0,84,10,1009,28.75,28,21,23,116,113,116,0,6,11.6,météo favorable
2009-02-13,25,0,5,23,24,24,1.5,86,10,1011,47.5,27,21,23,119,116,353,0,6,11.6,météo favorable
2009-02-14,25,0,5,23,25,23,3.5,84,9.625,1011,65.5,27,21,23,116,116,119,0,5,10.2,météo très défavorable
2009-02-15,23,0,9,23,23,21,9.1,88,9,1012,60.25,25,21,22,263,293,299,0,5,8.8,météo très défavorable
2009-02-16,25,0,14,22,25,23,0.1,80,10,1012,48.125,26,20,22,116,116,116,0,6,10.2,météo favorable
2009-02-17,22,0,13,22,22,22,2.1,86,9.25,1011,54.75,25,20,22,263,293,116,0,6,10.2,météo très défavorable
2009-02-18,26,0,5,22,26,23,0.7,76,9.375,1011,59.75,27,20,22,119,119,263,0,6,10.2,météo très défavorable
2009-02-19,24,0,8,22,24,23,8.6,85,9.75,1010,44.75,26,21,22,116,353,353,0,5,11.6,météo très défavorable
2009-02-20,25,0,10,23,25,23,3.8,88,9.625,1011,62.375,27,21,23,299,119,296,0,6,6,météo très défavorable
2009-02-21,24,0,10,23,24,23,8.5,91,8.125,1010,56.625,26,22,23,266,356,356,0,5,10.2,météo très défavorable
2009-02-22,24,0,12,22,24,24,7.5,87,9,1009,51.375,26,21,22,293,263,116,0,5,11.6,météo très défavorable
2009-02-23,23,0,9,22,23,23,2,83,8,1008,52.25,25,21,22,263,263,293,0,5,11.6,météo très défavorable
2009-02-24,24,0,6,23,24,23,8.3,87,9.5,1008,63.875,26,21,23,302,116,353,0,5,10.2,météo très défavorable
2009-02-25,24,0,4,22,24,23,5.7,90,8.875,1009,58.75,26,21,22,293,263,116,0,5,8.8,météo très défavorable
2009-02-26,25,0,6,22,25,23,0.9,86,9.875,1009,52.5,27,21,22,116,116,293,0,5,10.2,météo favorable
2009-02-27,24,0,8,23,24,23,9.7,90,8.25,1010,46.625,27,22,23,293,176,359,0,5,11.6,météo très défavorable
2009-02-28,24,0,4,23,24,24,5.9,89,7.5,1010,61,26,22,23,266,266,293,0,5,8.8,météo très défavorable
2009-03-01,24,0,6,23,24,23,16.4,91,8.75,1010,56.625,27,22,23,356,116,293,0,5,11.6,météo très défavorable
2009-03-02,23,0,9,23,23,23,29.7,93,8.375,1010,76,26,22,23,308,302,119,0,5,6,météo très défavorable
2009-03-03,24,0,14,23,23,22,6.8,91,9.5,1011,57.375,26,21,23,353,119,293,0,5,10.2,météo très défavorable
2009-03-04,23,0,9,22,22,22,0.7,86,9.25,1011,45.5,25,20,22,116,176,263,0,6,10.2,météo favorable
2009-03-05,25,0,7,22,24,24,3.2,87,9.75,1011,36,27,22,22,116,176,293,0,6,11.6,météo favorable
2009-03-06,24,0,9,23,24,23,13.9,91,9,1012,48.75,26,22,23,353,356,356,0,5,11.6,météo très défavorable
2009-03-07,24,0,11,23,24,23,9.4,89,9.25,1011,48.625,27,22,23,116,353,356,0,5,11.6,météo très défavorable
2009-03-08,24,0,6,22,24,23,19.6,90,8.625,1011,64.875,26,21,22,299,119,263,0,5,8.8,météo très défavorable
2009-03-09,23,0,4,22,23,23,2,84,9.125,1011,57,25,20,22,119,263,176,0,5,10.2,météo très défavorable
2009-03-10,23,0,8,22,23,23,9.5,86,9.375,1011,54.25,25,20,22,299,296,116,0,5,8.8,météo très défavorable
2009-03-11,23,0,4,23,23,23,11.4,87,9.125,1011,61.875,25,21,23,299,299,293,0,5,6,météo très défavorable
2009-03-12,24,0,6,22,24,23,1.8,88,8.125,1011,62.25,26,21,22,263,263,263,0,5,7.4,météo très défavorable
2009-03-13,24,0,10,23,24,24,14.7,90,8.75,1011,53.5,26,22,23,299,296,359,0,6,10.2,météo très défavorable
2009-03-14,25,0,15,23,25,23,12.8,92,9.25,1011,59.75,27,22,23,353,353,356,0,5,7.4,météo très défavorable
2009-03-15,24,0,16,23,24,23,7.8,91,9.625,1011,63.875,26,22,23,122,116,293,0,5,10.2,météo très défavorable
2009-03-16,23,0,10,23,23,23,23.4,91,8.75,1010,73.75,25,21,23,302,299,308,0,6,6,météo très défavorable
2009-03-17,22,0,15,22,22,22,50.5,94,7.25,1010,85.875,25,21,22,308,359,308,0,5,7.4,météo très défavorable
2009-03-18,23,0,4,21,22,23,9.6,87,9,1010,60.375,25,21,21,299,302,293,0,5,7.4,météo très défavorable
2009-03-19,24,0,7,23,24,23,9.5,88,8.75,1011,61.125,26,21,23,293,293,263,0,5,10.2,météo très défavorable
2009-03-20,26,0,14,23,26,23,10.7,91,9.125,1010,40.625,28,23,23,113,176,356,0,5,11.6,météo très défavorable
2009-03-21,24,0,15,23,23,23,12.4,91,9.375,1012,47.25,26,22,23,293,299,353,0,5,11.6,météo très défavorable
2009-03-22,27,0,8,22,27,23,2.7,86,9.25,1012,54.75,29,21,23,116,116,296,0,5,8.8,météo favorable
2009-03-23,26,0,9,22,26,23,15.4,90,9.125,1012,62.875,28,22,22,299,176,299,0,5,10.2,météo très défavorable
2009-03-24,26,0,8,22,26,23,6.7,87,8.875,1012,44.375,28,22,22,116,176,356,0,5,11.6,météo favorable
2009-03-25,24,0,15,23,24,23,18.6,90,8.625,1013,63.5,26,22,23,293,353,359,0,5,10.2,météo très défavorable
2009-03-26,25,0,15,22,25,23,15.2,90,8.875,1013,40.625,27,22,22,116,116,359,0,5,11.6,météo très défavorable
2009-03-27,25,0,10,23,25,23,6.3,87,9.5,1013,39.5,27,21,23,116,176,356,0,6,11.6,météo favorable
2009-03-28,25,0,6,23,25,23,10.9,89,9.125,1011,58.5,27,22,23,299,353,356,0,5,10.2,météo très défavorable
2009-03-29,24,0,7,22,24,23,26.2,92,8,1011,70.75,27,22,22,308,356,356,0,5,7.4,météo très défavorable
2009-03-30,25,0,6,22,25,23,5.8,88,8.875,1011,43.25,27,21,22,356,116,263,0,5,11.6,météo favorable
2009-03-31,25,0,5,23,25,23,4,89,9.75,1011,42.25,27,22,23,353,353,176,0,5,11.6,météo très défavorable
2009-04-01,24,0,7,23,24,23,3.9,89,9.625,1010,25.75,27,22,23,353,176,176,0,5,11.6,météo favorable
2009-04-02,25,0,5,23,25,23,0,89,10,1011,30.125,27,21,23,113,116,113,0,6,11.6,météo favorable
2009-04-03,26,0,6,23,26,24,3.8,88,8.375,1011,42.375,28,21,23,266,176,176,0,5,10.2,météo favorable
2009-04-04,26,0,10,23,26,23,0.7,88,9.875,1011,24.625,28,21,23,353,113,176,0,6,11.6,météo favorable
2009-04-05,26,0,11,21,26,24,0.2,86,9.875,1010,17.625,28,21,21,113,113,176,0,6,11.6,météo favorable
2009-04-06,24,0,5,23,24,23,5.3,87,9.625,1010,26.5,26,21,23,353,353,356,0,6,11.6,météo très défavorable
2009-04-07,25,0,10,23,25,23,1.7,88,9.5,1011,33.125,27,21,23,176,176,176,0,5,11.6,météo favorable
2009-04-08,26,0,9,21,26,23,0.5,87,9.75,1010,23.375,28,21,21,113,176,176,0,6,11.6,météo favorable
2009-04-09,25,0,6,23,25,24,1.2,87,8.5,1010,44.375,27,22,23,176,263,176,0,5,10.2,météo très défavorable
2009-04-10,25,0,9,23,25,23,3.7,89,9.75,1010,38.125,27,22,23,176,353,353,0,5,11.6,météo très défavorable
2009-04-11,26,0,10,23,26,25,0.3,87,9.875,1010,42.125,28,22,23,119,116,113,0,5,11.6,météo favorable
2009-04-12,25,0,9,22,25,24,0,87,10,1009,34.375,27,22,22,116,116,113,0,6,11.6,météo favorable
2009-04-13,25,0,12,23,24,24,5.3,90,9.75,1008,41.375,27,22,23,293,353,176,0,5,11.6,météo très défavorable
2009-04-14,24,0,6,23,24,24,10.4,90,8.875,1009,40.625,27,22,23,356,356,356,0,6,11.6,météo très défavorable
2009-04-15,24,0,9,23,24,22,27.6,90,8.375,1010,57.125,26,22,23,353,293,308,0,5,10.2,météo très défavorable
2009-04-16,25,0,12,22,25,24,6.3,84,9.75,1010,57,27,20,22,116,116,116,0,5,11.6,météo très défavorable
2009-04-17,24,0,6,23,24,23,5.7,89,9.25,1010,34.25,27,22,23,113,356,356,0,6,11.6,météo très défavorable
2009-04-18,24,0,5,23,24,24,0.1,88,10,1011,40.5,26,21,23,116,119,116,0,6,12.1,météo très défavorable
2009-04-19,24,0,11,23,24,24,4.8,88,9.5,1011,45.375,26,22,23,116,293,356,0,6,12.1,météo très défavorable
2009-04-20,25,0,8,23,25,24,6.9,85,9,1010,54.75,27,21,23,293,263,116,0,5,12.1,météo très défavorable
2009-04-21,24,0,15,23,24,24,19.1,91,8.5,1010,54.75,26,22,23,305,296,116,0,5,12.1,météo très défavorable
2009-04-22,25,0,12,23,25,24,3.3,87,9.75,1012,36.625,27,22,23,176,353,176,0,6,12.1,météo très défavorable
2009-04-23,25,0,19,23,25,24,5.6,87,9.375,1012,47.75,27,22,23,116,176,293,0,5,12.1,météo favorable
2009-04-24,25,0,9,23,25,24,4.4,89,8.5,1012,45.25,27,22,23,263,116,299,0,5,12.5,météo favorable
2009-04-25,25,0,10,23,25,24,5.2,87,8.875,1013,48.875,27,22,23,116,263,356,0,5,12.5,météo très défavorable
2009-04-26,25,0,6,23,25,24,6.1,87,8.375,1012,50.25,27,22,23,263,113,263,0,5,12.5,météo favorable
2009-04-27,26,0,9,23,26,24,3,88,9.875,1011,39.125,29,22,23,113,176,353,0,5,12.5,météo favorable
2009-04-28,25,0,7,23,25,24,4.3,87,9.625,1012,48.5,28,22,23,116,116,356,0,5,12.5,météo favorable
2009-04-29,26,0,9,22,25,24,2,89,9.375,1012,38.5,28,22,22,113,353,263,0,6,12.5,météo très défavorable
2009-04-30,24,0,4,23,24,23,5.4,88,8.75,1012,59,26,21,23,176,296,263,0,5,10.5,météo très défavorable
2009-05-01,26,0,6,23,26,23,1.1,87,9.125,1011,29.625,28,21,23,353,176,176,0,5,12.5,météo favorable
2009-05-02,25,0,9,22,25,24,1.3,87,9.75,1012,27,27,22,22,113,176,176,0,6,12.5,météo favorable
2009-05-03,25,0,6,23,25,24,6.1,87,9.25,1012,28.5,27,22,23,356,176,176,0,5,12.5,météo favorable
2009-05-04,25,0,6,23,25,24,5.2,90,9.375,1012,35.625,27,22,23,356,116,176,0,5,12.5,météo favorable
2009-05-05,25,0,9,23,25,23,6.5,89,9.25,1013,23.875,27,22,23,176,356,113,0,5,12.5,météo très défavorable
2009-05-06,26,0,7,21,26,24,0,87,10,1012,25.875,29,22,21,116,113,116,0,6,12.5,météo favorable
2009-05-07,26,0,6,22,26,23,0,85,10,1011,21.5,28,21,22,113,113,113,0,6,12.5,météo favorable
2009-05-08,25,0,7,23,24,23,0,86,10,1011,32.25,27,21,23,113,116,116,0,6,12.5,météo favorable
2009-05-09,25,0,5,23,25,24,0.1,85,10,1011,29.75,27,21,23,116,113,116,0,6,12.5,météo favorable
2009-05-10,25,0,8,23,25,24,18.1,91,8.5,1010,44.75,27,22,23,359,176,176,0,5,12.5,météo très défavorable
2009-05-11,26,0,6,23,25,24,2.8,87,9.75,1010,57.125,28,22,23,116,176,293,0,5,12.4,météo très défavorable
2009-05-12,25,0,13,23,24,24,14.5,90,8.375,1010,44.375,28,22,23,116,356,359,0,5,12.4,météo très défavorable
2009-05-13,25,0,9,23,25,23,12.7,87,8.625,1009,65.625,27,22,23,293,119,263,0,5,11.8,météo très défavorable
2009-05-14,25,0,6,23,25,24,19.8,91,8.875,1009,43.25,27,22,23,305,176,176,0,5,12.4,météo très défavorable
2009-05-15,26,0,10,23,26,24,0.9,85,9.875,1010,26.375,28,21,23,113,113,176,0,6,12.4,météo favorable
2009-05-16,26,0,10,21,26,24,5.3,88,9.5,1010,29.5,29,22,21,113,176,356,0,6,12.4,météo favorable
2009-05-17,24,0,5,23,24,24,9.1,90,9.5,1011,44.5,27,22,23,353,353,176,0,5,12.4,météo très défavorable
2009-05-18,24,0,6,22,24,23,4.2,87,9.75,1010,33.25,26,22,22,113,353,176,0,5,12.4,météo très défavorable
2009-05-19,24,0,6,23,24,23,5.1,87,9.5,1010,39.75,27,22,23,116,176,356,0,6,12.4,météo favorable
2009-05-20,23,0,17,23,23,23,17.2,92,9,1010,54,26,22,23,293,299,299,0,5,10.5,météo très défavorable
2009-05-21,23,0,11,23,23,23,25.9,92,8.5,1011,79.125,26,22,23,296,302,308,0,5,9.1,météo très défavorable
2009-05-22,26,0,6,22,26,23,2.4,84,9.875,1011,49.25,27,21,22,116,116,119,0,5,12.5,météo favorable
2009-05-23,26,0,5,23,26,24,1.7,86,9.875,1011,45.375,29,22,23,116,176,353,0,5,12.5,météo favorable
2009-05-24,26,0,8,23,25,24,4.3,89,9.75,1010,53.5,28,23,23,116,176,353,0,5,12.5,météo favorable
2009-05-25,23,0,5,23,23,23,12.1,90,8.5,1010,70.375,26,22,23,299,263,299,0,5,9.1,météo très défavorable
2009-05-26,23,0,5,23,23,23,3,90,9,1010,48.875,26,21,23,263,116,116,0,5,12.4,météo favorable
2009-05-27,24,0,6,23,24,23,3,87,9.875,1010,52.25,26,21,23,116,353,293,0,5,12.4,météo très défavorable
2009-05-28,25,0,10,22,24,23,7.4,86,9.125,1011,35.125,27,22,22,116,356,356,0,5,12.4,météo très défavorable
2009-05-29,24,0,12,23,24,24,13.3,87,9,1011,62,26,21,23,293,176,302,0,5,9.1,météo très défavorable
2009-05-30,25,0,11,23,25,24,8.3,88,9,1011,38.875,28,22,23,176,176,356,0,5,12.4,météo très défavorable
2009-05-31,25,0,10,23,25,24,9.6,88,9.125,1011,42.25,27,22,23,176,356,356,0,6,12.5,météo très défavorable
2009-06-01,24,0,9,23,24,23,12.3,90,8.625,1012,45.75,26,22,23,356,356,263,0,5,12.5,météo très défavorable
2009-06-02,24,0,7,23,24,23,4.2,88,9.375,1012,44.75,27,21,23,293,176,356,0,6,12,météo favorable
2009-06-03,26,0,7,23,26,24,0.6,86,9,1012,42.5,28,21,23,116,116,113,0,5,12,météo favorable
2009-06-04,25,0,11,23,25,24,2.4,86,9.5,1011,37.75,27,21,24,176,176,176,0,5,12,météo favorable
2009-06-05,25,0,8,23,25,24,4.2,83,9.625,1011,45.125,27,21,23,293,116,116,0,5,12,météo favorable
2009-06-06,26,0,10,23,26,24,9.6,84,9.25,1011,48.125,28,22,23,299,176,356,0,5,12.1,météo très défavorable
2009-06-07,24,0,9,23,24,24,4.5,88,9.125,1011,74.125,27,22,23,296,296,263,0,5,8.9,météo très défavorable
2009-06-08,23,0,5,23,23,23,20.8,90,8.625,1013,61.625,25,21,23,356,305,296,0,5,7.4,météo très défavorable
2009-06-09,23,0,7,23,23,23,12.4,89,9.125,1013,50.75,25,21,23,293,305,176,0,5,10.2,météo très défavorable
2009-06-10,24,0,8,23,24,23,8.4,85,9.375,1013,57.125,26,21,23,293,293,293,0,5,8.8,météo très défavorable
2009-06-11,26,0,8,23,26,24,5.2,86,9,1012,50.375,28,21,23,263,116,116,0,5,11.6,météo favorable
2009-06-12,23,0,8,23,23,23,0.8,82,8.75,1012,42.5,26,20,23,116,263,263,0,6,11.6,météo très défavorable
2009-06-13,28,0,8,23,28,24,0.5,85,9.875,1012,29.875,30,22,23,116,116,176,0,6,11.6,météo favorable
2009-06-14,27,0,8,23,25,24,3.7,88,9.875,1012,31.875,29,22,23,116,353,176,0,5,11.6,météo très défavorable
2009-06-15,24,0,7,23,23,23,8,90,9.5,1012,40.75,26,22,23,356,353,176,0,5,11.6,météo très défavorable
2009-06-16,24,0,9,23,24,23,6.9,89,9.5,1012,25.25,26,22,23,176,176,176,0,5,11.6,météo favorable
2009-06-17,26,0,8,22,26,23,0.9,84,9.875,1012,24.5,28,21,22,113,113,176,0,6,11.6,météo favorable
2009-06-18,25,0,9,23,25,24,1.1,86,9.25,1011,33,27,22,23,116,116,263,0,5,11.6,météo favorable
2009-06-19,24,0,5,23,24,24,8.4,91,9.625,1011,51.75,26,22,23,356,353,353,0,5,10.2,météo très défavorable
2009-06-20,24,0,5,23,24,24,2.6,88,9.625,1011,58.375,26,22,23,296,176,353,0,5,10.2,météo très défavorable
2009-06-21,25,0,6,23,25,23,0.3,83,10,1011,39.125,27,20,23,113,116,116,0,5,11.6,météo favorable
2009-06-22,24,0,5,22,24,23,1.5,83,8.75,1010,42.75,26,20,22,116,263,263,0,6,11.6,météo très défavorable
2009-06-23,24,0,9,22,24,23,8,90,8.875,1011,49.5,26,22,22,263,353,356,0,5,10.2,météo très défavorable
2009-06-24,24,0,12,23,24,23,11.9,90,8.875,1011,42,26,22,23,356,356,353,0,5,11.6,météo très défavorable
2009-06-25,24,0,9,23,24,23,7.4,88,9.625,1011,30.875,26,22,23,176,176,176,0,5,11.6,météo favorable
2009-06-26,24,0,11,21,24,23,1,88,9.875,1011,33.875,27,22,21,116,176,353,0,6,11.6,météo favorable
2009-06-27,23,0,6,22,23,23,4.5,90,9.5,1011,50.875,26,22,22,353,356,176,0,6,8.8,météo très défavorable
2009-06-28,25,0,6,23,25,23,5.4,89,9.875,1011,45.875,27,22,23,353,353,176,0,5,11.6,météo très défavorable
2009-06-29,23,0,11,22,23,22,10.7,91,9.125,1012,50.625,26,21,22,176,356,356,0,5,7.4,météo très défavorable
2009-06-30,23,0,14,21,23,23,5.5,90,9.5,1012,50.625,26,22,22,116,296,356,0,6,8.8,météo très défavorable
2009-07-01,24,0,10,22,24,23,2.2,86,9.25,1012,47.375,26,21,22,353,353,176,0,5,11.6,météo très défavorable
2009-07-02,25,0,8,22,24,23,1.6,88,9.25,1012,43.625,27,21,22,116,176,263,0,6,11.6,météo favorable
2009-07-03,24,0,13,22,24,24,1.8,90,8.75,1012,51.25,26,21,23,353,263,263,0,6,7.4,météo très défavorable
2009-07-04,24,0,12,23,24,23,15.4,89,8.375,1011,54.875,26,21,23,305,293,356,0,5,10.2,météo très défavorable
2009-07-05,25,0,9,23,25,23,4.4,86,8.875,1011,45.25,27,21,23,263,116,356,0,5,10.2,météo favorable
2009-07-06,24,0,3,23,24,23,8.8,89,9.375,1011,55.875,26,22,23,293,353,293,0,5,10.2,météo très défavorable
2009-07-07,23,0,5,23,23,23,6.7,89,8.625,1010,61.25,26,21,23,353,356,266,0,5,10.2,météo très défavorable
2009-07-08,24,0,10,23,24,24,8.7,90,9.5,1010,50,26,22,23,356,176,353,0,5,10.2,météo très défavorable
2009-07-09,24,0,10,23,24,24,6.5,91,9.5,1010,42.875,27,22,23,353,176,353,0,5,11.6,météo favorable
2009-07-10,25,0,6,23,24,23,4.3,90,9.5,1009,28.5,27,22,23,176,176,176,0,5,11.6,météo favorable
2009-07-11,25,0,6,22,25,23,2.9,88,9.75,1009,45.125,27,21,22,116,353,296,0,5,8.8,météo très défavorable
2009-07-12,24,0,6,22,24,24,3.3,87,9.75,1009,64.5,27,22,22,116,116,296,0,5,8.8,météo très défavorable
2009-07-13,25,0,8,23,25,24,7.7,86,9.375,1009,52.75,27,23,23,116,353,176,0,5,8.8,météo très défavorable
2009-07-14,24,0,7,23,24,24,12.9,89,8.25,1010,58,26,22,23,299,263,353,0,5,8.8,météo très défavorable
2009-07-15,28,0,9,23,28,24,2.7,86,9.25,1010,39.375,31,22,23,263,116,176,0,5,11.6,météo favorable
2009-07-16,26,0,10,23,26,24,2.3,85,9.75,1011,41.25,29,21,23,116,176,176,0,5,11.6,météo favorable
2009-07-17,24,0,12,23,24,23,6.5,90,9.375,1011,36.25,26,22,23,353,356,176,0,5,11.6,météo très défavorable
2009-07-18,25,0,7,21,25,23,2,86,9.25,1012,41.75,27,21,21,119,353,176,0,5,11.6,météo très défavorable
2009-07-19,25,0,8,22,25,24,0.5,86,9.875,1012,40.375,27,21,22,116,116,176,0,6,11.6,météo favorable
2009-07-20,26,0,8,23,26,25,0.3,86,9.875,1012,39,28,22,23,116,116,116,0,5,11.6,météo favorable
2009-07-21,23,0,5,23,23,23,10.2,92,9.25,1013,58.5,25,21,23,356,299,116,0,5,8.8,météo très défavorable
2009-07-22,25,0,5,22,24,23,1.7,89,9,1012,38.5,27,21,22,176,176,176,0,5,11.6,météo favorable
2009-07-23,26,0,7,22,25,23,1.2,84,9.75,1011,38.875,28,21,22,116,176,176,0,6,11.6,météo favorable
2009-07-24,25,0,5,23,25,23,10.2,85,8.25,1011,61.625,27,21,23,299,263,299,0,5,11.6,météo très défavorable
2009-07-25,24,0,8,22,24,23,7.4,87,8.625,1012,71.125,26,21,22,302,263,116,0,5,8.8,météo très défavorable
2009-07-26,28,0,9,23,28,24,1.6,89,8.625,1011,41,30,23,23,263,116,176,0,5,11.6,météo favorable
2009-07-27,26,0,6,23,25,24,7.9,88,9.5,1009,45.875,28,23,23,116,176,356,0,5,11.6,météo favorable
2009-07-28,25,0,8,23,25,24,15.3,89,8.75,1010,61.75,27,22,23,353,176,263,0,5,7.4,météo très défavorable
2009-07-29,28,0,12,23,28,24,1.2,85,9.25,1011,39.25,31,23,23,116,113,263,0,5,11.6,météo favorable
2009-07-30,29,0,12,23,29,25,0.3,75,9.375,1011,34.875,31,22,23,116,113,113,0,5,11.6,météo favorable
2009-07-31,29,0,10,23,29,25,0.3,72,9.875,1010,24.625,31,22,23,116,113,176,0,6,11.6,météo favorable
2009-08-01,29,0,10,23,29,25,0.1,74,10,1009,24.875,30,22,23,116,113,113,0,6,11.6,météo favorable
2009-08-02,27,0,11,23,27,24,0.1,79,10,1010,31.5,29,21,23,116,113,113,0,6,11.6,météo favorable
2009-08-03,26,0,9,23,26,24,1.3,85,9.875,1011,32.125,28,22,23,116,176,116,0,5,11.6,météo favorable
2009-08-04,25,0,7,23,25,24,3.8,87,9.625,1011,36,27,22,23,113,176,176,0,5,11.6,météo favorable
2009-08-05,27,0,7,23,27,24,17,87,9.25,1011,41.625,30,23,23,116,176,176,0,5,11.6,météo très défavorable
2009-08-06,24,0,7,23,24,23,9.9,90,9.25,1010,47.625,27,23,23,353,356,353,0,5,11.6,météo très défavorable
2009-08-07,24,0,12,23,24,23,15.1,91,8.875,1010,54,26,22,23,353,356,356,0,5,7.4,météo très défavorable
2009-08-08,25,0,13,22,25,24,4.6,88,9.75,1011,34.25,27,21,22,353,176,176,0,5,11.6,météo favorable
2009-08-09,27,0,8,20,27,24,0.8,80,9.875,1011,21.875,29,21,20,113,113,176,0,6,11.6,météo favorable
2009-08-10,26,0,10,22,25,24,2.2,86,9.625,1011,28.875,28,22,22,113,176,176,0,5,11.6,météo favorable
2009-08-11,24,0,6,23,24,23,8.4,89,9.25,1012,32,26,22,23,176,356,176,0,5,11.6,météo très défavorable
2009-08-12,24,0,6,23,24,23,13.4,89,9.125,1013,44.125,27,22,23,356,353,356,0,5,10.2,météo très défavorable
2009-08-13,26,0,7,22,26,24,2.8,87,9.875,1013,22.25,28,21,22,113,176,113,0,5,11.6,météo favorable
2009-08-14,25,0,7,20,25,23,1.9,86,9.75,1012,26.75,27,21,21,113,176,176,0,6,11.6,météo favorable
2009-08-15,24,0,6,22,24,23,4.4,88,8.875,1012,50.25,26,21,22,116,176,263,0,5,11.6,météo favorable
2009-08-16,23,0,9,22,23,23,3.8,86,9.375,1011,51.875,25,21,22,116,353,353,0,5,11.6,météo très défavorable
2009-08-17,24,0,9,23,23,23,5.7,88,9.875,1012,53.125,26,21,23,353,353,293,0,5,10.2,météo très défavorable
2009-08-18,23,0,5,22,22,23,9.1,92,8.75,1013,61,25,21,22,302,293,263,0,5,10.2,météo très défavorable
2009-08-19,24,0,3,23,24,23,2.3,86,8.5,1013,50.5,26,21,23,293,263,263,0,5,10.2,météo très défavorable
2009-08-20,25,0,6,23,25,23,3.2,88,9.625,1012,41.625,27,21,23,353,176,176,0,5,11.6,météo favorable
2009-08-21,25,0,8,23,25,23,6.7,86,9.625,1010,54.125,27,21,23,116,353,356,0,5,10.2,météo très défavorable
2009-08-22,24,0,4,23,24,23,4.5,89,9.125,1011,50.375,26,21,23,176,263,116,0,5,11.6,météo très défavorable
2009-08-23,24,0,7,23,24,23,6,86,8.375,1011,61.5,26,21,23,263,356,353,0,5,7.4,météo très défavorable
2009-08-24,24,0,9,23,24,23,8.5,88,8.5,1011,39.25,27,22,23,356,356,176,0,5,11.6,météo très défavorable
2009-08-25,25,0,9,20,25,24,1.4,87,9.875,1011,42.625,27,21,21,116,353,176,0,6,11.6,météo très défavorable
2009-08-26,25,0,8,23,25,23,8.1,90,9.375,1011,29.75,27,22,23,356,176,176,0,5,11.6,météo très défavorable
2009-08-27,24,0,7,23,24,23,4.2,90,9.75,1011,47.25,27,22,23,176,353,353,0,5,10.2,météo très défavorable
2009-08-28,25,0,8,23,25,23,6.6,90,9.625,1010,54.875,27,22,23,353,353,356,0,5,11.6,météo très défavorable
2009-08-29,24,0,14,23,24,23,7.4,90,8.875,1011,60.75,26,22,23,293,353,263,0,5,10.2,météo très défavorable
2009-08-30,26,0,9,22,26,24,0.1,86,10,1012,30.625,28,21,22,116,113,113,0,6,11.6,météo favorable
2009-08-31,27,0,8,20,27,24,0,83,10,1012,24.625,28,21,20,113,116,116,0,6,11.6,météo favorable
2009-09-01,26,0,8,23,26,24,0.3,86,10,1011,38,29,22,23,116,116,116,0,6,11.6,météo favorable
2009-09-02,26,0,7,23,26,24,2.2,88,9.75,1010,51,28,22,23,353,116,176,0,5,11.6,météo favorable
2009-09-03,24,0,5,24,24,23,6.4,89,9.25,1009,55.25,26,22,24,176,293,296,0,5,11.7,météo très défavorable
2009-09-04,25,0,11,23,25,24,11.2,89,9.25,1010,43,28,22,23,353,176,356,0,5,12.1,météo très défavorable
2009-09-05,25,0,8,23,25,24,3.5,87,9.75,1010,36,27,22,23,293,176,113,0,5,12.1,météo favorable
2009-09-06,25,0,5,23,25,24,2,86,9.125,1011,31.625,28,21,23,293,113,176,0,5,12.5,météo favorable
2009-09-07,26,0,6,22,26,23,2.9,87,9.625,1011,39.125,28,21,23,116,176,299,0,6,12.5,météo favorable
2009-09-08,25,0,6,23,25,24,2.8,83,9.75,1012,25.875,27,21,23,176,113,113,0,5,12.5,météo favorable
2009-09-09,27,0,6,22,27,24,1.8,86,9.75,1012,38.5,30,22,22,113,176,293,0,6,12.5,météo favorable
2009-09-10,26,0,6,23,26,24,0.6,87,9.375,1012,44,28,22,23,116,116,116,0,5,12.5,météo favorable
2009-09-11,25,0,7,23,25,24,5.8,88,9.375,1012,34.75,28,22,23,176,176,356,0,6,12.5,météo favorable
2009-09-12,24,0,7,23,24,24,6.6,90,9.5,1014,44.5,26,21,23,356,176,116,0,5,12.5,météo favorable
2009-09-13,26,0,8,21,25,23,1.7,85,9.75,1014,24,28,21,21,116,176,176,0,6,12.5,météo favorable
2009-09-14,27,0,8,23,26,24,1.1,85,9.75,1013,39,28,21,23,116,176,293,0,6,12.5,météo favorable
2009-09-15,27,0,8,23,25,24,3.1,88,9.625,1011,36.625,29,22,23,176,176,176,0,5,12.5,météo favorable
2009-09-16,26,0,8,23,26,24,9.9,89,9.125,1010,38.875,28,23,24,353,176,356,0,5,12.5,météo très défavorable
2009-09-17,24,0,12,23,24,23,5,89,8.875,1011,51.5,26,22,23,353,263,356,0,5,12.5,météo très défavorable
2009-09-18,25,0,13,23,25,24,12.7,90,8.75,1011,36.5,27,22,23,356,356,356,0,5,12.5,météo très défavorable
2009-09-19,24,0,9,23,24,23,15.9,89,9,1012,47.375,26,21,23,176,356,305,0,6,11.8,météo très défavorable
2009-09-20,26,0,12,23,25,24,0.7,87,9.375,1012,50,28,21,23,116,263,116,0,5,12.5,météo très défavorable
2009-09-21,24,0,6,23,24,23,6.1,88,9.5,1012,74.5,27,21,23,302,119,296,0,5,9.1,météo très défavorable
2009-09-22,24,0,6,22,24,23,2.2,86,7.625,1012,59.25,26,21,22,263,293,263,0,5,11.8,météo très défavorable
2009-09-23,26,0,8,23,26,23,6.7,85,8.875,1012,50,28,21,23,263,116,356,0,5,11.6,météo favorable
2009-09-24,27,0,8,23,27,23,3.4,87,9.625,1012,54,29,22,23,293,116,176,0,5,11.6,météo favorable
2009-09-25,26,0,9,22,26,23,3.5,86,9.25,1010,30.75,29,22,22,113,176,353,0,5,11.6,météo favorable
2009-09-26,25,0,11,23,25,23,4.8,88,9.625,1010,37.375,27,22,23,113,353,299,0,5,11.6,météo très défavorable
2009-09-27,26,0,9,23,26,24,4.6,86,9.625,1010,32.375,28,22,23,353,116,176,0,5,11.6,météo favorable
2009-09-28,27,0,8,21,27,23,0.6,84,9.75,1010,17.625,29,21,21,113,113,176,0,5,11.6,météo favorable
2009-09-29,27,0,6,23,27,24,2.5,88,9.75,1009,15.875,30,22,23,113,113,176,0,5,11.6,météo favorable
2009-09-30,28,0,6,23,28,24,1.5,86,9.875,1010,18.875,31,24,23,113,113,176,0,6,11.6,météo favorable
2009-10-01,29,0,10,23,29,24,0.2,77,9.875,1011,23.125,31,23,23,116,113,176,0,6,11.6,météo favorable
2009-10-02,28,0,10,23,27,24,1.2,81,10,1011,35.25,30,22,23,113,113,353,0,6,11.6,météo favorable
2009-10-03,25,0,5,23,24,23,3.3,86,9.75,1012,37.5,27,21,23,176,353,176,0,6,11.6,météo très défavorable
2009-10-04,26,0,7,23,26,23,1.5,83,9.75,1012,27.75,28,21,23,113,176,176,0,6,11.6,météo favorable
2009-10-05,27,0,7,20,27,23,0.6,84,9.875,1012,11.875,29,21,21,113,176,113,0,6,11.6,météo favorable
2009-10-06,24,0,5,23,24,23,1.3,86,9.75,1011,32.25,26,21,23,116,116,176,0,5,11.6,météo favorable
2009-10-07,27,0,10,23,27,24,3.6,85,9.75,1010,35.875,29,22,23,116,176,353,0,5,11.6,météo favorable
2009-10-08,24,0,5,23,23,23,6.4,90,9.25,1010,47.25,26,22,23,356,293,296,0,5,11.6,météo très défavorable
2009-10-09,27,0,8,23,27,24,11.4,88,9.25,1012,53.125,29,22,23,299,116,356,0,5,10.2,météo très défavorable
2009-10-10,25,0,9,23,25,23,2.8,85,9.25,1013,50.125,27,21,23,263,116,293,0,5,11.6,météo favorable
2009-10-11,24,0,8,23,24,23,2.9,86,8.75,1014,50.5,26,21,23,116,266,293,0,5,8.8,météo très défavorable
2009-10-12,24,0,7,22,24,23,3.2,86,8,1013,57,26,21,22,263,176,263,0,5,8.8,météo très défavorable
2009-10-13,27,0,7,22,26,23,1.5,85,9.75,1012,33.25,29,22,22,176,176,353,0,6,11.6,météo favorable
2009-10-14,25,0,13,23,25,23,6.8,90,9.25,1011,29.125,28,23,23,176,176,356,0,5,11.6,météo favorable
2009-10-15,24,0,9,23,24,23,8.7,89,9.25,1012,25.375,26,22,23,176,356,176,0,5,11.6,météo très défavorable
2009-10-16,25,0,13,22,25,23,4.4,88,9.625,1012,34.5,27,22,22,116,353,356,0,6,11.6,météo très défavorable
2009-10-17,26,0,5,23,26,23,10,87,9.125,1011,62.875,29,22,23,299,176,356,0,5,11.6,météo très défavorable
2009-10-18,24,0,9,23,24,23,13.2,87,9.125,1012,74,26,21,23,293,353,356,0,5,8.8,météo très défavorable
2009-10-19,25,0,12,23,25,24,1.5,87,9.25,1013,42.125,28,21,23,116,176,263,0,5,11.6,météo favorable
2009-10-20,26,0,6,21,26,24,2.2,86,9.75,1013,27.5,28,21,21,116,176,176,0,5,11.6,météo favorable
2009-10-21,25,0,4,23,24,23,12.5,87,9.375,1013,52.125,27,21,23,299,176,116,0,5,11.6,météo très défavorable
2009-10-22,25,0,6,23,25,24,6.1,90,9.625,1012,52,27,22,23,116,353,356,0,6,11.6,météo très défavorable
2009-10-23,24,0,9,23,24,23,11.1,90,8.625,1012,63.25,26,22,23,302,263,116,0,5,8.8,météo très défavorable
2009-10-24,24,0,7,23,24,23,11.8,89,8.625,1011,54.625,26,22,23,356,263,356,0,5,11.6,météo très défavorable
2009-10-25,24,0,3,23,24,23,14,89,9,1012,56.75,26,21,23,356,293,293,0,5,8.8,météo très défavorable
2009-10-26,27,0,11,23,26,24,3.5,86,9.75,1010,32.375,29,22,23,113,176,353,0,5,11.6,météo favorable
2009-10-27,27,0,10,23,26,24,2.1,84,9.625,1010,27.5,29,22,23,113,176,176,0,5,11.6,météo favorable
2009-10-28,27,0,8,23,27,24,1.7,86,9.625,1011,26.125,29,22,23,113,176,176,0,5,11.6,météo favorable
2009-10-29,28,0,10,22,28,24,0.4,84,9.75,1011,27,30,21,22,176,113,176,0,6,11.6,météo favorable
2009-10-30,27,0,6,23,26,23,4,85,9.625,1010,47.25,29,22,23,116,353,356,0,6,11.6,météo très défavorable
2009-10-31,23,0,10,23,23,23,5,85,9.75,1011,56.75,25,20,23,353,293,116,0,5,8.8,météo très défavorable
2009-11-01,26,0,5,22,26,23,0.1,83,10,1011,22.125,28,20,22,113,113,113,0,6,11.6,météo favorable
2009-11-02,25,0,9,22,25,24,4.1,83,9.625,1012,43.375,27,21,22,293,116,176,0,5,11.6,météo favorable
2009-11-03,24,0,6,23,24,23,8.3,90,9.25,1012,51.125,26,22,23,356,353,356,0,5,10.2,météo très défavorable
2009-11-04,25,0,9,23,25,23,13,88,9.125,1011,45.125,27,22,23,293,353,356,0,5,8.8,météo très défavorable
2009-11-05,26,0,8,23,26,24,0.2,83,10,1010,26.125,28,21,23,116,113,116,0,6,11.6,météo favorable
2009-11-06,27,0,10,23,27,24,2.5,85,9.875,1009,22.375,29,22,23,113,113,176,0,6,11.6,météo favorable
2009-11-07,25,0,8,24,25,24,10.5,87,8.75,1009,30.625,28,23,24,176,356,356,0,5,11.6,météo très défavorable
2009-11-08,25,0,10,23,25,23,8.6,87,9,1009,54,28,22,23,176,356,356,0,5,11.6,météo très défavorable
2009-11-09,24,0,16,23,23,23,20.2,93,8.5,1008,67.25,26,22,23,356,356,356,0,5,8.8,météo très défavorable
2009-11-10,26,0,9,22,26,23,2.9,87,9.625,1007,43.25,27,21,23,293,116,176,0,5,10.2,météo favorable
2009-11-11,26,0,13,22,26,23,4.3,88,9.5,1009,29.75,28,22,22,113,176,356,0,6,11.6,météo favorable
2009-11-12,25,0,13,23,25,23,3.5,88,9.75,1010,41.25,27,22,23,176,353,176,0,5,11.6,météo très défavorable
2009-11-13,24,0,7,23,24,24,8.9,90,9.25,1010,41.125,27,22,23,353,356,356,0,6,11.6,météo très défavorable
2009-11-14,24,0,5,23,24,24,0.9,88,9.75,1009,37.25,26,22,23,176,116,116,0,5,11.6,météo favorable
2009-11-15,24,0,8,23,24,23,12.1,91,9.125,1009,61.875,26,22,23,356,293,356,0,5,8.8,météo très défavorable
2009-11-16,24,0,5,23,24,23,19.9,88,7.75,1009,53.375,26,21,23,305,299,266,0,5,11.6,météo très défavorable
2009-11-17,24,0,4,23,24,24,31.8,90,8.75,1010,63.25,27,22,23,305,299,353,0,5,8.8,météo très défavorable
2009-11-18,24,0,5,23,24,24,9.1,89,8.625,1009,50.625,26,22,23,266,293,299,0,5,10.2,météo très défavorable
2009-11-19,25,0,6,23,25,24,6.6,87,7.875,1010,50.625,27,22,23,263,263,263,0,5,11.6,météo très défavorable
2009-11-20,24,0,5,23,23,23,3.4,87,9.25,1010,50.375,26,21,23,263,293,116,0,5,11.6,météo très défavorable
2009-11-21,27,0,8,23,27,24,1,86,9.875,1009,25.125,29,22,23,113,116,176,0,6,11.6,météo favorable
2009-11-22,27,0,8,22,27,24,0.3,86,10,1009,35.875,28,22,22,113,113,353,0,6,11.6,météo favorable
2009-11-23,26,0,10,23,26,24,3.9,87,9.875,1009,49.25,29,23,23,353,353,176,0,5,10.2,météo très défavorable
2009-11-24,27,0,13,23,26,24,1.4,87,9.75,1009,24.625,29,23,23,116,176,113,0,5,11.6,météo favorable
2009-11-25,27,0,10,23,26,24,0.4,87,9.875,1009,39.25,29,23,23,116,116,116,0,5,11.6,météo favorable
2009-11-26,29,0,7,23,29,24,0,84,10,1010,17.625,31,23,23,113,113,116,0,6,11.6,météo favorable
2009-11-27,27,0,10,23,26,24,0.8,88,9.25,1010,27.5,30,23,23,113,176,263,0,6,11.6,météo favorable
2009-11-28,26,0,8,23,26,24,0.4,87,9.75,1010,30.75,29,23,23,116,176,176,0,6,11.6,météo favorable
2009-11-29,25,0,6,23,25,24,6.8,86,8.25,1011,54.375,27,22,23,263,263,176,0,5,11.6,météo très défavorable
2009-11-30,25,0,17,24,25,24,5.2,88,8.875,1011,47.25,28,23,24,263,176,353,0,5,10.2,météo favorable
2009-12-01,26,0,13,23,25,24,5.9,89,9.125,1010,54.25,28,23,23,353,122,299,0,5,8.8,météo très défavorable
2009-12-02,26,0,13,23,26,24,9.8,88,9.125,1010,65.75,29,23,23,302,116,356,0,5,7.4,météo très défavorable
2009-12-03,27,0,10,23,27,24,6.1,85,9.625,1010,45,29,23,23,116,116,356,0,5,10.2,météo favorable
2009-12-04,27,0,10,23,27,23,4,85,9.5,1011,41.375,29,22,23,113,113,356,0,5,11.6,météo favorable
2009-12-05,25,0,7,23,25,23,5,84,9.75,1011,38.25,27,22,23,116,353,299,0,5,10.2,météo très défavorable
2009-12-06,25,0,13,23,25,24,8.2,86,9.625,1011,27.5,27,21,23,293,113,113,0,5,12.5,météo très défavorable
2009-12-07,25,0,17,23,24,24,2.7,88,9.75,1011,39.25,27,22,23,176,176,353,0,5,12.5,météo favorable
2009-12-08,25,0,12,23,25,24,3.3,87,9.625,1011,36.875,27,22,23,176,176,353,0,5,12.5,météo favorable
2009-12-09,25,0,14,23,25,24,6,89,9.375,1011,36.625,27,21,23,293,176,113,0,5,12.5,météo favorable
2009-12-10,26,0,12,23,26,24,0.3,82,9.875,1010,16.875,28,21,23,113,113,176,0,6,12.5,météo favorable
2009-12-11,27,0,8,22,27,24,0,83,10,1010,29.5,29,21,23,113,113,116,0,6,12.5,météo favorable
2009-12-12,25,0,7,23,25,23,1.8,89,9.875,1010,48.875,27,22,23,353,116,116,0,5,12.5,météo favorable
2009-12-13,25,0,10,23,25,24,1.3,90,10,1010,38.875,28,23,23,113,353,116,0,6,12.5,météo très défavorable
2009-12-14,24,0,12,23,23,23,7.2,92,9.5,1011,65,26,22,23,293,296,296,0,5,9.2,météo très défavorable
2009-12-15,26,0,9,23,26,24,0.9,84,8.75,1012,35.25,28,21,23,263,116,113,0,5,12.5,météo favorable
2009-12-16,25,0,10,23,25,23,5,89,9.5,1012,36.375,28,22,23,113,113,356,0,5,12.5,météo favorable
2009-12-17,26,0,10,23,26,24,6.2,87,9,1013,60.625,28,22,23,263,116,353,0,5,11.8,météo très défavorable
2009-12-18,25,0,9,23,25,23,8.6,90,9.25,1013,53,28,23,23,116,176,356,0,5,12.5,météo très défavorable
2009-12-19,24,0,8,22,24,23,0.4,89,9.875,1013,48.75,26,22,22,176,116,116,0,6,12.5,météo favorable
2009-12-20,23,0,9,23,23,23,17.8,92,9,1014,70,25,22,23,302,299,116,0,5,10.5,météo très défavorable
2009-12-21,23,0,7,23,23,23,16.3,90,9.25,1013,62.625,26,22,23,299,299,299,0,6,11.8,météo très défavorable
2009-12-22,23,0,10,23,23,23,15.2,91,9.125,1013,64.625,25,22,23,299,299,116,0,5,12.5,météo très défavorable
2009-12-23,26,0,7,22,25,24,0.9,87,10,1013,47.125,28,21,22,119,116,116,0,5,12.5,météo favorable
2009-12-24,25,0,9,23,25,24,4.6,90,9.375,1012,52.375,28,22,23,116,176,293,0,5,12.5,météo favorable
2009-12-25,24,0,9,23,24,24,17.1,91,8.5,1010,55.875,27,22,23,299,263,353,0,5,12.5,météo très défavorable
2009-12-26,26,0,10,24,26,24,9.9,89,9.375,1009,37.5,28,23,24,176,176,356,0,5,12.5,météo très défavorable
2009-12-27,26,0,11,23,26,24,12.6,89,8.75,1009,46.875,28,23,24,116,116,356,0,5,12.1,météo très défavorable
2009-12-28,25,0,8,23,25,23,4.1,90,9.375,1009,42.75,27,22,23,176,116,356,0,5,12.1,météo favorable
2009-12-29,24,0,5,23,23,23,13.5,89,9.25,1009,54.125,26,21,23,116,293,293,0,5,12.1,météo très défavorable
2009-12-30,25,0,9,23,25,23,6.3,91,9.5,1010,60.625,28,22,23,293,353,356,0,5,7.4,météo très défavorable
2009-12-31,24,0,6,23,24,24,5.3,89,9.5,1009,42.875,26,22,23,116,176,116,0,5,11.6,météo favorable
2010-01-01,24,0,7,23,24,23,5.7,87,9.375,1010,40.875,26,21,23,113,356,176,0,5,11.6,météo très défavorable
2010-01-02,25,0,7,22,25,24,0.2,87,9.875,1010,27.875,27,21,22,113,176,113,0,6,11.6,météo favorable
2010-01-03,26,0,7,23,26,23,0.5,79,9.375,1010,34.625,27,21,23,116,113,263,0,6,11.6,météo favorable
2010-01-04,25,0,10,23,25,24,3.6,87,9.625,1009,45.875,27,21,23,293,113,176,0,5,11.6,météo favorable
2010-01-05,25,0,9,23,25,23,5.5,88,8.875,1009,36.625,27,22,23,263,176,176,0,5,11.6,météo favorable
2010-01-06,24,0,6,23,24,24,0,88,10,1009,53,27,22,23,116,116,116,0,5,11.6,météo favorable
2010-01-07,24,0,8,23,24,24,11.9,89,8.875,1010,82.5,27,22,23,296,122,356,0,5,7.4,météo très défavorable
2010-01-08,23,0,5,23,23,23,10.3,89,9.5,1010,84.375,26,22,23,296,296,119,0,5,6.1,météo très défavorable
2010-01-09,24,0,8,22,24,23,4.2,86,8.5,1010,54.875,26,22,22,293,263,293,0,5,11.6,météo très défavorable
2010-01-10,25,0,8,23,25,23,5.5,89,9.75,1009,50.125,27,22,23,116,353,299,0,5,10.2,météo très défavorable
2010-01-11,25,0,13,23,24,24,4.8,89,9.875,1009,45.125,27,22,23,113,353,293,0,5,11.6,météo très défavorable
2010-01-12,24,0,16,23,24,23,7.4,89,9,1010,56.875,27,22,23,263,353,299,0,5,11.6,météo très défavorable
2010-01-13,25,0,20,23,25,24,1.2,90,9.875,1011,50.125,27,22,23,293,116,116,0,6,11.6,météo favorable
2010-01-14,25,0,9,23,25,24,17,89,8.75,1011,76.125,27,22,23,296,356,293,0,5,7.4,météo très défavorable
2010-01-15,26,0,11,23,25,24,5.5,92,9.625,1011,62.625,28,23,23,119,353,293,0,5,10.2,météo très défavorable
2010-01-16,24,0,9,23,24,24,11.9,93,9,1011,60.875,27,23,23,116,356,305,0,5,6.1,météo très défavorable
2010-01-17,24,0,7,23,24,23,5.6,92,8.625,1012,59.625,26,22,23,356,353,116,0,5,11.6,météo très défavorable
2010-01-18,25,0,15,23,25,23,4.5,89,9.75,1012,48,27,21,23,122,176,353,0,5,11.6,météo favorable
2010-01-19,24,0,10,23,24,23,5.2,87,8.875,1013,39.75,26,21,23,293,263,116,0,5,10.2,météo très défavorable
2010-01-20,24,0,10,22,24,23,0.4,86,9.875,1013,29.625,26,21,22,113,116,116,0,5,11.6,météo favorable
2010-01-21,26,0,6,23,26,23,2.1,89,9.75,1013,55.625,28,21,23,353,176,116,0,5,11.6,météo très défavorable
2010-01-22,26,0,12,23,26,23,1.1,86,9.875,1012,22.25,28,22,23,113,113,176,0,6,11.6,météo favorable
2010-01-23,24,0,9,23,24,23,6.7,93,9.125,1013,49.25,26,22,23,116,356,356,0,5,8.8,météo très défavorable
2010-01-24,24,0,18,23,24,23,2.8,90,10,1012,52.5,26,22,23,116,353,353,0,6,10.2,météo très défavorable
2010-01-25,23,0,11,22,23,23,6.3,89,9,1012,50.375,25,21,22,299,176,263,0,6,11.6,météo favorable
2010-01-26,24,0,7,22,24,23,1.5,85,9.625,1011,35.75,26,21,22,176,176,116,0,5,11.6,météo favorable
2010-01-27,26,0,14,23,26,23,8.2,88,9,1011,31.5,28,22,23,263,113,176,0,5,11.6,météo très défavorable
2010-01-28,26,0,15,23,26,24,1.8,89,9.875,1011,34,28,22,23,113,113,353,0,5,10.2,météo favorable
2010-01-29,25,0,14,23,25,24,1.8,88,10,1011,37.75,28,23,23,113,353,116,0,6,11.6,météo très défavorable
2010-01-30,24,0,12,23,24,23,6.3,91,9.5,1011,52.5,26,22,23,116,353,356,0,5,8.8,météo très défavorable
2010-01-31,25,0,11,22,25,23,0,90,10,1012,31.75,27,21,22,116,113,113,0,6,11.6,météo favorable
2010-02-01,25,0,10,22,25,23,0.1,83,10,1012,29.125,27,21,22,113,113,116,0,6,11.6,météo favorable
2010-02-02,25,0,12,22,25,23,0.2,87,9.875,1011,26,27,20,22,116,113,176,0,6,11.6,météo favorable
2010-02-03,24,0,10,22,22,23,0.9,86,9.875,1013,32.75,26,20,22,116,116,113,0,5,11.6,météo favorable
2010-02-04,24,0,10,23,24,23,3.7,90,9.5,1013,54.625,26,22,23,116,176,356,0,6,10.2,météo favorable
2010-02-05,24,0,7,22,24,23,2.5,89,9.875,1013,50.5,26,21,23,176,353,116,0,5,11.6,météo très défavorable
2010-02-06,25,0,12,23,25,23,4.3,90,9.5,1013,61.875,27,22,23,293,116,302,0,6,7.4,météo très défavorable
2010-02-07,25,0,12,22,24,23,9.1,90,9.25,1014,49.25,26,21,22,293,116,116,0,5,11.6,météo très défavorable
2010-02-08,24,0,13,22,24,23,0.7,80,9.375,1014,30.75,26,21,22,113,116,263,0,6,11.6,météo favorable
2010-02-09,23,0,8,22,22,23,4,91,9,1014,54,25,21,22,263,353,116,0,5,11.6,météo très défavorable
2010-02-10,26,0,10,21,26,23,0,83,10,1014,18.5,27,21,21,113,113,113,0,6,11.6,météo favorable
2010-02-11,26,0,8,21,26,24,0.1,89,10,1014,23.25,28,21,21,116,113,113,0,6,11.6,météo favorable
2010-02-12,26,0,9,21,26,24,0,87,10,1013,7.25,28,20,21,113,113,113,0,6,11.6,météo favorable
2010-02-13,26,0,8,22,26,23,0.5,89,9.875,1012,25.875,28,21,22,113,176,113,0,6,11.6,météo favorable
2010-02-14,24,0,6,22,24,23,4,90,9.375,1012,34.625,26,21,22,356,176,113,0,5,11.6,météo favorable
2010-02-15,25,0,6,22,25,23,1.2,90,10,1012,30.875,27,22,22,116,353,116,0,6,11.6,météo très défavorable
2010-02-16,25,0,13,23,24,23,2.9,90,9.125,1012,47.875,27,22,23,296,116,176,0,5,10.2,météo favorable
2010-02-17,24,0,8,23,23,23,3.4,89,9.625,1012,39.5,26,21,23,293,293,176,0,5,11.6,météo très défavorable
2010-02-18,26,0,9,22,26,23,1,83,9.875,1012,25.625,28,22,22,113,113,176,0,6,11.6,météo favorable
2010-02-19,24,0,8,23,24,23,3.9,91,9.75,1012,50,27,22,23,176,176,353,0,6,11.6,météo favorable
2010-02-20,23,0,10,23,23,23,5,90,9.875,1012,57.125,25,21,23,353,116,293,0,5,8.8,météo très défavorable
2010-02-21,24,0,9,23,24,23,3.2,89,9.75,1012,45.25,26,21,23,293,113,116,0,5,11.6,météo favorable
2010-02-22,24,0,8,22,23,23,0.4,81,8.75,1014,40,26,20,22,263,113,116,0,5,11.6,météo favorable
2010-02-23,26,0,14,22,26,23,0.4,75,9.375,1012,34.25,28,21,22,116,113,116,0,5,11.6,météo favorable
2010-02-24,25,0,14,23,25,23,1.6,92,9.125,1011,37.75,27,22,23,293,176,263,0,6,11.6,météo favorable
2010-02-25,26,0,12,23,26,23,0,79,10,1012,21.75,28,21,23,113,113,113,0,6,11.6,météo favorable
2010-02-26,26,0,11,23,26,23,0.1,80,10,1012,24.875,28,21,23,113,116,116,0,6,11.6,météo favorable
2010-02-27,25,0,13,23,25,24,1.2,88,9.875,1012,32.5,27,21,23,116,176,113,0,6,11.6,météo favorable
2010-02-28,26,0,12,22,26,24,0,79,10,1012,27.75,28,21,22,113,116,116,0,6,11.6,météo favorable
2010-03-01,25,0,9,22,25,24,0.4,92,9.875,1013,39.875,27,22,23,176,116,116,0,6,11.6,météo favorable
2010-03-02,23,0,10,22,22,23,21.7,94,8.625,1013,67.375,25,22,22,308,302,116,0,5,8.8,météo très défavorable
2010-03-03,25,0,12,23,25,23,0,86,10,1013,27.5,27,21,23,113,116,116,0,6,11.6,météo favorable
2010-03-04,25,0,12,22,25,24,0,83,10,1012,35.875,27,21,23,116,116,113,0,6,11.6,météo favorable
2010-03-05,25,0,8,23,25,24,0.1,83,10,1013,37.375,27,22,23,116,116,116,0,6,11.6,météo favorable
2010-03-06,23,0,11,23,23,23,3.3,91,9.125,1014,58.75,26,22,23,293,293,119,0,5,7.4,météo très défavorable
2010-03-07,25,0,13,22,25,23,5.2,90,9.75,1014,68.625,27,21,23,296,353,353,0,5,8.8,météo très défavorable
2010-03-08,22,0,13,22,22,22,7.9,87,9.375,1014,54.625,25,20,22,299,293,293,0,5,10.2,météo très défavorable
2010-03-09,25,0,9,22,25,23,5,87,9.625,1014,37.125,27,21,22,113,176,299,0,6,11.6,météo favorable
2010-03-10,23,0,13,23,23,23,10.8,91,9.25,1014,56.625,26,22,23,176,353,299,0,5,11.6,météo très défavorable
2010-03-11,23,0,13,23,23,23,8.3,89,9.5,1015,56.25,25,21,23,116,119,302,0,5,7.4,météo très défavorable
2010-03-12,25,0,11,22,25,24,8.8,89,9.75,1015,44.125,28,22,22,116,353,353,0,5,11.6,météo très défavorable
2010-03-13,26,0,14,22,26,24,6.2,91,9.5,1014,55.875,28,23,23,113,176,356,0,5,8.8,météo très défavorable
2010-03-14,27,0,15,23,27,24,4.7,90,9.5,1013,40.5,29,22,23,113,176,302,0,5,10.2,météo favorable
2010-03-15,26,0,11,23,26,24,4.6,89,9.625,1011,45.25,28,23,23,116,353,356,0,6,10.2,météo très défavorable
2010-03-16,26,0,11,23,24,24,4.2,88,9.375,1011,48.375,28,22,23,116,263,353,0,5,11.6,météo très défavorable
2010-03-17,25,0,10,23,25,24,15.8,89,9,1013,66.375,28,22,23,353,176,305,0,5,8.8,météo très défavorable
2010-03-18,25,0,14,23,25,23,23.2,88,8.375,1013,59.25,27,22,23,293,263,299,0,5,10.2,météo très défavorable
2010-03-19,24,0,14,23,24,24,11.7,87,8.25,1012,56.75,27,22,23,293,263,359,0,5,8.8,météo très défavorable
2010-03-20,25,0,9,23,25,24,25.1,92,9.125,1011,58.375,27,23,23,176,353,299,0,5,8.8,météo très défavorable
2010-03-21,24,0,8,23,24,24,15,91,9.25,1010,61.5,27,23,24,119,353,299,0,5,11.6,météo très défavorable
2010-03-22,25,0,9,23,24,23,19.6,92,9.125,1009,64,27,22,23,116,116,308,0,5,8.8,météo très défavorable
2010-03-23,25,0,7,23,25,24,12,88,8.75,1009,55.5,28,23,23,263,353,356,0,5,11.6,météo très défavorable
2010-03-24,24,0,5,23,24,24,24.6,88,8.875,1009,64.75,26,22,23,302,296,293,0,5,7.4,météo très défavorable
2010-03-25,24,0,5,23,24,24,13.5,89,9,1010,50.25,27,22,23,299,293,356,0,5,10.2,météo très défavorable
2010-03-26,24,0,6,23,24,23,13.6,91,9.375,1010,59.5,26,22,23,299,353,353,0,5,8.8,météo très défavorable
2010-03-27,26,0,10,23,26,24,1.7,89,9.625,1011,29,29,22,23,176,176,176,0,6,11.6,météo favorable
2010-03-28,26,0,11,23,26,24,1.7,87,9.875,1011,24.625,29,22,23,113,113,176,0,6,11.6,météo favorable
2010-03-29,25,0,9,23,25,24,2,82,8.625,1011,50.625,27,21,23,263,116,263,0,5,10.2,météo favorable
2010-03-30,24,0,5,23,24,24,9.8,90,8.5,1011,52.5,26,22,23,356,356,293,0,5,10.2,météo très défavorable
2010-03-31,26,0,12,23,26,23,2.2,88,9.875,1012,39.25,28,22,23,116,116,176,0,5,11.6,météo favorable
2010-04-01,25,0,12,23,25,24,8.8,87,9.375,1012,63.375,27,22,23,119,176,299,0,5,7.4,météo très défavorable
2010-04-02,24,0,4,23,24,24,12.7,87,9.125,1012,61.25,26,22,23,293,296,116,0,5,10.2,météo très défavorable
2010-04-03,25,0,7,23,25,23,10.8,89,9.375,1011,52.625,28,23,23,116,353,299,0,5,11.6,météo très défavorable
2010-04-04,24,0,4,23,24,23,20.7,88,9.125,1012,72,26,22,23,293,296,116,0,5,7.4,météo très défavorable
2010-04-05,24,0,5,23,24,23,2.9,90,8.125,1011,64.25,26,22,23,296,266,263,0,5,8.8,météo très défavorable
2010-04-06,25,0,6,23,25,24,13.8,88,8.5,1011,58.25,27,21,23,299,263,299,0,5,7.4,météo très défavorable
2010-04-07,24,0,7,23,24,23,23.1,88,8.5,1013,66.875,26,21,23,299,293,263,0,5,6,météo très défavorable
2010-04-08,24,0,4,23,24,24,5.7,89,8.25,1013,76.875,26,22,23,263,263,302,0,5,6,météo très défavorable
2010-04-09,25,0,7,23,25,24,14.7,89,9,1012,47.375,28,23,23,299,176,356,0,5,11.6,météo très défavorable
2010-04-10,25,0,7,24,25,24,17.3,89,8.25,1011,67.875,28,22,24,299,353,263,0,5,6,météo très défavorable
2010-04-11,24,0,6,23,24,24,1.2,88,9.25,1011,48,27,22,24,263,176,116,0,6,10.2,météo favorable
2010-04-12,25,0,4,23,25,24,8.9,89,9.375,1011,51.5,28,22,23,293,116,356,0,5,10.2,météo très défavorable
2010-04-13,24,0,5,23,23,23,10.3,90,8.625,1012,60.125,26,22,23,299,302,293,0,5,8.8,météo très défavorable
2010-04-14,25,0,6,23,25,24,12.6,88,9.125,1012,57.375,27,22,23,293,176,356,0,5,10.2,météo très défavorable
2010-04-15,24,0,4,23,24,24,6.6,88,8.875,1011,57.125,27,22,23,263,119,299,0,5,7.4,météo très défavorable
2010-04-16,24,0,9,24,24,24,4.1,90,9.125,1012,48.625,26,22,24,116,293,293,0,5,11.6,météo très défavorable
2010-04-17,25,0,9,23,25,24,7,87,9.75,1012,58.625,28,22,23,116,353,116,0,5,10.2,météo très défavorable
2010-04-18,24,0,6,24,24,24,4.4,90,9,1012,53.625,27,22,24,353,119,266,0,5,7.4,météo très défavorable
2010-04-19,24,0,9,23,23,23,13,92,9,1011,62.375,26,22,23,299,302,299,0,5,10.3,météo très défavorable
2010-04-20,24,0,4,23,24,24,1.6,85,8.875,1010,63.625,26,21,23,293,116,119,0,5,10.3,météo très défavorable
2010-04-21,25,0,5,23,25,24,15.2,88,9,1011,51.875,27,22,23,299,353,302,0,5,11.7,météo très défavorable
2010-04-22,25,0,8,24,25,24,17.5,89,9,1012,51.25,28,23,24,353,176,356,0,5,11.7,météo très défavorable
2010-04-23,26,0,10,23,26,24,9.5,91,9.625,1012,43.125,29,24,23,113,176,299,0,5,12.1,météo très défavorable
2010-04-24,26,0,12,24,26,24,30.7,91,8.5,1012,54.75,28,23,24,353,176,359,0,5,12.5,météo très défavorable
2010-04-25,24,0,9,24,24,24,29.9,93,7,1012,74.625,26,22,24,359,356,359,0,5,7.8,météo très défavorable
2010-04-26,24,0,9,24,24,24,45.4,91,7.75,1013,64.625,27,23,24,359,356,356,0,5,10.5,météo très défavorable
2010-04-27,25,0,5,23,25,24,4,89,9.625,1014,36.25,28,23,24,176,176,353,0,5,12.5,météo favorable
2010-04-28,26,0,7,21,26,24,1.2,86,9.875,1013,37.375,28,22,21,116,176,116,0,6,12.5,météo favorable
2010-04-29,24,0,4,23,24,24,1.6,87,9.875,1014,45.875,26,21,23,116,119,176,0,6,12.5,météo très défavorable
2010-04-30,25,0,5,23,25,24,1.6,89,9.75,1014,35.75,28,22,23,353,176,116,0,5,12.4,météo favorable
2010-05-01,26,0,6,22,26,24,0.5,83,9.375,1013,45.375,27,21,22,116,353,263,0,6,12.5,météo très défavorable
2010-05-02,25,0,6,22,25,23,0.6,85,9.375,1012,45,27,21,22,116,116,263,0,6,11.8,météo favorable
2010-05-03,25,0,9,23,25,24,4.1,86,9.5,1010,34.875,28,23,23,116,356,353,0,5,12.5,météo très défavorable
2010-05-04,27,0,8,21,27,24,0.4,85,9.375,1009,37.5,29,21,21,113,113,263,0,6,12.5,météo favorable
2010-05-05,26,0,8,23,26,24,1.6,87,9.875,1009,41.375,28,22,23,116,176,353,0,5,12.5,météo favorable
2010-05-06,26,0,11,23,26,24,2.3,85,9.75,1009,32,28,22,23,116,176,176,0,6,12.5,météo favorable
2010-05-07,26,0,8,22,26,24,3.2,86,9.625,1009,50.5,29,22,22,113,353,356,0,6,12.5,météo très défavorable
2010-05-08,24,0,6,23,24,24,2.4,87,9.875,1008,55.25,26,22,24,116,113,116,0,5,11.8,météo très défavorable
2010-05-09,24,0,6,23,24,24,0.5,86,9.25,1008,47.5,27,21,23,176,116,263,0,6,12.5,météo favorable
2010-05-10,25,0,10,24,25,24,8.6,87,9.5,1008,44.625,28,23,24,113,356,176,0,5,12.5,météo très défavorable
2010-05-11,25,0,6,24,25,24,1,89,8.75,1009,65.875,27,22,24,116,119,263,0,5,9.1,météo très défavorable
2010-05-12,24,0,10,23,24,24,7.5,91,8.5,1010,61,26,22,23,119,263,299,0,5,11.8,météo très défavorable
2010-05-13,26,0,8,24,26,24,2.8,88,9.625,1009,41.75,28,23,24,116,386,176,0,6,12.4,météo très défavorable
2010-05-14,25,0,10,24,24,24,0,92,9.75,1009,42.875,27,23,24,116,200,116,0,6,12.4,météo très défavorable
2010-05-15,25,0,14,24,25,24,3.9,89,9.875,1008,32.75,28,23,24,116,176,353,0,6,12.4,météo favorable
2010-05-16,27,0,11,24,27,24,0.9,89,9.625,1009,27,29,22,24,176,176,176,0,6,12.4,météo favorable
2010-05-17,25,0,10,23,25,24,1.3,89,9.875,1010,27.25,28,23,23,116,176,113,0,6,12.4,météo favorable
2010-05-18,26,0,8,22,26,24,1.7,85,9.75,1010,27.125,28,22,22,116,176,176,0,6,12.4,météo favorable
2010-05-19,25,0,7,23,25,24,7.5,87,9.375,1011,54.75,28,23,24,116,176,356,0,5,11.8,météo favorable
2010-05-20,26,0,6,23,25,24,2,89,9,1011,35.75,28,22,24,176,176,263,0,5,12.5,météo favorable
2010-05-21,25,0,6,24,25,24,5.2,87,9.5,1011,47.5,28,22,24,119,176,356,0,6,12.5,météo favorable
2010-05-22,24,0,5,24,24,24,9.1,89,9.375,1010,60,26,22,24,299,299,116,0,5,10.5,météo très défavorable
2010-05-23,25,0,7,23,25,24,3.9,86,8.875,1011,37.375,28,22,23,263,176,356,0,6,12.5,météo favorable
2010-05-24,27,0,9,23,27,24,1,87,9.75,1011,25.75,29,22,23,176,176,116,0,6,12.5,météo favorable
2010-05-25,26,0,11,22,26,24,1.1,87,9.75,1011,22.75,29,23,22,113,176,176,0,6,12.5,météo favorable
2010-05-26,25,0,8,21,25,24,3.6,86,9.5,1011,33,28,23,21,116,356,176,0,6,12.4,météo très défavorable
2010-05-27,25,0,6,22,25,24,0.8,88,9.875,1012,31.625,28,22,22,116,113,176,0,6,12.4,météo favorable
2010-05-28,26,0,13,23,26,24,0.5,86,9.875,1012,34.75,28,22,23,116,176,116,0,6,12.4,météo favorable
2010-05-29,26,0,13,23,26,24,0.5,86,9.875,1013,31.5,28,22,23,113,116,176,0,6,12.4,météo favorable
2010-05-30,25,0,8,22,25,24,3.1,88,9.75,1011,26.5,27,22,22,116,176,176,0,6,12.4,météo favorable
2010-05-31,26,0,10,24,25,24,5,90,9.5,1012,36.25,28,23,24,353,356,176,0,6,12.5,météo très défavorable
2010-06-01,26,0,13,24,25,24,3.3,87,9.625,1011,23.75,28,23,24,113,356,113,0,6,12.5,météo très défavorable
2010-06-02,26,0,6,21,25,23,10.3,87,9.125,1013,44.375,28,23,21,116,356,305,0,6,12.5,météo très défavorable
2010-06-03,25,0,7,23,25,24,3.5,85,8.875,1013,43.25,28,22,23,176,116,356,0,5,12,météo favorable
2010-06-04,24,0,6,23,24,24,4.7,90,9.5,1012,46.375,27,22,23,353,116,356,0,5,12,météo favorable
2010-06-05,24,0,3,23,24,23,5.7,88,9.5,1011,51.5,26,21,23,353,293,353,0,5,12,météo très défavorable
2010-06-06,27,0,10,23,27,22,1.4,86,10,1011,20.875,29,21,23,113,113,113,0,5,12.1,météo favorable
2010-06-07,27,0,10,19,27,23,0.3,82,9.875,1012,11.25,28,21,19,113,113,176,0,5,12.1,météo favorable
2010-06-08,26,0,13,22,26,23,1.5,87,9.75,1011,16.75,28,22,22,113,176,176,0,6,11.6,météo favorable
2010-06-09,25,0,13,23,25,23,1.8,88,9.75,1011,23.5,27,22,23,116,176,176,0,6,11.6,météo favorable
2010-06-10,26,0,8,23,26,23,1.1,89,9.75,1011,34.125,28,21,23,176,116,176,0,6,11.6,météo favorable
2010-06-11,25,0,12,23,25,24,4.1,89,9.875,1012,45.25,27,22,24,353,176,353,0,6,10.2,météo favorable
2010-06-12,25,0,10,23,25,23,4.1,88,9.625,1012,33.5,27,22,23,176,176,176,0,6,11.6,météo favorable
2010-06-13,24,0,9,22,24,23,6.5,88,9.125,1012,36.75,26,22,22,113,356,356,0,5,11.6,météo très défavorable
2010-06-14,25,0,13,23,25,24,0.4,84,9.875,1012,49.375,27,22,23,116,116,116,0,5,10.2,météo favorable
2010-06-15,25,0,10,23,25,23,2.7,85,9.125,1011,34.125,28,22,23,116,176,176,0,5,11.6,météo favorable
2010-06-16,25,0,12,23,25,24,1.3,88,9.75,1011,25,27,22,23,116,176,113,0,5,11.6,météo favorable
2010-06-17,25,0,12,23,25,24,1.6,87,9.75,1012,27.375,28,22,23,113,176,176,0,6,11.6,météo favorable
2010-06-18,24,0,8,23,24,23,5.6,91,10,1012,54.5,26,21,23,353,353,353,0,5,10.2,météo très défavorable
2010-06-19,24,0,10,23,24,24,6.4,90,9.375,1012,44.125,27,22,23,176,353,356,0,5,10.2,météo très défavorable
2010-06-20,24,0,17,23,24,24,6.4,88,9.375,1011,32.625,27,22,23,176,176,353,0,5,11.6,météo favorable
2010-06-21,25,0,12,22,25,24,1.8,88,9.75,1012,24.5,27,22,22,113,176,176,0,6,11.6,météo favorable
2010-06-22,23,0,24,21,23,23,40.7,94,8.875,1012,64.125,26,22,21,353,308,305,0,6,7.4,météo très défavorable
2010-06-23,26,0,11,23,26,23,0.1,87,10,1012,15.125,28,20,23,113,113,113,0,6,11.6,météo favorable
2010-06-24,26,0,9,20,26,24,0.2,84,9.875,1010,18.25,28,21,21,113,113,176,0,6,11.6,météo favorable
2010-06-25,24,0,7,22,24,23,4.8,87,9.5,1010,42.5,26,22,22,116,356,176,0,6,11.6,météo très défavorable
2010-06-26,24,0,10,23,24,23,2.4,90,10,1011,40.875,26,22,23,353,353,116,0,6,11.6,météo très défavorable
2010-06-27,23,0,9,22,23,23,1.5,90,8.75,1011,55.125,25,21,22,263,353,263,0,5,8.8,météo très défavorable
2010-06-28,25,0,9,20,24,23,2.5,86,9.875,1010,27.625,27,22,20,113,353,176,0,6,11.6,météo très défavorable
2010-06-29,26,0,13,20,26,23,0.2,85,10,1010,17.625,28,21,20,113,113,113,0,6,11.6,météo favorable
2010-06-30,26,0,9,22,26,23,0,87,10,1011,9.375,28,20,22,113,113,113,0,6,11.6,météo favorable
2010-07-01,25,0,10,21,25,23,0,87,10,1011,20.75,27,21,21,113,116,116,0,6,11.6,météo favorable
2010-07-02,24,0,13,23,24,23,0,88,10,1011,33.625,26,22,23,116,116,113,0,6,11.6,météo favorable
2010-07-03,26,0,24,23,25,25,0,89,10,1011,29,29,22,23,116,113,113,0,6,11.6,météo favorable
2010-07-04,27,0,14,24,27,24,0,85,10,1010,8.75,29,21,24,113,113,113,0,6,11.6,météo favorable
2010-07-05,26,0,13,23,26,24,0,86,10,1011,12.125,28,21,23,113,113,113,0,6,11.6,météo favorable
2010-07-06,24,0,8,22,24,23,1.7,88,9.75,1011,33.75,26,21,22,113,176,176,0,6,11.6,météo favorable
2010-07-07,23,0,6,23,23,23,9,89,9.5,1012,58.375,25,21,23,116,356,296,0,6,8.8,météo très défavorable
2010-07-08,24,0,5,23,24,23,4,88,9.5,1012,49,26,21,23,176,356,116,0,5,11.6,météo très défavorable
2010-07-09,24,0,8,22,24,23,0.9,87,9.75,1012,35.25,27,21,23,116,116,176,0,5,11.6,météo favorable
2010-07-10,26,0,10,21,26,23,3.8,85,9.75,1013,28.875,27,21,21,113,113,176,0,5,11.6,météo favorable
2010-07-11,25,0,10,23,25,23,6.5,90,9.5,1013,45.75,27,22,23,356,176,353,0,6,11.6,météo favorable
2010-07-12,24,0,6,22,24,23,6.1,90,9.375,1012,38.75,26,21,22,356,176,176,0,6,11.6,météo favorable
2010-07-13,25,0,10,22,25,23,1,87,9.75,1010,20.25,27,21,22,116,176,176,0,6,11.6,météo favorable
2010-07-14,24,0,6,22,24,23,2,86,9.625,1010,38.25,26,21,22,176,176,176,0,6,11.6,météo favorable
2010-07-15,24,0,15,22,24,24,2.8,88,9.625,1010,29.25,27,22,22,116,176,176,0,5,11.6,météo favorable
2010-07-16,26,0,13,23,25,24,1.9,88,9.875,1009,28.5,27,22,23,176,353,113,0,6,11.6,météo très défavorable
2010-07-17,25,0,13,23,25,24,3.4,91,9.75,1010,32,27,22,23,116,176,176,0,6,11.6,météo favorable
2010-07-18,25,0,14,23,25,24,4,89,9.625,1010,32,27,22,23,353,176,176,0,5,11.6,météo favorable
2010-07-19,24,0,17,23,24,24,9,91,9.125,1010,53,27,22,23,356,356,353,0,5,11.6,météo très défavorable
2010-07-20,24,0,14,23,23,23,20.7,93,8.375,1010,63,26,22,23,359,356,356,0,5,8.8,météo très défavorable
2010-07-21,25,0,13,22,24,24,2.7,87,8.75,1011,60,27,21,23,293,296,116,0,5,10.2,météo très défavorable
2010-07-22,24,0,8,23,24,23,3.6,87,9.375,1010,24.75,26,22,23,176,356,176,0,6,11.6,météo très défavorable
2010-07-23,25,0,11,23,25,23,1.2,84,9.625,1011,31.75,27,21,23,116,176,176,0,5,11.6,météo favorable
2010-07-24,25,0,17,22,25,23,9.4,89,9.125,1011,41.875,27,22,22,356,176,356,0,5,10.2,météo très défavorable
2010-07-25,26,0,19,22,26,24,0,81,10,1009,22.75,28,21,23,113,113,113,0,6,11.6,météo favorable
2010-07-26,27,0,16,23,27,24,0,83,10,1010,8.875,29,20,23,113,113,113,0,6,11.6,météo favorable
2010-07-27,24,0,16,23,24,24,6,93,9.5,1010,59.125,26,22,23,356,353,116,0,5,8.8,météo très défavorable
2010-07-28,24,0,14,24,23,23,20.4,92,8.375,1011,61.875,26,22,23,356,359,356,0,5,6,météo très défavorable
2010-07-29,27,0,13,23,27,25,3.9,84,9.5,1011,34.375,29,21,23,176,176,176,0,5,11.6,météo favorable
2010-07-30,28,0,10,24,28,24,0,84,10,1011,14.125,30,21,24,113,113,113,0,6,11.6,météo favorable
2010-07-31,27,0,7,22,27,24,5.3,88,9.375,1012,29.125,29,20,22,176,176,113,0,5,11.6,météo favorable
2010-08-01,25,0,6,22,24,23,3.4,88,8.875,1012,51.625,27,21,22,263,302,116,0,5,7.4,météo très défavorable
2010-08-02,27,0,6,22,27,24,0,89,10,1012,39.25,29,21,22,116,116,116,0,6,11.6,météo favorable
2010-08-03,28,0,8,20,28,24,0.1,89,10,1010,19.375,30,21,20,113,113,113,0,6,11.6,météo favorable
2010-08-04,27,0,9,22,27,24,2.4,86,9.75,1009,32.375,29,21,22,113,176,353,0,5,11.6,météo favorable
2010-08-05,27,0,14,24,27,25,0.1,83,10,1009,18.125,30,22,24,113,113,113,0,6,11.6,météo favorable
2010-08-06,28,0,9,21,28,25,0.3,87,10,1011,21.75,30,21,21,113,113,116,0,6,11.6,météo favorable
2010-08-07,27,0,6,22,27,25,0.8,90,9.25,1011,35.375,29,21,22,263,113,116,0,5,11.6,météo favorable
2010-08-08,27,0,4,22,27,24,1.1,89,9.75,1010,36.5,29,21,22,116,176,116,0,5,11.6,météo favorable
2010-08-09,27,0,6,21,27,24,0.5,88,9.875,1011,22.75,30,20,21,113,176,113,0,6,11.6,météo favorable
2010-08-10,27,0,8,23,27,24,7.6,87,9.375,1012,52.375,29,22,23,293,176,299,0,5,8.8,météo favorable
2010-08-11,26,0,12,23,26,24,7.5,91,9.375,1014,39.125,28,22,23,293,176,113,0,5,11.6,météo favorable
2010-08-12,27,0,12,21,27,23,0,85,10,1013,12.5,29,20,21,113,113,113,0,6,11.6,météo favorable
2010-08-13,27,0,9,19,27,24,0,88,10,1012,10.375,29,21,19,113,113,113,0,6,11.6,météo favorable
2010-08-14,28,0,13,23,28,25,0,87,10,1011,13.5,30,22,23,113,113,113,0,6,11.6,météo favorable
2010-08-15,28,0,12,24,28,25,0.5,79,9.875,1011,15.625,29,21,25,113,113,113,0,5,11.6,météo favorable
2010-08-16,27,0,11,23,27,25,4.7,82,9.625,1012,18.375,29,22,23,176,113,176,0,5,11.6,météo favorable
2010-08-17,27,0,9,22,27,24,4.7,89,9.5,1010,25.75,29,21,22,176,176,176,0,5,11.6,météo favorable
2010-08-18,27,0,13,24,27,24,1.6,81,9.625,1010,19.625,28,21,24,176,176,113,0,5,11.6,météo favorable
2010-08-19,27,0,12,24,27,25,2.2,81,9.75,1010,11.5,29,21,24,113,176,176,0,6,11.6,météo favorable
2010-08-20,27,0,9,23,27,24,2.1,85,9.625,1011,27.5,29,21,24,176,176,176,0,6,11.6,météo favorable
2010-08-21,28,0,12,24,28,24,3.3,84,9.75,1010,14.25,30,21,24,176,113,113,0,5,11.6,météo favorable
2010-08-22,27,0,10,22,27,25,0.1,85,10,1010,20.875,29,21,22,113,113,116,0,6,11.6,météo favorable
2010-08-23,25,0,19,25,25,24,9.5,85,9.25,1010,60.875,27,22,24,356,119,119,0,5,7.4,météo très défavorable
2010-08-24,27,0,12,24,27,23,0,84,10,1011,26.75,29,21,24,116,113,113,0,6,11.6,météo favorable
2010-08-25,27,0,8,22,27,23,1.9,89,9.625,1012,12.125,29,20,22,176,176,113,0,5,11.6,météo favorable
2010-08-26,27,0,8,21,27,25,0.7,90,10,1012,13.5,29,22,21,113,113,113,0,6,11.6,météo favorable
2010-08-27,27,0,7,24,27,25,6.7,87,9.25,1011,23.625,29,22,24,356,176,176,0,5,11.6,météo favorable
2010-08-28,26,0,5,23,26,23,7.9,89,8.75,1013,55,28,21,23,356,353,263,0,5,10.2,météo très défavorable
2010-08-29,26,0,7,23,26,23,0.9,88,9.875,1013,38.25,28,21,23,293,116,113,0,6,11.6,météo favorable
2010-08-30,27,0,10,20,27,24,0.1,88,10,1011,17.125,29,21,20,113,113,113,0,6,11.6,météo favorable
2010-08-31,28,0,9,20,28,24,1.1,87,9.75,1010,11.625,29,21,20,113,113,176,0,5,11.6,météo favorable
2010-09-01,27,0,9,21,27,24,7,90,9.375,1011,13.375,29,21,21,113,113,176,0,5,11.6,météo favorable
2010-09-02,27,0,14,24,27,24,7.4,81,9.75,1011,31.375,29,21,24,353,116,176,0,5,11.6,météo favorable
2010-09-03,27,0,12,24,27,24,2.3,82,9.625,1011,26.125,30,21,25,176,176,176,0,6,12.1,météo favorable
2010-09-04,27,0,14,24,26,25,4.3,80,9.875,1011,30,29,21,25,353,116,113,0,5,12.1,météo favorable
2010-09-05,27,0,13,25,27,24,4.2,82,9.375,1011,19.5,30,22,25,356,176,176,0,6,12.1,météo favorable
2010-09-06,27,0,14,24,27,24,0.4,82,10,1011,16.25,29,21,24,113,113,113,0,6,12.5,météo favorable
2010-09-07,25,0,17,24,24,22,6.1,90,9.375,1011,45.5,27,22,24,299,302,116,0,6,12.5,météo très défavorable
2010-09-08,26,0,6,23,26,23,0.5,82,9.75,1012,28.125,28,21,23,176,176,113,0,6,12.5,météo favorable
2010-09-09,27,0,6,22,27,23,0.7,88,9.75,1012,40.375,29,21,22,116,116,176,0,5,12.5,météo favorable
2010-09-10,27,0,10,22,27,24,0,88,10,1011,22.75,29,21,22,116,113,113,0,6,12.5,météo favorable
2010-09-11,24,0,10,22,24,24,5.9,87,9.5,1011,54.375,26,22,23,299,299,116,0,6,10.5,météo très défavorable
2010-09-12,27,0,8,20,27,23,0.8,88,9.75,1011,21.125,29,21,20,113,176,176,0,6,12.5,météo favorable
2010-09-13,27,0,10,20,27,24,0.1,88,10,1011,17.5,29,21,20,113,113,113,0,6,12.5,météo favorable
2010-09-14,26,0,14,23,26,24,6.4,91,9.375,1012,39.625,28,22,23,299,176,176,0,5,11.8,météo favorable
2010-09-15,27,0,11,22,27,23,1.8,82,9.75,1011,8.5,29,21,22,176,113,113,0,5,12.5,météo favorable
2010-09-16,27,0,11,20,27,23,0,89,10,1011,5.125,29,22,20,113,113,113,0,6,12.5,météo favorable
2010-09-17,27,0,11,23,27,23,0.1,85,10,1011,13.875,29,21,23,113,113,113,0,6,12.5,météo favorable
2010-09-18,27,0,9,22,27,23,2.4,89,9.625,1011,27.375,29,21,22,176,176,176,0,6,12.5,météo favorable
2010-09-19,27,0,10,21,27,23,0.2,90,9.875,1010,5.625,29,21,21,113,113,113,0,5,12.5,météo favorable
2010-09-20,27,0,15,23,27,25,0,85,10,1011,7.625,30,22,23,113,113,113,0,6,12.5,météo favorable
2010-09-21,27,0,12,22,27,23,0,89,10,1011,11.5,29,22,22,113,113,113,0,6,12.5,météo favorable
2010-09-22,28,0,10,22,28,23,1.2,91,9.75,1011,9.625,30,21,22,176,113,113,0,5,12.5,météo favorable
2010-09-23,28,0,13,24,28,24,0.1,82,10,1010,11.75,30,21,24,113,113,113,0,6,12.5,météo favorable
2010-09-24,28,0,10,24,28,24,0.7,86,9.875,1010,23.5,30,22,24,176,113,116,0,6,11.6,météo favorable
2010-09-25,27,0,8,24,27,23,3.8,85,9.5,1011,20.125,30,22,24,176,176,176,0,5,11.6,météo favorable
2010-09-26,28,0,10,21,28,23,2.3,90,9.875,1011,10.75,30,21,21,113,113,176,0,6,11.6,météo favorable
2010-09-27,27,0,10,22,27,25,7.1,90,9,1010,16,30,21,22,356,176,356,0,5,11.6,météo favorable
2010-09-28,26,0,10,24,26,24,4.7,84,9.625,1009,30.875,29,21,24,176,176,116,0,5,11.6,météo favorable
2010-09-29,28,0,9,24,28,24,0.9,79,9.25,1009,26.75,30,22,24,176,113,113,0,5,11.6,météo favorable
2010-09-30,27,0,11,23,27,24,1.4,87,9.875,1009,20.25,29,22,23,113,113,176,0,5,11.6,météo favorable
2010-10-01,27,0,11,22,27,24,0,88,10,1008,9.25,30,21,22,113,113,113,0,6,11.6,météo favorable
2010-10-02,28,0,13,21,28,24,0,86,10,1009,6.5,30,22,21,113,113,113,0,6,11.6,météo favorable
2010-10-03,28,0,9,21,28,25,1.7,90,9.875,1009,23,30,22,21,113,113,176,0,6,11.6,météo favorable
2010-10-04,27,0,8,22,27,24,3.2,90,9.875,1009,47.625,29,22,22,353,119,113,0,5,8.8,météo très défavorable
2010-10-05,28,0,14,24,28,24,0.8,86,10,1009,13.375,30,22,24,113,113,113,0,5,11.6,météo favorable
2010-10-06,28,0,11,23,28,24,0,82,10,1009,9,30,22,23,113,113,113,0,6,11.6,météo favorable
2010-10-07,27,0,6,22,27,23,5.5,89,9.5,1009,20,29,22,22,176,113,113,0,5,11.6,météo favorable
2010-10-08,27,0,9,21,27,24,0.6,88,9.875,1009,16.125,29,22,21,113,113,176,0,6,11.6,météo favorable
2010-10-09,26,0,6,23,26,25,2.9,89,9.5,1010,54,28,22,23,116,176,356,0,6,10.2,météo favorable
2010-10-10,25,0,5,23,24,23,12.6,91,9,1011,68.75,26,22,23,308,116,116,0,5,8.8,météo très défavorable
2010-10-11,27,0,16,20,27,22,0,86,10,1011,6,29,20,20,113,113,113,0,6,11.6,météo favorable
2010-10-12,28,0,13,22,28,24,0,83,10,1011,4.125,30,21,22,113,113,113,0,5,11.6,météo favorable
2010-10-13,28,0,10,21,27,23,1.8,89,9.75,1011,16.875,30,21,21,176,113,176,0,6,11.6,météo favorable
2010-10-14,27,0,10,23,27,25,4.2,89,9.5,1010,26.125,30,23,23,176,113,119,0,5,11.6,météo favorable
2010-10-15,27,0,6,23,27,24,10,89,9.25,1010,53.375,29,23,24,299,176,116,0,5,11.6,météo très défavorable
2010-10-16,28,0,10,24,28,25,0.9,89,8.375,1010,35.875,30,23,24,263,113,113,0,5,11.6,météo favorable
2010-10-17,27,0,7,24,27,24,1.8,86,9.75,1011,25.125,30,22,24,176,113,113,0,5,11.6,météo favorable
2010-10-18,27,0,9,23,27,24,0.3,87,9.875,1010,22.875,30,22,23,116,113,113,0,5,11.6,météo favorable
2010-10-19,27,0,10,22,27,25,3.2,89,9.75,1011,19.75,30,22,22,176,113,113,0,5,11.6,météo favorable
2010-10-20,27,0,8,22,26,23,0.8,88,9.875,1012,41.375,29,21,22,116,116,116,0,5,11.6,météo favorable
2010-10-21,28,0,9,22,28,23,0.3,83,9.875,1010,24.25,30,21,22,176,113,113,0,6,11.6,météo favorable
2010-10-22,27,0,8,23,27,25,1.2,85,9.875,1010,15.875,30,22,23,113,113,176,0,7,11.6,météo favorable
2010-10-23,27,0,9,23,27,24,0.3,85,9.875,1010,27.625,30,22,23,113,113,116,0,5,11.6,météo favorable
2010-10-24,26,0,16,23,25,23,0.8,87,9.25,1011,45.25,28,21,23,263,116,116,0,5,11.6,météo favorable
2010-10-25,28,0,18,23,28,25,0,79,10,1010,19.125,31,22,23,113,113,113,0,6,11.6,météo favorable
2010-10-26,28,0,12,23,28,25,0,82,10,1010,14.125,30,23,24,113,113,113,0,6,11.6,météo favorable
2010-10-27,27,0,7,23,27,25,2,90,9.75,1010,23.625,30,22,23,176,116,113,0,6,11.6,météo favorable
2010-10-28,28,0,9,22,28,23,2.4,86,10,1009,30.875,29,21,22,116,113,116,0,5,11.6,météo favorable
2010-10-29,28,0,10,24,28,23,0,77,10,1010,28.875,29,20,24,116,113,116,0,6,11.6,météo favorable
2010-10-30,27,0,8,22,27,24,0.7,88,9.875,1009,40.375,29,22,22,116,176,116,0,6,11.6,météo favorable
2010-10-31,25,0,8,23,24,24,5.2,91,9.5,1010,72.25,27,22,23,302,122,119,0,5,6,météo très défavorable
2010-11-01,27,0,7,22,27,23,0.8,89,9.75,1009,16.125,30,21,22,176,113,113,0,5,11.6,météo favorable
2010-11-02,28,0,7,21,28,24,0,89,10,1009,9,30,22,21,113,113,113,0,6,11.6,météo favorable
2010-11-03,28,0,8,21,28,25,0,89,10,1010,16.375,30,22,21,113,113,113,0,6,11.6,météo favorable
2010-11-04,25,0,14,23,24,23,5.9,92,9.625,1010,45.875,27,22,23,353,299,116,0,5,8.8,météo très défavorable
2010-11-05,27,0,9,22,27,24,0,88,10,1009,10.25,30,21,22,113,113,113,0,6,11.6,météo favorable
2010-11-06,28,0,10,20,28,22,0,88,10,1010,9,29,21,20,113,113,113,0,6,11.6,météo favorable
2010-11-07,27,0,8,22,27,25,0,90,10,1011,12.75,29,21,22,113,113,113,0,6,11.6,météo favorable
2010-11-08,27,0,9,24,27,25,0,83,10,1011,19.5,29,22,24,116,113,113,0,6,11.6,météo favorable
2010-11-09,27,0,13,24,27,24,0,87,10,1012,16,29,22,24,113,113,113,0,6,11.6,météo favorable
2010-11-10,27,0,6,21,27,24,4.1,89,9.375,1012,21.75,29,21,21,176,176,176,0,5,11.6,météo favorable
2010-11-11,27,0,6,25,27,23,5.8,77,9.5,1011,25.25,29,21,25,176,176,176,0,5,11.6,météo favorable
2010-11-12,27,0,8,22,27,23,2.3,85,9.875,1011,10.5,29,21,22,113,113,176,0,6,11.6,météo favorable
2010-11-13,27,0,9,20,27,24,0.4,87,10,1011,7.875,30,21,20,113,113,113,0,6,11.6,météo favorable
2010-11-14,28,0,8,21,28,23,0,88,10,1011,10.625,30,21,21,113,113,113,0,6,11.6,météo favorable
2010-11-15,27,0,9,24,27,25,2.8,88,9.5,1011,22.375,30,22,24,113,113,356,0,5,11.6,météo favorable
2010-11-16,26,0,10,24,25,25,5.4,79,9.625,1010,41.625,27,21,24,176,293,116,0,5,11.6,météo très défavorable
2010-11-17,28,0,10,23,28,24,0.4,88,9.75,1010,30.875,30,21,23,176,116,113,0,5,11.6,météo favorable
2010-11-18,28,0,9,22,27,24,10.5,87,9.25,1009,29.25,30,22,22,113,176,305,0,5,11.6,météo très défavorable
2010-11-19,27,0,9,23,27,24,6,90,9.25,1009,52.25,30,22,23,116,176,356,0,5,11.6,météo favorable
2010-11-20,27,0,8,24,27,24,3.3,88,8.875,1009,50.125,30,22,24,263,176,116,0,5,11.6,météo favorable
2010-11-21,27,0,15,24,27,25,0,82,10,1008,40.875,29,22,24,116,116,116,0,6,11.6,météo favorable
2010-11-22,27,0,7,23,27,23,0.5,79,9.875,1008,14.75,29,22,23,113,176,113,0,6,11.6,météo favorable
2010-11-23,28,0,8,21,28,25,0,88,10,1009,14.875,30,22,21,113,113,113,0,6,11.6,météo favorable
2010-11-24,27,0,6,23,27,25,2,90,9.875,1010,13.25,30,22,23,113,113,113,0,5,11.6,météo favorable
2010-11-25,28,0,9,22,28,25,0,90,10,1009,12.75,30,22,22,113,113,113,0,6,11.6,météo favorable
2010-11-26,28,0,10,21,28,24,0,90,10,1008,6.25,30,22,21,113,113,113,0,6,11.6,météo favorable
2010-11-27,27,0,10,21,27,25,1,88,9.875,1009,5.875,29,21,21,113,113,113,0,5,11.6,météo favorable
2010-11-28,27,0,9,21,27,24,0,88,10,1009,9.25,29,21,21,113,113,113,0,6,11.6,météo favorable
2010-11-29,27,0,9,21,27,25,0,87,10,1008,12,30,22,21,113,113,113,0,6,11.6,météo favorable
2010-11-30,28,0,9,22,28,24,0,89,10,1007,13.875,30,21,22,113,113,113,0,6,11.6,météo favorable
2010-12-01,28,0,10,21,28,24,0,89,10,1007,9.5,30,21,21,113,113,113,0,6,11.6,météo favorable
2010-12-02,27,0,12,22,27,24,0,85,10,1007,8,30,22,22,113,113,113,0,6,11.6,météo favorable
2010-12-03,28,0,6,23,28,25,2.3,84,9.875,1007,21.375,30,22,23,113,116,176,0,6,11.6,météo favorable
2010-12-04,27,0,9,22,27,25,0.9,87,9.875,1007,16.75,30,22,22,113,113,113,0,5,11.6,météo favorable
2010-12-05,26,0,10,23,26,25,2.4,90,9.625,1007,22.75,29,22,23,176,176,113,0,5,11.6,météo favorable
2010-12-06,27,0,9,25,27,25,2.8,80,9.625,1006,32,29,22,25,113,116,356,0,7,12.5,météo favorable
2010-12-07,26,0,8,23,26,25,1.9,86,10,1007,42.5,29,22,23,353,353,116,0,6,12.5,météo très défavorable
2010-12-08,26,0,9,24,25,24,3.8,82,9.75,1008,63.375,28,22,24,293,293,119,0,6,10.5,météo très défavorable
2010-12-09,28,0,7,23,28,23,0,81,10,1009,41.875,30,21,23,116,116,116,0,6,12.5,météo favorable
2010-12-10,27,0,7,21,27,23,0,86,10,1008,21.75,29,21,21,113,113,113,0,6,12.5,météo favorable
2010-12-11,27,0,4,22,27,24,0,83,10,1008,27.875,29,20,22,113,116,116,0,6,12.5,météo favorable
2010-12-12,28,0,7,21,28,23,0,83,10,1008,15.75,29,21,21,113,113,113,0,6,12.5,météo favorable
2010-12-13,28,0,7,21,28,24,0.3,88,9.875,1010,19.75,29,21,21,176,113,113,0,6,12.5,météo favorable
2010-12-14,27,0,6,24,27,24,0,74,10,1010,20.625,29,20,24,113,113,113,0,6,12.5,météo favorable
2010-12-15,27,0,7,22,27,24,2.2,86,9.875,1008,22,29,20,22,113,113,176,0,6,12.5,météo favorable
2010-12-16,27,0,9,22,27,24,3.1,88,9.5,1008,17,29,20,22,113,176,113,0,5,12.5,météo favorable
2010-12-17,27,0,8,21,27,24,0.9,89,9.875,1009,15.75,29,20,21,176,113,113,0,6,12.5,météo favorable
2010-12-18,27,0,9,21,27,23,0.3,87,10,1009,12.625,29,21,21,113,113,113,0,6,12.5,météo favorable
2010-12-19,28,0,8,20,28,23,0,86,10,1010,8.75,29,20,20,113,113,113,0,6,12.5,météo favorable
2010-12-20,27,0,8,20,27,25,0,87,10,1009,11.5,29,21,20,113,113,113,0,6,12.5,météo favorable
2010-12-21,27,0,14,22,27,25,0,90,10,1008,17.875,29,22,22,113,113,113,0,6,12.5,météo favorable
2010-12-22,27,0,14,24,27,25,3.1,80,9.5,1007,21,29,21,24,176,176,113,0,5,12.5,météo favorable
2010-12-23,27,0,16,24,27,25,0.2,79,9.875,1006,22.5,29,21,24,113,116,176,0,6,12.5,météo favorable
2010-12-24,26,0,13,25,26,24,2.8,80,9.375,1007,44.125,28,21,25,116,353,263,0,6,12.5,météo très défavorable
2010-12-25,26,0,10,23,26,24,7.6,83,9.375,1006,58.25,29,21,23,116,176,302,0,5,11.8,météo très défavorable
2010-12-26,24,0,11,23,23,24,7.2,88,9.375,1007,88.75,26,21,23,296,296,116,0,5,7.8,météo très défavorable
2010-12-27,27,0,6,23,27,24,0.2,83,9.375,1008,32.375,28,21,23,263,113,113,0,6,12.5,météo favorable
2010-12-28,27,0,9,23,27,24,0,75,10,1008,21.375,28,20,23,113,113,113,0,6,12.1,météo favorable
2010-12-29,27,0,7,23,27,25,0.1,87,10,1008,20.75,29,21,23,116,113,113,0,6,12.1,météo favorable
2010-12-30,26,0,6,23,26,25,0.4,90,9.875,1009,35.25,28,21,23,116,176,116,0,6,11.6,météo favorable
2010-12-31,27,0,6,23,27,25,0,89,10,1008,27.375,29,21,23,116,113,113,0,6,11.6,météo favorable
2011-01-01,27,0,8,22,27,24,0.5,84,9.375,1008,36.375,29,21,23,263,116,113,0,6,11.6,météo favorable
2011-01-02,27,0,5,21,27,24,0.7,86,9.875,1009,17.875,28,20,21,113,113,113,0,5,11.6,météo favorable
2011-01-03,28,0,8,23,28,25,0,82,10,1009,14.625,30,21,23,113,113,113,0,6,11.6,météo favorable
2011-01-04,28,0,6,20,28,24,0,88,10,1009,11.875,29,20,20,113,113,113,0,6,11.6,météo favorable
2011-01-05,27,0,9,23,27,24,0,77,10,1009,8.875,29,21,23,113,113,113,0,6,11.6,météo favorable
2011-01-06,27,0,6,21,27,24,0.6,87,9.875,1009,22.125,29,21,21,113,176,116,0,6,11.6,météo favorable
2011-01-07,27,0,11,20,27,25,1.1,87,9.875,1008,13.875,29,21,20,113,113,113,0,5,11.6,météo favorable
2011-01-08,28,0,11,21,28,25,0,83,10,1008,13.5,29,20,21,113,113,113,0,6,11.6,météo favorable
2011-01-09,28,0,11,22,28,25,0,84,10,1007,16,30,21,23,113,113,113,0,6,11.6,météo favorable
2011-01-10,27,0,6,23,27,25,1.6,90,9.75,1006,15.625,29,21,23,113,176,113,0,5,11.6,météo favorable
2011-01-11,27,0,6,23,27,25,0,91,10,1006,20.125,29,21,23,113,116,113,0,6,11.6,météo favorable
2011-01-12,28,0,7,24,28,25,0,78,10,1006,21.75,29,20,24,113,113,116,0,6,11.6,météo favorable
2011-01-13,27,0,5,21,27,25,0.7,86,9.875,1008,20.375,29,21,21,113,176,113,0,6,11.6,météo favorable
2011-01-14,28,0,6,23,28,26,0,86,10,1009,29.125,31,22,23,116,113,116,0,6,11.6,météo favorable
2011-01-15,27,0,9,25,27,25,1.7,82,9.75,1008,30.25,29,22,25,176,176,116,0,7,11.6,météo favorable
2011-01-16,27,0,9,24,27,25,0.1,81,10,1009,26.25,29,21,24,113,113,116,0,6,11.6,météo favorable
2011-01-17,27,0,6,23,27,24,0.4,82,9.375,1010,42.5,29,21,23,116,263,116,0,6,11.6,météo très défavorable
2011-01-18,27,0,6,23,27,24,1,81,9.25,1010,33,29,20,23,263,176,116,0,6,11.6,météo favorable
2011-01-19,26,0,7,21,26,25,0.2,86,9.875,1010,21.25,28,20,22,113,176,113,0,6,11.6,météo favorable
2011-01-20,27,0,5,22,27,24,0.6,78,10,1010,8,28,20,22,113,113,113,0,6,11.6,météo favorable
2011-01-21,27,0,12,22,27,24,0.8,77,9.875,1010,12.125,28,20,22,113,113,176,0,6,11.6,météo favorable
2011-01-22,27,0,6,20,27,24,0.2,86,9.875,1010,20.875,29,20,20,176,113,113,0,6,11.6,météo favorable
2011-01-23,27,0,8,21,27,25,0,86,10,1010,13.875,29,21,21,113,113,113,0,6,11.6,météo favorable
2011-01-24,27,0,11,23,27,25,0.1,79,10,1009,20.75,28,20,23,113,113,116,0,6,11.6,météo favorable
2011-01-25,28,0,6,21,28,25,0.1,82,10,1010,21.125,29,20,22,113,113,113,0,6,11.6,météo favorable
2011-01-26,27,0,7,22,27,25,0.5,79,9.875,1010,24.75,29,20,23,116,113,116,0,5,11.6,météo favorable
2011-01-27,27,0,10,24,27,25,5.2,85,9.5,1010,40.25,30,21,24,356,116,116,0,5,11.6,météo favorable
2011-01-28,26,0,16,24,26,24,4.2,85,8.375,1009,43.875,28,21,24,356,263,116,0,5,11.6,météo très défavorable
2011-01-29,27,0,6,22,27,25,2.1,84,9.875,1008,22,29,21,22,113,113,176,0,6,11.6,météo favorable
2011-01-30,27,0,6,23,27,24,5.2,89,9.625,1008,61.625,29,22,23,116,116,302,0,6,7.4,météo très défavorable
2011-01-31,27,0,10,23,27,25,3.7,88,9.625,1008,34.375,30,23,23,116,113,176,0,5,11.6,météo favorable
2011-02-01,26,0,4,23,26,25,2.4,89,9.875,1008,42.875,29,22,23,116,353,176,0,6,11.6,météo très défavorable
2011-02-02,27,0,6,23,27,25,0,87,10,1009,28.5,30,22,23,116,116,113,0,6,11.6,météo favorable
2011-02-03,24,0,8,23,24,24,3.8,88,9.75,1010,48.5,26,22,23,293,119,116,0,5,8.8,météo très défavorable
2011-02-04,27,0,9,21,27,24,0,87,10,1010,32.125,29,21,21,116,113,116,0,6,11.6,météo favorable
2011-02-05,27,0,8,23,27,25,0,83,10,1010,29.125,28,21,23,116,113,113,0,6,11.6,météo favorable
2011-02-06,27,0,7,20,27,25,0,88,10,1009,12.75,29,21,21,113,113,113,0,6,11.6,météo favorable
2011-02-07,27,0,9,23,27,25,2.1,85,9.75,1009,16.125,30,22,23,113,113,176,0,5,11.6,météo favorable
2011-02-08,27,0,9,23,27,25,0.4,88,9.75,1008,29,29,22,23,176,113,116,0,5,11.6,météo favorable
2011-02-09,26,0,4,22,26,24,1.4,88,9.875,1009,23.5,28,22,22,113,113,116,0,5,11.6,météo favorable
2011-02-10,28,0,9,21,28,25,0.8,86,9.875,1009,17.125,29,21,22,113,113,176,0,6,11.6,météo favorable
2011-02-11,26,0,6,22,26,24,0.3,88,10,1010,33,28,20,22,113,116,116,0,6,11.6,météo favorable
2011-02-12,27,0,8,22,27,24,0.2,85,9.875,1009,15.125,28,21,22,176,113,113,0,6,11.6,météo favorable
2011-02-13,27,0,9,20,27,24,0.3,88,10,1009,8.875,28,21,20,113,113,113,0,6,11.6,météo favorable
2011-02-14,27,0,6,20,27,24,0.7,87,10,1010,12.125,28,20,20,113,113,113,0,6,11.6,météo favorable
2011-02-15,26,0,6,23,26,25,0,76,10,1011,20.125,28,20,23,113,116,113,0,6,11.6,météo favorable
2011-02-16,28,0,8,21,28,25,0,86,10,1010,25,29,21,21,116,116,113,0,6,11.6,météo favorable
2011-02-17,27,0,7,22,27,25,0.4,89,9.875,1010,21.625,29,21,22,113,113,113,0,5,11.6,météo favorable
2011-02-18,27,0,7,21,27,25,2.2,90,9.75,1009,19.375,29,21,21,113,176,176,0,6,11.6,météo favorable
2011-02-19,28,0,9,23,28,25,1.8,82,9.875,1010,22.375,30,22,23,113,113,113,0,5,11.6,météo favorable
2011-02-20,27,0,8,24,27,25,0.9,85,9.25,1011,28.75,29,22,24,116,176,116,0,5,11.6,météo favorable
2011-02-21,27,0,13,22,27,26,0.1,87,10,1010,34.125,29,22,22,116,116,116,0,6,11.6,météo favorable
2011-02-22,28,0,8,23,28,26,0,89,10,1009,46.125,30,22,23,116,116,116,0,6,11.6,météo favorable
2011-02-23,26,0,15,24,26,25,1.9,87,9.25,1010,54.625,28,22,24,263,176,116,0,5,11.6,météo favorable
2011-02-24,27,0,12,24,27,25,2.6,76,10,1009,47.375,29,21,24,116,116,353,0,6,11.6,météo favorable
2011-02-25,27,0,18,24,27,25,0.8,79,9.875,1008,40.625,29,21,24,116,116,116,0,5,11.6,météo favorable
2011-02-26,26,0,17,24,26,25,0,79,10,1007,44.875,28,21,24,116,116,119,0,6,10.2,météo favorable
2011-02-27,27,0,11,23,27,25,2.6,85,9.5,1011,55,29,22,23,299,176,305,0,5,8.8,météo très défavorable
2011-02-28,26,0,9,25,26,24,0.8,79,10,1010,45,28,21,25,116,353,116,0,6,10.2,météo très défavorable
2011-03-01,27,0,9,23,27,25,1.9,89,9.875,1009,43.5,29,21,23,293,116,116,0,6,11.6,météo favorable
2011-03-02,27,0,6,21,27,25,0.4,88,9.875,1009,22.125,29,21,21,113,113,116,0,5,11.6,météo favorable
2011-03-03,25,0,8,25,25,24,13.1,79,8.75,1010,46.375,27,21,25,356,356,356,0,5,11.6,météo très défavorable
2011-03-04,26,0,9,24,26,25,2.1,82,9.75,1011,63.375,28,21,24,299,176,176,0,5,7.4,météo très défavorable
2011-03-05,26,0,10,24,26,25,2.2,82,9.875,1011,64.75,29,22,24,176,176,305,0,5,7.4,météo très défavorable
2011-03-06,26,0,11,24,26,25,4.4,84,9.625,1011,59,28,22,24,299,305,305,0,5,8.8,météo très défavorable
2011-03-07,28,0,9,25,28,25,0,81,10,1011,29.25,30,21,25,116,113,113,0,6,11.6,météo favorable
2011-03-08,27,0,8,23,26,25,0,87,10,1011,16.375,29,21,23,113,113,113,0,6,11.6,météo favorable
2011-03-09,27,0,6,21,27,25,0,89,10,1011,10.625,30,22,21,113,113,113,0,6,11.6,météo favorable
2011-03-10,28,0,13,21,28,25,0.1,90,10,1011,8.75,29,22,21,113,113,113,0,6,11.6,météo favorable
2011-03-11,28,0,10,21,28,25,0.2,88,10,1009,13.25,29,22,21,113,113,113,0,6,11.6,météo favorable
2011-03-12,28,0,8,23,28,25,0.1,83,10,1009,12.875,30,21,23,113,113,113,0,6,11.6,météo favorable
2011-03-13,26,0,7,22,26,25,4.2,89,9,1009,35,29,22,22,116,263,116,0,5,11.6,météo très défavorable
2011-03-14,25,0,10,22,25,23,6.6,89,9.5,1010,52.125,27,22,22,293,119,116,0,5,10.2,météo très défavorable
2011-03-15,26,0,9,23,26,24,1.3,89,9.875,1010,49.875,28,22,23,293,116,116,0,6,10.2,météo favorable
2011-03-16,27,0,9,22,27,25,1,86,9.875,1009,16.75,29,21,22,113,113,176,0,6,11.6,météo favorable
2011-03-17,26,0,4,23,26,25,1.1,86,8.75,1010,43.625,28,21,23,263,263,116,0,6,11.6,météo très défavorable
2011-03-18,26,0,6,21,26,23,0.5,88,8.75,1011,44.875,28,20,21,263,263,116,0,6,11.6,météo très défavorable
2011-03-19,27,0,10,21,27,24,0.1,86,10,1010,31.25,29,21,21,116,113,116,0,6,11.6,météo favorable
2011-03-20,26,0,10,24,26,25,0.6,80,8.75,1010,37.875,29,21,24,263,263,116,0,6,11.6,météo très défavorable
2011-03-21,25,0,8,22,24,23,4.6,89,9.5,1009,75.25,27,22,22,302,296,119,0,6,6,météo très défavorable
2011-03-22,27,0,5,23,27,24,2.7,89,9.75,1009,60.5,29,21,23,299,116,116,0,5,11.6,météo très défavorable
2011-03-23,26,0,5,23,26,25,3.1,90,9.875,1008,43.375,29,22,23,116,176,116,0,5,11.6,météo favorable
2011-03-24,27,0,6,23,26,25,2.8,89,9.25,1008,45.75,29,22,23,353,263,116,0,5,10.2,météo très défavorable
2011-03-25,27,0,9,23,27,25,1,89,9.75,1008,30.625,29,22,23,176,176,116,0,6,11.6,météo favorable
2011-03-26,27,0,10,23,27,24,0.9,88,10,1009,40,29,22,23,116,353,116,0,6,11.6,météo très défavorable
2011-03-27,27,0,10,22,27,25,1.5,89,9.875,1009,46,30,23,22,116,353,116,0,5,11.6,météo très défavorable
2011-03-28,27,0,6,23,27,24,5.2,89,9.625,1009,64.875,29,23,23,116,116,356,0,6,7.4,météo très défavorable
2011-03-29,27,0,12,23,27,24,5.3,89,9.5,1009,57.75,30,23,23,176,116,356,0,6,10.2,météo très défavorable
2011-03-30,27,0,9,23,27,24,7.3,90,9.375,1009,48,30,23,23,353,176,356,0,5,11.6,météo favorable
2011-03-31,26,0,9,23,26,24,2.4,91,9.25,1009,59.625,29,23,23,116,119,263,0,5,8.8,météo très défavorable
2011-04-01,27,0,12,23,27,25,2.9,91,9.625,1009,31.125,30,23,23,176,176,116,0,5,11.6,météo favorable
2011-04-02,28,0,8,23,28,25,0.6,90,9.25,1009,33.25,30,23,23,263,113,113,0,5,11.6,météo favorable
2011-04-03,28,0,8,23,28,25,2.7,90,9.625,1009,36,31,23,23,113,116,116,0,5,11.6,météo favorable
2011-04-04,27,0,9,24,27,25,4,84,9.25,1010,46.375,30,23,24,176,176,356,0,5,11.6,météo favorable
2011-04-05,25,0,9,23,24,24,8,92,9.25,1012,78.625,28,23,23,302,296,119,0,5,6,météo très défavorable
2011-04-06,27,0,8,23,27,25,2.4,89,9.375,1011,33.875,30,22,23,353,113,113,0,5,11.6,météo favorable
2011-04-07,27,0,6,23,27,25,4.9,88,9.5,1011,36.75,30,22,24,176,176,116,0,5,11.6,météo favorable
2011-04-08,25,0,14,24,25,24,1.7,89,8.875,1012,73.375,27,22,24,116,296,266,0,7,6,météo très défavorable
2011-04-09,26,0,5,23,26,25,1.9,82,9.375,1012,47.875,28,22,24,353,116,113,0,5,10.2,météo favorable
2011-04-10,27,0,10,24,27,25,5.1,90,9.625,1011,30,30,23,24,116,113,356,0,5,11.6,météo favorable
2011-04-11,27,0,8,23,27,25,0,90,10,1010,30.875,29,22,23,116,116,116,0,6,11.6,météo favorable
2011-04-12,28,0,10,23,28,25,3.9,89,9.5,1010,21.5,30,22,23,356,113,113,0,5,11.6,météo favorable
2011-04-13,27,0,9,24,27,25,1.2,87,9.875,1011,28.5,30,22,24,176,113,116,0,6,11.6,météo favorable
2011-04-14,26,0,6,23,26,24,2.3,87,9.875,1010,33.25,29,22,23,293,116,113,0,5,11.6,météo favorable
2011-04-15,26,0,10,22,26,25,0,88,10,1010,24.5,29,22,22,113,116,116,0,6,11.6,météo favorable
2011-04-16,27,0,8,23,27,25,1.7,88,9.875,1010,33.75,30,21,23,116,116,176,0,6,11.6,météo favorable
2011-04-17,26,0,8,24,26,24,5.9,88,9.5,1011,54.25,29,23,24,356,353,116,0,5,8.8,météo très défavorable
2011-04-18,25,0,8,23,25,23,8.2,91,9.25,1010,96.125,28,22,23,302,122,122,0,5,6,météo très défavorable
2011-04-19,25,0,10,23,25,24,0.5,91,9.875,1010,65.375,28,23,23,119,119,116,0,5,8.9,météo très défavorable
2011-04-20,26,0,7,23,26,24,1.3,91,9.875,1012,48.5,29,22,23,119,116,116,0,5,12.1,météo favorable
2011-04-21,27,0,13,23,27,24,0.3,88,9.375,1011,42.375,29,21,23,116,116,116,0,5,12.1,météo favorable
2011-04-22,26,0,8,23,26,24,0.9,87,9.875,1010,43.625,28,22,23,293,116,116,0,6,11.7,météo favorable
2011-04-23,27,0,6,22,27,24,0.3,88,9.875,1010,28.875,29,21,22,116,116,116,0,5,12.1,météo favorable
2011-04-24,27,0,8,23,27,25,1.5,87,9.875,1010,30.625,29,22,23,176,116,116,0,6,12.5,météo favorable
2011-04-25,27,0,11,23,27,24,0.6,83,9.875,1009,16.625,29,22,24,113,113,176,0,6,12.5,météo favorable
2011-04-26,27,0,12,24,27,24,3.5,80,9.625,1009,20.5,30,22,24,176,176,113,0,5,12.5,météo favorable
2011-04-27,28,0,6,24,28,24,3.2,84,9.625,1008,25,30,21,24,176,113,113,0,5,12.5,météo favorable
2011-04-28,27,0,9,23,27,23,0.1,86,10,1008,35.5,29,22,23,116,116,113,0,6,12.5,météo favorable
2011-04-29,27,0,9,21,27,24,0.7,88,9.75,1009,23.875,29,22,21,176,176,113,0,6,12.5,météo favorable
2011-04-30,27,0,6,21,27,23,1.6,89,9.875,1009,18.375,29,21,22,113,113,176,0,6,12.5,météo favorable
2011-05-01,27,0,8,23,26,25,2.7,89,9.5,1009,20.75,29,22,23,176,176,176,0,5,12.5,météo favorable
2011-05-02,27,0,10,24,27,25,16.9,86,8.375,1008,37.125,30,23,24,176,176,359,0,6,12.5,météo très défavorable
2011-05-03,26,0,12,24,26,24,11.7,88,9.25,1008,61.75,29,23,25,293,353,356,0,5,11.8,météo très défavorable
2011-05-04,26,0,14,23,26,24,9.7,89,9.25,1010,58.25,28,22,23,176,353,299,0,5,12.5,météo très défavorable
2011-05-05,27,0,8,22,27,25,1,89,8.75,1010,40.875,29,22,22,116,116,263,0,5,12.5,météo favorable
2011-05-06,26,0,9,24,26,25,1.5,86,8.625,1011,45.125,29,22,24,263,263,116,0,5,12.5,météo très défavorable
2011-05-07,26,0,8,23,26,23,1.2,90,8.625,1010,46,28,21,23,263,116,263,0,5,12.5,météo favorable
2011-05-08,27,0,7,21,27,23,1.6,88,9.875,1011,22,29,21,21,113,113,176,0,6,12.5,météo favorable
2011-05-09,27,0,6,21,27,24,0,86,10,1012,26.375,28,20,21,116,113,113,0,6,12.5,météo favorable
2011-05-10,28,0,9,24,28,25,0,74,10,1012,20.25,30,22,24,113,113,116,0,6,12.5,météo favorable
2011-05-11,27,0,9,24,27,24,0,87,10,1011,36.75,30,22,24,116,113,116,0,6,12.5,météo favorable
2011-05-12,27,0,8,23,27,25,2.7,89,10,1011,44.75,30,24,23,353,116,353,0,6,12.4,météo favorable
2011-05-13,27,0,11,25,27,25,3.3,88,9.75,1010,32.5,30,23,25,116,113,176,0,5,12.4,météo favorable
2011-05-14,27,0,13,24,27,25,22.4,89,8.5,1010,30.625,30,23,24,356,176,176,0,5,12.4,météo très défavorable
2011-05-15,27,0,5,23,27,24,10.1,89,9.125,1012,25.625,29,22,23,356,113,176,0,5,12.4,météo très défavorable
2011-05-16,27,0,8,23,27,25,4.3,91,9.875,1012,32,30,24,23,353,353,176,0,6,12.4,météo très défavorable
2011-05-17,27,0,9,23,27,24,18.5,89,8.5,1011,25.375,30,23,23,176,176,356,0,5,12.4,météo très défavorable
2011-05-18,28,0,12,24,28,25,1.7,84,9.625,1011,17.75,31,22,24,176,113,176,0,5,12.4,météo favorable
2011-05-19,27,0,10,24,27,25,4.5,85,9.625,1010,26.5,30,23,24,176,176,176,0,6,12.4,météo favorable
2011-05-20,26,0,9,23,26,24,12.7,87,9.125,1010,35.375,29,22,23,353,176,356,0,5,12.5,météo très défavorable
2011-05-21,27,0,8,23,27,24,7.1,91,9.375,1009,54.625,29,22,23,353,176,356,0,5,12.5,météo favorable
2011-05-22,27,0,9,24,27,24,7.5,89,8.75,1009,42.875,30,22,24,356,263,293,0,5,12.5,météo très défavorable
2011-05-23,28,0,12,25,28,24,2.7,77,9.75,1009,27.125,31,22,25,116,116,176,0,5,12.5,météo favorable
2011-05-24,27,0,8,22,27,24,2.6,87,9.75,1009,32.625,29,21,22,113,176,176,0,5,12.5,météo favorable
2011-05-25,27,0,8,22,27,24,4,87,9.75,1010,48.5,29,21,22,293,116,353,0,5,12.5,météo favorable
2011-05-26,27,0,11,22,27,25,2,88,9.75,1009,34.375,29,21,22,176,116,116,0,5,12.4,météo favorable
2011-05-27,27,0,7,23,27,24,4.1,88,8.875,1009,42.625,29,22,23,263,176,116,0,5,12.4,météo favorable
2011-05-28,28,0,4,25,28,24,5.7,77,9.625,1010,32.125,30,21,25,353,176,176,0,5,12.4,météo favorable
2011-05-29,26,0,5,23,26,26,2.4,84,9.25,1011,34.25,29,21,24,116,176,176,0,5,12.4,météo favorable
2011-05-30,27,0,8,23,27,24,3.2,84,9.5,1011,59,29,22,23,299,299,299,0,5,9.1,météo très défavorable
2011-05-31,26,0,9,25,26,25,1.2,85,9.25,1010,52.25,28,23,25,116,263,176,0,6,12.5,météo très défavorable
2011-06-01,26,0,6,23,25,25,8.2,90,9.75,1010,64.5,28,23,24,293,296,353,0,5,10.5,météo très défavorable
2011-06-02,28,0,10,23,28,24,2.3,88,9.75,1011,21.875,30,22,23,113,113,176,0,5,12.5,météo favorable
2011-06-03,28,0,7,23,28,24,2,84,10,1012,34.125,30,21,23,353,113,113,0,6,12,météo favorable
2011-06-04,27,0,11,21,27,25,0,88,10,1011,17.625,30,22,21,113,113,113,0,6,12,météo favorable
2011-06-05,27,0,8,24,27,25,9.7,86,9.375,1009,34.875,30,23,25,176,353,176,0,5,12,météo très défavorable
2011-06-06,27,0,8,23,27,24,3.8,87,9.75,1010,28.25,29,22,23,176,353,176,0,6,12,météo très défavorable
2011-06-07,28,0,10,22,28,24,4.6,89,9.375,1010,12,30,22,22,113,113,176,0,5,12.1,météo favorable
2011-06-08,25,0,8,24,24,23,13.7,87,9.125,1010,54.875,27,22,24,176,302,293,0,5,10.3,météo très défavorable
2011-06-09,26,0,9,24,26,24,7.4,87,9.25,1010,56.25,29,22,24,293,176,302,0,5,8.8,météo très défavorable
2011-06-10,26,0,7,25,26,24,15.8,89,8,1009,62.25,28,23,25,356,263,359,0,5,10.2,météo très défavorable
2011-06-11,25,0,7,24,25,24,36.2,91,7.75,1009,75.25,27,23,24,356,293,356,0,5,6,météo très défavorable
2011-06-12,25,0,10,24,25,24,36.9,90,7.75,1010,67,27,22,24,359,353,299,0,5,7.4,météo très défavorable
2011-06-13,27,0,10,25,27,25,11.5,84,9.125,1010,49.375,30,22,25,299,116,356,0,5,11.6,météo très défavorable
2011-06-14,26,0,3,23,25,25,3.1,88,9,1011,43,28,21,23,176,293,293,0,5,11.6,météo très défavorable
2011-06-15,27,0,7,23,27,24,4.3,88,8.375,1011,53.125,29,22,23,263,116,302,0,5,8.8,météo favorable
2011-06-16,27,0,9,22,27,24,0.9,89,9.125,1011,42.375,30,23,22,263,116,176,0,5,11.6,météo favorable
2011-06-17,26,0,15,23,25,25,7.6,91,9.25,1012,60.5,28,22,23,356,296,176,0,5,8.8,météo très défavorable
2011-06-18,26,0,6,23,26,24,2.9,89,9.5,1011,38.375,28,22,23,176,176,176,0,5,11.6,météo favorable
2011-06-19,26,0,6,22,26,25,2.7,89,9.125,1010,41.625,28,22,22,116,263,176,0,5,11.6,météo très défavorable
2011-06-20,26,0,7,22,26,24,4,89,9.125,1010,42.625,28,21,22,263,176,116,0,5,11.6,météo favorable
2011-06-21,27,0,11,22,27,25,1.4,90,9.125,1010,39.125,30,22,23,176,116,263,0,5,11.6,météo favorable
2011-06-22,27,0,15,25,27,24,17.5,84,8.25,1010,38.875,30,22,25,359,116,176,0,5,11.6,météo très défavorable
2011-06-23,26,0,14,23,26,24,0.9,82,9.625,1009,47.125,28,21,23,176,176,116,0,5,11.6,météo favorable
2011-06-24,27,0,11,23,27,24,2.5,83,9,1010,35.5,29,21,23,176,176,176,0,5,11.6,météo favorable
2011-06-25,26,0,9,24,26,23,10.8,76,8.375,1011,44.875,28,20,24,356,263,356,0,5,10.2,météo très défavorable
2011-06-26,26,0,8,24,26,24,2.8,81,9.625,1011,49.75,28,22,24,293,116,176,0,5,11.6,météo favorable
2011-06-27,26,0,7,23,26,24,2.2,83,9.625,1011,58.875,28,21,23,299,299,176,0,5,8.8,météo très défavorable
2011-06-28,25,0,10,24,25,24,3.1,83,9.75,1011,40.5,28,22,24,116,176,293,0,6,10.2,météo favorable
2011-06-29,26,0,11,23,26,23,4.1,84,9.625,1010,42.125,28,21,23,293,116,293,0,5,11.6,météo favorable
2011-06-30,26,0,6,22,26,23,8,89,9.5,1010,47.875,28,21,22,116,353,356,0,5,11.6,météo très défavorable
2011-07-01,26,0,7,22,26,23,1.3,88,9.875,1010,35.625,28,21,22,113,116,293,0,6,11.6,météo favorable
2011-07-02,26,0,9,23,26,24,5.8,90,8.375,1009,52.5,29,22,23,266,176,356,0,5,11.6,météo favorable
2011-07-03,26,0,6,22,26,24,3.6,88,9.25,1010,55.625,28,22,22,116,263,353,0,5,11.6,météo très défavorable
2011-07-04,27,0,13,23,27,24,4.9,85,9,1011,49,29,22,23,263,116,356,0,5,11.6,météo favorable
2011-07-05,24,0,13,24,23,22,6.5,90,8.875,1013,61.75,26,21,23,263,299,296,0,5,8.8,météo très défavorable
2011-07-06,25,0,11,22,25,22,3.9,86,9.625,1012,60.375,27,20,22,293,353,296,0,5,10.2,météo très défavorable
2011-07-07,26,0,6,22,26,23,0.4,83,9.25,1012,35.5,28,20,22,263,116,113,0,5,11.6,météo favorable
2011-07-08,26,0,5,22,26,23,2.9,84,9.75,1013,39.375,27,20,22,293,116,176,0,6,11.6,météo favorable
2011-07-09,25,0,9,21,25,23,5.6,89,9.375,1012,42,28,22,21,116,176,356,0,5,11.6,météo favorable
2011-07-10,26,0,6,22,26,23,5.8,87,9.5,1011,32.25,27,21,22,293,113,116,0,5,11.6,météo favorable
2011-07-11,27,0,13,20,27,24,1,89,9.75,1011,20.75,29,21,20,113,176,176,0,6,11.6,météo favorable
2011-07-12,27,0,13,23,27,24,2,83,9.75,1011,20.375,29,22,23,176,113,113,0,5,11.6,météo favorable
2011-07-13,26,0,13,22,26,24,2,81,9.75,1010,19.5,28,22,22,113,176,176,0,6,11.6,météo favorable
2011-07-14,27,0,9,21,26,24,2.4,91,9.75,1010,16.875,29,22,22,176,176,113,0,6,11.6,météo favorable
2011-07-15,27,0,6,21,26,24,3.8,89,9.875,1011,19.25,29,22,21,176,353,113,0,6,11.6,météo très défavorable
2011-07-16,25,0,8,22,25,24,7,90,9.5,1009,31.75,28,22,22,116,176,299,0,5,11.6,météo favorable
2011-07-17,25,0,8,23,25,23,10.3,92,9.25,1010,66.5,27,22,23,296,353,299,0,5,7.4,météo très défavorable
2011-07-18,26,0,9,22,26,23,1.5,88,7.5,1011,50.875,27,21,23,263,263,263,0,5,11.6,météo très défavorable
2011-07-19,26,0,8,21,26,23,2.9,88,9.25,1011,46.875,28,20,22,263,116,293,0,5,11.6,météo favorable
2011-07-20,26,0,5,21,26,24,0.9,84,9.25,1011,33.125,28,20,21,263,113,176,0,6,11.6,météo favorable
2011-07-21,25,0,9,23,25,23,19.6,89,8.5,1010,66.25,27,22,23,263,293,308,0,5,8.8,météo très défavorable
2011-07-22,26,0,6,22,26,24,1.2,88,9.875,1010,49.875,29,22,22,116,116,116,0,5,11.6,météo favorable
2011-07-23,27,0,12,23,27,24,1.7,85,9.75,1009,40.375,29,21,23,176,116,116,0,5,11.6,météo favorable
2011-07-24,26,0,14,25,26,24,0.6,79,9.75,1010,35.375,28,22,25,176,116,116,0,5,11.6,météo favorable
2011-07-25,26,0,12,21,26,23,0.4,90,9.875,1010,28.625,28,21,21,116,113,176,0,6,11.6,météo favorable
2011-07-26,27,0,10,21,27,24,0.4,92,9.375,1011,18.875,29,21,21,113,113,113,0,5,11.6,météo favorable
2011-07-27,27,0,10,21,27,24,0.1,90,10,1011,22.875,30,22,21,113,113,116,0,6,11.6,météo favorable
2011-07-28,27,0,12,23,26,24,0.3,90,9.875,1011,15,29,22,23,113,113,176,0,6,11.6,météo favorable
2011-07-29,27,0,12,21,27,24,5.6,90,9.25,1011,22.5,29,21,21,113,113,356,0,5,11.6,météo favorable
2011-07-30,27,0,12,21,27,24,2.4,88,9.75,1009,28.75,29,21,21,116,116,176,0,5,11.6,météo favorable
2011-07-31,26,0,9,22,26,24,0.8,85,9.75,1010,36.25,28,20,22,176,176,116,0,6,11.6,météo favorable
2011-08-01,27,0,5,20,26,23,0.9,85,9.75,1011,30.125,28,20,20,113,176,176,0,6,11.6,météo favorable
2011-08-02,27,0,10,21,27,25,2.7,86,9.75,1011,26.375,29,21,21,176,116,176,0,6,11.6,météo favorable
2011-08-03,26,0,9,23,26,24,9.6,85,9.375,1011,34.625,29,22,23,116,176,356,0,5,11.6,météo très défavorable
2011-08-04,26,0,7,24,26,25,9.8,82,9.375,1010,38.125,28,21,24,299,176,116,0,5,11.6,météo très défavorable
2011-08-05,27,0,12,24,27,25,3.6,83,9.75,1010,29.25,29,22,24,116,176,176,0,6,11.6,météo favorable
2011-08-06,26,0,11,25,26,25,5.2,82,9.625,1010,26.875,29,22,25,176,176,176,0,6,11.6,météo favorable
2011-08-07,26,0,5,23,26,24,3.5,86,9.75,1011,37.25,28,21,23,353,293,116,0,5,11.6,météo très défavorable
2011-08-08,27,0,8,21,27,24,0.4,87,9.875,1012,37.25,29,20,21,116,176,116,0,6,11.6,météo favorable
2011-08-09,26,0,6,24,26,24,1.4,81,8.625,1012,41.875,28,21,24,176,263,263,0,6,11.6,météo très défavorable
2011-08-10,26,0,9,23,26,25,1,83,9.75,1011,43.875,29,22,23,116,176,176,0,6,11.6,météo favorable
2011-08-11,26,0,10,23,26,24,8.7,89,8.625,1011,61.5,29,22,23,353,353,356,0,5,11.6,météo très défavorable
2011-08-12,25,0,12,23,24,23,10.4,88,9,1011,70.125,27,22,23,299,296,356,0,5,8.8,météo très défavorable
2011-08-13,27,0,14,24,27,24,4.9,81,9.875,1011,33.5,29,21,24,176,116,116,0,5,11.6,météo favorable
2011-08-14,26,0,11,24,25,23,2,88,9.875,1012,40.75,28,21,23,176,353,113,0,6,11.6,météo très défavorable
2011-08-15,27,0,8,21,27,23,0.5,83,9.375,1012,27.5,29,20,21,263,113,113,0,6,11.6,météo favorable
2011-08-16,26,0,9,22,26,24,1.7,83,9,1012,35.125,28,21,22,176,176,263,0,5,11.6,météo favorable
2011-08-17,25,0,6,22,25,24,3.2,90,9.875,1010,52.75,28,22,22,353,293,353,0,6,8.8,météo très défavorable
2011-08-18,27,0,10,23,27,24,9.7,88,9,1010,31.75,29,21,23,359,113,176,0,6,11.6,météo très défavorable
2011-08-19,26,0,11,23,26,24,2,85,9.5,1011,31,28,21,23,176,176,176,0,5,11.6,météo favorable
2011-08-20,26,0,12,23,26,24,1.4,85,9.125,1011,31,29,21,23,263,176,113,0,5,11.6,météo favorable
2011-08-21,26,0,10,22,26,24,2.5,89,9.25,1011,43.75,28,22,22,176,353,263,0,6,11.6,météo très défavorable
2011-08-22,27,0,12,23,27,24,0.8,91,9.875,1011,30,29,22,23,176,116,113,0,6,11.6,météo favorable
2011-08-23,26,0,8,24,26,24,11.8,84,8.875,1010,26.75,29,22,24,356,176,176,0,5,11.6,météo très défavorable
2011-08-24,26,0,11,22,26,24,4.7,89,9.5,1011,37.75,28,21,22,176,176,176,0,5,11.6,météo favorable
2011-08-25,26,0,17,23,26,24,2.2,85,9.625,1011,36.125,29,21,23,176,176,116,0,5,11.6,météo favorable
2011-08-26,27,0,9,23,27,24,1.5,81,9.75,1010,16.5,29,21,23,113,176,113,0,5,11.6,météo favorable
2011-08-27,27,0,11,21,27,24,0.6,89,9.875,1011,24.25,29,21,21,116,113,113,0,5,11.6,météo favorable
2011-08-28,27,0,7,23,27,24,5.3,84,9.625,1011,33.5,29,21,23,116,176,176,0,5,11.6,météo favorable
2011-08-29,26,0,11,24,26,24,6.2,81,9.875,1012,57.625,28,21,24,293,353,353,0,5,10.2,météo très défavorable
2011-08-30,26,0,10,22,26,23,2.9,87,9.625,1011,25.375,29,21,22,176,176,113,0,5,11.6,météo favorable
2011-08-31,27,0,5,22,27,23,1.5,89,9.875,1011,30,28,20,22,353,176,113,0,6,11.6,météo favorable
2011-09-01,26,0,7,22,26,23,0.9,78,9.625,1011,26.375,28,20,22,113,176,176,0,5,11.6,météo favorable
2011-09-02,26,0,5,23,25,23,9.1,81,9.375,1012,54.625,27,20,23,293,293,293,0,5,11.6,météo très défavorable
2011-09-03,27,0,10,22,27,24,1,89,9.875,1012,41,29,21,22,176,116,116,0,6,11.6,météo favorable
2011-09-04,28,0,12,22,28,24,1.2,88,9.25,1011,27.375,31,21,22,116,113,176,0,5,12.1,météo favorable
2011-09-05,26,0,8,21,26,23,1.6,89,9.875,1012,35.625,28,21,21,116,353,116,0,5,12.1,météo très défavorable
2011-09-06,25,0,9,22,25,23,2.9,85,9.125,1012,53.625,27,20,22,296,263,176,0,5,12.1,météo très défavorable
2011-09-07,26,0,14,22,26,24,3,86,8,1012,50.25,28,21,22,263,263,293,0,5,12.5,météo très défavorable
2011-09-08,26,0,6,22,26,23,3,87,8.625,1012,57.375,28,21,22,296,116,263,0,5,12.5,météo très défavorable
2011-09-09,26,0,6,23,26,24,3.3,90,9.25,1013,38.875,28,21,23,353,176,113,0,5,12.5,météo favorable
2011-09-10,27,0,8,21,26,23,2.2,90,9.75,1012,22,29,21,21,113,176,113,0,5,12.5,météo favorable
2011-09-11,26,0,6,21,26,23,0.4,90,9.875,1012,30.125,28,20,21,116,116,116,0,5,12.5,météo favorable
2011-09-12,26,0,11,23,26,24,1.5,85,9.625,1011,31.125,28,21,23,176,176,176,0,6,12.5,météo favorable
2011-09-13,27,0,15,23,27,24,0.1,80,10,1011,16.625,29,20,23,113,113,113,0,6,12.5,météo favorable
2011-09-14,27,0,13,23,27,24,0.2,83,10,1012,21.75,30,22,23,113,113,116,0,6,12.5,météo favorable
2011-09-15,26,0,7,24,26,23,9.4,89,9.125,1012,45.375,28,22,24,356,356,176,0,6,11.8,météo très défavorable
2011-09-16,27,0,9,23,27,24,0.9,77,9.625,1012,27,29,21,23,176,176,113,0,5,12.5,météo favorable
2011-09-17,24,0,7,22,24,22,3.4,86,9,1011,64.125,26,21,22,263,293,296,0,5,9.1,météo très défavorable
2011-09-18,26,0,11,22,26,24,7,91,8.875,1012,57.875,28,22,22,293,176,299,0,5,10.5,météo très défavorable
2011-09-19,26,0,8,24,25,23,6,84,9.625,1012,55.375,28,21,24,293,353,293,0,5,11.8,météo très défavorable
2011-09-20,26,0,10,23,26,23,4.8,90,8.25,1013,67.25,28,22,23,263,176,302,0,5,10.5,météo très défavorable
2011-09-21,26,0,7,23,26,23,6.9,90,9.375,1012,52.375,28,22,23,176,176,299,0,5,12.5,météo favorable
2011-09-22,27,0,10,24,27,25,6.6,87,9.5,1012,56.625,30,22,24,302,353,176,0,5,11.8,météo très défavorable
2011-09-23,26,0,10,23,26,25,10.2,89,9.375,1011,50,28,22,23,176,176,353,0,5,12.5,météo très défavorable
2011-09-24,26,0,6,23,26,24,6.7,86,9.5,1011,55.375,28,21,23,293,353,356,0,5,8.8,météo très défavorable
2011-09-25,27,0,11,22,27,24,5.3,87,9.625,1011,37.875,30,22,22,116,176,299,0,6,11.6,météo favorable
2011-09-26,27,0,7,24,27,25,2,85,9.125,1011,45.375,30,22,24,293,176,263,0,6,11.6,météo favorable
2011-09-27,26,0,8,23,26,24,1,89,9.375,1010,52.125,29,22,23,119,116,113,0,5,10.2,météo favorable
2011-09-28,26,0,7,22,26,24,1.3,88,9.625,1011,37.375,28,21,22,176,176,113,0,5,10.2,météo favorable
2011-09-29,27,0,8,22,27,23,0.5,84,9.875,1012,20.125,29,20,22,113,113,176,0,6,11.6,météo favorable
2011-09-30,28,0,10,23,28,25,3.1,88,8.625,1011,48.75,30,22,23,263,116,263,0,5,11.6,météo favorable
2011-10-01,28,0,16,24,28,25,0.4,74,10,1011,39,30,21,24,116,116,116,0,6,11.6,météo favorable
2011-10-02,26,0,12,23,25,23,2.9,87,9.625,1011,47.875,28,22,23,176,353,176,0,5,10.2,météo très défavorable
2011-10-03,26,0,12,24,26,22,2.4,84,9.125,1012,43.125,28,21,24,293,263,113,0,5,11.6,météo très défavorable
2011-10-04,28,0,11,21,28,24,0,86,10,1012,15.5,29,21,21,113,113,113,0,6,11.6,météo favorable
2011-10-05,28,0,8,21,28,23,0,88,10,1012,12.625,30,21,21,113,113,113,0,6,11.6,météo favorable
2011-10-06,28,0,10,22,28,24,7.3,88,9.25,1012,32.375,31,22,22,176,113,299,0,5,11.6,météo favorable
2011-10-07,26,0,11,23,26,24,14.3,92,9.125,1012,46.125,29,22,23,176,176,308,0,5,11.6,météo très défavorable
2011-10-08,26,0,14,23,25,24,12.3,87,9.375,1013,61.875,28,22,23,299,356,353,0,5,7.4,météo très défavorable
2011-10-09,27,0,9,22,27,23,0.5,88,9.375,1012,36.5,28,21,22,116,116,116,0,5,11.6,météo favorable
2011-10-10,27,0,10,22,27,24,10.5,88,9,1012,28.875,30,22,22,113,176,359,0,6,11.6,météo très défavorable
2011-10-11,27,0,9,24,27,24,8.4,88,9.25,1012,41.125,30,22,24,293,176,356,0,5,11.6,météo très défavorable
2011-10-12,27,0,11,23,27,24,7.2,88,9.375,1012,36.25,29,22,23,176,116,176,0,5,11.6,météo favorable
2011-10-13,27,0,8,23,27,23,2.1,84,9,1012,37.625,29,21,23,263,176,176,0,5,11.6,météo favorable
2011-10-14,27,0,6,22,27,24,5.4,85,9.625,1013,40.25,29,20,22,353,176,176,0,5,11.6,météo favorable
2011-10-15,27,0,7,22,27,23,1.5,84,9.25,1013,36.5,29,21,22,116,116,263,0,5,11.6,météo favorable
2011-10-16,26,0,5,23,26,23,6.4,86,9.5,1013,28.75,28,21,23,356,176,113,0,6,11.6,météo favorable
2011-10-17,27,0,14,21,27,23,1.1,85,10,1012,7.75,29,20,21,113,113,113,0,6,11.6,météo favorable
2011-10-18,27,0,12,22,27,23,1.4,84,9.875,1011,11,29,22,22,113,176,113,0,6,11.6,météo favorable
2011-10-19,26,0,17,24,26,24,2,84,9.875,1010,25,29,22,24,116,113,116,0,5,11.6,météo favorable
2011-10-20,27,0,15,24,27,24,2.2,83,9.875,1009,14,29,22,24,113,113,113,0,5,11.6,météo favorable
2011-10-21,27,0,12,23,27,23,0.3,84,10,1010,8.625,29,22,23,113,113,113,0,6,11.6,météo favorable
2011-10-22,28,0,12,22,28,24,1.9,84,9.875,1010,15.625,29,21,22,116,113,176,0,6,11.6,météo favorable
2011-10-23,27,0,9,23,27,24,2.9,85,9.75,1010,21.625,29,21,23,176,113,176,0,6,11.6,météo favorable
2011-10-24,26,0,10,24,25,23,4.4,81,9.625,1010,40.875,28,21,24,356,116,353,0,6,10.2,météo favorable
2011-10-25,27,0,10,24,27,23,0.4,83,10,1010,13.125,29,21,24,113,113,113,0,6,11.6,météo favorable
2011-10-26,28,0,14,23,28,24,0,80,10,1009,5.125,30,21,23,113,113,113,0,6,11.6,météo favorable
2011-10-27,27,0,8,21,27,23,0.9,88,10,1010,6.125,29,21,21,113,113,113,0,6,11.6,météo favorable
2011-10-28,28,0,13,23,28,24,0,85,10,1010,5,30,21,23,113,113,113,0,6,11.6,météo favorable
2011-10-29,28,0,12,19,28,22,0,88,10,1008,5.875,29,21,20,113,113,113,0,6,11.6,météo favorable
2011-10-30,27,0,9,23,27,25,0.1,86,10,1008,7.75,29,21,23,113,113,113,0,6,11.6,météo favorable
2011-10-31,27,0,9,24,27,24,3.6,86,9.625,1008,27.625,29,22,24,176,113,176,0,5,11.6,météo favorable
2011-11-01,25,0,5,24,25,23,1.4,83,10,1008,42,27,22,24,113,116,353,0,6,11.6,météo favorable
2011-11-02,25,0,7,23,24,23,6.8,88,9.5,1008,55.75,27,22,23,299,296,176,0,5,8.8,météo très défavorable
2011-11-03,26,0,9,23,26,24,10.2,88,9,1008,60,28,22,23,353,263,356,0,5,8.8,météo très défavorable
2011-11-04,26,0,7,23,26,23,3.1,89,9.125,1009,55.5,28,22,23,263,119,176,0,5,10.2,météo très défavorable
2011-11-05,27,0,9,22,27,24,2.8,89,9.75,1009,26.625,30,22,22,116,176,176,0,6,11.6,météo favorable
2011-11-06,26,0,7,24,26,23,9.5,87,8.875,1010,49.625,28,21,23,176,356,299,0,5,8.8,météo très défavorable
2011-11-07,26,0,10,22,26,24,1,88,9.875,1010,51.75,28,21,22,293,116,116,0,5,11.6,météo favorable
2011-11-08,26,0,9,23,26,24,3.6,88,9.5,1011,56,28,22,23,176,116,302,0,6,11.6,météo très défavorable
2011-11-09,25,0,8,23,25,24,7.6,90,8.625,1012,80.875,27,22,23,302,119,263,0,5,6,météo très défavorable
2011-11-10,27,0,10,23,27,25,1.6,89,10,1011,49.375,30,23,23,116,116,353,0,6,10.2,météo favorable
2011-11-11,27,0,9,22,27,23,0.4,86,9.875,1012,20.5,29,22,22,176,113,113,0,6,11.6,météo favorable
2011-11-12,27,0,9,23,27,25,0,90,10,1012,29.25,29,22,23,113,113,116,0,6,11.6,météo favorable
2011-11-13,27,0,9,24,27,24,0,88,10,1010,31.25,30,23,24,116,113,113,0,6,11.6,météo favorable
2011-11-14,27,0,12,23,27,23,1.9,85,9.75,1009,18.25,30,22,23,113,176,176,0,6,11.6,météo favorable
2011-11-15,28,0,9,23,28,24,1.8,90,9.875,1010,23.5,30,22,23,176,113,116,0,5,11.6,météo favorable
2011-11-16,27,0,13,24,27,25,0.4,83,9.875,1010,30.125,29,21,24,113,176,116,0,6,11.6,météo favorable
2011-11-17,27,0,6,23,27,24,3,87,9.5,1010,26.75,29,22,23,293,176,176,0,5,11.6,météo favorable
2011-11-18,27,0,12,23,27,25,1.4,87,9.25,1010,36.625,29,23,23,176,116,263,0,6,11.6,météo favorable
2011-11-19,26,0,14,24,26,25,5.3,88,9.5,1010,40.625,29,23,24,356,353,176,0,6,11.6,météo très défavorable
2011-11-20,27,0,12,25,27,25,3.8,86,9.5,1010,22.125,30,23,25,113,176,356,0,7,11.6,météo favorable
2011-11-21,28,0,8,23,28,25,0.5,90,10,1009,22.625,31,23,23,113,113,116,0,7,11.6,météo favorable
2011-11-22,28,0,11,24,28,25,11.1,90,9.125,1008,26.5,30,23,24,356,116,356,0,6,11.6,météo très défavorable
2011-11-23,27,0,6,24,26,24,10.4,88,9,1008,20.75,30,23,24,356,356,176,0,5,11.6,météo très défavorable
2011-11-24,27,0,5,24,27,24,5.6,88,9.375,1008,28.375,30,22,24,176,176,113,0,5,11.6,météo favorable
2011-11-25,28,0,8,23,28,25,2.5,89,9.625,1008,17.75,31,22,23,113,113,356,0,6,11.6,météo favorable
2011-11-26,26,0,8,24,26,24,1.8,83,9.875,1009,35.5,29,21,24,176,116,116,0,6,11.6,météo favorable
2011-11-27,28,0,17,25,28,25,1.3,80,9.875,1008,25.125,31,22,25,116,113,176,0,6,11.6,météo favorable
2011-11-28,27,0,8,24,27,24,1.3,84,9.875,1008,26,30,22,24,113,116,116,0,5,11.6,météo favorable
2011-11-29,28,0,9,22,28,24,2.7,88,9.75,1008,26,30,22,22,113,176,113,0,5,11.6,météo favorable
2011-11-30,27,0,10,23,27,25,1.1,83,9.875,1008,18,30,22,23,113,113,113,0,5,11.6,météo favorable
2011-12-01,27,0,6,24,27,25,4.7,85,9.375,1008,38.125,29,22,24,356,176,116,0,5,11.6,météo favorable
2011-12-02,25,0,9,24,25,24,8.3,87,9.5,1008,48.125,28,22,24,293,116,113,0,5,10.2,météo très défavorable
2011-12-03,28,0,9,22,28,25,0,87,10,1007,12,30,21,22,113,113,113,0,6,11.6,météo favorable
2011-12-04,28,0,12,22,28,24,4.7,89,9.75,1008,16.5,30,22,22,113,113,299,0,6,11.6,météo favorable
2011-12-05,28,0,5,24,28,25,2.7,85,9.875,1009,33.5,30,22,24,353,176,116,0,6,11.6,météo favorable
2011-12-06,28,0,5,24,28,25,3.3,84,9.875,1009,44.25,31,22,24,353,116,116,0,6,12.5,météo favorable
2011-12-07,27,0,7,24,27,24,2.7,84,9.25,1009,61.875,29,22,24,263,116,296,0,6,11.8,météo très défavorable
2011-12-08,25,0,9,23,25,23,2.1,91,9.875,1008,66.5,27,22,23,119,122,116,0,5,10.5,météo très défavorable
2011-12-09,27,0,8,23,27,24,0.5,89,9,1009,44.875,29,21,23,266,116,113,0,6,12.5,météo favorable
2011-12-10,26,0,5,22,26,24,0,83,10,1010,34.75,28,21,22,113,116,116,0,6,12.5,météo favorable
2011-12-11,26,0,5,23,26,24,2.6,82,9.25,1010,42.25,28,20,23,116,263,353,0,5,12.5,météo très défavorable
2011-12-12,27,0,7,22,27,25,0.4,88,9.875,1010,26,29,22,22,116,113,113,0,5,12.5,météo favorable
2011-12-13,26,0,9,23,26,25,1.4,90,9.75,1009,26.375,29,23,23,176,176,113,0,6,12.5,météo favorable
2011-12-14,28,0,6,24,28,25,3.8,87,9.625,1009,24.875,31,22,24,116,113,113,0,5,12.5,météo favorable
2011-12-15,27,0,10,24,27,25,7.1,87,9.5,1008,51.125,30,23,24,116,116,356,0,5,12.5,météo favorable
2011-12-16,26,0,11,24,25,24,5.4,89,9,1008,63.625,28,23,24,263,353,119,0,5,12.5,météo très défavorable
2011-12-17,26,0,7,23,26,25,4.1,89,9.625,1008,61.125,28,22,23,116,116,116,0,5,12.5,météo très défavorable
2011-12-18,27,0,5,24,27,25,2.3,82,10,1009,35.875,29,21,24,116,116,116,0,5,12.5,météo favorable
2011-12-19,28,0,6,23,28,25,0.1,83,10,1009,26.75,30,22,23,116,113,113,0,6,12.5,météo favorable
2011-12-20,27,0,12,24,27,25,6.2,89,9.375,1008,27.625,30,23,24,176,176,356,0,6,12.5,météo favorable
2011-12-21,27,0,10,25,27,25,3.9,83,9.625,1007,45.375,30,22,25,116,116,299,0,5,12.5,météo favorable
2011-12-22,27,0,13,24,27,25,4.8,88,9.625,1006,65.75,29,22,24,119,116,122,0,5,10.5,météo très défavorable
2011-12-23,27,0,15,24,27,25,5.1,86,9.625,1005,59.625,29,23,25,296,176,353,0,5,10.5,météo très défavorable
2011-12-24,27,0,15,25,27,25,3.6,87,8.5,1006,68.375,30,23,25,356,293,266,0,6,7.8,météo très défavorable
2011-12-25,27,0,18,24,27,25,3.4,88,9.375,1008,29.875,31,23,24,176,176,356,0,6,12.5,météo favorable
2011-12-26,28,0,11,25,28,25,2.2,87,9.875,1008,34.125,30,23,25,353,113,176,0,7,12.5,météo favorable
2011-12-27,26,0,6,24,25,24,6,87,9.25,1009,67.5,28,22,24,176,296,296,0,5,9.2,météo très défavorable
2011-12-28,26,0,10,24,26,25,3.5,87,9.125,1010,50.25,28,22,24,293,263,116,0,5,12.1,météo très défavorable
2011-12-29,27,0,9,24,27,25,0.8,81,9.25,1010,36.375,29,21,24,176,113,113,0,5,12.1,météo favorable
2011-12-30,28,0,11,23,28,25,4.3,87,9.625,1010,30.375,31,23,23,113,113,356,0,6,11.6,météo favorable
2011-12-31,28,0,10,24,28,26,2,87,9.875,1010,43,31,23,24,353,113,116,0,6,10.2,météo favorable
2012-01-01,25,0,9,24,25,24,0,91,10,1011,68.875,27,23,24,119,116,116,0,5,8.8,météo très défavorable
2012-01-02,26,0,13,23,26,24,15.9,90,7.75,1010,65.5,30,24,23,353,353,359,0,5,8.8,météo très défavorable
2012-01-03,26,0,10,24,25,25,1.8,86,10,1010,45.75,29,23,24,116,353,116,0,6,11.6,météo très défavorable
2012-01-04,25,0,8,24,25,23,3.7,89,9.875,1011,64.875,27,22,24,296,119,119,0,5,7.4,météo très défavorable
2012-01-05,27,0,7,23,27,24,0.4,86,9.375,1012,48.625,29,21,23,263,116,116,0,6,11.6,météo favorable
2012-01-06,26,0,5,24,26,25,0,84,10,1011,39,28,22,24,113,116,116,0,6,11.6,météo favorable
2012-01-07,26,0,9,23,26,25,7,85,9.5,1010,61.875,28,22,23,299,299,356,0,5,7.4,météo très défavorable
2012-01-08,27,0,14,25,27,24,2.8,84,9.625,1011,41,30,23,25,119,113,356,0,5,11.6,météo favorable
2012-01-09,27,0,10,23,27,25,1.7,83,9.5,1010,55.5,29,22,23,299,176,299,0,5,8.8,météo très défavorable
2012-01-10,26,0,7,25,26,24,0,81,10,1010,33.375,29,22,25,116,116,116,0,6,11.6,météo favorable
2012-01-11,26,0,7,23,26,24,3.2,90,9.625,1010,30.25,29,22,23,116,176,299,0,6,11.6,météo favorable
2012-01-12,27,0,12,24,26,25,1.3,84,9.75,1010,30,29,22,24,176,113,176,0,6,11.6,météo favorable
2012-01-13,27,0,9,24,27,24,5.8,81,9.25,1010,28.25,29,22,24,176,176,356,0,5,11.6,météo favorable
2012-01-14,26,0,11,24,25,25,4.4,88,9.25,1009,47.375,28,22,24,353,263,116,0,5,10.2,météo très défavorable
2012-01-15,26,0,8,24,25,25,2.5,88,9.75,1008,65.75,28,22,24,119,119,119,0,5,6.1,météo très défavorable
2012-01-16,25,0,4,24,25,24,2.8,87,9.75,1008,68.875,27,22,24,119,296,116,0,5,7.4,météo très défavorable
2012-01-17,26,0,8,24,26,23,9.7,86,9.375,1009,55.25,29,22,24,116,353,308,0,6,8.8,météo très défavorable
2012-01-18,26,0,9,23,26,24,6.7,89,9.5,1008,50.75,28,22,23,176,176,299,0,6,8.8,météo favorable
2012-01-19,26,0,9,24,26,25,4.8,88,9.5,1008,49.25,28,22,24,356,176,119,0,6,7.4,météo favorable
2012-01-20,27,0,8,23,27,24,3.8,89,9.75,1008,54.5,29,22,23,116,116,299,0,6,10.2,météo favorable
2012-01-21,25,0,8,23,25,24,0.5,91,10,1007,66.125,28,23,23,353,113,119,0,5,10.2,météo très défavorable
2012-01-22,28,0,9,22,28,25,1.5,89,9,1008,55.75,30,22,22,116,116,353,0,5,8.8,météo très défavorable
2012-01-23,27,0,13,23,27,24,6,87,9.625,1008,45.625,29,22,23,353,116,116,0,5,11.6,météo favorable
2012-01-24,27,0,10,24,27,24,0.4,81,9.875,1008,32,28,21,24,116,113,176,0,6,11.6,météo favorable
2012-01-25,28,0,8,24,28,25,0.3,78,9.875,1008,33.5,29,21,24,116,113,176,0,6,11.6,météo favorable
2012-01-26,27,0,10,23,27,25,2.6,84,9.875,1009,26.5,29,21,23,116,113,113,0,5,11.6,météo favorable
2012-01-27,27,0,12,23,27,24,7.3,89,9.125,1010,27.625,29,23,23,356,176,356,0,6,11.6,météo favorable
2012-01-28,26,0,5,22,25,24,2.3,88,9.25,1011,49.75,28,21,22,263,293,116,0,5,11.6,météo très défavorable
2012-01-29,26,0,6,22,26,24,0.6,86,9.875,1010,29.75,28,20,22,116,116,113,0,5,11.6,météo favorable
2012-01-30,27,0,13,22,27,24,0,86,10,1011,17.75,28,20,22,113,113,113,0,6,11.6,météo favorable
2012-01-31,27,0,13,23,27,24,0,70,10,1011,13,28,21,23,113,113,113,0,6,11.6,météo favorable
2012-02-01,26,0,21,24,26,24,0,83,10,1011,20.5,28,21,24,113,113,113,0,6,11.6,météo favorable
2012-02-02,27,0,23,24,27,25,1.9,85,10,1009,17.75,29,21,24,116,113,113,0,5,11.6,météo favorable
2012-02-03,27,0,20,23,27,25,0,73,10,1010,9,28,20,23,113,113,113,0,6,11.6,météo favorable
2012-02-04,26,0,13,24,26,25,1.5,77,9.875,1010,35.625,28,21,24,116,116,293,0,6,11.6,météo favorable
2012-02-05,27,0,12,24,27,25,0,86,10,1010,49.625,30,23,24,116,113,119,0,6,8.8,météo favorable
2012-02-06,27,0,12,24,27,25,6.1,88,9.5,1010,62,30,23,24,116,176,353,0,5,10.2,météo très défavorable
2012-02-07,27,0,11,24,27,24,1.4,85,9.25,1010,42.875,30,23,24,176,113,263,0,5,11.6,météo favorable
2012-02-08,27,0,13,23,27,25,1.8,87,9.875,1010,33.625,30,23,23,116,113,113,0,5,11.6,météo favorable
2012-02-09,27,0,7,23,27,25,0.3,88,9.875,1010,28.5,29,22,23,116,113,176,0,6,11.6,météo favorable
2012-02-10,27,0,10,24,27,25,2.5,84,9.875,1009,43.875,30,23,24,176,113,116,0,5,11.6,météo favorable
2012-02-11,25,0,8,23,25,24,9.5,90,9.5,1009,70.5,28,22,23,353,119,302,0,5,7.4,météo très défavorable
2012-02-12,25,0,6,23,25,24,3.9,91,9.5,1011,40.625,27,22,23,356,293,116,0,6,11.6,météo très défavorable
2012-02-13,27,0,10,23,27,25,1.5,88,9.875,1011,27.25,29,22,23,113,113,176,0,6,11.6,météo favorable
2012-02-14,25,0,9,24,24,23,3.5,88,8.625,1010,60.625,27,22,24,263,119,263,0,5,6,météo très défavorable
2012-02-15,26,0,10,23,26,25,1.5,87,9.625,1009,38.125,29,22,23,176,176,293,0,6,11.6,météo favorable
2012-02-16,28,0,6,24,28,25,5.4,86,9.625,1009,29.875,30,21,24,356,113,113,0,5,11.6,météo favorable
2012-02-17,26,0,8,23,26,24,1.7,83,9.75,1009,21.875,29,21,23,176,116,113,0,5,11.6,météo favorable
2012-02-18,27,0,5,21,27,24,0,86,10,1010,14.125,29,20,21,113,113,113,0,6,11.6,météo favorable
2012-02-19,27,0,8,21,27,24,0,84,10,1010,13.75,29,21,21,113,113,113,0,6,11.6,météo favorable
2012-02-20,26,0,9,24,26,24,0.7,77,9.875,1011,32.5,28,21,24,116,116,176,0,6,11.6,météo favorable
2012-02-21,27,0,8,21,27,25,0.4,83,9.875,1009,15.375,29,21,21,113,176,113,0,6,11.6,météo favorable
2012-02-22,27,0,11,21,27,25,0.5,87,9.875,1010,12.125,29,20,21,176,113,113,0,6,11.6,météo favorable
2012-02-23,27,0,9,22,27,25,0.1,88,10,1009,21.25,29,21,22,116,113,116,0,6,11.6,météo favorable
2012-02-24,28,0,12,23,28,25,0.2,89,10,1009,15.5,29,21,23,116,113,113,0,6,11.6,météo favorable
2012-02-25,28,0,14,23,28,25,0,78,10,1008,5.25,30,22,23,113,113,113,0,6,11.6,météo favorable
2012-02-26,28,0,10,22,28,25,0,89,10,1008,7.875,30,21,22,113,113,113,0,6,11.6,météo favorable
2012-02-27,27,0,8,21,27,25,1.4,89,9.75,1008,13.125,29,21,21,113,176,176,0,6,11.6,météo favorable
2012-02-28,27,0,9,21,27,25,0,89,10,1007,10,29,21,21,113,113,113,0,6,11.6,météo favorable
2012-02-29,27,0,6,20,27,24,1,88,9.75,1008,13.375,28,20,20,113,176,176,0,6,11.6,météo favorable
2012-03-01,27,0,6,22,27,25,0,85,10,1009,21.375,29,20,22,113,116,113,0,6,11.6,météo favorable
2012-03-02,27,0,10,20,27,25,0,89,10,1007,15.625,30,22,20,113,113,113,0,6,11.6,météo favorable
2012-03-03,26,0,11,24,26,24,0.3,78,9.875,1007,38.5,29,21,24,176,116,116,0,6,11.6,météo favorable
2012-03-04,27,0,9,24,27,24,1.6,84,9.75,1008,37.75,29,22,24,176,116,116,0,5,11.6,météo favorable
2012-03-05,25,0,4,23,25,24,1.1,88,10,1008,59.25,28,22,23,119,119,116,0,5,8.8,météo très défavorable
2012-03-06,26,0,3,22,26,24,0,84,10,1007,27,28,21,22,113,116,116,0,6,11.6,météo favorable
2012-03-07,27,0,5,23,27,24,0,84,10,1007,44.5,29,20,23,116,116,116,0,6,11.6,météo favorable
2012-03-08,26,0,9,24,26,25,0,80,10,1007,45.75,28,21,24,116,116,116,0,6,11.6,météo favorable
2012-03-09,27,0,4,23,25,24,0.6,80,9.375,1007,40.75,28,20,23,116,116,116,0,5,11.6,météo favorable
2012-03-10,27,0,11,24,27,25,2.5,78,9.875,1007,28.875,30,22,24,116,113,176,0,6,11.6,météo favorable
2012-03-11,26,0,6,24,26,24,1.6,84,9.375,1008,67.25,29,22,24,263,116,119,0,5,8.8,météo très défavorable
2012-03-12,25,0,5,23,25,24,2.9,89,9.625,1009,91.625,27,22,23,302,119,122,0,5,6,météo très défavorable
2012-03-13,25,0,16,24,25,24,0.2,89,9.375,1010,60.5,27,22,24,116,116,263,0,5,10.2,météo très défavorable
2012-03-14,27,0,6,23,27,23,0.5,81,9.875,1010,47.375,28,20,23,116,116,116,0,5,10.2,météo favorable
2012-03-15,26,0,6,22,26,25,2.1,82,9.75,1009,53.875,28,21,22,119,119,176,0,5,8.8,météo très défavorable
2012-03-16,28,0,7,24,28,25,10.1,82,9.625,1008,58.375,30,22,24,353,353,302,0,5,8.8,météo très défavorable
2012-03-17,26,0,13,23,26,24,5,90,9.75,1009,62.75,28,23,23,293,353,293,0,5,10.2,météo très défavorable
2012-03-18,25,0,8,22,25,24,6.5,91,8.625,1011,86.625,28,22,22,296,266,119,0,5,6,météo très défavorable
2012-03-19,28,0,12,23,28,24,1.7,83,9.75,1011,41.5,31,22,23,116,113,176,0,5,11.6,météo favorable
2012-03-20,27,0,11,23,27,24,0.3,89,9.875,1011,33,29,22,23,116,116,116,0,5,11.6,météo favorable
2012-03-21,27,0,8,23,27,24,5.9,87,9.625,1011,58.75,29,23,23,116,353,116,0,5,8.8,météo très défavorable
2012-03-22,26,0,9,23,26,25,3.2,89,9.25,1012,52,28,22,23,116,263,293,0,5,11.6,météo très défavorable
2012-03-23,27,0,14,24,27,25,5.8,85,8.75,1011,48.625,30,23,24,293,176,356,0,5,11.6,météo favorable
2012-03-24,26,0,21,24,26,25,9.6,90,9.125,1012,65,28,22,24,356,293,353,0,5,7.4,météo très défavorable
2012-03-25,27,0,9,23,27,24,22.3,87,9.25,1011,56.75,29,22,23,353,176,308,0,5,8.8,météo très défavorable
2012-03-26,27,0,9,23,27,25,8.6,88,9,1011,38.25,29,22,23,176,176,356,0,5,11.6,météo très défavorable
2012-03-27,27,0,11,23,27,25,17.3,88,9,1011,38.625,30,23,23,356,176,305,0,6,10.2,météo très défavorable
2012-03-28,27,0,18,23,27,25,7.9,90,9,1011,54.25,29,22,23,353,263,353,0,5,11.6,météo très défavorable
2012-03-29,27,0,16,24,27,25,11.1,82,8.75,1011,30.25,30,23,24,176,176,359,0,6,11.6,météo très défavorable
2012-03-30,26,0,8,23,26,23,15.1,88,9.125,1011,53.375,28,22,23,353,356,305,0,6,11.6,météo très défavorable
2012-03-31,26,0,5,22,26,24,14.8,89,8.75,1011,51.875,29,23,22,353,356,359,0,6,10.2,météo très défavorable
2012-04-01,26,0,12,22,26,24,9,89,9,1012,43.75,28,23,22,176,116,359,0,6,10.2,météo très défavorable
2012-04-02,26,0,9,23,26,24,6.6,90,9.625,1013,47.875,29,22,23,353,176,176,0,5,11.6,météo favorable
2012-04-03,26,0,10,24,25,24,8,89,8.625,1014,48,28,23,24,353,356,356,0,5,10.2,météo très défavorable
2012-04-04,27,0,11,22,27,24,7.4,89,9.5,1012,41.625,30,23,22,176,116,356,0,5,8.8,météo favorable
2012-04-05,26,0,9,22,26,25,4.7,89,9.375,1012,26.125,28,22,22,356,176,176,0,6,11.6,météo favorable
2012-04-06,27,0,10,23,27,23,13.8,88,8.75,1012,64.125,29,22,23,116,263,308,0,5,8.8,météo très défavorable
2012-04-07,27,0,10,23,27,24,8.2,89,8.625,1012,56.375,29,22,23,353,176,299,0,5,11.6,météo très défavorable
2012-04-08,27,0,9,22,27,25,11.6,90,9.125,1011,47,29,22,22,356,176,293,0,5,11.6,météo très défavorable
2012-04-09,26,0,9,23,26,24,12.4,88,9.25,1011,52.5,29,23,23,353,353,356,0,5,11.6,météo très défavorable
2012-04-10,26,0,7,23,26,24,4.7,90,9.125,1011,50.375,28,22,23,176,176,263,0,5,8.8,météo favorable
2012-04-11,26,0,10,23,26,25,2.7,90,9.5,1010,29.625,29,22,23,176,176,176,0,5,11.6,météo favorable
2012-04-12,26,0,5,24,26,24,10.1,87,8.75,1010,51.75,29,22,24,263,116,356,0,5,10.2,météo très défavorable
2012-04-13,26,0,10,23,24,24,6.3,89,9.375,1011,49.375,28,22,23,293,293,116,0,5,11.6,météo très défavorable
2012-04-14,27,0,10,23,27,24,3.8,86,9.375,1011,18,30,22,23,113,176,176,0,5,11.6,météo favorable
2012-04-15,27,0,12,22,27,25,0.4,88,9.875,1010,21.25,29,22,22,113,116,176,0,6,11.6,météo favorable
2012-04-16,26,0,11,23,26,24,5.4,90,9.875,1010,29.375,29,22,23,353,353,176,0,6,11.6,météo très défavorable
2012-04-17,27,0,9,22,27,24,4.2,86,9.5,1010,24.625,29,21,22,176,176,176,0,5,11.6,météo favorable
2012-04-18,27,0,10,23,27,24,2.6,83,9.5,1009,19.625,29,21,23,176,176,176,0,5,12.1,météo favorable
2012-04-19,27,0,9,22,27,24,1.5,88,9.75,1009,21.125,29,22,22,113,176,113,0,5,12.1,météo favorable
2012-04-20,27,0,14,24,27,25,1.1,81,9.125,1010,31.5,29,22,24,263,113,176,0,5,12.1,météo favorable
2012-04-21,28,0,10,23,28,25,2,83,9.625,1010,21.875,30,22,23,176,113,176,0,5,12.1,météo favorable
2012-04-22,27,0,6,23,27,24,3.9,87,9.5,1010,30.5,29,21,23,176,176,176,0,5,12.1,météo favorable
2012-04-23,27,0,7,23,27,24,1.4,77,9.75,1010,37,29,20,23,176,116,176,0,6,12.1,météo favorable
2012-04-24,27,0,15,24,27,25,12.6,85,8.375,1010,56.875,30,23,24,263,353,359,0,5,12.5,météo très défavorable
2012-04-25,24,0,11,24,24,24,14.8,91,8.875,1012,83,27,23,24,356,302,119,0,5,7.8,météo très défavorable
2012-04-26,25,0,6,23,25,24,4.8,90,9.125,1011,56.375,27,22,23,116,299,116,0,5,12.5,météo très défavorable
2012-04-27,26,0,6,23,26,24,4.2,88,9.625,1011,57,29,22,23,356,353,116,0,5,12.5,météo très défavorable
2012-04-28,27,0,12,24,27,24,2.9,87,9.5,1011,43.375,29,23,24,176,176,293,0,5,12.5,météo favorable
2012-04-29,27,0,3,23,27,24,0.3,87,9.375,1011,46.125,29,22,23,263,116,116,0,5,12.5,météo favorable
2012-04-30,28,0,13,23,28,24,0,83,10,1010,19.875,29,21,23,116,113,113,0,6,12.4,météo favorable
2012-05-01,27,0,8,21,27,24,2.3,88,9.75,1010,18.75,30,21,21,113,113,176,0,5,12.5,météo favorable
2012-05-02,28,0,8,24,28,25,5.5,82,9.375,1011,29.125,30,22,24,176,176,356,0,6,12.5,météo favorable
2012-05-03,25,0,8,24,25,24,11.3,87,8.625,1010,53.375,28,22,24,356,293,263,0,5,12.5,météo très défavorable
2012-05-04,26,0,8,23,26,24,4.3,90,9.625,1009,41,28,22,23,116,176,116,0,5,12.5,météo favorable
2012-05-05,27,0,8,23,27,24,7.4,88,9.375,1009,33.125,29,21,23,176,116,299,0,5,12.5,météo favorable
2012-05-06,26,0,10,23,26,24,4.1,87,9,1010,42.75,28,21,23,263,116,356,0,6,12.5,météo favorable
2012-05-07,27,0,6,22,27,24,5.7,87,9.375,1010,37.125,29,21,22,113,176,356,0,5,12.5,météo favorable
2012-05-08,27,0,6,23,27,25,1.3,89,9.125,1010,44.375,29,22,23,263,176,176,0,6,12.5,météo favorable
2012-05-09,26,0,9,23,26,24,9.7,90,9.125,1011,53,29,23,23,176,356,299,0,5,12.5,météo très défavorable
2012-05-10,25,0,10,24,25,24,0.7,88,9.375,1011,54,28,22,24,116,119,263,0,5,10.5,météo très défavorable
2012-05-11,27,0,8,24,27,24,1,90,9.875,1010,65.875,30,23,24,293,116,116,0,5,11.8,météo très défavorable
2012-05-12,27,0,9,23,27,25,0,91,10,1011,65.875,29,23,23,119,116,116,0,5,11.8,météo très défavorable
2012-05-13,27,0,9,23,27,24,0,90,10,1010,26.25,29,22,23,116,113,113,0,6,12.4,météo favorable
2012-05-14,27,0,10,22,27,24,0.3,89,9.875,1011,21.625,29,21,22,113,113,113,0,5,12.4,météo favorable
2012-05-15,28,0,8,22,28,25,0,88,10,1011,30,29,21,22,116,116,116,0,6,12.4,météo favorable
2012-05-16,27,0,10,23,27,24,4.1,88,9.5,1011,37.375,30,22,23,176,116,299,0,5,12.4,météo favorable
2012-05-17,27,0,10,23,27,24,2.7,86,9.25,1010,51.75,30,23,23,263,176,353,0,6,11.8,météo favorable
2012-05-18,26,0,9,23,26,25,4.3,90,8.25,1011,60.25,29,23,23,176,263,263,0,5,11.8,météo très défavorable
2012-05-19,27,0,10,25,27,24,16.3,84,9.25,1010,46.75,30,23,25,299,176,299,0,5,12.5,météo très défavorable
2012-05-20,27,0,12,23,27,25,8.2,88,9.25,1010,48.375,30,23,23,116,176,356,0,5,12.5,météo très défavorable
2012-05-21,27,0,9,21,27,24,7.4,90,9.5,1008,30.625,30,24,22,113,176,356,0,6,12.5,météo favorable
2012-05-22,26,0,8,23,26,23,13,88,9,1010,39.25,29,21,23,356,353,299,0,5,12.5,météo très défavorable
2012-05-23,28,0,10,21,28,24,0.2,86,9.875,1010,12.625,30,21,21,113,113,113,0,5,12.5,météo favorable
2012-05-24,27,0,7,23,27,24,2.2,84,9.625,1010,20.625,30,21,23,113,176,176,0,5,12.5,météo favorable
2012-05-25,28,0,8,22,28,24,1.6,88,9.75,1011,22.875,30,21,22,113,176,116,0,5,12.5,météo favorable
2012-05-26,28,0,9,22,28,24,0.4,84,9.75,1011,29.375,30,21,22,176,116,116,0,5,12.4,météo favorable
2012-05-27,28,0,7,21,28,24,0.1,89,10,1011,25.25,30,21,21,116,113,113,0,6,12.4,météo favorable
2012-05-28,27,0,7,23,27,24,2.5,88,9.875,1010,21.125,29,22,23,113,113,113,0,5,12.4,météo favorable
2012-05-29,27,0,10,24,27,25,5.7,90,9.75,1009,32.75,30,23,24,176,176,353,0,6,12.4,météo favorable
2012-05-30,27,0,8,23,27,23,3.5,89,9.625,1010,32.125,29,22,23,116,176,113,0,5,12.5,météo favorable
2012-05-31,27,0,8,21,27,24,2,90,9.875,1009,24.25,29,22,21,113,113,176,0,6,12.5,météo favorable
2012-06-01,27,0,10,23,27,24,4.1,88,9.75,1009,42.375,30,22,23,116,176,176,0,5,12.5,météo favorable
2012-06-02,28,0,8,22,28,24,1.3,89,9.75,1009,26.75,30,22,22,116,113,176,0,5,12,météo favorable
2012-06-03,28,0,8,23,28,25,4,81,9.5,1008,27,30,21,23,176,176,176,0,5,12,météo favorable
2012-06-04,25,0,7,23,24,23,6.4,92,9.625,1010,64,27,22,23,293,293,293,0,6,10.3,météo très défavorable
2012-06-05,25,0,9,22,25,23,2.5,85,9.125,1011,54.125,27,21,22,293,293,116,0,5,11.7,météo très défavorable
2012-06-06,26,0,11,22,26,24,0.2,85,10,1010,35.875,28,21,22,116,116,116,0,6,12.1,météo favorable
2012-06-07,26,0,9,24,26,24,0.5,84,10,1011,42.625,28,21,24,353,116,116,0,6,12.1,météo favorable
2012-06-08,27,0,7,22,27,23,1.3,86,9.25,1011,41.25,29,21,23,296,113,113,0,5,11.6,météo favorable
2012-06-09,28,0,7,23,28,24,2.2,88,9.625,1012,26.875,29,21,23,176,113,176,0,5,11.6,météo favorable
2012-06-10,26,0,5,24,26,24,2.5,84,9,1011,46,28,22,24,176,176,263,0,5,10.2,météo favorable
2012-06-11,27,0,7,25,27,24,12.7,86,9.125,1010,41.75,30,22,25,356,176,176,0,5,11.6,météo très défavorable
2012-06-12,27,0,7,23,27,24,4.5,89,9.875,1010,32.125,29,22,23,176,113,353,0,6,11.6,météo favorable
2012-06-13,24,0,4,23,24,23,10.4,90,9.375,1012,50.375,27,22,23,299,293,293,0,5,11.6,météo très défavorable
2012-06-14,26,0,3,23,26,23,3.2,81,9.125,1011,46.375,28,21,23,176,263,116,0,5,10.2,météo très défavorable
2012-06-15,27,0,9,24,27,25,0,68,10,1010,37.125,29,21,24,116,116,116,0,6,11.6,météo favorable
2012-06-16,27,0,13,20,27,24,0,90,10,1011,10.5,29,21,20,113,113,113,0,6,11.6,météo favorable
2012-06-17,27,0,13,23,27,23,1.4,82,9.75,1013,19.25,28,21,23,176,176,113,0,6,11.6,météo favorable
2012-06-18,27,0,8,22,27,23,2.2,84,9.625,1012,16.625,29,21,22,113,176,176,0,5,11.6,météo favorable
2012-06-19,27,0,8,20,27,24,0.3,85,9.875,1011,16.625,29,21,20,113,113,113,0,5,11.6,météo favorable
2012-06-20,26,0,8,23,26,24,9.9,87,9.375,1011,40,28,21,23,176,353,176,0,5,11.6,météo très défavorable
2012-06-21,27,0,6,22,27,24,1.3,87,9.75,1012,27.125,29,20,22,176,113,116,0,5,11.6,météo favorable
2012-06-22,25,0,12,23,25,23,6.7,88,8.875,1013,51.625,27,22,23,263,176,299,0,5,10.2,météo favorable
2012-06-23,27,0,7,22,27,24,3.9,90,9.375,1013,42.75,29,21,22,353,116,263,0,5,11.6,météo favorable
2012-06-24,27,0,4,23,27,24,0.8,83,9.375,1012,44.25,29,21,23,116,116,116,0,5,11.6,météo favorable
2012-06-25,27,0,7,22,27,24,0.2,87,10,1011,28.625,29,21,22,116,113,113,0,6,11.6,météo favorable
2012-06-26,26,0,6,22,26,24,1.4,88,9.75,1011,34.25,29,21,22,113,176,176,0,6,11.6,météo favorable
2012-06-27,25,0,6,23,25,23,1.4,84,9.75,1012,31.625,27,21,23,176,293,116,0,6,11.6,météo très défavorable
2012-06-28,27,0,8,23,27,23,0,74,10,1011,20.875,28,20,23,113,113,113,0,6,11.6,météo favorable
2012-06-29,27,0,8,23,27,24,1.6,76,9.875,1011,25.25,28,21,23,113,113,293,0,6,11.6,météo favorable
2012-06-30,26,0,6,22,26,24,2.9,88,9.625,1010,30.375,29,22,22,116,176,176,0,5,11.6,météo favorable
2012-07-01,28,0,12,23,28,24,2.9,87,9.625,1009,17.5,31,23,23,113,113,356,0,6,11.6,météo favorable
2012-07-02,26,0,8,23,26,24,1.1,91,9.875,1009,19.875,28,22,23,113,176,113,0,6,11.6,météo favorable
2012-07-03,26,0,9,22,26,24,0.9,84,9.75,1008,34,28,21,22,176,116,176,0,6,11.6,météo favorable
2012-07-04,26,0,18,24,26,24,2.4,83,9,1009,50.25,28,21,24,293,176,263,0,5,11.6,météo favorable
2012-07-05,27,0,10,24,27,24,1.1,83,9.125,1009,30.75,29,21,24,176,176,113,0,5,11.6,météo favorable
2012-07-06,26,0,7,24,26,24,0.5,77,9.875,1008,16.375,28,20,24,113,176,113,0,6,11.6,météo favorable
2012-07-07,27,0,7,23,27,23,2.8,82,9.625,1008,26.375,29,21,23,113,176,176,0,6,11.6,météo favorable
2012-07-08,27,0,10,24,27,23,3.7,78,9.5,1009,24.75,29,21,24,176,176,176,0,5,11.6,météo favorable
2012-07-09,27,0,10,24,27,23,4,80,9.5,1010,25.5,29,20,24,176,176,176,0,5,11.6,météo favorable
2012-07-10,27,0,6,21,27,23,3.7,88,9.5,1010,28.25,28,20,21,176,176,176,0,5,11.6,météo favorable
2012-07-11,26,0,9,23,26,24,2.6,80,9.75,1011,29.25,28,21,24,176,176,116,0,5,11.6,météo favorable
2012-07-12,27,0,7,21,27,24,0,88,10,1010,24.625,29,21,21,113,113,113,0,6,11.6,météo favorable
2012-07-13,26,0,9,23,26,23,2.9,83,9.125,1010,35.5,28,21,23,263,113,293,0,5,11.6,météo favorable
2012-07-14,27,0,12,23,26,24,0.8,88,8.125,1011,48.375,29,21,23,263,263,116,0,5,10.2,météo très défavorable
2012-07-15,26,0,7,21,26,23,1,88,9.5,1010,23.125,28,21,21,176,176,176,0,5,11.6,météo favorable
2012-07-16,27,0,5,21,27,23,2.2,87,9.625,1011,31.5,28,20,21,176,176,176,0,6,11.6,météo favorable
2012-07-17,28,0,9,22,28,25,0.4,86,9.875,1011,25.75,30,21,22,116,113,113,0,5,11.6,météo favorable
2012-07-18,27,0,8,24,27,24,1.8,84,8.625,1010,50,29,22,24,263,176,263,0,6,11.6,météo favorable
2012-07-19,26,0,8,22,26,24,1.4,89,9.75,1011,36.375,29,21,22,176,176,113,0,5,10.2,météo favorable
2012-07-20,27,0,9,23,27,24,0.1,80,10,1011,20.875,29,21,23,113,113,113,0,6,11.6,météo favorable
2012-07-21,27,0,8,20,27,24,0.3,88,10,1012,23.875,29,21,20,113,116,116,0,6,11.6,météo favorable
2012-07-22,26,0,11,22,26,24,0.7,83,8.75,1011,41.125,27,20,23,116,263,263,0,6,11.6,météo très défavorable
2012-07-23,26,0,10,24,26,24,2.1,85,10,1009,51.875,28,22,24,116,353,353,0,6,11.6,météo très défavorable
2012-07-24,25,0,7,23,25,24,3.8,90,9.875,1010,63.5,27,22,23,353,353,176,0,5,8.8,météo très défavorable
2012-07-25,27,0,9,24,27,24,7,88,9.375,1010,52.5,29,22,24,293,176,356,0,5,11.6,météo favorable
2012-07-26,26,0,11,23,25,23,1.5,81,8.25,1011,57.5,28,21,23,263,266,116,0,5,8.8,météo très défavorable
2012-07-27,27,0,9,23,27,24,1.8,78,9.875,1011,44.125,29,21,23,176,116,353,0,6,11.6,météo favorable
2012-07-28,27,0,11,21,26,24,4.2,89,8.75,1011,46.25,28,21,21,353,263,263,0,5,11.6,météo très défavorable
2012-07-29,26,0,19,23,26,26,4.3,84,9.5,1011,46.875,28,21,23,293,353,176,0,6,10.2,météo très défavorable
2012-07-30,27,0,15,25,27,25,1.5,76,9.75,1010,37.25,29,21,25,176,116,116,0,6,11.6,météo favorable
2012-07-31,27,0,9,23,27,24,1.2,80,10,1010,41.625,29,20,23,353,116,113,0,6,11.6,météo favorable
2012-08-01,27,0,11,22,27,24,0.5,86,9.875,1011,33.375,29,20,22,176,113,116,0,6,11.6,météo favorable
2012-08-02,26,0,10,21,26,24,0.4,86,9.875,1012,46.75,28,21,21,116,116,116,0,5,11.6,météo favorable
2012-08-03,27,0,7,21,26,24,0.3,88,9.375,1012,50.25,29,22,22,116,116,263,0,6,10.2,météo favorable
2012-08-04,28,0,10,22,28,24,2.7,91,9.625,1011,26.25,30,22,22,116,113,356,0,6,11.6,météo favorable
2012-08-05,26,0,12,24,26,24,0.8,82,9.75,1012,23.5,29,22,24,116,176,113,0,5,11.6,météo favorable
2012-08-06,27,0,10,22,27,25,0.4,86,9.875,1012,12.5,30,21,22,113,113,113,0,5,11.6,météo favorable
2012-08-07,26,0,8,25,26,24,0.5,83,9.75,1013,20,28,21,25,113,176,113,0,6,11.6,météo favorable
2012-08-08,27,0,10,22,27,25,3.5,84,9.75,1011,55.375,29,21,22,299,299,305,0,5,8.8,météo très défavorable
2012-08-09,27,0,7,20,27,24,0.3,86,9.875,1012,29.875,28,20,20,116,113,176,0,6,11.6,météo favorable
2012-08-10,29,0,9,21,28,25,0.7,87,9.375,1012,29.75,31,22,21,113,116,113,0,5,11.6,météo favorable
2012-08-11,26,0,9,23,26,24,2.9,89,9.625,1012,20.625,28,22,23,176,176,116,0,5,11.6,météo favorable
2012-08-12,26,0,6,24,26,23,3.2,83,9.625,1012,27,28,21,24,113,176,299,0,6,11.6,météo favorable
2012-08-13,27,0,8,24,27,24,6.1,79,9.75,1011,34.875,29,21,24,176,116,353,0,5,11.6,météo favorable
2012-08-14,26,0,8,22,26,23,3.7,87,9.875,1012,43.375,28,20,22,176,353,353,0,6,11.6,météo très défavorable
2012-08-15,24,0,9,23,23,23,4.1,88,9,1013,49.625,26,21,23,176,293,263,0,5,10.2,météo très défavorable
2012-08-16,27,0,10,23,27,24,0.9,80,9.625,1012,27,29,21,23,176,116,176,0,5,11.6,météo favorable
2012-08-17,27,0,9,21,27,24,0.5,90,10,1011,17.625,29,21,22,113,113,113,0,6,11.6,météo favorable
2012-08-18,27,0,9,21,27,24,3.3,90,9.625,1011,23.25,29,21,21,176,176,176,0,6,11.6,météo favorable
2012-08-19,27,0,9,21,27,24,0.2,89,9.375,1012,19.5,29,22,21,113,113,263,0,6,11.6,météo favorable
2012-08-20,26,0,8,23,26,22,11.8,88,8.625,1011,49.5,28,22,23,176,263,299,0,5,8.8,météo très défavorable
2012-08-21,27,0,15,22,27,24,0.6,85,9.375,1012,39.625,29,21,22,263,116,113,0,6,11.6,météo favorable
2012-08-22,27,0,13,24,26,24,1.3,79,9.125,1011,35.25,29,21,24,263,176,176,0,6,11.6,météo favorable
2012-08-23,26,0,9,21,26,23,1.4,89,9.625,1012,26.375,28,21,21,176,176,116,0,5,11.6,météo favorable
2012-08-24,27,0,11,21,27,23,0.3,88,9.375,1011,32,29,21,21,263,113,113,0,6,11.6,météo favorable
2012-08-25,27,0,11,22,27,23,0.7,86,9.875,1012,30.375,29,20,22,176,113,116,0,6,11.6,météo favorable
2012-08-26,27,0,10,20,27,24,0.2,88,9.875,1011,36,28,20,20,116,176,116,0,6,11.6,météo favorable
2012-08-27,26,0,8,22,26,24,3.4,89,9.125,1011,38.875,28,22,22,176,176,353,0,5,11.6,météo favorable
2012-08-28,26,0,10,24,26,24,7.4,84,9.25,1012,33,29,22,24,356,176,116,0,5,11.6,météo favorable
2012-08-29,25,0,9,22,25,24,4.5,91,9.375,1013,46.375,28,22,22,302,176,176,0,6,10.2,météo favorable
2012-08-30,25,0,8,23,25,24,4,87,9.125,1012,61.375,27,22,23,293,293,353,0,5,7.4,météo très défavorable
2012-08-31,27,0,10,22,27,24,5.4,90,9.25,1011,32.375,29,22,22,176,176,356,0,5,11.6,météo favorable
2012-09-01,26,0,7,23,26,24,5.4,91,9.375,1011,36.875,29,23,23,353,176,356,0,5,11.6,météo favorable
2012-09-02,26,0,8,22,26,24,3.7,90,9.625,1011,23.375,28,21,22,176,176,113,0,5,11.6,météo favorable
2012-09-03,26,0,8,22,26,23,1.5,87,9.875,1012,45.625,27,21,22,116,116,293,0,6,11.7,météo favorable
2012-09-04,25,0,9,23,25,23,6.5,89,8.625,1012,62.25,27,22,23,263,356,293,0,5,11.7,météo très défavorable
2012-09-05,26,0,13,25,26,23,13.6,93,8.875,1012,54.625,29,23,24,296,176,356,0,5,12.1,météo très défavorable
2012-09-06,27,0,13,24,27,24,12.9,87,9.125,1012,62.25,29,22,24,356,116,293,0,5,10.5,météo très défavorable
2012-09-07,26,0,6,23,26,23,9.6,92,9.125,1012,50.75,28,22,23,176,293,299,0,5,12.5,météo très défavorable
2012-09-08,26,0,12,23,26,24,10.8,90,8.75,1011,40,29,23,23,176,176,359,0,5,12.5,météo très défavorable
2012-09-09,26,0,10,23,26,24,8.7,88,9.375,1011,50.625,28,22,23,293,176,353,0,5,12.5,météo très défavorable
2012-09-10,26,0,7,22,25,24,5.4,90,9.625,1011,38,28,22,22,176,353,293,0,5,12.5,météo très défavorable
2012-09-11,26,0,12,24,26,24,5.3,85,9.5,1011,30.25,28,22,24,176,176,176,0,5,12.5,météo favorable
2012-09-12,26,0,9,22,26,23,0.8,88,9.875,1012,33.75,28,21,22,116,176,113,0,6,12.5,météo favorable
2012-09-13,26,0,5,22,26,24,2.1,86,9.25,1012,35.5,28,21,22,263,353,113,0,5,12.5,météo très défavorable
2012-09-14,27,0,10,21,27,24,2.8,89,9.75,1011,18.5,29,21,21,113,113,176,0,5,12.5,météo favorable
2012-09-15,27,0,10,21,27,23,0.5,90,9.875,1011,29.375,29,21,21,116,116,113,0,5,12.5,météo favorable
2012-09-16,28,0,9,23,28,24,0.7,91,9.875,1012,26.75,29,21,23,116,113,176,0,6,12.5,météo favorable
2012-09-17,27,0,7,22,27,24,1.9,88,9.625,1013,37.375,29,21,22,176,176,293,0,6,12.5,météo favorable
2012-09-18,27,0,11,23,27,24,1.6,88,9.125,1011,26.125,30,23,23,113,176,200,0,5,12.5,météo favorable
2012-09-19,27,0,15,24,27,24,1.4,82,10,1011,25.125,30,22,24,113,113,353,0,6,12.5,météo favorable
2012-09-20,26,0,9,23,26,24,1.7,89,9.5,1012,25.25,28,21,23,176,176,176,0,5,12.5,météo favorable
2012-09-21,27,0,10,22,27,23,0.9,90,8.625,1012,48.625,29,22,22,176,116,263,0,5,12.5,météo favorable
2012-09-22,28,0,9,22,28,24,4.4,91,9.625,1010,41.125,30,22,22,116,116,116,0,5,12.5,météo favorable
2012-09-23,27,0,8,22,27,24,1.1,91,10,1010,50.875,29,22,22,116,116,353,0,6,10.2,météo favorable
2012-09-24,27,0,10,23,27,23,2.5,88,9.625,1009,32.875,29,22,23,176,176,176,0,5,11.6,météo favorable
2012-09-25,27,0,12,22,27,24,3.1,89,9.875,1010,46.875,29,21,22,353,116,176,0,5,11.6,météo favorable
2012-09-26,27,0,12,22,27,24,0.2,78,9.875,1011,28.375,29,20,22,116,176,113,0,6,11.6,météo favorable
2012-09-27,28,0,9,21,28,22,1,87,9.75,1012,11.625,30,21,21,176,113,113,0,5,11.6,météo favorable
2012-09-28,28,0,12,22,28,24,1.8,89,10,1012,21,30,22,22,113,113,353,0,6,11.6,météo favorable
2012-09-29,28,0,10,22,28,24,2.6,91,9.625,1011,23.625,31,24,22,113,176,176,0,5,11.6,météo favorable
2012-09-30,29,0,13,24,29,24,1.1,76,9.875,1011,15.375,31,22,24,113,113,176,0,6,11.6,météo favorable
2012-10-01,29,0,13,24,29,24,0,64,10,1012,13.75,31,21,24,113,113,113,0,6,11.6,météo favorable
2012-10-02,27,0,10,22,27,25,0.3,87,10,1012,13.5,29,22,22,113,113,113,0,6,11.6,météo favorable
2012-10-03,27,0,8,22,27,24,2.6,88,9.625,1011,16.75,29,22,22,113,113,356,0,6,11.6,météo favorable
2012-10-04,28,0,9,22,28,25,0.7,86,9.875,1011,17.875,30,21,22,113,113,113,0,5,11.6,météo favorable
2012-10-05,26,0,7,23,26,24,1.5,89,9.75,1011,24.625,29,22,23,116,113,176,0,5,11.6,météo favorable
2012-10-06,26,0,7,23,26,24,3.3,89,9.75,1012,41.125,28,22,23,176,353,353,0,5,11.6,météo très défavorable
2012-10-07,26,0,7,23,26,24,1.8,89,9.5,1012,30.75,29,22,23,176,176,176,0,5,11.6,météo favorable
2012-10-08,27,0,14,23,26,24,3.4,87,9.75,1010,24.25,30,23,23,113,176,353,0,5,11.6,météo favorable
2012-10-09,27,0,11,23,27,24,0.7,90,9.75,1009,24.5,30,22,23,176,113,176,0,6,11.6,météo favorable
2012-10-10,27,0,12,23,27,25,0,90,10,1010,17.875,29,22,23,113,113,113,0,6,11.6,météo favorable
2012-10-11,27,0,14,24,27,24,0.6,84,9.875,1011,20.5,30,22,24,116,113,113,0,5,11.6,météo favorable
2012-10-12,27,0,10,23,27,23,2.9,85,9.75,1013,11,29,22,23,113,176,176,0,6,11.6,météo favorable
2012-10-13,28,0,16,24,28,24,0.1,81,10,1012,18.25,30,21,24,116,113,113,0,6,11.6,météo favorable
2012-10-14,28,0,11,21,28,24,0.3,89,9.875,1012,15.125,30,21,21,176,113,113,0,6,11.6,météo favorable
2012-10-15,28,0,10,22,28,23,1.7,89,9.875,1013,12.875,30,21,22,113,113,176,0,6,11.6,météo favorable
2012-10-16,27,0,8,23,27,24,1.2,88,9.75,1013,18.75,29,21,23,113,176,176,0,6,11.6,météo favorable
2012-10-17,27,0,8,21,27,24,1.3,89,9.875,1013,13.875,29,21,21,113,176,113,0,6,11.6,météo favorable
2012-10-18,27,0,9,24,27,25,0.2,85,9.875,1012,20.5,30,23,24,176,113,113,0,6,11.6,météo favorable
2012-10-19,27,0,9,23,27,24,8.7,89,9.25,1011,29.5,30,23,23,113,176,356,0,5,11.6,météo très défavorable
2012-10-20,27,0,9,24,27,24,8,88,9.125,1010,36.375,29,22,24,176,176,299,0,5,11.6,météo très défavorable
2012-10-21,26,0,9,23,26,24,6.9,89,8.875,1009,46.625,29,23,23,263,176,356,0,5,11.6,météo favorable
2012-10-22,27,0,10,24,27,24,10.9,87,9.375,1009,57.5,30,22,24,116,176,302,0,5,10.2,météo très défavorable
2012-10-23,27,0,17,24,27,24,6.6,87,8.875,1008,56.75,30,22,24,263,176,353,0,5,10.2,météo très défavorable
2012-10-24,27,0,11,25,27,24,2.1,81,9.75,1009,35.5,29,22,25,116,176,353,0,5,10.2,météo favorable
2012-10-25,27,0,7,24,26,23,3,82,9.25,1010,40,28,21,24,116,263,116,0,5,11.6,météo très défavorable
2012-10-26,28,0,10,21,28,24,0,79,10,1010,27,29,21,21,116,113,116,0,6,11.6,météo favorable
2012-10-27,27,0,10,23,27,23,1.6,83,9.75,1009,18.5,30,22,23,113,176,176,0,6,11.6,météo favorable
2012-10-28,28,0,9,22,28,24,0,90,10,1011,19.5,30,22,22,113,113,113,0,6,11.6,météo favorable
2012-10-29,27,0,9,23,27,24,0.5,89,9.875,1010,21.625,29,22,23,176,113,113,0,6,11.6,météo favorable
2012-10-30,27,0,10,22,27,24,0.2,90,9.875,1009,17.75,29,21,22,176,113,113,0,6,11.6,météo favorable
2012-10-31,27,0,7,23,27,23,2.1,84,9.625,1010,26.25,29,21,23,116,176,176,0,5,11.6,météo favorable
2012-11-01,27,0,9,23,27,23,2.6,81,9.75,1010,27.625,29,21,23,116,176,176,0,6,11.6,météo favorable
2012-11-02,27,0,9,24,26,24,4.9,76,8.75,1010,38.75,29,21,24,176,263,356,0,6,11.6,météo très défavorable
2012-11-03,28,0,8,23,28,25,1.9,84,9.625,1009,31.125,30,22,23,176,113,176,0,5,11.6,météo favorable
2012-11-04,27,0,8,23,27,24,3.6,87,9.5,1010,35.125,29,21,23,176,176,293,0,5,11.6,météo favorable
2012-11-05,27,0,9,23,27,24,2.1,86,9.25,1009,35.875,29,22,23,116,176,263,0,6,11.6,météo favorable
2012-11-06,26,0,6,23,26,24,6.8,89,9.5,1010,56.125,29,22,23,293,293,299,0,6,11.6,météo très défavorable
2012-11-07,25,0,6,23,25,24,12.6,91,9,1009,93,27,23,23,302,296,302,0,5,7.4,météo très défavorable
2012-11-08,25,0,8,23,24,23,12.7,91,9,1010,59.875,27,22,23,356,293,293,0,5,8.8,météo très défavorable
2012-11-09,26,0,9,23,26,23,6,90,9.625,1010,57.125,29,23,23,353,353,299,0,5,7.4,météo très défavorable
2012-11-10,27,0,7,23,27,24,2.6,89,9.875,1010,47.25,29,22,23,353,116,116,0,5,11.6,météo favorable
2012-11-11,27,0,12,24,27,25,0.8,88,9.75,1010,41.75,31,23,24,116,176,176,0,5,10.2,météo favorable
2012-11-12,26,0,8,24,26,25,1,88,9.625,1010,25.75,29,22,24,176,176,113,0,5,11.6,météo favorable
2012-11-13,26,0,7,24,26,23,3.2,80,9.75,1010,39.25,28,21,24,176,353,116,0,5,11.6,météo très défavorable
2012-11-14,27,0,7,23,27,24,3.5,89,9,1010,46,30,22,23,116,176,299,0,5,11.6,météo favorable
2012-11-15,26,0,9,24,26,24,5.9,89,9.25,1010,53.875,29,23,24,353,353,263,0,5,11.6,météo très défavorable
2012-11-16,27,0,9,24,27,25,8.2,91,9.375,1011,45.25,30,23,24,176,176,356,0,5,10.2,météo très défavorable
2012-11-17,27,0,8,24,27,25,8.9,88,9.375,1010,42.125,29,23,24,113,176,299,0,5,11.6,météo très défavorable
2012-11-18,26,0,10,24,26,24,2.6,90,8.875,1011,58.875,28,22,24,293,116,116,0,5,8.8,météo très défavorable
2012-11-19,27,0,7,23,27,24,1.5,89,9.375,1010,36.75,29,21,23,116,113,353,0,5,11.6,météo favorable
2012-11-20,26,0,9,24,26,25,5,84,9.75,1011,50.5,29,23,24,353,176,296,0,5,11.6,météo favorable
2012-11-21,28,0,9,23,27,24,4.5,88,9.625,1011,30,30,23,23,113,113,356,0,6,11.6,météo favorable
2012-11-22,24,0,10,23,24,24,7.7,91,9.375,1011,53.875,27,22,23,299,299,293,0,6,10.2,météo très défavorable
2012-11-23,25,0,6,23,25,24,1.6,86,9.875,1012,72,28,22,23,122,119,116,0,5,7.4,météo très défavorable
2012-11-24,26,0,9,24,26,24,11.8,90,9,1011,42.5,29,23,24,356,356,299,0,6,11.6,météo très défavorable
2012-11-25,26,0,17,24,26,24,2.8,87,9.75,1011,31.625,28,22,24,116,176,116,0,5,11.6,météo favorable
2012-11-26,27,0,11,22,27,25,0,88,10,1011,10.5,30,22,22,113,113,113,0,6,11.6,météo favorable
2012-11-27,27,0,11,25,27,24,9.5,85,9,1010,30.875,30,22,25,176,176,356,0,5,11.6,météo très défavorable
2012-11-28,27,0,8,24,27,24,7.1,89,9.25,1011,39.625,29,23,24,176,176,356,0,5,11.6,météo favorable
2012-11-29,27,0,8,24,27,25,4.6,89,9.75,1011,42.375,29,23,24,353,176,176,0,5,10.2,météo favorable
2012-11-30,27,0,8,24,27,25,4,88,9.625,1010,20.625,30,23,24,113,113,116,0,5,11.6,météo favorable
2012-12-01,27,0,10,24,27,25,3.5,88,9.75,1010,26.125,30,23,25,113,113,299,0,6,11.6,météo favorable
2012-12-02,27,0,12,25,26,25,6.5,87,9.25,1009,43,31,24,25,356,356,113,0,6,11.6,météo très défavorable
2012-12-03,27,0,18,25,26,24,4.5,82,9.375,1010,36.375,29,22,25,353,176,176,0,5,11.6,météo favorable
2012-12-04,27,0,9,24,26,24,1.3,78,9.75,1009,21.75,29,22,24,113,176,176,0,6,11.6,météo favorable
2012-12-05,28,0,6,23,28,24,1.2,80,9.625,1011,25.625,30,20,23,176,176,176,0,6,12.5,météo favorable
2012-12-06,27,0,6,23,27,23,3,85,9.625,1012,25.375,29,21,23,176,113,113,0,5,12.5,météo favorable
2012-12-07,27,0,6,21,27,23,0.4,85,9.75,1012,27.125,29,20,21,113,176,176,0,6,12.5,météo favorable
2012-12-08,27,0,6,21,27,24,1.3,86,9.75,1012,22.5,29,21,21,113,176,113,0,5,12.5,météo favorable
2012-12-09,27,0,5,23,27,24,1.2,87,9.75,1010,25,29,21,23,176,176,113,0,6,12.5,météo favorable
2012-12-10,27,0,10,24,27,24,0,85,10,1010,21.125,29,21,24,113,113,113,0,6,12.5,météo favorable
2012-12-11,27,0,8,23,27,24,0,86,10,1010,23.625,29,21,23,113,113,116,0,6,12.5,météo favorable
2012-12-12,25,0,8,24,25,25,1.3,84,8.375,1011,53.25,28,22,24,263,266,116,0,6,10.5,météo très défavorable
2012-12-13,27,0,11,23,27,25,0,83,10,1012,21,29,21,23,113,113,113,0,6,12.5,météo favorable
2012-12-14,28,0,11,22,28,25,0,87,10,1011,8.375,29,21,22,113,113,113,0,6,12.5,météo favorable
2012-12-15,28,0,10,23,28,25,0,81,10,1011,11.75,30,21,23,113,113,113,0,6,12.5,météo favorable
2012-12-16,27,0,10,24,27,25,0,85,10,1010,22.375,30,22,24,116,113,116,0,6,12.5,météo favorable
2012-12-17,27,0,13,25,27,25,0.4,84,9.875,1010,26.875,30,22,25,176,113,113,0,6,12.5,météo favorable
2012-12-18,28,0,11,24,28,25,1.9,84,9.875,1010,22.75,30,22,24,353,113,113,0,5,12.5,météo favorable
2012-12-19,26,0,12,24,26,24,4.9,85,9.875,1008,48.875,28,22,24,353,116,293,0,6,12.5,météo favorable
2012-12-20,27,0,10,25,27,25,1,81,9.875,1008,37.875,30,22,25,176,116,116,0,6,12.5,météo favorable
2012-12-21,27,0,8,23,27,25,1.2,89,10,1008,36.25,30,22,23,353,113,116,0,6,12.5,météo favorable
2012-12-22,27,0,12,25,27,25,1.6,84,9.75,1007,51.875,30,22,25,353,176,293,0,6,12.5,météo favorable
2012-12-23,26,0,9,24,26,25,2.4,86,9.875,1008,59.125,28,22,24,353,293,116,0,5,11.8,météo très défavorable
2012-12-24,27,0,7,24,27,25,0.9,87,9.75,1008,29.25,30,23,24,176,116,176,0,6,12.5,météo favorable
2012-12-25,28,0,9,24,28,25,0.7,84,9.875,1008,37,30,22,24,113,176,116,0,6,12.5,météo favorable
2012-12-26,26,0,8,23,26,24,2.2,89,10,1008,44.375,29,22,23,119,116,116,0,5,12.5,météo favorable
2012-12-27,27,0,10,22,27,25,0.1,82,10,1009,26.625,29,21,22,113,113,116,0,6,12.1,météo favorable
2012-12-28,27,0,8,24,27,24,0.6,82,9.75,1009,34.625,29,21,24,176,116,116,0,5,12.1,météo favorable
2012-12-29,27,0,9,22,27,25,0.1,83,10,1008,42.75,29,22,22,116,116,116,0,6,11.6,météo favorable
2012-12-30,27,0,9,24,27,24,1.2,85,9.875,1007,48.875,29,22,24,353,176,116,0,6,11.6,météo favorable
2012-12-31,26,0,6,24,26,25,3.8,87,9.75,1009,46.625,28,22,24,293,116,116,0,5,11.6,météo favorable
2013-01-01,27,0,8,22,27,25,0,92,10,1008,22.875,30,22,23,113,113,116,0,6,11.6,météo favorable
2013-01-02,27,0,9,24,27,25,1.4,89,9.875,1008,35.75,30,22,24,116,116,116,0,5,11.6,météo favorable
2013-01-03,26,0,10,24,26,25,0.3,88,9.875,1009,60.375,29,23,25,116,176,119,0,7,7.4,météo très défavorable
2013-01-04,25,0,9,24,25,24,10.8,90,8.25,1008,67.5,28,23,24,302,263,302,0,5,8.8,météo très défavorable
2013-01-05,26,0,7,24,26,25,0.6,88,9.375,1007,57.5,28,23,24,263,116,116,0,6,10.2,météo très défavorable
2013-01-06,27,0,9,25,27,25,7.6,86,9.125,1007,68,29,23,25,116,116,359,0,5,7.4,météo très défavorable
2013-01-07,25,0,9,24,24,24,23.8,92,8.75,1009,80.625,27,23,24,122,356,299,0,5,8.8,météo très défavorable
2013-01-08,24,0,8,23,24,24,14,94,8.375,1009,86.875,27,23,23,122,122,116,0,5,7.4,météo très défavorable
2013-01-09,28,0,12,23,28,25,0,88,10,1007,54.625,31,23,23,116,116,116,0,5,10.2,météo favorable
2013-01-10,28,0,12,23,28,25,2.9,86,9.625,1007,30,32,24,23,113,113,356,0,6,11.6,météo favorable
2013-01-11,26,0,13,24,26,24,6,90,9.625,1010,50.75,29,24,24,353,356,116,0,6,11.6,météo très défavorable
2013-01-12,25,0,9,23,25,24,0,92,10,1010,54.625,28,23,23,116,116,119,0,6,10.2,météo favorable
2013-01-13,27,0,6,24,27,25,1,89,9.375,1011,56.125,29,22,24,353,116,116,0,5,10.2,météo très défavorable
2013-01-14,27,0,6,23,27,25,1,91,8.875,1010,50.875,29,22,23,266,176,113,0,6,11.6,météo favorable
2013-01-15,27,0,8,24,27,25,0.7,83,9.875,1011,33.75,29,22,24,116,176,116,0,6,11.6,météo favorable
2013-01-16,26,0,7,24,26,24,0.5,85,9.875,1012,60.625,28,22,24,116,176,119,0,6,8.8,météo très défavorable
2013-01-17,26,0,17,24,26,25,5.6,87,9.5,1011,54.25,28,22,24,356,116,116,0,5,10.2,météo favorable
2013-01-18,26,0,18,24,26,24,0.4,82,9.875,1011,31.625,29,21,24,176,113,116,0,6,11.6,météo favorable
2013-01-19,27,0,16,23,27,25,0.4,82,9.875,1011,25.25,29,21,24,176,113,113,0,6,11.6,météo favorable
2013-01-20,27,0,17,24,27,25,0,81,10,1012,11.75,29,21,24,113,113,113,0,6,11.6,météo favorable
2013-01-21,28,0,7,23,27,25,0,81,10,1011,32.875,29,22,23,113,116,116,0,6,11.6,météo favorable
2013-01-22,28,0,14,24,28,26,0.4,87,9.25,1010,29.375,31,23,25,113,176,116,0,6,11.6,météo favorable
2013-01-23,27,0,13,23,27,25,3,86,9.625,1010,28.625,30,23,23,113,116,356,0,6,10.2,météo favorable
2013-01-24,27,0,9,24,26,25,5.1,89,9.5,1011,30.625,30,23,24,176,176,176,0,5,11.6,météo favorable
2013-01-25,26,0,9,22,26,25,1.8,92,9.875,1011,29.375,29,23,23,113,176,116,0,6,11.6,météo favorable
2013-01-26,27,0,15,24,27,25,4.9,87,9.625,1011,27.75,30,22,24,176,176,353,0,5,11.6,météo favorable
2013-01-27,25,0,11,24,25,24,8.9,84,9.375,1012,49.25,27,22,24,176,353,299,0,5,11.6,météo très défavorable
2013-01-28,27,0,15,24,27,25,3.4,81,9.875,1012,31.125,29,22,24,353,116,176,0,6,11.6,météo favorable
2013-01-29,26,0,8,23,26,24,0.5,85,9.75,1012,45.25,28,21,23,176,116,116,0,5,11.6,météo favorable
2013-01-30,25,0,8,24,25,24,1.4,81,9.875,1013,38.125,27,21,24,116,353,116,0,5,11.6,météo très défavorable
2013-01-31,27,0,9,23,27,24,0,83,10,1013,48.625,29,21,23,116,116,116,0,6,11.6,météo favorable
2013-02-01,26,0,10,23,26,24,0,85,10,1013,29.375,28,21,23,113,113,113,0,6,11.6,météo favorable
2013-02-02,27,0,9,21,27,25,0.4,87,9.875,1013,8,29,21,21,113,113,113,0,5,11.6,météo favorable
2013-02-03,27,0,8,22,27,25,0,83,10,1012,14.375,29,22,22,113,113,113,0,6,11.6,météo favorable
2013-02-04,27,0,10,24,27,25,5.3,87,9.5,1013,36.625,29,22,24,176,176,176,0,5,11.6,météo favorable
2013-02-05,26,0,6,23,26,25,1.6,86,9.625,1013,30.875,28,22,23,176,176,113,0,5,11.6,météo favorable
2013-02-06,28,0,10,22,28,25,2.4,81,9.875,1011,21.875,30,22,23,113,113,176,0,6,11.6,météo favorable
2013-02-07,27,0,6,24,27,24,12.8,89,9.125,1010,37.875,29,22,24,176,176,305,0,5,11.6,météo très défavorable
2013-02-08,27,0,8,22,27,25,1.7,91,9.875,1011,50.25,29,23,22,116,176,353,0,6,10.2,météo favorable
2013-02-09,27,0,13,23,27,25,1.5,88,9.625,1011,40.625,30,22,24,293,176,176,0,6,11.6,météo favorable
2013-02-10,26,0,7,24,26,24,2.5,88,9.875,1011,56.75,29,22,24,353,176,119,0,5,10.2,météo très défavorable
2013-02-11,26,0,9,23,25,24,4.7,88,9.625,1010,48.125,28,22,23,176,353,296,0,5,10.2,météo très défavorable
2013-02-12,26,0,8,23,26,24,14.3,92,9.25,1010,51,28,23,23,293,353,356,0,5,8.8,météo très défavorable
2013-02-13,26,0,8,24,26,24,13,88,8.125,1009,46.125,29,23,24,263,116,356,0,5,10.2,météo très défavorable
2013-02-14,27,0,15,24,27,24,5.1,89,9.875,1008,49.5,29,23,24,353,176,353,0,5,10.2,météo favorable
2013-02-15,26,0,9,23,26,24,18.1,89,9.125,1008,65.75,29,22,23,119,353,299,0,5,10.2,météo très défavorable
2013-02-16,25,0,7,23,25,25,3.5,94,9.75,1006,54,28,23,23,119,116,116,0,5,11.6,météo favorable
2013-02-17,26,0,10,24,26,25,3.4,88,9.875,1006,50.75,29,23,24,353,176,116,0,5,11.6,météo favorable
2013-02-18,27,0,9,24,27,25,4.6,88,9.625,1006,41,30,23,24,116,113,299,0,5,11.6,météo favorable
2013-02-19,26,0,12,24,26,25,1.3,91,10,1008,46.125,29,23,24,116,353,119,0,6,8.8,météo très défavorable
2013-02-20,27,0,7,24,27,24,0,84,10,1008,47.5,29,22,24,116,116,116,0,5,11.6,météo favorable
2013-02-21,28,0,13,23,28,25,0,86,10,1009,49.375,30,22,24,119,113,116,0,6,11.6,météo favorable
2013-02-22,27,0,9,24,27,24,1.5,88,9.25,1009,49.625,30,23,24,263,116,176,0,6,11.6,météo favorable
2013-02-23,28,0,10,24,28,25,4.6,87,10,1010,40,30,23,24,353,116,116,0,5,11.6,météo favorable
2013-02-24,26,0,6,24,25,25,2.6,87,9.875,1010,56.75,29,23,24,293,116,353,0,7,10.2,météo très défavorable
2013-02-25,25,0,11,24,25,23,16.8,92,9,1010,83.625,28,23,24,116,353,356,0,5,6,météo très défavorable
2013-02-26,27,0,14,24,27,24,2.4,86,9.875,1010,52,29,22,24,116,113,293,0,6,10.2,météo favorable
2013-02-27,26,0,13,24,26,24,2.2,83,8.625,1010,56.75,28,22,24,263,263,296,0,6,10.2,météo très défavorable
2013-02-28,26,0,14,24,26,25,3.8,88,9.5,1010,43,29,23,24,116,176,356,0,6,11.6,météo favorable
2013-03-01,28,0,14,24,28,25,1.2,87,9.25,1011,31.125,31,23,24,116,113,176,0,5,11.6,météo favorable
2013-03-02,27,0,15,25,26,25,3.3,88,9.25,1011,48.25,30,24,25,353,176,116,0,6,11.6,météo favorable
2013-03-03,27,0,13,24,27,25,0.3,89,9.375,1010,24.375,30,23,24,116,113,113,0,5,11.6,météo favorable
2013-03-04,27,0,11,24,27,25,0,85,10,1010,26.75,30,23,24,116,113,113,0,6,11.6,météo favorable
2013-03-05,27,0,13,24,27,25,0,88,10,1011,29.875,30,23,24,116,113,116,0,6,11.6,météo favorable
2013-03-06,27,0,11,24,27,25,0,82,10,1011,22,30,23,24,113,113,113,0,6,11.6,météo favorable
2013-03-07,27,0,10,23,26,25,4.7,91,9.5,1011,53,30,24,24,119,356,176,0,5,10.2,météo très défavorable
2013-03-08,26,0,8,23,26,24,2,91,9.875,1011,73.75,28,22,23,176,353,122,0,5,7.4,météo très défavorable
2013-03-09,27,0,11,24,27,25,3.8,90,9,1010,67.25,30,23,24,356,116,119,0,5,8.8,météo très défavorable
2013-03-10,26,0,18,24,26,24,2.3,87,9.125,1011,56.375,29,22,24,119,263,296,0,5,8.8,météo très défavorable
2013-03-11,26,0,18,24,26,24,0.1,86,10,1011,49.75,29,22,24,116,116,116,0,6,11.6,météo favorable
2013-03-12,26,0,18,24,26,25,3.8,87,9.75,1011,30.5,29,22,24,113,113,176,0,5,11.6,météo favorable
2013-03-13,26,0,18,24,26,24,0,82,10,1011,19.25,29,22,24,113,113,116,0,6,11.6,météo favorable
2013-03-14,27,0,16,24,27,24,3.6,90,9.75,1011,26.375,29,23,24,113,113,176,0,5,11.6,météo favorable
2013-03-15,27,0,9,22,27,25,1.9,90,9.75,1013,22.5,30,23,22,113,113,176,0,5,11.6,météo favorable
2013-03-16,26,0,11,22,26,25,3.3,91,9.5,1013,21,29,23,22,113,176,356,0,6,11.6,météo favorable
2013-03-17,26,0,10,23,26,24,14.3,89,8.875,1013,30.5,29,23,23,113,176,359,0,5,11.6,météo très défavorable
2013-03-18,26,0,14,24,26,24,14.6,88,9.375,1011,37.25,28,23,24,353,353,299,0,5,11.6,météo très défavorable
2013-03-19,26,0,12,24,26,24,2.2,85,9.625,1011,29.5,29,22,24,176,176,176,0,6,11.6,météo favorable
2013-03-20,27,0,9,24,27,24,5.3,89,9.375,1011,36.25,29,23,24,176,176,356,0,6,11.6,météo favorable
2013-03-21,25,0,12,23,25,23,17.8,92,8.75,1010,68.5,27,22,23,356,356,302,0,5,7.4,météo très défavorable
2013-03-22,26,0,5,23,26,24,5.4,92,9.625,1011,67.125,28,22,23,293,353,293,0,5,7.4,météo très défavorable
2013-03-23,26,0,9,23,26,25,0.2,89,9.875,1011,31.375,29,22,23,116,116,116,0,5,11.6,météo favorable
2013-03-24,26,0,9,24,26,25,8.1,88,9.375,1011,43.75,29,23,24,293,176,353,0,5,11.6,météo très défavorable
2013-03-25,26,0,13,24,26,24,16.2,89,8.375,1009,63.5,29,23,24,302,353,359,0,5,10.2,météo très défavorable
2013-03-26,27,0,12,24,27,25,6.6,87,9.25,1010,53.25,29,22,24,293,176,293,0,5,11.6,météo favorable
2013-03-27,27,0,13,24,27,24,2.4,85,9.875,1010,28.875,30,23,24,116,113,176,0,6,11.6,météo favorable
2013-03-28,28,0,13,24,28,25,5.3,86,9,1009,35.875,30,23,24,116,113,356,0,5,11.6,météo favorable
2013-03-29,27,0,14,25,27,25,1.1,86,9.75,1010,34.625,30,23,25,116,113,176,0,5,11.6,météo favorable
2013-03-30,26,0,9,24,26,25,3.6,86,9.5,1010,38.875,29,22,24,176,176,176,0,6,11.6,météo favorable
2013-03-31,27,0,8,23,27,25,4.2,90,8.5,1010,44.375,30,23,23,263,176,293,0,6,11.6,météo favorable
2013-04-01,27,0,10,24,27,25,7.3,89,9,1011,54.75,31,23,24,356,176,356,0,5,10.2,météo favorable
2013-04-02,26,0,4,24,25,24,5.5,86,9.5,1011,39.25,29,23,24,353,293,293,0,5,11.6,météo très défavorable
2013-04-03,27,0,9,24,27,25,2.4,89,9.75,1010,36,29,22,24,353,176,113,0,5,11.6,météo favorable
2013-04-04,27,0,9,24,27,25,1.7,88,9.625,1009,31.375,30,22,24,176,176,116,0,5,11.6,météo favorable
2013-04-05,28,0,10,22,28,25,2.4,89,9.625,1010,22.625,30,22,22,176,113,176,0,5,11.6,météo favorable
2013-04-06,28,0,10,23,28,24,0.7,89,9.375,1008,23,30,22,23,113,113,263,0,6,11.6,météo favorable
2013-04-07,26,0,6,24,26,24,2.3,88,10,1008,51.875,28,22,24,353,119,116,0,6,8.8,météo très défavorable
2013-04-08,27,0,12,23,27,25,0,84,10,1009,11.875,30,22,23,113,113,113,0,6,11.6,météo favorable
2013-04-09,28,0,10,24,28,25,0,83,10,1010,26.875,31,21,24,116,116,113,0,6,11.6,météo favorable
2013-04-10,27,0,10,22,27,25,0.2,84,9.875,1010,30,29,21,22,176,116,116,0,6,11.6,météo favorable
2013-04-11,26,0,13,24,25,24,2.3,87,9.75,1010,58.875,28,22,24,116,293,293,0,5,8.8,météo très défavorable
2013-04-12,25,0,5,23,25,24,1.5,88,9.25,1011,68.875,27,22,23,116,122,263,0,5,8.8,météo très défavorable
2013-04-13,25,0,8,23,25,24,4.8,90,9.5,1011,56.125,27,22,23,116,116,176,0,5,11.6,météo très défavorable
2013-04-14,27,0,8,23,26,24,2.3,89,9.75,1011,43.875,29,23,23,176,353,293,0,6,10.2,météo très défavorable
2013-04-15,26,0,10,24,26,24,9.8,89,9.375,1011,56.5,28,22,24,176,353,356,0,5,7.4,météo très défavorable
2013-04-16,25,0,7,23,25,24,4.5,88,9.375,1010,55.25,28,23,23,176,176,356,0,6,8.8,météo très défavorable
2013-04-17,27,0,8,23,27,24,6.8,89,8.75,1011,50.125,29,22,23,263,176,293,0,5,11.6,météo favorable
2013-04-18,27,0,7,24,27,24,6.5,88,8.25,1010,49.5,30,23,24,263,176,356,0,5,12.1,météo favorable
2013-04-19,27,0,7,23,27,24,1.4,89,9.625,1010,25.625,30,22,23,176,176,113,0,5,12.1,météo favorable
2013-04-20,28,0,8,21,28,24,0.1,87,10,1011,13.875,30,21,21,113,113,113,0,6,12.1,météo favorable
2013-04-21,28,0,7,23,28,24,0,86,10,1012,17,30,21,23,113,113,113,0,6,12.1,météo favorable
2013-04-22,27,0,13,24,27,25,1.2,80,9.75,1012,25.25,29,22,24,113,116,176,0,5,12.1,météo favorable
2013-04-23,27,0,8,23,27,25,2.7,86,9.125,1012,40.75,29,23,23,263,176,176,0,6,12.1,météo favorable
2013-04-24,26,0,10,24,26,24,23.5,90,8.75,1012,56.5,29,23,24,293,176,305,0,5,12.5,météo très défavorable
2013-04-25,26,0,8,24,26,24,17.2,89,9,1012,62.625,29,23,24,293,353,305,0,5,11.8,météo très défavorable
2013-04-26,26,0,7,23,26,24,10.7,89,9.25,1011,41.125,29,22,23,356,353,299,0,5,12.5,météo très défavorable
2013-04-27,26,0,14,24,26,25,6.7,90,8.25,1011,66,29,23,24,293,263,263,0,5,10.5,météo très défavorable
2013-04-28,25,0,9,23,25,24,9.7,89,9.25,1012,58.625,27,23,23,356,356,353,0,5,10.5,météo très défavorable
2013-04-29,26,0,9,24,26,24,6.7,88,9.25,1012,52.875,28,22,24,293,176,356,0,5,11.8,météo favorable
2013-04-30,27,0,9,23,27,25,8.8,87,9.25,1011,35,29,22,23,176,176,299,0,5,12.4,météo très défavorable
2013-05-01,26,0,8,24,26,25,4.7,90,9.5,1010,42,29,22,24,296,176,176,0,5,12.5,météo favorable
2013-05-02,26,0,9,24,26,24,5.7,90,9.25,1009,31,29,23,24,176,176,356,0,5,12.5,météo favorable
2013-05-03,26,0,8,24,26,23,5.5,88,9.125,1011,40.375,28,22,24,176,353,263,0,5,12.5,météo très défavorable
2013-05-04,28,0,12,23,28,24,0,81,10,1011,14.625,30,21,23,113,113,113,0,6,12.5,météo favorable
2013-05-05,28,0,9,23,28,24,1,84,9.875,1011,14.625,30,22,23,113,113,113,0,5,12.5,météo favorable
2013-05-06,28,0,12,24,28,25,2,83,9.875,1009,14.375,30,22,24,113,113,176,0,6,12.5,météo favorable
2013-05-07,27,0,11,24,27,25,4.8,88,9.5,1009,16.75,30,22,24,113,113,176,0,5,12.5,météo favorable
2013-05-08,28,0,11,24,28,25,5.2,85,9.5,1009,20.75,31,23,25,176,176,176,0,5,12.5,météo favorable
2013-05-09,27,0,9,23,27,24,5.2,89,9.625,1010,41.375,30,22,23,353,176,176,0,5,12.5,météo favorable
2013-05-10,27,0,9,23,27,24,5.6,89,9.375,1010,46.5,30,22,23,293,353,176,0,5,12.5,météo très défavorable
2013-05-11,27,0,10,24,27,24,2.2,85,9.25,1010,56,29,22,24,176,263,353,0,5,10.5,météo très défavorable
2013-05-12,26,0,7,23,26,24,3.3,88,8.875,1011,61.125,28,22,23,353,266,176,0,5,11.8,météo très défavorable
2013-05-13,27,0,10,23,27,24,3.7,86,9.375,1011,54.875,29,22,23,353,116,263,0,5,12.4,météo favorable
2013-05-14,27,0,6,22,27,24,0.8,88,9.875,1010,30,29,21,22,113,176,113,0,6,12.4,météo favorable
2013-05-15,24,0,7,23,24,23,2.8,90,9.125,1010,62.125,27,22,23,176,296,263,0,6,10.5,météo très défavorable
2013-05-16,27,0,10,22,27,24,0.9,87,9.875,1011,31,29,22,22,116,113,176,0,6,12.4,météo favorable
2013-05-17,28,0,15,24,28,23,0,81,10,1012,12.875,31,21,25,113,113,113,0,6,12.4,météo favorable
2013-05-18,27,0,9,21,27,24,0.2,90,9.875,1012,11.375,30,22,21,176,113,113,0,6,12.4,météo favorable
2013-05-19,27,0,11,22,27,25,0.1,90,10,1012,11.125,29,22,22,113,113,113,0,6,12.5,météo favorable
2013-05-20,28,0,12,23,28,24,0,83,10,1011,12.75,30,21,23,113,113,113,0,6,12.5,météo favorable
2013-05-21,27,0,9,21,27,24,0.3,89,10,1012,19.25,29,21,21,113,113,113,0,6,12.5,météo favorable
2013-05-22,28,0,12,23,28,24,0.2,88,10,1012,7.125,30,21,23,113,113,113,0,6,12.5,météo favorable
2013-05-23,28,0,12,20,28,24,0.1,89,10,1012,12.375,30,22,20,113,113,113,0,6,12.5,météo favorable
2013-05-24,27,0,7,23,27,25,2.4,89,9.75,1011,24.75,30,21,23,113,176,116,0,5,12.5,météo favorable
2013-05-25,27,0,9,23,27,25,1.1,88,9.875,1011,29.25,29,21,23,176,116,113,0,6,12.5,météo favorable
2013-05-26,28,0,7,23,28,24,0.5,85,9.875,1011,26.875,29,20,23,116,113,113,0,5,12.4,météo favorable
2013-05-27,28,0,9,21,28,24,0.5,88,9.875,1011,17.875,30,21,21,113,113,176,0,6,12.4,météo favorable
2013-05-28,27,0,9,21,27,25,0.1,87,10,1011,18.625,30,21,21,113,113,113,0,6,12.4,météo favorable
2013-05-29,28,0,7,24,28,25,1.3,82,9.75,1011,28.625,29,21,24,176,113,116,0,5,12.4,météo favorable
2013-05-30,24,0,4,22,24,23,0,86,10,1011,57,26,21,22,116,116,119,0,6,11.8,météo très défavorable
2013-05-31,27,0,6,21,27,23,0,88,10,1010,16.875,29,21,21,113,113,113,0,6,12.5,météo favorable
2013-06-01,28,0,8,21,28,24,0,86,10,1010,23.625,30,21,21,113,113,116,0,6,12.5,météo favorable
2013-06-02,27,0,6,23,27,25,3.6,88,9.5,1009,53.5,29,22,23,293,116,356,0,6,11.7,météo favorable
2013-06-03,28,0,9,23,28,24,2.5,90,9.25,1009,45,30,22,23,353,113,293,0,5,12,météo favorable
2013-06-04,26,0,7,23,26,24,0.1,91,10,1010,29.25,29,22,23,116,116,116,0,6,12,météo favorable
2013-06-05,27,0,10,23,27,25,1.6,90,9.25,1011,39.125,29,22,23,176,116,116,0,5,12,météo favorable
2013-06-06,28,0,8,24,28,23,0.3,85,9.375,1010,36,30,21,24,263,113,113,0,6,12.1,météo favorable
2013-06-07,28,0,12,23,28,25,0.2,87,9.875,1010,20.25,31,22,23,176,113,113,0,6,12.1,météo favorable
2013-06-08,28,0,11,24,28,25,0.1,81,10,1009,21.875,30,22,24,113,113,113,0,6,11.6,météo favorable
2013-06-09,28,0,9,24,28,25,0.2,82,9.875,1009,37.25,30,21,25,116,116,176,0,6,11.6,météo favorable
2013-06-10,27,0,9,24,27,25,1.6,77,9.25,1009,46.75,29,22,24,293,263,116,0,6,11.6,météo très défavorable
2013-06-11,27,0,6,23,26,24,2.3,89,8.125,1008,48.5,29,22,23,263,353,263,0,5,11.6,météo très défavorable
2013-06-12,27,0,7,23,27,25,5,89,10,1008,52,29,22,23,353,353,353,0,6,11.6,météo très défavorable
2013-06-13,26,0,6,24,26,25,6.4,88,8.875,1007,52.375,29,22,24,293,263,116,0,5,11.6,météo très défavorable
2013-06-14,28,0,8,23,28,24,4.2,87,9.5,1008,23.625,30,21,23,113,113,176,0,5,11.6,météo favorable
2013-06-15,27,0,7,22,27,25,0.9,86,9.75,1009,33.625,29,22,22,113,176,176,0,6,11.6,météo favorable
2013-06-16,24,0,13,23,24,23,7.2,91,9.25,1010,82.5,26,22,23,356,293,296,0,5,6,météo très défavorable
2013-06-17,27,0,12,22,27,24,2.1,90,9.125,1009,43,29,22,22,263,116,176,0,5,11.6,météo favorable
2013-06-18,27,0,10,21,27,24,0.4,90,9.875,1009,18.125,30,22,21,113,113,113,0,5,11.6,météo favorable
2013-06-19,27,0,8,21,27,25,0,91,10,1010,25.625,29,22,21,113,113,116,0,6,11.6,météo favorable
2013-06-20,27,0,9,22,27,24,0,84,10,1011,26.75,30,22,22,113,113,113,0,6,11.6,météo favorable
2013-06-21,28,0,12,22,28,25,1.6,90,9.875,1011,34.125,31,23,22,116,113,176,0,6,11.6,météo favorable
2013-06-22,27,0,9,23,27,25,0.7,90,9.875,1011,21.5,30,22,23,113,113,116,0,5,11.6,météo favorable
2013-06-23,27,0,10,22,27,25,1.5,90,9.75,1012,21.75,30,23,22,116,113,176,0,5,11.6,météo favorable
2013-06-24,27,0,11,22,27,25,1.1,89,9.875,1012,40.75,30,23,22,116,116,116,0,5,11.6,météo favorable
2013-06-25,27,0,8,23,27,24,0,90,10,1013,34,29,22,23,116,113,116,0,6,11.6,météo favorable
2013-06-26,27,0,7,21,27,24,0.6,89,9.875,1011,17.25,29,21,21,113,113,176,0,6,11.6,météo favorable
2013-06-27,26,0,4,22,26,24,3.2,86,9.625,1011,52.25,28,21,22,293,353,176,0,5,10.2,météo très défavorable
2013-06-28,26,0,5,22,26,24,3.6,86,9.625,1011,55.25,28,20,22,356,353,116,0,6,7.4,météo très défavorable
2013-06-29,27,0,9,23,27,24,1.2,83,9.625,1011,28.125,29,21,23,176,176,176,0,6,11.6,météo favorable
2013-06-30,25,0,5,22,25,24,4.8,90,9,1012,46.5,27,20,22,299,116,176,0,5,11.6,météo favorable
2013-07-01,26,0,6,20,26,23,2.7,86,9.625,1010,19.75,28,20,20,113,176,176,0,6,11.6,météo favorable
2013-07-02,26,0,8,22,26,24,1.1,87,9.75,1010,29.5,28,21,22,116,176,113,0,5,11.6,météo favorable
2013-07-03,27,0,9,20,27,24,0.1,89,10,1010,19.5,29,21,20,113,113,113,0,6,11.6,météo favorable
2013-07-04,27,0,8,22,27,24,2.2,88,9.625,1010,34.625,29,21,22,176,113,176,0,5,11.6,météo favorable
2013-07-05,27,0,7,22,27,23,2.7,87,9.875,1009,31.625,29,21,22,116,176,113,0,5,11.6,météo favorable
2013-07-06,27,0,8,21,27,23,1.7,87,9.625,1010,30,28,20,22,176,176,176,0,6,11.6,météo favorable
2013-07-07,26,0,9,23,26,23,2.5,82,9.875,1011,35.875,28,21,23,353,176,113,0,6,11.6,météo favorable
2013-07-08,27,0,4,20,27,24,2,88,9.625,1011,19.25,29,21,20,113,176,176,0,5,11.6,météo favorable
2013-07-09,24,0,8,23,24,22,4.2,89,9.375,1010,69.125,26,21,23,293,302,116,0,5,7.4,météo très défavorable
2013-07-10,26,0,5,22,26,23,1.6,88,9.875,1010,50.875,28,21,22,116,353,176,0,6,10.2,météo très défavorable
2013-07-11,26,0,13,24,26,25,1.2,85,9.75,1010,29.75,28,22,24,176,176,113,0,6,11.6,météo favorable
2013-07-12,27,0,8,23,27,24,0.9,82,9.75,1010,28.25,29,21,23,113,113,176,0,5,11.6,météo favorable
2013-07-13,25,0,7,23,25,23,3.2,88,9.25,1011,50.75,27,21,23,293,263,116,0,5,11.6,météo très défavorable
2013-07-14,27,0,10,22,27,24,1.5,84,10,1010,51.5,29,22,22,116,116,353,0,6,10.2,météo favorable
2013-07-15,26,0,9,22,26,24,1.4,84,10,1009,39,28,21,22,116,353,116,0,6,11.6,météo très défavorable
2013-07-16,27,0,9,23,27,24,1.2,81,9.75,1009,33.25,29,21,23,176,176,113,0,6,11.6,météo favorable
2013-07-17,27,0,6,21,27,24,4.6,88,9.5,1009,28.75,29,21,21,176,176,176,0,5,11.6,météo favorable
2013-07-18,26,0,12,22,25,24,2,87,9.75,1009,39.375,28,22,22,116,293,176,0,6,11.6,météo très défavorable
2013-07-19,26,0,12,22,26,24,4.6,91,9.125,1009,45.25,29,22,23,176,176,353,0,5,11.6,météo favorable
2013-07-20,26,0,6,23,26,23,6,91,8.75,1010,39.625,28,22,23,263,176,176,0,5,11.6,météo favorable
2013-07-21,27,0,7,23,27,23,0.7,77,9.25,1009,32.75,28,20,23,116,116,263,0,5,11.6,météo favorable
2013-07-22,27,0,12,21,27,24,3.5,86,9.5,1011,25.5,29,21,21,176,113,113,0,5,11.6,météo favorable
2013-07-23,27,0,9,20,27,24,0.1,86,10,1012,18.5,29,20,20,113,113,113,0,6,11.6,météo favorable
2013-07-24,26,0,3,21,26,23,1.9,87,9.375,1012,43.875,28,20,21,263,116,353,0,6,11.6,météo favorable
2013-07-25,27,0,11,23,27,24,3.3,73,9,1011,40.125,29,21,23,263,116,356,0,6,11.6,météo favorable
2013-07-26,27,0,8,23,27,24,6.3,89,9.375,1011,34.5,29,22,23,176,113,356,0,5,11.6,météo favorable
2013-07-27,26,0,11,22,26,24,7.9,89,9.25,1009,50.25,28,22,22,176,176,302,0,5,8.8,météo favorable
2013-07-28,25,0,11,23,25,22,6.4,88,9.5,1011,63.375,26,21,23,299,293,293,0,5,7.4,météo très défavorable
2013-07-29,24,0,4,22,24,23,3.5,90,9,1011,67.125,26,21,22,293,296,296,0,5,7.4,météo très défavorable
2013-07-30,25,0,9,21,25,24,3.8,91,8.125,1010,63.75,27,21,22,263,263,353,0,5,11.6,météo très défavorable
2013-07-31,26,0,6,23,26,23,1.8,90,9.75,1009,80.375,28,21,23,119,116,296,0,5,7.4,météo très défavorable
2013-08-01,26,0,14,23,26,24,1.1,85,9.25,1010,45.5,27,21,24,176,116,116,0,5,11.6,météo favorable
2013-08-02,24,0,5,22,24,23,3.7,88,8.5,1011,59.125,26,21,22,263,296,293,0,5,8.8,météo très défavorable
2013-08-03,26,0,9,22,26,24,4.1,90,8.5,1011,52.875,29,22,22,263,176,263,0,5,11.6,météo favorable
2013-08-04,26,0,5,22,26,24,4.2,90,9.375,1011,41.875,28,22,22,176,176,116,0,5,11.6,météo favorable
2013-08-05,26,0,8,23,26,24,3.6,81,9.75,1011,39.625,29,21,23,353,353,176,0,5,11.6,météo très défavorable
2013-08-06,27,0,5,22,27,24,1.6,88,9.75,1011,38.375,29,20,22,353,176,176,0,6,11.6,météo favorable
2013-08-07,27,0,6,20,27,24,3,87,9.75,1011,26.625,29,21,20,176,113,116,0,5,11.6,météo favorable
2013-08-08,27,0,10,22,27,24,5.1,89,9.5,1010,27.375,29,22,22,113,176,356,0,6,11.6,météo favorable
2013-08-09,26,0,8,23,26,24,10.3,90,9,1010,43.5,29,22,23,176,176,356,0,5,11.6,météo très défavorable
2013-08-10,25,0,8,23,24,24,4.5,89,9.875,1010,57.25,27,21,23,353,293,116,0,5,8.8,météo très défavorable
2013-08-11,26,0,13,24,26,23,2,80,8.5,1010,47.25,28,21,24,293,263,263,0,5,11.6,météo très défavorable
2013-08-12,26,0,8,23,26,24,2.8,86,9.75,1011,42.5,28,21,23,293,176,116,0,6,10.2,météo favorable
2013-08-13,27,0,10,23,27,23,0.4,79,9.875,1011,20.875,29,20,23,113,113,116,0,5,11.6,météo favorable
2013-08-14,26,0,6,22,26,24,5.4,88,9.625,1012,44.75,28,21,22,293,176,176,0,5,11.6,météo favorable
2013-08-15,26,0,9,21,26,23,2.1,88,9.25,1012,43.75,28,20,21,263,116,293,0,6,11.6,météo favorable
2013-08-16,25,0,5,22,25,24,2.1,88,8.5,1012,52.5,27,21,22,263,293,176,0,5,10.2,météo très défavorable
2013-08-17,27,0,17,22,27,24,0.4,89,9.875,1011,29.5,29,21,22,116,113,176,0,6,11.6,météo favorable
2013-08-18,27,0,9,22,27,24,0.5,86,9.875,1011,31.5,29,20,22,113,113,113,0,5,11.6,météo favorable
2013-08-19,26,0,8,21,26,23,1.2,89,9.75,1011,32.75,28,21,21,116,176,113,0,5,11.6,météo favorable
2013-08-20,27,0,7,24,27,23,0.3,75,10,1010,19.75,28,19,24,113,113,113,0,6,11.6,météo favorable
2013-08-21,27,0,8,25,27,24,0.4,71,9.75,1011,21,29,21,25,113,176,176,0,6,11.6,météo favorable
2013-08-22,26,0,6,23,26,24,1.9,87,9.75,1010,25.625,28,21,23,113,176,176,0,6,11.6,météo favorable
2013-08-23,24,0,9,23,23,23,9.6,90,9.125,1011,71.75,26,21,23,356,302,176,0,5,8.8,météo très défavorable
2013-08-24,26,0,16,21,26,25,0.9,90,9.375,1011,41,28,21,21,116,263,113,0,5,10.2,météo très défavorable
2013-08-25,27,0,11,24,27,23,0.2,78,10,1011,29.625,29,20,24,116,116,113,0,6,11.6,météo favorable
2013-08-26,26,0,9,23,26,23,1.2,82,9.375,1012,40.5,28,20,23,116,263,353,0,6,11.6,météo très défavorable
2013-08-27,27,0,9,23,27,23,2.1,77,9.625,1013,30.875,28,20,23,116,176,176,0,5,11.6,météo favorable
2013-08-28,27,0,13,24,27,24,3.4,80,9.625,1012,14.375,29,21,24,176,176,113,0,5,11.6,météo favorable
2013-08-29,28,0,15,24,28,24,0.3,80,10,1012,10.125,30,21,24,113,113,113,0,6,11.6,météo favorable
2013-08-30,27,0,10,21,27,23,0,90,10,1013,8.25,29,21,21,113,113,113,0,6,11.6,météo favorable
2013-08-31,25,0,8,23,25,23,4.9,82,9.125,1012,43.25,27,21,23,353,293,263,0,5,11.6,météo très défavorable
2013-09-01,27,0,9,23,27,24,0.3,85,10,1012,14.875,29,21,23,113,113,113,0,6,11.6,météo favorable
2013-09-02,27,0,10,19,27,24,0,88,10,1012,10.75,29,21,20,113,113,113,0,6,11.6,météo favorable
2013-09-03,26,0,9,23,26,24,3.5,90,9.625,1011,23.5,28,21,23,176,176,176,0,6,12.1,météo favorable
2013-09-04,27,0,8,22,27,24,4.3,80,9.625,1011,31.625,29,20,22,176,176,176,0,5,12.1,météo favorable
2013-09-05,26,0,7,21,26,24,5,86,9.875,1011,39,28,20,21,353,353,176,0,6,12.1,météo très défavorable
2013-09-06,26,0,8,22,26,24,3.6,86,9.5,1011,27.625,28,21,22,176,176,176,0,5,12.5,météo favorable
2013-09-07,25,0,9,24,25,23,4.9,81,9.875,1011,50.125,27,21,24,353,353,353,0,5,11.8,météo très défavorable
2013-09-08,27,0,11,23,27,23,2.9,81,9.75,1012,26.5,29,21,23,113,176,176,0,5,12.5,météo favorable
2013-09-09,27,0,8,22,27,23,1.4,88,9.75,1012,27.25,29,20,22,113,113,176,0,5,12.5,météo favorable
2013-09-10,26,0,7,22,26,23,3.2,86,9.875,1012,57.625,27,20,22,293,353,116,0,5,11.8,météo très défavorable
2013-09-11,27,0,10,22,26,24,0.9,86,9.875,1012,36.75,28,20,22,116,176,113,0,5,12.5,météo favorable
2013-09-12,26,0,9,22,26,24,0.6,81,9.375,1013,32.625,28,21,22,113,263,113,0,6,12.5,météo très défavorable
2013-09-13,27,0,12,22,27,24,2.2,82,9.5,1012,19.875,29,21,22,176,176,176,0,5,12.5,météo favorable
2013-09-14,28,0,10,24,28,24,3.1,82,9.75,1011,34.75,30,21,24,353,113,176,0,5,12.5,météo favorable
2013-09-15,27,0,14,24,27,25,1,81,9.125,1010,38.625,29,22,24,263,113,176,0,5,12.5,météo favorable
2013-09-16,26,0,6,23,26,24,3,89,9.75,1010,30.25,28,21,23,176,176,116,0,5,12.5,météo favorable
2013-09-17,27,0,10,22,27,25,1.2,88,9.75,1010,32.5,29,21,22,176,113,293,0,6,12.5,météo favorable
2013-09-18,28,0,7,22,28,25,2.7,88,9.625,1009,22,30,21,22,176,113,176,0,5,12.5,météo favorable
2013-09-19,28,0,9,22,28,24,1.8,89,9.75,1008,16.5,31,22,22,113,176,113,0,5,12.5,météo favorable
2013-09-20,27,0,8,23,27,24,0.3,88,9.875,1010,24.75,29,22,23,113,113,176,0,6,12.5,météo favorable
2013-09-21,26,0,4,22,26,23,1.7,85,8.625,1011,47.5,28,20,22,263,263,293,0,6,12.5,météo très défavorable
2013-09-22,28,0,3,22,28,23,1.2,86,8.125,1010,49.25,31,21,22,263,263,116,0,5,12.5,météo très défavorable
2013-09-23,27,0,15,21,27,25,1.8,89,9.75,1010,30.375,30,23,21,116,176,176,0,6,11.6,météo favorable
2013-09-24,27,0,14,24,27,25,3.8,84,9.625,1010,20.75,30,22,24,113,113,356,0,6,11.6,météo favorable
2013-09-25,27,0,9,22,27,23,1.1,88,9.75,1012,19.125,30,22,22,113,176,113,0,5,11.6,météo favorable
2013-09-26,28,0,12,23,28,25,0.8,90,9.625,1012,26,30,22,23,176,113,176,0,5,11.6,météo favorable
2013-09-27,25,0,4,23,24,24,6.2,88,9.25,1012,54.125,27,22,24,176,356,293,0,5,10.2,météo très défavorable
2013-09-28,26,0,10,23,26,23,8.6,87,9.375,1011,46.875,28,22,23,293,353,356,0,5,11.6,météo très défavorable
2013-09-29,29,0,10,23,29,25,2.7,87,9.25,1009,37.625,31,23,23,263,113,113,0,5,11.6,météo favorable
2013-09-30,27,0,13,22,27,25,1.4,90,10,1009,24.375,30,23,22,113,113,353,0,6,11.6,météo favorable
2013-10-01,28,0,7,23,28,24,9.6,86,9.125,1012,42,30,22,23,356,116,176,0,5,11.6,météo très défavorable
2013-10-02,25,0,7,23,24,23,5.7,88,9.25,1013,66.125,27,22,23,176,302,296,0,5,7.4,météo très défavorable
2013-10-03,23,0,9,22,23,23,8.5,91,8.875,1013,76.625,25,22,22,353,302,293,0,5,7.4,météo très défavorable
2013-10-04,28,0,15,23,28,24,10,83,9.25,1011,37.875,31,23,23,116,113,356,0,5,11.6,météo très défavorable
2013-10-05,29,0,12,24,29,25,0.8,74,9.875,1009,26.125,31,22,24,113,113,176,0,6,11.6,météo favorable
2013-10-06,28,0,13,24,28,25,2,79,9.875,1009,30.5,31,22,24,113,113,353,0,5,11.6,météo favorable
2013-10-07,27,0,10,23,26,24,6.1,87,9.5,1009,37.375,30,23,23,116,356,353,0,5,11.6,météo très défavorable
2013-10-08,28,0,10,23,28,24,2.9,86,9.5,1010,54.75,30,22,24,176,116,119,0,5,11.6,météo favorable
2013-10-09,28,0,14,22,28,25,2.4,89,10,1010,43.75,31,23,22,116,113,353,0,6,11.6,météo favorable
2013-10-10,26,0,11,23,26,24,7.4,90,9.5,1011,44.375,29,23,23,116,176,356,0,5,11.6,météo favorable
2013-10-11,27,0,10,23,27,25,5,90,9.5,1010,44.75,29,22,23,176,353,116,0,5,10.2,météo très défavorable
2013-10-12,27,0,12,23,27,24,8.4,88,9.375,1010,29.5,29,22,23,176,176,113,0,5,11.6,météo très défavorable
2013-10-13,27,0,7,23,27,22,3.6,83,9.375,1011,28.125,29,21,23,176,176,113,0,5,11.6,météo favorable
2013-10-14,27,0,15,24,27,23,2.3,80,9.75,1012,17.25,30,21,24,176,113,113,0,5,11.6,météo favorable
2013-10-15,28,0,9,23,28,23,2.1,89,9.875,1013,8.25,30,22,23,176,113,113,0,6,11.6,météo favorable
2013-10-16,28,0,10,23,28,25,0,83,10,1012,13.375,30,22,23,113,113,113,0,6,11.6,météo favorable
2013-10-17,28,0,11,24,27,23,1.5,84,9.75,1012,17,30,23,24,113,113,176,0,5,11.6,météo favorable
2013-10-18,28,0,13,24,27,25,0.9,82,9.875,1011,17,30,22,24,113,176,116,0,6,11.6,météo favorable
2013-10-19,27,0,8,22,27,24,1.8,91,9.75,1010,16.25,29,22,22,113,176,113,0,5,11.6,météo favorable
2013-10-20,28,0,6,22,28,23,0.7,89,9.875,1010,13.25,30,22,22,113,113,113,0,5,11.6,météo favorable
2013-10-21,26,0,8,23,26,24,5.2,91,9.375,1009,20.375,29,22,23,176,176,113,0,5,11.6,météo favorable
2013-10-22,28,0,6,24,28,24,6.3,87,9.25,1010,26.625,30,22,24,176,176,176,0,5,11.6,météo favorable
2013-10-23,27,0,6,23,27,24,2.8,89,9.625,1010,22.125,29,21,23,113,176,176,0,5,11.6,météo favorable
2013-10-24,27,0,5,23,27,23,2.5,85,9.75,1010,21.375,29,21,23,176,176,116,0,6,11.6,météo favorable
2013-10-25,27,0,5,23,27,23,1.8,85,9.75,1011,35.5,29,20,23,176,176,116,0,6,11.6,météo favorable
2013-10-26,28,0,6,22,28,24,0.4,82,9.25,1012,34.25,29,21,22,263,113,176,0,6,11.6,météo favorable
2013-10-27,27,0,7,23,27,24,2.6,87,9.75,1012,41.25,29,22,23,176,353,293,0,6,11.6,météo très défavorable
2013-10-28,26,0,6,23,26,24,7.7,86,9.5,1012,55.75,28,21,24,176,293,299,0,6,10.2,météo très défavorable
2013-10-29,26,0,10,23,26,24,6.6,90,8.25,1012,65,29,22,23,296,263,263,0,5,8.8,météo très défavorable
2013-10-30,26,0,8,23,25,25,6.7,89,9,1012,50,28,22,23,353,263,353,0,5,11.6,météo très défavorable
2013-10-31,25,0,6,23,25,23,5.7,87,9.375,1013,59.5,27,21,23,356,293,116,0,5,10.2,météo très défavorable
2013-11-01,26,0,6,23,26,25,0.3,88,9.375,1012,53.5,29,22,23,263,116,116,0,6,10.2,météo favorable
2013-11-02,26,0,10,23,26,24,7.3,90,8.625,1011,42.25,28,23,23,263,356,356,0,6,11.6,météo très défavorable
2013-11-03,27,0,11,23,27,24,3.4,87,8.625,1010,65,30,23,23,266,176,176,0,5,10.2,météo très défavorable
2013-11-04,25,0,8,23,25,24,16.7,91,8,1011,66.25,28,22,23,302,293,263,0,5,8.8,météo très défavorable
2013-11-05,27,0,12,23,27,24,4.9,90,9.625,1010,24.5,30,22,23,113,176,299,0,6,11.6,météo favorable
2013-11-06,28,0,11,24,28,25,9.7,86,9.25,1009,31.125,31,23,24,113,176,305,0,6,11.6,météo très défavorable
2013-11-07,27,0,6,24,26,25,4.7,87,9.625,1008,46,30,23,24,293,293,353,0,5,11.6,météo très défavorable
2013-11-08,27,0,20,25,26,25,2.7,81,9.625,1009,26.75,29,22,25,176,176,176,0,6,11.6,météo favorable
2013-11-09,26,0,9,23,26,25,5,87,9.875,1010,52.875,28,21,23,293,353,116,0,5,11.6,météo très défavorable
2013-11-10,28,0,12,23,28,25,11.3,80,9.5,1008,33,30,23,23,113,113,305,0,6,11.6,météo très défavorable
2013-11-11,26,0,10,24,26,24,4.6,85,9.5,1008,33.125,29,23,24,176,353,356,0,6,11.6,météo très défavorable
2013-11-12,27,0,12,22,27,24,3,88,9.75,1008,28.5,30,22,22,113,116,176,0,5,11.6,météo favorable
2013-11-13,24,0,6,24,23,23,9.3,88,9.5,1010,44.875,26,21,24,353,305,116,0,6,10.2,météo très défavorable
2013-11-14,27,0,12,24,27,24,0.4,72,9.875,1010,18.875,29,21,24,113,113,176,0,6,11.6,météo favorable
2013-11-15,27,0,12,23,27,25,0,84,10,1010,29.875,29,22,23,116,116,116,0,6,11.6,météo favorable
2013-11-16,25,0,10,25,25,24,0.7,83,8.75,1010,35.75,27,22,25,263,263,113,0,6,11.6,météo très défavorable
2013-11-17,27,0,9,23,27,24,0.9,88,9.875,1009,22.25,29,21,23,113,113,176,0,6,11.6,météo favorable
2013-11-18,27,0,9,23,27,24,0.4,75,9.875,1009,22.125,29,21,23,113,113,113,0,5,11.6,météo favorable
2013-11-19,27,0,8,23,27,25,0,86,10,1010,28.5,29,22,23,116,113,113,0,6,11.6,météo favorable
2013-11-20,27,0,9,23,27,24,3.7,87,9.75,1010,22.625,30,22,23,113,113,176,0,5,11.6,météo favorable
2013-11-21,27,0,11,22,27,24,0.6,89,9.875,1009,16.5,29,21,22,113,176,113,0,6,11.6,météo favorable
2013-11-22,27,0,8,22,27,24,1.3,88,9.75,1009,15.625,29,21,22,113,176,176,0,6,11.6,météo favorable
2013-11-23,27,0,8,21,27,24,1,87,9.75,1010,20.25,29,20,21,113,176,113,0,5,11.6,météo favorable
2013-11-24,27,0,12,24,27,25,0,82,10,1010,27.5,29,20,24,116,116,113,0,6,11.6,météo favorable
2013-11-25,28,0,7,23,28,24,1,81,9.875,1009,23.125,30,21,23,113,113,176,0,6,11.6,météo favorable
2013-11-26,27,0,9,23,27,24,2.5,90,9.875,1008,42.875,30,22,24,113,176,353,0,6,11.6,météo favorable
2013-11-27,27,0,11,24,27,25,1.3,85,9.625,1010,28.125,29,22,24,176,176,176,0,6,11.6,météo favorable
2013-11-28,27,0,8,24,27,24,1.5,84,9.75,1012,24.75,29,21,24,113,176,176,0,6,11.6,météo favorable
2013-11-29,27,0,8,23,27,24,0,84,10,1011,39.5,29,21,23,116,116,116,0,6,11.6,météo favorable
2013-11-30,26,0,9,23,26,24,0.3,84,9.375,1011,44.75,28,21,23,263,116,116,0,6,10.2,météo favorable
2013-12-01,28,0,9,23,28,25,0,89,10,1011,25,30,22,23,116,113,113,0,6,11.6,météo favorable
2013-12-02,27,0,8,24,27,25,3.6,88,9.5,1010,37.875,30,22,24,356,176,116,0,7,11.6,météo favorable
2013-12-03,28,0,7,24,28,24,1.2,87,9.875,1010,22,30,22,24,176,113,113,0,6,11.6,météo favorable
2013-12-04,28,0,9,24,28,25,0,81,10,1009,14.375,30,22,24,113,113,113,0,6,11.6,météo favorable
2013-12-05,28,0,7,24,28,25,0,88,10,1008,20.75,31,22,24,113,113,116,0,6,11.6,météo favorable
2013-12-06,27,0,7,23,27,25,3.5,90,9.75,1009,34.125,30,22,24,353,176,176,0,6,12.5,météo favorable
2013-12-07,26,0,8,24,26,24,11.2,88,8.875,1010,57.875,29,22,24,359,116,293,0,5,9.2,météo très défavorable
2013-12-08,27,0,5,23,27,24,0.4,87,9,1010,63.125,29,21,23,266,116,116,0,5,12.5,météo très défavorable
2013-12-09,27,0,8,22,27,25,1.2,88,9.875,1009,25.5,30,22,22,113,113,176,0,6,12.5,météo favorable
2013-12-10,28,0,9,23,28,24,0.9,87,9.875,1009,26.5,30,22,23,113,113,113,0,5,12.5,météo favorable
2013-12-11,28,0,6,23,28,24,0,84,10,1009,25.875,30,21,23,116,113,116,0,6,12.5,météo favorable
2013-12-12,28,0,8,23,28,24,0,82,10,1009,23.25,29,21,23,116,113,113,0,6,12.5,météo favorable
2013-12-13,27,0,6,22,27,24,1.3,84,9.875,1009,24.875,29,21,22,113,176,113,0,6,12.5,météo favorable
2013-12-14,28,0,8,23,28,24,0,84,10,1010,23.25,30,21,23,113,113,116,0,6,12.5,météo favorable
2013-12-15,27,0,6,23,27,24,0.1,82,10,1009,36.875,29,21,23,116,116,116,0,6,12.5,météo favorable
2013-12-16,28,0,9,23,28,25,0.9,82,9.875,1009,26.75,30,21,23,116,113,113,0,5,12.5,météo favorable
2013-12-17,28,0,13,25,28,25,0.9,83,9.25,1008,41.625,31,22,25,116,263,176,0,6,12.5,météo très défavorable
2013-12-18,26,0,6,23,26,25,0.8,86,9.25,1009,44.75,28,21,23,263,116,116,0,5,12.5,météo favorable
2013-12-19,28,0,11,25,28,25,0.3,80,9.375,1011,47.75,30,21,25,116,116,263,0,7,12.5,météo favorable
2013-12-20,28,0,12,23,28,25,0,87,10,1010,39.25,30,22,23,116,113,116,0,6,12.5,météo favorable
2013-12-21,27,0,8,24,27,25,0.4,85,9.875,1010,41.25,29,22,24,116,116,176,0,6,12.5,météo favorable
2013-12-22,26,0,11,25,26,24,0.2,83,9.875,1010,61.25,28,22,25,176,116,119,0,5,10.5,météo très défavorable
2013-12-23,27,0,4,22,27,25,0,89,10,1010,38.125,29,22,22,116,116,116,0,6,12.5,météo favorable
2013-12-24,28,0,7,23,28,25,0,86,10,1011,33.875,30,21,23,116,116,116,0,6,12.5,météo favorable
2013-12-25,28,0,7,22,28,25,0,86,10,1010,13.5,30,21,22,113,113,113,0,6,12.5,météo favorable
2013-12-26,27,0,11,25,27,25,0.7,83,9.875,1010,35.25,30,22,25,116,176,116,0,6,12.5,météo favorable
2013-12-27,26,0,8,25,26,25,0,84,10,1010,66.375,28,22,25,116,119,116,0,5,11.7,météo très défavorable
2013-12-28,27,0,14,24,27,24,7.7,84,7.875,1010,72.375,29,22,24,263,176,356,0,5,11.7,météo très défavorable
2013-12-29,27,0,10,23,27,25,10.6,87,9.125,1010,43.375,30,24,23,176,113,356,0,5,12.1,météo très défavorable
2013-12-30,26,0,8,24,26,25,6.5,85,9.375,1011,42,29,23,24,176,353,356,0,5,10.2,météo très défavorable
2013-12-31,25,0,6,24,24,24,21,90,8.25,1011,68.875,27,23,24,299,356,299,0,5,10.2,météo très défavorable
2014-01-01,25,0,17,24,25,24,0,88,10,1012,57.625,27,22,24,116,116,116,0,5,10.2,météo très défavorable
2014-01-02,26,0,8,24,26,25,1.1,83,9.875,1011,25,29,22,24,113,113,176,0,6,11.6,météo favorable
2014-01-03,27,0,8,22,27,25,1.2,87,10,1011,27.875,29,22,22,116,113,353,0,6,11.6,météo favorable
2014-01-04,27,0,10,23,27,25,3,88,9.625,1010,42,30,23,23,356,116,116,0,6,11.6,météo favorable
2014-01-05,27,0,8,22,27,25,5.8,90,9.625,1010,27.75,30,23,22,176,176,176,0,6,11.6,météo favorable
2014-01-06,27,0,8,22,27,25,2.2,90,9.75,1009,37.375,29,22,22,176,176,116,0,6,11.6,météo favorable
2014-01-07,27,0,9,23,27,24,4.1,88,9.5,1009,35.75,29,22,23,113,176,356,0,6,11.6,météo favorable
2014-01-08,26,0,12,24,26,25,13.8,86,8.375,1009,62.875,29,22,24,263,176,308,0,5,8.8,météo très défavorable
2014-01-09,26,0,6,23,25,25,4,85,9.125,1010,59.125,28,22,23,293,293,353,0,5,10.2,météo très défavorable
2014-01-10,28,0,10,23,28,25,5.8,84,9.5,1009,34.25,30,23,23,113,113,356,0,5,11.6,météo favorable
2014-01-11,28,0,9,23,28,25,3.9,85,9.5,1009,47.75,30,22,23,113,116,176,0,5,10.2,météo favorable
2014-01-12,26,0,10,24,26,24,7.4,87,9.375,1009,48,28,23,24,176,353,356,0,5,8.8,météo très défavorable
2014-01-13,26,0,14,24,26,24,5.4,88,9.125,1009,53.875,28,22,24,116,353,299,0,5,8.8,météo très défavorable
2014-01-14,27,0,10,23,27,25,1,87,9.25,1009,28.625,29,22,23,176,113,113,0,5,11.6,météo favorable
2014-01-15,27,0,6,23,27,25,0.4,82,9.875,1010,27.125,29,21,23,113,116,116,0,5,11.6,météo favorable
2014-01-16,26,0,11,24,26,24,2.9,81,9.75,1010,49.375,29,22,24,116,116,299,0,6,10.2,météo favorable
2014-01-17,25,0,4,23,25,24,5.4,91,9.375,1010,76.375,28,23,23,119,293,296,0,5,7.4,météo très défavorable
2014-01-18,26,0,12,23,25,24,2.2,91,8.875,1011,77.875,28,22,23,296,266,116,0,5,8.8,météo très défavorable
2014-01-19,27,0,9,22,27,24,0,89,10,1011,35.125,30,22,22,113,113,116,0,6,11.6,météo favorable
2014-01-20,27,0,9,23,27,24,0.9,90,10,1011,38.875,30,23,23,116,113,116,0,5,10.2,météo favorable
2014-01-21,26,0,8,24,26,24,1.5,86,10,1010,54.75,29,23,24,116,116,353,0,6,8.8,météo favorable
2014-01-22,27,0,12,23,27,24,4.6,86,9,1010,64.25,30,23,23,116,263,302,0,6,8.8,météo très défavorable
2014-01-23,27,0,12,23,27,25,0,87,10,1010,44.75,30,23,23,116,113,119,0,6,10.2,météo favorable
2014-01-24,27,0,8,22,27,25,0,88,10,1009,28.25,29,23,23,116,113,116,0,6,11.6,météo favorable
2014-01-25,27,0,15,25,27,25,5,79,9.75,1010,42.75,30,22,25,116,116,299,0,7,11.6,météo favorable
2014-01-26,26,0,10,23,25,24,1.4,84,9.875,1010,62.875,28,22,23,116,119,296,0,6,6.1,météo très défavorable
2014-01-27,26,0,17,23,26,24,1.3,87,9.25,1009,47.25,28,22,24,176,263,116,0,6,10.2,météo très défavorable
2014-01-28,26,0,20,24,26,25,1.7,82,9.875,1010,40.5,29,23,24,116,116,176,0,6,11.6,météo favorable
2014-01-29,28,0,19,24,28,25,0.7,81,9.875,1009,11.625,30,22,24,113,113,176,0,6,11.6,météo favorable
2014-01-30,28,0,18,24,28,25,0,83,10,1009,20.75,30,22,24,113,113,116,0,6,11.6,météo favorable
2014-01-31,28,0,10,23,28,25,0,85,10,1010,19.375,30,22,23,113,113,116,0,6,11.6,météo favorable
2014-02-01,27,0,15,24,27,25,0,88,10,1010,22.125,29,22,24,116,113,113,0,6,11.6,météo favorable
2014-02-02,27,0,17,23,27,25,0,73,10,1009,11.75,29,22,23,113,113,113,0,6,11.6,météo favorable
2014-02-03,27,0,18,23,27,24,0,79,10,1009,8.5,29,21,23,113,113,113,0,6,11.6,météo favorable
2014-02-04,27,0,17,23,27,24,0,74,10,1008,7.75,29,21,23,113,113,113,0,6,11.6,météo favorable
2014-02-05,27,0,13,23,27,25,0,81,10,1009,6.75,29,21,23,113,113,113,0,6,11.6,météo favorable
2014-02-06,27,0,9,22,27,25,0,90,10,1008,16.5,29,22,22,113,113,113,0,6,11.6,météo favorable
2014-02-07,27,0,10,23,27,24,0.4,91,9.875,1007,24.125,29,22,23,116,113,116,0,5,11.6,météo favorable
2014-02-08,28,0,13,23,28,25,1.3,92,9.875,1008,18.5,30,22,23,113,113,113,0,5,11.6,météo favorable
2014-02-09,27,0,10,22,27,25,0,86,10,1008,11.625,30,22,22,113,113,113,0,6,11.6,météo favorable
2014-02-10,25,0,7,23,24,24,3.3,86,9.75,1009,41.125,27,22,23,176,293,353,0,6,10.2,météo très défavorable
2014-02-11,26,0,6,23,26,24,4.9,86,9.625,1008,53.375,28,21,23,296,176,353,0,5,11.6,météo favorable
2014-02-12,27,0,8,23,27,25,0.7,89,9.875,1009,33.5,29,21,23,176,116,116,0,6,11.6,météo favorable
2014-02-13,27,0,9,23,27,25,0,85,10,1011,25.5,29,21,23,116,113,113,0,6,11.6,météo favorable
2014-02-14,26,0,14,24,26,24,0,84,10,1011,43.75,28,21,24,116,116,116,0,6,11.6,météo favorable
2014-02-15,27,0,9,24,27,24,0,74,10,1011,31.375,29,20,24,116,113,113,0,6,11.6,météo favorable
2014-02-16,27,0,9,23,27,24,0,90,10,1012,23.625,29,21,23,116,113,113,0,6,11.6,météo favorable
2014-02-17,26,0,16,23,26,24,0,85,10,1012,16,28,21,23,113,113,113,0,6,11.6,météo favorable
2014-02-18,27,0,20,23,27,25,0,75,10,1012,24.5,29,21,23,113,113,116,0,6,11.6,météo favorable
2014-02-19,27,0,14,24,27,25,0,77,10,1011,33.75,29,21,24,116,113,116,0,6,11.6,météo favorable
2014-02-20,28,0,14,24,28,24,0,81,10,1012,55.5,30,22,24,116,116,119,0,6,8.8,météo très défavorable
2014-02-21,27,0,17,23,27,25,0,82,10,1012,52.75,29,22,23,116,116,116,0,6,10.2,météo favorable
2014-02-22,28,0,16,24,28,25,0,82,10,1011,30.25,30,23,24,113,113,116,0,6,11.6,météo favorable
2014-02-23,27,0,13,24,27,25,0.7,80,9.875,1012,24,29,22,24,113,113,113,0,5,11.6,météo favorable
2014-02-24,28,0,17,22,28,25,0.8,83,9.875,1011,14.75,30,22,23,113,113,176,0,6,11.6,météo favorable
2014-02-25,27,0,15,24,27,24,7.8,79,9.25,1012,36.625,29,22,24,176,176,356,0,6,11.6,météo favorable
2014-02-26,28,0,17,22,28,26,1.4,83,9.875,1012,38.5,30,22,23,116,116,176,0,6,11.6,météo favorable
2014-02-27,27,0,18,23,27,25,4.6,88,9.625,1012,27.25,30,22,23,176,176,353,0,6,11.6,météo favorable
2014-02-28,27,0,14,24,27,25,4.6,83,9.625,1012,24,29,22,24,176,176,116,0,5,11.6,météo favorable
2014-03-01,26,0,14,24,26,24,12.2,88,9,1011,30.25,29,23,24,176,176,356,0,5,11.6,météo très défavorable
2014-03-02,26,0,16,24,26,25,7.1,84,9.375,1011,29.75,29,23,24,176,176,116,0,5,11.6,météo favorable
2014-03-03,26,0,16,24,26,25,5.5,90,9.625,1011,38,28,23,24,356,116,116,0,5,11.6,météo favorable
2014-03-04,27,0,18,24,27,25,3,86,9.75,1012,40.125,29,22,24,176,176,119,0,5,10.2,météo favorable
2014-03-05,27,0,20,24,27,25,2.4,81,9.625,1011,30.75,30,23,24,176,176,176,0,6,11.6,météo favorable
2014-03-06,25,0,22,23,25,24,5.4,85,9.625,1011,31.5,28,22,23,116,176,176,0,5,11.6,météo favorable
2014-03-07,25,0,22,24,25,24,3.4,86,9.875,1012,35.375,28,22,24,116,176,353,0,6,11.6,météo favorable
2014-03-08,26,0,19,23,26,24,2.8,85,9.75,1012,20.25,28,22,23,113,176,176,0,6,11.6,météo favorable
2014-03-09,26,0,13,24,25,24,0,84,10,1012,28.75,28,22,24,113,116,116,0,6,11.6,météo favorable
2014-03-10,27,0,14,23,27,24,0.3,85,10,1013,25.125,29,21,23,113,113,353,0,6,11.6,météo favorable
2014-03-11,25,0,10,23,25,24,4.1,90,9.75,1013,32.625,27,22,23,299,116,116,0,6,11.6,météo favorable
2014-03-12,25,0,8,23,25,24,0,88,10,1012,29.25,28,22,23,116,116,113,0,6,11.6,météo favorable
2014-03-13,27,0,13,20,27,25,0,90,10,1012,11.375,29,22,20,113,113,113,0,6,11.6,météo favorable
2014-03-14,27,0,11,20,27,24,0,91,10,1013,5.875,29,21,20,113,113,113,0,6,11.6,météo favorable
2014-03-15,27,0,10,20,27,24,0.1,88,10,1013,15.25,29,21,20,113,113,113,0,6,11.6,météo favorable
2014-03-16,26,0,14,24,26,24,0.6,79,9.875,1013,32,29,22,24,116,113,176,0,6,11.6,météo favorable
2014-03-17,27,0,12,24,27,25,0.4,82,9.375,1013,25.5,29,22,24,113,113,113,0,5,11.6,météo favorable
2014-03-18,27,0,10,22,27,24,4.2,90,9.875,1012,36.125,29,23,23,113,116,353,0,5,11.6,météo favorable
2014-03-19,28,0,12,22,28,25,3.6,88,9.625,1010,27.25,30,23,22,113,113,116,0,5,11.6,météo favorable
2014-03-20,25,0,8,24,25,23,20.9,91,8.875,1010,82.125,27,22,24,293,356,308,0,5,6,météo très défavorable
2014-03-21,27,0,12,22,27,24,4.4,92,9,1009,54.75,30,23,22,263,176,299,0,5,11.6,météo favorable
2014-03-22,26,0,9,23,26,24,11.3,91,8.5,1010,56.375,28,22,23,302,263,176,0,5,10.2,météo très défavorable
2014-03-23,27,0,9,23,27,24,1,89,9.125,1012,47,29,21,23,176,116,263,0,5,11.6,météo favorable
2014-03-24,26,0,5,22,26,25,2.1,82,9.25,1011,54.125,27,21,22,116,116,116,0,5,11.6,météo favorable
2014-03-25,27,0,11,24,27,25,7.7,85,9.5,1011,58.5,29,22,24,305,299,356,0,5,8.8,météo très défavorable
2014-03-26,27,0,9,24,27,25,6.2,84,9.625,1011,66,29,22,24,299,176,356,0,5,7.4,météo très défavorable
2014-03-27,26,0,7,25,26,25,0,84,10,1011,36,29,22,25,116,116,116,0,6,11.6,météo favorable
2014-03-28,27,0,7,22,27,25,3.5,90,9.5,1011,26,30,22,22,176,113,116,0,5,11.6,météo favorable
2014-03-29,28,0,6,23,27,25,1,88,9.75,1011,23.5,30,22,23,176,176,113,0,6,11.6,météo favorable
2014-03-30,27,0,9,23,27,25,3.4,85,9.625,1012,17.875,29,22,23,113,176,176,0,5,11.6,météo favorable
2014-03-31,26,0,11,24,26,25,2.3,88,9.625,1011,26.125,29,23,24,176,176,176,0,6,11.6,météo favorable
2014-04-01,26,0,18,24,26,24,7.6,88,9.25,1010,35.75,29,22,24,176,176,176,0,5,11.6,météo favorable
2014-04-02,24,0,11,24,24,24,6.1,88,8.875,1010,63.125,27,22,24,293,302,263,0,5,8.8,météo très défavorable
2014-04-03,27,0,12,24,27,25,0.3,74,10,1010,17.125,29,22,24,113,113,113,0,6,11.6,météo favorable
2014-04-04,27,0,15,24,27,25,3,88,9.625,1010,18.5,30,22,24,113,176,176,0,5,11.6,météo favorable
2014-04-05,27,0,15,24,27,25,4,84,9.5,1011,33.5,30,22,24,176,176,176,0,5,11.6,météo favorable
2014-04-06,28,0,12,24,28,25,8.7,90,9.375,1011,54.25,31,24,24,296,176,356,0,7,10.2,météo très défavorable
2014-04-07,27,0,9,24,27,24,10.5,88,8.875,1010,43.75,30,23,24,263,353,356,0,5,11.6,météo très défavorable
2014-04-08,27,0,11,24,27,25,9.9,88,9.125,1010,47.25,29,23,24,353,116,359,0,6,10.2,météo très défavorable
2014-04-09,26,0,9,23,26,25,0.2,88,9.375,1010,43.5,29,22,23,116,116,116,0,5,11.6,météo favorable
2014-04-10,28,0,10,23,28,25,0.7,88,9.875,1011,39.375,31,22,23,176,113,116,0,6,11.6,météo favorable
2014-04-11,28,0,14,23,28,24,3.3,90,9.5,1009,37.875,31,24,23,176,113,356,0,6,11.6,météo favorable
2014-04-12,27,0,9,23,27,24,0.4,85,9.875,1010,38,30,22,23,176,113,116,0,6,11.6,météo favorable
2014-04-13,26,0,8,24,25,25,4.5,87,9.5,1010,46.25,29,22,24,356,116,116,0,5,11.6,météo favorable
2014-04-14,27,0,10,24,27,24,1.1,90,9.25,1010,39.5,29,23,24,263,176,113,0,5,11.6,météo favorable
2014-04-15,27,0,12,22,27,25,1.2,90,9.75,1011,30.375,30,23,23,176,176,116,0,6,11.6,météo favorable
2014-04-16,27,0,10,23,27,24,1.1,91,9.75,1010,48.5,30,23,23,116,116,293,0,5,11.6,météo favorable
2014-04-17,27,0,9,23,27,25,2.5,89,9.875,1011,35.125,29,22,23,116,116,116,0,5,11.6,météo favorable
2014-04-18,27,0,9,23,27,25,0,90,10,1010,25.375,30,23,23,116,113,116,0,6,11.6,météo favorable
2014-04-19,27,0,11,23,27,25,6.6,90,9,1010,28.25,30,23,23,176,176,356,0,5,12.1,météo favorable
2014-04-20,27,0,8,22,27,25,3.7,89,9.625,1009,19.5,30,23,22,113,176,176,0,5,12.1,météo favorable
2014-04-21,27,0,7,23,27,25,10.7,91,8.875,1011,25.125,30,23,23,176,113,176,0,5,12.1,météo très défavorable
2014-04-22,27,0,11,23,27,25,0.1,91,10,1011,20,29,22,23,113,113,113,0,6,12.1,météo favorable
2014-04-23,27,0,12,24,27,25,0.7,88,10,1011,15.125,29,23,24,113,113,113,0,6,12.1,météo favorable
2014-04-24,28,0,19,24,28,25,1.6,84,9.875,1011,16.375,30,23,24,176,113,113,0,6,12.5,météo favorable
2014-04-25,27,0,10,24,27,25,5.4,83,9.625,1010,27,30,23,24,113,113,356,0,6,12.5,météo favorable
2014-04-26,27,0,9,25,27,25,9.7,88,9.5,1010,51.375,30,23,25,353,176,353,0,5,12.5,météo très défavorable
2014-04-27,27,0,8,22,27,25,6.5,91,9.375,1011,36.75,30,23,22,176,176,356,0,5,12.5,météo favorable
2014-04-28,27,0,9,22,27,25,3.6,90,9.625,1011,28.5,30,23,22,176,176,176,0,5,12.5,météo favorable
2014-04-29,27,0,7,24,27,25,3.6,89,9.75,1011,32.25,30,22,24,176,113,116,0,5,12.5,météo favorable
2014-04-30,26,0,5,24,26,25,9.5,89,9.375,1011,50.125,28,22,24,299,116,116,0,5,12.4,météo très défavorable
2014-05-01,26,0,9,24,26,25,3.9,89,9.625,1012,31.75,29,22,24,356,116,113,0,6,12.5,météo favorable
2014-05-02,26,0,10,24,26,25,1.6,87,9.875,1012,25.375,29,23,24,176,113,116,0,6,12.5,météo favorable
2014-05-03,27,0,11,24,27,25,2,87,9.625,1012,16.75,30,22,24,176,113,176,0,5,12.5,météo favorable
2014-05-04,27,0,8,24,27,25,4.2,87,9.5,1011,13.375,30,22,24,113,113,176,0,6,12.5,météo favorable
2014-05-05,27,0,9,24,27,25,11.8,89,8.875,1012,30.5,29,22,24,176,116,176,0,5,12.5,météo très défavorable
2014-05-06,27,0,12,23,27,25,0,92,10,1012,16,30,23,24,116,113,113,0,6,12.5,météo favorable
2014-05-07,28,0,11,21,28,24,0,90,10,1012,8.5,30,22,21,113,113,113,0,6,12.5,météo favorable
2014-05-08,28,0,10,22,28,25,1.4,88,9.875,1010,15.875,30,22,22,113,113,176,0,6,12.5,météo favorable
2014-05-09,28,0,7,24,28,25,5.1,83,9.5,1011,24.875,30,22,24,176,176,176,0,5,12.5,météo favorable
2014-05-10,27,0,6,22,27,24,1.6,87,9.75,1011,32.625,29,21,22,116,176,116,0,5,12.5,météo favorable
2014-05-11,26,0,8,23,26,25,2.6,86,9.375,1012,51.375,28,21,23,263,353,116,0,5,11.8,météo très défavorable
2014-05-12,26,0,7,24,26,24,0.6,87,9.75,1012,28,28,22,24,116,176,116,0,5,12.4,météo favorable
2014-05-13,28,0,11,23,28,25,1.8,83,9.625,1012,21.375,31,22,23,116,176,176,0,5,12.4,météo favorable
2014-05-14,27,0,7,22,27,25,2.5,88,9.625,1011,22,29,21,22,113,176,176,0,5,12.4,météo favorable
2014-05-15,24,0,9,24,24,23,9.8,88,9.5,1011,53.25,26,22,24,299,299,116,0,5,11.8,météo très défavorable
2014-05-16,27,0,9,22,27,25,2.5,89,9.625,1011,29.75,29,22,22,176,176,176,0,6,12.4,météo favorable
2014-05-17,27,0,11,23,27,25,8.7,89,9.25,1011,41.75,30,23,23,176,176,356,0,6,12.4,météo très défavorable
2014-05-18,27,0,7,24,27,25,4.9,90,9,1011,48.875,29,23,24,356,353,263,0,6,12.4,météo très défavorable
2014-05-19,28,0,7,24,28,25,0.1,84,10,1011,24.625,30,22,24,116,113,113,0,6,12.4,météo favorable
2014-05-20,28,0,9,24,27,26,2.8,88,9.75,1011,26.125,30,23,24,176,113,113,0,5,12.5,météo favorable
2014-05-21,26,0,5,24,26,25,12.3,88,8.375,1010,39.125,29,22,24,176,353,263,0,5,12.5,météo très défavorable
2014-05-22,27,0,8,24,27,25,6.3,88,8.375,1011,59.125,29,22,24,302,263,263,0,6,11.8,météo très défavorable
2014-05-23,28,0,6,24,28,25,2.9,84,9.625,1012,31.125,31,22,24,293,113,176,0,5,12.5,météo favorable
2014-05-24,27,0,7,24,27,25,0.4,87,9.875,1011,18.25,30,23,24,113,113,113,0,6,12.5,météo favorable
2014-05-25,27,0,7,23,27,24,7.5,90,9.25,1012,23.875,30,23,23,176,176,176,0,5,12.5,météo favorable
2014-05-26,27,0,7,23,26,25,2,84,8,1013,45.625,29,22,23,263,263,263,0,5,12.4,météo très défavorable
2014-05-27,28,0,13,25,28,25,0.3,84,9.375,1011,25,30,22,25,113,113,113,0,5,12.4,météo favorable
2014-05-28,28,0,10,21,28,24,0,89,10,1010,12.875,30,21,21,113,113,113,0,6,12.4,météo favorable
2014-05-29,27,0,8,22,27,24,1.1,90,9.75,1010,16.625,30,22,22,113,176,176,0,6,12.4,météo favorable
2014-05-30,27,0,8,23,27,24,1.4,84,9.75,1010,23.75,29,21,23,113,176,176,0,6,12.4,météo favorable
2014-05-31,27,0,5,21,26,24,2,89,9.75,1010,21.25,29,22,21,113,176,176,0,6,12.5,météo favorable
2014-06-01,28,0,6,21,28,24,1.2,89,9.875,1010,24.5,30,22,21,113,116,113,0,5,12.5,météo favorable
2014-06-02,27,0,8,23,27,24,2,91,9.625,1009,22,29,22,23,176,176,176,0,6,12.5,météo favorable
2014-06-03,26,0,6,24,26,25,1.4,91,9.75,1009,21.625,29,23,24,176,176,113,0,6,12,météo favorable
2014-06-04,26,0,6,24,26,24,2.7,92,9.625,1009,22.25,29,23,24,113,176,176,0,5,12,météo favorable
2014-06-05,27,0,7,22,27,24,3,88,9.625,1008,22.375,30,22,22,176,113,176,0,5,12,météo favorable
2014-06-06,27,0,12,24,27,24,6.7,86,9.375,1008,21.875,30,22,24,356,176,113,0,5,12.1,météo favorable
2014-06-07,27,0,6,23,27,24,3.5,87,9.625,1008,29.125,30,22,23,176,176,353,0,6,12.1,météo favorable
2014-06-08,27,0,9,23,27,25,2.1,89,9.5,1008,30.375,30,22,23,176,176,176,0,5,11.6,météo favorable
2014-06-09,28,0,15,24,28,25,3.2,88,9.75,1008,25.375,31,22,24,113,113,176,0,5,11.6,météo favorable
2014-06-10,27,0,10,25,27,25,2.6,82,9.5,1008,20.875,30,22,25,176,176,176,0,6,11.6,météo favorable
2014-06-11,27,0,4,24,27,24,3.4,91,9.5,1008,22.125,30,22,24,176,176,176,0,5,11.6,météo favorable
2014-06-12,27,0,7,22,27,24,0.2,87,9.375,1008,36.625,29,22,22,116,263,116,0,6,11.6,météo très défavorable
2014-06-13,26,0,6,23,26,24,5.6,85,9.375,1009,48.625,29,22,23,176,356,176,0,5,10.2,météo très défavorable
2014-06-14,26,0,6,23,25,23,4.5,87,9.5,1011,66.875,28,21,23,116,302,293,0,5,6,météo très défavorable
2014-06-15,26,0,9,23,25,24,2,89,8.625,1011,68.25,29,22,23,263,293,263,0,5,8.8,météo très défavorable
2014-06-16,27,0,7,23,27,24,4.1,88,8.875,1011,47.75,29,22,23,116,176,356,0,5,8.8,météo favorable
2014-06-17,27,0,12,23,27,25,0.3,89,9.875,1011,26.25,30,22,23,116,113,116,0,5,11.6,météo favorable
2014-06-18,27,0,10,22,27,25,0.4,88,9.875,1012,20.375,29,22,22,113,113,176,0,6,11.6,météo favorable
2014-06-19,25,0,10,23,25,24,5.4,90,8.375,1012,51.375,28,22,23,299,263,263,0,5,10.2,météo très défavorable
2014-06-20,26,0,11,24,26,25,1.9,87,10,1012,55.5,29,22,24,116,116,353,0,5,10.2,météo très défavorable
2014-06-21,27,0,8,23,27,24,1.7,84,9.25,1013,35.25,29,21,23,116,113,176,0,5,11.6,météo favorable
2014-06-22,27,0,9,24,27,24,1,76,9.875,1013,31,29,21,24,116,113,116,0,5,11.6,météo favorable
2014-06-23,27,0,10,22,27,25,0.5,90,9.875,1012,19.75,30,22,22,113,113,176,0,6,11.6,météo favorable
2014-06-24,28,0,12,22,28,25,0.4,88,10,1011,17.5,31,23,23,113,113,113,0,6,11.6,météo favorable
2014-06-25,27,0,11,24,27,25,4.3,84,9.5,1012,20.625,30,23,24,176,113,356,0,6,11.6,météo favorable
2014-06-26,28,0,13,23,28,24,4.1,88,9.5,1012,25.75,30,22,23,113,113,356,0,5,11.6,météo favorable
2014-06-27,27,0,11,23,27,24,3.7,89,9.625,1012,26.625,29,22,23,113,176,176,0,5,11.6,météo favorable
2014-06-28,27,0,10,22,27,25,0.3,84,9.875,1011,25.875,30,22,23,113,116,113,0,5,11.6,météo favorable
2014-06-29,27,0,7,23,27,25,0.7,90,9.75,1011,23.75,30,22,23,176,113,113,0,5,11.6,météo favorable
2014-06-30,28,0,10,24,28,25,0.9,83,9.75,1011,23.25,31,22,24,113,113,176,0,5,11.6,météo favorable
2014-07-01,27,0,9,22,27,24,11.7,89,9.125,1012,40.375,30,22,22,116,176,356,0,5,11.6,météo très défavorable
2014-07-02,29,0,9,23,29,25,6,87,9.625,1011,41.75,31,23,23,353,113,356,0,5,11.6,météo favorable
2014-07-03,28,0,10,23,28,25,1.7,86,9.875,1010,36.875,30,22,23,116,176,116,0,5,11.6,météo favorable
2014-07-04,28,0,9,23,28,24,0.6,86,9.875,1010,16.75,30,21,23,113,113,176,0,6,11.6,météo favorable
2014-07-05,27,0,11,24,27,24,3.3,83,9.625,1010,37.5,30,22,24,113,176,293,0,5,10.2,météo favorable
2014-07-06,27,0,9,22,27,24,2.1,92,8.5,1011,57.25,29,22,22,296,176,263,0,5,11.6,météo très défavorable
2014-07-07,24,0,11,24,23,24,9.9,91,8.25,1011,54.75,26,22,23,263,302,263,0,5,10.2,météo très défavorable
2014-07-08,26,0,8,23,26,25,0.3,85,10,1010,39.375,28,22,23,116,116,116,0,6,11.6,météo favorable
2014-07-09,26,0,8,23,26,25,0.5,89,9.875,1010,19.375,28,22,23,113,113,176,0,6,11.6,météo favorable
2014-07-10,27,0,6,24,27,25,2.2,82,9.75,1011,30.75,29,22,24,176,113,116,0,5,11.6,météo favorable
2014-07-11,26,0,10,23,26,24,0.7,87,9.25,1011,36.75,28,22,23,113,116,263,0,5,11.6,météo favorable
2014-07-12,27,0,8,23,27,25,2.1,89,9.875,1011,28.375,29,21,23,113,113,176,0,5,11.6,météo favorable
2014-07-13,27,0,8,22,27,24,1.2,88,9.875,1011,35.75,28,21,23,116,116,353,0,5,11.6,météo favorable
2014-07-14,27,0,10,22,27,25,0.4,89,9.375,1011,31.5,30,22,22,116,113,116,0,5,11.6,météo favorable
2014-07-15,26,0,10,24,26,24,4.8,83,8.75,1011,54.25,28,22,24,176,293,263,0,5,11.6,météo très défavorable
2014-07-16,25,0,4,22,25,24,1.1,92,8.125,1012,66.375,27,22,22,263,119,263,0,5,8.8,météo très défavorable
2014-07-17,28,0,9,22,28,25,0.7,89,9.125,1011,31.5,30,22,22,263,113,176,0,5,11.6,météo favorable
2014-07-18,28,0,12,23,28,25,0.9,87,9.75,1010,33.25,31,22,23,116,113,176,0,5,11.6,météo favorable
2014-07-19,27,0,12,23,27,25,3.6,90,9.5,1010,33.625,30,22,23,176,113,176,0,5,11.6,météo favorable
2014-07-20,26,0,8,23,26,24,9.7,90,9.125,1011,52,29,22,23,353,176,356,0,5,11.6,météo très défavorable
2014-07-21,26,0,11,23,25,25,1.8,87,9.25,1012,47.125,28,22,23,353,263,113,0,5,8.8,météo très défavorable
2014-07-22,26,0,11,22,25,25,4.4,89,8.875,1013,48.25,28,21,22,293,263,113,0,5,10.2,météo très défavorable
2014-07-23,26,0,10,25,26,24,2.6,80,9.875,1011,25.375,28,21,25,116,113,176,0,6,11.6,météo favorable
2014-07-24,27,0,9,21,27,25,0.9,90,9.75,1011,15.875,29,22,21,113,113,176,0,5,11.6,météo favorable
2014-07-25,29,0,14,23,29,25,0.5,79,10,1012,9.625,32,22,23,113,113,113,0,6,11.6,météo favorable
2014-07-26,29,0,9,24,29,25,0,68,10,1012,8.25,31,22,24,113,113,113,0,6,11.6,météo favorable
2014-07-27,28,0,9,23,28,24,0,71,10,1013,10.875,29,21,23,113,113,113,0,6,11.6,météo favorable
2014-07-28,27,0,10,22,27,25,0.2,90,9.875,1012,15.375,29,22,22,113,113,176,0,6,11.6,météo favorable
2014-07-29,27,0,10,23,27,25,0.2,91,10,1011,38.75,30,22,23,116,116,116,0,6,10.2,météo favorable
2014-07-30,26,0,9,23,26,24,1.9,92,9.875,1012,40.25,29,22,23,119,176,353,0,6,11.6,météo favorable
2014-07-31,28,0,19,24,28,25,0.4,79,9.375,1013,31.75,30,21,24,263,113,113,0,6,11.6,météo favorable
2014-08-01,28,0,15,24,28,25,0.3,78,9.875,1011,18.625,30,21,24,176,113,113,0,6,11.6,météo favorable
2014-08-02,26,0,12,24,26,24,5.5,86,9.625,1011,21.75,29,22,24,113,113,356,0,6,11.6,météo favorable
2014-08-03,27,0,6,22,27,24,1.3,88,9.875,1011,26.5,29,21,22,176,113,113,0,5,11.6,météo favorable
2014-08-04,27,0,12,21,27,25,0,86,10,1012,15,29,21,21,113,113,113,0,6,11.6,météo favorable
2014-08-05,26,0,11,23,25,24,0.8,83,9.25,1013,27,27,20,23,176,263,113,0,6,11.6,météo très défavorable
2014-08-06,27,0,13,23,27,24,1.2,78,9.75,1012,15.5,29,20,23,113,176,176,0,6,11.6,météo favorable
2014-08-07,27,0,9,23,27,23,0.4,79,10,1012,17.25,29,20,23,116,113,113,0,6,11.6,météo favorable
2014-08-08,27,0,9,20,27,25,0.3,86,9.875,1011,16.125,29,21,20,176,113,113,0,6,11.6,météo favorable
2014-08-09,26,0,9,24,26,25,3.5,84,9.625,1013,23.875,28,21,24,176,176,113,0,5,11.6,météo favorable
2014-08-10,26,0,7,24,25,24,7.5,81,9.375,1013,34,28,21,24,176,353,176,0,5,11.6,météo très défavorable
2014-08-11,26,0,9,23,26,24,7.1,87,9.25,1011,36.875,29,21,23,176,176,356,0,5,11.6,météo favorable
2014-08-12,27,0,12,23,27,25,1,84,9.125,1011,26.5,29,22,23,176,176,113,0,5,11.6,météo favorable
2014-08-13,27,0,7,23,27,24,1.8,84,9.875,1012,29.625,28,21,23,113,353,116,0,5,11.6,météo très défavorable
2014-08-14,27,0,9,22,27,24,1,87,9.75,1013,27.875,29,20,22,176,176,113,0,6,11.6,météo favorable
2014-08-15,27,0,11,23,27,24,0.8,82,9.625,1013,35.5,29,21,23,176,176,113,0,5,11.6,météo favorable
2014-08-16,27,0,10,21,27,25,0.4,87,9.875,1012,22.75,29,21,21,113,113,113,0,5,11.6,météo favorable
2014-08-17,27,0,8,22,27,23,0.9,88,9.125,1012,27.25,28,21,22,176,113,263,0,5,11.6,météo favorable
2014-08-18,26,0,9,24,26,23,2.1,76,10,1013,45.375,28,20,24,353,353,116,0,6,11.6,météo très défavorable
2014-08-19,27,0,8,21,27,25,0.1,87,10,1013,22.75,29,21,21,113,113,113,0,6,11.6,météo favorable
2014-08-20,28,0,12,25,28,25,11.6,82,9,1012,21.5,30,22,25,356,113,356,0,5,11.6,météo très défavorable
2014-08-21,26,0,6,24,26,23,10,84,9,1012,42.75,27,22,24,176,356,293,0,5,11.6,météo très défavorable
2014-08-22,26,0,9,22,26,23,2,87,9.625,1012,28.875,28,21,22,113,176,176,0,5,11.6,météo favorable
2014-08-23,27,0,6,22,27,24,3.5,86,9.5,1012,39.25,29,21,22,293,176,176,0,5,11.6,météo favorable
2014-08-24,27,0,9,22,27,25,1.8,87,9.75,1012,38.375,29,21,22,176,116,176,0,5,11.6,météo favorable
2014-08-25,28,0,14,24,28,25,1.5,75,9.625,1011,32.625,30,21,24,176,116,176,0,5,11.6,météo favorable
2014-08-26,27,0,8,21,27,24,2.5,88,9.625,1011,25.125,29,21,21,176,116,176,0,5,11.6,météo favorable
2014-08-27,26,0,7,21,26,23,2.6,88,9.75,1010,26.875,28,20,21,113,176,176,0,6,11.6,météo favorable
2014-08-28,27,0,9,21,27,24,1.2,86,9.875,1011,28.25,29,20,22,116,113,176,0,6,11.6,météo favorable
2014-08-29,26,0,6,20,26,23,2.1,88,9.75,1011,29.75,28,20,20,176,353,113,0,5,11.6,météo très défavorable
2014-08-30,28,0,10,21,28,24,0.4,86,9.875,1011,23.375,30,21,21,113,113,176,0,6,11.6,météo favorable
2014-08-31,26,0,12,24,26,24,6.4,89,9.25,1010,37.5,28,23,24,176,176,356,0,5,11.6,météo favorable
2014-09-01,27,0,8,24,27,24,7.3,88,9.375,1010,36.625,30,22,24,356,176,176,0,5,11.6,météo favorable
2014-09-02,24,0,4,23,23,22,19.5,89,8.625,1013,74,26,21,23,356,302,308,0,5,6,météo très défavorable
2014-09-03,26,0,13,21,24,25,6.3,88,8.75,1013,72.125,28,21,21,293,293,263,0,5,10.3,météo très défavorable
2014-09-04,27,0,10,23,26,25,4.6,83,8.875,1010,51,29,22,23,263,176,356,0,5,12.1,météo favorable
2014-09-05,24,0,8,22,24,23,5.1,91,9.125,1012,63.375,26,21,22,293,293,263,0,5,8.9,météo très défavorable
2014-09-06,27,0,13,23,27,24,0.7,83,8.125,1012,43.375,29,21,23,263,116,263,0,5,12.5,météo favorable
2014-09-07,27,0,10,22,27,24,2,88,9.75,1013,23,29,21,22,113,176,176,0,6,12.5,météo favorable
2014-09-08,26,0,9,23,26,23,4.7,85,9.25,1013,29.375,28,21,23,356,176,176,0,5,12.5,météo favorable
2014-09-09,27,0,7,21,27,23,0.2,89,10,1013,27.25,29,20,21,113,116,113,0,6,12.5,météo favorable
2014-09-10,27,0,9,23,27,24,2,77,9.75,1013,26,28,19,23,113,176,176,0,6,12.5,météo favorable
2014-09-11,27,0,8,24,27,24,1.6,82,9.75,1013,40.5,29,21,24,293,176,116,0,6,12.5,météo favorable
2014-09-12,28,0,10,23,28,24,0.3,84,9.875,1012,20.125,30,21,23,176,113,113,0,6,12.5,météo favorable
2014-09-13,27,0,10,23,27,25,1.3,81,9.5,1012,52.875,29,21,23,176,176,176,0,5,10.5,météo favorable
2014-09-14,27,0,13,25,27,24,0.6,80,9.875,1011,15.125,29,21,25,116,113,176,0,6,12.5,météo favorable
2014-09-15,27,0,9,22,27,24,0.4,90,9.875,1011,12.875,29,21,22,113,113,113,0,5,12.5,météo favorable
2014-09-16,26,0,6,24,25,23,6.4,84,9.625,1011,22.5,28,22,24,176,176,113,0,5,12.5,météo favorable
2014-09-17,28,0,13,22,28,25,3.4,89,9.625,1011,23.875,31,22,22,176,113,176,0,5,12.5,météo favorable
2014-09-18,25,0,8,24,24,24,5.9,88,8.75,1013,46.375,27,22,24,176,302,263,0,5,11.8,météo très défavorable
2014-09-19,24,0,10,23,24,23,6,88,9.625,1013,55.375,26,21,23,293,296,293,0,6,11.8,météo très défavorable
2014-09-20,26,0,12,21,26,23,0.8,83,9.375,1013,45.75,28,20,21,116,116,263,0,6,12.5,météo favorable
2014-09-21,26,0,9,22,26,24,2.7,86,9.75,1013,48.625,28,22,22,113,116,293,0,5,11.8,météo favorable
2014-09-22,27,0,9,24,27,24,6.3,86,8.75,1012,34,30,23,24,176,176,356,0,5,12.5,météo favorable
2014-09-23,27,0,8,23,27,25,1,86,9.625,1013,26.75,30,21,23,113,176,176,0,5,12.5,météo favorable
2014-09-24,29,0,16,23,29,25,1,89,9.25,1012,34.375,31,22,23,263,113,176,0,6,11.6,météo favorable
2014-09-25,27,0,11,24,27,25,1.7,86,9.875,1012,30.625,30,22,24,116,113,113,0,5,11.6,météo favorable
2014-09-26,27,0,9,22,27,24,0.1,91,10,1011,18.375,29,22,22,113,113,113,0,6,11.6,météo favorable
2014-09-27,27,0,9,21,27,24,2.9,88,9.625,1012,22.125,29,21,21,113,113,356,0,6,11.6,météo favorable
2014-09-28,27,0,12,23,26,24,2.2,91,9.75,1012,34.5,29,22,23,116,176,176,0,6,11.6,météo favorable
2014-09-29,27,0,9,23,27,24,7.5,85,8,1010,44.375,30,23,23,263,356,356,0,5,11.6,météo très défavorable
2014-09-30,27,0,12,23,27,25,4.5,90,9.5,1010,46.375,30,22,23,116,176,116,0,5,11.6,météo favorable
2014-10-01,28,0,14,24,28,25,0.2,80,10,1010,13.5,31,22,24,113,113,116,0,6,11.6,météo favorable
2014-10-02,27,0,12,22,27,25,0.2,89,10,1010,14,30,22,22,113,113,116,0,6,11.6,météo favorable
2014-10-03,28,0,12,22,28,25,0,89,10,1009,12.625,31,22,22,113,113,116,0,6,11.6,météo favorable
2014-10-04,28,0,13,20,28,25,0,88,10,1010,11.375,30,22,20,113,113,116,0,6,11.6,météo favorable
2014-10-05,28,0,11,21,28,23,0.2,90,10,1010,9.5,30,22,21,113,113,113,0,6,11.6,météo favorable
2014-10-06,27,0,9,21,27,25,0.5,89,9.875,1010,15.5,30,22,22,113,113,176,0,6,11.6,météo favorable
2014-10-07,29,0,12,22,29,24,0.6,89,9.875,1009,11,31,23,22,113,113,176,0,6,11.6,météo favorable
2014-10-08,28,0,13,22,28,25,0.2,91,10,1009,20.75,32,22,22,113,113,116,0,6,11.6,météo favorable
2014-10-09,27,0,11,24,27,25,0.3,87,10,1010,18.375,30,22,24,113,113,113,0,6,11.6,météo favorable
2014-10-10,27,0,11,23,27,24,1.9,89,9.5,1011,25.5,29,21,23,176,176,176,0,5,11.6,météo favorable
2014-10-11,27,0,13,24,27,24,2.3,77,9.625,1013,40.75,29,21,24,353,176,176,0,5,10.2,météo favorable
2014-10-12,28,0,10,20,28,24,0.2,88,10,1013,8.75,30,21,20,113,113,113,0,6,11.6,météo favorable
2014-10-13,27,0,7,22,27,25,0.5,88,9.375,1012,36.625,29,22,22,116,116,263,0,6,11.6,météo favorable
2014-10-14,28,0,10,24,28,25,1.3,86,9.125,1012,23.25,30,23,24,176,113,176,0,5,11.6,météo favorable
2014-10-15,27,0,13,24,27,25,3.2,81,9.625,1012,19,29,22,24,176,176,176,0,6,11.6,météo favorable
2014-10-16,27,0,9,23,27,23,1.4,89,9.625,1012,16.125,29,21,23,176,113,176,0,5,11.6,météo favorable
2014-10-17,28,0,9,21,28,23,0.2,87,9.875,1012,14.625,29,20,21,113,113,113,0,5,11.6,météo favorable
2014-10-18,28,0,14,24,28,25,0.2,79,10,1011,8.75,30,21,24,113,113,113,0,6,11.6,météo favorable
2014-10-19,27,0,10,23,27,24,1.1,88,9.875,1011,16.125,29,22,23,113,113,176,0,6,11.6,météo favorable
2014-10-20,24,0,9,24,24,22,14.5,92,9.25,1012,71.875,26,22,22,299,299,299,0,5,7.4,météo très défavorable
2014-10-21,27,0,9,24,27,25,0.9,79,9.875,1014,28.375,29,21,24,116,176,113,0,6,11.6,météo favorable
2014-10-22,27,0,8,22,27,25,3.1,88,9.625,1012,15.375,30,22,22,176,176,176,0,6,11.6,météo favorable
2014-10-23,27,0,11,22,27,24,4.5,89,9.25,1011,20.25,30,22,22,176,176,176,0,5,11.6,météo favorable
2014-10-24,27,0,9,25,27,24,1.1,83,9.75,1012,16.5,29,22,25,113,176,176,0,6,11.6,météo favorable
2014-10-25,27,0,10,23,27,23,1.9,89,9.625,1013,29.125,29,21,23,176,116,176,0,5,11.6,météo favorable
2014-10-26,26,0,9,23,26,24,3.9,86,9.625,1013,38.375,28,22,23,293,176,353,0,5,11.6,météo favorable
2014-10-27,27,0,10,23,27,24,7,88,9.625,1011,41.25,29,22,24,113,176,299,0,6,11.6,météo favorable
2014-10-28,27,0,10,24,27,24,3.3,88,9.875,1011,40,29,22,24,353,176,113,0,5,11.6,météo favorable
2014-10-29,27,0,6,24,27,24,6.2,85,9.375,1011,25.5,29,22,24,356,176,116,0,5,11.6,météo favorable
2014-10-30,27,0,10,24,27,25,2.1,86,9.75,1010,28.125,30,23,24,176,176,353,0,6,11.6,météo favorable
2014-10-31,27,0,13,23,27,25,3.2,87,9.75,1009,19.75,30,22,23,113,113,176,0,5,11.6,météo favorable
2014-11-01,28,0,12,23,28,25,0.2,89,9.875,1010,11.125,31,22,23,113,113,113,0,5,11.6,météo favorable
2014-11-02,27,0,12,23,27,25,1.7,82,9.75,1011,16.875,30,22,23,113,176,176,0,6,11.6,météo favorable
2014-11-03,26,0,5,23,26,23,1,84,9.25,1012,33.625,28,21,23,116,263,113,0,5,11.6,météo très défavorable
2014-11-04,27,0,9,22,27,25,0.2,89,9.875,1013,14,30,22,22,113,176,113,0,6,11.6,météo favorable
2014-11-05,28,0,10,24,28,25,1,82,9.75,1013,24.375,30,22,24,176,113,113,0,5,11.6,météo favorable
2014-11-06,27,0,10,24,27,25,4.6,79,9.5,1012,22,29,22,24,113,176,356,0,6,11.6,météo favorable
2014-11-07,28,0,9,24,28,25,4.9,83,9.625,1012,43.375,30,22,24,176,116,293,0,6,11.6,météo favorable
2014-11-08,27,0,10,24,27,26,6.7,88,9.75,1012,43.875,30,22,24,176,176,353,0,5,11.6,météo favorable
2014-11-09,27,0,10,24,27,25,1.5,80,9.75,1012,24.25,29,22,24,113,176,176,0,7,11.6,météo favorable
2014-11-10,28,0,10,24,28,25,3.3,85,9.625,1011,28.5,30,22,24,116,113,356,0,6,11.6,météo favorable
2014-11-11,27,0,11,24,27,25,6.9,88,9.375,1010,31.75,30,22,24,176,176,176,0,5,11.6,météo favorable
2014-11-12,27,0,9,24,27,24,4,86,9.875,1010,33.25,29,22,24,353,176,116,0,6,11.6,météo favorable
2014-11-13,27,0,5,24,27,25,0.4,84,9.875,1011,33,29,22,24,116,176,116,0,6,11.6,météo favorable
2014-11-14,27,0,4,23,27,24,2.3,87,9.125,1012,46,29,22,23,293,116,263,0,5,11.6,météo favorable
2014-11-15,27,0,8,23,27,24,2.5,89,9.75,1011,37,30,22,23,116,176,293,0,6,11.6,météo favorable
2014-11-16,26,0,6,24,26,23,0.2,88,9.875,1011,30.75,28,22,24,116,116,113,0,5,11.6,météo favorable
2014-11-17,26,0,8,23,26,24,2.2,86,9.75,1011,37.625,28,21,23,293,293,116,0,6,11.6,météo très défavorable
2014-11-18,27,0,8,22,27,24,0.2,85,9.875,1012,27.625,29,21,22,113,176,116,0,6,11.6,météo favorable
2014-11-19,28,0,13,24,28,23,0.7,80,9.875,1012,18,30,21,24,176,113,113,0,6,11.6,météo favorable
2014-11-20,27,0,8,23,27,23,1.4,86,9.75,1011,21,29,21,23,116,176,113,0,5,11.6,météo favorable
2014-11-21,28,0,12,24,28,23,0.3,80,10,1011,11.25,30,21,24,113,113,113,0,6,11.6,météo favorable
2014-11-22,28,0,9,22,28,23,0.2,88,10,1011,9.625,30,21,22,113,113,113,0,6,11.6,météo favorable
2014-11-23,28,0,10,21,28,25,0,87,10,1011,12.875,30,22,21,113,113,113,0,6,11.6,météo favorable
2014-11-24,27,0,9,24,27,25,0.9,85,9.875,1010,20,30,22,24,116,176,113,0,6,11.6,météo favorable
2014-11-25,27,0,8,24,27,24,3.2,83,9.5,1009,25.75,29,22,24,176,176,176,0,5,11.6,météo favorable
2014-11-26,28,0,6,22,28,24,0.8,88,9.875,1009,28.125,30,21,22,113,176,113,0,6,11.6,météo favorable
2014-11-27,28,0,13,22,28,25,0,77,10,1009,17.5,29,21,22,113,113,116,0,6,11.6,météo favorable
2014-11-28,28,0,9,23,28,26,0.2,85,10,1009,34.75,31,22,23,116,116,116,0,6,11.6,météo favorable
2014-11-29,27,0,7,24,27,25,1.3,82,9.75,1009,33.625,30,23,24,176,176,116,0,7,11.6,météo favorable
2014-11-30,27,0,5,24,27,25,1.7,86,9.875,1008,40.375,30,22,24,293,116,116,0,6,11.6,météo favorable
2014-12-01,27,0,8,24,27,25,6.8,89,9,1010,59.875,30,23,24,299,263,296,0,7,8.8,météo très défavorable
2014-12-02,28,0,12,23,28,26,0.4,88,9.375,1009,51.5,30,23,23,263,116,119,0,6,11.6,météo favorable
2014-12-03,28,0,9,24,28,25,2.7,84,9.625,1009,32.375,31,23,24,113,113,356,0,6,11.6,météo favorable
2014-12-04,28,0,9,23,27,25,5.4,85,9.5,1010,33.75,31,23,23,113,116,356,0,5,11.6,météo favorable
2014-12-05,26,0,7,24,26,23,3,89,9.75,1011,63.125,28,22,24,116,293,122,0,5,7.4,météo très défavorable
2014-12-06,26,0,8,23,26,25,2.5,90,9.875,1009,71.5,28,22,23,122,353,116,0,5,11.8,météo très défavorable
2014-12-07,26,0,4,22,26,24,0.5,87,9.875,1010,32.75,29,21,22,116,176,116,0,6,12.5,météo favorable
2014-12-08,26,0,10,23,26,24,0.2,87,9.375,1011,45.125,29,22,24,116,116,263,0,6,12.5,météo favorable
2014-12-09,27,0,10,22,27,25,0,88,10,1011,19.375,30,22,22,113,113,113,0,6,12.5,météo favorable
2014-12-10,28,0,10,24,28,25,0.4,79,9.875,1012,22.875,30,22,24,176,113,116,0,6,12.5,météo favorable
2014-12-11,27,0,6,23,27,25,0.8,90,9.875,1011,20.375,29,22,23,113,176,113,0,6,12.5,météo favorable
2014-12-12,28,0,10,23,28,25,2.9,87,9.625,1011,30,31,23,23,116,113,356,0,6,12.5,météo favorable
2014-12-13,27,0,9,24,27,25,7.3,86,8.875,1012,50.125,29,22,24,263,176,119,0,5,11.8,météo favorable
2014-12-14,26,0,7,24,26,24,1.9,85,9.875,1013,38.625,28,22,24,113,116,116,0,5,12.5,météo favorable
2014-12-15,28,0,7,22,28,24,0.1,87,10,1012,34,30,21,22,116,113,116,0,6,12.5,météo favorable
2014-12-16,28,0,9,23,28,25,0,90,10,1010,15.375,30,22,23,113,113,113,0,6,12.5,météo favorable
2014-12-17,28,0,7,23,28,25,0,85,10,1010,24.375,30,22,23,116,113,113,0,6,12.5,météo favorable
2014-12-18,28,0,6,23,28,25,1,90,9.875,1011,23.875,31,22,23,113,176,116,0,6,12.5,météo favorable
2014-12-19,27,0,5,24,26,25,0.3,83,9.875,1012,24.5,29,22,24,113,113,113,0,5,12.5,météo favorable
2014-12-20,27,0,9,24,27,25,4.3,84,9.625,1011,32.875,30,22,25,176,176,176,0,6,12.5,météo favorable
2014-12-21,28,0,7,23,28,25,1.3,89,9.125,1009,23.25,30,21,23,176,113,176,0,5,12.5,météo favorable
2014-12-22,27,0,7,24,27,25,0,83,10,1010,32.125,30,22,24,116,116,116,0,6,12.5,météo favorable
2014-12-23,25,0,9,25,25,24,3.3,84,9.625,1010,51.75,27,22,25,116,302,116,0,6,11.8,météo très défavorable
2014-12-24,27,0,10,24,27,25,1.1,89,8.125,1010,49.5,30,23,24,263,263,263,0,6,11.8,météo très défavorable
2014-12-25,27,0,9,25,27,25,7.5,86,9.5,1009,58.625,30,23,25,176,119,356,0,6,11.8,météo très défavorable
2014-12-26,26,0,9,24,25,25,8.4,90,9.125,1008,59.875,29,23,24,299,263,353,0,5,10.5,météo très défavorable
2014-12-27,25,0,12,24,25,25,10.3,89,9.25,1008,62.875,28,23,24,353,356,116,0,5,10.5,météo très défavorable
2014-12-28,27,0,7,24,27,25,11.2,90,9.25,1009,66.5,29,22,24,119,353,293,0,5,11.7,météo très défavorable
2014-12-29,26,0,8,24,26,24,6.2,88,9.375,1010,54,28,22,24,299,116,116,0,5,12.1,météo favorable
2014-12-30,27,0,8,24,27,25,0.1,79,10,1009,27.875,29,21,24,113,116,116,0,6,11.6,météo favorable
2014-12-31,26,0,18,24,26,24,1.4,78,9.375,1010,50.125,28,21,24,116,116,263,0,5,11.6,météo favorable
2015-01-01,26,0,13,24,26,24,1.2,80,9.875,1010,75.625,29,22,24,119,116,119,0,5,7.4,météo très défavorable
2015-01-02,27,0,6,23,27,24,0,88,10,1010,49.5,29,22,23,116,113,116,0,6,11.6,météo favorable
2015-01-03,26,0,14,24,26,25,0.5,87,10,1010,56.75,29,22,24,353,116,116,0,5,11.6,météo très défavorable
2015-01-04,27,0,10,24,26,25,0,85,10,1009,45.75,29,22,24,116,116,116,0,6,11.6,météo favorable
2015-01-05,26,0,5,24,26,25,2.8,87,9,1009,43.5,28,22,24,293,176,263,0,5,10.2,météo favorable
2015-01-06,26,0,17,24,26,25,7.8,87,9.375,1009,50.375,28,22,24,176,116,293,0,5,11.6,météo favorable
2015-01-07,25,0,11,24,25,24,2.6,87,9.25,1009,60.25,27,22,24,353,263,119,0,5,7.4,météo très défavorable
2015-01-08,27,0,13,23,27,25,0,82,10,1009,32.125,29,22,23,116,113,113,0,5,11.6,météo favorable
2015-01-09,26,0,16,24,26,25,0.2,83,9.375,1009,41.625,29,22,24,116,116,263,0,6,11.6,météo favorable
2015-01-10,27,0,14,24,27,25,1.6,79,9.875,1009,42,29,22,24,116,176,353,0,6,11.6,météo favorable
2015-01-11,26,0,8,24,26,24,1.6,87,9.875,1010,67.375,29,22,24,116,116,119,0,5,7.4,météo très défavorable
2015-01-12,26,0,10,24,26,25,2.9,86,9.75,1010,65.25,29,23,24,293,116,293,0,5,7.4,météo très défavorable
2015-01-13,27,0,15,23,27,25,3.4,89,9,1011,43.5,30,23,23,116,116,356,0,5,11.6,météo favorable
2015-01-14,27,0,15,23,27,25,4.1,85,9.375,1010,17.75,31,23,23,113,176,356,0,5,11.6,météo favorable
2015-01-15,29,0,7,25,29,26,4.2,79,9.375,1010,16.5,32,23,25,176,113,176,0,6,11.6,météo favorable
2015-01-16,28,0,8,25,28,26,3.1,80,9.625,1011,25.5,31,23,25,176,116,176,0,5,11.6,météo favorable
2015-01-17,28,0,12,24,28,26,6.9,81,9.375,1012,34.75,31,23,24,356,176,176,0,6,11.6,météo favorable
2015-01-18,28,0,12,25,28,26,0.1,71,10,1011,20.5,31,21,25,116,113,113,0,7,11.6,météo favorable
2015-01-19,28,0,9,24,28,26,1,75,9.75,1012,14.125,30,21,24,176,113,113,0,6,11.6,météo favorable
2015-01-20,28,0,12,23,28,26,2.3,80,9.875,1014,7.875,30,22,23,176,113,113,0,6,11.6,météo favorable
2015-01-21,28,0,16,23,28,26,1,82,9.875,1014,10.125,31,23,24,113,113,176,0,6,11.6,météo favorable
2015-01-22,28,0,18,24,28,26,0.4,82,9.875,1013,23.5,30,21,24,176,113,113,0,7,11.6,météo favorable
2015-01-23,28,0,21,25,28,26,0,74,10,1012,15.25,30,21,25,113,113,113,0,7,11.6,météo favorable
2015-01-24,28,0,16,25,28,26,0.2,72,9.875,1013,15.375,30,21,25,113,113,113,0,5,11.6,météo favorable
2015-01-25,28,0,14,25,28,26,0.2,73,9.875,1013,23.5,31,22,25,113,113,176,0,7,11.6,météo favorable
2015-01-26,28,0,10,25,28,26,1.3,80,9.875,1012,40.375,31,22,25,176,116,116,0,7,11.6,météo favorable
2015-01-27,27,0,13,24,27,26,1.1,81,9.875,1011,25.125,30,23,24,113,176,113,0,6,11.6,météo favorable
2015-01-28,28,0,15,25,28,26,0.8,82,9.875,1010,20.375,31,23,25,113,176,113,0,6,11.6,météo favorable
2015-01-29,28,0,15,25,28,26,2.1,76,9.875,1011,11.5,31,22,25,113,113,113,0,5,11.6,météo favorable
2015-01-30,29,0,10,24,29,26,0.4,65,10,1011,8.375,31,22,24,113,113,113,0,7,11.6,météo favorable
2015-01-31,28,0,17,24,28,25,3.3,78,9.75,1012,15.125,31,22,24,113,113,176,0,5,11.6,météo favorable
2015-02-01,28,0,16,25,28,26,0.1,67,10,1012,50.625,30,21,25,116,116,116,0,6,11.6,météo favorable
2015-02-02,29,0,13,25,29,26,1.2,75,9.25,1012,36.625,31,22,25,263,113,113,0,5,11.6,météo favorable
2015-02-03,29,0,18,24,29,26,8.9,80,9.25,1012,16.625,31,22,24,113,113,356,0,5,11.6,météo très défavorable
2015-02-04,28,0,15,25,28,25,12,74,8.875,1012,47.375,31,22,25,176,353,359,0,6,10.2,météo très défavorable
2015-02-05,26,0,17,24,26,24,28.9,84,8.375,1012,61.125,29,23,24,176,356,308,0,5,7.4,météo très défavorable
2015-02-06,26,0,13,24,26,25,4.1,81,9.5,1012,51.5,29,23,24,116,176,116,0,5,11.6,météo favorable
2015-02-07,27,0,14,24,27,26,15.3,83,8.625,1012,51.125,30,23,24,176,356,359,0,5,10.2,météo très défavorable
2015-02-08,27,0,13,25,27,25,5.4,82,9.625,1012,58.625,31,24,25,353,119,122,0,5,8.8,météo très défavorable
2015-02-09,27,0,13,24,27,26,13.1,85,8.75,1012,61.25,30,22,24,353,116,356,0,5,10.2,météo très défavorable
2015-02-10,28,0,15,24,28,26,0,79,10,1011,18.375,31,22,24,113,113,113,0,6,11.6,météo favorable
2015-02-11,27,0,17,24,27,25,0.3,84,9.375,1011,29.875,29,22,24,113,116,263,0,6,11.6,météo favorable
2015-02-12,28,0,17,24,28,25,1.7,80,8.875,1011,47,30,21,24,266,116,116,0,5,11.6,météo favorable
2015-02-13,27,0,16,24,27,25,0,76,10,1011,31.5,29,21,24,116,113,116,0,6,11.6,météo favorable
2015-02-14,28,0,18,24,28,25,0,65,10,1012,39.5,29,20,24,116,116,113,0,6,11.6,météo favorable
2015-02-15,28,0,16,24,28,26,0,67,10,1011,16,30,22,24,113,113,113,0,6,11.6,météo favorable
2015-02-16,28,0,12,24,28,26,0,72,10,1011,13.625,31,22,24,113,113,116,0,6,11.6,météo favorable
2015-02-17,28,0,11,24,28,26,7.8,82,9.5,1010,19.25,31,23,24,113,113,356,0,5,11.6,météo favorable
2015-02-18,27,0,13,24,27,25,12,82,9,1009,30,30,23,24,176,176,356,0,5,11.6,météo très défavorable
2015-02-19,27,0,24,25,27,25,3.2,82,9.75,1010,37.75,30,23,25,116,176,176,0,5,11.6,météo favorable
2015-02-20,27,0,17,24,27,25,0.6,77,9.75,1010,24.875,30,22,24,176,116,176,0,6,11.6,météo favorable
2015-02-21,24,0,18,23,24,24,25.3,92,8.875,1012,87,26,22,23,308,302,296,0,5,6,météo très défavorable
2015-02-22,25,0,16,24,24,25,6,86,9.375,1013,54.25,27,21,23,293,302,113,0,5,8.8,météo très défavorable
2015-02-23,26,0,10,23,25,24,3.1,85,9.75,1012,47.5,28,22,23,116,296,353,0,5,10.2,météo très défavorable
2015-02-24,28,0,8,23,28,25,1,85,9.25,1012,36.125,31,23,23,116,113,353,0,5,11.6,météo favorable
2015-02-25,27,0,12,24,27,26,4,84,9.875,1012,40.125,30,23,24,116,116,176,0,5,11.6,météo favorable
2015-02-26,27,0,12,24,27,25,5.1,81,10,1011,46.75,29,23,24,113,353,353,0,5,8.8,météo très défavorable
2015-02-27,27,0,14,24,27,25,3.5,85,9.875,1011,40.75,30,22,24,353,113,176,0,6,11.6,météo favorable
2015-02-28,27,0,12,24,27,25,2.8,83,10,1011,53.125,30,22,24,116,116,353,0,5,10.2,météo favorable
2015-03-01,27,0,10,24,27,25,5,83,9.5,1010,45,30,22,24,116,353,356,0,6,11.6,météo très défavorable
2015-03-02,27,0,14,24,27,26,4.9,84,9.375,1009,41.5,31,24,24,176,176,116,0,5,11.6,météo favorable
2015-03-03,28,0,14,24,28,25,9.2,84,9,1010,66.625,30,22,24,293,176,299,0,5,8.8,météo très défavorable
2015-03-04,27,0,10,24,27,25,6.1,82,9.625,1011,48.75,30,23,24,176,353,299,0,6,10.2,météo très défavorable
2015-03-05,26,0,14,25,26,25,1.8,81,9.875,1012,71,28,22,25,116,122,116,0,5,7.4,météo très défavorable
2015-03-06,28,0,18,24,28,25,0,80,10,1010,60.125,30,22,24,119,113,116,0,5,10.2,météo très défavorable
2015-03-07,28,0,14,23,28,25,0,80,10,1011,23.75,30,22,23,113,113,113,0,6,11.6,météo favorable
2015-03-08,27,0,15,23,27,26,0,82,10,1012,19.5,30,22,23,113,113,116,0,6,11.6,météo favorable
2015-03-09,28,0,19,24,28,26,1.4,81,9.75,1012,19.5,31,22,24,113,113,176,0,5,11.6,météo favorable
2015-03-10,27,0,16,24,26,25,4.5,77,9.375,1013,21.375,29,21,24,176,176,176,0,5,11.6,météo favorable
2015-03-11,26,0,9,23,26,24,4.1,84,9.625,1011,57.125,28,21,23,305,299,305,0,5,10.2,météo très défavorable
2015-03-12,26,0,10,23,26,24,3.2,86,9.5,1011,52.75,28,22,23,176,299,305,0,5,10.2,météo très défavorable
2015-03-13,26,0,12,23,26,25,3.5,85,9.5,1011,59,29,22,23,299,176,305,0,5,8.8,météo très défavorable
2015-03-14,27,0,12,23,27,24,3.5,84,9.75,1011,61.25,29,22,23,299,176,305,0,5,8.8,météo très défavorable
2015-03-15,26,0,11,23,26,24,2.4,85,9.875,1011,60,29,21,23,176,299,299,0,5,8.8,météo très défavorable
2015-03-16,26,0,10,23,26,24,5,83,9.75,1011,61,29,22,23,299,299,356,0,5,8.8,météo très défavorable
2015-03-17,26,0,9,23,26,24,8.9,86,9.375,1011,61.375,28,22,23,356,356,356,0,5,8.8,météo très défavorable
2015-03-18,26,0,10,23,26,24,7.4,87,9.375,1011,61.875,28,22,23,299,356,305,0,5,8.8,météo très défavorable
2015-03-19,27,0,11,23,27,25,3.7,84,9.5,1010,56.5,29,22,23,176,176,356,0,5,8.8,météo très défavorable
2015-03-20,28,0,10,23,28,25,0.2,78,9.875,1014,12.5,30,22,23,113,113,113,0,5,11.6,météo favorable
2015-03-21,28,0,14,23,28,26,0,83,10,1013,11,30,22,23,113,113,113,0,6,11.6,météo favorable
2015-03-22,28,0,15,24,28,25,0.2,78,9.375,1013,25.375,31,22,24,113,113,263,0,7,11.6,météo favorable
2015-03-23,28,0,14,24,28,25,1.5,84,9.75,1012,38.5,30,22,24,176,176,353,0,6,11.6,météo favorable
2015-03-24,28,0,12,24,28,26,0.3,82,9.875,1014,37.875,31,22,24,176,116,116,0,6,11.6,météo favorable
2015-03-25,28,0,13,24,28,26,0.9,81,9.875,1013,11.625,30,22,24,113,113,113,0,5,11.6,météo favorable
2015-03-26,28,0,9,23,28,26,0.2,82,10,1014,10.875,30,21,23,113,113,113,0,6,11.6,météo favorable
2015-03-27,28,0,15,24,27,25,8.3,84,9.375,1014,29,31,24,24,176,176,356,0,6,11.6,météo très défavorable
2015-03-28,27,0,15,24,27,26,5.5,83,9,1013,48.125,30,23,25,263,353,116,0,6,11.6,météo très défavorable
2015-03-29,27,0,11,24,27,26,1.4,84,9.75,1012,27.125,30,23,24,176,176,116,0,6,11.6,météo favorable
2015-03-30,28,0,11,24,28,26,3,84,9.75,1012,22.125,31,23,24,176,113,113,0,5,11.6,météo favorable
2015-03-31,28,0,18,24,28,26,1.7,85,9.875,1012,11.75,31,23,24,113,176,113,0,7,11.6,météo favorable
2015-04-01,28,0,9,25,28,26,3.2,83,9.625,1011,40.25,31,24,25,116,113,356,0,7,10.2,météo favorable
2015-04-02,27,0,11,24,27,25,6.6,86,9.875,1010,49.5,30,24,24,353,176,353,0,6,11.6,météo favorable
2015-04-03,28,0,10,24,28,26,5.4,85,9.5,1010,20.875,31,22,24,176,113,113,0,5,11.6,météo favorable
2015-04-04,28,0,12,24,28,26,2.7,80,9.75,1010,19.75,31,22,24,176,113,113,0,5,11.6,météo favorable
2015-04-05,29,0,12,25,29,26,0.2,69,10,1010,15.75,31,22,25,113,113,113,0,7,11.6,météo favorable
2015-04-06,29,0,13,25,29,26,7.9,82,9.125,1009,41.125,32,23,25,116,116,359,0,6,8.8,météo favorable
2015-04-07,27,0,18,25,27,26,7.9,84,9.5,1010,40.75,31,24,25,116,116,356,0,6,11.6,météo favorable
2015-04-08,27,0,9,24,27,25,6.8,81,9.375,1011,30.5,30,23,25,176,176,356,0,6,11.6,météo favorable
2015-04-09,27,0,14,24,27,25,2.8,82,9.75,1011,27.75,30,23,24,176,113,116,0,5,11.6,météo favorable
2015-04-10,27,0,13,24,27,25,0.8,83,10,1011,40.25,30,22,24,116,353,116,0,6,11.6,météo très défavorable
2015-04-11,28,0,13,24,28,26,3.1,84,9.5,1011,24.875,31,23,24,176,176,176,0,5,11.6,météo favorable
2015-04-12,28,0,9,25,28,25,13.5,86,9,1012,50.375,31,23,25,359,116,293,0,6,8.8,météo très défavorable
2015-04-13,26,0,14,25,26,25,19.7,86,9,1012,43.375,29,23,25,353,176,176,0,6,11.6,météo très défavorable
2015-04-14,26,0,8,23,26,24,5.3,85,9.5,1010,59.625,29,22,23,299,305,356,0,5,8.8,météo très défavorable
2015-04-15,26,0,8,23,26,24,6.3,86,9.5,1010,63.5,29,22,23,299,299,356,0,5,8.8,météo très défavorable
2015-04-16,28,0,12,25,28,26,2.9,77,10,1013,26.375,31,22,25,305,113,113,0,5,11.6,météo favorable
2015-04-17,28,0,10,26,28,26,0,76,10,1013,13.75,31,22,26,113,113,113,0,6,11.6,météo favorable
2015-04-18,27,0,9,24,27,25,7.9,81,9.25,1012,30,30,23,24,176,176,299,0,6,11.6,météo favorable
2015-04-19,28,0,12,24,28,26,2.3,82,9.75,1012,42.25,31,23,24,119,116,116,0,5,12.1,météo favorable
2015-04-20,26,0,12,24,26,25,13.3,84,9.25,1011,40.5,29,23,24,356,116,353,0,5,12.1,météo très défavorable
2015-04-21,28,0,15,24,28,26,1.7,80,9.75,1011,21.625,31,22,24,113,113,176,0,5,12.1,météo favorable
2015-04-22,27,0,10,25,27,25,15.9,80,8.75,1012,50.5,30,23,25,356,353,353,0,5,11.7,météo très défavorable
2015-04-23,27,0,15,24,27,26,6.6,85,9.375,1010,36.375,31,24,24,176,113,356,0,5,12.1,météo favorable
2015-04-24,28,0,16,24,28,26,2,86,9.625,1010,30.625,32,24,24,176,176,116,0,7,12.5,météo favorable
2015-04-25,28,0,13,25,28,26,2.4,80,9.875,1010,32.875,32,24,25,176,116,116,0,7,12.5,météo favorable
2015-04-26,27,0,7,25,27,26,4.7,81,9.5,1010,36.25,30,23,25,113,356,353,0,6,12.5,météo très défavorable
2015-04-27,28,0,6,25,28,26,10,82,8.875,1011,28.375,31,24,25,176,176,359,0,7,12.5,météo très défavorable
2015-04-28,27,0,8,23,27,25,6.3,86,9.5,1011,58.625,29,22,23,356,299,356,0,5,10.5,météo très défavorable
2015-04-29,27,0,8,26,27,26,3,80,9.625,1011,32.375,31,23,26,116,356,116,0,6,12.5,météo très défavorable
2015-04-30,29,0,7,25,29,26,14.3,83,8.75,1011,22.5,32,24,25,356,113,113,0,6,12.5,météo très défavorable
2015-05-01,28,0,9,25,28,25,1.8,83,9.625,1011,25.625,32,24,25,176,176,176,0,6,12.5,météo favorable
2015-05-02,28,0,10,24,27,26,6,85,9.5,1011,26.875,31,24,25,176,116,356,0,6,12.5,météo favorable
2015-05-03,27,0,7,25,27,25,2.7,82,9.875,1012,41.125,29,23,25,353,293,116,0,7,12.5,météo très défavorable
2015-05-04,28,0,9,25,27,26,3.3,81,9.5,1010,25,31,24,25,113,176,176,0,6,12.5,météo favorable
2015-05-05,29,0,9,25,29,26,2,81,9.375,1009,33.625,32,24,25,263,113,353,0,6,12.5,météo favorable
2015-05-06,29,0,9,25,29,26,2.6,81,9.625,1009,25.125,32,24,25,113,113,176,0,6,12.5,météo favorable
2015-05-07,29,0,15,25,29,26,0.3,72,9.875,1010,25.5,32,23,25,116,116,113,0,6,12.5,météo favorable
2015-05-08,29,0,15,25,29,26,0.2,74,10,1010,15,32,23,25,113,113,113,0,7,12.5,météo favorable
2015-05-09,29,0,10,23,29,25,2.1,84,9.875,1010,15.625,31,22,23,113,113,113,0,5,12.5,météo favorable
2015-05-10,28,0,8,23,28,25,2.8,85,9.625,1012,17.5,31,22,23,356,113,113,0,6,12.5,météo favorable
2015-05-11,28,0,14,25,28,26,2.9,86,9.75,1012,27.625,31,22,25,176,116,113,0,5,12.5,météo favorable
2015-05-12,27,0,15,25,27,26,17.4,85,8.25,1012,39,31,24,25,176,356,359,0,5,12.4,météo très défavorable
2015-05-13,27,0,13,24,27,25,17.3,84,8.625,1012,44.75,30,24,24,176,356,359,0,6,12.4,météo très défavorable
2015-05-14,27,0,12,24,27,25,14.5,85,8.875,1012,36.5,30,23,25,356,356,356,0,6,12.4,météo très défavorable
2015-05-15,27,0,8,24,27,25,10.5,81,9,1011,34.875,30,23,24,176,176,356,0,6,12.4,météo très défavorable
2015-05-16,28,0,12,25,28,26,1.4,77,9.875,1012,23.25,31,22,25,113,113,176,0,7,12.4,météo favorable
2015-05-17,27,0,9,25,27,26,8.7,83,9.125,1011,25,30,23,25,176,356,176,0,5,12.4,météo très défavorable
2015-05-18,29,0,14,24,29,25,1.3,86,9.75,1012,17.625,32,23,24,176,113,113,0,5,12.4,météo favorable
2015-05-19,27,0,11,23,27,25,7.6,84,9.25,1012,21,30,22,24,176,176,356,0,5,12.4,météo favorable
2015-05-20,28,0,9,23,28,25,4.7,80,9.375,1014,26.25,30,22,23,176,116,176,0,5,12.5,météo favorable
2015-05-21,28,0,11,23,28,25,8.8,86,9.25,1014,16.625,31,22,23,113,113,356,0,6,12.5,météo très défavorable
2015-05-22,27,0,9,25,27,25,8.1,78,9.375,1013,30.875,30,22,25,116,176,356,0,5,12.5,météo très défavorable
2015-05-23,28,0,8,24,28,25,5.5,79,9.625,1012,19.25,30,22,24,176,113,176,0,5,12.5,météo favorable
2015-05-24,28,0,9,23,28,25,7.4,82,9.25,1012,21.5,30,23,23,176,176,356,0,5,12.5,météo favorable
2015-05-25,28,0,9,24,28,26,1.3,82,9.875,1012,18.875,31,22,24,113,113,176,0,6,12.5,météo favorable
2015-05-26,28,0,9,24,28,26,5.2,83,9.375,1013,17.625,31,23,24,113,176,356,0,5,12.4,météo favorable
2015-05-27,28,0,7,25,28,25,17.3,80,8.5,1012,33.625,30,22,25,356,176,176,0,5,12.4,météo très défavorable
2015-05-28,28,0,9,23,28,26,2.1,80,9.75,1011,14,31,21,23,113,113,113,0,5,12.4,météo favorable
2015-05-29,28,0,10,23,28,26,2,80,9.875,1012,10.125,30,22,23,113,113,113,0,5,12.4,météo favorable
2015-05-30,28,0,10,23,28,26,0.4,84,9.875,1012,19.375,31,22,23,113,113,176,0,6,12.4,météo favorable
2015-05-31,28,0,10,24,28,26,0.8,80,9.75,1012,23.625,31,22,24,113,113,176,0,5,12.5,météo favorable
2015-06-01,28,0,11,23,28,26,0.4,83,9.75,1011,13.75,31,22,23,113,113,176,0,5,12.5,météo favorable
2015-06-02,28,0,11,24,28,26,2.7,85,9.75,1011,17.5,32,24,24,176,113,176,0,6,12.5,météo favorable
2015-06-03,28,0,8,24,28,26,6.7,81,9.375,1012,34,31,22,24,176,353,176,0,5,12,météo très défavorable
2015-06-04,28,0,12,24,28,25,0.3,85,9.375,1011,41.625,31,22,24,263,113,113,0,6,11.7,météo favorable
2015-06-05,28,0,13,23,28,26,0,84,10,1011,9,31,22,23,113,113,113,0,6,12,météo favorable
2015-06-06,29,0,18,26,29,26,0.1,76,10,1010,10,32,22,26,113,113,113,0,7,12,météo favorable
2015-06-07,29,0,17,25,28,26,1.9,69,9.875,1011,8.625,31,21,25,113,113,113,0,6,12.1,météo favorable
2015-06-08,29,0,15,25,29,26,3.1,77,9.75,1010,10.625,31,22,25,176,113,113,0,6,12.1,météo favorable
2015-06-09,28,0,12,26,28,26,1.7,74,9.75,1010,18.25,31,23,26,113,176,176,0,7,11.6,météo favorable
2015-06-10,29,0,8,24,29,26,4.3,81,9.625,1010,22.125,31,22,24,176,113,176,0,5,11.6,météo favorable
2015-06-11,28,0,10,26,28,26,3.1,70,9.625,1010,30.625,31,22,26,176,116,176,0,5,11.6,météo favorable
2015-06-12,28,0,11,24,28,25,4.3,85,9.25,1010,38.625,31,23,24,353,176,353,0,5,11.6,météo favorable
2015-06-13,29,0,11,24,29,25,1.8,83,9.625,1009,14.625,31,22,24,176,113,176,0,5,11.6,météo favorable
2015-06-14,28,0,9,25,28,26,6.1,75,9.625,1010,20.625,31,22,25,176,113,176,0,5,11.6,météo favorable
2015-06-15,28,0,8,25,28,27,3.1,75,9.75,1009,31,31,22,25,176,116,116,0,5,11.6,météo favorable
2015-06-16,28,0,9,25,28,25,5.1,80,9.25,1010,47.625,31,22,25,176,263,353,0,7,8.8,météo très défavorable
2015-06-17,28,0,9,25,28,26,3,83,8.75,1009,29.375,31,22,25,263,176,176,0,6,11.6,météo favorable
2015-06-18,29,0,7,26,29,26,4.4,74,9.625,1009,25.625,31,22,26,176,113,176,0,5,11.6,météo favorable
2015-06-19,29,0,8,24,29,26,1.2,77,9.625,1010,34.375,31,21,24,176,176,176,0,6,11.6,météo favorable
2015-06-20,27,0,8,25,27,25,6.1,76,9.375,1011,42,29,21,25,176,356,176,0,5,11.6,météo très défavorable
2015-06-21,28,0,12,23,27,26,1.9,85,9.875,1012,36.625,30,22,23,353,176,116,0,6,11.6,météo favorable
2015-06-22,26,0,5,24,25,25,4.2,85,9.5,1011,35.625,29,23,24,176,353,293,0,5,11.6,météo très défavorable
2015-06-23,28,0,9,25,28,26,1,78,9.75,1011,21.375,31,23,25,176,113,113,0,6,11.6,météo favorable
2015-06-24,29,0,12,25,29,26,1.8,84,9.625,1011,21.25,32,24,26,176,113,176,0,6,11.6,météo favorable
2015-06-25,30,0,11,25,30,27,1.3,81,9.75,1012,26.75,33,23,25,116,113,176,0,6,11.6,météo favorable
2015-06-26,28,0,13,25,28,25,0.9,70,9.875,1012,15.125,31,22,25,113,113,176,0,7,11.6,météo favorable
2015-06-27,28,0,10,24,28,25,0,71,10,1013,8.25,31,22,24,113,113,113,0,7,11.6,météo favorable
2015-06-28,28,0,12,24,28,25,0,73,10,1014,10,31,21,24,113,113,113,0,6,11.6,météo favorable
2015-06-29,28,0,12,24,28,26,0.2,71,10,1013,10,31,22,24,113,113,113,0,7,11.6,météo favorable
2015-06-30,28,0,9,24,28,25,0,71,10,1013,9.375,30,21,24,113,113,113,0,7,11.6,météo favorable
2015-07-01,29,0,12,24,29,26,0.1,72,10,1013,13.125,31,21,24,113,113,116,0,7,11.6,météo favorable
2015-07-02,28,0,16,24,28,25,0,65,10,1012,6.625,30,20,24,113,113,113,0,7,11.6,météo favorable
2015-07-03,28,0,13,24,28,25,0.1,70,10,1012,13.125,29,21,24,113,113,116,0,6,11.6,météo favorable
2015-07-04,28,0,12,24,28,25,0,73,10,1010,7,30,21,24,113,113,113,0,7,11.6,météo favorable
2015-07-05,28,0,12,25,28,25,0,65,10,1011,3.5,30,20,26,113,113,113,0,6,11.6,météo favorable
2015-07-06,28,0,9,24,28,24,0,68,10,1011,0.625,30,21,24,113,113,113,0,6,11.6,météo favorable
2015-07-07,28,0,13,24,28,25,0,68,10,1010,1.5,30,21,24,113,113,113,0,6,11.6,météo favorable
2015-07-08,28,0,13,23,28,26,0,72,10,1011,10.875,30,22,24,113,113,116,0,6,11.6,météo favorable
2015-07-09,28,0,12,24,28,26,0,76,10,1012,6,31,22,25,113,113,113,0,6,11.6,météo favorable
2015-07-10,29,0,15,25,29,25,0.9,74,9.875,1012,6.875,31,23,25,113,113,176,0,7,11.6,météo favorable
2015-07-11,28,0,9,24,28,25,0.4,74,9.875,1013,11.75,31,22,24,113,113,176,0,7,11.6,météo favorable
2015-07-12,29,0,13,24,29,26,0.2,75,10,1013,6.25,31,23,24,113,113,113,0,6,11.6,météo favorable
2015-07-13,29,0,12,24,29,26,0.2,80,10,1012,6.125,31,22,24,113,113,113,0,7,11.6,météo favorable
2015-07-14,28,0,13,23,28,26,0.4,83,10,1011,8.375,30,22,23,113,113,113,0,6,11.6,météo favorable
2015-07-15,28,0,14,24,28,25,3.1,74,9.75,1011,7.875,30,21,24,113,113,113,0,6,11.6,météo favorable
2015-07-16,28,0,11,22,28,25,1.7,82,9.875,1012,10.375,30,22,22,176,113,113,0,5,11.6,météo favorable
2015-07-17,28,0,11,22,28,25,0.4,88,9.875,1012,12.75,30,22,22,113,113,176,0,6,11.6,météo favorable
2015-07-18,26,0,9,23,26,25,5.1,90,9.625,1012,31.25,29,23,23,353,113,356,0,6,11.6,météo favorable
2015-07-19,27,0,11,23,27,25,2.9,87,9.625,1012,27,30,23,23,113,176,176,0,5,11.6,météo favorable
2015-07-20,28,0,8,22,28,25,6,80,9.375,1012,30.5,29,21,22,176,353,176,0,5,11.6,météo très défavorable
2015-07-21,27,0,8,23,27,25,4,74,9.5,1013,35,29,20,23,176,353,176,0,5,11.6,météo très défavorable
2015-07-22,28,0,10,24,28,25,0.6,73,9.875,1014,22.375,30,20,24,176,116,113,0,5,11.6,météo favorable
2015-07-23,28,0,9,22,28,25,5.9,79,9.125,1014,36.5,30,21,23,176,176,176,0,5,11.6,météo favorable
2015-07-24,28,0,13,23,28,25,1,72,10,1014,31.375,30,21,23,116,113,113,0,5,11.6,météo favorable
2015-07-25,28,0,11,22,28,25,0,77,10,1013,12,30,21,22,113,113,113,0,6,11.6,météo favorable
2015-07-26,28,0,9,22,28,25,1.8,79,9.625,1014,17.5,30,21,22,176,176,176,0,6,11.6,météo favorable
2015-07-27,28,0,6,22,28,25,2.3,81,9.75,1014,17.875,30,22,22,176,113,113,0,5,11.6,météo favorable
2015-07-28,28,0,8,23,28,26,4.5,78,9.375,1013,20.125,31,22,23,176,113,176,0,5,11.6,météo favorable
2015-07-29,28,0,11,25,28,25,5.3,76,9.375,1012,37.625,31,22,25,176,176,299,0,5,11.6,météo favorable
2015-07-30,28,0,9,24,28,26,3.8,82,8.875,1012,53.125,30,22,24,116,176,356,0,5,10.2,météo favorable
2015-07-31,28,0,11,24,27,26,2.7,88,9.875,1011,51.125,30,22,24,116,116,116,0,5,11.6,météo favorable
2015-08-01,28,0,11,23,28,25,1.1,83,9.875,1011,18.125,30,21,24,113,113,176,0,6,11.6,météo favorable
2015-08-02,28,0,8,22,28,25,1.4,84,9.875,1012,14.125,30,22,22,113,113,113,0,5,11.6,météo favorable
2015-08-03,28,0,11,24,28,25,0.6,82,10,1011,15,30,21,24,113,113,116,0,6,11.6,météo favorable
2015-08-04,28,0,13,24,28,25,0.1,74,10,1011,19.375,30,22,24,113,113,116,0,6,10.2,météo favorable
2015-08-05,28,0,10,23,28,25,1.2,75,9.875,1010,18.375,30,21,23,113,113,176,0,6,11.6,météo favorable
2015-08-06,28,0,10,22,28,26,0,80,10,1011,5.375,29,20,22,113,113,113,0,6,11.6,météo favorable
2015-08-07,28,0,14,24,28,25,0,68,10,1011,13.625,30,21,24,113,113,113,0,6,11.6,météo favorable
2015-08-08,28,0,11,22,28,26,0,79,10,1012,12.125,30,22,22,113,113,113,0,6,11.6,météo favorable
2015-08-09,28,0,14,23,28,26,2.8,84,9.625,1011,19.875,31,22,23,116,113,356,0,6,11.6,météo favorable
2015-08-10,29,0,15,24,29,26,1.2,74,9.875,1012,4.75,31,22,24,113,113,113,0,5,11.6,météo favorable
2015-08-11,29,0,14,22,29,26,0.4,80,10,1013,8.375,31,23,23,113,113,113,0,6,11.6,météo favorable
2015-08-12,28,0,10,24,28,26,0.7,86,9.75,1012,23.125,31,23,24,176,113,176,0,6,11.6,météo favorable
2015-08-13,28,0,10,22,28,25,9.5,85,8.875,1013,20.25,30,22,22,176,113,359,0,5,11.6,météo très défavorable
2015-08-14,28,0,9,23,28,25,1.4,86,9.75,1012,10.75,30,22,23,176,113,113,0,5,11.6,météo favorable
2015-08-15,28,0,10,23,28,26,0.5,84,10,1013,8.625,30,22,23,113,113,113,0,6,11.6,météo favorable
2015-08-16,28,0,13,23,28,25,0.2,89,10,1013,16.25,30,22,23,113,113,113,0,6,11.6,météo favorable
2015-08-17,28,0,12,23,28,25,0,85,10,1012,6.5,30,20,23,113,113,113,0,6,11.6,météo favorable
2015-08-18,28,0,12,23,28,26,0,80,10,1012,11.375,30,21,24,113,113,113,0,6,11.6,météo favorable
2015-08-19,28,0,9,22,28,25,0.1,85,10,1012,11.25,30,21,22,113,113,113,0,6,11.6,météo favorable
2015-08-20,28,0,9,22,28,25,0,79,10,1012,10.5,30,21,22,113,113,113,0,6,11.6,météo favorable
2015-08-21,28,0,10,23,28,26,1.5,76,9.75,1013,17.625,30,21,23,176,176,113,0,6,11.6,météo favorable
2015-08-22,29,0,15,24,29,26,5,75,9.75,1013,15.625,31,21,24,113,113,176,0,5,11.6,météo favorable
2015-08-23,29,0,13,24,29,26,1.9,73,9.75,1013,21.5,31,20,24,176,113,113,0,5,11.6,météo favorable
2015-08-24,29,0,12,26,29,26,4.4,65,9.625,1013,20.875,31,20,26,176,176,113,0,6,11.6,météo favorable
2015-08-25,28,0,10,23,28,26,2,72,9.75,1013,16.5,30,21,23,113,113,176,0,6,11.6,météo favorable
2015-08-26,28,0,9,23,28,26,6.6,79,9.375,1013,25.375,30,22,23,176,113,356,0,5,11.6,météo favorable
2015-08-27,28,0,9,24,28,25,13.1,81,9.125,1012,39.125,30,22,24,353,176,356,0,5,11.6,météo très défavorable
2015-08-28,28,0,12,24,28,25,2.3,84,9.75,1012,19,31,21,24,176,113,176,0,6,11.6,météo favorable
2015-08-29,28,0,10,23,28,25,1,81,10,1013,12.5,30,21,23,113,113,113,0,6,11.6,météo favorable
2015-08-30,28,0,9,22,28,25,0.1,84,10,1013,15.625,30,21,22,113,113,113,0,6,11.6,météo favorable
2015-08-31,28,0,12,23,28,25,4.3,87,9.5,1013,19.5,31,23,23,113,113,356,0,5,11.6,météo favorable
2015-09-01,26,0,9,24,26,25,1.6,81,9.875,1012,25.625,28,21,24,113,113,113,0,6,11.6,météo favorable
2015-09-02,26,0,9,23,26,24,6.4,83,9.375,1012,64.875,28,21,23,356,356,305,0,5,7.4,météo très défavorable
2015-09-03,28,0,10,22,28,26,0.1,82,10,1014,12.75,31,22,23,113,113,113,0,6,11.6,météo favorable
2015-09-04,28,0,10,23,28,27,3.2,85,9.375,1014,13.375,31,22,23,176,113,176,0,5,12.1,météo favorable
2015-09-05,26,0,9,23,26,24,3.9,84,9.625,1011,63.25,29,21,23,305,299,305,0,6,10.3,météo très défavorable
2015-09-06,27,0,9,23,27,24,3,82,9.25,1011,61.875,29,21,23,299,176,176,0,5,10.3,météo très défavorable
2015-09-07,29,0,8,23,28,26,0.2,76,10,1013,14,31,20,23,113,113,113,0,6,12.5,météo favorable
2015-09-08,28,0,11,26,28,26,0.6,72,9.875,1012,10.5,30,22,26,113,113,176,0,6,12.5,météo favorable
2015-09-09,29,0,13,23,29,26,4.1,82,9.625,1013,7.375,31,22,23,113,113,113,0,5,12.5,météo favorable
2015-09-10,28,0,9,23,28,25,1.1,83,10,1014,20,30,22,23,113,113,116,0,6,12.5,météo favorable
2015-09-11,29,0,10,25,28,26,0.2,76,10,1012,19,32,22,25,113,113,113,0,7,12.5,météo favorable
2015-09-12,28,0,11,24,28,25,4.3,84,9.625,1013,19.375,30,21,24,113,113,113,0,5,12.5,météo favorable
2015-09-13,29,0,9,23,29,26,0.2,81,10,1013,6.75,31,21,23,113,113,113,0,6,12.5,météo favorable
2015-09-14,29,0,10,23,29,25,3.1,83,9.625,1012,10.375,31,22,23,113,113,356,0,6,12.5,météo favorable
2015-09-15,27,0,9,24,27,25,3.7,82,9.5,1011,33.75,30,23,24,116,176,356,0,6,12.5,météo favorable
2015-09-16,28,0,9,24,27,27,6.6,80,9.5,1011,34.25,31,22,24,116,176,176,0,5,12.5,météo favorable
2015-09-17,27,0,9,23,27,24,3.6,85,9.625,1011,51.25,29,21,23,176,176,356,0,6,10.5,météo favorable
2015-09-18,27,0,9,23,27,24,4,84,9.375,1011,56.75,29,21,23,299,305,305,0,5,10.5,météo très défavorable
2015-09-19,27,0,9,23,27,24,5,81,9.5,1011,55,29,21,23,299,305,356,0,5,10.5,météo très défavorable
2015-09-20,27,0,10,23,27,24,1.7,83,9.5,1011,56.75,29,21,23,176,176,299,0,5,10.5,météo très défavorable
2015-09-21,29,0,13,25,29,26,0.1,68,10,1011,12.125,32,22,25,113,113,113,0,6,12.5,météo favorable
2015-09-22,29,0,9,25,29,25,1.6,70,10,1011,20.625,32,22,25,113,113,353,0,7,12.5,météo favorable
2015-09-23,28,0,11,23,28,26,0.8,86,10,1011,21.875,31,22,24,113,113,116,0,5,12.5,météo favorable
2015-09-24,28,0,8,23,28,25,4.1,85,9.5,1011,35,31,22,23,176,176,176,0,5,11.6,météo favorable
2015-09-25,28,0,13,23,28,26,4.1,81,9.5,1011,19.25,31,22,23,113,113,176,0,5,11.6,météo favorable
2015-09-26,28,0,7,23,28,25,1,84,9.875,1011,11.125,30,22,23,113,113,113,0,5,11.6,météo favorable
2015-09-27,29,0,14,24,29,25,0.5,84,10,1012,7,31,22,24,113,113,113,0,6,11.6,météo favorable
2015-09-28,29,0,15,24,29,25,0.7,81,10,1012,4,31,22,24,113,113,113,0,6,11.6,météo favorable
2015-09-29,29,0,10,23,29,25,0.9,83,9.875,1013,10.25,31,22,23,113,113,176,0,6,11.6,météo favorable
2015-09-30,28,0,12,24,27,25,2.6,83,9.5,1014,27.25,31,23,24,176,176,176,0,5,11.6,météo favorable
2015-10-01,27,0,9,24,26,25,2.9,78,9.5,1015,18.875,29,22,24,176,176,176,0,5,11.6,météo favorable
2015-10-02,29,0,11,24,29,24,0.6,75,9.875,1015,11.5,30,21,24,176,113,113,0,6,11.6,météo favorable
2015-10-03,29,0,10,24,29,25,3.2,73,9.75,1015,12.5,30,21,24,176,113,176,0,6,11.6,météo favorable
2015-10-04,29,0,9,24,29,26,1.3,76,9.75,1014,26.625,31,22,24,113,113,176,0,5,11.6,météo favorable
2015-10-05,28,0,11,25,28,25,0.6,72,9.875,1012,14.5,31,22,25,113,113,176,0,7,11.6,météo favorable
2015-10-06,29,0,12,25,28,26,0.1,74,10,1012,10.5,31,22,25,113,113,116,0,7,11.6,météo favorable
2015-10-07,29,0,12,25,29,26,0,74,10,1012,10,32,21,25,113,113,116,0,7,11.6,météo favorable
2015-10-08,28,0,11,23,28,25,2,84,9.875,1013,17.625,31,23,23,113,113,176,0,6,11.6,météo favorable
2015-10-09,29,0,10,23,29,25,0.3,83,9.875,1014,19.25,31,21,23,113,113,176,0,6,11.6,météo favorable
2015-10-10,28,0,9,23,28,25,4.1,84,9.75,1014,26.375,30,22,23,176,113,353,0,5,11.6,météo favorable
2015-10-11,28,0,9,24,28,25,2.1,82,9.875,1014,14.75,31,22,24,113,113,176,0,6,11.6,météo favorable
2015-10-12,28,0,10,24,28,26,1.6,85,9.875,1014,24.625,30,21,24,176,113,119,0,6,11.6,météo favorable
2015-10-13,29,0,10,24,29,25,0,71,10,1012,5,31,21,24,113,113,113,0,6,11.6,météo favorable
2015-10-14,29,0,12,24,29,25,0,71,10,1012,3.25,32,20,24,113,113,113,0,7,11.6,météo favorable
2015-10-15,29,0,12,24,29,25,0,65,10,1011,5.625,31,20,24,113,113,113,0,7,11.6,météo favorable
2015-10-16,28,0,9,23,28,25,0.1,80,10,1011,16.125,31,22,23,113,113,116,0,6,11.6,météo favorable
2015-10-17,29,0,10,23,29,25,0.4,84,9.875,1012,8.125,31,22,23,113,113,113,0,6,11.6,météo favorable
2015-10-18,29,0,13,22,29,24,0,85,10,1012,2.375,31,22,22,113,113,113,0,6,11.6,météo favorable
2015-10-19,29,0,13,22,29,24,0.1,83,10,1013,1.5,31,21,22,113,113,113,0,6,11.6,météo favorable
2015-10-20,29,0,12,24,29,24,0,83,10,1013,2,32,21,24,113,113,113,0,6,11.6,météo favorable
2015-10-21,29,0,14,24,29,26,0.1,80,10,1012,7.125,32,23,24,113,113,113,0,6,11.6,météo favorable
2015-10-22,29,0,17,24,29,26,0.2,86,10,1013,12,32,22,24,113,113,113,0,6,11.6,météo favorable
2015-10-23,29,0,13,23,29,25,8.1,80,9.25,1014,13.125,31,21,23,176,113,176,0,5,11.6,météo très défavorable
2015-10-24,27,0,10,25,27,24,13,74,8.5,1013,31.625,29,21,25,356,356,305,0,5,11.6,météo très défavorable
2015-10-25,29,0,12,25,27,25,0,78,10,1012,38,31,21,25,176,176,113,0,5,11.6,météo favorable
2015-10-26,28,0,11,24,28,26,0.1,70,10,1013,11,31,22,25,113,113,113,0,6,11.6,météo favorable
2015-10-27,29,0,13,23,29,26,7.6,82,9.125,1013,15.625,31,22,23,176,176,176,0,5,11.6,météo favorable
2015-10-28,29,0,15,24,29,25,3,78,9.625,1013,16.5,31,20,24,113,113,113,0,5,11.6,météo favorable
2015-10-29,29,0,11,24,29,26,3.4,73,9.625,1013,11.25,31,22,24,113,113,113,0,5,11.6,météo favorable
2015-10-30,29,0,13,23,29,26,2,81,9.625,1013,15.25,32,21,23,176,176,176,0,6,11.6,météo favorable
2015-10-31,29,0,12,24,29,26,5.8,82,9.375,1012,17.875,32,23,24,176,176,356,0,6,11.6,météo favorable
2015-11-01,28,0,9,25,28,26,8.7,80,9.25,1011,22,31,23,25,176,176,356,0,6,11.6,météo très défavorable
2015-11-02,29,0,13,24,29,27,12.6,80,8.875,1012,19.75,32,22,24,176,176,356,0,5,11.6,météo très défavorable
2015-11-03,29,0,14,24,29,26,4.8,76,9.5,1012,23.75,32,22,24,176,176,176,0,5,11.6,météo favorable
2015-11-04,29,0,8,24,29,26,6.6,79,9.375,1011,23,31,21,24,176,113,113,0,5,11.6,météo favorable
2015-11-05,28,0,11,24,28,25,5.9,83,9.625,1011,26.875,31,23,24,113,116,356,0,6,11.6,météo favorable
2015-11-06,29,0,13,24,29,26,4.7,83,9.5,1011,16.375,32,22,24,176,113,113,0,5,11.6,météo favorable
2015-11-07,29,0,9,24,29,25,2.6,75,9.75,1012,15.125,31,22,24,176,113,113,0,5,11.6,météo favorable
2015-11-08,29,0,11,23,29,26,1.7,85,9.75,1012,13.375,31,22,23,176,113,176,0,6,11.6,météo favorable
2015-11-09,29,0,10,24,29,26,4.7,80,9.5,1011,22.625,32,23,24,113,113,176,0,5,11.6,météo favorable
2015-11-10,30,0,8,25,30,27,7.1,81,9.375,1012,27.625,32,23,25,176,113,176,0,6,11.6,météo favorable
2015-11-11,29,0,9,25,29,26,4.7,82,9.375,1011,22.375,31,22,25,356,176,113,0,6,11.6,météo favorable
2015-11-12,29,0,12,24,29,26,1.3,84,9.75,1012,13.375,32,22,24,113,176,176,0,6,11.6,météo favorable
2015-11-13,29,0,11,25,29,26,1.5,73,9.75,1011,17.625,32,23,25,176,113,113,0,6,11.6,météo favorable
2015-11-14,28,0,14,25,28,26,6.5,81,8.5,1011,35.625,31,23,25,176,356,263,0,6,10.2,météo très défavorable
2015-11-15,28,0,14,25,27,25,7.7,84,9.25,1011,42.125,30,23,25,176,356,293,0,5,11.6,météo très défavorable
2015-11-16,27,0,7,25,27,25,8.4,82,9.125,1011,38.875,30,22,25,356,176,116,0,6,11.6,météo très défavorable
2015-11-17,29,0,10,24,29,26,3.3,85,9.5,1010,13.375,31,23,24,356,113,113,0,5,11.6,météo favorable
2015-11-18,29,0,10,24,29,26,7.3,82,9.125,1011,16.875,32,24,24,356,113,356,0,5,11.6,météo favorable
2015-11-19,29,0,10,25,29,26,2.7,78,9.75,1010,22.75,32,23,26,176,176,116,0,7,11.6,météo favorable
2015-11-20,29,0,13,25,29,26,9,83,9.125,1010,34.25,32,23,25,356,176,113,0,6,11.6,météo très défavorable
2015-11-21,29,0,9,25,29,26,5.6,84,9.5,1009,19.75,32,24,26,176,176,176,0,6,11.6,météo favorable
2015-11-22,28,0,12,25,28,26,3.9,81,9.625,1009,26.375,31,23,25,176,176,176,0,6,11.6,météo favorable
2015-11-23,29,0,12,24,29,26,1.1,74,9.625,1010,19.125,33,22,24,176,176,176,0,6,11.6,météo favorable
2015-11-24,29,0,12,24,29,25,2.1,80,9.875,1010,10.25,32,22,24,113,113,113,0,5,11.6,météo favorable
2015-11-25,29,0,9,24,29,26,1.5,79,9.875,1010,14.75,32,22,24,176,113,113,0,6,11.6,météo favorable
2015-11-26,29,0,8,24,29,25,8.6,81,9.25,1011,22.5,31,21,24,176,176,176,0,5,11.6,météo très défavorable
2015-11-27,29,0,9,24,29,26,0.8,76,9.75,1011,14.375,31,22,24,176,176,113,0,6,11.6,météo favorable
2015-11-28,29,0,13,24,29,26,2.1,83,9.75,1012,12.5,32,22,24,113,113,176,0,5,11.6,météo favorable
2015-11-29,28,0,14,25,28,26,2.3,81,9.75,1011,17.375,31,23,25,113,176,176,0,6,11.6,météo favorable
2015-11-30,27,0,13,25,27,26,13.4,83,8.875,1011,56.5,30,23,25,353,296,293,0,6,8.8,météo très défavorable
2015-12-01,29,0,14,25,29,26,10.5,85,8.5,1010,33.125,32,24,25,356,176,356,0,6,11.6,météo très défavorable
2015-12-02,28,0,12,26,28,26,13.4,82,8.375,1012,32.875,31,23,26,356,356,116,0,6,11.6,météo très défavorable
2015-12-03,27,0,13,26,26,27,5.7,85,9.5,1012,41.125,31,24,26,356,116,116,0,6,10.2,météo favorable
2015-12-04,27,0,12,26,27,26,2.7,82,9.625,1011,36.875,31,24,26,116,116,356,0,7,11.6,météo favorable
2015-12-05,28,0,9,25,28,26,0,82,10,1012,26.75,31,22,25,116,113,116,0,6,11.6,météo favorable
2015-12-06,29,0,9,24,29,27,2.5,82,9.75,1011,9.25,32,23,24,176,113,113,0,7,12.5,météo favorable
2015-12-07,28,0,10,24,28,26,13.3,86,8.875,1012,17.625,32,24,24,176,176,359,0,7,12.5,météo très défavorable
2015-12-08,28,0,9,25,28,26,12.6,80,9,1012,28,32,24,25,176,176,356,0,6,12.5,météo très défavorable
2015-12-09,28,0,11,26,28,26,4.8,82,9.5,1012,32.625,32,23,26,356,176,113,0,6,12.5,météo favorable
2015-12-10,29,0,8,24,29,27,0.2,83,9.875,1011,15.25,32,24,24,113,113,176,0,6,12.5,météo favorable
2015-12-11,29,0,8,25,29,26,6.8,83,9.5,1010,24.75,33,24,25,113,113,356,0,6,12.5,météo favorable
2015-12-12,28,0,9,25,28,26,4.4,83,9.625,1011,33.875,32,23,25,116,356,116,0,7,12.5,météo très défavorable
2015-12-13,28,0,10,25,28,26,4.5,83,9.5,1010,25.375,32,24,25,113,176,356,0,7,12.5,météo favorable
2015-12-14,28,0,9,25,28,26,1.4,80,9.875,1010,17.875,31,23,25,113,113,116,0,6,12.5,météo favorable
2015-12-15,26,0,13,25,26,26,5.6,84,9,1009,49.125,29,23,25,116,299,263,0,6,12.5,météo très défavorable
2015-12-16,27,0,6,25,26,26,2.8,87,9.25,1010,62.125,30,23,25,296,263,113,0,6,11.8,météo très défavorable
2015-12-17,28,0,12,25,28,26,2.8,83,9.875,1009,29.625,32,24,25,176,353,116,0,7,12.5,météo très défavorable
2015-12-18,27,0,11,25,27,26,0.7,82,10,1010,31.75,29,22,25,113,113,113,0,7,12.5,météo favorable
2015-12-19,27,0,8,24,27,25,1.8,83,9.75,1010,60.875,29,22,24,299,176,176,0,5,10.5,météo très défavorable
2015-12-20,27,0,8,24,27,25,4,84,9.75,1010,59.375,29,22,24,299,305,305,0,5,10.5,météo très défavorable
2015-12-21,28,0,22,26,28,26,0,77,10,1012,23.375,32,23,26,116,113,113,0,6,12.5,météo favorable
2015-12-22,28,0,15,25,28,25,8.7,75,9.125,1013,25.75,30,23,25,176,176,356,0,6,12.5,météo très défavorable
2015-12-23,28,0,21,25,28,26,1.1,78,9.75,1012,39.25,30,22,25,176,116,116,0,5,12.5,météo favorable
2015-12-24,28,0,23,25,28,25,0.6,81,9.875,1011,37.5,30,23,25,116,176,116,0,7,12.5,météo favorable
2015-12-25,28,0,18,24,28,26,0,76,10,1011,26.5,31,23,24,116,113,116,0,6,12.5,météo favorable
2015-12-26,29,0,14,24,29,26,0.1,79,10,1012,18.5,31,23,24,113,113,116,0,6,12.5,météo favorable
2015-12-27,28,0,14,25,28,26,9.5,83,9.375,1013,27,31,23,25,176,116,356,0,6,12.5,météo très défavorable
2015-12-28,27,0,17,24,27,26,8.8,83,8.875,1014,29.75,30,23,24,176,176,356,0,6,12.1,météo très défavorable
2015-12-29,26,0,9,23,26,25,4.9,85,9.5,1009,61.125,29,22,23,299,176,356,0,5,10.3,météo très défavorable
2015-12-30,27,0,13,24,27,25,7.5,84,9.375,1012,27.875,30,23,24,113,176,356,0,6,11.6,météo favorable
2015-12-31,27,0,18,25,27,26,7.8,85,9.25,1013,32.75,30,24,25,113,356,356,0,7,10.2,météo très défavorable
2016-01-01,27,0,14,24,27,26,5,84,9.625,1014,30.25,31,23,24,176,176,353,0,6,11.6,météo favorable
2016-01-02,27,0,12,24,27,25,8.1,83,9.25,1014,28.25,30,23,24,113,356,356,0,5,11.6,météo très défavorable
2016-01-03,27,0,15,24,27,25,11.5,85,9.25,1014,32.125,30,23,24,113,353,356,0,5,11.6,météo très défavorable
2016-01-04,26,0,13,24,26,26,15.2,85,8.875,1015,33.75,29,23,24,176,356,356,0,5,11.6,météo très défavorable
2016-01-05,26,0,8,24,26,25,2.9,83,9.625,1009,64.25,29,22,24,299,176,299,0,5,7.4,météo très défavorable
2016-01-06,28,0,14,24,28,26,9.6,86,9.125,1014,27.75,31,24,24,356,113,356,0,5,11.6,météo très défavorable
2016-01-07,28,0,14,25,28,26,9.1,83,9.375,1013,16.125,31,23,25,113,386,356,0,5,11.6,météo très défavorable
2016-01-08,28,0,8,25,28,26,5,82,9.5,1014,21.875,31,23,25,176,113,116,0,5,11.6,météo favorable
2016-01-09,28,0,8,24,28,26,0.1,88,10,1014,23.75,31,23,24,113,113,116,0,6,11.6,météo favorable
2016-01-10,28,0,13,23,28,25,5.3,86,9.25,1014,20.125,30,23,23,176,176,356,0,5,11.6,météo favorable
2016-01-11,27,0,8,24,27,25,9.5,83,9.125,1013,43.875,30,22,24,356,356,353,0,5,8.8,météo très défavorable
2016-01-12,28,0,11,26,28,26,2.2,75,10,1014,38.125,30,21,26,116,353,116,0,7,11.6,météo très défavorable
2016-01-13,29,0,9,24,29,27,0.7,74,9.875,1014,21.25,31,22,24,113,176,113,0,7,11.6,météo favorable
2016-01-14,28,0,11,24,28,26,0.2,84,9.875,1012,17,31,23,24,176,113,116,0,6,11.6,météo favorable
2016-01-15,27,0,10,24,27,26,4.8,86,9.375,1011,19.125,30,23,25,176,356,176,0,6,11.6,météo très défavorable
2016-01-16,28,0,15,24,28,26,0.2,85,10,1010,18.25,31,22,24,113,113,113,0,7,11.6,météo favorable
2016-01-17,29,0,12,23,29,26,1.5,84,9.75,1011,20.125,32,23,24,113,113,176,0,5,11.6,météo favorable
2016-01-18,29,0,10,25,29,27,0.6,80,9.875,1011,32,32,23,25,176,116,113,0,7,11.6,météo favorable
2016-01-19,29,0,12,24,29,27,5.1,84,9.5,1012,19.875,32,23,24,176,176,176,0,6,11.6,météo favorable
2016-01-20,29,0,12,25,29,27,0,82,10,1013,25.75,32,23,25,113,113,116,0,7,11.6,météo favorable
2016-01-21,28,0,16,25,28,25,0.8,85,9.875,1012,32.375,31,23,25,113,176,116,0,7,11.6,météo favorable
2016-01-22,28,0,15,24,28,25,6.2,83,9.625,1011,50,31,23,25,353,116,356,0,6,10.2,météo favorable
2016-01-23,27,0,15,25,27,25,6.6,84,8.875,1013,64,30,23,25,296,353,266,0,6,7.4,météo très défavorable
2016-01-24,25,0,15,25,25,24,0.6,81,9,1014,64.125,27,22,25,266,116,116,0,6,10.2,météo très défavorable
2016-01-25,26,0,16,24,26,25,0,86,10,1014,40.125,29,23,24,116,116,116,0,6,10.2,météo favorable
2016-01-26,27,0,14,24,27,25,0,78,10,1014,29.375,30,22,24,113,116,116,0,6,11.6,météo favorable
2016-01-27,27,0,11,24,27,25,2.4,81,9.875,1014,43.375,30,22,24,116,113,353,0,5,10.2,météo favorable
2016-01-28,28,0,15,24,28,25,2.4,78,9.25,1013,33.25,30,23,25,263,116,353,0,5,11.6,météo favorable
2016-01-29,27,0,12,24,27,25,3.7,85,9.5,1012,39.875,30,24,24,176,116,356,0,6,11.6,météo favorable
2016-01-30,26,0,14,24,26,25,7.4,85,9.5,1011,45.375,29,23,24,176,356,353,0,5,11.6,météo très défavorable
2016-01-31,27,0,15,25,27,25,4,81,9.625,1011,37,31,23,25,176,176,353,0,5,11.6,météo favorable
2016-02-01,28,0,11,24,28,26,3.1,85,9.75,1011,39,31,23,24,176,176,116,0,5,10.2,météo favorable
2016-02-02,27,0,11,25,27,26,2.8,85,9.875,1011,40.375,30,24,25,116,116,353,0,6,11.6,météo favorable
2016-02-03,28,0,12,25,27,27,8.2,83,9.125,1011,23.75,31,23,25,176,356,116,0,5,11.6,météo très défavorable
2016-02-04,28,0,13,25,28,26,0.5,75,9.875,1011,16,31,22,25,113,113,176,0,6,11.6,météo favorable
2016-02-05,28,0,16,25,28,26,0.8,72,9.875,1011,21.75,30,22,25,113,113,116,0,6,11.6,météo favorable
2016-02-06,27,0,11,24,27,26,0,81,10,1010,41.25,30,21,24,116,116,116,0,6,11.6,météo favorable
2016-02-07,27,0,16,25,27,25,0.1,83,10,1011,57.125,30,23,25,116,119,116,0,6,10.2,météo très défavorable
2016-02-08,28,0,16,24,28,26,2.2,86,10,1012,43.125,31,23,24,353,116,116,0,5,11.6,météo favorable
2016-02-09,29,0,14,24,29,26,1,72,9.875,1011,18.875,32,23,24,113,113,176,0,6,11.6,météo favorable
2016-02-10,27,0,18,25,27,25,6.3,79,9.375,1010,46.125,30,23,25,176,356,119,0,6,10.2,météo très défavorable
2016-02-11,27,0,18,24,27,26,2.4,85,9.875,1011,42.25,30,23,25,353,353,176,0,6,8.8,météo très défavorable
2016-02-12,28,0,15,24,28,25,5.9,83,9.625,1012,16.75,31,23,24,113,113,356,0,7,11.6,météo favorable
2016-02-13,27,0,14,24,27,25,21.1,85,8.75,1013,56.125,30,23,24,353,356,359,0,5,10.2,météo très défavorable
2016-02-14,25,0,13,24,25,25,31.8,88,7.875,1013,54.75,28,23,24,356,359,356,0,5,10.2,météo très défavorable
2016-02-15,25,0,16,24,25,24,10.3,87,9.125,1013,57.375,28,23,24,176,356,302,0,6,7.4,météo très défavorable
2016-02-16,26,0,16,24,26,25,6,84,8.5,1014,55.125,30,23,24,116,176,356,0,5,8.8,météo très défavorable
2016-02-17,27,0,17,24,27,25,9.7,86,9,1013,40.375,30,23,24,113,176,359,0,6,11.6,météo très défavorable
2016-02-18,27,0,18,24,27,25,0,85,10,1013,29.5,29,22,24,113,113,116,0,6,11.6,météo favorable
2016-02-19,27,0,13,23,27,26,0.1,82,10,1014,29,30,22,23,113,113,119,0,6,10.2,météo favorable
2016-02-20,28,0,11,23,28,26,0,84,10,1013,37.25,30,23,23,113,113,116,0,6,11.6,météo favorable
2016-02-21,27,0,12,24,27,26,4.4,87,9.375,1014,50.75,30,24,24,176,356,353,0,5,8.8,météo très défavorable
2016-02-22,28,0,11,24,28,26,0.1,87,10,1014,22.25,31,23,24,116,113,113,0,6,11.6,météo favorable
2016-02-23,27,0,15,24,27,26,5,83,9.5,1013,25,30,24,24,176,176,176,0,5,11.6,météo favorable
2016-02-24,27,0,15,24,26,26,17.3,86,8.625,1012,35.875,30,24,24,113,356,359,0,5,11.6,météo très défavorable
2016-02-25,26,0,14,25,26,25,6.2,84,9.625,1013,64.875,30,23,25,119,116,119,0,6,10.2,météo très défavorable
2016-02-26,28,0,14,25,28,26,0,85,10,1013,65,31,23,25,119,116,119,0,7,10.2,météo très défavorable
2016-02-27,29,0,11,24,29,27,0.1,87,10,1013,16.875,32,24,25,113,113,113,0,7,11.6,météo favorable
2016-02-28,27,0,14,25,27,26,11.2,87,9,1013,21.5,31,24,25,113,176,359,0,7,11.6,météo très défavorable
2016-02-29,28,0,14,24,28,26,0.1,86,10,1013,29.25,32,24,24,113,113,116,0,6,11.6,météo favorable
2016-03-01,27,0,16,25,27,26,2.1,86,9.75,1013,27.875,31,24,25,116,116,176,0,6,11.6,météo favorable
2016-03-02,29,0,10,24,29,27,3.5,86,9.5,1014,24.25,32,23,25,356,113,113,0,6,11.6,météo favorable
2016-03-03,29,0,11,25,29,26,5.6,84,9.5,1014,19.5,32,23,25,176,113,356,0,7,11.6,météo favorable
2016-03-04,28,0,10,24,28,26,4.5,73,9.75,1013,22,30,23,24,176,176,116,0,7,11.6,météo favorable
2016-03-05,28,0,12,24,28,26,3.1,80,9.5,1012,30.125,31,23,24,176,113,176,0,6,11.6,météo favorable
2016-03-06,27,0,13,25,27,26,10,83,9.5,1013,46.5,31,23,25,353,176,353,0,6,10.2,météo très défavorable
2016-03-07,27,0,14,24,27,26,2.7,86,9.75,1012,34.125,31,24,25,176,176,116,0,7,11.6,météo favorable
2016-03-08,28,0,16,25,28,26,5.8,78,9.375,1012,31.25,31,23,25,116,176,356,0,6,11.6,météo favorable
2016-03-09,29,0,10,24,29,27,4.4,79,9.5,1012,28.5,32,23,24,113,356,113,0,5,11.6,météo très défavorable
2016-03-10,28,0,13,24,28,26,4.8,82,9.5,1013,32.75,32,24,25,116,113,176,0,6,11.6,météo favorable
2016-03-11,29,0,12,24,29,27,2,82,9.875,1013,29,32,23,24,176,113,113,0,7,11.6,météo favorable
2016-03-12,28,0,15,24,28,25,3.8,83,9.625,1012,41.875,31,23,24,116,116,356,0,7,10.2,météo favorable
2016-03-13,29,0,13,24,29,26,2.3,75,9.75,1013,39.625,31,22,24,176,116,176,0,6,11.6,météo favorable
2016-03-14,28,0,14,24,28,26,0,83,10,1012,30.625,31,23,24,116,113,116,0,6,11.6,météo favorable
2016-03-15,29,0,15,25,29,26,3.8,83,9.625,1011,26.625,32,23,25,116,356,116,0,7,11.6,météo très défavorable
2016-03-16,27,0,16,25,27,26,2.2,86,9.75,1011,33,31,24,25,176,176,116,0,7,11.6,météo favorable
2016-03-17,28,0,13,25,28,26,0.1,87,10,1011,30.375,32,24,25,116,113,113,0,7,11.6,météo favorable
2016-03-18,27,0,18,25,27,26,5.9,82,9.625,1011,40.75,31,24,25,116,356,116,0,7,11.6,météo très défavorable
2016-03-19,28,0,19,25,28,25,4.1,86,9.625,1011,51.125,31,24,25,116,353,356,0,7,7.4,météo très défavorable
2016-03-20,28,0,17,25,28,26,4.5,86,9.625,1012,36.25,31,24,25,356,113,116,0,7,11.6,météo favorable
2016-03-21,27,0,17,24,27,25,1.1,86,10,1011,51,31,24,24,116,116,353,0,7,10.2,météo favorable
2016-03-22,27,0,21,24,27,25,3.9,87,9.75,1011,51.875,30,23,25,116,353,299,0,5,11.6,météo très défavorable
2016-03-23,26,0,13,25,26,25,0.8,88,9.875,1012,64.25,28,23,25,119,119,119,0,5,6,météo très défavorable
2016-03-24,26,0,18,24,26,25,3.4,88,9,1013,55.375,30,24,25,116,356,119,0,5,8.8,météo très défavorable
2016-03-25,28,0,18,25,28,26,0,83,10,1014,30.375,30,22,25,116,113,113,0,6,11.6,météo favorable
2016-03-26,29,0,15,24,29,26,0,79,10,1015,30.75,31,22,24,116,116,116,0,6,11.6,météo favorable
2016-03-27,28,0,12,25,28,26,0,84,10,1014,27.625,31,23,25,116,113,116,0,7,11.6,météo favorable
2016-03-28,28,0,14,25,27,26,5.5,84,9.25,1015,31.875,31,24,25,176,356,176,0,6,11.6,météo très défavorable
2016-03-29,28,0,17,25,28,26,4.9,86,9.625,1015,42.125,31,23,25,356,116,353,0,7,11.6,météo favorable
2016-03-30,26,0,12,25,26,25,1.8,82,9,1014,47.5,28,23,25,176,176,263,0,5,10.2,météo favorable
2016-03-31,26,0,11,24,26,25,10.8,86,8.75,1013,60.75,29,23,24,302,263,299,0,5,11.6,météo très défavorable
2016-04-01,26,0,12,25,26,25,4.6,87,9.75,1012,75.25,29,23,25,296,176,353,0,5,7.4,météo très défavorable
2016-04-02,27,0,15,24,27,25,8,85,9.5,1012,44,30,24,24,116,176,356,0,5,11.6,météo très défavorable
2016-04-03,28,0,15,25,28,26,4,84,9.25,1013,33,31,23,25,353,113,263,0,5,11.6,météo favorable
2016-04-04,28,0,16,25,28,26,0.1,78,10,1013,17.625,31,22,25,113,113,113,0,7,11.6,météo favorable
2016-04-05,29,0,12,24,29,26,0,71,10,1012,5.5,31,23,24,113,113,113,0,6,11.6,météo favorable
2016-04-06,28,0,14,24,28,26,0.1,83,10,1012,16.5,31,23,24,113,113,116,0,6,11.6,météo favorable
2016-04-07,28,0,12,24,27,26,1.4,87,9.875,1013,33.5,31,24,24,113,176,116,0,6,11.6,météo favorable
2016-04-08,27,0,13,24,27,26,10.3,87,9.125,1012,32.625,31,24,24,176,356,356,0,6,11.6,météo très défavorable
2016-04-09,29,0,13,25,29,26,5.7,84,9.375,1011,30.25,32,23,25,176,113,176,0,6,11.6,météo favorable
2016-04-10,29,0,10,25,29,27,1.2,84,9.75,1011,13.25,33,24,25,176,113,113,0,6,11.6,météo favorable
2016-04-11,29,0,11,25,29,27,7.7,82,9.375,1011,36.375,34,25,25,176,176,356,0,7,10.2,météo favorable
2016-04-12,27,0,6,25,27,26,3.9,83,9.875,1011,59.125,30,23,25,116,353,293,0,7,8.8,météo très défavorable
2016-04-13,26,0,9,26,25,25,15.8,87,8.875,1010,63.875,29,24,25,299,299,299,0,6,11.6,météo très défavorable
2016-04-14,26,0,8,23,26,24,5.3,85,9.5,1010,58.375,29,22,23,299,305,356,0,5,8.8,météo très défavorable
2016-04-15,26,0,8,23,26,24,6.3,86,9.5,1010,58.625,29,22,23,299,299,356,0,5,10.2,météo très défavorable
2016-04-16,26,0,9,24,26,25,5.6,84,9.5,1010,65.5,29,22,24,305,299,299,0,5,8.8,météo très défavorable
2016-04-17,27,0,8,24,27,25,5.1,83,9.5,1011,59.875,29,22,24,299,299,356,0,5,8.8,météo très défavorable
2016-04-18,26,0,8,24,26,25,6.1,86,9.375,1010,63.5,29,22,24,305,299,356,0,5,11.7,météo très défavorable
2016-04-19,26,0,9,23,26,24,9.4,87,9.25,1010,65.125,29,22,23,356,356,356,0,5,10.3,météo très défavorable
2016-04-20,26,0,8,23,26,25,8,86,9.125,1010,66.75,29,22,23,356,299,356,0,5,8.9,météo très défavorable
2016-04-21,27,0,17,25,27,26,31,87,8.25,1010,44.875,31,25,25,116,359,359,0,6,12.1,météo très défavorable
2016-04-22,26,0,14,25,26,26,49.3,88,8.125,1011,76.125,29,23,25,308,353,356,0,6,8.9,météo très défavorable
2016-04-23,27,0,12,25,27,26,13.2,83,9.25,1010,52,31,24,25,356,353,356,0,6,12.1,météo très défavorable
2016-04-24,28,0,18,25,28,26,13.1,84,8.875,1010,37.875,32,23,25,356,176,356,0,6,12.5,météo très défavorable
2016-04-25,28,0,9,25,28,26,5.7,85,9.5,1011,29.375,32,23,25,176,113,299,0,6,12.5,météo favorable
2016-04-26,27,0,10,25,27,26,9.7,87,9.125,1011,34.125,31,24,25,176,356,299,0,6,12.5,météo très défavorable
2016-04-27,27,0,11,25,27,26,20.6,87,8.375,1010,52,31,24,25,296,359,356,0,6,12.5,météo très défavorable
2016-04-28,28,0,12,25,28,26,11.1,84,9.125,1011,22.875,31,23,25,356,113,176,0,6,12.5,météo très défavorable
2016-04-29,29,0,11,25,29,26,1.6,83,9.625,1012,20,32,23,25,176,176,176,0,7,12.5,météo favorable
2016-04-30,28,0,10,24,28,26,2,84,9.75,1012,21.625,32,23,24,113,113,176,0,5,12.4,météo favorable
2016-05-01,29,0,10,24,29,26,2.1,82,9.75,1011,13.5,32,23,24,176,113,113,0,5,12.5,météo favorable
2016-05-02,29,0,11,24,29,26,0,76,10,1012,14.625,32,22,24,113,113,113,0,6,12.5,météo favorable
2016-05-03,28,0,8,24,28,26,3,81,9.625,1011,23.375,31,23,24,113,113,356,0,6,12.5,météo favorable
2016-05-04,28,0,12,24,28,26,18.9,82,8.75,1012,32,31,24,24,176,176,359,0,5,12.5,météo très défavorable
2016-05-05,28,0,9,24,28,26,0,79,10,1011,48.25,31,23,24,116,116,116,0,5,11.8,météo favorable
2016-05-06,29,0,9,24,29,26,0.3,78,9.875,1010,14.125,32,22,24,176,113,113,0,7,12.5,météo favorable
2016-05-07,30,0,9,25,30,27,3.8,77,9.625,1010,16.875,33,23,25,113,113,113,0,6,12.5,météo favorable
2016-05-08,29,0,9,24,29,26,1.8,81,9.875,1011,16.875,32,22,24,113,113,113,0,6,12.5,météo favorable
2016-05-09,29,0,8,24,29,26,0,84,10,1010,13.875,32,23,24,113,113,113,0,6,12.5,météo favorable
2016-05-10,29,0,8,25,29,26,4.9,80,9.5,1011,22.875,32,24,25,176,176,176,0,5,12.5,météo favorable
2016-05-11,29,0,9,24,29,27,7,84,9.5,1010,25.125,32,23,24,113,176,356,0,6,12.4,météo favorable
2016-05-12,30,0,10,25,30,26,2.2,69,9.875,1009,16,33,23,25,113,113,176,0,7,12.4,météo favorable
2016-05-13,29,0,9,25,29,26,1.3,76,9.75,1010,22.875,33,22,25,116,113,176,0,6,12.4,météo favorable
2016-05-14,30,0,12,25,30,26,0.1,71,10,1011,15.125,33,22,26,113,113,113,0,7,12.4,météo favorable
2016-05-15,30,0,11,24,30,26,0.3,81,9.875,1010,16.375,33,22,24,113,113,176,0,6,12.4,météo favorable
2016-05-16,29,0,9,25,29,26,4.1,76,9.5,1009,24.625,32,23,25,113,113,356,0,5,12.4,météo favorable
2016-05-17,29,0,10,24,29,26,0.3,82,9.875,1009,18.375,32,23,24,113,113,113,0,6,12.4,météo favorable
2016-05-18,29,0,9,25,29,26,3.6,80,9.125,1011,39,32,23,25,116,263,116,0,6,12.4,météo très défavorable
2016-05-19,27,0,8,27,27,25,6,77,9.5,1011,48.25,29,22,26,176,299,356,0,6,10.5,météo très défavorable
2016-05-20,27,0,10,24,27,25,5.4,84,9.5,1011,58.125,29,22,24,299,299,356,0,5,10.5,météo très défavorable
2016-05-21,27,0,8,23,27,25,7.8,86,9.375,1010,61.5,29,22,23,299,299,356,0,5,10.5,météo très défavorable
2016-05-22,30,0,15,26,30,27,0.9,76,10,1012,28.125,33,23,26,176,113,113,0,5,12.5,météo favorable
2016-05-23,30,0,10,26,30,27,0.7,76,10,1012,13.625,33,23,26,113,113,113,0,7,12.5,météo favorable
2016-05-24,29,0,11,24,29,26,2.7,87,9.75,1013,16.375,32,23,24,176,113,176,0,7,12.5,météo favorable
2016-05-25,29,0,12,23,29,26,0,83,10,1013,11,31,22,23,113,113,113,0,6,12.5,météo favorable
2016-05-26,29,0,10,25,29,28,5.6,72,9.5,1013,11,31,21,25,176,113,176,0,7,12.4,météo favorable
2016-05-27,29,0,10,28,29,28,2.6,63,9.75,1014,11.25,31,21,28,176,113,113,0,6,12.4,météo favorable
2016-05-28,28,0,3,23,28,27,0.7,81,10,1013,10.75,30,21,23,113,113,113,0,7,12.4,météo favorable
2016-05-29,29,0,9,24,29,26,4.5,82,9.625,1012,17.375,31,22,24,176,113,176,0,7,12.4,météo favorable
2016-05-30,29,0,8,24,29,27,5.7,80,9.125,1012,32.75,31,22,24,356,176,176,0,5,12.5,météo favorable
2016-05-31,29,0,12,25,29,28,12.1,70,8.75,1011,26,32,22,25,176,176,356,0,7,12.5,météo très défavorable
2016-06-01,27,0,10,23,27,24,3.6,86,9.625,1010,57.375,29,21,23,305,305,299,0,5,10.5,météo très défavorable
2016-06-02,29,0,9,25,29,27,6.8,78,8.875,1012,29.5,32,22,25,263,113,176,0,5,12,météo favorable
2016-06-03,29,0,9,24,29,26,4.6,82,9.5,1012,17.875,31,22,24,176,113,176,0,5,12,météo favorable
2016-06-04,29,0,11,24,29,26,9.2,83,9.375,1012,15.75,32,24,24,176,113,356,0,5,12,météo très défavorable
2016-06-05,29,0,12,24,29,26,9.7,83,9,1012,19,32,24,24,176,113,359,0,6,12,météo très défavorable
2016-06-06,29,0,8,25,29,26,10.7,79,9,1013,33.875,32,23,25,356,176,176,0,6,12.1,météo très défavorable
2016-06-07,29,0,8,25,29,26,2.6,82,9.625,1012,16.25,31,22,25,176,176,113,0,6,12.1,météo favorable
2016-06-08,29,0,11,25,29,26,5.3,78,9.5,1012,13.375,31,23,25,176,113,356,0,6,11.6,météo favorable
2016-06-09,29,0,9,25,29,26,2,83,9.75,1013,28,32,22,25,116,116,176,0,6,11.6,météo favorable
2016-06-10,29,0,15,25,29,28,5.9,82,9.375,1013,21,32,23,25,176,176,176,0,7,11.6,météo favorable
2016-06-11,29,0,11,28,29,26,2.2,69,9.75,1013,15.5,31,22,28,176,113,113,0,6,11.6,météo favorable
2016-06-12,29,0,10,24,29,26,3.3,82,9.75,1013,10.875,31,22,24,176,113,113,0,5,11.6,météo favorable
2016-06-13,29,0,10,23,29,26,0.8,84,10,1012,12.125,31,22,23,113,113,113,0,6,11.6,météo favorable
2016-06-14,28,0,8,23,28,26,1.7,83,9.75,1012,25.375,30,21,24,176,176,113,0,6,11.6,météo favorable
2016-06-15,29,0,14,25,29,29,2.6,73,9.625,1011,16.25,31,22,25,113,113,113,0,5,11.6,météo favorable
2016-06-16,28,0,9,28,26,24,2.2,78,9.75,1011,40.25,31,22,26,113,299,356,0,7,8.8,météo très défavorable
2016-06-17,28,0,9,25,28,26,0,74,10,1011,22.875,31,21,25,116,113,113,0,6,11.6,météo favorable
2016-06-18,29,0,17,25,29,26,0.4,73,9.875,1010,16.625,32,22,25,176,113,113,0,7,11.6,météo favorable
2016-06-19,29,0,11,25,29,26,4.6,75,9.5,1009,13.125,32,21,25,356,113,113,0,6,11.6,météo favorable
2016-06-20,30,0,11,25,30,27,2.2,77,9.75,1008,15.625,33,22,25,113,113,176,0,5,11.6,météo favorable
2016-06-21,29,0,9,24,29,26,2.9,81,9.625,1009,16.875,31,22,24,113,176,176,0,5,11.6,météo favorable
2016-06-22,29,0,9,24,29,26,5.2,77,9.375,1010,28.5,31,22,24,176,353,176,0,5,11.6,météo très défavorable
2016-06-23,29,0,15,24,29,26,4,74,9.125,1011,34.375,31,21,24,263,176,176,0,6,11.6,météo favorable
2016-06-24,28,0,9,25,28,26,0.4,71,9.875,1010,14.625,31,22,25,113,113,113,0,5,11.6,météo favorable
2016-06-25,29,0,9,24,29,26,5.1,79,9.375,1011,26.75,31,22,24,176,116,356,0,5,11.6,météo favorable
2016-06-26,27,0,9,24,27,25,1.7,83,9.125,1012,39.875,29,22,24,176,263,116,0,5,11.6,météo très défavorable
2016-06-27,28,0,11,23,28,26,0,83,10,1011,12.625,31,22,23,113,113,113,0,6,11.6,météo favorable
2016-06-28,29,0,9,23,29,26,0.2,79,10,1011,11,32,22,23,113,113,113,0,6,11.6,météo favorable
2016-06-29,29,0,8,24,29,25,3.5,79,9,1013,38.875,30,22,24,356,116,263,0,6,10.2,météo favorable
2016-06-30,29,0,9,24,29,26,1.3,82,9.75,1012,22.75,31,22,24,176,113,113,0,5,11.6,météo favorable
2016-07-01,29,0,9,25,29,26,4.6,76,9.625,1011,16.125,32,23,25,113,113,356,0,6,11.6,météo favorable
2016-07-02,28,0,10,25,28,25,7.4,80,9.5,1012,49.25,30,23,25,176,353,356,0,6,8.8,météo très défavorable
2016-07-03,28,0,10,24,28,25,2.4,83,8.5,1012,39.375,30,22,24,263,176,176,0,5,11.6,météo favorable
2016-07-04,29,0,10,24,29,26,0.6,76,9.375,1011,41.125,31,22,24,116,113,263,0,6,10.2,météo favorable
2016-07-05,30,0,13,25,30,27,3.5,83,9.625,1011,35.75,33,22,25,116,113,176,0,5,11.6,météo favorable
2016-07-06,29,0,17,25,29,26,4,70,9.75,1011,15.75,32,22,25,113,113,176,0,6,11.6,météo favorable
2016-07-07,29,0,16,25,29,27,3.9,74,9.5,1011,16,31,21,25,176,113,113,0,6,11.6,météo favorable
2016-07-08,28,0,12,26,27,26,3.3,73,9.125,1012,27.625,30,21,26,176,263,113,0,6,11.6,météo très défavorable
2016-07-09,29,0,10,25,29,26,0,62,10,1011,15.125,31,21,25,116,113,113,0,7,11.6,météo favorable
2016-07-10,28,0,12,24,28,26,4.3,83,9.625,1011,11.625,31,24,24,113,113,356,0,6,11.6,météo favorable
2016-07-11,28,0,8,25,28,26,3.6,78,9.75,1012,23.125,31,22,25,176,113,116,0,6,11.6,météo favorable
2016-07-12,28,0,13,25,28,26,4.5,77,9.375,1011,19.75,31,21,25,176,113,176,0,5,11.6,météo favorable
2016-07-13,29,0,10,24,29,26,1.6,80,9.625,1011,20.875,31,21,24,176,176,113,0,5,11.6,météo favorable
2016-07-14,29,0,10,24,29,26,0.2,77,10,1011,7.25,31,22,24,113,113,113,0,6,11.6,météo favorable
2016-07-15,28,0,10,23,28,26,0.1,81,10,1011,7.5,30,21,23,113,113,113,0,6,11.6,météo favorable
2016-07-16,28,0,10,22,28,26,0,80,10,1012,9.125,30,22,22,113,113,113,0,6,11.6,météo favorable
2016-07-17,28,0,15,25,28,26,7,71,9.375,1012,34.625,30,21,25,176,353,356,0,5,10.2,météo très défavorable
2016-07-18,26,0,10,26,26,25,11.4,74,8.125,1011,27.625,28,21,26,356,356,356,0,6,11.6,météo très défavorable
2016-07-19,26,0,10,23,26,24,3.2,86,9.375,1011,58,29,21,23,299,299,305,0,5,8.8,météo très défavorable
2016-07-20,26,0,8,23,26,24,5.3,84,9.375,1011,61.5,29,21,23,305,305,305,0,5,8.8,météo très défavorable
2016-07-21,26,0,8,23,26,24,5.5,84,9.5,1011,67.625,28,21,23,305,356,356,0,5,8.8,météo très défavorable
2016-07-22,26,0,8,23,26,24,3.5,84,9.375,1011,59.5,28,21,23,299,176,305,0,5,8.8,météo très défavorable
2016-07-23,26,0,9,23,26,24,2.2,82,9.75,1011,66.25,28,21,23,176,176,299,0,5,7.4,météo très défavorable
2016-07-24,26,0,9,23,26,24,3.6,84,9.375,1011,60,28,21,23,305,176,305,0,5,8.8,météo très défavorable
2016-07-25,27,0,11,23,27,24,2.2,82,9.375,1011,57.875,29,21,23,299,176,299,0,5,8.8,météo très défavorable
2016-07-26,27,0,10,23,27,24,1.5,81,9.5,1011,51,29,21,23,176,176,299,0,5,8.8,météo favorable
2016-07-27,27,0,9,23,27,25,3.5,83,9.5,1011,58.25,29,21,23,299,299,305,0,5,8.8,météo très défavorable
2016-07-28,29,0,16,26,29,26,0.1,75,10,1010,27.5,32,22,26,116,113,113,0,6,11.6,météo favorable
2016-07-29,29,0,12,25,29,26,2.6,70,9.625,1009,23.25,31,21,26,113,176,176,0,6,11.6,météo favorable
2016-07-30,28,0,13,25,28,26,3.5,72,8.625,1010,49.875,30,21,25,353,263,263,0,5,11.6,météo très défavorable
2016-07-31,29,0,11,24,29,26,3.2,75,9.75,1010,33.875,31,21,24,176,116,176,0,6,11.6,météo favorable
2016-08-01,29,0,10,24,29,26,3.6,71,9.5,1010,12.875,31,22,24,176,113,113,0,5,11.6,météo favorable
2016-08-02,29,0,10,25,29,27,2.3,69,9.75,1009,16.5,31,21,25,176,113,113,0,5,11.6,météo favorable
2016-08-03,28,0,5,25,28,27,1.7,77,9.5,1009,26.5,31,23,25,176,176,176,0,5,11.6,météo favorable
2016-08-04,29,0,9,26,29,27,3.4,80,9.5,1009,28.25,33,24,26,113,176,176,0,6,11.6,météo favorable
2016-08-05,29,0,11,25,28,27,13.4,80,8.625,1010,36.25,33,25,25,353,176,359,0,6,11.6,météo très défavorable
2016-08-06,29,0,9,25,29,26,4,81,9.625,1010,29.625,32,24,25,176,116,176,0,6,11.6,météo favorable
2016-08-07,26,0,8,24,26,23,5.9,87,9.5,1013,52.125,28,22,24,353,293,299,0,6,10.2,météo très défavorable
2016-08-08,26,0,9,23,26,24,3.8,88,9,1014,55,28,22,23,293,263,176,0,5,10.2,météo très défavorable
2016-08-09,28,0,18,24,28,25,0.7,76,9.375,1013,28.125,30,22,24,263,113,113,0,6,11.6,météo favorable
2016-08-10,29,0,13,25,29,26,0.1,71,10,1012,15.375,31,22,25,113,113,116,0,6,11.6,météo favorable
2016-08-11,28,0,10,24,28,26,2.1,83,9.875,1012,26.75,31,24,24,116,113,176,0,6,11.6,météo favorable
2016-08-12,27,0,9,24,27,25,8.7,83,9.25,1011,30.375,30,23,24,176,176,356,0,5,11.6,météo très défavorable
2016-08-13,29,0,15,24,29,26,4.3,81,9.875,1011,21.75,32,23,24,113,113,176,0,5,11.6,météo favorable
2016-08-14,29,0,12,25,29,26,0.9,79,9.875,1011,8.25,32,22,25,113,113,113,0,5,11.6,météo favorable
2016-08-15,29,0,11,24,29,26,1.9,76,9.875,1011,7.75,32,23,25,113,113,176,0,6,11.6,météo favorable
2016-08-16,29,0,12,25,29,26,2.9,79,9.75,1011,17.5,33,23,25,113,113,176,0,5,11.6,météo favorable
2016-08-17,29,0,9,25,29,26,1.3,79,9.75,1010,48.875,32,23,25,176,116,353,0,6,10.2,météo favorable
2016-08-18,29,0,10,25,29,26,1.4,81,9.875,1009,37.875,32,23,25,116,113,176,0,5,11.6,météo favorable
2016-08-19,30,0,9,25,30,27,0.3,73,10,1009,21.625,33,23,25,113,113,116,0,7,11.6,météo favorable
2016-08-20,29,0,13,24,29,27,3.3,83,9.625,1009,19.875,32,22,24,176,113,176,0,6,11.6,météo favorable
2016-08-21,29,0,10,25,29,26,0.3,69,9.875,1009,16.25,32,22,25,113,113,176,0,7,11.6,météo favorable
2016-08-22,28,0,9,25,28,26,1.9,81,9.75,1009,14.125,32,24,25,113,113,176,0,5,11.6,météo favorable
2016-08-23,29,0,8,24,29,26,3.3,81,9.75,1010,28.75,31,22,24,176,113,176,0,5,11.6,météo favorable
2016-08-24,29,0,11,24,29,26,2.5,79,9.75,1010,20.875,32,22,24,176,113,113,0,6,11.6,météo favorable
2016-08-25,29,0,17,26,29,27,0,81,10,1010,8.375,33,23,26,113,113,113,0,7,11.6,météo favorable
2016-08-26,29,0,9,27,29,26,5.9,70,9.5,1012,12.25,32,22,27,176,113,176,0,6,11.6,météo favorable
2016-08-27,29,0,9,24,29,26,0.7,74,9.75,1013,18.5,31,21,24,176,176,113,0,7,11.6,météo favorable
2016-08-28,29,0,9,24,29,26,4.3,71,9.75,1013,16.5,31,21,25,176,113,113,0,5,11.6,météo favorable
2016-08-29,29,0,10,23,29,26,2.2,77,9.75,1012,15.375,31,21,23,176,113,113,0,5,11.6,météo favorable
2016-08-30,29,0,13,25,29,27,0.2,70,10,1013,6.5,31,21,25,113,113,113,0,6,11.6,météo favorable
2016-08-31,29,0,10,26,27,26,1.7,69,9.875,1013,9.75,31,21,26,113,113,113,0,7,11.6,météo favorable
2016-09-01,29,0,9,26,29,26,3.7,74,9.5,1012,14.875,31,21,26,176,176,176,0,5,11.6,météo favorable
2016-09-02,29,0,10,24,29,26,2.1,77,9.875,1011,28.5,31,21,24,353,116,113,0,5,11.6,météo favorable
2016-09-03,28,0,10,23,28,26,0.5,81,9.875,1011,17.5,31,23,23,113,116,176,0,6,12.1,météo favorable
2016-09-04,29,0,7,24,29,26,6.6,82,9.375,1013,31.75,31,21,24,176,176,353,0,5,12.1,météo favorable
2016-09-05,28,0,13,24,28,26,5.9,77,8.875,1014,48.5,30,21,24,353,263,176,0,5,12.1,météo très défavorable
2016-09-06,29,0,8,24,29,26,0.7,78,8.75,1013,40.625,31,21,24,263,263,116,0,6,12.5,météo très défavorable
2016-09-07,29,0,9,24,29,26,7.2,79,9.5,1012,41,33,23,24,176,116,356,0,6,12.5,météo favorable
2016-09-08,27,0,9,25,27,25,6.1,81,8.375,1012,46.125,29,22,25,356,263,263,0,5,12.5,météo très défavorable
2016-09-09,29,0,10,24,29,26,2.4,80,9.625,1011,25,31,22,24,176,113,176,0,5,12.5,météo favorable
2016-09-10,29,0,11,24,29,26,0.1,77,10,1011,20.5,32,21,24,113,113,113,0,6,12.5,météo favorable
2016-09-11,29,0,10,24,29,26,1.1,75,9.75,1010,19.375,31,21,24,176,113,176,0,6,12.5,météo favorable
2016-09-12,28,0,11,24,28,26,0.2,76,10,1011,23.875,31,22,24,113,116,113,0,6,12.5,météo favorable
2016-09-13,28,0,10,24,28,26,2.5,79,9.25,1012,42.625,31,22,24,353,263,116,0,5,12.5,météo très défavorable
2016-09-14,30,0,11,24,30,26,5.5,82,8.875,1011,26.25,33,23,24,176,113,356,0,6,12.5,météo favorable
2016-09-15,28,0,8,25,28,26,3.5,79,9.5,1013,31.5,30,22,25,356,176,113,0,7,12.5,météo favorable
2016-09-16,28,0,16,26,28,26,0.5,69,9.75,1012,36.75,30,22,26,113,176,176,0,7,12.5,météo favorable
2016-09-17,29,0,13,25,29,26,1.3,81,9.875,1012,39.625,32,22,25,353,116,176,0,6,12.5,météo favorable
2016-09-18,29,0,11,25,29,26,1.8,69,9.75,1011,20.625,32,21,25,176,113,176,0,7,12.5,météo favorable
2016-09-19,30,0,13,25,30,26,4.4,69,9.5,1010,21.125,32,23,25,116,113,356,0,5,12.5,météo favorable
2016-09-20,30,0,10,25,30,27,0.2,79,9.875,1012,17.625,33,22,25,113,113,176,0,6,12.5,météo favorable
2016-09-21,30,0,13,24,30,26,0.3,77,9.875,1012,12.375,32,21,24,176,113,113,0,7,12.5,météo favorable
2016-09-22,29,0,11,26,29,26,1,72,9.875,1011,11.125,32,22,26,113,176,113,0,7,12.5,météo favorable
2016-09-23,28,0,9,25,28,26,2.6,85,9.625,1010,24,30,22,25,176,176,176,0,6,11.6,météo favorable
2016-09-24,28,0,13,25,28,26,2.6,83,9.75,1010,41.875,31,23,25,176,176,353,0,6,10.2,météo favorable
2016-09-25,29,0,15,25,29,26,3.5,79,9.75,1009,17.5,33,22,25,113,113,176,0,6,11.6,météo favorable
2016-09-26,29,0,11,24,29,26,3.9,74,9.5,1011,11.25,31,22,24,176,113,113,0,5,11.6,météo favorable
2016-09-27,29,0,11,25,29,26,0,63,10,1012,10,31,21,25,113,113,113,0,6,11.6,météo favorable
2016-09-28,30,0,10,25,30,26,0.6,66,9.875,1011,20.875,32,21,25,176,113,113,0,6,11.6,météo favorable
2016-09-29,29,0,9,24,29,26,3,76,9.75,1010,27.75,31,22,24,176,116,116,0,5,11.6,météo favorable
2016-09-30,28,0,12,25,28,26,10,78,9.125,1010,26,32,23,25,116,176,356,0,6,11.6,météo très défavorable
2016-10-01,28,0,8,24,27,26,2.7,80,9.625,1011,24.125,31,23,24,113,356,116,0,6,11.6,météo très défavorable
2016-10-02,29,0,11,24,29,25,3.6,77,9.375,1012,23.25,32,21,24,176,116,176,0,5,11.6,météo favorable
2016-10-03,29,0,11,25,29,25,0,72,10,1011,18.75,31,21,25,113,116,113,0,6,11.6,météo favorable
2016-10-04,29,0,14,25,29,26,2.6,70,9.75,1011,28.5,32,22,25,116,113,176,0,6,11.6,météo favorable
2016-10-05,29,0,10,24,29,25,0.9,78,10,1011,25.875,31,21,24,353,113,113,0,6,11.6,météo favorable
2016-10-06,29,0,10,23,29,25,0.1,76,10,1011,18.875,31,22,24,113,113,113,0,6,11.6,météo favorable
2016-10-07,29,0,9,24,29,26,0.9,71,9.875,1011,17.625,32,21,24,113,113,113,0,5,11.6,météo favorable
2016-10-08,29,0,9,24,28,26,6.7,81,9,1011,24.875,32,23,24,176,176,356,0,5,11.6,météo favorable
2016-10-09,29,0,12,25,29,26,1.7,81,9.75,1011,24.125,32,23,26,176,176,113,0,7,11.6,météo favorable
2016-10-10,29,0,9,24,29,26,2.9,80,9.75,1011,29.25,31,21,24,116,176,116,0,5,11.6,météo favorable
2016-10-11,29,0,9,24,29,26,0.2,69,10,1011,26.25,32,22,24,113,116,113,0,6,11.6,météo favorable
2016-10-12,30,0,8,25,30,26,0.6,73,9.75,1010,39.375,32,21,25,176,116,116,0,5,11.6,météo favorable
2016-10-13,29,0,10,25,29,26,4.3,79,9.75,1010,31.875,32,23,25,113,176,176,0,6,11.6,météo favorable
2016-10-14,29,0,12,25,28,26,1.7,81,9.875,1010,38.375,32,23,25,353,116,113,0,5,11.6,météo favorable
2016-10-15,29,0,10,24,29,26,1.5,86,9.75,1010,25.875,32,23,24,176,113,116,0,5,11.6,météo favorable
2016-10-16,28,0,9,25,28,26,3.6,85,9.625,1010,25.5,31,23,25,113,176,176,0,6,11.6,météo favorable
2016-10-17,29,0,12,25,28,26,6.1,84,9.625,1011,52.5,32,23,25,353,356,116,0,6,11.6,météo très défavorable
2016-10-18,30,0,17,26,30,27,11.7,81,9,1010,32,34,23,26,176,176,356,0,6,11.6,météo très défavorable
2016-10-19,28,0,11,25,27,26,5.7,75,8.375,1011,42.875,30,22,25,263,293,263,0,6,11.6,météo très défavorable
2016-10-20,29,0,7,26,29,25,0.5,62,9.875,1011,32.25,31,20,26,116,176,113,0,7,11.6,météo favorable
2016-10-21,29,0,10,25,29,25,0,65,10,1011,11.75,32,22,25,113,113,113,0,7,11.6,météo favorable
2016-10-22,30,0,11,24,30,25,0.9,78,9.875,1011,9.125,32,21,24,176,113,113,0,6,11.6,météo favorable
2016-10-23,29,0,10,25,29,26,2.8,76,9.75,1011,19.125,32,22,25,176,113,176,0,6,11.6,météo favorable
2016-10-24,30,0,13,25,30,26,4.2,81,9.375,1010,30,32,22,25,293,113,356,0,6,11.6,météo favorable
2016-10-25,29,0,9,25,29,26,0.5,71,9.75,1011,32.125,31,21,25,176,116,116,0,6,11.6,météo favorable
2016-10-26,30,0,10,25,30,26,4.9,77,9.625,1010,19.5,32,22,25,113,113,356,0,7,11.6,météo favorable
2016-10-27,29,0,9,25,29,26,3.9,75,9.625,1011,24.125,32,21,25,176,113,176,0,5,11.6,météo favorable
2016-10-28,29,0,10,24,29,26,3.1,76,9.875,1010,29.625,31,21,24,113,113,353,0,5,11.6,météo favorable
2016-10-29,27,0,9,24,27,26,2.6,83,9.75,1010,49.75,30,23,25,176,353,293,0,6,10.2,météo très défavorable
2016-10-30,28,0,8,25,27,25,10.5,82,9.5,1010,56.75,30,24,25,353,353,356,0,6,8.8,météo très défavorable
2016-10-31,28,0,5,25,28,26,2.9,86,8.625,1009,48.75,31,23,25,293,263,116,0,6,8.8,météo très défavorable
2016-11-01,30,0,12,27,30,26,2.3,74,10,1007,31.625,34,23,27,113,113,353,0,7,11.6,météo favorable
2016-11-02,30,0,10,25,30,26,1.7,78,9.375,1008,43.375,32,22,26,116,116,263,0,6,11.6,météo favorable
2016-11-03,28,0,10,25,28,24,3,79,9.25,1011,44.875,30,21,25,263,353,293,0,6,11.6,météo très défavorable
2016-11-04,29,0,13,25,29,25,0.1,68,10,1010,36.25,32,20,25,116,116,116,0,6,11.6,météo favorable
2016-11-05,30,0,11,26,30,25,0,60,10,1010,3.5,32,21,26,113,113,113,0,7,11.6,météo favorable
2016-11-06,30,0,9,25,30,26,0,69,10,1011,3.375,32,22,25,113,113,113,0,7,11.6,météo favorable
2016-11-07,28,0,8,25,28,26,5.3,84,9.375,1012,29,31,23,25,176,176,356,0,7,11.6,météo favorable
2016-11-08,29,0,10,25,29,26,2.8,81,9.625,1012,28.125,33,23,25,176,113,176,0,5,11.6,météo favorable
2016-11-09,29,0,12,25,29,26,1.2,81,9.875,1012,24.125,32,23,25,176,113,116,0,7,11.6,météo favorable
2016-11-10,29,0,10,24,29,26,2.7,83,9.75,1011,13.125,32,22,24,113,113,176,0,6,11.6,météo favorable
2016-11-11,28,0,8,25,27,25,3,69,9.625,1012,35.625,30,21,25,176,293,116,0,5,11.6,météo très défavorable
2016-11-12,28,0,7,24,28,26,3.5,82,9.75,1012,22.125,32,24,24,113,176,176,0,6,11.6,météo favorable
2016-11-13,29,0,7,25,29,27,1.1,79,9.75,1011,27.25,32,23,25,176,116,176,0,7,11.6,météo favorable
2016-11-14,26,0,7,26,26,26,9.8,84,9.125,1010,43.375,29,23,26,299,293,176,0,6,11.6,météo très défavorable
2016-11-15,29,0,10,25,29,27,6,81,9.375,1010,30,32,23,25,176,176,116,0,6,11.6,météo favorable
2016-11-16,29,0,9,24,29,26,2.3,81,9.75,1010,26,32,22,25,176,116,176,0,6,11.6,météo favorable
2016-11-17,29,0,8,25,29,26,2.4,81,9.75,1010,30.375,32,22,25,176,116,176,0,7,11.6,météo favorable
2016-11-18,28,0,12,25,28,26,5.9,82,8.875,1009,62.25,30,23,26,293,353,356,0,6,7.4,météo très défavorable
2016-11-19,28,0,6,25,28,25,5.5,80,10,1009,51.625,30,22,25,353,353,353,0,7,11.6,météo très défavorable
2016-11-20,29,0,13,24,29,26,3.5,80,9.625,1010,26.25,31,22,24,176,113,176,0,6,11.6,météo favorable
2016-11-21,28,0,9,25,28,26,11.6,80,9.125,1009,36.5,31,23,26,176,176,305,0,6,11.6,météo très défavorable
2016-11-22,28,0,14,25,28,26,7.6,83,9.375,1007,35.5,32,24,25,113,176,356,0,6,11.6,météo favorable
2016-11-23,28,0,12,26,27,26,17.6,82,8.625,1008,34.5,31,24,26,176,356,359,0,6,11.6,météo très défavorable
2016-11-24,29,0,8,25,29,26,7.8,83,9,1008,27,32,23,25,176,176,356,0,6,11.6,météo favorable
2016-11-25,27,0,6,25,27,24,2.4,75,9.625,1009,40.375,29,22,25,176,293,116,0,6,11.6,météo très défavorable
2016-11-26,29,0,10,24,29,26,0.6,72,9.75,1010,27.625,31,21,24,176,113,176,0,6,11.6,météo favorable
2016-11-27,29,0,12,25,27,26,2.4,77,8.625,1010,45,32,23,25,263,263,176,0,7,10.2,météo très défavorable
2016-11-28,29,0,9,26,29,26,4.7,80,9.75,1010,25.25,33,24,26,176,113,353,0,6,11.6,météo favorable
2016-11-29,28,0,12,25,28,26,9,81,9.375,1011,26.625,32,24,25,113,356,176,0,6,11.6,météo très défavorable
2016-11-30,28,0,7,25,27,26,3.7,82,9.625,1011,20.75,31,23,25,116,356,113,0,7,11.6,météo très défavorable
2016-12-01,28,0,9,25,28,26,11.5,81,9.125,1010,37.75,32,23,25,113,176,305,0,6,10.2,météo très défavorable
2016-12-02,27,0,10,25,27,26,12.8,79,8.875,1011,47.5,30,22,26,293,356,299,0,6,11.6,météo très défavorable
2016-12-03,29,0,9,25,29,26,3.2,81,9.75,1010,31,32,23,25,353,116,176,0,6,11.6,météo favorable
2016-12-04,29,0,7,25,29,26,4.7,80,9.375,1010,24.625,32,22,25,176,176,116,0,6,11.6,météo favorable
2016-12-05,28,0,10,26,28,27,1.9,80,9.75,1009,34.875,31,24,26,176,116,116,0,6,12.5,météo favorable
2016-12-06,26,0,15,25,26,26,7.3,83,9.5,1011,59.375,28,23,25,353,299,293,0,6,12.5,météo très défavorable
2016-12-07,27,0,10,25,26,25,1.7,83,8.25,1009,72.875,31,23,25,266,263,116,0,6,10.5,météo très défavorable
2016-12-08,28,0,10,25,28,26,8.6,79,9.125,1009,45.875,31,23,25,116,116,359,0,7,12.5,météo très défavorable
2016-12-09,27,0,7,24,27,25,18.3,89,8.625,1010,45.5,29,22,24,308,116,176,0,5,12.5,météo très défavorable
2016-12-10,28,0,9,23,28,26,0.6,81,10,1009,12.75,31,22,23,113,113,113,0,6,12.5,météo favorable
2016-12-11,29,0,14,24,29,27,0.9,73,9.875,1010,17.125,31,22,25,176,113,113,0,7,12.5,météo favorable
2016-12-12,28,0,13,25,28,27,0,77,10,1010,28,31,22,25,116,116,116,0,7,12.5,météo favorable
2016-12-13,28,0,6,25,28,26,0.9,76,9.75,1010,21.25,31,22,25,113,113,176,0,6,12.5,météo favorable
2016-12-14,28,0,12,25,28,26,1.2,76,9.75,1011,28.375,31,22,25,176,116,113,0,6,12.5,météo favorable
2016-12-15,30,0,9,26,30,27,0.8,73,9.875,1011,22.25,33,22,26,116,113,176,0,7,12.5,météo favorable
2016-12-16,28,0,11,26,28,26,2,76,9.875,1011,40.375,31,23,26,113,116,119,0,6,11.8,météo favorable
2016-12-17,29,0,12,25,29,27,2.2,81,10,1010,51.875,32,23,25,116,116,353,0,6,12.5,météo favorable
2016-12-18,28,0,15,26,28,26,5.5,78,9.625,1010,50.25,32,23,26,116,113,356,0,7,11.8,météo favorable
2016-12-19,28,0,9,25,28,26,5,80,9.5,1009,46.375,32,23,25,116,116,176,0,6,12.5,météo favorable
2016-12-20,28,0,14,25,28,26,6.5,83,9.625,1008,51,32,24,25,116,113,356,0,6,12.5,météo favorable
2016-12-21,29,0,10,26,29,27,3.9,80,9.875,1008,42.75,33,23,26,116,176,353,0,6,12.5,météo favorable
2016-12-22,29,0,11,26,29,27,8.2,79,9.25,1008,27,33,24,26,176,176,356,0,6,12.5,météo très défavorable
2016-12-23,29,0,13,26,29,26,13.1,82,9,1008,51.875,33,24,26,116,176,359,0,7,12.5,météo très défavorable
2016-12-24,29,0,9,25,29,26,2,81,9.75,1009,31.125,33,25,26,116,176,176,0,7,12.5,météo favorable
2016-12-25,28,0,9,24,28,26,4.8,81,9.75,1010,38.625,31,23,24,353,176,116,0,5,12.5,météo favorable
2016-12-26,29,0,10,24,29,26,1.2,82,9.875,1009,17.125,31,22,24,176,113,113,0,6,12.5,météo favorable
2016-12-27,28,0,12,24,28,26,1.6,85,9.875,1009,11,31,23,24,113,176,113,0,6,12.1,météo favorable
2016-12-28,29,0,14,25,29,27,0.6,77,9.875,1009,19.5,32,24,25,176,113,113,0,6,12.1,météo favorable
2016-12-29,29,0,15,25,29,26,1.2,80,9.75,1009,28.25,32,23,25,176,113,116,0,6,11.6,météo favorable
2016-12-30,27,0,18,25,27,26,11.8,85,9.125,1009,61.375,30,23,25,356,353,293,0,6,11.6,météo très défavorable
2016-12-31,28,0,12,25,28,25,11.7,80,9.25,1008,54.375,31,22,25,176,116,305,0,6,10.2,météo très défavorable
2017-01-01,27,25,9,25,27,26,8.8,84,9.5,1008,61.375,30,24,25,116,353,356,0,6,8.8,météo correcte
2017-01-02,28,25,10,25,28,26,6.7,82,10,1008,54.375,31,24,25,353,353,353,0,6,10.2,météo correcte
2017-01-03,28,25,9,25,28,26,0,83,10,1008,44,31,24,25,113,116,116,0,7,8.8,météo favorable
2017-01-04,28,25,9,25,28,26,4.9,84,9.625,1007,44.125,31,24,25,176,176,176,0,6,11.6,météo favorable
2017-01-05,27,25,9,25,27,26,12.5,82,8.625,1007,54.875,31,24,25,356,176,356,0,6,10.2,météo correcte
2017-01-06,27,25,8,25,27,26,4.3,83,9.75,1007,53.75,31,23,25,176,116,293,0,6,8.8,météo favorable
2017-01-07,28,25,9,25,28,26,2.1,80,10,1007,49.375,31,23,25,353,116,116,0,6,11.6,météo favorable
2017-01-08,28,25,11,25,28,26,0.7,82,9,1008,59,31,23,25,266,353,116,0,7,8.8,météo correcte
2017-01-09,29,25,8,25,29,27,3.4,81,9.625,1008,22.75,32,23,25,176,116,176,0,6,11.6,météo favorable
2017-01-10,28,25,12,25,28,26,5.1,78,9.5,1009,32.75,31,23,25,176,176,176,0,6,11.6,météo favorable
2017-01-11,27,25,9,25,27,26,5.8,81,9.75,1010,47.125,30,23,25,176,353,116,0,6,11.6,météo correcte
2017-01-12,28,25,8,25,28,26,5.2,82,9.375,1009,42.875,30,23,25,176,176,356,0,6,11.6,météo favorable
2017-01-13,28,24,8,24,28,26,1.2,83,9.875,1010,35.25,31,23,24,353,116,113,0,6,11.6,météo favorable
2017-01-14,28,23,9,23,28,26,5,83,9.625,1010,17.25,30,22,23,176,176,116,0,7,11.6,météo favorable
2017-01-15,28,24,10,24,28,26,2.7,84,9.625,1011,12.75,31,22,24,113,113,356,0,7,11.6,météo idéale
2017-01-16,28,24,9,24,28,26,0.4,82,9.875,1010,10.25,30,22,24,113,113,176,0,7,11.6,météo idéale
2017-01-17,28,23,10,23,28,26,1.3,82,9.75,1012,13.25,31,22,23,176,113,113,0,6,11.6,météo idéale
2017-01-18,29,24,13,24,29,27,0.5,78,9.875,1013,15.625,31,22,24,176,113,113,0,7,11.6,météo idéale
2017-01-19,28,24,9,24,28,26,0.1,80,10,1012,14.5,31,22,24,113,113,113,0,7,11.6,météo idéale
2017-01-20,29,23,10,23,29,26,0,80,10,1011,11.375,31,22,23,113,113,113,0,7,11.6,météo idéale
2017-01-21,29,24,12,24,29,26,0,77,10,1012,16.375,31,22,24,113,113,113,0,7,11.6,météo idéale
2017-01-22,28,23,13,23,28,26,0,78,10,1013,13.75,31,22,24,113,113,113,0,7,11.6,météo idéale
2017-01-23,28,24,14,24,28,26,0,66,10,1011,4.875,31,22,24,113,113,113,0,7,11.6,météo idéale
2017-01-24,29,24,14,25,29,26,0,63,10,1011,12.5,31,21,25,113,113,113,0,7,11.6,météo idéale
2017-01-25,28,24,12,24,28,25,3,71,9.625,1011,40.25,30,22,24,176,116,293,0,7,10.2,météo favorable
2017-01-26,28,25,12,25,28,26,0,82,10,1010,46.25,31,24,25,116,116,119,0,7,8.8,météo favorable
2017-01-27,27,25,10,25,27,26,19.5,85,8.5,1009,47.375,30,24,25,356,356,356,0,6,11.6,météo très défavorable
2017-01-28,28,25,9,25,27,26,3.3,84,9.875,1010,43.125,31,23,25,176,353,113,0,6,11.6,météo correcte
2017-01-29,28,24,15,24,28,26,0.1,81,10,1011,25.5,31,23,24,113,113,113,0,7,11.6,météo idéale
2017-01-30,27,24,13,24,27,26,1.4,83,10,1010,37.375,29,22,24,113,353,116,0,7,11.6,météo correcte
2017-01-31,27,25,17,25,27,25,0.9,73,10,1010,42.75,29,21,25,116,353,116,0,7,11.6,météo correcte
2017-02-01,28,25,15,25,28,25,8.5,70,9.75,1010,38.625,30,22,25,116,353,353,0,7,11.6,météo correcte
2017-02-02,28,24,9,24,28,26,2.7,81,9.375,1009,52.75,31,23,24,116,119,353,0,6,8.8,météo correcte
2017-02-03,27,25,12,25,27,26,2.2,82,9.875,1008,55.75,30,23,25,176,116,116,0,6,8.8,météo correcte
2017-02-04,26,24,9,24,26,25,6,85,9.625,1009,56.125,28,23,24,119,116,116,0,6,11.6,météo correcte
2017-02-05,28,24,10,24,28,26,0.9,87,10,1008,63.75,31,23,24,116,116,119,0,6,10.2,météo correcte
2017-02-06,27,24,10,24,27,26,3.6,83,9.875,1008,48.125,31,24,24,176,116,353,0,6,11.6,météo favorable
2017-02-07,28,25,9,25,28,26,7.9,83,9.625,1009,59.875,31,24,25,353,116,356,0,6,8.8,météo correcte
2017-02-08,29,25,7,25,29,26,3.5,77,10,1009,55.375,33,23,25,353,116,353,0,6,10.2,météo correcte
2017-02-09,27,25,13,25,27,26,2.7,82,9.25,1009,53.5,31,24,25,116,200,353,0,6,8.8,météo correcte
2017-02-10,28,25,6,25,27,26,0,81,10,1010,51.375,31,24,25,116,116,116,0,7,10.2,météo favorable
2017-02-11,26,25,15,25,26,26,5,82,9.875,1012,58.5,29,23,25,353,293,116,0,7,10.2,météo correcte
2017-02-12,28,25,21,25,28,26,2.6,76,9.875,1013,36,31,22,25,353,176,116,0,7,11.6,météo favorable
2017-02-13,28,25,22,25,28,26,4.6,77,9.5,1013,33.5,30,22,25,356,176,113,0,7,11.6,météo favorable
2017-02-14,28,25,13,25,28,26,0,73,10,1014,17.5,31,22,25,113,113,113,0,7,11.6,météo idéale
2017-02-15,28,24,7,25,28,26,1,80,9.625,1013,36.25,32,23,25,176,176,116,0,6,11.6,météo favorable
2017-02-16,28,25,11,25,28,26,10.3,82,9,1012,31.625,32,24,25,356,116,176,0,6,11.6,météo correcte
2017-02-17,28,24,11,24,28,26,7.1,82,9.25,1013,19.25,30,22,24,356,113,113,0,6,11.6,météo favorable
2017-02-18,27,24,13,24,27,25,1,81,9.875,1013,23,30,22,24,176,116,116,0,7,11.6,météo favorable
2017-02-19,28,24,13,24,28,26,0.2,80,10,1012,16.75,30,22,24,113,113,113,0,7,11.6,météo idéale
2017-02-20,28,23,12,23,28,26,0.1,83,10,1012,11.5,31,22,23,113,113,113,0,7,11.6,météo idéale
2017-02-21,28,24,11,24,28,26,0.4,77,9.875,1013,12.25,31,23,24,113,113,176,0,7,11.6,météo idéale
2017-02-22,28,24,12,24,28,26,0,86,10,1012,13,31,22,24,113,113,113,0,7,11.6,météo idéale
2017-02-23,28,24,13,24,28,26,2.7,81,9.75,1012,13.5,31,22,25,176,113,176,0,7,11.6,météo idéale
2017-02-24,28,23,13,23,28,26,9,79,9.125,1012,16.25,30,22,23,176,113,113,0,6,11.6,météo correcte
2017-02-25,27,23,12,23,27,25,6.5,83,9.5,1011,20,30,23,23,113,113,356,0,6,11.6,météo favorable
2017-02-26,28,24,10,24,28,26,4.1,82,9.5,1010,35.25,30,22,24,356,176,116,0,7,11.6,météo favorable
2017-02-27,29,24,15,24,29,26,0.5,75,9.875,1010,25,31,21,24,113,113,113,0,6,11.6,météo idéale
2017-02-28,26,25,14,25,26,25,2.4,77,9.875,1011,46.125,28,21,25,353,293,116,0,7,11.6,météo correcte
2017-03-01,27,24,10,24,27,25,6.6,84,8.75,1009,51.125,30,23,24,176,116,356,0,6,10.2,météo favorable
2017-03-02,26,24,13,24,26,25,23.3,86,8.5,1008,69.125,29,23,24,299,356,359,0,6,10.2,météo très défavorable
2017-03-03,28,25,15,25,28,26,11.8,83,9.125,1008,48.5,31,24,25,176,176,356,0,6,10.2,météo correcte
2017-03-04,28,24,5,25,27,26,3.6,82,9.25,1008,52,30,23,25,353,263,116,0,6,10.2,météo correcte
2017-03-05,28,24,10,24,28,26,7.9,85,9.375,1008,24.375,31,24,24,113,176,356,0,7,11.6,météo favorable
2017-03-06,27,25,5,25,27,26,4.8,81,8.875,1009,43.625,30,23,25,356,263,116,0,6,11.6,météo correcte
2017-03-07,27,25,7,25,27,26,2.6,82,9.125,1010,45,29,23,25,176,263,116,0,6,10.2,météo correcte
2017-03-08,28,24,15,24,28,26,5,82,9.625,1010,41.75,31,22,24,353,116,116,0,6,11.6,météo favorable
2017-03-09,28,25,11,25,28,26,0,73,10,1010,32.625,31,21,25,116,116,113,0,7,11.6,météo favorable
2017-03-10,29,24,8,24,29,26,1.5,72,10,1010,27.875,30,21,24,116,116,113,0,6,11.6,météo favorable
2017-03-11,26,24,9,24,26,25,1.9,75,8.625,1012,59.125,28,22,24,263,293,263,0,7,8.8,météo correcte
2017-03-12,28,23,10,23,28,25,1.2,84,9.75,1011,35.25,30,22,23,113,113,293,0,6,10.2,météo favorable
2017-03-13,28,25,17,25,28,26,0.6,84,9,1012,52.375,30,22,25,266,116,116,0,6,11.6,météo favorable
2017-03-14,29,24,17,24,29,26,1,76,9.75,1012,39.875,31,22,24,176,116,176,0,7,11.6,météo favorable
2017-03-15,27,24,18,24,26,25,0,77,10,1012,60.375,28,21,25,116,119,116,0,7,8.8,météo correcte
2017-03-16,27,24,8,24,26,25,0,74,10,1012,53.625,29,20,24,116,116,116,0,6,10.2,météo favorable
2017-03-17,27,24,11,24,27,25,0,79,10,1012,35.375,30,22,24,116,116,116,0,7,11.6,météo favorable
2017-03-18,28,24,12,24,28,25,2.5,83,9.75,1012,34.25,30,22,24,176,113,116,0,6,11.6,météo favorable
2017-03-19,29,24,13,24,29,26,0,81,10,1011,20.125,32,22,24,116,113,113,0,7,11.6,météo idéale
2017-03-20,28,24,14,24,28,26,1.6,82,9.875,1012,20.875,31,21,24,176,116,113,0,7,11.6,météo favorable
2017-03-21,29,24,10,24,29,27,0.1,77,10,1011,9.375,31,22,24,113,113,113,0,7,11.6,météo idéale
2017-03-22,29,24,11,24,29,27,0,84,10,1011,11,31,23,24,113,113,113,0,7,11.6,météo idéale
2017-03-23,29,24,13,24,29,26,1.1,83,9.875,1012,13.25,32,23,25,176,113,113,0,7,11.6,météo idéale
2017-03-24,28,25,14,25,28,26,7,78,9.5,1013,18.625,31,23,25,176,176,176,0,6,11.6,météo favorable
2017-03-25,29,25,18,25,29,27,0.2,75,9.875,1012,22.25,33,22,25,113,116,113,0,6,11.6,météo favorable
2017-03-26,29,25,9,25,29,26,2,77,9.875,1012,32,32,23,25,353,116,113,0,7,11.6,météo favorable
2017-03-27,29,24,12,24,29,26,3.3,82,9.875,1012,36.625,32,22,24,353,116,353,0,6,11.6,météo favorable
2017-03-28,28,24,9,24,28,26,1.1,79,9.875,1013,32.875,30,22,24,116,116,176,0,7,11.6,météo favorable
2017-03-29,27,24,14,24,27,26,2.8,83,9.375,1013,52.5,30,23,24,353,263,353,0,7,8.8,météo correcte
2017-03-30,28,24,15,24,28,26,3.1,82,9.75,1013,42.75,31,23,24,116,176,176,0,6,11.6,météo favorable
2017-03-31,28,24,8,24,28,26,4,85,8.625,1012,53.5,31,23,24,116,119,356,0,6,7.4,météo correcte
2017-04-01,27,25,15,25,27,26,11,81,8.25,1010,47,31,24,25,263,176,359,0,6,11.6,météo correcte
2017-04-02,28,25,13,25,28,26,2.6,82,9.625,1012,62.625,31,23,25,116,116,116,0,6,11.6,météo correcte
2017-04-03,28,25,9,25,27,26,4.4,81,9.375,1011,55.875,32,24,25,353,353,263,0,6,10.2,météo correcte
2017-04-04,27,24,11,24,26,26,11.9,85,8.5,1011,53.75,30,24,25,263,356,356,0,6,10.2,météo correcte
2017-04-05,28,25,14,25,28,26,6.3,82,9.25,1010,54.375,32,24,25,116,356,116,0,6,10.2,météo correcte
2017-04-06,26,25,16,25,26,25,4.6,86,10,1010,62.75,29,24,25,353,353,116,0,6,7.4,météo correcte
2017-04-07,27,25,15,25,27,26,11.4,82,8.875,1011,35.625,31,23,25,356,356,356,0,6,11.6,météo correcte
2017-04-08,27,25,20,25,27,26,8.4,84,9.625,1011,70,31,24,25,353,353,353,0,6,7.4,météo défavorable
2017-04-09,28,25,17,25,28,26,4.3,84,9.5,1011,51.625,31,23,25,293,116,356,0,7,11.6,météo favorable
2017-04-10,28,25,20,25,28,25,7.9,82,9.125,1010,50.625,31,23,25,356,353,356,0,6,11.6,météo correcte
2017-04-11,29,25,11,25,29,26,0.3,70,9.875,1010,59.375,31,21,25,116,116,119,0,6,8.8,météo correcte
2017-04-12,28,24,8,24,28,26,2,81,9.875,1010,62.75,31,23,24,119,119,176,0,6,8.8,météo correcte
2017-04-13,29,24,10,24,29,26,2.2,80,9.75,1011,44.125,31,23,25,176,116,176,0,7,11.6,météo favorable
2017-04-14,27,24,8,24,27,26,8.9,80,9.375,1012,41.875,30,23,24,353,176,176,0,6,11.6,météo correcte
2017-04-15,29,24,10,24,29,26,0.6,81,9.875,1011,32.5,31,22,24,116,176,113,0,7,11.6,météo favorable
2017-04-16,29,24,12,25,29,26,4.2,69,9.625,1011,17.375,32,22,25,113,113,113,0,6,11.6,météo favorable
2017-04-17,29,25,12,25,29,26,7.1,81,9.75,1011,29.25,31,23,25,113,116,299,0,7,10.2,météo favorable
2017-04-18,26,25,13,25,26,26,14.3,85,8.625,1011,66.5,29,23,25,302,299,356,0,6,8.9,météo défavorable
2017-04-19,26,25,13,25,26,25,39.9,88,7,1012,71.5,29,23,25,359,359,356,0,6,7.5,météo très défavorable
2017-04-20,28,24,8,24,28,26,11.2,85,8.5,1012,41.25,32,23,24,263,113,359,0,7,12.1,météo correcte
2017-04-21,29,25,15,25,29,26,13.4,81,8.625,1012,44.375,32,23,25,356,176,116,0,6,12.1,météo défavorable
2017-04-22,28,25,11,25,28,26,4.7,84,9.5,1011,45.125,31,23,25,356,176,116,0,6,12.1,météo favorable
2017-04-23,28,25,15,25,28,26,12.1,81,8.75,1011,42.125,32,23,25,176,176,359,0,6,12.1,météo correcte
2017-04-24,29,25,12,25,29,26,3.8,81,9.375,1011,41.75,32,22,25,176,116,176,0,6,12.5,météo favorable
2017-04-25,28,25,10,26,28,26,5.2,80,9.25,1011,23.375,32,24,26,176,176,356,0,6,12.5,météo favorable
2017-04-26,27,24,7,24,27,26,3.2,83,9.625,1011,27.375,31,24,24,176,176,353,0,6,12.5,météo favorable
2017-04-27,29,24,9,24,29,26,5.8,82,9.375,1011,13.25,32,22,24,176,113,113,0,6,12.5,météo favorable
2017-04-28,29,23,10,23,29,26,0,83,10,1012,8.25,31,22,23,113,113,113,0,7,12.5,météo idéale
2017-04-29,28,24,10,24,28,26,1.8,86,9.75,1012,12.625,31,23,24,113,113,176,0,6,12.5,météo idéale
2017-04-30,29,24,10,25,29,26,0.7,83,9.75,1013,17.75,32,23,25,176,113,176,0,7,12.4,météo idéale
2017-05-01,29,24,12,24,29,26,5.5,82,9.375,1013,14.125,32,22,24,356,176,176,0,7,12.5,météo favorable
2017-05-02,28,25,8,25,28,26,7.5,80,9.125,1013,40.25,31,23,25,356,353,356,0,6,12.5,météo correcte
2017-05-03,28,24,10,24,28,26,18.1,84,9,1011,43.75,31,24,25,353,353,359,0,6,12.5,météo très défavorable
2017-05-04,27,25,11,25,27,26,30.1,82,7.75,1012,35.5,31,24,25,356,176,359,0,6,12.5,météo très défavorable
2017-05-05,28,25,9,25,28,26,5,81,9.5,1012,44.875,30,23,25,356,353,176,0,6,12.5,météo correcte
2017-05-06,28,25,8,25,28,26,8,81,9,1012,31.5,31,23,25,176,176,356,0,6,12.5,météo correcte
2017-05-07,27,25,8,25,26,25,7.6,84,9.25,1012,44.5,30,23,25,353,356,116,0,6,12.5,météo correcte
2017-05-08,27,25,9,25,27,26,3.1,83,9.75,1011,28.5,30,23,25,116,176,176,0,7,12.5,météo favorable
2017-05-09,28,25,6,25,28,26,6.5,79,9.375,1011,22.125,31,22,25,176,176,176,0,6,12.5,météo favorable
2017-05-10,29,24,12,24,29,26,5.3,79,9.375,1011,18.25,32,22,24,176,176,356,0,7,12.5,météo favorable
2017-05-11,29,25,9,25,29,27,0.8,73,9.75,1011,15.125,32,23,25,113,113,176,0,6,12.4,météo idéale
2017-05-12,29,24,10,24,29,27,3.1,83,9.625,1010,10.875,32,22,24,356,113,113,0,7,12.4,météo favorable
2017-05-13,29,24,8,24,29,27,1,80,9.75,1009,35.25,33,23,25,176,176,353,0,7,12.4,météo favorable
2017-05-14,29,25,11,25,29,27,8.4,79,9.25,1010,31.125,32,22,25,176,176,176,0,6,12.4,météo correcte
2017-05-15,29,25,8,25,29,26,3.1,75,10,1010,43.75,31,22,25,353,116,116,0,6,12.4,météo favorable
2017-05-16,29,24,8,25,29,27,3.2,81,9.375,1010,28,32,22,25,176,176,176,0,6,12.4,météo favorable
2017-05-17,29,24,10,24,29,27,2.1,81,9.75,1011,16.875,32,22,24,176,113,113,0,6,12.4,météo idéale
2017-05-18,29,25,8,25,29,26,3.9,70,9.75,1011,23.375,32,21,25,176,113,113,0,6,12.4,météo favorable
2017-05-19,29,26,13,26,29,27,0.1,71,10,1011,23.875,33,22,26,113,113,113,0,7,12.5,météo idéale
2017-05-20,29,25,10,25,29,26,4,73,9.375,1009,29,32,22,25,176,113,176,0,6,12.5,météo favorable
2017-05-21,29,25,9,25,29,27,10.3,80,9.125,1009,32.625,33,24,25,353,176,356,0,6,12.5,météo correcte
2017-05-22,29,25,9,25,29,27,4.6,84,9.25,1011,23.75,32,23,25,176,176,176,0,7,12.5,météo favorable
2017-05-23,29,25,10,25,29,26,0.9,76,9.75,1010,21.375,32,22,25,176,113,113,0,6,12.5,météo idéale
2017-05-24,29,24,12,25,29,26,2.9,79,9.75,1010,11.875,32,22,25,176,113,113,0,6,12.5,météo idéale
2017-05-25,29,25,10,26,29,26,2.6,72,9.875,1010,9.625,32,22,26,113,113,176,0,7,12.5,météo idéale
2017-05-26,29,25,10,25,29,26,5.1,74,9.625,1011,10.875,32,22,25,176,113,176,0,6,12.4,météo favorable
2017-05-27,29,25,10,25,29,26,1.5,71,9.75,1010,20.375,32,22,25,176,113,113,0,6,12.4,météo idéale
2017-05-28,29,24,10,24,29,27,0.1,76,10,1009,9.375,32,23,24,113,113,113,0,7,12.4,météo idéale
2017-05-29,30,24,13,24,30,26,7,79,9.375,1010,26.875,32,22,24,176,113,356,0,6,12.4,météo favorable
2017-05-30,29,24,12,24,29,27,0.8,74,9.125,1011,20.75,32,22,24,176,113,113,0,6,12.4,météo idéale
2017-05-31,29,25,12,25,28,26,4.2,73,9.5,1012,40.625,31,21,25,353,176,116,0,6,11.8,météo favorable
2017-06-01,30,24,12,24,30,26,0.1,75,10,1011,27.875,32,22,24,116,113,116,0,7,12.5,météo idéale
2017-06-02,29,25,8,25,29,26,4,74,9.5,1011,20.5,32,21,25,113,113,176,0,6,12,météo favorable
2017-06-03,29,25,13,26,29,26,3.5,67,9.5,1011,22.625,32,21,26,176,113,113,0,6,12,météo favorable
2017-06-04,29,25,10,25,29,27,3.3,72,9.625,1010,15.625,32,22,25,176,176,176,0,7,12,météo favorable
2017-06-05,29,25,7,25,29,26,3.5,73,9.375,1011,29.625,31,22,25,176,116,116,0,6,12,météo favorable
2017-06-06,26,25,11,25,26,25,5.5,85,8,1012,57,29,23,25,263,263,353,0,6,10.3,météo correcte
2017-06-07,27,25,10,25,27,26,11.5,82,8.875,1012,52,31,23,25,356,356,356,0,7,12.1,météo correcte
2017-06-08,28,24,11,24,28,26,1.5,82,8.625,1012,39.875,31,22,24,263,263,116,0,6,11.6,météo correcte
2017-06-09,29,25,15,25,29,26,4.8,81,9.375,1011,30.875,31,22,25,176,176,356,0,7,11.6,météo favorable
2017-06-10,29,24,11,24,29,26,0.9,71,9.875,1012,26.5,31,21,24,116,116,113,0,6,11.6,météo favorable
2017-06-11,29,24,13,24,29,26,1.1,75,9.875,1012,10.625,32,22,24,113,113,113,0,6,11.6,météo idéale
2017-06-12,29,25,14,25,29,26,4.2,70,9.625,1012,14.25,32,22,25,176,113,176,0,6,11.6,météo favorable
2017-06-13,27,24,5,24,27,26,13.9,77,8.875,1012,44.125,29,22,24,353,356,356,0,6,8.8,météo défavorable
2017-06-14,28,24,9,24,28,26,0.8,75,9.75,1012,26,31,21,24,176,113,113,0,6,11.6,météo idéale
2017-06-15,28,24,11,25,28,26,1.7,71,9.875,1012,18.125,31,21,25,113,113,113,0,6,11.6,météo idéale
2017-06-16,28,24,10,24,28,25,8,79,9,1011,33.875,31,21,24,176,176,356,0,6,11.6,météo correcte
2017-06-17,28,24,7,24,28,25,3.7,76,9.5,1011,32,30,21,24,176,116,113,0,6,11.6,météo favorable
2017-06-18,27,24,9,25,27,25,1,74,9.875,1012,37.25,29,21,25,353,116,116,0,6,11.6,météo favorable
2017-06-19,28,23,12,23,28,25,1.6,78,9.625,1011,25.5,30,21,23,176,176,176,0,7,11.6,météo favorable
2017-06-20,29,23,17,24,29,26,0.7,73,9.875,1010,19.125,32,22,24,113,113,113,0,6,11.6,météo idéale
2017-06-21,28,25,15,25,28,26,3.3,70,9.75,1011,23.5,30,21,26,176,353,113,0,6,11.6,météo correcte
2017-06-22,28,24,8,25,28,25,3,68,9.5,1012,24.75,30,20,25,176,176,176,0,6,11.6,météo favorable
2017-06-23,29,24,9,24,29,26,1.4,73,9.875,1011,18.375,31,21,24,176,113,113,0,7,11.6,météo idéale
2017-06-24,29,24,8,24,29,26,4.8,78,9.25,1010,29.625,31,22,24,176,176,176,0,6,11.6,météo favorable
2017-06-25,28,24,9,24,28,25,3.9,81,9.75,1011,36.875,30,21,24,353,176,116,0,6,11.6,météo favorable
2017-06-26,29,23,10,23,29,25,1.3,81,9.75,1012,16.125,30,21,23,176,113,113,0,6,11.6,météo idéale
2017-06-27,29,23,8,23,29,26,2.9,81,9.5,1011,23.375,31,21,23,176,176,176,0,6,11.6,météo favorable
2017-06-28,28,23,6,23,28,26,1.8,78,9.625,1012,28.625,30,21,23,113,176,176,0,6,11.6,météo favorable
2017-06-29,28,25,8,25,28,26,7.8,80,9.125,1012,46,31,23,25,293,116,356,0,6,11.6,météo favorable
2017-06-30,28,23,12,23,28,26,9.6,80,9,1011,20.375,30,22,23,176,176,356,0,6,11.6,météo correcte
2017-07-01,28,25,14,25,28,26,3,69,9.125,1011,31.125,30,21,25,176,116,263,0,6,11.6,météo favorable
2017-07-02,29,25,13,25,29,26,1,72,9.625,1011,20.875,31,21,25,176,176,176,0,7,11.6,météo favorable
2017-07-03,29,24,10,25,29,26,4.5,73,9.625,1012,23,31,21,25,113,176,176,0,6,11.6,météo favorable
2017-07-04,29,24,10,24,29,26,1,70,9.875,1013,20.625,31,21,24,113,113,116,0,6,11.6,météo idéale
2017-07-05,28,24,10,24,28,26,0.7,72,9.75,1013,27.625,30,21,24,176,116,116,0,6,11.6,météo favorable
2017-07-06,29,24,12,24,29,26,5.5,80,9.875,1012,39.875,31,21,24,176,116,116,0,6,11.6,météo favorable
2017-07-07,29,23,11,23,29,26,0,74,10,1012,25.25,31,21,23,116,113,116,0,7,11.6,météo idéale
2017-07-08,28,24,13,24,28,25,2.2,73,9.25,1012,38.5,30,21,24,116,176,263,0,6,11.6,météo favorable
2017-07-09,29,24,12,24,29,26,0.6,70,9.875,1012,30.875,31,22,24,116,113,116,0,6,11.6,météo favorable
2017-07-10,29,24,13,24,29,26,0.7,75,9.875,1012,19.375,31,21,24,113,113,113,0,6,11.6,météo idéale
2017-07-11,29,25,15,25,29,27,2.4,72,9.625,1011,18.375,32,22,25,176,113,176,0,6,11.6,météo idéale
2017-07-12,28,25,10,26,28,26,2.8,72,9.625,1012,22.625,30,21,26,176,176,113,0,6,11.6,météo favorable
2017-07-13,28,24,13,24,28,26,2.8,72,9.125,1012,38.5,30,21,25,176,263,116,0,6,11.6,météo correcte
2017-07-14,29,24,10,24,29,26,0,68,10,1010,20.125,31,21,24,113,113,113,0,7,11.6,météo idéale
2017-07-15,29,24,9,24,29,26,3.6,70,9.375,1011,23.25,31,21,24,176,113,356,0,6,11.6,météo favorable
2017-07-16,29,25,13,25,29,26,3.1,70,9.875,1010,30.125,32,22,25,113,176,353,0,7,11.6,météo favorable
2017-07-17,29,24,12,25,29,26,1.7,76,9.25,1010,29.75,32,22,25,263,176,113,0,6,11.6,météo favorable
2017-07-18,29,23,11,24,29,25,4.3,76,9.25,1012,38.5,31,21,24,176,176,356,0,6,8.8,météo favorable
2017-07-19,29,24,13,24,29,26,3,76,9.625,1011,29.875,31,21,25,176,116,176,0,6,11.6,météo favorable
2017-07-20,27,24,6,25,27,25,7.4,75,9.125,1011,43.875,29,21,25,176,353,356,0,6,10.2,météo correcte
2017-07-21,26,24,9,24,26,25,3.7,81,9.5,1013,50.375,28,20,24,293,293,176,0,5,10.2,météo correcte
2017-07-22,27,24,10,24,27,25,7.2,83,9.625,1012,56.625,29,23,24,353,116,356,0,7,10.2,météo correcte
2017-07-23,25,24,9,24,25,25,5.2,89,8.75,1011,69.375,28,23,24,296,293,353,0,5,10.2,météo défavorable
2017-07-24,27,23,7,23,26,25,5.5,91,9,1011,52.875,29,22,23,356,263,116,0,5,11.6,météo correcte
2017-07-25,26,24,18,24,26,25,2.3,85,7.75,1011,54,29,23,24,266,353,263,0,5,8.8,météo correcte
2017-07-26,29,25,16,25,29,27,0.1,73,10,1011,28.875,31,21,25,116,113,113,0,7,11.6,météo idéale
2017-07-27,28,25,12,25,28,27,0.1,75,10,1011,22.5,31,22,25,116,113,113,0,7,11.6,météo idéale
2017-07-28,28,25,13,25,28,26,3.4,79,9.75,1012,31.125,32,23,25,353,116,176,0,6,11.6,météo favorable
2017-07-29,28,25,10,25,28,26,5.7,79,8.875,1013,39.125,31,22,25,176,116,263,0,6,11.6,météo favorable
2017-07-30,28,24,10,24,28,25,5.1,81,9.625,1012,39.5,31,23,24,116,113,356,0,6,11.6,météo favorable
2017-07-31,28,24,14,24,28,26,6.7,85,9.5,1012,42.625,32,23,24,353,116,176,0,6,11.6,météo favorable
2017-08-01,29,25,7,25,29,26,1,72,9.75,1012,26.375,33,23,25,113,113,176,0,6,11.6,météo idéale
2017-08-02,29,25,9,25,29,26,2.5,76,9.625,1011,29,32,23,25,176,116,176,0,6,11.6,météo favorable
2017-08-03,28,24,13,24,28,26,8.6,82,9.25,1011,44.75,31,23,24,353,176,176,0,6,11.6,météo correcte
2017-08-04,29,25,8,25,29,27,1.5,79,9.75,1011,15.375,31,22,25,113,113,113,0,6,11.6,météo idéale
2017-08-05,29,25,12,25,29,26,1.3,76,10,1012,10.875,31,22,25,113,113,113,0,7,11.6,météo idéale
2017-08-06,29,25,16,25,29,27,2,74,9.875,1012,13,32,22,25,113,113,176,0,7,11.6,météo idéale
2017-08-07,29,25,11,26,29,26,3.5,74,9.5,1012,25.625,31,22,26,176,176,113,0,6,11.6,météo favorable
2017-08-08,29,25,15,25,29,27,3.3,76,9.625,1012,11.125,32,22,25,113,113,113,0,6,11.6,météo favorable
2017-08-09,29,25,10,25,29,26,3.7,71,9.5,1011,19.625,31,21,25,176,113,113,0,6,11.6,météo favorable
2017-08-10,29,25,8,25,29,26,4.7,73,9.5,1011,22.25,31,20,25,176,113,176,0,6,11.6,météo favorable
2017-08-11,28,25,10,25,28,26,2.1,69,9.875,1012,25.5,30,21,25,116,116,113,0,6,11.6,météo favorable
2017-08-12,28,26,10,26,28,26,1.9,70,9.5,1011,30.25,31,21,26,176,176,176,0,7,11.6,météo favorable
2017-08-13,29,25,14,25,29,26,3.1,81,9.75,1011,36.75,32,22,25,353,116,176,0,6,11.6,météo favorable
2017-08-14,29,25,12,25,29,26,3.6,67,9.625,1011,25.125,31,21,25,176,116,176,0,6,11.6,météo favorable
2017-08-15,28,25,11,26,28,26,4.8,71,9.375,1011,34.5,30,21,26,176,116,116,0,6,11.6,météo favorable
2017-08-16,29,25,10,25,29,26,2.2,68,9.5,1010,32.625,31,20,25,176,176,176,0,6,11.6,météo favorable
2017-08-17,28,25,13,25,28,26,1.5,70,9.75,1010,40,30,21,26,176,353,176,0,7,11.6,météo correcte
2017-08-18,29,25,12,25,29,26,1.1,72,9.875,1010,21.5,31,21,25,176,113,113,0,6,11.6,météo idéale
2017-08-19,29,25,10,25,29,26,1.4,71,9.75,1011,24.75,31,21,25,176,113,113,0,6,11.6,météo idéale
2017-08-20,29,24,9,24,29,26,3.3,79,9.625,1011,18.875,31,22,24,176,113,176,0,6,11.6,météo favorable
2017-08-21,29,25,11,25,29,26,3.1,72,9.5,1010,15.75,31,21,25,176,113,113,0,6,11.6,météo favorable
2017-08-22,29,25,16,25,29,27,0,69,10,1011,17.25,32,22,25,116,113,113,0,7,11.6,météo idéale
2017-08-23,29,25,13,25,29,26,3.6,68,9.5,1012,10.625,31,21,25,176,113,113,0,6,11.6,météo favorable
2017-08-24,29,25,11,25,29,26,0.8,69,9.875,1011,13.75,31,20,25,176,113,113,0,7,11.6,météo idéale
2017-08-25,29,25,8,25,29,26,3.7,69,9.5,1010,16.125,31,20,25,176,176,176,0,6,11.6,météo favorable
2017-08-26,29,25,14,25,29,26,2.6,66,9.875,1010,18.75,31,21,25,113,113,113,0,6,11.6,météo idéale
2017-08-27,29,25,17,25,29,26,0.7,69,9.75,1011,12.625,31,22,25,176,113,113,0,6,11.6,météo idéale
2017-08-28,29,24,10,24,29,26,3.9,71,9.375,1010,16.625,31,21,24,176,113,176,0,6,11.6,météo favorable
2017-08-29,29,25,13,25,29,26,5.6,75,9.125,1010,24.625,32,22,25,176,176,176,0,6,11.6,météo favorable
2017-08-30,30,25,18,25,30,27,0.4,81,10,1010,10,33,22,25,113,113,113,0,7,11.6,météo idéale
2017-08-31,28,24,10,24,28,26,6.8,81,9.375,1012,21.875,30,22,25,176,176,176,0,6,11.6,météo favorable
2017-09-01,29,25,12,25,29,26,3.7,80,9.625,1012,21.625,31,22,25,176,176,113,0,6,11.6,météo favorable
2017-09-02,28,25,10,25,28,26,2.1,67,9.875,1013,21.625,30,21,25,113,116,113,0,6,11.6,météo favorable
2017-09-03,29,25,9,25,29,26,2.2,75,9.875,1012,25.125,31,22,25,113,113,116,0,6,12.1,météo idéale
2017-09-04,28,24,9,24,28,26,2,81,9.75,1012,26.25,30,22,24,176,176,113,0,7,12.1,météo favorable
2017-09-05,29,24,9,24,29,26,1.1,76,9.875,1012,19.75,32,22,24,176,113,113,0,7,12.1,météo idéale
2017-09-06,29,25,12,25,29,27,2.6,72,9.875,1012,8.125,32,22,25,113,113,113,0,6,12.5,météo idéale
2017-09-07,29,25,10,25,29,27,0.8,76,9.875,1012,11.25,32,22,25,176,113,113,0,7,12.5,météo idéale
2017-09-08,29,25,9,25,29,27,2.6,73,9.75,1013,17.875,31,22,25,176,113,113,0,6,12.5,météo idéale
2017-09-09,29,25,15,25,29,27,3.7,77,9.75,1011,18.875,32,22,25,176,113,113,0,6,12.5,météo favorable
2017-09-10,29,26,18,26,29,27,3,68,9.5,1010,14.75,32,22,26,113,176,113,0,6,12.5,météo favorable
2017-09-11,29,26,17,26,29,26,5.3,70,9.5,1011,13.375,32,22,26,113,113,176,0,6,12.5,météo favorable
2017-09-12,30,26,14,26,30,27,1.3,69,9.875,1011,17.625,32,21,26,113,113,113,0,6,12.5,météo idéale
2017-09-13,29,25,11,25,29,26,0.9,68,9.875,1011,13.125,32,22,25,113,113,113,0,6,12.5,météo idéale
2017-09-14,29,24,11,24,29,26,2,76,9.875,1011,18.75,32,22,24,113,113,116,0,6,12.5,météo idéale
2017-09-15,27,25,5,25,27,25,6.4,80,9.875,1012,47.375,29,22,25,353,353,293,0,6,12.5,météo correcte
2017-09-16,29,25,9,25,29,26,2.1,76,9.75,1012,28,32,22,25,176,113,176,0,6,12.5,météo idéale
2017-09-17,29,24,12,24,29,26,7.4,82,9.375,1012,22.125,32,23,24,176,113,356,0,6,12.5,météo favorable
2017-09-18,28,25,14,25,28,26,1,77,9.625,1012,21.625,31,22,25,113,176,176,0,6,12.5,météo favorable
2017-09-19,28,25,13,25,28,26,3.1,70,9.625,1012,27.125,31,21,25,176,113,176,0,6,12.5,météo favorable
2017-09-20,29,25,19,25,29,26,2.6,71,10,1011,29.375,32,21,25,116,116,116,0,6,12.5,météo favorable
2017-09-21,29,25,12,25,29,26,2.6,72,9.75,1011,16.625,31,21,25,113,113,176,0,6,12.5,météo idéale
2017-09-22,28,24,10,24,28,26,5.1,81,9.75,1013,36.25,30,21,24,353,176,113,0,6,12.5,météo favorable
2017-09-23,29,24,11,24,29,26,1.7,70,9.75,1012,17,31,22,24,113,176,176,0,7,11.6,météo favorable
2017-09-24,29,25,8,25,29,26,7.2,72,9.125,1011,27.875,32,22,25,176,176,176,0,6,11.6,météo favorable
2017-09-25,27,25,8,25,27,25,12.9,80,9.125,1012,41.875,29,22,25,176,353,116,0,6,10.2,météo correcte
2017-09-26,29,25,10,25,29,26,2.3,68,9.75,1012,23.375,31,21,25,113,113,176,0,6,11.6,météo idéale
2017-09-27,27,24,14,24,27,26,4.8,84,9.625,1013,34.75,30,22,24,176,353,176,0,6,11.6,météo correcte
2017-09-28,28,24,8,24,28,26,2.3,83,9.875,1012,24.5,30,22,24,113,113,176,0,6,11.6,météo idéale
2017-09-29,25,24,6,24,25,25,5.7,81,8.875,1014,51.5,28,22,24,353,293,263,0,5,10.2,météo correcte
2017-09-30,29,25,11,25,29,26,0,77,10,1013,23.625,32,21,25,113,113,113,0,7,11.6,météo idéale
2017-10-01,29,24,9,24,29,26,2.4,77,9.75,1012,15,31,21,25,176,176,113,0,7,11.6,météo favorable
2017-10-02,29,25,12,25,29,26,0,73,10,1011,14.875,31,22,25,113,113,113,0,7,11.6,météo idéale
2017-10-03,29,25,12,25,29,27,2,83,9.875,1012,13,32,22,25,176,113,113,0,7,11.6,météo idéale
2017-10-04,29,25,13,25,29,26,4.7,73,9.625,1011,22.5,32,22,25,176,176,176,0,7,11.6,météo favorable
2017-10-05,25,24,10,24,25,24,20.1,85,8.75,1012,54.875,27,22,24,305,299,293,0,5,10.2,météo très défavorable
2017-10-06,28,24,9,25,27,27,0,74,10,1011,33.375,29,21,25,116,116,116,0,7,11.6,météo favorable
2017-10-07,30,25,11,25,30,26,0.1,77,10,1010,14,32,22,25,113,113,113,0,7,11.6,météo idéale
2017-10-08,30,25,13,25,30,27,3.5,72,9.625,1009,13.125,33,21,25,113,113,113,0,6,11.6,météo favorable
2017-10-09,29,25,9,25,29,26,3.1,79,9.625,1009,24.125,31,22,25,356,113,113,0,7,11.6,météo favorable
2017-10-10,29,25,8,25,29,26,6,81,9.5,1008,20.375,32,22,25,176,113,356,0,7,11.6,météo favorable
2017-10-11,30,26,10,26,30,27,0.4,73,9.875,1008,16,33,22,26,176,113,113,0,7,11.6,météo idéale
2017-10-12,30,25,13,25,30,27,0.9,74,9.875,1008,13.375,33,22,25,113,113,176,0,7,11.6,météo idéale
2017-10-13,29,25,10,25,29,27,3.8,77,9.625,1008,23,32,22,25,176,176,176,0,7,11.6,météo favorable
2017-10-14,27,25,16,25,27,26,6.6,80,8.875,1009,42.5,30,22,25,353,263,176,0,6,11.6,météo correcte
2017-10-15,29,25,10,25,29,26,9.7,77,9.125,1008,31.75,32,22,25,176,176,305,0,6,11.6,météo correcte
2017-10-16,27,24,6,24,27,26,9.2,85,9.5,1009,49.875,30,22,24,293,293,353,0,6,11.6,météo correcte
2017-10-17,29,26,10,26,27,26,2.8,81,9.75,1008,38.625,32,24,26,116,176,176,0,7,11.6,météo favorable
2017-10-18,30,25,10,25,30,27,0.7,72,9.75,1009,21.875,33,22,25,176,113,176,0,7,11.6,météo idéale
2017-10-19,30,25,22,25,30,27,2.1,75,9.75,1010,10.625,33,23,26,113,113,176,0,6,11.6,météo idéale
2017-10-20,29,25,17,25,29,27,1.9,72,9.875,1011,14.625,32,22,25,176,113,113,0,7,11.6,météo idéale
2017-10-21,30,25,13,25,30,27,0.1,69,10,1011,21,33,22,25,113,113,113,0,7,11.6,météo idéale
2017-10-22,30,25,10,25,30,27,0.4,71,9.875,1011,17.5,32,22,25,176,113,113,0,7,11.6,météo idéale
2017-10-23,30,25,10,25,30,27,0.1,78,10,1012,13.25,33,22,25,113,113,113,0,7,11.6,météo idéale
2017-10-24,30,25,8,26,30,27,0,78,10,1012,16.625,33,23,26,113,113,113,0,7,11.6,météo idéale
2017-10-25,29,26,14,26,29,26,2.5,79,9.875,1011,21.375,33,24,26,113,386,353,0,7,11.6,météo correcte
2017-10-26,28,25,9,25,28,25,10.8,82,9.375,1012,31.25,31,23,25,176,176,356,0,7,11.6,météo correcte
2017-10-27,28,24,9,25,28,26,1.3,79,9.75,1011,27,31,21,25,176,113,176,0,7,11.6,météo idéale
2017-10-28,29,24,9,24,29,26,4.7,84,9.625,1011,19.125,31,22,24,176,176,176,0,7,11.6,météo favorable
2017-10-29,29,26,8,26,28,27,0.7,73,9.875,1010,43.125,32,23,26,116,116,176,0,7,11.6,météo favorable
2017-10-30,29,26,9,26,29,26,4.4,80,9.25,1010,29.25,32,24,26,176,113,176,0,6,11.6,météo favorable
2017-10-31,29,25,11,25,29,26,10,81,9.375,1010,26.125,32,23,25,176,113,356,0,6,11.6,météo correcte
2017-11-01,29,25,7,25,29,26,2.3,76,9.75,1010,25.25,31,22,25,113,176,176,0,7,11.6,météo favorable
2017-11-02,29,25,7,25,29,26,5.9,79,9.5,1008,18.875,32,23,25,113,116,356,0,6,11.6,météo favorable
2017-11-03,29,26,6,26,29,27,5.3,77,9.375,1008,17.5,33,23,26,176,113,176,0,6,11.6,météo favorable
2017-11-04,28,25,8,25,27,26,13,79,8.75,1008,23.75,31,24,25,176,356,356,0,6,11.6,météo défavorable
2017-11-05,29,25,8,25,29,26,4,79,9.5,1009,25.125,32,23,25,113,113,356,0,6,11.6,météo favorable
2017-11-06,29,25,7,25,29,26,6.4,80,9.375,1009,25.625,32,23,26,176,113,356,0,6,11.6,météo favorable
2017-11-07,27,25,10,25,27,26,4.6,80,9.625,1009,34.875,31,23,25,176,353,176,0,6,11.6,météo correcte
2017-11-08,28,25,7,25,28,26,8.5,83,9,1009,29.625,30,22,25,356,176,176,0,6,11.6,météo correcte
2017-11-09,29,25,14,25,29,27,0,76,10,1009,14.5,32,22,25,113,113,113,0,7,11.6,météo idéale
2017-11-10,28,25,6,25,28,26,0.9,75,9.875,1010,18.75,31,22,25,113,176,113,0,7,11.6,météo favorable
2017-11-11,29,26,9,26,29,26,2,75,9.75,1010,30.875,31,22,26,116,116,176,0,6,11.6,météo favorable
2017-11-12,27,25,9,25,27,26,3.7,81,9.75,1009,37,30,23,25,176,353,176,0,7,11.6,météo correcte
2017-11-13,29,25,9,25,29,26,2.8,72,9.625,1009,23.25,31,22,25,356,113,113,0,7,11.6,météo idéale
2017-11-14,29,25,12,25,29,26,0.6,71,9.875,1009,13.625,32,22,25,113,113,176,0,7,11.6,météo idéale
2017-11-15,29,25,8,26,29,26,6.2,78,9.25,1010,32.375,32,23,26,176,176,356,0,6,11.6,météo favorable
2017-11-16,26,25,7,25,26,25,8,84,9.375,1010,41.375,29,23,25,353,356,176,0,6,10.2,météo correcte
2017-11-17,29,25,7,25,29,26,3.3,79,9.5,1010,15.375,31,22,25,356,113,113,0,6,11.6,météo favorable
2017-11-18,29,25,14,25,29,26,0.2,69,9.875,1009,13.5,32,22,25,176,113,113,0,7,11.6,météo idéale
2017-11-19,29,26,13,26,29,26,0.6,73,9.875,1010,25.375,32,22,26,116,116,176,0,7,11.6,météo favorable
2017-11-20,29,25,9,25,29,26,1,81,9.875,1010,22.75,32,23,25,176,113,113,0,7,11.6,météo idéale
2017-11-21,29,25,13,25,29,27,0.3,78,9.875,1009,15.125,32,23,25,113,113,176,0,7,11.6,météo idéale
2017-11-22,29,25,13,25,29,26,0.9,81,9.875,1008,16.375,32,23,25,113,113,113,0,6,11.6,météo idéale
2017-11-23,29,26,6,26,29,27,0.6,75,10,1008,17.5,32,22,26,113,113,113,0,7,11.6,météo idéale
2017-11-24,29,25,7,25,29,26,1,78,9.875,1008,15.125,32,24,25,113,113,176,0,7,11.6,météo idéale
2017-11-25,29,25,6,25,29,26,3.2,81,9.625,1010,40.875,32,22,25,356,116,116,0,7,11.6,météo favorable
2017-11-26,28,25,11,25,28,26,4.2,82,9.75,1009,37,32,23,25,176,116,293,0,6,11.6,météo favorable
2017-11-27,29,26,12,26,29,27,3.5,80,9.5,1008,28.25,32,23,26,356,116,176,0,7,11.6,météo favorable
2017-11-28,28,25,10,25,28,26,5.6,82,9.375,1008,29.125,31,24,26,113,176,356,0,6,11.6,météo favorable
2017-11-29,28,25,8,25,28,26,5.4,80,9.625,1008,37.125,31,23,25,116,113,356,0,6,11.6,météo favorable
2017-11-30,28,25,4,25,27,27,9.9,83,8.625,1009,50,31,23,25,356,263,116,0,6,10.2,météo correcte
2017-12-01,28,26,5,26,27,27,1.7,79,10,1009,49.5,31,23,26,116,119,116,0,6,8.8,météo correcte
2017-12-02,27,26,8,26,27,26,4.5,79,9.125,1010,53.125,30,23,26,353,263,293,0,6,8.8,météo correcte
2017-12-03,28,25,10,25,28,27,3.4,81,9.125,1009,58.375,32,24,25,293,263,353,0,6,10.2,météo correcte
2017-12-04,29,25,10,25,28,27,9.4,82,9.5,1008,40.125,33,23,25,353,176,176,0,6,11.6,météo correcte
2017-12-05,29,26,9,26,29,27,0.1,73,10,1008,32.625,32,24,26,116,116,113,0,7,11.6,météo favorable
2017-12-06,29,26,10,26,29,27,2.2,74,9.875,1008,32.75,33,23,26,176,116,353,0,7,12.5,météo favorable
2017-12-07,29,26,8,26,29,27,2.8,76,9,1009,40,33,23,26,176,176,263,0,6,12.5,météo favorable
2017-12-08,29,26,13,26,29,27,0.3,78,9.875,1009,32.375,33,23,26,113,176,116,0,7,12.5,météo favorable
2017-12-09,28,25,5,25,28,26,8.3,84,9.125,1010,52.5,30,23,25,356,353,293,0,6,12.5,météo correcte
2017-12-10,28,25,5,25,28,26,1.7,79,9.25,1010,43.125,30,22,25,176,116,119,0,6,11.8,météo favorable
2017-12-11,27,26,11,26,27,26,1.2,81,8.125,1010,52.875,30,23,26,263,263,263,0,7,12.5,météo correcte
2017-12-12,30,26,9,26,30,27,0.3,76,9.875,1009,38.375,34,23,26,116,116,176,0,7,12.5,météo favorable
2017-12-13,29,26,13,26,29,27,0.5,74,9.875,1009,15.625,33,23,26,113,113,176,0,7,12.5,météo idéale
2017-12-14,28,25,11,26,28,26,0.2,82,10,1009,22,32,23,26,113,113,116,0,7,12.5,météo idéale
2017-12-15,28,25,9,25,28,26,4.1,80,9.5,1009,24.25,31,22,25,176,176,176,0,6,12.5,météo favorable
2017-12-16,27,25,7,25,27,26,1.7,80,9.75,1011,39.875,29,21,25,176,116,116,0,6,12.5,météo favorable
2017-12-17,27,25,7,25,27,26,3.3,79,10,1010,61.5,30,22,25,353,353,353,0,7,10.5,météo correcte
2017-12-18,27,25,12,25,27,26,3.7,77,9.875,1010,47.5,30,22,25,176,353,116,0,6,12.5,météo correcte
2017-12-19,29,25,14,25,29,27,0,77,10,1010,35.875,31,22,25,116,116,116,0,7,12.5,météo favorable
2017-12-20,29,25,8,25,29,27,0.1,78,10,1010,31,32,23,25,113,116,116,0,7,12.5,météo favorable
2017-12-21,29,26,5,26,29,26,0,76,10,1009,41.125,31,23,26,116,113,116,0,7,12.5,météo favorable
2017-12-22,27,24,9,24,26,25,17.1,84,8.125,1009,54,30,23,24,263,116,356,0,6,12.5,météo très défavorable
2017-12-23,27,24,9,24,27,26,7.3,83,9.625,1009,33.75,30,23,24,113,116,356,0,7,12.5,météo favorable
2017-12-24,28,25,11,25,27,26,1.2,83,9.875,1009,25.125,31,23,25,113,176,116,0,7,12.5,météo favorable
2017-12-25,29,25,12,25,29,27,0,77,10,1009,15,31,22,25,113,113,113,0,7,12.5,météo idéale
2017-12-26,28,25,10,25,28,27,0.5,83,9.75,1009,16.5,31,23,25,113,113,176,0,6,12.5,météo idéale
2017-12-27,28,25,8,25,28,26,11.4,81,9.125,1010,42.625,31,23,25,353,116,353,0,6,12.1,météo correcte
2017-12-28,27,25,10,25,27,26,12.1,80,8.75,1010,42.875,30,22,25,356,356,293,0,6,12.1,météo correcte
2017-12-29,26,25,13,25,26,26,4,83,9.125,1010,57.375,29,23,25,263,353,176,0,6,11.7,météo correcte
2017-12-30,27,25,10,25,27,25,1.8,82,9.875,1010,48.125,30,23,25,116,116,176,0,7,11.6,météo favorable
2017-12-31,27,24,9,24,27,26,0.1,84,10,1009,29.75,30,22,24,116,113,116,0,7,11.6,météo idéale
2018-01-01,28,24,9,24,28,26,0.1,81,10,1008,12.5,31,22,24,113,113,113,0,7,11.6,météo idéale
2018-01-02,29,24,11,24,29,26,1.8,73,9.875,1009,11.125,31,22,24,113,113,176,0,7,11.6,météo idéale
2018-01-03,29,25,10,25,29,26,4.6,67,9.625,1009,10.75,31,21,25,176,113,176,0,6,11.6,météo favorable
2018-01-04,29,25,10,25,29,27,0,64,10,1010,13.75,31,21,25,113,113,113,0,7,11.6,météo idéale
2018-01-05,29,25,14,25,29,27,1.6,72,9.875,1009,14.375,32,22,25,113,113,113,0,6,11.6,météo idéale
2018-01-06,28,25,16,25,28,26,1.8,75,9.875,1010,8.875,31,21,25,113,113,113,0,6,11.6,météo idéale
2018-01-07,29,25,11,25,29,27,0,69,10,1010,5.75,31,21,25,113,113,113,0,7,11.6,météo idéale
2018-01-08,29,25,12,25,29,26,0,71,10,1011,13.375,31,21,25,113,113,113,0,7,11.6,météo idéale
2018-01-09,29,25,11,25,29,26,0,70,10,1010,8.625,31,22,25,113,113,113,0,7,11.6,météo idéale
2018-01-10,28,24,11,24,28,26,0.4,72,10,1010,12.25,31,22,24,113,113,113,0,7,11.6,météo idéale
2018-01-11,29,25,10,25,29,26,0,68,10,1010,23.25,31,21,25,113,113,116,0,7,11.6,météo idéale
2018-01-12,29,25,9,25,29,26,3,76,9.375,1010,20.875,31,21,25,176,113,176,0,6,11.6,météo favorable
2018-01-13,29,25,10,25,29,27,0,75,10,1009,20.875,31,22,25,113,113,116,0,7,11.6,météo idéale
2018-01-14,29,25,7,25,29,27,3.8,73,9.625,1010,21.625,31,21,25,116,113,113,0,6,11.6,météo favorable
2018-01-15,29,25,10,25,29,27,0,69,10,1008,16.625,31,21,25,113,113,113,0,7,11.6,météo idéale
2018-01-16,28,25,15,25,28,26,2.7,71,9.75,1007,20.875,30,22,25,176,176,113,0,7,11.6,météo favorable
2018-01-17,26,24,15,24,25,25,2.4,84,9.75,1009,56.625,28,22,24,119,293,176,0,6,11.6,météo correcte
2018-01-18,27,24,8,24,27,26,0,81,10,1009,55.125,29,21,24,116,116,116,0,7,11.6,météo correcte
2018-01-19,28,25,13,25,28,25,1.1,79,10,1010,50,30,21,25,116,116,116,0,6,11.6,météo favorable
2018-01-20,28,24,7,24,28,26,1.6,81,10,1008,41.375,30,22,24,116,116,116,0,6,11.6,météo favorable
2018-01-21,28,24,8,24,28,27,0,82,10,1008,23.125,30,22,25,113,113,113,0,7,11.6,météo idéale
2018-01-22,28,24,9,24,28,27,2.7,80,9.75,1007,22.125,31,23,24,176,113,116,0,6,11.6,météo idéale
2018-01-23,29,25,9,25,29,26,2.2,77,9.75,1008,23.375,32,23,25,176,113,116,0,6,11.6,météo idéale
2018-01-24,28,25,8,25,28,26,2.3,80,9.875,1008,47.125,30,22,25,116,116,176,0,6,11.6,météo favorable
2018-01-25,29,25,16,25,29,27,0,79,10,1007,26,32,23,25,116,113,113,0,7,11.6,météo idéale
2018-01-26,28,24,15,24,28,26,3.3,79,9.625,1008,44.25,30,22,24,116,116,116,0,6,11.6,météo favorable
2018-01-27,29,25,14,25,29,26,0,69,10,1007,21.5,32,21,25,113,113,113,0,7,11.6,météo idéale
2018-01-28,29,25,12,26,29,26,0.8,66,9.875,1008,33.75,31,22,26,116,116,176,0,7,11.6,météo favorable
2018-01-29,29,25,18,25,29,27,0,72,10,1008,21.75,31,21,25,113,113,113,0,7,11.6,météo idéale
2018-01-30,29,25,15,25,29,26,1.9,68,9.875,1009,45.75,31,23,26,116,116,176,0,7,11.6,météo favorable
2018-01-31,28,24,17,24,28,26,13.1,82,8.125,1010,51.125,31,23,24,263,116,356,0,6,11.6,météo défavorable
2018-02-01,28,24,9,24,28,26,2.4,80,9.375,1010,51.875,30,23,24,263,116,116,0,6,11.6,météo favorable
2018-02-02,28,25,10,25,27,26,3.7,81,9.875,1010,51.125,30,23,25,176,353,116,0,6,10.2,météo correcte
2018-02-03,28,24,11,24,28,26,6.9,83,9.625,1011,49.5,31,23,24,356,353,353,0,7,10.2,météo correcte
2018-02-04,28,25,9,25,28,26,3.4,80,9.75,1010,34.75,31,23,25,353,176,176,0,7,11.6,météo favorable
2018-02-05,28,25,10,25,28,26,7.2,77,9.375,1010,29.875,31,23,25,356,176,353,0,6,11.6,météo favorable
2018-02-06,29,25,12,25,29,26,3.9,78,9.625,1010,31,32,23,25,176,113,176,0,6,11.6,météo favorable
2018-02-07,27,25,8,25,27,27,4.9,81,9.75,1010,26,30,23,25,176,176,116,0,6,11.6,météo favorable
2018-02-08,28,25,9,25,28,26,6.4,82,9.75,1010,45.375,31,23,25,353,353,293,0,6,10.2,météo correcte
2018-02-09,29,25,10,25,29,27,2.7,78,9.75,1010,30.375,33,23,25,176,113,176,0,6,11.6,météo favorable
2018-02-10,27,25,11,25,26,26,6.3,80,9.125,1011,40.75,30,23,25,176,353,263,0,6,11.6,météo correcte
2018-02-11,28,25,11,25,27,26,2.3,84,9.625,1010,32,30,22,25,176,176,116,0,6,11.6,météo favorable
2018-02-12,29,25,5,25,29,26,4.2,79,9.5,1011,30.625,32,23,25,176,113,356,0,7,11.6,météo favorable
2018-02-13,28,25,8,25,28,26,2.3,81,9.625,1012,28,31,23,25,176,176,113,0,6,11.6,météo favorable
2018-02-14,27,25,16,25,27,26,0,77,10,1014,47.25,29,22,25,116,116,116,0,7,11.6,météo favorable
2018-02-15,28,25,10,25,28,26,0.1,75,10,1014,28.375,31,22,25,116,116,113,0,7,11.6,météo favorable
2018-02-16,28,25,12,25,28,26,1,81,9.875,1013,18.875,30,22,25,176,113,113,0,7,11.6,météo idéale
2018-02-17,30,25,15,25,30,27,2.1,75,9.625,1011,26.25,33,23,25,176,113,176,0,6,11.6,météo idéale
2018-02-18,29,25,8,26,29,26,6.9,80,9.375,1011,36.875,33,23,26,176,113,356,0,6,11.6,météo favorable
2018-02-19,26,25,10,25,25,25,8.4,83,8.875,1012,56.75,28,22,25,356,293,263,0,6,7.4,météo correcte
2018-02-20,28,25,10,25,28,26,1.3,77,9.875,1011,30.875,31,22,25,116,113,353,0,6,11.6,météo favorable
2018-02-21,27,25,16,25,27,25,12.4,82,9.125,1010,35.875,30,23,25,176,176,305,0,6,11.6,météo correcte
2018-02-22,27,24,11,24,27,26,4.7,84,9,1010,47.75,30,22,24,263,113,116,0,6,11.6,météo favorable
2018-02-23,27,25,11,25,27,26,1.3,82,9.75,1010,31,30,23,25,176,116,116,0,6,11.6,météo favorable
2018-02-24,27,25,10,25,27,26,1.6,83,10,1011,36.5,30,22,25,353,116,116,0,7,11.6,météo favorable
2018-02-25,28,24,13,24,28,26,3.1,83,9.625,1010,16.25,30,23,24,176,113,176,0,6,11.6,météo favorable
2018-02-26,28,24,17,24,28,26,8.2,75,9,1010,24.625,31,23,24,356,176,176,0,6,11.6,météo correcte
2018-02-27,28,25,9,25,28,27,1.6,81,10,1011,35.125,31,23,25,353,116,116,0,7,11.6,météo favorable
2018-02-28,28,25,10,25,28,26,6.2,80,9.5,1010,23.75,31,23,25,356,113,176,0,7,11.6,météo favorable
2018-03-01,29,25,9,25,29,26,1.9,79,9.75,1010,24.25,31,22,25,176,113,116,0,6,11.6,météo idéale
2018-03-02,27,24,8,24,27,25,6.5,84,9.375,1010,37.375,30,23,24,176,176,356,0,7,10.2,météo favorable
2018-03-03,28,24,10,24,28,26,2.7,81,10,1011,39.125,31,23,24,353,116,116,0,6,11.6,météo favorable
2018-03-04,29,25,13,25,29,27,0,75,10,1010,24.875,31,22,25,116,113,113,0,7,11.6,météo idéale
2018-03-05,28,25,14,25,28,26,2.2,79,9.75,1010,16.875,31,23,25,176,113,176,0,7,11.6,météo idéale
2018-03-06,28,25,15,25,27,26,3.8,82,9.625,1009,37,31,23,25,113,116,356,0,7,8.8,météo favorable
2018-03-07,27,25,15,25,27,25,14,81,9,1008,42.25,30,23,25,176,356,176,0,6,11.6,météo défavorable
2018-03-08,28,25,13,25,28,26,0.4,80,9.875,1008,25.75,31,23,25,176,113,116,0,7,11.6,météo idéale
2018-03-09,27,25,17,25,27,25,3.6,82,9.875,1010,37.25,30,23,25,113,353,116,0,6,11.6,météo correcte
2018-03-10,28,24,18,24,28,26,4.6,83,9.625,1010,42,31,24,24,293,116,176,0,6,11.6,météo favorable
2018-03-11,27,25,15,25,26,25,11.2,83,9,1010,40.5,30,23,25,356,176,356,0,6,10.2,météo correcte
2018-03-12,26,25,16,25,26,25,7.9,84,9.5,1010,59.625,29,23,25,353,356,353,0,6,8.8,météo correcte
2018-03-13,28,24,18,24,28,26,4.7,81,9.875,1010,36.25,30,22,24,353,176,116,0,6,11.6,météo favorable
2018-03-14,27,25,18,25,27,26,5.2,79,9.25,1010,30.875,30,23,25,356,116,116,0,6,11.6,météo favorable
2018-03-15,29,25,14,25,29,26,0,79,10,1010,19.125,31,22,25,113,113,116,0,7,11.6,météo idéale
2018-03-16,28,25,15,25,28,25,4.8,83,9.75,1010,24.625,31,23,25,176,113,353,0,6,11.6,météo favorable
2018-03-17,28,25,10,25,28,26,1.2,79,9.875,1011,14.875,30,22,25,113,113,113,0,6,11.6,météo idéale
2018-03-18,28,25,10,25,28,26,1.1,81,9.875,1011,38.75,31,23,25,116,113,353,0,6,11.6,météo favorable
2018-03-19,28,25,14,25,28,26,3.6,82,9.5,1010,28.5,32,24,25,176,116,176,0,6,11.6,météo favorable
2018-03-20,28,25,15,25,28,26,9.9,82,9.375,1009,32.375,31,23,25,176,176,356,0,6,11.6,météo correcte
2018-03-21,28,25,17,25,28,26,8.3,80,9.375,1008,20.375,31,23,25,113,176,356,0,6,11.6,météo correcte
2018-03-22,29,25,18,25,29,27,2.2,77,9.75,1007,19.625,32,23,25,113,176,116,0,6,11.6,météo favorable
2018-03-23,29,25,19,25,29,26,5.4,78,9.75,1010,30.375,32,23,26,176,176,353,0,7,11.6,météo favorable
2018-03-24,28,25,19,25,28,26,2.1,81,9.875,1010,33.875,31,24,25,116,176,353,0,7,11.6,météo favorable
2018-03-25,29,25,17,25,28,27,1.4,77,9.75,1010,16.875,32,23,25,113,113,176,0,6,11.6,météo idéale
2018-03-26,29,25,13,25,29,27,4.7,79,9.5,1009,24.25,32,23,25,113,113,356,0,6,11.6,météo favorable
2018-03-27,28,26,8,26,28,26,6.1,79,9.375,1008,32.875,32,24,26,176,176,356,0,6,11.6,météo favorable
2018-03-28,28,25,9,25,28,26,1.8,79,9.75,1009,27.25,31,23,26,176,353,176,0,7,11.6,météo correcte
2018-03-29,28,25,8,25,28,26,3.4,80,9.875,1009,23,31,23,25,113,113,353,0,6,11.6,météo favorable
2018-03-30,28,25,8,25,28,27,0.7,75,9.875,1009,33.75,32,23,25,116,116,176,0,7,11.6,météo favorable
2018-03-31,28,25,5,25,28,26,3.5,80,9.875,1008,38,32,24,26,116,176,116,0,6,11.6,météo favorable
2018-04-01,28,25,7,25,28,26,4.3,81,9.5,1009,31.375,31,24,25,113,176,356,0,7,11.6,météo favorable
2018-04-02,28,25,13,25,28,26,6.5,81,9.375,1009,38.875,30,22,25,293,176,356,0,6,11.6,météo favorable
2018-04-03,28,25,17,25,28,26,2.2,79,9.625,1010,18,30,22,25,176,176,113,0,6,11.6,météo favorable
2018-04-04,28,25,16,25,28,26,2.2,72,9.75,1010,20.625,31,22,25,113,176,176,0,7,11.6,météo favorable
2018-04-05,28,25,11,25,28,26,1.3,79,9.875,1010,36.375,30,23,25,116,353,176,0,7,11.6,météo correcte
2018-04-06,27,24,12,24,27,26,3.5,85,9.125,1010,52.5,30,23,24,293,263,176,0,6,10.2,météo correcte
2018-04-07,27,24,10,24,27,25,7.7,87,9,1012,55.75,30,23,25,302,176,176,0,6,10.2,météo correcte
2018-04-08,28,24,11,24,28,26,5.1,84,9.25,1012,18.625,30,22,24,356,176,176,0,6,11.6,météo favorable
2018-04-09,29,24,9,24,29,26,1.7,70,9.75,1013,15,31,21,24,113,176,176,0,7,11.6,météo favorable
2018-04-10,29,25,10,25,29,26,0.4,73,9.875,1012,18.375,31,22,25,176,113,113,0,7,11.6,météo idéale
2018-04-11,29,25,10,25,29,27,1.6,77,9.875,1011,14,31,22,25,113,113,113,0,6,11.6,météo idéale
2018-04-12,29,25,10,25,29,27,2.5,77,9.625,1010,17.875,32,23,25,176,113,176,0,6,11.6,météo idéale
2018-04-13,29,25,12,25,29,26,3.4,79,9.625,1011,16.875,32,22,25,176,176,176,0,7,11.6,météo favorable
2018-04-14,29,25,12,25,29,27,1.7,74,10,1010,26.5,32,23,25,113,113,353,0,7,11.6,météo idéale
2018-04-15,28,25,6,25,28,27,6.5,79,9.125,1009,26.375,31,22,26,356,176,113,0,6,11.6,météo favorable
2018-04-16,29,25,10,25,29,27,0.1,79,10,1009,13.125,32,23,25,113,113,113,0,7,11.6,météo idéale
2018-04-17,29,25,9,25,29,27,2.8,71,9.625,1011,15.375,32,23,25,176,113,176,0,6,11.6,météo idéale
2018-04-18,29,25,10,25,29,27,1.5,74,9.875,1010,9.125,32,22,25,113,113,113,0,6,11.6,météo idéale
2018-04-19,29,25,12,25,29,26,0.7,77,9.875,1010,13.625,32,23,25,113,113,176,0,7,12.1,météo idéale
2018-04-20,28,25,9,25,28,26,16.3,83,8.25,1010,54,31,23,25,299,263,353,0,6,12.1,météo très défavorable
2018-04-21,28,25,10,25,28,26,15.3,85,8.75,1010,45,31,24,25,299,116,176,0,6,12.1,météo défavorable
2018-04-22,28,25,9,25,28,26,9.3,81,9.125,1010,39.375,31,23,26,356,353,176,0,6,12.1,météo correcte
2018-04-23,27,25,11,25,27,26,11.3,83,9.5,1009,51,31,24,25,353,176,356,0,6,12.1,météo correcte
2018-04-24,28,25,14,25,27,26,10.8,83,9.125,1009,48,31,24,26,176,356,353,0,6,12.5,météo correcte
2018-04-25,28,25,15,25,28,26,16,85,8.375,1009,54,32,24,25,356,353,359,0,6,11.8,météo très défavorable
2018-04-26,26,25,7,25,26,25,11.6,85,9,1011,60.5,29,23,25,356,293,356,0,6,10.5,météo correcte
2018-04-27,29,25,8,25,29,27,2.2,81,9.75,1011,44.5,32,23,25,176,116,116,0,6,12.5,météo favorable
2018-04-28,28,25,8,25,28,26,5.4,77,9.625,1010,26.75,31,23,26,176,353,176,0,6,12.5,météo correcte
2018-04-29,29,25,10,25,29,26,8.6,81,9.375,1010,26.5,32,22,25,176,113,176,0,6,12.5,météo correcte
2018-04-30,28,25,9,25,28,26,5,84,9.625,1011,32.375,32,24,25,176,176,353,0,6,12.4,météo favorable
2018-05-01,27,25,9,25,27,26,5.9,82,9.25,1011,38.875,31,24,25,176,356,176,0,6,12.5,météo correcte
2018-05-02,28,25,8,25,28,26,8,82,9.375,1011,22.625,31,24,25,113,176,356,0,6,12.5,météo correcte
2018-05-03,29,25,12,25,29,26,6.4,83,9.375,1012,37.125,32,24,25,176,116,356,0,6,12.5,météo favorable
2018-05-04,28,25,7,25,28,26,7.1,80,9.625,1012,50,31,23,25,353,353,356,0,6,12.5,météo correcte
2018-05-05,27,24,5,24,27,25,10.9,85,8.75,1013,49.125,31,23,25,176,176,359,0,6,11.8,météo correcte
2018-05-06,26,24,6,24,26,24,8,85,8.75,1013,47.5,28,22,24,356,293,293,0,5,12.5,météo correcte
2018-05-07,28,24,11,24,28,26,6.4,84,8.875,1011,32.875,31,24,24,263,176,356,0,6,12.5,météo favorable
2018-05-08,27,25,7,25,27,26,5.3,80,9.25,1011,23.125,30,22,25,176,176,356,0,6,12.5,météo favorable
2018-05-09,29,24,8,24,29,26,4.1,84,9.5,1013,14.75,31,22,24,176,176,176,0,6,12.5,météo favorable
2018-05-10,28,25,9,25,28,26,1.6,73,9.75,1013,15,31,22,25,176,176,113,0,7,12.5,météo favorable
2018-05-11,29,24,9,24,29,26,0,79,10,1012,6.375,31,22,25,113,113,113,0,7,12.5,météo idéale
2018-05-12,29,25,10,25,29,26,0,82,10,1011,11.875,31,22,25,113,113,113,0,7,12.4,météo idéale
2018-05-13,29,25,11,25,29,26,0.7,80,9.875,1012,15.625,32,22,25,176,113,113,0,7,12.4,météo idéale
2018-05-14,29,25,12,25,29,26,3.6,74,9.625,1011,19,31,22,25,116,113,113,0,6,12.4,météo favorable
2018-05-15,29,25,12,25,29,26,1.6,77,9.875,1011,9.25,32,22,25,176,113,113,0,7,12.4,météo idéale
2018-05-16,29,25,12,25,29,26,4,81,9.75,1010,9.625,32,22,25,176,113,113,0,6,12.4,météo favorable
2018-05-17,28,25,11,25,28,26,0.9,80,9.75,1009,16.875,31,22,25,113,176,176,0,7,12.4,météo favorable
2018-05-18,28,24,9,24,28,26,0.2,82,10,1009,16.75,31,22,24,113,113,116,0,7,12.4,météo idéale
2018-05-19,28,24,10,24,28,26,4.8,83,9.375,1009,15.375,31,22,24,356,176,113,0,6,12.5,météo favorable
2018-05-20,29,25,14,25,29,27,1.1,75,9.875,1010,8.125,32,22,25,113,113,113,0,6,12.5,météo idéale
2018-05-21,29,25,12,25,29,27,0.4,74,10,1010,8.25,32,22,25,113,113,113,0,7,12.5,météo idéale
2018-05-22,29,25,10,25,29,27,3.2,73,9.5,1011,15,31,21,25,113,176,113,0,6,12.5,météo favorable
2018-05-23,29,25,13,25,29,26,0.4,72,10,1011,10.625,32,22,26,113,113,113,0,7,12.5,météo idéale
2018-05-24,29,25,14,25,29,27,0.1,73,10,1010,9.875,32,22,25,113,113,113,0,7,12.5,météo idéale
2018-05-25,29,25,12,25,29,26,1.8,73,9.875,1009,12.25,32,22,25,113,113,113,0,6,12.5,météo idéale
2018-05-26,29,25,12,25,29,27,0.5,74,9.875,1010,10.5,32,23,25,113,113,176,0,7,12.4,météo idéale
2018-05-27,29,25,17,26,29,27,4.9,73,9.5,1010,21.375,32,22,26,176,113,113,0,6,12.4,météo favorable
2018-05-28,29,26,10,26,29,27,0.2,70,10,1009,10.75,33,23,26,113,113,113,0,7,12.4,météo idéale
2018-05-29,29,26,9,26,29,27,6.1,72,9.25,1009,29.75,32,23,26,176,176,176,0,6,12.4,météo favorable
2018-05-30,28,25,10,25,28,26,6.8,81,9,1010,48,31,22,25,356,293,176,0,6,12.4,météo correcte
2018-05-31,28,25,8,26,28,26,1.7,78,9.25,1010,49.375,31,22,26,263,176,353,0,6,12.5,météo favorable
2018-06-01,28,24,10,24,28,26,2.9,83,9.5,1010,27,31,22,24,176,176,176,0,6,12.5,météo favorable
2018-06-02,29,25,8,25,29,26,4.2,78,9.5,1010,31.5,31,22,25,176,176,176,0,6,12.5,météo favorable
2018-06-03,29,25,7,25,29,26,5.6,74,9.625,1010,27.25,31,22,25,176,113,176,0,6,12,météo favorable
2018-06-04,29,25,9,25,29,26,2.5,74,9.875,1010,41.5,31,21,25,353,116,353,0,6,12,météo favorable
2018-06-05,30,25,8,25,30,27,0,72,10,1010,14.375,33,23,25,113,113,113,0,7,12,météo idéale
2018-06-06,29,25,10,25,29,27,2,74,9.75,1011,24.25,33,23,25,176,113,116,0,6,12.1,météo idéale
2018-06-07,28,25,14,25,28,25,6,79,9.5,1013,53.625,30,23,25,353,176,356,0,6,12.1,météo favorable
2018-06-08,29,24,24,24,29,26,0.9,85,8.75,1012,34.125,32,23,24,263,113,113,0,6,11.6,météo favorable
2018-06-09,29,25,12,25,29,27,0.8,72,9.875,1012,11.375,32,21,25,176,113,113,0,7,11.6,météo idéale
2018-06-10,29,25,12,25,29,27,0.3,67,10,1013,9,32,22,25,113,113,113,0,7,11.6,météo idéale
2018-06-11,29,25,12,25,29,27,0.1,76,10,1013,10.125,32,23,25,113,113,113,0,7,11.6,météo idéale
2018-06-12,28,25,11,25,28,25,7.7,84,9.375,1012,29.125,30,23,25,356,176,176,0,7,11.6,météo favorable
2018-06-13,27,24,8,25,27,25,11,81,8.875,1012,47.75,29,22,25,176,353,359,0,6,10.2,météo correcte
2018-06-14,28,25,7,25,28,26,6.5,79,9.625,1012,43.125,30,22,25,353,116,356,0,6,11.6,météo favorable
2018-06-15,29,25,10,25,29,26,1.7,78,9.75,1012,26.75,33,22,25,176,113,176,0,7,11.6,météo idéale
2018-06-16,29,25,15,25,29,26,1.8,76,9.625,1012,23.375,32,22,25,176,113,176,0,6,11.6,météo idéale
2018-06-17,28,25,13,25,28,26,4.1,73,9.375,1012,20.125,31,21,25,113,176,176,0,6,11.6,météo favorable
2018-06-18,28,24,8,24,28,26,3.8,72,9.625,1013,20,30,21,24,176,113,176,0,6,11.6,météo favorable
2018-06-19,28,25,15,25,28,26,0.7,68,9.875,1013,16.25,31,21,25,176,113,113,0,7,11.6,météo idéale
2018-06-20,29,25,15,25,29,27,1.9,72,9.875,1012,10.625,32,21,25,176,113,113,0,7,11.6,météo idéale
2018-06-21,29,25,9,25,29,26,2.5,70,9.75,1013,9.125,31,21,25,176,113,113,0,6,11.6,météo idéale
2018-06-22,29,24,10,24,29,26,2.5,76,9.75,1012,11.375,30,21,24,176,113,176,0,7,11.6,météo idéale
2018-06-23,26,24,8,25,26,25,7.9,75,8.5,1012,41.125,28,21,25,356,293,263,0,5,8.8,météo correcte
2018-06-24,28,25,10,25,28,26,0,70,10,1012,16.5,30,20,25,113,113,113,0,7,11.6,météo idéale
2018-06-25,28,24,11,24,28,26,0,71,10,1011,12.375,30,21,24,113,113,113,0,7,11.6,météo idéale
2018-06-26,28,25,12,25,28,26,0.5,70,9.875,1011,17.25,30,21,25,176,113,113,0,7,11.6,météo idéale
2018-06-27,28,24,11,24,28,26,2.8,72,9.75,1011,12.25,31,21,24,113,113,176,0,6,11.6,météo idéale
2018-06-28,28,25,13,25,28,25,4.8,73,9.5,1011,22.125,30,21,25,176,176,176,0,6,11.6,météo favorable
2018-06-29,28,25,10,25,28,26,1.3,72,9.75,1010,22.875,30,21,25,176,116,113,0,6,11.6,météo favorable
2018-06-30,28,24,10,24,28,26,3.2,70,9.5,1011,26.125,30,21,25,176,176,176,0,6,11.6,météo favorable
2018-07-01,28,25,8,25,27,26,2.1,69,9.625,1011,29.5,30,21,25,176,176,113,0,6,11.6,météo favorable
2018-07-02,28,25,13,25,28,26,3.8,74,9.75,1010,23.25,30,22,25,176,116,176,0,7,11.6,météo favorable
2018-07-03,28,24,9,24,28,26,4.6,68,9.5,1010,18.5,30,21,24,113,113,176,0,6,11.6,météo favorable
2018-07-04,28,24,11,24,28,26,0.4,72,9.75,1009,15.5,30,21,24,113,113,176,0,6,11.6,météo idéale
2018-07-05,29,25,10,25,29,25,5.5,70,9.375,1010,21.25,31,22,25,113,176,176,0,6,11.6,météo favorable
2018-07-06,29,25,6,25,29,26,1,73,9.875,1010,31,31,21,25,176,116,116,0,7,11.6,météo favorable
2018-07-07,29,25,9,25,29,26,0.5,73,9.875,1009,28.25,31,21,25,116,113,176,0,7,11.6,météo idéale
2018-07-08,29,24,10,25,29,25,5.4,80,8.875,1010,48.5,31,23,25,263,116,356,0,6,8.8,météo favorable
2018-07-09,28,23,13,23,27,26,3.2,86,9,1010,42.75,32,23,23,293,263,176,0,6,10.2,météo correcte
2018-07-10,29,24,9,24,29,26,0.8,73,9.75,1010,19.125,31,21,24,176,113,113,0,6,11.6,météo idéale
2018-07-11,29,25,10,25,29,26,1.6,73,9.75,1010,22.75,31,22,25,113,113,176,0,6,11.6,météo idéale
2018-07-12,29,25,12,25,28,26,5,82,9.375,1009,27.25,32,23,25,176,113,176,0,6,11.6,météo favorable
2018-07-13,28,25,5,25,28,25,10.3,81,9.25,1010,35.625,31,23,25,176,176,356,0,6,8.8,météo correcte
2018-07-14,25,23,6,23,24,25,11.1,89,8.375,1011,60.25,27,22,23,302,299,263,0,5,8.8,météo correcte
2018-07-15,28,25,12,25,28,26,0.9,78,8.625,1010,48.25,31,22,25,263,116,176,0,6,11.6,météo favorable
2018-07-16,29,25,8,25,29,27,0.9,78,9.625,1010,33,32,22,25,176,113,176,0,6,11.6,météo favorable
2018-07-17,28,25,7,25,28,26,7,77,9.125,1010,37.875,30,21,25,356,176,116,0,6,11.6,météo favorable
2018-07-18,29,25,17,25,29,27,0.1,71,10,1011,25.375,32,22,25,116,113,113,0,7,11.6,météo idéale
2018-07-19,29,25,13,25,29,26,2.8,75,9.625,1011,30.75,32,22,25,176,176,116,0,6,11.6,météo favorable
2018-07-20,29,25,14,25,29,27,0,73,10,1011,21.125,32,22,25,113,113,113,0,7,11.6,météo idéale
2018-07-21,29,25,11,25,29,26,2.4,74,9.875,1011,15.5,32,22,25,113,113,176,0,7,11.6,météo idéale
2018-07-22,28,24,8,24,28,25,7.3,79,9.375,1011,30.875,31,22,25,176,113,356,0,6,11.6,météo favorable
2018-07-23,29,25,9,25,29,26,1.7,67,9.875,1012,22.75,31,22,25,113,113,176,0,6,11.6,météo idéale
2018-07-24,29,25,9,25,29,26,1.6,72,9.625,1011,23.375,31,22,25,176,113,176,0,6,11.6,météo idéale
2018-07-25,29,25,12,25,29,27,0.2,74,10,1011,29.75,33,23,25,116,116,113,0,7,11.6,météo favorable
2018-07-26,29,25,9,25,29,27,0.8,73,9.75,1011,18,32,22,25,176,113,113,0,6,11.6,météo idéale
2018-07-27,28,25,7,25,28,27,6.2,83,9.125,1012,18,31,22,25,113,356,176,0,6,11.6,météo correcte
2018-07-28,28,25,9,25,28,26,0.3,81,9.875,1011,21.125,31,22,25,113,113,176,0,7,11.6,météo idéale
2018-07-29,29,25,13,25,29,26,1.6,79,9.75,1011,17.125,32,22,25,113,113,176,0,6,11.6,météo idéale
2018-07-30,29,25,11,25,29,26,0,72,10,1011,9.375,32,22,25,113,113,113,0,7,11.6,météo idéale
2018-07-31,29,25,11,25,29,26,1.1,76,10,1011,11.125,31,21,25,113,113,113,0,7,11.6,météo idéale
2018-08-01,28,25,10,25,28,26,1.9,69,9.75,1011,18.75,31,21,25,113,113,176,0,6,11.6,météo idéale
2018-08-02,29,25,9,25,29,26,5.7,71,9.375,1011,19.75,31,21,25,176,113,176,0,6,11.6,météo favorable
2018-08-03,28,25,9,25,26,26,2.2,76,9.625,1012,27.75,30,22,25,176,176,113,0,6,11.6,météo favorable
2018-08-04,28,24,10,24,28,26,2.2,77,9.875,1012,44.625,30,22,24,353,293,116,0,7,11.6,météo correcte
2018-08-05,29,25,11,25,29,27,0.6,71,9.875,1012,26.75,31,22,25,176,113,113,0,7,11.6,météo idéale
2018-08-06,29,25,10,25,29,27,0.2,71,10,1011,23.125,31,21,25,116,113,113,0,7,11.6,météo idéale
2018-08-07,29,25,12,25,29,26,1.1,75,9.875,1011,21,31,21,25,176,113,113,0,7,11.6,météo idéale
2018-08-08,29,25,14,25,29,27,4.1,76,9.5,1011,17.125,32,22,25,176,176,176,0,7,11.6,météo favorable
2018-08-09,29,25,16,25,29,26,2.2,72,9.875,1011,22.25,31,21,25,116,113,113,0,6,11.6,météo idéale
2018-08-10,29,25,7,25,29,26,0.9,68,9.875,1012,24.375,31,20,25,116,113,113,0,6,11.6,météo idéale
2018-08-11,29,25,9,25,29,27,0.2,69,10,1012,16.375,32,21,25,113,113,113,0,7,11.6,météo idéale
2018-08-12,28,24,10,24,28,26,2.7,76,9.875,1011,10.5,31,22,25,113,113,176,0,7,11.6,météo idéale
2018-08-13,29,24,9,24,29,26,0,81,10,1012,13,31,22,24,113,113,113,0,7,11.6,météo idéale
2018-08-14,29,24,9,24,29,26,0.8,76,9.75,1012,16.125,31,21,24,176,113,113,0,6,11.6,météo idéale
2018-08-15,29,25,10,25,29,26,0.6,75,9.875,1011,29.75,32,22,25,176,113,353,0,7,11.6,météo idéale
2018-08-16,29,25,11,25,29,27,0,80,10,1010,14,32,23,25,113,113,113,0,7,11.6,météo idéale
2018-08-17,28,25,11,25,28,26,2,78,9.75,1009,16.125,31,23,25,113,176,386,0,7,11.6,météo favorable
2018-08-18,29,24,10,24,29,27,0.3,79,9.875,1011,15.625,32,22,24,113,113,176,0,7,11.6,météo idéale
2018-08-19,29,25,12,26,29,26,4.1,78,9.5,1011,23,32,23,26,113,113,176,0,6,11.6,météo favorable
2018-08-20,29,25,12,25,29,26,1.8,75,9.625,1012,22.625,31,22,25,176,113,176,0,6,11.6,météo idéale
2018-08-21,29,24,11,24,29,26,1.9,77,9.625,1011,31,31,21,25,176,113,176,0,6,11.6,météo favorable
2018-08-22,28,25,13,25,28,26,0.6,74,8.625,1012,38.25,30,21,25,176,263,263,0,7,11.6,météo correcte
2018-08-23,27,24,9,25,27,25,2.8,73,9.25,1012,47.75,29,21,25,176,116,263,0,6,10.2,météo favorable
2018-08-24,27,24,8,24,27,26,1,83,9.75,1012,35.25,30,21,24,176,116,116,0,6,11.6,météo favorable
2018-08-25,28,24,7,24,28,26,5.6,79,9.375,1011,26.75,30,22,24,356,116,176,0,6,11.6,météo favorable
2018-08-26,28,24,9,24,27,26,4.6,80,9,1012,38.75,30,21,24,116,263,113,0,6,11.6,météo correcte
2018-08-27,28,24,9,24,28,26,2.2,74,9.875,1012,25.75,30,20,25,116,113,113,0,6,11.6,météo idéale
2018-08-28,28,25,10,25,28,26,2.4,77,9.625,1012,20.25,31,22,25,176,176,176,0,7,11.6,météo favorable
2018-08-29,28,25,8,25,28,26,0.5,74,9.875,1011,19.875,30,22,25,113,176,113,0,7,11.6,météo favorable
2018-08-30,28,25,9,25,28,26,3.1,76,9.75,1012,27.625,31,23,25,176,116,176,0,7,11.6,météo favorable
2018-08-31,29,25,9,25,29,25,3.3,77,9.5,1012,33.625,32,23,25,116,176,356,0,7,11.6,météo favorable
2018-09-01,27,24,10,24,26,25,2.3,84,8.625,1013,46.125,29,21,24,263,263,116,0,6,11.6,météo correcte
2018-09-02,29,24,13,24,27,26,0.6,81,9.25,1013,46.75,31,22,24,176,116,116,0,6,11.6,météo favorable
2018-09-03,29,24,10,24,29,26,0,71,10,1011,18.375,31,21,25,113,113,113,0,7,12.1,météo idéale
2018-09-04,27,24,8,24,27,25,2.2,74,9.625,1012,23.875,29,20,24,176,176,113,0,6,12.1,météo favorable
2018-09-05,29,24,12,24,29,26,0.6,73,9.75,1011,20.125,31,21,25,176,113,113,0,6,12.1,météo idéale
2018-09-06,28,24,13,25,28,26,4.6,75,9.375,1011,34.5,30,21,25,176,176,353,0,6,12.5,météo favorable
2018-09-07,29,24,9,24,29,26,0.3,77,9.875,1011,23.875,32,21,24,176,113,113,0,7,12.5,météo idéale
2018-09-08,28,25,10,25,28,26,0.4,75,9.875,1011,15.625,31,22,25,113,113,176,0,7,12.5,météo idéale
2018-09-09,29,25,6,25,29,25,7.5,81,9.375,1012,31.875,32,23,25,176,116,356,0,6,12.5,météo favorable
2018-09-10,28,25,10,25,28,25,1.4,78,8,1013,45.375,30,21,25,176,263,263,0,6,12.5,météo correcte
2018-09-11,28,24,12,24,28,26,3.1,82,9.625,1012,38.375,31,22,24,116,116,356,0,7,12.5,météo favorable
2018-09-12,29,24,11,24,29,27,0.1,74,10,1009,12.25,31,21,24,113,113,113,0,7,12.5,météo idéale
2018-09-13,29,25,9,25,29,26,0.3,70,9.875,1010,19.875,31,21,25,113,113,176,0,7,12.5,météo idéale
2018-09-14,29,25,17,25,29,26,3.7,71,9.5,1011,31.375,31,22,25,176,116,353,0,6,12.5,météo favorable
2018-09-15,29,25,13,25,29,26,4.4,72,9.625,1011,36.125,31,21,25,176,176,176,0,6,12.5,météo favorable
2018-09-16,29,24,10,24,29,26,1,69,9.75,1011,15.875,31,21,24,176,113,113,0,6,12.5,météo idéale
2018-09-17,29,24,9,24,29,26,6.4,77,9.625,1010,22.75,31,23,25,113,113,356,0,7,12.5,météo favorable
2018-09-18,29,25,9,25,29,27,2.3,73,9.75,1010,27.625,32,23,26,176,116,113,0,6,12.5,météo favorable
2018-09-19,29,25,12,25,29,26,4.5,81,9.375,1009,23,33,23,25,176,113,356,0,6,12.5,météo favorable
2018-09-20,28,25,12,25,28,26,1.3,78,9.875,1010,15,30,21,25,113,113,113,0,6,12.5,météo idéale
2018-09-21,29,24,8,24,29,26,0.5,80,9.875,1011,36.125,31,21,24,116,116,116,0,6,12.5,météo favorable
2018-09-22,29,24,9,24,29,26,0.3,79,9.875,1013,10.375,31,21,24,113,113,113,0,6,12.5,météo idéale
2018-09-23,28,25,9,25,28,26,0.8,79,9.875,1012,11.75,31,23,25,113,113,176,0,7,12.5,météo idéale
2018-09-24,29,25,13,25,29,26,0.8,76,9.875,1011,19.125,32,23,25,113,113,176,0,7,11.6,météo idéale
2018-09-25,28,25,12,25,28,26,3.1,82,9.625,1010,24.25,32,24,25,116,113,356,0,7,11.6,météo favorable
2018-09-26,29,24,10,24,29,26,3.3,86,9.625,1011,18.125,31,22,24,176,176,116,0,6,11.6,météo favorable
2018-09-27,29,25,10,25,29,26,0,79,10,1011,7.875,32,22,25,113,113,113,0,7,11.6,météo idéale
2018-09-28,29,24,10,24,29,26,0.2,78,10,1012,8.75,31,21,24,113,113,113,0,7,11.6,météo idéale
2018-09-29,29,24,8,24,29,27,0.2,83,10,1011,8.625,31,22,24,113,113,113,0,7,11.6,météo idéale
2018-09-30,28,25,10,25,28,26,1.6,84,9.75,1011,19.875,32,23,25,113,176,176,0,7,11.6,météo favorable
2018-10-01,29,25,12,25,29,26,11.3,85,9,1011,45.875,31,24,25,176,176,176,0,6,10.2,météo correcte
2018-10-02,29,25,12,25,29,26,3.2,74,9.5,1011,13.125,32,21,25,356,113,113,0,6,11.6,météo favorable
2018-10-03,29,24,12,24,29,26,1.4,70,9.75,1013,11.875,31,21,24,176,176,113,0,7,11.6,météo favorable
2018-10-04,29,25,7,25,29,26,3.1,72,9.625,1013,21.625,30,20,25,176,116,176,0,6,11.6,météo favorable
2018-10-05,29,25,7,25,29,26,0,71,10,1013,16.375,31,21,25,113,113,113,0,7,11.6,météo idéale
2018-10-06,29,25,11,25,29,26,2.6,82,9.75,1012,19.625,32,23,25,176,113,176,0,7,11.6,météo idéale
2018-10-07,29,25,11,25,29,27,2.4,80,9.75,1012,13.25,32,22,25,176,113,113,0,6,11.6,météo idéale
2018-10-08,29,25,10,25,29,27,3,76,9.875,1011,12.5,32,22,25,113,113,113,0,6,11.6,météo favorable
2018-10-09,29,25,10,25,29,26,2.7,75,9.625,1011,21.75,32,22,25,176,113,176,0,6,11.6,météo idéale
2018-10-10,29,25,12,25,29,26,3.3,77,9.75,1011,16.375,32,22,25,176,113,176,0,7,11.6,météo favorable
2018-10-11,29,25,8,25,29,26,2.2,70,9.625,1012,25.125,31,21,25,176,176,113,0,6,11.6,météo favorable
2018-10-12,29,25,13,25,29,27,0.1,71,10,1012,17.125,32,21,25,113,113,113,0,7,11.6,météo idéale
2018-10-13,29,25,12,25,29,26,2.3,73,9.75,1012,24.25,31,21,25,176,116,113,0,6,11.6,météo favorable
2018-10-14,30,25,11,25,30,27,2.7,71,9.75,1011,16,32,21,25,176,113,113,0,6,11.6,météo idéale
2018-10-15,29,25,9,25,29,26,3,76,9.625,1012,18.875,32,22,25,176,113,176,0,6,11.6,météo favorable
2018-10-16,29,25,9,25,29,26,3.4,80,9.75,1012,28.75,31,22,25,353,113,176,0,6,11.6,météo favorable
2018-10-17,29,25,8,25,29,26,3.1,75,9.875,1012,34.625,31,21,25,353,113,176,0,6,11.6,météo favorable
2018-10-18,29,25,9,25,29,26,0.1,73,10,1012,20.375,31,21,25,113,113,113,0,7,11.6,météo idéale
2018-10-19,29,25,9,25,29,26,0.5,77,9.875,1012,22.25,32,22,25,176,113,113,0,7,11.6,météo idéale
2018-10-20,28,25,7,25,28,26,8.1,80,9.375,1013,34.125,31,22,25,176,176,116,0,6,11.6,météo correcte
2018-10-21,29,25,11,25,29,26,4,76,9.875,1012,38.125,32,23,25,353,116,176,0,6,11.6,météo favorable
2018-10-22,27,25,9,26,27,25,7.6,81,9.375,1011,37.125,30,23,26,176,176,356,0,7,11.6,météo favorable
2018-10-23,27,24,7,24,27,26,12,82,8.875,1011,47.75,30,23,24,353,176,359,0,6,11.6,météo correcte
2018-10-24,29,25,7,25,29,26,1.6,77,9.125,1011,24.75,32,22,25,176,113,176,0,6,11.6,météo idéale
2018-10-25,29,25,12,25,29,26,0.2,74,9.875,1011,11.75,32,22,25,113,113,176,0,7,11.6,météo idéale
2018-10-26,30,25,13,25,30,27,0.2,67,10,1011,8.25,33,22,25,113,113,113,0,7,11.6,météo idéale
2018-10-27,30,25,12,25,30,26,0.3,66,9.875,1010,9.125,32,22,25,113,113,176,0,7,11.6,météo idéale
2018-10-28,28,25,12,25,28,26,0,80,10,1010,12.625,31,22,25,113,113,113,0,7,11.6,météo idéale
2018-10-29,29,24,10,24,29,26,0,76,10,1011,9,31,21,24,113,113,113,0,7,11.6,météo idéale
2018-10-30,29,25,11,25,29,26,0,80,10,1012,8.125,31,21,25,113,113,113,0,7,11.6,météo idéale
2018-10-31,29,24,10,24,29,26,3.1,81,9.625,1012,8,31,22,24,356,113,113,0,7,11.6,météo favorable
2018-11-01,29,26,11,26,29,27,0.1,73,10,1012,7.375,32,23,26,116,113,113,0,7,11.6,météo idéale
2018-11-02,28,25,9,25,28,26,3,81,9.875,1012,30.375,31,22,25,176,353,116,0,7,11.6,météo correcte
2018-11-03,30,25,13,25,30,26,0.4,75,9.875,1011,23,32,22,25,116,113,113,0,6,11.6,météo idéale
2018-11-04,29,25,11,25,29,26,0.2,74,9.875,1011,10.375,32,22,25,113,113,176,0,7,11.6,météo idéale
2018-11-05,29,25,10,25,29,26,1.8,76,9.75,1010,21.375,32,22,25,176,176,113,0,7,11.6,météo favorable
2018-11-06,28,25,7,25,27,27,1.6,74,9.625,1011,19.25,30,22,25,176,176,113,0,6,11.6,météo favorable
2018-11-07,29,25,10,25,29,26,2.7,73,9.75,1009,21.125,32,22,25,113,176,176,0,7,11.6,météo favorable
2018-11-08,29,25,7,25,29,27,0.2,79,10,1009,19.25,32,22,25,113,113,113,0,7,11.6,météo idéale
2018-11-09,29,26,10,26,29,27,4.7,75,9.5,1009,31,33,23,26,116,353,356,0,6,11.6,météo correcte
2018-11-10,28,25,9,25,28,26,16.8,86,8.625,1009,47.375,31,23,25,299,176,293,0,6,11.6,météo très défavorable
2018-11-11,29,24,7,24,29,26,7.2,84,9.375,1009,46.75,31,22,25,299,176,293,0,6,11.6,météo favorable
2018-11-12,29,25,10,25,29,26,2.1,79,10,1009,31.5,32,23,25,116,113,353,0,7,11.6,météo favorable
2018-11-13,28,25,8,25,28,26,7,79,9.375,1009,26.625,31,23,25,176,176,356,0,7,11.6,météo favorable
2018-11-14,27,25,12,25,27,26,2.3,84,9.375,1010,45.25,30,23,25,353,263,116,0,6,11.6,météo correcte
2018-11-15,29,26,13,26,29,27,7,77,9.125,1011,35.125,32,22,26,353,176,356,0,6,11.6,météo favorable
2018-11-16,27,25,14,26,27,26,15.4,82,9.125,1011,50.75,31,23,26,353,353,359,0,6,11.6,météo défavorable
2018-11-17,27,25,12,25,27,26,12.7,83,8.625,1010,56.25,31,24,25,353,356,356,0,6,10.2,météo correcte
2018-11-18,28,25,6,26,28,27,3.6,80,9.75,1010,44.5,32,24,26,353,176,116,0,6,11.6,météo favorable
2018-11-19,29,26,9,26,28,26,2,80,9.625,1010,19.625,32,23,26,113,176,176,0,6,11.6,météo favorable
2018-11-20,28,25,6,25,28,26,0.9,78,9.875,1011,27,31,23,25,113,116,116,0,6,11.6,météo favorable
2018-11-21,27,25,8,25,27,26,4.5,82,9.625,1011,38.75,30,23,25,356,113,113,0,6,10.2,météo favorable
2018-11-22,29,25,12,25,29,26,12.6,83,9.25,1011,49,32,24,25,353,113,356,0,6,10.2,météo correcte
2018-11-23,28,25,10,25,28,25,18.5,83,8.25,1013,43.25,31,23,25,356,176,359,0,6,10.2,météo très défavorable
2018-11-24,29,24,5,24,29,26,0.3,81,9.375,1014,39,31,21,24,116,116,116,0,6,11.6,météo favorable
2018-11-25,28,25,8,25,27,26,3.6,80,9.5,1013,32.375,31,23,25,356,116,176,0,7,11.6,météo favorable
2018-11-26,29,25,9,25,29,26,2.9,78,9.75,1012,36,32,23,25,176,116,353,0,6,11.6,météo favorable
2018-11-27,27,26,14,26,27,26,0.7,78,9.75,1013,36.5,30,23,26,176,116,116,0,6,11.6,météo favorable
2018-11-28,29,25,10,25,29,26,3.3,82,10,1012,44,32,23,25,116,116,353,0,6,11.6,météo favorable
2018-11-29,28,26,12,26,28,26,1.8,80,9.875,1013,34.375,31,23,26,176,116,113,0,7,11.6,météo favorable
2018-11-30,27,25,9,25,27,26,4,82,9.625,1012,63.75,30,23,25,356,116,119,0,6,10.2,météo correcte
2018-12-01,27,26,8,27,27,26,2.1,82,9.25,1011,53.125,31,24,26,353,116,293,0,6,10.2,météo favorable
2018-12-02,26,24,6,24,26,25,10.4,88,8.625,1012,61.625,28,23,24,302,263,116,0,6,8.8,météo correcte
2018-12-03,29,25,9,25,29,26,0,78,10,1011,13.375,31,22,25,113,113,113,0,7,11.6,météo idéale
2018-12-04,29,25,10,25,29,26,0,74,10,1011,9,31,22,25,113,113,113,0,7,11.6,météo idéale
2018-12-05,29,25,10,25,29,27,0.2,76,9.875,1010,15.125,32,23,25,113,113,176,0,7,11.6,météo idéale
2018-12-06,29,25,10,25,29,26,3,76,9.625,1009,12.75,32,23,25,113,113,356,0,7,12.5,météo favorable
2018-12-07,30,25,9,25,30,27,0.1,70,10,1009,10.875,32,23,25,113,113,113,0,7,12.5,météo idéale
2018-12-08,29,25,11,25,29,26,4.3,77,9.25,1010,20.875,32,23,25,176,176,356,0,6,12.5,météo favorable
2018-12-09,28,25,11,25,28,26,5.3,79,9.375,1010,30,31,23,25,176,113,356,0,6,12.5,météo favorable
2018-12-10,27,25,6,25,27,26,7.9,81,8.875,1010,60.5,30,22,25,116,263,356,0,6,12.5,météo correcte
2018-12-11,29,25,11,25,29,27,0,78,10,1010,29.5,32,23,25,113,113,116,0,7,12.5,météo idéale
2018-12-12,29,25,11,25,29,27,0.4,79,9.875,1010,22.125,32,22,25,113,116,176,0,7,12.5,météo favorable
2018-12-13,29,25,13,25,29,27,3.9,77,9.625,1010,12.875,33,23,25,113,113,356,0,7,12.5,météo favorable
2018-12-14,29,26,8,26,29,26,11,78,8.875,1009,31.75,32,24,26,113,176,359,0,6,12.5,météo correcte
2018-12-15,28,25,6,25,28,27,6.8,82,9.5,1010,39.125,31,23,25,356,116,113,0,6,12.5,météo favorable
2018-12-16,27,26,6,26,27,26,5.3,83,9.5,1010,63.75,30,23,26,299,296,293,0,7,9.2,météo correcte
2018-12-17,27,25,4,25,27,26,7.5,84,9.375,1010,58.5,30,23,25,293,356,353,0,6,11.8,météo correcte
2018-12-18,28,25,13,25,27,27,4.5,81,9.625,1011,37,32,23,25,299,176,113,0,6,12.5,météo favorable
2018-12-19,29,26,7,26,29,27,2.2,77,9.75,1011,30.625,33,23,26,176,116,116,0,6,12.5,météo favorable
2018-12-20,28,26,10,26,27,26,2.8,81,9.875,1010,32.125,32,24,26,113,176,353,0,7,12.5,météo favorable
2018-12-21,27,25,12,25,27,26,8.7,82,8.875,1010,51.375,30,23,25,293,263,353,0,6,12.5,météo correcte
2018-12-22,28,25,6,25,27,26,2.3,79,9.875,1009,45.625,31,23,25,116,116,353,0,6,12.5,météo favorable
2018-12-23,28,25,9,25,28,27,0,80,10,1009,44,31,23,25,116,116,116,0,7,12.5,météo favorable
2018-12-24,29,25,8,25,29,27,3.6,80,9,1008,55.625,33,24,26,116,116,356,0,6,11.8,météo correcte
2018-12-25,30,26,5,26,30,26,5.6,79,9.375,1008,49,36,24,26,176,353,356,0,7,11.8,météo correcte
2018-12-26,28,25,6,25,28,26,1.7,80,10,1008,38.625,32,23,25,116,353,116,0,6,12.5,météo correcte
2018-12-27,28,25,7,25,28,26,2.9,80,9.5,1007,39.625,31,23,25,176,116,356,0,7,12.5,météo favorable
2018-12-28,28,25,7,25,28,26,2.8,81,9.75,1008,30.125,31,23,25,113,116,176,0,6,12.1,météo favorable
2018-12-29,28,25,11,25,28,26,6.1,75,9.5,1010,34.375,31,23,25,176,176,176,0,6,12.1,météo favorable
2018-12-30,29,25,16,25,29,26,0.9,74,9.875,1011,21.5,32,23,25,113,113,176,0,7,11.6,météo idéale
2018-12-31,28,25,15,25,28,26,0.8,81,9.75,1012,24,31,24,25,113,113,176,0,6,11.6,météo idéale
2019-01-01,30,26,15,26,30,28,0.1,79,10,1011,26.25,35,24,26,116,116,176,0,7,10.2,météo favorable
2019-01-02,30,26,13,26,30,28,0.6,74,9.875,1013,38.25,35,24,26,116,176,176,0,6,8.8,météo favorable
2019-01-03,30,26,14,26,30,28,1,72,9.875,1013,27,35,24,26,116,116,176,0,7,10.2,météo favorable
2019-01-04,29,26,15,26,29,27,10.3,84,8.75,1014,52.25,35,25,26,116,356,356,0,6,7.4,météo correcte
2019-01-05,29,26,17,26,29,27,28.6,85,7.5,1014,62,34,25,26,116,176,356,0,6,7.4,météo très défavorable
2019-01-06,29,26,19,26,29,27,9.6,82,9,1013,79.75,34,25,26,176,176,176,0,6,6.1,météo défavorable
2019-01-07,30,26,14,26,30,28,1.4,80,9.625,1012,45.25,34,24,26,116,116,176,0,6,10.2,météo favorable
2019-01-08,30,26,13,26,30,27,7.8,80,9.25,1012,54.25,34,24,26,116,116,353,0,6,8.8,météo favorable
2019-01-09,30,26,14,26,30,27,12.4,82,8.375,1011,66.625,34,24,26,176,116,176,0,6,7.4,météo défavorable
2019-01-10,29,27,10,27,28,27,9.7,78,8.25,1010,67.5,32,24,27,176,263,293,0,6,6.1,météo défavorable
2019-01-11,30,26,12,26,30,28,10.1,82,8.875,1011,73.375,35,24,26,176,353,353,0,6,6.1,météo défavorable
2019-01-12,30,26,12,26,30,28,13.9,82,9,1011,70.5,34,24,26,353,176,353,0,6,6.1,météo défavorable
2019-01-13,30,26,16,26,30,28,15.3,81,9,1010,75.125,35,24,26,353,176,176,0,6,6.1,météo défavorable
2019-01-14,29,27,15,27,29,27,9.4,80,9.125,1009,75.5,34,25,27,176,176,356,0,6,6.1,météo défavorable
2019-01-15,30,26,14,26,30,27,25.4,84,8.125,1009,62.875,35,25,26,176,176,359,0,6,7.4,météo très défavorable
2019-01-16,29,26,12,26,28,28,25.9,84,7.5,1009,80,33,24,26,356,356,293,0,6,7.4,météo très défavorable
2019-01-17,28,26,11,26,28,26,38.4,87,6.375,1008,79.375,34,25,26,263,356,359,0,6,6,météo très défavorable
2019-01-18,28,26,13,26,28,27,39.9,87,6.5,1009,74.125,32,25,26,356,299,293,0,6,6.1,météo très défavorable
2019-01-19,30,26,13,26,30,27,22,79,8.25,1010,62.75,35,25,26,293,116,356,0,6,7.4,météo très défavorable
2019-01-20,30,26,10,26,30,27,33.1,82,7.875,1009,70.625,35,25,26,116,176,359,0,6,6,météo très défavorable
2019-01-21,29,26,14,26,29,28,3.5,87,10,1010,57.5,34,25,26,176,353,353,0,6,10.2,météo correcte
2019-01-22,30,25,13,25,30,28,0,81,10,1010,10.875,34,23,25,116,116,116,0,7,11.6,météo favorable
2019-01-23,30,26,10,26,30,27,5.5,79,9.625,1010,42.25,35,24,26,176,116,356,0,7,10.2,météo favorable
2019-01-24,30,26,8,26,30,27,19.8,81,7.875,1011,73.125,34,25,26,353,176,356,0,6,6,météo très défavorable
2019-01-25,31,26,10,26,30,29,2.2,83,10,1011,62.25,36,25,26,176,176,116,0,6,10.2,météo correcte
2019-01-26,30,27,12,27,30,28,7.8,82,9.625,1011,73.875,35,25,27,353,353,302,0,6,7.4,météo défavorable
2019-01-27,29,26,5,26,28,28,10.4,83,8.625,1011,62,33,24,26,263,293,293,0,6,7.4,météo correcte
2019-01-28,30,26,13,26,30,27,27.5,83,7.875,1011,71,36,25,26,353,353,359,0,6,8.8,météo très défavorable
2019-01-29,28,26,10,26,28,27,38,84,7.125,1012,76,33,25,26,353,356,356,0,6,7.4,météo très défavorable
2019-01-30,30,25,6,25,30,28,12.4,85,9.125,1012,69.375,34,24,25,293,353,176,0,6,7.4,météo défavorable
2019-01-31,30,26,23,26,30,28,3.1,77,8.5,1012,71.75,35,24,26,263,176,176,0,6,6,météo défavorable
2019-02-01,31,27,16,27,30,28,0.6,73,9.75,1012,32.25,35,23,27,116,116,116,0,6,11.6,météo favorable
2019-02-02,30,26,24,26,30,27,1.1,72,10,1012,51.5,34,23,26,176,176,353,0,7,8.8,météo favorable
2019-02-03,30,26,16,26,30,27,0.8,65,9.75,1013,62.875,33,22,26,176,116,176,0,6,8.8,météo correcte
2019-02-04,30,26,18,26,30,28,0.1,64,10,1012,27.125,34,23,26,116,116,176,0,7,10.2,météo favorable
2019-02-05,30,25,15,25,30,28,0,68,12.25,1012,8.625,34,23,25,116,116,113,0,7,11.6,météo favorable
2019-02-06,31,26,11,26,31,28,0,77,10,1012,6.75,34,23,26,113,113,113,0,7,11.6,météo idéale
2019-02-07,31,26,12,26,31,28,2.4,77,9.875,1013,17,34,24,26,113,113,176,0,7,11.6,météo idéale
2019-02-08,29,26,11,26,29,27,27.5,82,7.25,1012,81.75,34,24,26,176,176,359,0,6,6,météo très défavorable
2019-02-09,29,26,15,26,29,27,22.4,85,11.875,1013,52.5,34,25,26,116,176,356,0,6,8.8,météo très défavorable
2019-02-10,29,26,14,26,29,27,10.4,77,12.5,1014,79,33,24,26,176,353,176,0,6,6,météo défavorable
2019-02-11,29,25,15,25,28,27,1,79,12.125,1015,50.25,32,23,25,176,116,116,0,6,10.2,météo favorable
2019-02-12,29,26,16,26,29,27,0.6,77,12.75,1015,43.125,32,23,26,176,176,176,0,7,8.8,météo favorable
2019-02-13,28,26,13,26,28,26,4.7,73,11.625,1015,39.625,31,23,26,116,116,353,0,7,10.2,météo favorable
2019-02-14,26,25,15,25,26,25,61.9,90,8.625,1014,89.875,30,24,25,302,302,305,0,6,6,météo très défavorable
2019-02-15,28,24,14,24,27,27,22.6,84,10,1015,63.75,31,22,24,302,176,116,0,6,7.4,météo très défavorable
2019-02-16,29,25,11,25,29,27,1.5,74,13,1014,35.375,32,24,25,116,116,353,0,7,8.8,météo favorable
2019-02-17,28,25,15,25,28,26,11.9,84,11.75,1013,75.5,32,24,25,176,176,353,0,6,7.4,météo défavorable
2019-02-18,29,25,16,25,29,26,13.8,82,12.25,1014,73.5,32,23,25,353,353,302,0,6,7.4,météo défavorable
2019-02-19,28,25,12,25,28,26,15.3,84,9.375,1015,76.125,32,23,25,299,353,176,0,6,6,météo défavorable
2019-02-20,29,25,17,25,29,27,7.1,82,9.375,1015,53.625,34,24,25,116,176,353,0,7,7.4,météo favorable
2019-02-21,28,26,17,26,28,27,22.9,84,8.25,1014,73,32,25,26,293,353,356,0,6,7.4,météo très défavorable
2019-02-22,30,26,22,26,30,27,37.9,85,7.375,1012,73.125,35,25,26,353,353,359,0,6,6,météo très défavorable
2019-02-23,29,26,17,26,29,27,12.9,82,12.625,1012,73.875,34,24,26,176,176,356,0,6,7.4,météo défavorable
2019-02-24,28,26,18,26,28,27,20.1,87,8.25,1011,68.75,33,25,26,356,176,353,0,6,8.8,météo très défavorable
2019-02-25,28,26,13,26,28,26,22.9,85,7.875,1012,69.25,32,24,26,176,353,356,0,6,8.8,météo très défavorable
2019-02-26,28,26,19,26,27,26,34.8,85,7.625,1012,75.25,31,25,26,356,356,299,0,6,6,météo très défavorable
2019-02-27,29,25,17,25,29,26,1.9,85,10,1011,72.125,32,23,25,176,176,353,0,6,8.8,météo défavorable
2019-02-28,29,25,12,25,29,27,0.8,86,10,1011,67,34,24,25,176,176,176,0,6,7.4,météo défavorable
2019-03-01,29,25,17,25,29,28,1.7,86,10,1012,50.625,33,23,25,353,176,116,0,6,8.8,météo favorable
2019-03-02,30,25,13,25,30,28,0.2,70,9.875,1011,28.375,34,23,25,116,176,116,0,7,10.2,météo favorable
2019-03-03,30,26,15,26,30,27,2.5,75,10,1010,45,34,24,26,116,116,353,0,7,10.2,météo favorable
2019-03-04,29,26,18,26,29,28,0.6,81,9.25,1011,49.25,33,23,26,263,176,116,0,6,10.2,météo favorable
2019-03-05,31,26,14,26,31,28,0.3,69,9.875,1011,31.875,35,24,26,116,116,176,0,7,8.8,météo favorable
2019-03-06,29,25,14,26,29,26,2.8,81,9.75,1011,51.125,33,24,26,176,176,293,0,7,7.4,météo favorable
2019-03-07,28,25,8,25,28,27,10.9,87,7.875,1011,62.625,33,25,25,263,356,176,0,6,6,météo correcte
2019-03-08,29,26,12,26,29,28,14.6,80,9,1011,68.75,34,25,26,176,353,353,0,6,8.8,météo défavorable
2019-03-09,31,25,8,25,31,27,26.8,82,7.875,1011,76.125,34,24,25,353,176,356,0,6,6,météo très défavorable
2019-03-10,29,26,11,26,29,28,3.5,76,9.5,1012,72.375,34,24,26,176,116,176,0,6,7.4,météo défavorable
2019-03-11,29,26,8,26,29,27,11.6,80,8.375,1012,68.875,33,24,26,176,116,356,0,6,7.4,météo défavorable
2019-03-12,31,26,19,26,31,28,4.9,77,9.375,1012,62.875,34,23,26,176,116,176,0,6,8.8,météo correcte
2019-03-13,29,25,19,26,29,26,1.5,76,9.125,1012,67.75,32,23,26,176,176,176,0,6,7.4,météo défavorable
2019-03-14,30,25,10,26,30,27,10.5,80,9.125,1013,59.375,33,23,26,293,116,353,0,6,8.8,météo correcte
2019-03-15,30,26,17,26,30,27,4.4,76,8.625,1011,50.125,34,24,26,116,116,176,0,6,10.2,météo favorable
2019-03-16,30,26,16,26,30,27,0.5,79,9.875,1011,41.125,34,23,26,176,116,176,0,6,10.2,météo favorable
2019-03-17,30,26,10,26,30,28,0.1,70,15,1011,32.625,33,24,26,116,116,176,0,7,10.2,météo favorable
2019-03-18,30,26,11,26,30,27,18.4,84,18.5,1011,56.875,35,25,26,116,176,356,0,6,7.4,météo très défavorable
2019-03-19,30,26,13,26,30,27,24.5,81,8.25,1011,74.625,36,25,26,353,176,356,0,6,6,météo très défavorable
2019-03-20,30,26,15,26,30,27,53.2,87,6.5,1011,75.875,35,26,26,353,176,359,0,6,7.4,météo très défavorable
2019-03-21,29,26,17,27,29,27,38.9,89,8,1011,74.75,34,26,27,176,353,356,0,6,7.4,météo très défavorable
2019-03-22,28,26,21,26,28,26,46.5,89,6.5,1011,77.125,32,25,26,356,356,356,0,6,8.8,météo très défavorable
2019-03-23,30,26,15,26,30,27,14.6,87,6.75,1011,76,34,25,26,119,176,356,0,6,7.4,météo défavorable
2019-03-24,29,26,14,26,29,27,27.1,86,8.25,1012,47.875,34,25,26,116,176,359,0,7,8.8,météo très défavorable
2019-03-25,29,26,14,26,29,27,16.1,85,8.125,1013,75.875,33,25,26,176,176,356,0,6,7.4,météo très défavorable
2019-03-26,29,26,13,26,29,27,18.7,85,8.125,1013,78.25,34,25,26,176,176,356,0,6,7.4,météo très défavorable
2019-03-27,29,26,20,26,29,28,5.1,84,9.5,1013,62.875,34,25,26,176,176,176,0,7,6,météo correcte
2019-03-28,30,26,13,26,30,28,0.5,77,14,1011,39,34,25,26,116,116,176,0,6,10.2,météo favorable
2019-03-29,31,27,17,27,31,28,7.7,80,18.25,1010,19.875,36,24,27,176,113,176,0,6,11.6,météo favorable
2019-03-30,30,26,17,26,30,27,26.6,81,15.25,1011,37.25,34,25,26,356,176,356,0,6,11.6,météo très défavorable
2019-03-31,29,26,12,26,29,26,20.9,81,8.375,1012,69.625,33,24,26,293,176,356,0,6,7.4,météo très défavorable
2019-04-01,30,26,16,26,30,27,10.3,81,8.75,1012,70.375,34,25,26,353,176,353,0,6,7.4,météo défavorable
2019-04-02,30,26,17,26,30,28,25.1,80,7.625,1011,73.875,35,25,26,356,176,356,0,6,7.4,météo très défavorable
2019-04-03,31,27,18,27,31,28,23.8,81,7.75,1012,73.375,36,25,27,356,176,176,0,6,7.4,météo très défavorable
2019-04-04,31,26,14,26,31,28,5.6,76,9.5,1011,48.25,36,25,26,116,116,176,0,6,10.2,météo favorable
2019-04-05,31,26,13,26,31,29,2.5,83,9.5,1011,74.375,35,24,26,176,176,176,0,6,7.4,météo défavorable
2019-04-06,31,26,13,26,31,27,26.7,85,7.625,1011,66.5,37,26,26,176,116,359,0,6,8.8,météo très défavorable
2019-04-07,30,26,11,26,30,28,36.4,82,7.25,1012,72.625,36,25,26,356,116,356,0,6,7.4,météo très défavorable
2019-04-08,30,25,11,25,30,27,22.5,84,8.625,1011,71.5,35,25,25,353,176,356,0,6,7.4,météo très défavorable
2019-04-09,29,26,14,26,29,27,20.3,84,8.625,1012,71.875,34,25,26,353,176,356,0,6,6,météo très défavorable
2019-04-10,30,26,10,26,30,28,2.6,85,9.625,1012,66.5,34,24,26,176,176,176,0,6,8.8,météo défavorable
2019-04-11,31,26,12,26,31,28,0.5,83,9.875,1011,30.75,35,24,26,176,116,176,0,7,10.2,météo favorable
2019-04-12,30,25,12,25,30,27,1.6,80,9.75,1011,46.125,35,25,25,116,116,353,0,6,11.6,météo favorable
2019-04-13,28,25,16,25,28,27,8.1,87,9.375,1012,69.25,33,25,25,353,353,353,0,6,6,météo défavorable
2019-04-14,29,26,14,26,29,28,3.5,83,8.375,1012,65.25,34,24,26,293,263,176,0,6,8.8,météo défavorable
2019-04-15,29,26,13,26,29,27,29.1,86,7.25,1011,78.875,34,25,26,176,176,356,0,6,6,météo très défavorable
2019-04-16,30,26,13,26,30,27,21.4,79,8.125,1012,78.625,35,24,26,176,176,356,0,6,6,météo très défavorable
2019-04-17,28,25,8,25,28,26,30.6,87,7.75,1012,83.5,32,25,25,296,353,299,0,6,7.4,météo très défavorable
2019-04-18,29,25,14,25,29,26,31.3,86,8,1012,69.75,34,25,25,353,176,308,0,6,6,météo très défavorable
2019-04-19,30,25,10,25,30,27,8.7,82,9.25,1011,67.625,35,25,25,176,116,353,0,6,10.3,météo défavorable
2019-04-20,28,25,10,25,28,27,31.4,87,7.875,1010,74.125,33,25,25,176,353,356,0,6,10.3,météo très défavorable
2019-04-21,29,25,11,25,29,27,28.3,86,7.375,1011,82,34,25,25,353,263,356,0,6,7.5,météo très défavorable
2019-04-22,30,25,11,25,30,28,2.7,83,9.5,1010,66.625,35,24,25,176,116,176,0,6,10.3,météo défavorable
2019-04-23,31,26,10,26,31,28,0.3,77,9.875,1010,14.75,36,24,26,116,116,116,0,7,12.1,météo favorable
2019-04-24,31,26,12,26,31,29,0.3,79,9.875,1010,28.125,36,24,26,116,116,116,0,7,12.5,météo favorable
2019-04-25,31,26,11,27,31,28,2.3,73,9.75,1009,53,35,24,27,176,116,116,0,6,10.5,météo favorable
2019-04-26,31,27,11,27,31,28,0,72,10,1009,8.375,36,24,27,116,116,116,0,7,12.5,météo favorable
2019-04-27,31,26,11,26,31,28,0.4,76,10,1009,28.5,36,24,26,116,116,116,0,6,12.5,météo favorable
2019-04-28,31,27,10,27,31,28,0.1,77,10,1010,19.875,36,24,27,116,116,176,0,7,12.5,météo favorable
2019-04-29,32,27,10,27,32,28,0.6,78,9.875,1010,49.375,36,24,27,176,116,176,0,6,11.8,météo favorable
2019-04-30,29,26,6,27,28,27,9.8,77,8.625,1009,46.875,31,24,27,116,356,263,0,7,12.5,météo correcte
2019-05-01,28,26,8,26,28,26,12.8,84,8.125,1010,68.625,32,24,26,176,293,356,0,6,10.5,météo défavorable
2019-05-02,28,25,7,25,28,27,25.9,88,7.75,1012,79.375,32,25,25,356,353,356,0,6,9.1,météo très défavorable
2019-05-03,28,25,13,25,28,27,48.4,88,6.625,1012,70.125,34,26,25,353,356,359,0,6,9.1,météo très défavorable
2019-05-04,29,26,8,27,27,26,20.2,87,7.25,1012,69.25,33,25,27,176,296,266,0,6,7.8,météo très défavorable
2019-05-05,29,26,6,26,29,27,6,87,9.25,1012,74.125,33,24,26,353,176,176,0,6,9.1,météo défavorable
2019-05-06,30,23,13,25,30,27,1.9,80,9.75,1011,29.5,35,25,25,116,116,176,0,7,12.5,météo favorable
2019-05-07,30,26,11,26,30,28,1.1,80,9.75,1010,53.625,36,25,26,116,116,176,0,6,11.8,météo favorable
2019-05-08,30,27,9,27,30,28,1.2,77,9.875,1010,48.375,35,25,27,116,116,176,0,6,12.5,météo favorable
2019-05-09,30,26,8,26,30,28,1.9,82,9.75,1010,37,35,24,26,116,116,176,0,7,12.5,météo favorable
2019-05-10,30,26,9,26,30,28,13.2,85,8.875,1012,63.625,36,25,26,116,176,356,0,6,10.5,météo défavorable
2019-05-11,30,26,12,26,30,28,26.8,84,7.625,1012,78.5,35,25,26,176,176,356,0,6,7.8,météo très défavorable
2019-05-12,30,26,10,26,30,28,24.5,81,8.25,1012,79.25,36,26,26,176,176,356,0,6,7.8,météo très défavorable
2019-05-13,29,26,9,26,29,27,31.8,85,7.125,1012,75.125,34,25,26,116,176,359,0,6,9.1,météo très défavorable
2019-05-14,29,26,11,26,29,28,14.1,84,8.875,1011,68.125,35,25,26,176,176,176,0,7,7.8,météo défavorable
2019-05-15,29,27,19,27,29,27,7.2,83,9.625,1012,81.5,33,24,27,176,353,176,0,6,7.8,météo défavorable
2019-05-16,30,27,11,27,30,28,2.1,78,9.5,1012,74.375,35,24,27,176,176,116,0,6,9.1,météo défavorable
2019-05-17,30,26,10,26,30,28,4.4,85,9.625,1011,52.75,36,25,26,116,116,176,0,6,11.8,météo favorable
2019-05-18,30,27,10,27,30,28,22.2,80,8.125,1012,78.875,35,25,27,176,176,356,0,6,7.8,météo très défavorable
2019-05-19,30,27,8,27,30,28,6.9,82,7,1012,72.125,34,24,27,263,176,263,0,6,9.1,météo défavorable
2019-05-20,30,26,8,26,30,28,12.5,83,9,1012,69.5,35,24,26,116,116,176,0,6,10.5,météo défavorable
2019-05-21,31,26,10,26,31,28,4.7,83,9.25,1011,52.5,35,24,26,116,116,176,0,6,11.8,météo favorable
2019-05-22,31,26,9,26,31,28,1.9,84,9.5,1012,44.875,36,25,26,116,116,176,0,6,12.5,météo favorable
2019-05-23,30,26,9,26,30,28,4.3,82,9.5,1012,67.75,35,24,26,176,116,176,0,6,9.1,météo défavorable
2019-05-24,30,26,9,26,30,28,2,85,9.375,1012,70.375,34,24,26,176,116,176,0,6,9.1,météo défavorable
2019-05-25,30,26,9,26,30,27,6.7,85,9.125,1012,70.75,34,24,26,176,116,353,0,6,9.1,météo défavorable
2019-05-26,30,26,10,26,30,28,2,83,9.5,1011,73,35,24,26,176,116,176,0,6,9.1,météo défavorable
2019-05-27,30,26,11,26,30,28,0.1,84,10,1011,20.5,34,23,26,116,116,116,0,7,12.4,météo favorable
2019-05-28,30,25,10,26,30,28,0.7,79,10,1011,47.875,34,23,26,176,116,116,0,6,11.8,météo favorable
2019-05-29,31,25,13,26,31,28,0,81,10,1010,9.125,35,24,26,116,116,116,0,7,12.4,météo favorable
2019-05-30,31,27,15,27,31,28,6.3,71,9.5,1010,43.5,36,24,27,116,116,176,0,6,12.4,météo favorable
2019-05-31,30,27,13,27,30,28,2.4,72,9.75,1010,34.375,34,23,27,116,116,116,0,6,12.5,météo favorable
2019-06-01,31,26,13,26,31,28,0.2,72,9.875,1009,22.5,35,23,26,116,116,116,0,7,12.5,météo favorable
2019-06-02,31,27,12,27,31,29,1.2,71,9.75,1009,38.875,35,23,27,116,116,116,0,6,12.5,météo favorable
2019-06-03,31,27,12,27,31,28,2.3,68,9.375,1009,72.375,35,23,27,176,176,176,0,6,10.3,météo défavorable
2019-06-04,29,26,11,27,29,27,3.4,69,8.5,1010,68.375,33,22,27,116,176,263,0,6,11.7,météo défavorable
2019-06-05,31,25,6,26,31,28,2.6,74,9.75,1010,57.375,34,22,26,116,176,176,0,6,12,météo correcte
2019-06-06,31,26,10,26,31,28,0.5,72,10,1011,41.5,35,23,26,176,116,116,0,6,11.7,météo favorable
2019-06-07,31,26,13,26,31,28,0,69,10,1012,16.875,35,23,26,116,116,116,0,7,12.1,météo favorable
2019-06-08,31,27,19,27,31,29,0.5,75,10,1011,20.25,36,23,27,116,116,116,0,7,11.6,météo favorable
2019-06-09,31,26,15,26,31,29,6.5,79,12.375,1010,51.375,35,24,26,356,116,116,0,6,10.2,météo favorable
2019-06-10,31,27,10,28,31,28,1.5,71,13,1010,58.5,36,23,28,176,116,176,0,6,10.2,météo correcte
2019-06-11,31,27,12,27,31,28,0.8,71,10,1011,43.5,36,23,27,176,116,116,0,6,10.2,météo favorable
2019-06-12,30,27,11,27,30,28,0.7,68,16.5,1012,53.75,33,22,27,116,176,176,0,7,7.4,météo favorable
2019-06-13,31,27,14,27,31,28,0,68,18.625,1011,12.25,35,23,27,116,116,116,0,7,11.6,météo favorable
2019-06-14,29,26,6,26,29,27,1.7,73,18.75,1011,45.875,33,24,26,116,176,176,0,7,7.4,météo favorable
2019-06-15,29,26,8,26,29,28,13.7,81,18.125,1011,72.375,34,25,26,176,176,353,0,6,8.8,météo défavorable
2019-06-16,28,25,15,25,28,27,11.6,83,16.25,1011,62.875,33,25,25,353,176,356,0,6,10.2,météo correcte
2019-06-17,27,17,4,25,26,21,11.6,91,15.625,1012,69,30,24,25,353,356,293,0,5,6,météo défavorable
2019-06-18,28,24,6,25,28,27,6.3,83,16.75,1011,60.875,33,24,25,116,353,353,0,6,7.4,météo correcte
2019-06-19,30,25,10,25,30,28,1.9,77,12.125,1010,54.75,35,25,25,116,176,353,0,6,8.8,météo favorable
2019-06-20,29,25,7,25,29,28,0.9,73,9.875,1010,41.875,33,24,25,116,176,176,0,6,8.8,météo favorable
2019-06-21,28,24,10,25,28,27,1,77,9.625,1010,40.875,32,24,25,116,116,176,0,6,10.2,météo favorable
2019-06-22,29,25,12,25,29,27,3.2,84,9.625,1010,71.125,33,24,25,116,176,176,0,6,6,météo défavorable
2019-06-23,29,25,8,25,29,27,1.2,83,9.625,1011,64.875,32,24,25,116,176,176,0,6,7.4,météo correcte
2019-06-24,29,26,8,26,29,28,1,76,9.75,1012,47,32,24,26,116,176,176,0,7,7.4,météo favorable
2019-06-25,29,26,7,26,29,28,4.4,78,9.75,1012,66.5,33,25,26,176,176,353,0,7,7.4,météo défavorable
2019-06-26,29,25,9,25,29,28,7.8,80,9.5,1010,72.625,33,24,25,116,176,176,0,6,6,météo défavorable
2019-06-27,29,26,12,26,29,27,5,80,10,1010,58.375,33,24,26,116,176,353,0,7,10.2,météo correcte
2019-06-28,29,25,17,25,29,27,11.1,85,9.375,1012,67.875,33,24,25,176,353,353,0,6,7.4,météo défavorable
2019-06-29,27,24,7,24,27,26,21,94,8.5,1012,73.625,30,24,24,353,353,353,0,6,7.4,météo très défavorable
2019-06-30,28,23,14,23,25,26,24.3,90,8.375,1011,85.5,31,24,23,353,305,176,0,6,6,météo très défavorable
2019-07-01,29,25,9,25,29,27,3.5,76,9.25,1011,68.375,33,23,25,116,176,176,0,6,7.4,météo défavorable
2019-07-02,29,25,6,25,29,27,2.6,78,9.5,1011,48.875,32,23,25,116,176,176,0,7,7.4,météo favorable
2019-07-03,29,25,10,25,29,27,15,80,8.875,1012,75.75,33,24,25,116,176,356,0,6,6,météo défavorable
2019-07-04,28,25,8,25,28,27,46.1,89,6.375,1013,76.875,32,24,25,356,356,353,0,6,7.4,météo très défavorable
2019-07-05,28,24,14,24,28,27,11.2,81,9.375,1012,76,32,24,24,353,176,176,0,6,7.4,météo défavorable
2019-07-06,29,25,22,25,29,27,3.1,79,9.25,1012,69.75,32,24,25,176,176,176,0,7,6,météo défavorable
2019-07-07,29,25,16,25,29,27,2.2,77,9.625,1013,57.375,32,23,25,116,116,176,0,7,7.4,météo correcte
2019-07-08,28,24,11,24,28,27,5.1,72,9.5,1013,80.375,32,23,24,176,176,176,0,6,6,météo défavorable
2019-07-09,28,25,6,25,28,27,11.9,78,9.125,1012,70.75,32,23,25,116,176,176,0,6,6,météo défavorable
2019-07-10,28,24,8,25,28,26,39.5,83,7.125,1013,70.875,31,23,25,353,353,356,0,6,6,météo très défavorable
2019-07-11,28,24,8,24,28,27,18.9,84,8.5,1014,79.5,32,23,24,353,176,176,0,6,6,météo très défavorable
2019-07-12,28,25,7,25,28,27,9.6,81,9.125,1012,78.375,32,23,25,176,176,356,0,6,6,météo défavorable
2019-07-13,28,25,9,25,28,27,5.6,76,9.25,1011,55.875,31,23,25,116,116,176,0,6,8.8,météo correcte
2019-07-14,28,24,8,24,28,26,0,68,10,1011,13.875,30,22,24,116,116,116,0,7,11.6,météo favorable
2019-07-15,28,24,9,24,28,27,1.2,75,9.625,1010,43.25,31,23,24,116,116,176,0,7,8.8,météo favorable
2019-07-16,29,25,11,25,29,27,9.3,81,8.75,1011,76.25,33,24,25,176,176,176,0,6,6,météo défavorable
2019-07-17,29,25,18,25,29,28,6.1,78,9.125,1010,81.375,33,23,25,176,176,176,0,6,6,météo défavorable
2019-07-18,30,25,12,25,30,27,1.8,73,9.875,1011,25.75,33,23,25,116,116,116,0,6,11.6,météo favorable
2019-07-19,29,25,6,25,29,27,1,68,9.875,1010,35.5,31,23,25,116,116,176,0,7,8.8,météo favorable
2019-07-20,29,25,7,25,29,27,2.7,75,9.875,1011,32.25,32,24,25,116,116,353,0,7,8.8,météo favorable
2019-07-21,29,25,10,25,29,27,12.9,82,8.875,1010,76,33,23,25,176,176,353,0,6,6,météo défavorable
2019-07-22,29,25,10,25,29,27,18.1,83,9.25,1009,70.25,32,24,25,353,353,353,0,6,7.4,météo très défavorable
2019-07-23,28,24,6,24,26,25,18.3,89,8.875,1010,73.375,31,23,24,176,356,293,0,6,7.4,météo très défavorable
2019-07-24,28,23,10,23,27,26,4.8,84,7.875,1012,72.875,31,23,23,263,176,263,0,6,6,météo défavorable
2019-07-25,28,24,8,24,28,27,22,83,8.25,1012,75.25,31,24,24,356,176,353,0,6,8.8,météo très défavorable
2019-07-26,28,24,12,25,25,26,25.3,83,8.375,1012,69.875,30,23,25,353,299,116,0,6,7.4,météo très défavorable
2019-07-27,27,25,9,25,26,26,5.7,82,9.5,1012,78.875,30,23,25,353,176,176,0,6,6,météo défavorable
2019-07-28,28,25,8,25,28,27,5.5,74,9.25,1012,52.75,31,23,25,116,176,176,0,7,7.4,météo favorable
2019-07-29,28,24,9,24,28,27,4.8,82,9.5,1012,63.625,32,23,24,116,176,176,0,6,7.4,météo correcte
2019-07-30,27,19,8,25,25,22,16.2,94,9.25,1011,68.625,30,23,24,353,353,353,0,5,8.8,météo très défavorable
2019-07-31,29,25,10,25,29,27,9.7,80,9.125,1011,73.625,32,24,25,116,176,176,0,6,6,météo défavorable
2019-08-01,28,23,14,23,28,26,38.9,92,7.125,1012,74.875,31,23,23,356,176,353,0,6,6,météo très défavorable
2019-08-02,28,24,11,24,28,27,0.4,74,10,1011,44.25,32,24,24,116,116,119,0,7,10.2,météo favorable
2019-08-03,28,25,9,26,28,27,15.8,83,8.75,1011,68.625,32,25,26,116,176,356,0,6,6,météo défavorable
2019-08-04,29,25,7,25,29,27,7.6,82,9.5,1010,71.375,32,23,25,119,176,176,0,6,7.4,météo défavorable
2019-08-05,28,25,10,26,28,27,2.6,81,9.625,1010,59.375,32,24,26,116,116,176,0,6,8.8,météo correcte
2019-08-06,29,25,12,27,29,27,1,74,10,1010,57.25,32,24,27,119,116,176,0,6,10.2,météo correcte
2019-08-07,28,26,16,27,27,27,5.7,81,9.875,1010,64.125,32,24,27,176,353,353,0,6,10.2,météo correcte
2019-08-08,29,26,16,26,28,27,2.8,78,9.375,1010,69,33,24,26,353,176,176,0,6,7.4,météo défavorable
2019-08-09,28,25,10,25,28,27,0.2,76,10,1011,32.625,32,24,25,176,116,116,0,7,11.6,météo favorable
2019-08-10,28,25,8,25,28,27,1.1,75,9.625,1013,54.5,32,24,25,176,116,176,0,7,7.4,météo favorable
2019-08-11,29,24,8,24,29,27,0.3,80,10,1012,48.375,32,24,24,116,116,176,0,7,8.8,météo favorable
2019-08-12,29,25,12,26,29,27,1.5,76,9.75,1012,59,33,24,26,119,176,176,0,7,7.4,météo correcte
2019-08-13,29,26,9,26,29,27,7.3,80,9.375,1013,71.375,33,25,26,116,176,176,0,6,6,météo défavorable
2019-08-14,28,25,8,25,28,27,13.2,80,8.5,1014,76.125,32,23,25,353,176,176,0,6,6,météo défavorable
2019-08-15,27,24,17,25,27,26,8.7,84,9.375,1014,72.375,31,24,25,353,176,176,0,6,6,météo défavorable
2019-08-16,28,25,7,25,28,27,3.3,80,9.625,1013,53.25,31,24,25,116,176,176,0,7,7.4,météo favorable
2019-08-17,28,25,9,25,28,27,4.5,81,9.625,1013,64.25,32,24,25,116,176,353,0,6,7.4,météo correcte
2019-08-18,29,25,8,25,29,28,21.5,80,8.25,1012,73.875,33,24,25,176,353,176,0,6,7.4,météo très défavorable
2019-08-19,29,25,11,26,29,28,11.5,77,9.125,1011,79.625,33,23,26,176,176,176,0,6,6,météo défavorable
2019-08-20,28,22,13,26,27,24,12.1,85,9.125,1011,75.375,31,24,26,353,353,176,0,6,6,météo défavorable
2019-08-21,29,25,15,25,29,27,0.7,79,9.875,1010,40.875,32,24,25,116,116,176,0,7,8.8,météo favorable
2019-08-22,30,24,7,24,29,28,9.5,77,9.5,1012,70.125,33,23,24,176,176,353,0,6,8.8,météo défavorable
2019-08-23,29,26,9,26,29,27,12.5,79,9.25,1013,73.25,33,24,26,353,176,353,0,6,6,météo défavorable
2019-08-24,29,25,9,25,29,27,19,83,8.625,1012,77.625,33,24,25,353,176,353,0,6,6,météo très défavorable
2019-08-25,28,26,11,26,28,27,14.6,80,9,1011,66.625,33,24,26,116,176,353,0,6,8.8,météo défavorable
2019-08-26,28,25,6,26,27,27,11.5,83,8.75,1010,73.375,32,24,26,116,176,176,0,6,6,météo défavorable
2019-08-27,29,24,8,24,29,27,6.4,80,9.25,1011,79.25,32,24,24,176,176,176,0,6,6,météo défavorable
2019-08-28,29,24,8,24,29,27,8.5,76,9.25,1012,78.125,33,23,24,176,176,176,0,6,6,météo défavorable
2019-08-29,28,24,6,24,27,27,12,78,8.75,1011,77.5,31,23,24,176,353,353,0,6,7.4,météo défavorable
2019-08-30,28,25,5,25,28,27,23.2,81,8.5,1011,64.625,32,24,25,353,353,356,0,6,10.2,météo très défavorable
2019-08-31,29,25,10,26,28,27,8.6,81,9.25,1010,66.25,33,24,26,116,176,176,0,6,7.4,météo défavorable
2019-09-01,29,23,10,23,29,28,1.7,77,9.625,1011,55.875,33,24,23,119,116,176,0,7,8.8,météo correcte
2019-09-02,28,25,6,25,27,27,10.2,84,8.5,1011,80,32,25,25,176,176,356,0,6,6,météo défavorable
2019-09-03,28,24,6,24,28,27,18.8,81,8.625,1012,71.125,31,24,24,353,176,356,0,6,7.4,météo très défavorable
2019-09-04,28,23,12,23,28,26,14.2,86,9,1013,78.5,31,23,23,293,299,176,0,6,7.5,météo défavorable
2019-09-05,29,25,9,25,29,27,1.6,75,9.75,1012,31.375,33,23,25,116,116,176,0,7,12.1,météo favorable
2019-09-06,28,25,8,25,28,27,3.8,77,9.625,1012,64.375,32,24,25,116,176,176,0,7,10.3,météo correcte
2019-09-07,28,25,9,26,28,27,3.1,76,9.875,1012,47.125,32,24,26,116,116,353,0,7,12.5,météo favorable
2019-09-08,28,24,10,24,28,26,8.7,78,9.375,1013,69.75,32,24,24,119,116,353,0,6,9.1,météo défavorable
2019-09-09,28,25,9,25,28,27,2.5,78,9.75,1011,69.5,32,23,25,176,116,176,0,6,9.1,météo défavorable
2019-09-10,28,24,9,24,28,26,5.6,82,9.375,1011,52.625,31,24,24,116,176,353,0,6,12.5,météo favorable
2019-09-11,28,24,9,24,28,27,1.3,83,9.5,1012,68.375,31,23,24,119,116,176,0,6,9.1,météo défavorable
2019-09-12,28,23,8,23,28,27,1.2,77,9.375,1012,56.25,31,23,23,116,116,176,0,6,11.8,météo correcte
2019-09-13,28,23,8,23,28,27,0.1,73,10,1013,24.625,31,23,23,116,116,116,0,7,12.5,météo favorable
2019-09-14,28,24,9,24,28,27,1.8,81,9.625,1013,53.375,32,23,24,116,116,176,0,7,11.8,météo favorable
2019-09-15,28,24,10,24,28,27,2.1,80,9.5,1013,82,31,22,24,176,176,176,0,6,7.8,météo défavorable
2019-09-16,28,24,14,24,0,0,2.4,83,9.625,1013,61.5,32,24,24,116,116,311,0,6,10.5,météo correcte
2019-09-17,29,0,14,24,29,27,0.5,79,10,1013,34.5,33,24,24,116,116,176,0,7,11.8,météo favorable
2019-09-18,29,24,10,24,29,27,0.4,72,10,1014,30.375,33,23,24,116,116,176,0,7,11.8,météo favorable
2019-09-19,28,25,10,25,28,27,2.8,81,9.75,1014,78.25,32,23,25,176,299,353,0,6,7.8,météo défavorable
2019-09-20,29,24,12,25,29,27,8.1,80,9.125,1013,82.25,33,23,25,176,176,176,0,6,7.8,météo défavorable
2019-09-21,29,24,8,24,29,27,15.5,84,8.625,1013,78.75,32,23,24,356,176,176,0,6,7.8,météo défavorable
2019-09-22,29,24,8,24,29,27,5.6,74,9.25,1013,64.5,32,23,24,176,176,176,0,7,7.8,météo correcte
2019-09-23,29,24,8,24,29,27,3.8,81,9.25,1014,80.375,32,23,24,176,176,176,0,6,7.8,météo défavorable
2019-09-24,28,25,8,25,28,27,2.5,78,9.625,1014,63.875,32,24,25,116,176,353,0,7,7.4,météo correcte
2019-09-25,28,25,11,25,28,27,19.3,83,8.5,1013,74.375,33,25,25,356,176,176,0,7,6,météo très défavorable
2019-09-26,28,24,11,24,28,27,19,84,8.625,1014,73.125,32,24,24,176,353,176,0,6,7.4,météo très défavorable
2019-09-27,29,25,10,25,29,27,11.3,80,9.5,1014,72.125,32,23,25,176,353,176,0,6,6,météo défavorable
2019-09-28,27,24,15,24,25,25,23.1,90,8.625,1014,76.5,30,24,24,353,353,302,0,6,6,météo très défavorable
2019-09-29,28,24,8,24,28,27,6.4,80,9.25,1014,77.625,31,23,24,176,176,353,0,6,6,météo défavorable
2019-09-30,28,24,7,25,28,27,4.6,79,9.375,1014,80,32,23,25,176,176,176,0,6,6,météo défavorable
2019-10-01,28,25,8,25,28,27,1.6,73,9.625,1014,56.625,31,22,25,116,176,176,0,7,7.4,météo correcte
2019-10-02,29,24,13,24,29,27,5.6,76,9.375,1013,74.5,32,23,24,176,176,176,0,7,6,météo défavorable
2019-10-03,28,24,9,24,28,27,0.7,75,9.875,1013,48.375,32,23,24,116,176,176,0,7,8.8,météo favorable
2019-10-04,28,25,6,25,28,27,4.2,78,9.125,1012,76.125,32,23,25,176,176,176,0,6,6,météo défavorable
2019-10-05,29,24,9,24,29,27,3.9,79,9.5,1012,57.25,33,24,24,116,176,176,0,6,10.2,météo correcte
2019-10-06,29,25,6,25,29,27,13.1,82,8.625,1012,77.375,33,24,25,176,176,176,0,6,6,météo défavorable
2019-10-07,29,25,12,25,29,27,12.4,78,8.875,1011,70,33,24,25,116,176,176,0,6,8.8,météo défavorable
2019-10-08,28,25,8,25,28,27,8.8,81,9.125,1011,67.75,32,24,25,176,353,176,0,7,7.4,météo défavorable
2019-10-09,29,25,8,25,29,27,3.8,76,9,1012,82.25,33,24,25,176,176,176,0,6,6,météo défavorable
2019-10-10,29,25,17,25,29,27,7.2,78,9,1011,79.875,33,24,25,176,176,176,0,6,6,météo défavorable
2019-10-11,29,25,9,25,29,27,3.2,74,9.75,1012,73.625,33,24,25,116,176,176,0,6,7.4,météo défavorable
2019-10-12,30,24,10,24,30,27,16.4,82,8.625,1012,80.625,33,24,24,176,176,176,0,6,6,météo très défavorable
2019-10-13,29,25,7,25,29,27,18.7,80,8.5,1013,81.625,33,23,25,176,176,353,0,6,7.4,météo très défavorable
2019-10-14,29,24,8,24,29,27,5.6,80,9.125,1012,78.625,33,23,24,176,176,176,0,6,6,météo défavorable
2019-10-15,29,25,9,25,28,27,7.8,77,9.25,1012,52.25,32,24,25,116,176,176,0,7,8.8,météo favorable
2019-10-16,29,25,6,25,28,28,6.6,78,9.125,1012,79,33,24,25,176,176,176,0,6,6,météo défavorable
2019-10-17,29,26,8,26,28,28,7.2,77,9.625,1012,69.5,33,23,26,176,353,176,0,6,6,météo défavorable
2019-10-18,28,25,9,25,28,27,23.5,85,8.375,1012,72.5,32,24,25,353,353,353,0,6,7.4,météo très défavorable
2019-10-19,29,25,21,25,29,27,2.2,75,9.875,1012,54.875,33,23,25,353,116,176,0,7,8.8,météo favorable
2019-10-20,29,24,9,24,29,28,3.7,72,9.5,1012,61.25,33,23,24,176,176,176,0,7,6,météo correcte
2019-10-21,29,25,9,25,29,28,9.2,81,9.125,1011,79.25,33,23,25,353,176,176,0,6,6,météo défavorable
2019-10-22,29,25,8,25,29,27,6.2,76,9.25,1010,72.875,33,23,25,176,176,176,0,6,7.4,météo défavorable
2019-10-23,30,25,19,25,30,27,18.7,77,8.375,1010,72.375,35,24,25,176,176,353,0,6,6,météo très défavorable
2019-10-24,28,24,7,25,28,27,29.1,95,7.75,1012,73.375,32,24,24,353,356,176,0,6,8.8,météo très défavorable
2019-10-25,29,25,8,25,28,27,6.2,79,9.5,1011,55.875,32,23,25,116,353,293,0,6,11.6,météo correcte
2019-10-26,28,24,7,25,28,26,10.4,79,9.25,1011,75.75,32,24,25,176,176,353,0,6,7.4,météo défavorable
2019-10-27,29,25,8,25,29,27,3.3,81,9.375,1010,66.125,32,23,25,116,176,176,0,6,8.8,météo défavorable
2019-10-28,29,25,7,25,29,27,5.4,76,9.625,1011,58.75,33,24,25,116,176,176,0,7,8.8,météo correcte
2019-10-29,29,25,8,25,29,28,2,78,9.5,1011,63.25,33,24,25,116,176,176,0,6,8.8,météo correcte
2019-10-30,29,25,8,25,29,28,10.6,78,8.625,1011,77.25,33,24,25,176,176,176,0,6,6,météo défavorable
2019-10-31,28,26,19,26,27,26,13.5,88,8.5,1010,75.25,32,25,26,176,356,176,0,6,7.4,météo défavorable
2019-11-01,28,25,8,26,28,27,5.1,77,9.625,1009,70,33,24,26,176,353,353,0,7,7.4,météo défavorable
2019-11-02,28,26,10,26,28,27,13.4,81,9.25,1010,70.75,32,24,26,176,176,353,0,7,6,météo défavorable
2019-11-03,28,25,8,25,28,27,10.4,80,8.875,1011,66.125,32,24,25,176,356,353,0,6,8.8,météo défavorable
2019-11-04,28,26,13,26,28,27,12.1,82,9.625,1011,75.875,32,24,26,353,176,353,0,6,7.4,météo défavorable
2019-11-05,29,25,10,25,29,27,4,78,9.625,1009,64.625,33,24,25,116,176,176,0,6,8.8,météo correcte
2019-11-06,29,25,11,25,29,27,0.4,71,9.875,1009,39.875,32,23,25,116,116,176,0,6,11.6,météo favorable
2019-11-07,29,26,7,26,29,27,0.2,77,9.875,1011,21.75,32,23,26,116,116,176,0,7,11.6,météo favorable
2019-11-08,29,25,8,25,29,27,4.7,79,9.125,1012,78.625,33,23,25,176,176,176,0,6,6,météo défavorable
2019-11-09,29,26,6,26,29,27,3,75,9.25,1012,66.875,33,23,26,176,176,176,0,6,7.4,météo défavorable
2019-11-10,29,25,8,25,29,28,10.1,80,9,1011,83.25,33,24,25,176,176,353,0,6,6,météo défavorable
2019-11-11,29,25,14,25,29,27,12.9,80,8.625,1011,76.5,34,25,25,176,176,176,0,6,6,météo défavorable
2019-11-12,29,26,9,26,29,28,3.1,77,9.75,1011,53.625,34,24,26,116,176,176,0,7,8.8,météo favorable
2019-11-13,28,26,10,26,28,27,8.6,81,9.375,1012,59.625,33,25,26,116,176,353,0,6,8.8,météo correcte
2019-11-14,28,25,10,25,27,26,26.6,83,7.875,1012,76.625,31,24,25,356,356,176,0,6,6,météo très défavorable
2019-11-15,29,25,11,25,29,27,3.8,78,10,1011,45.75,32,23,25,353,116,176,0,7,10.2,météo favorable
2019-11-16,29,25,8,25,29,27,0.7,75,10,1012,52.75,32,23,25,176,176,176,0,7,6,météo favorable
2019-11-17,30,25,13,25,30,27,8.6,85,9.5,1012,71.375,35,26,25,176,176,353,0,6,6,météo défavorable
2019-11-18,28,25,8,25,28,27,43.3,86,7.125,1012,73.5,33,25,25,359,176,356,0,6,7.4,météo très défavorable
2019-11-19,28,26,11,26,28,27,40.2,86,6.75,1010,71,33,25,26,353,353,359,0,6,6.1,météo très défavorable
2019-11-20,29,26,14,26,29,27,18.5,81,8.25,1011,70.75,34,25,26,353,176,356,0,6,7.4,météo très défavorable
2019-11-21,29,26,12,26,29,27,31.9,83,7,1011,74.125,33,25,26,356,176,176,0,6,7.4,météo très défavorable
2019-11-22,29,25,10,25,29,28,18.6,81,8.5,1012,76.875,34,25,25,356,299,353,0,6,6.1,météo très défavorable
2019-11-23,29,26,12,26,29,27,21.3,83,8.25,1010,77.625,33,25,26,176,176,176,0,6,6.1,météo très défavorable
2019-11-24,29,25,10,25,29,27,10.5,77,9.125,1010,77.125,33,24,25,176,176,176,0,6,6,météo défavorable
2019-11-25,29,26,8,26,29,28,1.9,75,9.875,1010,71.375,33,24,26,176,116,176,0,6,7.4,météo défavorable
2019-11-26,29,25,9,25,29,27,1,76,9.75,1009,30.875,33,24,25,116,113,176,0,7,10.2,météo favorable
2019-11-27,29,25,9,25,29,27,0.1,76,10,1009,15.625,32,24,25,113,113,116,0,7,11.6,météo idéale
2019-11-28,29,25,10,25,29,28,0.3,76,9.875,1009,20.375,34,25,25,113,116,176,0,7,11.6,météo favorable
2019-11-29,29,26,10,26,29,28,0,75,10,1010,11.5,34,24,26,116,116,116,0,7,11.6,météo favorable
2019-11-30,29,26,6,26,29,27,6.5,75,9.5,1010,52.875,33,24,26,116,176,353,0,7,10.2,météo favorable
2019-12-01,29,26,12,26,29,28,7.9,80,9.5,1009,70.625,34,24,28,353,176,176,0,1,7.4,météo défavorable
2019-12-02,29,25,13,25,29,28,7,81,9.125,1009,64.25,34,24,28,176,176,176,0,1,7.4,météo correcte
2019-12-03,28,26,12,26,28,28,4,84,9.5,1010,54.25,33,25,28,116,176,176,0,1,8.8,météo favorable
2019-12-04,30,25,10,26,30,28,0.1,80,10,1011,25,34,24,28,116,116,176,0,1,11.6,météo favorable
2019-12-05,30,26,14,26,30,28,10.3,84,8.875,1011,42,35,25,28,116,176,356,0,1,8.8,météo correcte
2019-12-06,29,25,8,25,29,27,16.4,86,8,1011,77.875,34,25,27,176,176,356,0,1,7.8,météo très défavorable
2019-12-07,30,26,16,26,30,28,26.4,85,7.625,1011,77.625,35,25,28,356,176,356,0,1,7.8,météo très défavorable
2019-12-08,27,21,17,26,27,23,60.7,92,5.875,1011,71.625,32,25,23,356,356,293,0,1,10.5,météo très défavorable
2019-12-09,29,26,6,26,28,28,23.1,80,8,1011,78.875,34,25,28,176,356,356,0,1,7.8,météo très défavorable
2019-12-10,27,26,14,26,27,26,11.1,85,9,1010,77.375,31,24,26,353,176,176,0,1,7.8,météo défavorable
2019-12-11,28,25,7,25,27,26,2.3,82,9.875,1010,60.5,31,24,26,116,176,176,0,1,10.5,météo correcte
2019-12-12,28,21,12,26,28,25,22,83,8,1011,77,32,24,25,176,356,176,0,1,7.8,météo très défavorable
2019-12-13,29,25,8,25,29,28,1,78,9.625,1011,43.875,33,24,28,116,176,176,0,1,10.5,météo favorable
2019-12-14,29,25,8,25,29,27,1.3,80,9.75,1012,49.5,32,24,27,116,176,176,0,1,11.8,météo favorable
2019-12-15,28,25,14,25,28,27,15.9,83,8.5,1011,59.5,32,24,27,116,176,356,0,1,10.5,météo défavorable
2019-12-16,29,25,14,26,28,28,36.2,84,6.625,1009,68.25,34,25,27,353,176,356,0,1,9.2,météo très défavorable
2019-12-17,28,25,8,25,27,27,16.3,82,8.375,1010,71.875,32,24,26,356,176,176,0,1,7.8,météo très défavorable
2019-12-18,29,25,24,25,29,27,14.2,87,8.25,1009,71.25,35,25,27,176,176,356,0,1,7.8,météo défavorable
2019-12-19,29,23,11,25,29,27,16.7,86,8.5,1009,74.375,33,25,27,176,176,176,0,1,9.2,météo très défavorable
2019-12-20,29,25,15,25,29,28,11.2,82,8.875,1010,74.125,33,25,28,176,176,176,0,1,7.8,météo défavorable
2019-12-21,29,25,12,25,29,28,9.2,85,9.125,1009,57,33,25,28,116,176,353,0,1,12.5,météo correcte
2019-12-22,29,26,11,26,29,28,10.4,82,8.75,1009,70.375,33,25,28,176,176,353,0,1,9.2,météo défavorable
2019-12-23,29,26,13,26,29,27,17.2,86,8.375,1010,76.375,35,25,27,176,176,356,0,1,7.8,météo très défavorable
2019-12-24,29,26,6,26,29,28,10.1,81,8.875,1011,80.375,34,24,28,176,176,176,0,1,7.8,météo défavorable
2019-12-25,29,26,20,26,29,28,5.2,84,9.125,1011,71,34,25,28,176,176,176,0,1,7.8,météo défavorable
2019-12-26,29,25,15,25,29,28,0.3,85,10,1012,38.625,34,25,28,176,116,353,0,1,10.5,météo favorable
2019-12-27,29,26,19,26,29,27,18.4,88,7.875,1011,73.875,34,25,27,176,356,356,0,1,7.8,météo très défavorable
2019-12-28,27,26,21,26,27,26,12.8,85,9.125,1012,67.875,31,24,26,353,356,176,0,1,9,météo défavorable
2019-12-29,28,25,10,25,28,27,0.7,80,8.75,1012,60.375,31,23,27,116,176,266,0,1,10.3,météo correcte
2019-12-30,28,25,10,25,28,27,0.4,80,10,1013,59,32,24,27,116,176,353,0,1,7.4,météo correcte
2019-12-31,29,25,14,25,29,27,0.5,82,10,1012,52.375,33,24,27,119,176,353,0,1,10.2,météo favorable
2020-01-01,28,25,12,25,28,27,6,84,9.125,1012,69.625,33,25,27,176,353,176,0,1,7.4,météo défavorable
2020-01-02,29,26,8,26,29,28,5.4,79,9.625,1012,59.125,34,24,28,353,176,176,0,1,8.8,météo correcte
2020-01-03,28,22,24,26,28,26,37.9,93,7,1010,75.125,32,25,26,176,356,359,0,1,7.4,météo très défavorable
2020-01-04,28,26,17,26,28,27,5,88,9.625,1010,72,32,25,27,176,176,353,0,1,7.4,météo défavorable
2020-01-05,28,26,11,26,28,27,6,86,9.25,1011,69.75,33,24,27,353,176,176,0,1,8.8,météo défavorable
2020-01-06,29,26,19,26,29,27,17.5,87,8.875,1010,69,34,25,27,176,353,353,0,1,7.4,météo très défavorable
2020-01-07,27,19,14,25,26,23,29,92,8.375,1010,72,30,24,23,299,293,353,0,1,7.4,météo très défavorable
2020-01-08,26,21,9,25,26,25,28.8,92,7.75,1010,78.5,30,24,25,356,356,293,0,1,6.1,météo très défavorable
2020-01-09,28,25,10,25,28,27,9.3,87,9.375,1010,72.125,32,25,27,176,353,353,0,1,7.4,météo défavorable
2020-01-10,28,25,13,25,28,27,31.8,87,7.625,1009,62.5,33,25,27,176,356,356,0,1,8.8,météo très défavorable
2020-01-11,28,25,12,25,28,28,30.4,87,7.875,1008,58.5,33,25,27,176,353,353,0,1,10.2,météo très défavorable
2020-01-12,29,22,19,25,29,24,30.4,86,7.125,1008,69.625,34,25,24,356,176,356,0,1,7.4,météo très défavorable
2020-01-13,28,23,15,26,28,26,16.1,90,8.5,1011,64.125,32,25,26,353,356,296,0,1,8.8,météo très défavorable
2020-01-14,28,26,12,26,28,27,5.1,84,9.625,1011,61.375,32,24,27,116,353,353,0,1,10.2,météo correcte
2020-01-15,28,25,15,25,28,27,8.2,87,9.375,1012,56.375,33,25,27,116,176,353,0,1,8.8,météo correcte
2020-01-16,29,25,13,26,29,28,1.2,83,9.875,1011,55.125,34,25,28,176,176,353,0,1,8.8,météo correcte
2020-01-17,28,26,17,26,28,27,4.3,86,10,1012,83.875,33,25,27,353,353,176,0,1,7.4,météo défavorable
2020-01-18,28,26,26,26,28,27,1.6,85,10,1012,64.25,33,25,27,353,353,353,0,1,7.4,météo correcte
2020-01-19,28,26,23,26,28,27,0.4,83,9.875,1012,59.125,33,24,27,176,176,176,0,1,8.8,météo correcte
2020-01-20,29,26,25,26,29,27,0.1,83,10,1013,19.625,33,24,27,116,116,176,0,1,10.2,météo favorable
2020-01-21,29,25,25,25,29,27,1.5,83,9.75,1014,42.625,33,24,27,116,353,176,0,1,8.8,météo correcte
2020-01-22,27,25,19,25,26,26,18.2,89,9.125,1014,65.125,31,24,26,353,356,353,0,1,8.8,météo très défavorable
2020-01-23,29,25,18,25,29,27,0.9,83,9.75,1013,48.125,33,24,27,176,176,176,0,1,8.8,météo favorable
2020-01-24,29,25,13,25,29,27,0.1,78,10,1012,21.5,32,23,27,116,176,116,0,1,10.2,météo favorable
2020-01-25,28,25,8,25,28,27,0.1,78,10,1012,14.875,31,23,27,116,116,176,0,1,10.2,météo favorable
2020-01-26,29,25,17,25,29,28,0.5,83,10,1012,42.125,33,24,28,116,176,176,0,1,7.4,météo favorable
2020-01-27,29,26,18,26,29,27,4.9,87,9.75,1011,62,35,25,27,176,176,353,0,1,8.8,météo correcte
2020-01-28,29,26,19,26,29,28,1.9,83,9.625,1012,51.625,34,25,28,116,176,176,0,1,7.4,météo favorable
2020-01-29,30,26,19,26,30,28,1,86,9.75,1011,41.5,35,25,28,176,116,176,0,1,10.2,météo favorable
2020-01-30,29,26,19,26,29,27,1.2,85,9.625,1011,55.875,34,25,27,176,176,353,0,1,8.8,météo correcte
2020-01-31,29,25,20,25,29,27,0.7,81,9.875,1012,55.375,34,24,27,353,176,176,0,1,8.8,météo correcte
2020-02-01,29,26,22,26,29,27,1,84,9.75,1013,50.375,33,24,27,176,176,353,0,1,10.2,météo favorable
2020-02-02,29,26,22,26,29,27,0.5,80,10,1013,43.875,33,24,27,116,176,176,0,1,8.8,météo favorable
2020-02-03,29,25,16,25,29,27,0.2,78,10,1012,44.25,32,23,27,116,176,176,0,1,8.8,météo favorable
2020-02-04,29,25,19,25,29,27,0.4,81,9.875,1011,41,33,24,27,116,116,116,0,1,11.6,météo favorable
2020-02-05,29,26,10,26,29,27,3.2,82,9.875,1010,65.125,33,24,27,116,176,353,0,1,7.4,météo défavorable
2020-02-06,28,26,18,26,28,27,6.8,89,9.5,1011,68.375,33,25,27,116,353,353,0,1,7.4,météo défavorable
2020-02-07,27,25,10,25,26,27,30.3,90,7.125,1013,68.5,30,24,25,356,302,263,0,1,6,météo très défavorable
2020-02-08,28,25,14,25,28,27,1.2,81,9.75,1012,51.375,32,23,27,116,116,176,0,1,10.2,météo favorable
2020-02-09,29,25,26,25,29,27,0.3,82,10,1012,43.375,33,24,27,116,176,176,0,1,8.8,météo favorable
2020-02-10,29,25,23,25,29,27,0.4,80,9.875,1013,41,33,23,27,176,176,176,0,1,8.8,météo favorable
2020-02-11,30,25,19,25,30,27,1.5,83,9.875,1013,40.125,33,24,27,116,116,176,0,1,10.2,météo favorable
2020-02-12,29,25,14,25,29,27,5.5,84,9.375,1014,57.75,33,24,27,176,176,176,0,1,8.8,météo correcte
2020-02-13,28,25,9,25,28,27,5.7,78,9.5,1014,62.875,32,23,27,353,176,176,0,1,8.8,météo correcte
2020-02-14,29,25,11,25,29,27,0.9,81,9.25,1013,52.625,33,24,27,116,176,263,0,1,8.8,météo favorable
2020-02-15,29,25,12,25,29,27,0.7,85,10,1013,39.75,33,25,27,116,176,353,0,1,8.8,météo favorable
2020-02-16,29,25,19,25,29,27,1.4,85,9.5,1013,68.75,34,25,27,176,176,176,0,1,8.8,météo défavorable
2020-02-17,28,26,19,26,28,27,17.1,86,8.625,1012,73.375,33,25,27,353,176,356,0,1,7.4,météo très défavorable
2020-02-18,28,25,19,26,28,26,15.8,88,9.125,1011,80.75,33,24,26,176,353,356,0,1,6,météo défavorable
2020-02-19,26,24,20,25,26,25,35.6,89,6.5,1012,76.5,30,24,25,356,356,356,0,1,6,météo très défavorable
2020-02-20,29,24,22,24,29,27,1.3,86,9.25,1013,35.875,33,24,27,116,116,176,0,1,10.2,météo favorable
2020-02-21,29,24,21,24,29,27,0.9,83,9.875,1013,60.375,33,24,27,176,176,176,0,1,8.8,météo correcte
2020-02-22,29,25,18,25,29,27,4.2,88,9.5,1013,52.5,33,24,27,116,176,356,0,1,8.8,météo favorable
2020-02-23,28,25,21,25,28,27,6.8,87,9.625,1013,74.875,34,25,27,176,176,176,0,1,6,météo défavorable
2020-02-24,29,25,8,25,29,27,1,85,10,1012,30,33,24,27,116,116,353,0,1,11.6,météo favorable
2020-02-25,28,25,12,25,28,27,6.8,84,10,1012,68.5,32,25,27,353,353,353,0,1,8.8,météo défavorable
2020-02-26,29,25,17,25,29,27,3.8,86,9.375,1011,68.5,34,25,27,116,176,353,0,1,7.4,météo défavorable
2020-02-27,29,26,15,26,29,27,17.3,86,8.375,1010,71.25,34,25,27,353,176,356,0,1,10.2,météo très défavorable
2020-02-28,29,26,7,26,29,28,5.8,81,8.75,1010,68.5,33,24,28,263,176,176,0,1,7.4,météo défavorable
2020-02-29,29,25,9,25,29,27,4.1,85,9.625,1010,64.625,33,24,27,353,176,176,0,1,7.4,météo correcte
2020-03-01,29,25,10,25,29,28,2.2,83,9.875,1010,58.25,33,25,28,116,176,353,0,7,7.4,météo correcte
2020-03-02,29,25,12,25,29,27,15.6,88,9.125,1011,64.375,33,25,27,176,353,353,0,6,7.4,météo défavorable
2020-03-03,29,25,16,25,29,27,10.1,85,9,1011,68.375,34,25,27,176,176,353,0,6,8.8,météo défavorable
2020-03-04,28,25,14,26,28,27,20.6,88,8.125,1010,58.125,34,26,27,116,356,356,0,6,8.8,météo très défavorable
2020-03-05,29,25,8,25,29,27,0.8,79,9.875,1011,56.125,33,24,27,119,176,176,0,6,8.8,météo correcte
2020-03-06,29,26,13,26,29,27,7,83,9.375,1011,54.375,34,24,27,116,176,293,0,6,8.8,météo favorable
2020-03-07,27,24,8,25,26,25,23,93,8.875,1013,75.625,30,24,25,356,293,353,0,6,7.4,météo très défavorable
2020-03-08,28,24,6,24,28,26,8.4,88,9.375,1012,62.5,31,24,26,119,353,356,0,6,8.8,météo correcte
2020-03-09,28,25,13,25,28,27,7.2,88,9.375,1011,72.75,32,25,27,176,176,353,0,6,6,météo défavorable
2020-03-10,29,24,17,24,29,27,8.9,88,9.375,1012,75.75,33,25,27,176,176,353,0,6,6,météo défavorable
2020-03-11,28,26,13,26,28,27,16.9,84,8.625,1014,67.375,32,25,27,353,356,176,0,6,7.4,météo très défavorable
2020-03-12,28,25,9,25,28,27,2.6,81,9.625,1013,61.125,33,24,27,176,176,176,0,6,7.4,météo correcte
2020-03-13,28,25,12,25,28,27,7.8,87,9.625,1013,53.5,32,25,27,116,353,353,0,7,7.4,météo correcte
2020-03-14,28,25,19,25,28,26,17.9,83,8.625,1012,74.375,33,25,26,116,176,356,0,6,6,météo très défavorable
2020-03-15,29,24,23,24,29,26,14,89,8.875,1012,71,33,24,26,116,176,356,0,6,6,météo défavorable
2020-03-16,28,24,10,24,28,27,5.9,81,9.125,1013,71.375,32,23,26,176,176,176,0,6,7.4,météo défavorable
2020-03-17,29,24,10,24,29,27,0.1,78,10,1013,29.125,32,23,27,116,116,176,0,7,10.2,météo favorable
2020-03-18,28,25,10,25,28,27,1.5,78,9.75,1013,29.25,31,23,27,116,116,176,0,7,10.2,météo favorable
2020-03-19,29,25,13,25,29,28,5.3,83,9.375,1013,71.75,34,24,28,116,176,176,0,6,6,météo défavorable
2020-03-20,30,25,18,25,30,28,0.7,83,9.75,1012,52.75,34,25,28,176,176,176,0,7,7.4,météo favorable
2020-03-21,28,25,25,26,28,27,9.9,87,8.625,1012,67.875,32,24,27,176,353,353,0,6,8.8,météo défavorable
2020-03-22,28,25,19,25,27,26,17.9,89,9,1012,76.625,31,24,26,353,353,299,0,6,7.4,météo très défavorable
2020-03-23,29,25,6,25,29,27,1.8,83,9.875,1011,70.375,33,24,27,176,176,353,0,6,7.4,météo défavorable
2020-03-24,28,25,7,25,27,27,20.2,84,8.625,1010,67.875,32,24,27,176,353,356,0,6,10.2,météo très défavorable
2020-03-25,28,24,12,25,28,27,15.7,86,8.375,1010,70.75,32,25,27,116,176,353,0,6,7.4,météo défavorable
2020-03-26,28,25,11,25,28,27,17.2,85,8.625,1010,69.875,32,25,27,176,176,353,0,6,7.4,météo très défavorable
2020-03-27,29,25,8,25,29,27,16.9,86,8.375,1010,75.25,34,24,27,356,176,353,0,6,7.4,météo très défavorable
2020-03-28,28,25,13,25,28,27,52.8,88,7.5,1011,74.375,32,25,27,176,176,359,0,6,7.4,météo très défavorable
2020-03-29,29,24,13,25,29,28,71.4,88,7.375,1010,76.875,33,24,26,308,176,176,0,6,7.4,météo très défavorable
2020-03-30,28,25,10,25,28,27,9.6,88,9,1011,66,32,25,27,353,353,353,0,6,7.4,météo défavorable
2020-03-31,28,24,15,24,28,27,20.1,85,8.25,1012,49.125,32,24,26,293,116,353,0,6,11.6,météo très défavorable
