DATE,MAX_TEMPERATURE_C,MIN_TEMPERATURE_C,WINDSPEED_MAX_KMH,TEMPERATURE_MORNING_C,TEMPERATURE_NOON_C,TEMPERATURE_EVENING_C,PRECIP_TOTAL_DAY_MM,HUMIDITY_MAX_PERCENT,VISIBILITY_AVG_KM,PRESSURE_MAX_MB,CLOUDCOVER_AVG_PERCENT,HEATINDEX_MAX_C,DEWPOINT_MAX_C,WINDTEMP_MAX_C,WEATHER_CODE_MORNING,WEATHER_CODE_NOON,WEATHER_CODE_EVENING,TOTAL_SNOW_MM,UV_INDEX,SUNHOUR,OPINION
2009-01-01,-15,-20,31,-20,-15,-17,0,92,10,1021,40,0,0,-29,116,116,113,0,2,8.7,météo très défavorable
2009-01-02,-11,-19,11,-19,-11,-13,0,92,10,1020,27.375,0,0,-17,113,116,116,0,2,8.7,météo très défavorable
2009-01-03,-13,-16,26,-16,-14,-15,0.1,95,10,1012,74.375,0,0,-25,116,122,122,0.1,2,3.3,météo très défavorable
2009-01-04,-8,-13,16,-12,-8,-9,0,96,7.75,1017,63.375,0,0,-17,119,119,143,0,1,3.3,météo très défavorable
2009-01-05,-6,-9,26,-9,-6,-7,2.2,97,5.125,1013,96.5,0,0,-16,122,122,122,1.8,1,3.3,météo très défavorable
2009-01-06,-9,-16,23,-11,-9,-13,0.1,94,8.375,1016,62.5,0,0,-19,122,119,113,0.1,1,3.3,météo très défavorable
2009-01-07,-10,-16,30,-13,-11,-11,2.4,97,7.75,1016,76.25,0,0,-20,122,122,122,1.3,2,3.3,météo très défavorable
2009-01-08,-9,-11,23,-11,-9,-10,1.8,97,5,996,100,0,0,-17,143,122,122,1.5,1,3.3,météo très défavorable
2009-01-09,-12,-14,18,-13,-12,-14,0.5,94,8.375,1019,92.625,0,0,-21,122,122,119,0.5,1,3.3,météo très défavorable
2009-01-10,-14,-21,16,-18,-14,-20,0,96,6.5,1026,46.625,0,0,-24,116,116,260,0,2,8.7,météo très défavorable
2009-01-11,-10,-17,7,-14,-10,-15,0,93,6.75,1021,34.75,0,0,-17,119,113,143,0,1,6.9,météo très défavorable
2009-01-12,-9,-14,18,-14,-9,-9,0.7,97,6.125,1021,90.5,0,0,-18,143,122,122,0.6,1,3.3,météo très défavorable
2009-01-13,-3,-8,20,-8,-5,-5,3.8,96,6.125,1021,99.125,0,0,-13,122,122,122,1.3,1,3.3,météo très défavorable
2009-01-14,-3,-24,28,-19,-21,-23,0.4,97,7.75,1021,80.125,0,0,-35,122,119,116,0,1,3.4,météo très défavorable
2009-01-15,-21,-29,17,-26,-21,-27,0,95,3.25,1028,63,0,0,-32,143,122,260,0,2,3.4,météo très défavorable
2009-01-16,-21,-25,23,-25,-21,-23,0.2,96,8.75,1030,95.125,0,0,-33,122,122,122,0.3,1,3.4,météo très défavorable
2009-01-17,-19,-27,15,-26,-19,-26,0.2,98,6.875,1031,89.75,0,0,-28,260,122,260,0.3,1,3.4,météo très défavorable
2009-01-18,-12,-18,24,-17,-14,-13,1.4,97,7.125,1030,93.25,0,0,-26,122,122,122,1.2,1,3.4,météo très défavorable
2009-01-19,-8,-13,7,-13,-8,-12,0.3,96,7.625,1012,60,0,0,-15,143,116,143,0.2,1,8.7,météo très défavorable
2009-01-20,-10,-16,8,-14,-10,-14,0.5,95,4.75,1008,80,0,0,-17,143,119,143,0.4,1,3.4,météo très défavorable
2009-01-21,-12,-16,21,-16,-13,-12,0.5,97,6.125,1008,83.125,0,0,-23,119,122,122,0.5,1,3.4,météo très défavorable
2009-01-22,-5,-15,30,-9,-5,-11,1.8,97,6.75,1014,78.75,0,0,-15,122,122,116,0.9,1,3.4,météo très défavorable
2009-01-23,-6,-24,14,-24,-12,-8,3,97,3.75,1020,53.625,0,0,-18,260,143,143,2.6,2,5.2,météo très défavorable
2009-01-24,-6,-22,26,-14,-17,-20,0.6,98,9,1020,98.5,0,0,-29,122,122,122,0.5,1,3.4,météo très défavorable
2009-01-25,-18,-26,25,-21,-18,-23,0.3,96,7,1028,63.125,0,0,-29,122,119,143,0.3,1,5.2,météo très défavorable
2009-01-26,-18,-30,18,-30,-18,-19,0.1,99,3.875,1031,44.625,0,0,-28,260,119,260,0.1,1,5.2,météo très défavorable
2009-01-27,-13,-27,13,-27,-13,-18,0,97,3,1031,59.75,0,0,-23,260,119,260,0,1,5.2,météo très défavorable
2009-01-28,-9,-22,18,-18,-10,-9,5.7,97,4.25,1030,68.875,0,0,-17,260,122,122,4.9,1,5.2,météo très défavorable
2009-01-29,-8,-10,18,-10,-8,-9,1.2,97,7.75,1010,91.75,0,0,-16,116,122,122,1,1,3.5,météo très défavorable
2009-01-30,-6,-10,12,-10,-6,-7,1.4,97,3.75,1011,95.25,0,0,-13,260,143,143,1.1,1,3.5,météo très défavorable
2009-01-31,-6,-13,23,-9,-7,-11,0.7,87,6.375,1013,87.75,0,0,-17,122,119,122,0.6,1,3.5,météo très défavorable
2009-02-01,-3,-26,10,-19,-10,-4,1.7,98,2.875,1014,72.125,0,0,-21,260,143,122,1.4,1,3.5,météo très défavorable
2009-02-02,-2,-8,25,-3,-3,-7,1.4,91,7.375,1017,74,0,0,-11,122,122,113,1.2,1,3.5,météo très défavorable
2009-02-03,-7,-13,18,-11,-7,-11,0,71,10,1021,41.125,0,0,-15,116,116,116,0,2,8.7,météo très défavorable
2009-02-04,-13,-17,15,-16,-13,-16,0,95,7,1021,88.25,0,0,-22,122,122,143,0,1,3.6,météo très défavorable
2009-02-05,-15,-21,15,-21,-15,-19,0,96,4.25,1025,35.25,0,0,-26,260,116,260,0,2,8.7,météo très défavorable
2009-02-06,-12,-20,16,-20,-14,-12,0.3,98,8.125,1026,85.5,0,0,-26,119,122,122,0.3,2,3.6,météo très défavorable
2009-02-07,0,-12,16,-10,-4,0,2.6,97,7.75,1025,76.875,0,0,-13,119,116,122,0.1,1,7,météo très défavorable
2009-02-08,1,-16,26,-2,-7,-13,1.2,95,8,1020,88.75,1,0,-18,122,119,122,1,1,3.8,météo très défavorable
2009-02-09,-14,-21,21,-21,-14,-16,0,96,7.75,1031,38.25,0,0,-26,116,116,143,0,2,7.1,météo très défavorable
2009-02-10,-4,-21,10,-20,-8,-6,0.8,94,5.875,1031,43.875,0,0,-16,116,116,260,0,1,8.7,météo très défavorable
2009-02-11,1,-2,21,0,1,1,0,100,6.25,1013,99.75,1,1,-4,122,122,122,0,1,3.9,météo très défavorable
2009-02-12,1,-8,20,0,0,-2,6,99,6.75,998,89,1,1,-5,122,122,119,1.5,1,3.9,météo très défavorable
2009-02-13,-10,-17,29,-17,-11,-10,0.2,91,7.5,1010,55.125,0,0,-24,116,119,119,0,2,4,météo très défavorable
2009-02-14,-6,-11,27,-10,-6,-8,0.2,90,7.75,1011,58.25,0,0,-17,119,119,116,0,1,5.5,météo très défavorable
2009-02-15,-4,-11,10,-10,-4,-11,0.2,93,6.5,1019,61.625,0,0,-10,143,119,260,0.1,2,5.6,météo très défavorable
2009-02-16,-4,-12,9,-11,-4,-9,0,91,6.5,1024,68.125,0,0,-9,260,119,143,0,1,5.6,météo très défavorable
2009-02-17,-6,-21,8,-16,-6,-16,0,97,0.75,1025,40.875,0,0,-10,260,143,260,0,1,7.1,météo très défavorable
2009-02-18,-4,-18,18,-13,-4,-4,0.1,97,4.875,1021,54.25,0,0,-13,143,122,119,0.1,1,5.6,météo très défavorable
2009-02-19,-3,-6,24,-4,-3,-6,6,97,6,1004,100,0,0,-11,122,122,122,5.1,1,4,météo très défavorable
2009-02-20,-6,-10,20,-9,-10,-9,2.5,98,4.75,1000,100,0,0,-18,122,122,122,2.1,1,4,météo très défavorable
2009-02-21,-6,-9,24,-8,-7,-8,0.4,97,7.75,1022,94,0,0,-16,122,122,119,0.3,1,4.1,météo très défavorable
2009-02-22,-4,-16,16,-9,-4,-4,0.7,97,3.5,1023,80.25,0,0,-12,143,122,143,0.6,1,4.1,météo très défavorable
2009-02-23,-5,-7,25,-6,-5,-6,3.4,96,6.625,1012,86.625,0,0,-12,122,119,119,2.9,1,4.1,météo très défavorable
2009-02-24,-8,-12,22,-11,-9,-11,0,96,9,1027,54.25,0,0,-18,116,116,116,0,1,8.7,météo très défavorable
2009-02-25,-7,-17,10,-14,-7,-14,0,97,1.5,1031,30,0,0,-15,143,143,260,0,1,8.7,météo très défavorable
2009-02-26,-1,-15,12,-7,-2,-1,1.4,98,4,1024,75,0,0,-8,119,260,119,1.2,1,4.1,météo très défavorable
2009-02-27,2,-5,21,0,1,2,12.7,100,5.875,1022,93.625,2,2,-4,122,122,122,0.6,1,4.1,météo très défavorable
2009-02-28,-10,-20,17,-17,-14,-20,0.1,94,8,1032,15.375,0,0,-24,113,113,143,0,1,8.7,météo très défavorable
2009-03-01,-4,-13,10,-13,-4,-8,0,67,10,1030,12.25,0,0,-13,113,113,113,0,2,8.7,météo très défavorable
2009-03-02,-9,-11,21,-11,-9,-11,1.1,83,7.375,1025,65.75,0,0,-18,116,119,119,1,2,5.7,météo très défavorable
2009-03-03,-10,-15,19,-15,-10,-13,0,81,10,1023,51.75,0,0,-20,116,116,116,0,1,8.7,météo très défavorable
2009-03-04,-11,-19,24,-19,-11,-14,0,92,8,1025,42,0,0,-23,143,116,116,0,2,8.7,météo très défavorable
2009-03-05,-7,-17,12,-17,-7,-13,0,93,7,1030,22.875,0,0,-16,143,113,143,0,2,8.7,météo très défavorable
2009-03-06,1,-8,14,-5,-2,0,9.6,99,5.25,1025,100,1,1,-8,122,260,122,2.4,1,4.2,météo très défavorable
2009-03-07,1,-3,23,-1,1,-1,0.2,94,7.125,1016,79.5,1,1,-6,119,122,143,0.1,1,4.2,météo très défavorable
2009-03-08,0,-9,21,0,0,-7,0.6,96,7.75,1020,52.5,0,0,-9,119,116,113,0.6,1,7.2,météo très défavorable
2009-03-09,-4,-10,19,-9,-4,-6,0,91,9,1026,51.25,0,0,-12,116,122,113,0,2,4.3,météo très défavorable
2009-03-10,1,-16,6,-8,1,-6,0,88,7.5,1029,31.625,1,0,-3,113,119,116,0,1,5.7,météo très défavorable
2009-03-11,2,-4,32,0,1,0,6,99,8.25,1020,92.875,2,2,-5,122,122,122,2.3,2,4.3,météo très défavorable
2009-03-12,-9,-16,33,-16,-12,-14,0,86,8,1032,76.25,0,0,-25,119,119,116,0,1,4.3,météo très défavorable
2009-03-13,-7,-16,28,-15,-8,-9,0,85,10,1033,56,0,0,-19,119,122,113,0,2,4.3,météo très défavorable
2009-03-14,-2,-10,29,-8,-2,-3,0.6,89,8.375,1023,54,0,0,-12,116,119,116,0.5,2,5.8,météo très défavorable
2009-03-15,-1,-6,10,-3,-1,-4,0.5,94,5.375,1029,73.375,0,0,-4,143,122,143,0.4,2,6,météo très défavorable
2009-03-16,-2,-11,7,-11,-2,-10,0,84,10,1034,3.875,1,0,-6,113,113,113,0,2,11.6,météo très défavorable
2009-03-17,3,-9,6,-5,2,-2,0,93,7.75,1028,17.5,3,2,0,116,113,143,0,2,11.6,météo très défavorable
2009-03-18,3,0,19,1,2,2,2.4,99,6.375,1016,73.875,3,3,-2,119,122,113,0,1,6,météo très défavorable
2009-03-19,0,-6,24,0,-1,-5,0.1,72,10,1025,41.5,0,0,-8,116,116,113,0,2,11.6,météo très défavorable
2009-03-20,-2,-9,12,-8,-2,-6,0,60,10,1032,1.875,0,0,-6,113,113,113,0,2,11.6,météo très défavorable
2009-03-21,-1,-14,15,-7,-1,-4,0.2,83,9.625,1034,28.125,0,0,-7,113,116,116,0.2,2,12.5,météo très défavorable
2009-03-22,-3,-10,26,-4,-4,-8,0.8,77,9,1028,82.375,0,0,-13,116,119,122,0.8,1,9.2,météo très défavorable
2009-03-23,-7,-16,18,-16,-8,-9,0,88,10,1032,53,0,0,-19,119,119,113,0.1,2,9.2,météo très défavorable
2009-03-24,-1,-9,21,-8,-1,-4,0,90,9,1036,20.5,0,0,-9,113,116,113,0,2,12.6,météo très défavorable
2009-03-25,1,-8,8,-5,1,-4,0,95,5,1034,2,2,1,-2,143,143,143,0,2,12.7,météo très défavorable
2009-03-26,7,-4,12,-2,7,1,1.4,87,8.875,1022,30.875,7,2,0,113,116,143,0,2,12.7,météo très défavorable
2009-03-27,3,1,21,1,3,2,1.4,98,4.375,1017,81.875,3,2,-2,248,122,143,0,1,9.3,météo très défavorable
2009-03-28,8,0,15,1,8,0,0,89,6,1016,38.75,8,6,3,116,116,143,0,1,12.8,météo très défavorable
2009-03-29,5,2,31,2,5,3,6.6,95,8.25,1014,89.125,5,3,-3,119,122,122,0,1,8,météo très défavorable
2009-03-30,3,-2,26,0,0,-1,3,94,6.875,1012,98,3,3,-6,122,122,122,1.4,1,8,météo très défavorable
2009-03-31,3,-2,9,0,3,0,0.1,85,8.375,1026,55.25,4,1,0,116,116,113,0.1,1,11.9,météo très défavorable
2009-04-01,6,-3,15,-1,6,3,0.3,86,6.75,1025,39.25,7,4,2,113,116,248,0,1,12.9,météo très défavorable
2009-04-02,9,2,28,3,7,6,0.9,98,8,1014,58.625,9,5,-1,122,116,113,0,1,11.9,météo très défavorable
2009-04-03,12,2,26,5,12,7,0.9,92,9.875,1012,57.875,12,9,6,113,119,122,0,3,10.7,météo très défavorable
2009-04-04,7,3,7,5,6,4,4.4,94,7.375,994,96.625,7,5,5,122,122,248,0,2,8.1,météo très défavorable
2009-04-05,4,2,14,2,4,2,1.3,96,2,1007,95.75,4,3,0,248,122,248,0,1,8.1,météo très défavorable
2009-04-06,4,-2,22,2,3,2,7.2,91,6.25,1008,84.75,4,2,-1,143,122,122,0,1,8.2,météo très défavorable
2009-04-07,1,-1,13,1,1,1,4.9,100,5.25,992,100,2,2,-3,248,248,122,3.6,1,8.2,météo très défavorable
2009-04-08,0,-3,28,-3,0,-1,1.4,92,7,999,98,0,0,-8,122,122,119,1.2,1,8.2,météo très défavorable
2009-04-09,2,-2,26,-1,2,0,1,95,7,1012,92.5,2,1,-5,122,122,143,0.8,1,8.2,météo très défavorable
2009-04-10,2,-3,18,-1,2,-1,0,77,10,1020,60.375,2,0,-3,116,119,116,0,2,10.8,météo très défavorable
2009-04-11,5,-4,10,0,5,-1,0,69,10,1020,27.25,5,0,1,113,113,119,0,2,13.2,météo très défavorable
2009-04-12,2,-4,22,-4,2,-1,0,64,10,1018,32.5,2,0,-5,116,119,113,0,2,13.3,météo très défavorable
2009-04-13,3,-3,30,-2,3,0,0,62,10,1016,15.5,3,0,-5,113,113,113,0,2,13.3,météo très défavorable
2009-04-14,7,-3,14,0,7,1,0,61,10,1022,2.875,8,0,4,113,113,113,0,2,13.7,météo très défavorable
2009-04-15,9,-3,13,0,8,2,0,63,10,1027,10.25,9,0,1,113,113,113,0,2,13.8,météo très défavorable
2009-04-16,8,-2,10,2,8,3,0,60,10,1031,18.375,9,0,7,113,113,116,0,2,13.8,météo très défavorable
2009-04-17,9,0,35,3,9,4,0.9,84,9,1024,57.5,9,4,3,116,116,116,0,2,12.2,météo très défavorable
2009-04-18,8,-1,14,3,8,2,0,64,10,1018,17.25,8,1,5,113,113,113,0,2,13.9,météo très défavorable
2009-04-19,7,-2,10,1,7,0,0,64,10,1025,8.25,8,0,3,113,113,113,0,2,13.9,météo très défavorable
2009-04-20,10,-2,16,2,10,4,0,42,10,1027,7.875,11,0,5,113,113,116,0,2,13.9,météo très défavorable
2009-04-21,3,1,24,1,1,2,6.7,95,9.25,1021,80.375,3,2,-4,116,122,122,0,2,9.9,météo très défavorable
2009-04-22,10,3,15,6,9,4,2.2,97,4.625,1005,88.125,10,7,5,248,119,143,0,2,9.9,météo très défavorable
2009-04-23,4,2,30,4,4,3,3.4,93,8.625,1011,70.25,4,4,-2,116,122,116,0,2,11.1,météo très défavorable
2009-04-24,12,0,18,3,11,6,0,66,10,1020,9.875,12,5,5,113,113,113,0,3,14.1,météo très défavorable
2009-04-25,20,3,22,9,19,17,0.1,84,10,1017,32.125,20,15,13,119,113,113,0,4,12.2,météo favorable
2009-04-26,14,5,19,5,11,6,0.1,49,10,1031,25.375,14,13,5,113,113,113,0,2,14.1,météo correcte
2009-04-27,19,3,18,4,16,17,0.5,88,9.375,1029,40.125,19,16,7,122,116,113,0,4,12.2,météo favorable
2009-04-28,15,2,23,15,13,5,1.1,87,7.75,1028,38.625,15,13,7,116,119,113,0,4,12.2,météo correcte
2009-04-29,9,-2,21,1,8,6,0,50,10,1034,9.375,9,0,2,113,116,113,0,2,14.2,météo très défavorable
2009-04-30,13,-1,9,5,13,10,0,49,10,1031,23.25,13,3,9,116,113,116,0,3,14.2,météo très défavorable
2009-05-01,15,7,32,9,13,12,6.6,97,9.25,1009,79.875,15,12,8,122,119,116,0,3,11.1,météo défavorable
2009-05-02,8,3,19,3,8,5,1.1,64,9.875,1010,47.125,8,5,3,113,116,113,0,2,13.4,météo très défavorable
2009-05-03,12,4,27,6,11,8,0.7,63,9.875,1014,34.5,12,6,7,113,116,113,0,2,14.3,météo très défavorable
2009-05-04,13,4,17,7,13,7,0,50,8,1024,9.75,13,5,9,113,113,113,0,2,14.5,météo correcte
2009-05-05,14,1,14,6,14,10,0,51,10,1028,13.375,14,4,9,113,116,113,0,3,14.5,météo très défavorable
2009-05-06,10,4,10,7,10,8,0.4,80,8.375,1022,50.75,10,7,7,116,122,116,0,3,11.4,météo très défavorable
2009-05-07,9,5,15,7,9,6,2.6,94,7.75,1016,73.125,9,7,5,119,119,143,0,3,9.3,météo très défavorable
2009-05-08,12,3,13,9,10,11,0.5,96,4,1007,87.375,12,11,8,116,122,248,0,2,10.3,météo très défavorable
2009-05-09,17,6,15,12,17,10,4.1,92,5,1005,69,17,13,15,116,119,248,0,3,11.4,météo défavorable
2009-05-10,9,5,14,6,6,6,4.2,92,8.625,1012,61.625,9,8,3,116,119,116,0,2,11.4,météo très défavorable
2009-05-11,10,1,9,5,10,3,0,67,10,1018,34.75,11,3,9,113,116,116,0,3,13.5,météo très défavorable
2009-05-12,14,2,7,7,14,7,0,47,10,1024,7.625,15,3,14,113,113,113,0,3,14.5,météo correcte
2009-05-13,16,1,14,9,16,8,0,53,10,1028,7.375,16,6,15,113,113,116,0,3,14.5,météo très défavorable
2009-05-14,15,8,35,11,13,12,9.4,95,9.625,1022,44.5,15,12,8,113,119,122,0,4,11.4,météo correcte
2009-05-15,14,4,17,8,13,7,0,61,10,1025,10.375,14,10,9,113,116,113,0,3,14.5,météo correcte
2009-05-16,12,4,21,9,11,10,3.7,89,8.5,1025,50.625,12,11,7,116,119,248,0,3,11.4,météo très défavorable
2009-05-17,12,2,28,7,9,5,1.5,60,9.875,1020,44.25,12,12,4,116,113,113,0,2,14.5,météo très défavorable
2009-05-18,9,0,8,2,9,4,0,52,10,1026,11.125,9,1,3,113,113,113,0,2,14.5,météo très défavorable
2009-05-19,13,-1,32,6,13,8,0.8,82,7.875,1025,32.75,13,7,6,113,116,116,0,3,13.5,météo très défavorable
2009-05-20,8,2,13,3,8,5,0.5,87,6.375,1030,40.75,8,5,1,119,116,113,0,1,12.5,météo très défavorable
2009-05-21,22,5,36,12,22,19,0,63,9,1018,2,24,13,18,113,113,113,0,4,14.5,météo favorable
2009-05-22,16,6,22,13,12,10,0.1,57,10,1024,19.375,16,12,10,116,113,113,0,4,14.5,météo correcte
2009-05-23,15,2,11,8,14,9,0,55,10,1026,23,15,7,11,113,113,116,0,3,14.5,météo correcte
2009-05-24,16,7,21,11,15,11,1,80,6.375,1014,44.25,16,13,13,248,116,113,0,3,13.5,météo correcte
2009-05-25,9,2,17,5,9,6,0,47,10,1025,7.375,9,1,5,113,113,113,0,3,14.5,météo très défavorable
2009-05-26,12,-2,10,6,12,7,0,53,10,1028,35.5,12,4,11,113,116,116,0,3,13.6,météo très défavorable
2009-05-27,11,6,11,8,9,8,1.3,91,8.875,1021,62.75,11,8,8,119,119,119,0,2,10.8,météo défavorable
2009-05-28,16,5,19,8,16,13,0.5,65,8,1017,30.75,16,9,11,113,113,116,0,4,14.5,météo correcte
2009-05-29,13,8,12,9,12,13,12.9,98,6.5,1008,100,14,13,10,122,248,248,0,3,9.8,météo défavorable
2009-05-30,14,7,19,12,11,10,1.8,94,6.125,1005,62,15,11,9,116,119,113,0,3,13.6,météo correcte
2009-05-31,12,4,19,9,12,8,1.1,92,6.75,1007,61.125,12,8,8,119,116,113,0,2,12.6,météo très défavorable
2009-06-01,14,2,27,5,14,8,0.9,75,9.875,1012,40.625,14,6,3,119,113,119,0,3,11.7,météo correcte
2009-06-02,14,5,21,7,13,11,0.1,70,8.75,1015,50.625,14,7,9,116,119,113,0,2,13.6,météo correcte
2009-06-03,14,4,20,9,14,11,0.2,56,10,1016,19.25,14,7,10,113,113,116,0,3,14.5,météo correcte
2009-06-04,14,6,16,8,14,10,0,55,9,1017,11.125,14,7,11,113,113,113,0,3,14.5,météo correcte
2009-06-05,17,4,19,11,17,8,0,57,10,1015,3.375,17,9,16,113,113,113,0,4,14.5,météo correcte
2009-06-06,18,5,23,13,18,14,0.3,68,8.875,1011,17.375,18,11,17,116,113,113,0,4,14.5,météo favorable
2009-06-07,15,5,21,10,15,12,0,54,10,1015,12.25,15,6,10,113,116,113,0,4,14.5,météo correcte
2009-06-08,16,5,9,10,16,10,0,57,10,1018,5.625,16,8,15,113,113,113,0,4,14.5,météo correcte
2009-06-09,12,7,18,9,11,8,8.3,95,9.375,1018,57.625,12,8,7,113,119,119,0,3,12.7,météo défavorable
2009-06-10,12,8,10,9,11,11,2.6,98,3.5,1015,96.625,12,12,9,248,143,248,0,3,9.9,météo défavorable
2009-06-11,17,8,14,12,17,13,1.1,91,4.125,1015,65.375,17,14,15,248,119,143,0,3,12.7,météo défavorable
2009-06-12,17,10,15,12,17,12,0.5,82,8,1012,45.5,18,12,14,116,116,113,0,3,14.5,météo correcte
2009-06-13,19,9,10,14,19,13,0.8,68,7.625,1014,16.75,19,13,18,113,113,113,0,3,14.5,météo favorable
2009-06-14,21,6,7,15,21,14,0,64,8,1016,13.625,25,14,20,113,113,113,0,3,14.5,météo favorable
2009-06-15,18,9,10,13,18,13,1.1,88,5.5,1020,39.75,18,15,17,116,113,248,0,3,13.6,météo favorable
2009-06-16,19,6,12,13,19,15,0,74,6.5,1023,33.5,20,14,19,116,113,113,0,3,14.5,météo favorable
2009-06-17,21,9,13,15,21,17,0.3,73,8,1022,7.375,24,17,19,113,113,113,0,5,14.5,météo favorable
2009-06-18,20,8,18,13,20,13,0.2,66,8.375,1016,18.25,20,12,17,116,113,113,0,3,14.5,météo favorable
2009-06-19,15,10,10,13,15,14,1.1,97,5.875,1013,77.125,16,13,12,122,119,116,0,3,10.9,météo défavorable
2009-06-20,17,11,16,15,17,14,0.9,92,4.75,1009,82.375,17,14,15,143,119,119,0,3,10,météo défavorable
2009-06-21,19,15,23,15,18,17,0.8,90,8,1011,58.5,19,15,16,119,119,113,0,4,11.8,météo correcte
2009-06-22,21,14,25,15,20,18,0,68,10,1012,14,21,13,17,113,113,113,0,5,14.5,météo favorable
2009-06-23,23,13,19,17,23,17,0,55,10,1013,3,25,14,21,113,113,113,0,5,14.5,météo favorable
2009-06-24,24,14,7,18,24,20,0.5,74,8.625,1013,36.625,26,19,22,116,116,113,0,5,14.5,météo favorable
2009-06-25,24,13,17,20,24,20,1.2,74,6.25,1008,44.125,26,19,24,143,116,116,0,4,14.5,météo favorable
2009-06-26,23,14,9,17,23,19,1.6,80,6,1004,28.5,25,19,22,143,113,113,0,4,14.5,météo favorable
2009-06-27,19,15,6,17,18,18,3.2,92,6.5,1009,50.625,20,18,19,143,116,113,0,4,13.6,météo favorable
2009-06-28,21,15,19,17,21,17,2.1,93,6.75,1009,71.125,24,17,17,116,119,119,0,4,11.8,météo défavorable
2009-06-29,17,15,20,15,15,16,17.2,97,6.625,1002,98.375,17,17,13,122,122,122,0,4,9.9,météo très défavorable
2009-06-30,20,14,13,15,20,18,2.8,93,6.5,1008,64.75,20,19,17,248,116,113,0,4,12.7,météo correcte
2009-07-01,21,14,12,17,21,17,6.1,92,6,1012,42.5,21,19,21,113,116,143,0,4,14.5,météo favorable
2009-07-02,18,14,13,17,18,16,7.6,97,5.625,1013,75.375,19,17,17,116,116,248,0,4,11.8,météo défavorable
2009-07-03,19,15,10,15,18,17,17.4,96,5.5,1009,86.625,19,18,17,248,122,248,0,4,10.8,météo très défavorable
2009-07-04,16,8,18,15,14,10,5.7,97,4.75,1005,96.125,17,16,10,248,122,119,0,3,9.9,météo défavorable
2009-07-05,13,8,15,11,12,13,0.9,96,4.125,1009,70.75,13,13,10,248,119,143,0,3,11.7,météo défavorable
2009-07-06,20,7,7,15,20,15,4.6,84,7.25,1009,30.75,20,17,20,116,113,200,0,3,14.5,météo favorable
2009-07-07,14,12,14,14,14,13,2.4,97,5.75,1011,82.5,14,13,13,143,143,122,0,3,9.9,météo défavorable
2009-07-08,17,9,14,13,17,14,0.4,79,7.875,1019,43.375,17,13,16,116,116,113,0,3,13.5,météo correcte
2009-07-09,21,5,8,15,21,16,0,65,7,1023,3.25,24,15,21,113,113,113,0,3,14.5,météo favorable
2009-07-10,21,10,11,15,21,15,0,69,10,1026,11.625,25,15,21,113,113,116,0,5,14.5,météo favorable
2009-07-11,19,12,12,16,19,16,20.3,88,7.5,1020,50.625,19,16,17,116,116,248,0,5,12.5,météo très défavorable
2009-07-12,17,12,20,14,17,12,4.6,71,8.875,1011,55.25,17,15,17,116,116,293,0,3,13.5,météo correcte
2009-07-13,15,8,18,13,15,12,3.2,93,6.5,1010,54.5,15,13,12,116,122,248,0,3,11.6,météo correcte
2009-07-14,14,8,14,10,13,12,1.3,93,6.375,1014,69.25,14,12,10,248,116,116,0,4,9.6,météo défavorable
2009-07-15,17,8,15,10,16,13,0,75,7.5,1017,42.75,17,11,11,116,113,116,0,3,14.5,météo correcte
2009-07-16,15,8,10,14,15,13,1.1,92,8,1012,54.125,15,13,13,113,116,143,0,4,12.5,météo correcte
2009-07-17,20,11,10,17,20,16,5.5,89,5,1009,47.25,24,18,20,143,113,143,0,4,14.5,météo favorable
2009-07-18,18,15,12,15,16,17,14.9,98,4.25,1009,86.125,18,17,15,248,248,116,0,4,10.5,météo défavorable
2009-07-19,18,13,23,14,16,17,1.3,95,9,1017,55,18,15,13,122,119,113,0,4,11.5,météo correcte
2009-07-20,21,11,12,15,21,17,0,73,6.75,1023,28.625,24,17,20,113,113,143,0,5,14.5,météo favorable
2009-07-21,23,11,7,18,23,18,0.1,76,6.5,1025,45,26,18,22,116,113,116,0,4,14.5,météo favorable
2009-07-22,17,13,12,16,17,16,1.4,94,6.25,1022,55.5,17,16,17,248,116,113,0,4,13.5,météo correcte
2009-07-23,21,12,13,15,21,18,0,74,10,1023,20.125,24,15,19,113,113,113,0,5,14.5,météo favorable
2009-07-24,17,14,15,16,17,15,0.1,90,10,1017,49.5,17,15,16,119,119,116,0,5,11.5,météo correcte
2009-07-25,17,12,11,14,17,14,0.4,85,8,1015,58.125,17,13,16,116,119,113,0,3,12.5,météo correcte
2009-07-26,21,11,19,14,21,19,6.2,97,8.25,1015,63.625,21,19,19,116,122,143,0,5,11.5,météo correcte
2009-07-27,22,15,19,17,22,18,6.4,94,5.875,1011,69.875,24,20,20,248,113,116,0,4,12.5,météo défavorable
2009-07-28,22,16,18,16,22,19,0.9,93,8.875,1011,53,24,18,18,122,113,143,0,4,12.5,météo favorable
2009-07-29,22,15,12,18,21,20,8.1,95,5.875,1010,54,24,20,21,143,116,248,0,5,13.5,météo correcte
2009-07-30,23,16,16,19,23,19,0.3,73,7.625,1010,22.625,25,19,22,113,113,113,0,4,14.5,météo favorable
2009-07-31,18,13,11,16,18,16,0.5,92,5.875,1011,53.5,18,16,17,143,116,113,0,5,13.5,météo favorable
2009-08-01,22,14,15,16,22,16,0,73,6.5,1016,34.25,25,17,21,116,113,113,0,4,14.5,météo favorable
2009-08-02,22,15,17,18,22,16,5.3,95,8.625,1015,45.125,25,18,17,113,116,122,0,5,12.4,météo favorable
2009-08-03,20,14,20,17,20,16,0.1,70,6.5,1015,36.875,20,16,20,143,113,113,0,4,14.5,météo favorable
2009-08-04,24,13,18,16,24,20,3.8,79,9.625,1014,32.75,26,20,18,116,113,113,0,5,14.5,météo favorable
2009-08-05,20,14,22,16,20,16,1.7,77,10,1011,43.5,20,17,18,116,113,113,0,4,14.5,météo favorable
2009-08-06,17,11,13,14,15,15,0.6,94,4.875,1012,39.375,17,15,15,119,143,143,0,3,13.4,météo correcte
2009-08-07,16,10,15,11,15,14,3.5,96,6.75,1018,34,17,12,11,143,116,113,0,3,14.5,météo correcte
2009-08-08,19,7,17,12,19,15,0,66,9,1022,14.5,19,13,17,113,113,113,0,4,14.5,météo favorable
2009-08-09,18,11,12,13,18,14,0.7,94,6.75,1021,56,18,14,14,113,116,143,0,3,12.4,météo correcte
2009-08-10,21,15,7,16,20,16,1.5,98,3.375,1009,70.625,24,19,17,248,143,143,0,4,11.3,météo défavorable
2009-08-11,23,13,4,17,23,15,2.9,83,6.75,1013,20.375,26,19,22,113,113,143,0,4,14.5,météo favorable
2009-08-12,23,12,8,17,23,16,0.5,71,8.875,1018,11.125,25,18,23,113,113,113,0,5,14.5,météo favorable
2009-08-13,24,11,11,18,24,19,0,73,5.75,1020,17.125,26,19,23,113,113,143,0,4,14.2,météo favorable
2009-08-14,25,15,17,18,25,20,0,73,6,1020,6.125,27,21,23,113,113,143,0,5,14.2,météo idéale
2009-08-15,25,15,20,19,25,21,0,75,8,1019,12.375,27,19,24,116,113,113,0,5,14.1,météo idéale
2009-08-16,24,15,15,20,23,21,3.3,92,5,1020,46.375,26,22,23,116,116,248,0,5,13.4,météo favorable
2009-08-17,25,17,23,20,25,22,3,84,6,1018,47.5,27,22,24,143,113,116,0,5,14.1,météo favorable
2009-08-18,24,20,24,20,24,21,8.6,96,6.75,1014,60,26,22,22,248,116,119,0,6,12.2,météo correcte
2009-08-19,22,16,22,19,22,18,0,71,8.75,1013,32.75,25,19,21,116,113,113,0,5,14,météo favorable
2009-08-20,21,10,14,16,21,17,0.3,84,9,1015,30,24,17,20,113,116,116,0,5,14,météo favorable
2009-08-21,23,16,11,18,22,21,10.4,98,7.25,1013,83.625,25,22,20,248,143,119,0,4,8.7,météo défavorable
2009-08-22,24,17,20,20,24,18,0,82,5.5,1012,44.75,25,19,22,248,113,143,0,6,13.3,météo favorable
2009-08-23,21,15,13,18,21,16,0.8,85,8.625,1015,48.625,21,18,19,248,116,116,0,4,13.3,météo favorable
2009-08-24,20,11,12,16,20,15,0,67,10,1018,9,21,14,20,113,113,113,0,5,13.8,météo favorable
2009-08-25,20,9,14,15,20,17,0,81,10,1020,27.125,20,15,17,116,116,113,0,5,13.8,météo favorable
2009-08-26,17,9,27,17,17,12,0.3,79,9.375,1015,30.625,17,16,16,122,113,113,0,4,13.3,météo correcte
2009-08-27,14,6,19,8,14,9,0,57,10,1023,9,14,4,10,113,113,113,0,3,13.8,météo correcte
2009-08-28,16,4,8,9,16,8,0,58,10,1024,20.875,16,7,14,113,113,119,0,3,13.3,météo correcte
2009-08-29,10,9,24,9,10,9,4.2,96,9.625,1022,88.625,10,9,7,122,122,122,0,3,8.3,météo défavorable
2009-08-30,17,9,20,10,17,14,2.6,94,7.625,1011,75.375,17,15,13,248,116,116,0,3,12,météo défavorable
2009-08-31,16,8,21,9,16,11,0,66,10,1021,23.75,16,9,11,116,113,113,0,3,13.2,météo correcte
2009-09-01,18,6,21,10,18,13,0,67,10,1023,11.75,18,11,16,113,113,113,0,4,13.2,météo favorable
2009-09-02,20,10,21,12,20,17,0,74,10,1024,5.625,20,16,18,113,113,113,0,5,13.2,météo favorable
2009-09-03,21,13,22,14,21,17,0,71,8.75,1020,21.875,21,14,19,116,113,113,0,5,13.1,météo favorable
2009-09-04,21,11,15,14,21,14,0,67,9,1020,7.125,21,13,20,113,113,113,0,5,13.1,météo favorable
2009-09-05,16,6,12,11,16,10,0,59,10,1027,0.25,16,8,14,113,113,113,0,4,13.1,météo correcte
2009-09-06,16,4,7,9,16,5,0,58,10,1032,0,19,9,17,113,113,113,0,3,13,météo correcte
2009-09-07,19,5,21,9,19,16,0,76,10,1026,19.375,19,14,15,116,113,113,0,4,13,météo favorable
2009-09-08,21,11,9,15,21,14,0,77,6.25,1022,43.75,24,14,19,248,113,113,0,4,13,météo favorable
2009-09-09,18,7,8,11,18,10,0,55,10,1029,0.375,19,9,18,113,113,113,0,4,12.9,météo favorable
2009-09-10,19,6,8,10,19,8,0,64,10,1033,0.5,20,12,18,113,113,113,0,4,12.9,météo favorable
2009-09-11,19,6,8,11,19,11,0,67,8,1029,10.375,20,13,17,113,116,113,0,4,12.9,météo favorable
2009-09-12,21,7,11,14,21,14,0,70,10,1022,8.125,25,15,20,113,113,113,0,4,12.8,météo favorable
2009-09-13,17,10,18,13,17,11,0.6,84,8.625,1011,40.625,17,13,14,248,116,113,0,4,11.9,météo correcte
2009-09-14,13,7,18,9,10,11,1.1,94,6.75,1011,56.75,13,11,8,116,119,248,0,3,7.5,météo correcte
2009-09-15,15,7,14,11,13,9,0.3,77,6.625,1022,49.5,15,10,12,143,119,116,0,3,10.2,météo correcte
2009-09-16,14,2,12,6,14,6,0,59,10,1029,13.75,15,6,11,116,113,113,0,3,11.6,météo correcte
2009-09-17,16,1,14,8,16,10,0,67,9,1029,7.75,16,9,14,113,113,113,0,3,11.6,météo très défavorable
2009-09-18,12,7,24,11,12,8,1.1,91,8.875,1013,69.625,12,11,7,122,116,116,0,4,8.9,météo défavorable
2009-09-19,13,7,19,7,12,8,0,56,10,1023,22.375,13,4,7,113,113,113,0,2,11.6,météo correcte
2009-09-20,16,6,22,7,16,11,0,66,10,1024,11.75,16,9,10,113,113,113,0,4,11.6,météo correcte
2009-09-21,20,7,12,11,20,9,0,65,10,1026,6.375,24,15,18,113,113,113,0,4,11.6,météo favorable
2009-09-22,18,6,13,9,15,17,1,97,8,1022,69.5,18,17,12,116,122,122,0,4,7.4,météo défavorable
2009-09-23,18,13,21,17,18,15,10.6,98,7,1017,80.5,18,17,17,122,122,143,0,4,6,météo défavorable
2009-09-24,13,8,17,9,13,9,0.5,82,7.375,1017,46.875,13,10,10,116,119,116,0,3,8.8,météo correcte
2009-09-25,10,1,16,6,10,4,0.5,61,9.375,1029,24.875,11,6,7,116,116,113,0,3,11.6,météo très défavorable
2009-09-26,13,-1,14,3,13,6,0,61,10,1029,8.25,13,5,8,113,113,116,0,3,11.6,météo très défavorable
2009-09-27,11,7,11,7,10,10,10.3,97,5.875,1013,94.5,11,11,7,119,143,248,0,2,6,météo défavorable
2009-09-28,16,12,15,12,16,12,7.2,96,6.75,997,81.5,16,13,12,248,116,119,0,3,8.8,météo défavorable
2009-09-29,15,10,19,11,15,10,1.3,87,5.375,996,53.75,15,12,12,143,116,248,0,3,11.6,météo correcte
2009-09-30,10,6,17,9,8,6,1,95,5.75,1009,95,10,10,4,122,122,119,0,2,5.9,météo défavorable
2009-10-01,8,4,14,5,8,6,0.3,84,9,1013,79.25,8,4,4,119,119,119,0,3,5.9,météo très défavorable
2009-10-02,9,4,12,4,9,6,0.4,86,8,1017,60.5,9,5,4,119,119,113,0,3,5.9,météo très défavorable
2009-10-03,8,5,17,6,7,8,7.4,95,8.375,1018,91,8,8,4,122,122,122,0,3,5.9,météo très défavorable
2009-10-04,16,6,5,9,16,7,0.1,83,4.75,1014,46.25,18,12,15,143,113,143,0,3,11.6,météo correcte
2009-10-05,13,7,17,9,13,9,2.4,92,5.75,1009,68.375,13,10,10,143,116,143,0,2,10.2,météo défavorable
2009-10-06,12,5,21,9,12,8,0.2,81,9,1008,55.875,12,8,8,116,119,113,0,2,8.7,météo très défavorable
2009-10-07,8,6,19,6,8,6,12.6,96,5.125,1005,91,8,7,4,122,143,143,0,2,5.8,météo très défavorable
2009-10-08,9,5,14,5,9,8,0,86,8,1015,51,9,6,6,143,119,116,0,3,8.7,météo très défavorable
2009-10-09,8,7,13,7,8,7,4.8,97,8.25,1013,91.75,8,7,6,119,122,248,0,2,5.8,météo très défavorable
2009-10-10,7,2,23,6,7,3,1.7,91,7.875,1016,50.125,7,7,1,119,113,113,0,2,8.7,météo très défavorable
2009-10-11,6,2,33,3,6,3,1,82,9.375,1019,39,6,2,-1,122,113,116,0,2,10.1,météo très défavorable
2009-10-12,6,1,22,2,6,3,0,67,10,1025,46.75,6,0,0,113,116,119,0,2,11.5,météo très défavorable
2009-10-13,4,0,7,1,4,2,1.1,82,8.25,1022,67.25,5,0,1,122,122,116,0.3,2,4.1,météo très défavorable
2009-10-14,3,-2,18,0,3,-1,0,59,10,1022,38.75,3,0,-2,113,119,116,0,2,5.6,météo très défavorable
2009-10-15,4,-3,12,-2,4,-3,0,49,10,1022,24.375,4,0,-2,116,116,113,0,2,8.7,météo très défavorable
2009-10-16,5,-3,17,-2,5,-1,0,50,10,1023,15.375,5,0,0,113,113,113,0,2,8.7,météo très défavorable
2009-10-17,6,-3,9,-2,6,-1,0,59,10,1026,30.25,6,0,2,113,116,116,0,2,8.7,météo très défavorable
2009-10-18,6,-3,7,-1,6,-1,0,64,10,1028,10.375,7,0,2,113,113,116,0,2,8.7,météo très défavorable
2009-10-19,7,-2,10,0,7,0,0,60,10,1023,10.125,7,0,3,113,113,113,0,2,8.7,météo très défavorable
2009-10-20,7,2,15,3,6,6,1.2,97,6.875,1019,67.125,7,7,0,122,122,143,0,2,3.9,météo très défavorable
2009-10-21,7,0,12,1,7,1,0,75,8,1023,31.375,7,2,2,113,113,116,0,1,8.7,météo très défavorable
2009-10-22,1,-1,23,0,-1,-1,12.2,98,7.875,1022,83.5,2,0,-6,122,122,116,8.7,1,3.9,météo très défavorable
2009-10-23,4,-4,12,-2,4,-2,0,53,10,1027,20.625,4,0,-1,113,116,116,0,2,8.7,météo très défavorable
2009-10-24,5,-1,20,0,2,3,9.7,99,7.625,1020,94.375,5,5,-4,122,122,248,0,2,3.8,météo très défavorable
2009-10-25,6,2,26,5,5,3,0.6,91,9,1019,75.25,6,6,0,122,122,116,0,1,3.8,météo très défavorable
2009-10-26,5,-1,12,-1,5,0,0,66,10,1029,25,5,0,-1,113,113,116,0,2,8.7,météo très défavorable
2009-10-27,4,1,20,1,4,2,1.3,88,9.875,1028,79.75,4,2,-3,122,122,122,0,2,5.4,météo très défavorable
2009-10-28,4,1,18,2,4,2,0,91,8,1024,55.875,4,2,0,119,116,116,0,1,7.1,météo très défavorable
2009-10-29,9,0,2,0,9,1,0,81,8,1027,5.875,10,4,7,113,113,113,0,1,8.7,météo très défavorable
2009-10-30,8,0,10,2,8,7,0.4,90,9,1026,54.125,8,7,4,116,119,122,0,2,5.4,météo très défavorable
2009-10-31,13,7,38,8,13,9,9,96,8.375,1007,89.125,13,13,9,119,122,119,0,2,3.8,météo défavorable
2009-11-01,6,1,25,5,6,3,0.1,77,10,1025,50,6,3,2,119,119,113,0,2,5.4,météo très défavorable
2009-11-02,5,0,13,0,5,1,0,72,10,1030,12.875,5,1,2,113,116,113,0,2,8.7,météo très défavorable
2009-11-03,3,0,12,1,3,2,0.9,97,7.625,1019,56.75,3,2,-1,116,122,116,0,2,3.7,météo très défavorable
2009-11-04,2,-2,21,0,2,-2,0,68,10,1024,43.5,2,0,-4,116,116,116,0,2,8.7,météo très défavorable
2009-11-05,1,-4,11,-3,1,-1,0.6,78,9,1025,61.25,1,0,-3,116,122,119,0.4,2,3.7,météo très défavorable
2009-11-06,3,-4,16,-3,3,-2,0,65,10,1024,26.875,3,0,-4,113,119,113,0,2,7,météo très défavorable
2009-11-07,1,-5,9,-5,-1,1,0,71,10,1024,32,2,0,-5,113,116,116,0,2,8.7,météo très défavorable
2009-11-08,8,3,24,4,8,4,0.5,91,9,1024,45.375,8,4,1,119,113,113,0,1,7,météo très défavorable
2009-11-09,12,1,18,1,10,11,0.1,90,10,1026,49,12,11,5,113,116,122,0,3,7,météo très défavorable
2009-11-10,9,3,19,4,7,3,0,80,10,1028,19.625,9,6,1,113,113,113,0,3,8.7,météo très défavorable
2009-11-11,6,-1,8,0,6,0,0,78,10,1034,1,8,1,2,113,113,113,0,2,8.7,météo très défavorable
2009-11-12,6,-1,11,-1,6,-1,0,68,10,1031,4.625,7,0,0,113,113,113,0,2,8.7,météo très défavorable
2009-11-13,9,-1,10,0,9,2,0,55,10,1027,5.625,10,0,1,113,113,113,0,2,8.7,météo très défavorable
2009-11-14,10,0,12,0,10,6,4.4,95,7.375,1025,45.5,10,6,4,113,116,248,0,2,7,météo très défavorable
2009-11-15,10,7,12,7,9,10,3.9,98,3.125,1015,95.5,10,9,7,248,143,122,0,2,3.6,météo défavorable
2009-11-16,8,1,28,2,3,2,0,78,10,1018,42.25,8,6,-3,116,116,116,0,1,7,météo très défavorable
2009-11-17,5,-2,8,-1,5,-2,0,70,10,1030,6.75,6,0,0,113,113,113,0,2,8.7,météo très défavorable
2009-11-18,6,-2,14,-2,6,1,0,65,10,1032,8.375,6,0,-2,113,113,113,0,2,8.7,météo très défavorable
2009-11-19,7,-1,8,-1,7,0,0,80,10,1029,4.25,8,0,2,113,113,113,0,2,8.7,météo très défavorable
2009-11-20,6,1,26,4,6,5,8.8,98,6.125,1020,78.75,6,6,1,119,248,122,0,2,3.6,météo très défavorable
2009-11-21,5,1,20,4,5,2,0,91,9,1021,58.375,5,4,0,119,116,113,0,1,7,météo très défavorable
2009-11-22,4,-1,5,-1,4,-1,0,91,10,1033,4.125,7,2,2,113,113,113,0,2,8.7,météo très défavorable
2009-11-23,6,-2,6,-2,6,-1,0,87,10,1034,0,9,2,2,113,113,113,0,2,8.7,météo très défavorable
2009-11-24,6,-2,5,-2,6,1,0,87,10,1029,7,8,2,0,113,113,113,0,2,8.7,météo très défavorable
2009-11-25,7,0,16,0,7,4,1,92,9.875,1023,41.25,7,4,0,113,116,122,0,2,8.7,météo très défavorable
2009-11-26,6,5,12,5,6,5,0.8,96,4.75,1012,86.125,6,5,3,143,122,119,0,2,3.4,météo très défavorable
2009-11-27,5,1,24,5,5,2,14.3,92,9.25,1008,66.25,5,4,-1,116,116,122,0,2,8.7,météo très défavorable
2009-11-28,1,-1,32,1,1,0,4.6,95,7.625,1000,80.25,1,1,-6,122,119,116,1.1,1,5.1,météo très défavorable
2009-11-29,2,-2,25,-1,2,-1,0.1,77,9.625,1007,46.375,2,0,-6,116,113,116,0.1,1,8.7,météo très défavorable
2009-11-30,0,-4,14,-1,0,-4,2.6,94,7.375,1005,67.625,0,0,-6,143,119,116,2.2,1,3.2,météo très défavorable
2009-12-01,-2,-5,16,-5,-2,-2,0.1,89,9.625,1011,53.125,0,0,-8,113,122,119,0.1,2,3.2,météo très défavorable
2009-12-02,2,-2,13,-2,2,0,0,94,7.75,1018,46.25,2,0,-5,116,116,143,0,2,5,météo très défavorable
2009-12-03,2,1,31,2,2,1,13.8,99,6,1011,93.625,2,2,-4,122,122,248,0,1,3.2,météo très défavorable
2009-12-04,2,0,23,0,1,0,1.1,95,8.25,1018,84.625,2,2,-6,122,122,119,0.7,1,3.2,météo très défavorable
2009-12-05,-1,-3,10,-3,-1,-2,0,82,10,1023,43.125,0,0,-4,116,116,116,0,2,8.4,météo très défavorable
2009-12-06,-1,-4,23,-4,-1,-3,0,77,10,1019,56.625,0,0,-8,119,119,116,0,1,5,météo très défavorable
2009-12-07,-4,-9,14,-6,-4,-7,0,70,10,1024,31.5,0,0,-9,113,113,116,0,2,8.4,météo très défavorable
2009-12-08,-6,-10,19,-9,-6,-9,0,86,10,1028,37.875,0,0,-13,113,116,113,0,2,8.4,météo très défavorable
2009-12-09,-7,-11,39,-9,-7,-8,7.6,97,7.5,1028,58.875,0,0,-17,113,122,122,0,2,5,météo très défavorable
2009-12-10,-1,-8,31,-5,-2,-5,2.6,96,5.5,993,100,0,0,-11,143,122,122,1,1,3.1,météo très défavorable
2009-12-11,-9,-12,33,-11,-9,-11,1.1,97,5.25,1010,100,0,0,-20,122,122,122,0,1,3.1,météo très défavorable
2009-12-12,-10,-14,29,-14,-10,-11,0.2,95,9,1028,72.125,0,0,-22,119,119,119,0.1,1,3.1,météo très défavorable
2009-12-13,-2,-8,13,-7,-4,-3,1.4,95,7.375,1026,78,0,0,-9,119,116,122,1.2,1,6.8,météo très défavorable
2009-12-14,-3,-11,12,-6,-3,-5,1,98,4.75,1018,53.5,0,0,-10,143,116,143,0.8,1,8.3,météo très défavorable
2009-12-15,-2,-4,14,-4,-2,-2,2.6,98,4.5,1015,100,0,0,-8,122,122,260,2.2,1,3.1,météo très défavorable
2009-12-16,-9,-18,23,-16,-16,-18,0,97,10,1021,77.375,0,0,-27,119,122,119,0,1,3.1,météo très défavorable
2009-12-17,-16,-19,33,-19,-16,-16,0,91,9,1023,83.125,0,0,-30,119,119,122,0,1,3.1,météo très défavorable
2009-12-18,-13,-18,22,-18,-13,-15,0,97,10,1024,46.375,0,0,-25,116,116,113,0,1,8.3,météo très défavorable
2009-12-19,-11,-16,17,-16,-11,-15,0,96,7,1017,12.875,0,0,-21,113,116,143,0,2,8.3,météo très défavorable
2009-12-20,-8,-13,17,-12,-8,-10,0,93,7,1014,57.625,0,0,-16,143,119,119,0,1,3.1,météo très défavorable
2009-12-21,-8,-11,18,-11,-8,-9,1.2,96,7.625,1009,80.375,0,0,-17,119,119,122,1,1,3.3,météo très défavorable
2009-12-22,-9,-11,14,-11,-9,-9,4.6,98,2.25,1017,94.75,0,0,-16,143,260,260,4,1,3.3,météo très défavorable
2009-12-23,-2,-9,6,-8,-5,-3,3.2,98,1.625,1022,98.625,0,0,-11,260,260,143,2.7,1,3.3,météo très défavorable
2009-12-24,0,-6,7,-3,0,-5,0,97,3,1032,46.625,0,0,-5,143,143,143,0,1,8.7,météo très défavorable
2009-12-25,-3,-9,12,-9,-3,-6,0,96,4,1034,24,0,0,-10,143,143,116,0,1,8.7,météo très défavorable
2009-12-26,-5,-8,21,-8,-5,-6,0,97,9,1034,37.125,0,0,-14,116,116,143,0,2,8.7,météo très défavorable
2009-12-27,0,-3,20,-1,0,0,12.3,100,6,1026,96.125,1,1,-5,122,122,248,0.7,1,3.3,météo très défavorable
2009-12-28,-2,-7,13,-4,-2,-4,0.6,97,7,1004,73.625,0,0,-7,260,122,116,0.5,2,3.3,météo très défavorable
2009-12-29,-6,-19,35,-14,-15,-17,0.2,95,6.75,1018,63.125,0,0,-28,119,119,119,0,1,3.3,météo très défavorable
2009-12-30,-14,-21,17,-21,-16,-15,0,99,6.25,1026,76.375,0,0,-29,116,119,260,0,1,3.3,météo très défavorable
2009-12-31,-6,-14,9,-12,-6,-8,0,97,3.5,1025,64.75,0,0,-13,143,143,143,0,1,5.1,météo très défavorable
2010-01-01,-4,-8,15,-6,-4,-6,3.2,98,2.5,1018,92.875,0,0,-11,260,122,338,2.7,1,3.3,météo très défavorable
2010-01-02,-6,-8,16,-8,-6,-8,2.9,97,8,1010,72.25,0,0,-13,116,122,119,2.5,1,3.3,météo très défavorable
2010-01-03,0,-3,27,-2,-1,-2,2,97,7.375,999,79.125,0,0,-7,119,119,119,0.5,1,3.3,météo très défavorable
2010-01-04,0,-3,13,-3,0,-1,0.1,97,7.125,1002,66.125,0,0,-6,116,119,143,0.1,2,5.1,météo très défavorable
2010-01-05,-2,-5,13,-3,-3,-4,0.4,97,3.25,1003,83,0,0,-7,260,119,119,0.3,1,3.3,météo très défavorable
2010-01-06,-3,-5,23,-5,-3,-3,0.9,97,7.375,1000,86.375,0,0,-10,119,122,122,0.8,1,3.3,météo très défavorable
2010-01-07,-4,-8,26,-6,-5,-7,0.3,96,8.125,1008,91.875,0,0,-14,119,122,122,0.3,1,3.3,météo très défavorable
2010-01-08,-6,-10,11,-9,-6,-8,0,96,5,1010,89.625,0,0,-11,143,143,119,0,1,3.3,météo très défavorable
2010-01-09,-12,-19,21,-17,-14,-18,0,96,7.75,1022,38.625,0,0,-24,116,113,143,0,2,8.7,météo très défavorable
2010-01-10,-13,-20,13,-20,-14,-14,0.2,99,3,1024,64.75,0,0,-24,143,116,260,0.2,1,5.1,météo très défavorable
2010-01-11,-6,-11,15,-9,-6,-9,0.4,97,7.5,1016,80.25,0,0,-12,260,122,116,0.4,1,3.3,météo très défavorable
2010-01-12,-12,-18,18,-15,-14,-16,0,96,10,1018,42.625,0,0,-23,116,119,113,0,2,5.1,météo très défavorable
2010-01-13,-13,-20,11,-20,-13,-17,0,95,5,1022,19.125,0,0,-22,143,143,143,0,2,8.7,météo très défavorable
2010-01-14,-5,-24,10,-22,-8,-7,0.3,99,5.25,1024,41.5,0,0,-14,143,143,260,0.3,1,5.1,météo très défavorable
2010-01-15,0,-7,23,-1,0,-4,0.6,98,8.375,1017,83.25,0,0,-7,122,122,116,0.5,1,3.4,météo très défavorable
2010-01-16,0,-12,27,-2,0,-5,2.3,97,7.125,1022,82.375,0,0,-8,122,122,113,0.5,1,3.4,météo très défavorable
2010-01-17,-8,-15,16,-14,-9,-9,0,95,9,1026,63.75,0,0,-18,116,119,119,0,2,3.4,météo très défavorable
2010-01-18,-5,-8,12,-8,-5,-6,0,97,4.25,1015,73.5,0,0,-12,119,143,260,0,1,6.9,météo très défavorable
2010-01-19,-3,-15,8,-4,-3,-15,0,97,1.75,1014,68.25,0,0,-6,260,143,260,0,1,5.2,météo très défavorable
2010-01-20,-3,-14,10,-9,-3,-12,0,99,1.25,1018,47.875,0,0,-13,143,143,260,0,1,8.7,météo très défavorable
2010-01-21,-5,-8,16,-8,-5,-6,0,97,8,1021,57.125,0,0,-13,113,119,119,0,1,5.2,météo très défavorable
2010-01-22,-6,-15,13,-12,-6,-13,0,94,6.75,1025,17.625,0,0,-14,260,113,113,0,2,8.7,météo très défavorable
2010-01-23,-7,-17,10,-16,-7,-14,0,95,6,1028,12,0,0,-13,113,143,143,0,2,8.7,météo très défavorable
2010-01-24,-3,-16,11,-16,-3,-6,0,94,9,1025,24,0,0,-8,116,143,113,0,2,8.7,météo très défavorable
2010-01-25,1,-4,30,1,1,1,18.1,100,6.25,1013,100,2,2,-4,122,122,248,0,1,3.5,météo très défavorable
2010-01-26,1,-2,23,0,-1,0,1.2,98,8,1000,100,1,1,-7,122,122,122,1,1,3.5,météo très défavorable
2010-01-27,-5,-13,19,-8,-5,-8,0.4,96,7.625,1016,55,0,0,-12,119,119,113,0.3,2,5.2,météo très défavorable
2010-01-28,-4,-8,12,-8,-4,-5,1.9,96,3.75,1015,80.75,0,0,-10,119,143,260,1.6,1,5.2,météo très défavorable
2010-01-29,-8,-19,31,-17,-18,-19,1.8,98,5.5,1016,100,0,0,-31,122,122,122,0.9,1,3.5,météo très défavorable
2010-01-30,-17,-20,19,-20,-17,-19,0,98,7.5,1023,83.5,0,0,-29,119,119,260,0,1,3.5,météo très défavorable
2010-01-31,-12,-19,18,-18,-13,-12,0.6,98,6.25,1017,97.25,0,0,-24,260,122,122,0.5,1,3.5,météo très défavorable
2010-02-01,-12,-20,24,-18,-15,-15,0.9,97,6.75,1020,75.25,0,0,-29,116,122,122,0.8,1,3.5,météo très défavorable
2010-02-02,-18,-28,11,-28,-18,-27,0,100,1,1027,32.125,0,0,-28,143,143,260,0,1,8.7,météo très défavorable
2010-02-03,-10,-22,9,-20,-10,-13,0.2,97,2.375,1021,74.75,0,0,-16,260,119,260,0.2,1,7,météo très défavorable
2010-02-04,-10,-17,26,-17,-13,-13,0,96,10,1023,75.625,0,0,-25,116,122,119,0,1,3.6,météo très défavorable
2010-02-05,-13,-17,22,-17,-13,-15,0,95,9,1023,61.375,0,0,-23,119,119,116,0,2,3.6,météo très défavorable
2010-02-06,-12,-19,14,-19,-12,-15,0,96,5,1021,30.875,0,0,-20,143,116,113,0,1,8.7,météo très défavorable
2010-02-07,-9,-14,15,-13,-9,-10,0.4,96,8.25,1011,64.5,0,0,-17,119,122,143,0.3,1,3.6,météo très défavorable
2010-02-08,-4,-8,21,-8,-4,-5,0,96,10,1009,71.25,0,0,-12,119,119,119,0,2,3.6,météo très défavorable
2010-02-09,-2,-7,14,-5,-2,-4,0,97,8,1015,56.125,0,0,-8,116,119,143,0.1,2,3.9,météo très défavorable
2010-02-10,-3,-11,15,-10,-3,-7,0,96,6,1010,26.625,0,0,-10,143,116,116,0,1,8.7,météo très défavorable
2010-02-11,-3,-9,13,-9,-3,-5,0,96,5,1004,67.125,0,0,-10,116,119,143,0,2,5.5,météo très défavorable
2010-02-12,-4,-8,14,-8,-4,-5,0.2,97,4.875,1007,88.375,0,0,-11,143,119,122,0.1,1,3.9,météo très défavorable
2010-02-13,-3,-7,17,-6,-3,-6,0.1,97,10,1004,75.25,0,0,-10,119,119,119,0,1,4,météo très défavorable
2010-02-14,-4,-7,18,-7,-4,-6,0.5,97,8.375,995,96.25,0,0,-12,122,122,122,0.5,1,4,météo très défavorable
2010-02-15,-4,-7,16,-7,-4,-4,0.8,98,6.5,1005,100,0,0,-12,122,122,260,0.7,1,4,météo très défavorable
2010-02-16,-3,-11,4,-11,-3,-8,0.3,98,4.25,1004,81.875,0,0,-7,260,143,143,0.3,1,4,météo très défavorable
2010-02-17,-1,-8,11,-8,-1,-2,0.3,98,4.75,996,76.625,0,0,-5,260,143,119,0.2,1,4,météo très défavorable
2010-02-18,0,-2,21,0,0,-1,1,99,6.125,993,80.5,0,0,-6,119,119,122,0.9,1,4,météo très défavorable
2010-02-19,0,-4,21,-4,-1,0,1.5,97,7.375,1005,90,0,0,-9,122,122,119,1.2,1,4,météo très défavorable
2010-02-20,0,-5,18,-1,0,-3,0.2,97,8.75,1008,72.125,0,0,-7,119,119,116,0.3,1,4,météo très défavorable
2010-02-21,0,-6,12,-6,0,0,1.4,98,2.875,1011,86.625,0,0,-8,143,260,119,1.1,1,4.1,météo très défavorable
2010-02-22,0,-2,9,-1,0,-1,0.1,99,3.625,1016,76.75,0,0,-3,143,248,143,0.1,1,4.1,météo très défavorable
2010-02-23,0,-1,15,0,0,0,0.1,99,8.125,1017,84.875,0,0,-5,122,122,119,0.1,1,5.6,météo très défavorable
2010-02-24,0,-2,22,-2,-1,-1,5,97,7.375,1019,93,0,0,-7,119,122,122,4.3,1,4.1,météo très défavorable
2010-02-25,0,-3,36,-2,-2,-1,7.2,97,5.75,1016,100,0,0,-10,122,122,122,0,1,4.1,météo très défavorable
2010-02-26,-1,-2,39,-2,-1,-1,2.8,97,5.375,1006,91.125,0,0,-10,122,122,122,0,1,4.1,météo très défavorable
2010-02-27,0,-1,27,-1,0,0,0.9,99,6.75,1007,90.875,0,0,-7,122,119,122,0.8,1,4.1,météo très défavorable
2010-02-28,0,-2,16,-2,0,-1,0.7,99,5.5,1007,84,0,0,-5,119,248,260,0.6,1,4.1,météo très défavorable
2010-03-01,0,-2,21,-1,0,-1,0.1,99,9.375,1013,71.5,0,0,-6,119,116,116,0.1,1,7.2,météo très défavorable
2010-03-02,0,-4,7,-4,0,-1,0.2,99,3.75,1016,66.75,0,0,-4,143,248,143,0.2,1,4.2,météo très défavorable
2010-03-03,-1,-6,15,-6,-1,-3,0,96,7,1014,57.375,0,0,-7,143,119,116,0,1,4.2,météo très défavorable
2010-03-04,-2,-6,21,-6,-2,-5,0,95,9,1017,53.75,0,0,-9,116,116,143,0,2,7.2,météo très défavorable
2010-03-05,-2,-10,16,-10,-2,-7,0,93,10,1023,7.75,0,0,-11,113,113,113,0,2,8.7,météo très défavorable
2010-03-06,0,-7,21,-5,0,0,0,98,9,1022,25.125,0,0,-5,113,113,116,0,2,7.2,météo très défavorable
2010-03-07,1,-3,19,-2,1,1,0.7,99,8.25,1013,74,1,1,-4,116,122,122,0.3,1,4.2,météo très défavorable
2010-03-08,0,-4,25,-1,0,-2,0.3,97,9.375,1008,71.25,0,0,-6,116,119,119,0.2,1,4.2,météo très défavorable
2010-03-09,-3,-8,13,-8,-3,-5,0,93,10,1016,35.875,0,0,-10,113,119,116,0,2,4.2,météo très défavorable
2010-03-10,-2,-12,14,-9,-2,-6,0,94,3.75,1021,21.5,0,0,-8,143,116,143,0,1,8.7,météo très défavorable
2010-03-11,1,-8,7,-6,1,-4,0,97,5.75,1025,35.5,1,1,-2,116,143,260,0,2,7.2,météo très défavorable
2010-03-12,0,-6,14,-6,0,-4,0,94,10,1028,2.25,1,0,-6,113,113,113,0,2,8.7,météo très défavorable
2010-03-13,1,-5,18,-4,1,-1,0,96,10,1028,6.375,1,1,-5,113,113,113,0,2,8.7,météo très défavorable
2010-03-14,2,-3,27,-2,2,0,0,87,10,1024,15.75,2,0,-6,113,113,113,0,2,11.5,météo très défavorable
2010-03-15,6,-1,25,0,6,1,0,75,10,1020,29.75,6,0,0,116,116,113,0,2,11.6,météo très défavorable
2010-03-16,8,-1,10,1,8,2,0,87,8,1019,2.875,9,6,6,113,113,143,0,2,11.6,météo très défavorable
2010-03-17,6,-2,25,0,6,5,0.5,87,9.375,1016,35.375,6,5,0,113,116,116,0,2,10.2,météo très défavorable
2010-03-18,5,-1,19,3,5,1,1,81,9.875,1008,47.875,5,3,0,116,116,113,0,1,11.6,météo très défavorable
2010-03-19,5,-2,9,-1,4,5,1.6,99,6,1010,66.125,5,5,-1,116,143,119,0,2,7.4,météo très défavorable
2010-03-20,3,-6,18,1,3,-3,0.9,89,6.625,1024,43.875,3,3,-3,143,116,113,0,1,11.6,météo très défavorable
2010-03-21,1,-12,5,-8,1,-9,0,88,6.75,1026,22.5,1,0,-3,116,116,143,0,1,11.6,météo très défavorable
2010-03-22,1,-11,7,-3,1,0,0,98,1.75,1021,54.5,1,1,-1,143,248,260,0,1,11.8,météo très défavorable
2010-03-23,-2,-5,34,-5,-3,-2,10.8,97,6.5,1022,91.75,0,0,-12,122,122,122,2.1,1,7.9,météo très défavorable
2010-03-24,0,-2,23,-2,0,-1,3,95,6.625,1009,69.25,0,0,-6,143,119,113,2.6,1,9.2,météo très défavorable
2010-03-25,2,-7,27,-4,2,-2,0.9,99,7.875,1011,34.125,2,2,-4,143,116,113,0,2,11.9,météo très défavorable
2010-03-26,-9,-14,18,-14,-9,-11,0,78,10,1026,27.75,0,0,-19,113,116,113,0,2,12.7,météo très défavorable
2010-03-27,-5,-12,13,-12,-5,-12,0,57,10,1032,23.125,0,0,-10,113,113,116,0,2,12.7,météo très défavorable
2010-03-28,1,-8,19,-6,1,-1,0.3,90,9.375,1028,56.875,1,0,-6,119,116,122,0.1,2,11.9,météo très défavorable
2010-03-29,1,-1,10,0,1,1,9.2,100,2.875,1018,91.5,1,1,-3,248,248,248,0,1,8,météo très défavorable
2010-03-30,0,-3,26,-2,0,0,0.3,99,7.875,1020,35.625,1,0,-6,113,116,119,0,1,12.8,météo très défavorable
2010-03-31,3,-1,21,1,3,-1,0.7,99,6.5,1018,82.25,3,2,-4,122,119,260,0,1,8,météo très défavorable
2010-04-01,3,0,3,1,2,1,0,100,0.25,1021,91.5,3,3,2,248,248,248,0,1,8.1,météo très défavorable
2010-04-02,14,-1,6,4,14,7,0,92,7.75,1020,20.625,16,14,12,116,113,143,0,3,12.9,météo très défavorable
2010-04-03,18,4,8,7,17,10,0,97,3.25,1016,61.5,19,16,13,248,116,143,0,3,11.9,météo correcte
2010-04-04,12,4,21,10,12,7,0,83,8.75,1017,34.5,12,9,9,116,113,113,0,2,13,météo très défavorable
2010-04-05,8,2,8,4,8,6,2.1,91,8,1017,50.125,8,6,4,116,116,248,0,3,13,météo très défavorable
2010-04-06,11,5,9,5,11,7,0.2,84,7.125,1013,46.875,11,8,9,113,116,248,0,2,13.1,météo très défavorable
2010-04-07,10,4,10,7,10,6,1.9,92,6.75,1010,57,11,8,6,248,116,116,0,2,12,météo très défavorable
2010-04-08,5,0,24,0,5,4,1,86,9.875,1015,36.25,5,2,-2,113,116,119,0,2,12,météo très défavorable
2010-04-09,5,2,17,4,5,3,2.5,96,7.125,1005,83.875,5,5,1,143,122,143,0,2,8.2,météo très défavorable
2010-04-10,4,1,32,1,4,2,0.2,83,8.125,1014,60.875,4,0,-4,119,116,116,0.1,1,12,météo très défavorable
2010-04-11,7,0,33,1,7,4,0,65,10,1020,31.875,7,0,-1,113,116,116,0,2,13.2,météo très défavorable
2010-04-12,7,0,14,2,7,2,0,62,10,1030,56.75,7,0,1,119,116,119,0,2,12,météo très défavorable
2010-04-13,8,-1,9,2,8,4,0,51,10,1034,23.125,9,0,6,113,113,116,0,2,13.3,météo très défavorable
2010-04-14,9,0,24,2,9,4,0,58,10,1032,37,9,2,4,122,113,113,0,2,13.3,météo très défavorable
2010-04-15,6,-2,12,0,6,1,0,62,10,1029,11.5,6,0,1,113,113,113,0,2,13.8,météo très défavorable
2010-04-16,5,0,20,1,5,3,0.6,78,9.375,1024,55.625,5,1,-1,116,119,119,0,2,11,météo très défavorable
2010-04-17,2,0,21,0,0,0,6.8,98,6.375,1011,75,2,0,-5,122,122,143,5.7,2,9.8,météo très défavorable
2010-04-18,4,0,18,2,4,1,1.2,90,8.75,1013,65,4,2,0,119,122,116,0,1,11,météo très défavorable
2010-04-19,10,1,16,5,10,6,0.7,78,8.375,1014,69.25,10,6,6,116,119,143,0,2,9.8,météo très défavorable
2010-04-20,12,4,19,6,12,8,0,66,8,1012,22.875,13,5,8,113,113,113,0,2,13.9,météo très défavorable
2010-04-21,11,1,6,4,11,5,0.1,66,10,1011,36.875,12,5,7,116,116,116,0,3,14,météo très défavorable
2010-04-22,10,3,9,5,10,5,0.3,76,9.875,1008,41,10,6,8,116,116,116,0,2,14,météo très défavorable
2010-04-23,10,1,12,4,10,7,0,67,10,1014,33.5,10,3,7,113,119,116,0,3,13.4,météo très défavorable
2010-04-24,10,2,17,6,8,4,3.4,95,8.5,1018,44,10,4,5,113,119,248,0,3,11.1,météo très défavorable
2010-04-25,12,3,8,5,12,7,0.1,66,10,1009,14.375,13,5,11,113,113,113,0,3,14.1,météo très défavorable
2010-04-26,9,2,19,4,9,4,0,66,10,999,26.375,9,2,4,113,116,116,0,2,13.4,météo très défavorable
2010-04-27,2,1,24,1,1,1,3.6,93,7.5,998,77.375,2,0,-4,119,119,122,2.2,2,8.8,météo très défavorable
2010-04-28,9,1,13,1,9,5,0.2,98,9,1000,64.5,9,7,-1,122,122,113,0,1,11.1,météo très défavorable
2010-04-29,7,0,31,2,7,5,0,63,10,1002,39.25,7,1,1,116,116,116,0,2,14.2,météo très défavorable
2010-04-30,13,3,27,5,13,9,0,60,10,1007,11.875,13,5,7,113,113,113,0,3,14.2,météo correcte
2010-05-01,15,3,11,8,15,10,0.9,63,8.875,1010,31.625,16,9,14,113,113,143,0,3,13.4,météo correcte
2010-05-02,19,9,15,11,19,16,0,95,3.75,1008,61.25,19,17,14,143,119,143,0,3,11.2,météo correcte
2010-05-03,18,11,32,16,16,12,5.3,95,7.25,1003,57.375,18,17,13,248,113,113,0,3,12.3,météo correcte
2010-05-04,16,8,22,12,16,11,0.2,69,9.625,1005,19.875,17,10,16,113,113,200,0,4,14.5,météo correcte
2010-05-05,14,7,17,10,14,10,1.1,95,7.75,1010,43.875,15,9,9,116,113,116,0,3,13.4,météo correcte
2010-05-06,15,6,26,12,12,8,4.5,83,8.5,1005,62.75,15,11,7,119,119,119,0,3,10.3,météo correcte
2010-05-07,9,3,24,4,9,5,0,64,10,1012,32.25,9,1,3,116,113,116,0,2,14.5,météo très défavorable
2010-05-08,9,1,19,5,6,4,7.9,98,7.375,1010,64.125,9,4,1,113,122,248,0,2,11.4,météo très défavorable
2010-05-09,4,1,29,4,4,1,1.6,82,6.625,1013,72.5,5,4,-3,116,119,119,0.2,1,10.3,météo très défavorable
2010-05-10,6,-1,20,1,6,2,0,53,10,1027,34.25,6,0,0,116,116,113,0,2,14.5,météo très défavorable
2010-05-11,9,-3,13,3,9,4,0.1,63,10,1029,32.5,9,2,6,116,116,113,0,2,13.5,météo très défavorable
2010-05-12,9,0,10,5,8,2,0,56,10,1026,35.875,9,1,7,113,122,116,0,2,12.4,météo très défavorable
2010-05-13,12,0,17,5,12,7,0,50,10,1026,3.5,12,2,7,113,113,113,0,3,14.5,météo très défavorable
2010-05-14,13,4,10,9,13,8,0.6,76,9,1020,40.875,15,7,9,113,113,119,0,3,13.5,météo correcte
2010-05-15,11,6,11,6,11,9,1.1,83,8.25,1017,65.875,11,7,6,122,116,116,0,2,12.5,météo défavorable
2010-05-16,15,4,22,8,15,11,0,48,10,1019,5.875,15,4,11,113,113,113,0,4,14.5,météo correcte
2010-05-17,18,4,7,10,18,11,0,49,10,1023,0.625,21,8,18,113,113,113,0,4,14.5,météo favorable
2010-05-18,20,5,12,12,20,13,0,62,10,1019,8.125,20,12,18,113,113,113,0,4,14.5,météo favorable
2010-05-19,17,7,12,12,17,12,0,71,10,1016,24.625,17,10,15,113,116,116,0,4,14.5,météo correcte
2010-05-20,19,8,23,15,19,12,0,61,9.875,1017,14.625,19,11,18,113,113,113,0,4,14.5,météo favorable
2010-05-21,15,3,12,9,15,9,0,45,10,1024,11,15,5,14,113,113,113,0,3,14.5,météo correcte
2010-05-22,19,3,15,13,19,13,1.6,75,10,1023,26.125,19,13,17,113,116,116,0,4,14.5,météo favorable
2010-05-23,22,13,17,15,22,17,0,68,7,1023,10.625,24,17,20,113,113,113,0,4,14.5,météo favorable
2010-05-24,23,13,19,16,23,20,0,73,6.5,1023,31.625,25,18,21,113,113,113,0,4,14.5,météo favorable
2010-05-25,26,15,20,19,25,22,6.3,77,8.5,1021,33,28,21,24,116,116,200,0,6,14.5,météo favorable
2010-05-26,24,12,12,20,24,17,0,58,8,1012,12.125,25,19,24,113,113,116,0,4,14.5,météo favorable
2010-05-27,19,7,12,13,19,13,0,52,10,1015,4.125,19,9,18,113,113,113,0,4,14.5,météo favorable
2010-05-28,19,6,5,12,19,14,0,59,10,1017,16.375,19,11,19,113,116,116,0,4,14.5,météo favorable
2010-05-29,19,9,14,13,18,15,1.7,95,9.75,1012,46.75,19,15,14,200,116,116,0,4,12.6,météo favorable
2010-05-30,16,7,26,12,16,11,0.1,47,10,1013,22.625,16,6,14,113,113,113,0,3,14.5,météo correcte
2010-05-31,14,3,12,10,11,10,0.5,76,9.375,1018,28.625,14,6,9,113,116,116,0,3,14.5,météo correcte
2010-06-01,19,9,5,11,14,13,4.5,95,8.5,1009,52.125,19,15,13,122,119,113,0,3,11.7,météo correcte
2010-06-02,19,8,24,14,19,13,2.6,94,5.25,1007,71.625,20,15,16,116,116,143,0,3,13.6,météo défavorable
2010-06-03,16,10,15,12,15,13,2.6,92,6.375,1007,67.625,16,12,11,248,116,116,0,4,11.7,météo défavorable
2010-06-04,19,7,19,14,19,16,0,61,7.5,1009,45.25,19,12,18,116,113,113,0,3,14.5,météo favorable
2010-06-05,13,8,18,12,9,8,2.5,91,8.75,1007,78.25,13,11,5,119,122,122,0,3,9.9,météo défavorable
2010-06-06,10,6,13,9,10,9,3.9,96,3.75,1004,66.625,10,9,7,116,143,248,0,2,10.8,météo défavorable
2010-06-07,16,8,25,10,16,11,1,73,8.875,1009,21.5,16,9,12,113,200,113,0,3,14.5,météo correcte
2010-06-08,14,7,20,10,13,11,0.2,67,10,1017,38.25,14,7,10,116,116,113,0,4,12.7,météo correcte
2010-06-09,17,7,7,13,17,12,0,58,10,1019,16.5,18,10,17,113,116,113,0,4,14.5,météo correcte
2010-06-10,15,9,9,11,15,10,0.3,85,9.375,1015,36.25,15,12,14,116,116,113,0,4,14.5,météo correcte
2010-06-11,19,7,17,14,19,16,0,66,8,1019,14,19,13,18,113,116,113,0,4,14.5,météo favorable
2010-06-12,17,10,3,14,14,14,0.5,98,4.875,1019,55.125,18,15,14,116,248,143,0,3,12.7,météo correcte
2010-06-13,20,10,6,15,20,15,0,67,10,1016,29.125,21,13,19,116,116,113,0,4,14.5,météo favorable
2010-06-14,16,11,16,11,14,14,3.5,95,8.5,1012,42.625,16,12,11,248,113,113,0,4,12.7,météo correcte
2010-06-15,17,5,16,11,17,14,0,47,10,1020,0.5,17,7,14,113,113,113,0,4,14.5,météo correcte
2010-06-16,17,6,13,13,17,11,3.1,82,9.75,1021,45.625,17,12,15,113,116,122,0,4,13.6,météo correcte
2010-06-17,22,10,13,13,22,19,0.8,63,8.875,1012,32,25,15,19,116,113,113,0,4,14.5,météo favorable
2010-06-18,23,13,17,17,23,21,0.1,68,10,1014,11.875,25,18,22,113,113,113,0,5,14.5,météo favorable
2010-06-19,24,12,22,18,24,18,4.7,86,7.5,1014,39.875,26,19,22,113,113,143,0,5,14.5,météo favorable
2010-06-20,22,15,13,18,22,18,1.7,86,6.125,1011,59.875,24,19,21,248,116,116,0,4,13.6,météo correcte
2010-06-21,20,11,13,16,20,17,0,54,10,1018,2.75,21,11,19,113,113,113,0,5,14.5,météo favorable
2010-06-22,22,9,10,17,22,17,0,60,10,1021,28,24,13,21,116,113,119,0,5,13.6,météo favorable
2010-06-23,21,14,12,17,20,19,0.2,83,10,1014,57.75,21,18,20,119,119,116,0,5,10.9,météo correcte
2010-06-24,20,14,21,17,20,17,7.2,96,8.25,1006,47.25,20,17,17,248,116,113,0,4,12.7,météo favorable
2010-06-25,18,9,22,14,18,15,0,55,10,1013,17.25,18,10,17,113,113,116,0,4,14.5,météo favorable
2010-06-26,18,10,19,15,17,15,0.2,63,9.875,1011,34.25,18,12,18,119,116,113,0,4,13.6,météo favorable
2010-06-27,18,8,15,12,18,13,0.1,72,8,1008,28.125,18,12,16,116,116,116,0,3,14.5,météo favorable
2010-06-28,15,12,20,13,13,14,5.1,97,7.25,1003,90.25,15,13,10,122,119,143,0,3,9.9,météo défavorable
2010-06-29,18,9,19,16,18,14,0.1,76,6.5,1012,50,19,16,16,143,116,113,0,3,14.5,météo favorable
2010-06-30,14,6,23,11,14,11,2,83,7.875,1014,31.875,14,10,8,116,116,113,0,4,13.6,météo correcte
2010-07-01,13,6,21,10,13,11,2.1,84,7,1017,55,13,10,11,119,119,293,0,3,11.8,météo correcte
2010-07-02,20,8,14,14,20,18,0.5,71,9.375,1021,17.125,20,15,19,113,113,116,0,5,14.5,météo favorable
2010-07-03,24,14,22,14,22,22,1.7,78,9.875,1016,37.25,26,19,19,119,113,113,0,4,13.6,météo favorable
2010-07-04,23,16,21,18,23,19,1,84,9,1011,36.25,25,20,22,116,119,116,0,5,13.6,météo correcte
2010-07-05,25,16,22,20,25,23,4.6,90,6.625,1011,52,26,23,24,143,116,116,0,5,14.5,météo favorable
2010-07-06,27,19,10,22,27,23,0,72,6.5,1015,41.75,29,22,27,113,116,113,0,5,14.5,météo favorable
2010-07-07,28,18,18,24,28,24,0.8,74,7.5,1015,25.625,31,23,27,113,113,113,0,5,14.5,météo idéale
2010-07-08,28,18,17,24,28,25,0.1,68,7.5,1016,34.5,31,23,28,116,113,113,0,5,14.5,météo favorable
2010-07-09,26,19,15,23,25,22,5.2,98,7.25,1013,41.375,28,23,22,113,116,116,0,5,14.5,météo favorable
2010-07-10,24,16,14,19,24,20,2.9,72,8.5,1011,28.875,25,18,22,113,113,113,0,4,14.5,météo idéale
2010-07-11,26,12,3,20,26,20,0,66,10,1013,8.625,28,19,26,113,113,113,0,5,14.5,météo favorable
2010-07-12,26,13,18,21,26,21,0.2,66,8,1012,9.625,27,20,25,113,113,113,0,6,14.5,météo favorable
2010-07-13,24,14,11,19,24,19,2.2,90,6.875,1014,39.625,26,21,22,116,116,143,0,4,13.5,météo favorable
2010-07-14,25,16,10,19,25,19,0,70,6.5,1017,47.125,27,18,23,143,116,113,0,5,14.5,météo favorable
2010-07-15,26,13,10,20,26,19,0,60,10,1018,14,27,18,25,113,113,116,0,6,14.5,météo favorable
2010-07-16,22,20,20,22,21,21,6,97,8.5,1012,52.375,25,21,21,116,119,116,0,6,12.5,météo correcte
2010-07-17,23,17,26,20,23,20,4,93,9.375,1005,28.375,25,21,22,116,116,200,0,6,14.5,météo favorable
2010-07-18,21,15,24,16,21,19,0,76,9,1008,48,24,16,20,119,119,113,0,5,12.5,météo correcte
2010-07-19,21,11,14,15,21,18,1.1,94,6.375,1010,53.5,24,17,16,116,116,113,0,4,14.5,météo favorable
2010-07-20,22,12,15,17,22,18,0,57,8,1014,6.125,25,15,21,113,113,113,0,4,14.5,météo favorable
2010-07-21,22,10,10,17,21,15,4.2,91,8.5,1014,45.75,25,16,17,116,116,248,0,5,13.5,météo favorable
2010-07-22,23,13,14,16,23,18,0.2,73,8,1013,21.625,25,15,20,116,113,113,0,4,14.5,météo favorable
2010-07-23,23,10,8,17,23,16,0.1,66,10,1015,11.125,25,16,22,113,113,113,0,5,14.5,météo favorable
2010-07-24,23,17,15,17,23,20,1,76,9.75,1010,35.25,25,19,22,113,119,116,0,5,13.5,météo correcte
2010-07-25,21,14,23,18,21,16,1.2,66,9.875,1007,25.625,24,19,20,116,113,113,0,4,14.5,météo favorable
2010-07-26,21,14,32,15,20,18,0,61,10,1010,27,24,11,18,113,116,113,0,5,14.5,météo favorable
2010-07-27,24,13,14,17,24,19,0,54,10,1015,6.875,25,15,21,113,113,113,0,5,14.5,météo favorable
2010-07-28,26,18,31,19,26,18,3.7,93,9.875,1012,36.75,27,18,19,116,113,119,0,6,13.5,météo favorable
2010-07-29,17,11,22,14,17,14,0.3,65,8.75,1012,41.75,18,16,16,116,116,116,0,4,14.5,météo correcte
2010-07-30,18,8,17,13,17,13,0.2,62,7.5,1015,52.5,18,9,16,116,116,113,0,3,13.5,météo favorable
2010-07-31,22,3,10,14,22,14,0,48,7,1016,9.125,24,12,21,113,113,113,0,3,14.5,météo favorable
2010-08-01,24,5,10,17,24,12,0,48,9,1018,9.125,25,12,23,113,113,113,0,4,14.5,météo favorable
2010-08-02,24,9,10,17,24,19,8.5,80,7.125,1019,39.125,26,19,23,116,116,143,0,5,14.5,météo correcte
2010-08-03,22,17,12,19,22,18,9.4,85,5.75,1015,67.375,25,20,22,248,116,143,0,4,13.5,météo défavorable
2010-08-04,23,17,21,19,23,21,4,89,6.25,1008,62.125,26,21,21,248,116,116,0,5,11.4,météo correcte
2010-08-05,26,18,22,20,26,21,1.9,87,6.375,1003,48.75,27,20,22,143,113,113,0,5,12.4,météo favorable
2010-08-06,18,9,24,16,18,12,0.2,66,8.75,1008,39,18,16,17,116,113,113,0,5,14.5,météo favorable
2010-08-07,16,5,20,11,16,12,0,47,10,1013,22.75,16,8,14,113,116,113,0,4,14.5,météo correcte
2010-08-08,18,9,16,13,16,17,2.9,94,9.875,1013,61.25,18,16,16,116,119,119,0,4,10.3,météo correcte
2010-08-09,24,15,19,17,24,18,0.9,84,6.375,1013,43.375,25,17,20,248,113,113,0,4,13.4,météo favorable
2010-08-10,24,11,22,17,24,17,0,56,9,1012,14.875,25,14,23,113,119,113,0,5,13.4,météo correcte
2010-08-11,23,9,5,16,23,15,0,50,7.75,1015,24.375,25,15,22,113,113,113,0,4,14.5,météo favorable
2010-08-12,23,8,8,15,23,12,0,44,10,1017,19.875,25,10,21,116,113,113,0,4,14.5,météo favorable
2010-08-13,25,9,8,16,25,12,0,52,10,1019,14.75,26,14,23,113,113,113,0,5,14.2,météo favorable
2010-08-14,25,10,11,18,25,17,0.1,63,10,1019,36.75,26,16,23,116,113,116,0,5,14.2,météo favorable
2010-08-15,26,15,12,19,26,20,0.1,53,10,1016,33.75,27,17,24,113,113,119,0,6,13.4,météo favorable
2010-08-16,22,16,17,16,21,19,5.4,90,5.125,1012,72.875,25,20,19,143,200,248,0,4,10,météo défavorable
2010-08-17,21,13,21,16,21,16,1.9,78,6.5,1014,46.125,24,16,20,119,116,113,0,4,13.4,météo favorable
2010-08-18,21,10,14,16,21,15,0.1,57,6.75,1017,26.625,24,15,21,116,113,113,0,4,14,météo favorable
2010-08-19,24,9,13,15,24,16,3.9,59,7.25,1014,43.125,25,15,22,113,113,116,0,4,14,météo favorable
2010-08-20,20,8,17,10,20,13,0,51,8.75,1015,28.75,20,12,16,113,113,113,0,4,14,météo favorable
2010-08-21,21,7,15,13,21,13,0,63,8.75,1018,22.25,24,12,19,113,113,116,0,4,13.9,météo favorable
2010-08-22,16,9,13,13,16,14,2.1,88,7.75,1021,59.375,16,13,14,116,116,116,0,3,12.2,météo correcte
2010-08-23,21,12,17,15,21,14,0,63,9,1023,28.75,21,13,19,116,113,113,0,4,13.9,météo favorable
2010-08-24,24,11,8,16,24,12,0,60,7.75,1023,17.375,25,15,23,113,113,113,0,4,13.9,météo favorable
2010-08-25,20,8,9,15,19,13,1.3,89,4.75,1019,53.25,20,14,16,113,119,248,0,3,11,météo correcte
2010-08-26,21,10,18,16,21,15,0.4,76,6.375,1012,48.5,24,16,20,143,113,116,0,4,13.3,météo favorable
2010-08-27,19,8,19,11,19,13,0.8,52,7.375,1017,41.125,19,12,16,113,113,116,0,3,13.8,météo favorable
2010-08-28,22,11,16,13,20,17,0.2,88,6.25,1018,65.75,25,16,16,248,116,116,0,4,12,météo défavorable
2010-08-29,27,16,26,17,27,21,0.1,65,7.75,1018,34,28,19,23,119,113,113,0,5,13.3,météo favorable
2010-08-30,27,15,21,19,27,21,0,62,8,1019,8.75,28,19,24,113,113,113,0,5,13.3,météo idéale
2010-08-31,29,18,23,21,29,23,0,67,7.75,1017,30.375,31,20,27,116,116,113,0,5,13.2,météo favorable
2010-09-01,29,19,23,21,29,23,0,74,7.75,1014,34.75,30,20,25,116,113,113,0,5,13.2,météo favorable
2010-09-02,25,18,11,21,25,19,3.6,83,8.25,1012,54.125,27,21,23,119,116,116,0,6,12,météo favorable
2010-09-03,27,18,16,20,27,20,3.4,81,8.5,1010,50.5,28,21,24,119,113,113,0,5,12,météo favorable
2010-09-04,19,11,25,18,19,13,2,96,6.875,998,53.875,20,19,19,248,113,113,0,4,12,météo favorable
2010-09-05,13,7,27,10,12,9,2.8,92,9.5,1013,72.875,13,10,8,122,119,116,0,3,10.7,météo défavorable
2010-09-06,18,6,24,9,18,13,2,82,7.25,1017,73.875,18,12,10,122,116,119,0,3,12,météo défavorable
2010-09-07,18,12,11,13,18,13,9,98,4.25,1016,92.25,18,16,15,248,119,248,0,3,9.4,météo défavorable
2010-09-08,18,10,16,15,18,13,7.8,94,6,1008,71.375,18,17,17,248,116,248,0,3,10.7,météo défavorable
2010-09-09,13,8,12,11,13,10,1.8,89,4.875,1008,72.875,14,12,12,248,116,116,0,3,11.9,météo défavorable
2010-09-10,17,7,9,10,17,9,0.3,78,7,1013,49.75,17,10,13,116,116,116,0,3,12.9,météo correcte
2010-09-11,20,5,6,11,20,9,0,49,10,1019,1.375,24,10,20,113,113,113,0,4,12.9,météo favorable
2010-09-12,18,5,13,10,18,11,0,64,10,1020,44.375,18,9,14,116,116,113,0,4,11.9,météo favorable
2010-09-13,14,9,9,9,13,11,4,98,5.375,1015,93.5,14,13,10,248,143,248,0,3,8,météo défavorable
2010-09-14,14,7,15,10,14,9,2.3,96,3.125,1010,91.25,14,12,11,248,122,248,0,3,7.5,météo défavorable
2010-09-15,13,5,19,7,13,8,0.1,66,6.25,1017,60.25,13,7,10,116,116,113,0,2,11.6,météo correcte
2010-09-16,11,5,14,7,11,6,2.5,80,5.125,1018,85,11,6,9,119,119,248,0,2,7.5,météo très défavorable
2010-09-17,16,4,9,6,16,7,0.2,58,7.375,1020,28.375,18,9,16,248,113,113,0,2,10.2,météo correcte
2010-09-18,17,2,18,7,17,10,0.6,65,7,1023,18.375,17,9,13,113,113,143,0,3,11.6,météo correcte
2010-09-19,16,5,12,10,16,6,0.6,63,7.125,1020,29,16,10,14,143,113,113,0,3,11.6,météo correcte
2010-09-20,15,3,17,7,15,7,0,53,10,1019,12.75,15,5,12,113,116,113,0,3,11.6,météo correcte
2010-09-21,13,3,15,6,13,8,0.8,63,6.75,1019,44.375,13,7,10,113,116,116,0,2,11.6,météo correcte
2010-09-22,18,7,27,14,18,11,0.2,79,10,1016,37.625,18,13,17,119,113,113,0,3,10.2,météo favorable
2010-09-23,13,4,19,6,13,8,0,54,8,1024,21.5,13,5,10,113,113,116,0,2,11.6,météo correcte
2010-09-24,11,6,12,6,8,8,12.5,99,5.625,1022,92.625,11,11,4,143,248,248,0,2,6,météo défavorable
2010-09-25,16,8,18,12,16,10,3.5,95,5.375,1015,81,16,14,13,248,116,143,0,3,8.8,météo défavorable
2010-09-26,12,5,16,5,12,6,0,76,7,1024,48.875,12,5,5,119,116,113,0,2,10.2,météo très défavorable
2010-09-27,17,4,13,8,17,13,2.2,76,6.375,1024,64.25,18,13,14,116,116,143,0,3,11.6,météo correcte
2010-09-28,19,11,13,13,19,17,16.7,98,4.75,1011,84.25,19,19,16,248,119,248,0,4,7.4,météo très défavorable
2010-09-29,16,11,21,14,15,12,1.1,96,6.75,1014,85.5,16,16,12,119,122,116,0,3,5.9,météo défavorable
2010-09-30,16,9,6,12,14,14,21.7,99,2.375,1014,88.125,16,16,14,143,248,248,0,3,7.3,météo très défavorable
2010-10-01,15,9,13,11,13,10,5.8,98,4.5,1008,85.75,15,14,11,248,116,248,0,3,5.9,météo défavorable
2010-10-02,10,2,21,6,10,4,0,71,5.5,1019,41.25,10,7,6,143,116,113,0,2,11.6,météo très défavorable
2010-10-03,11,1,10,3,11,3,0,64,7.5,1028,27.625,12,6,6,113,113,113,0,1,11.6,météo très défavorable
2010-10-04,13,0,6,4,13,2,0,68,8,1030,0.5,15,9,12,113,113,113,0,2,11.6,météo très défavorable
2010-10-05,17,1,8,7,17,8,0,72,10,1023,0,18,12,17,113,113,113,0,3,11.6,météo très défavorable
2010-10-06,13,5,17,6,13,8,0.6,74,7.125,1025,42.125,13,7,9,116,113,116,0,2,11.6,météo correcte
2010-10-07,9,5,20,7,9,6,2.3,95,6.75,1003,58.75,9,8,5,143,119,113,0,2,7.3,météo très défavorable
2010-10-08,9,3,30,5,9,4,0.4,77,10,1005,39,9,5,4,116,116,113,0,3,10.1,météo très défavorable
2010-10-09,7,1,26,1,7,2,0,67,10,1011,36.625,7,1,2,113,119,113,0,2,8.7,météo très défavorable
2010-10-10,9,1,27,2,9,6,0.2,80,7.875,1010,41.25,9,5,2,122,116,143,0,2,10.1,météo très défavorable
2010-10-11,9,2,17,3,9,3,0,72,5.5,1010,50.875,10,3,4,113,116,143,0,1,10.1,météo très défavorable
2010-10-12,9,1,12,3,9,4,0,74,6,1012,33,10,4,5,113,116,143,0,1,11.5,météo très défavorable
2010-10-13,10,2,11,3,10,3,0,74,5.5,1016,42,10,5,8,113,116,143,0,1,11,météo très défavorable
2010-10-14,11,3,9,5,11,5,0.1,79,6.75,1017,46.375,11,5,8,116,116,113,0,2,8.7,météo très défavorable
2010-10-15,6,3,30,6,4,3,9.6,98,7.125,1010,83,6,6,-2,143,122,122,0,1,4,météo très défavorable
2010-10-16,8,2,14,4,8,3,0.5,84,5.5,1008,73.625,8,4,3,143,116,248,0,1,8.7,météo très défavorable
2010-10-17,8,2,20,3,8,3,0.2,86,6.125,1007,61.5,8,6,3,248,119,113,0,1,5.5,météo très défavorable
2010-10-18,5,-1,28,1,5,1,0.2,70,10,1008,35,5,1,0,116,116,113,0,2,7.1,météo très défavorable
2010-10-19,8,-2,24,-1,8,2,0.4,79,7.625,1010,36.375,8,2,2,116,122,113,0,1,7.1,météo très défavorable
2010-10-20,6,3,17,3,6,6,3.9,95,7.375,1009,79.625,7,6,1,122,119,248,0,1,5.5,météo très défavorable
2010-10-21,6,1,12,3,5,3,6.3,99,4.5,1002,84,6,5,3,248,248,116,0,1,3.9,météo très défavorable
2010-10-22,4,-2,33,-1,4,-1,0,76,10,1009,42,4,0,-3,116,116,116,0,2,7.1,météo très défavorable
2010-10-23,6,-2,25,-1,6,0,0,69,10,1020,18.375,6,0,-1,113,113,113,0,2,8.7,météo très défavorable
2010-10-24,6,-2,8,-1,6,0,0,66,10,1023,27.125,6,0,2,113,116,113,0,2,8.7,météo très défavorable
2010-10-25,5,0,9,1,5,3,4.4,98,8.25,1018,86,5,4,1,122,122,248,0,2,3.8,météo très défavorable
2010-10-26,7,4,13,5,7,5,1.3,97,4.125,1014,95.875,7,6,4,248,143,248,0,2,3.8,météo très défavorable
2010-10-27,12,7,18,10,12,8,4.3,99,5.5,1011,67.5,12,11,10,248,116,113,0,2,5.4,météo défavorable
2010-10-28,7,5,15,6,6,7,3,97,5.75,1008,22.75,7,7,4,143,143,116,0,3,8.7,météo très défavorable
2010-10-29,7,0,15,4,7,2,0.5,93,5.625,1010,88.5,7,5,2,248,119,119,0,1,3.8,météo très défavorable
2010-10-30,3,-3,18,-2,3,-2,0,66,10,1011,31.875,3,0,-3,116,116,116,0,2,8.7,météo très défavorable
2010-10-31,3,-3,15,-2,3,-2,0,65,9,1016,57.625,3,0,-3,116,119,119,0,2,5.4,météo très défavorable
2010-11-01,5,-3,11,0,5,-3,0.3,78,6.625,1028,46.375,5,0,-2,116,116,143,0,1,8.7,météo très défavorable
2010-11-02,5,-4,10,-3,5,-3,0,75,8,1031,2,5,0,-1,113,113,143,0,2,8.7,météo très défavorable
2010-11-03,5,-3,17,-3,5,-3,0,90,4.75,1026,13.25,5,0,0,143,113,143,0,1,8.7,météo très défavorable
2010-11-04,6,-3,12,-1,6,1,3,93,7.5,1014,69.75,6,1,0,119,122,248,0,1,5.4,météo très défavorable
2010-11-05,2,1,11,1,2,1,8.9,99,6.5,1003,97.875,2,2,-1,248,248,122,0,1,3.7,météo très défavorable
2010-11-06,3,-3,9,-1,3,-2,0,91,5.5,1026,47.75,3,1,-1,260,119,143,0,1,7,météo très défavorable
2010-11-07,3,-3,7,-2,3,0,0,64,9,1028,8.375,4,0,0,113,113,113,0,1,8.7,météo très défavorable
2010-11-08,4,0,18,0,4,2,3.2,94,6,1019,68.5,4,2,-2,119,116,248,0,1,7,météo très défavorable
2010-11-09,7,-1,17,2,7,-1,1.3,86,7.375,1024,43.75,7,3,-1,248,113,113,0,1,8.7,météo très défavorable
2010-11-10,0,-1,11,-1,-1,-1,0,88,10,1032,15.625,0,0,-4,113,113,113,0,1,8.7,météo très défavorable
2010-11-11,7,-2,11,-2,7,0,0,74,10,1036,0,7,0,1,113,113,113,0,2,8.7,météo très défavorable
2010-11-12,9,-1,7,0,9,1,0,74,10,1033,9,10,0,0,113,113,113,0,2,8.7,météo très défavorable
2010-11-13,8,1,8,2,8,2,0.1,94,9,1026,33.125,9,5,2,116,113,143,0,2,8.7,météo très défavorable
2010-11-14,5,-1,15,-1,5,0,0,83,9,1025,44.125,5,0,-1,116,116,113,0,1,8.7,météo très défavorable
2010-11-15,5,1,15,2,5,2,1.2,99,3.25,1018,94.75,6,5,1,248,122,248,0,1,3.6,météo très défavorable
2010-11-16,6,1,7,2,6,1,0.1,97,2.75,1019,79.75,6,4,3,248,116,248,0,1,5.3,météo très défavorable
2010-11-17,5,2,26,3,3,4,19.4,98,6,1016,87.625,5,5,-2,122,122,248,0,1,3.6,météo très défavorable
2010-11-18,2,-2,29,-1,2,-1,0.2,83,8.375,1014,52.25,2,1,-5,116,116,116,0.1,1,7,météo très défavorable
2010-11-19,-2,-6,21,-4,-3,-6,0,46,10,1022,17.875,0,0,-9,113,113,113,0,2,8.7,météo très défavorable
2010-11-20,1,-6,24,-5,1,-6,2.8,96,7.875,1024,61.25,1,0,-9,122,116,113,2.3,1,7,météo très défavorable
2010-11-21,-3,-9,8,-8,-3,-9,0,49,10,1036,28.75,0,0,-8,113,113,116,0,2,8.7,météo très défavorable
2010-11-22,0,-6,9,-6,-1,0,5,99,3.125,1031,98.75,1,0,-8,122,260,260,3.8,1,3.5,météo très défavorable
2010-11-23,3,0,13,0,1,3,8.4,100,4.5,1017,92.5,3,3,-2,248,248,119,0,1,3.4,météo très défavorable
2010-11-24,0,-6,28,-4,-3,-5,0,90,10,1020,39.125,0,0,-11,113,119,113,0,1,5.2,météo très défavorable
2010-11-25,-3,-7,12,-7,-3,-6,0,93,8,1022,12.625,0,0,-9,113,113,143,0,2,8.7,météo très défavorable
2010-11-26,-1,-9,21,-5,-1,-9,5,99,5.625,1011,54.125,0,0,-12,143,122,113,4.3,1,5.1,météo très défavorable
2010-11-27,-2,-9,15,-4,-2,-7,2.1,98,2.625,1011,66.5,0,0,-9,260,143,113,1.8,1,5.1,météo très défavorable
2010-11-28,-3,-10,16,-8,-3,-4,0.4,99,5,1026,73.375,0,0,-11,260,122,119,0.3,1,3.4,météo très défavorable
2010-11-29,0,-8,8,-7,0,-8,0,98,0.75,1033,45.25,0,0,-6,260,143,260,0,1,6.9,météo très défavorable
2010-11-30,1,-8,10,-5,1,0,0.7,100,4.25,1033,57.375,1,1,-4,113,248,260,0,2,5,météo très défavorable
2010-12-01,1,0,24,1,1,1,29.9,100,7.25,1023,86.625,1,1,-5,122,122,305,0,1,3.2,météo très défavorable
2010-12-02,0,-2,13,-1,0,-1,4.9,100,4.125,1018,90.5,1,0,-4,260,122,260,0.8,1,3.2,météo très défavorable
2010-12-03,0,-4,6,-4,0,-2,0.3,98,1.25,1016,53.75,1,0,-5,143,143,143,0.3,1,8.5,météo très défavorable
2010-12-04,0,-3,8,-1,0,-2,6.1,100,1.125,1012,98.25,0,0,-3,260,248,260,5.2,1,3.2,météo très défavorable
2010-12-05,-3,-9,13,-4,-3,-7,0.3,97,1.75,1000,94.625,0,0,-9,260,143,260,0.3,1,3.2,météo très défavorable
2010-12-06,-3,-10,21,-7,-3,-3,6,99,3.25,999,91.375,0,0,-10,260,122,122,5.2,1,3.2,météo très défavorable
2010-12-07,-3,-7,21,-7,-3,-5,3.2,99,7,994,100,0,0,-11,122,122,122,2.7,1,3.2,météo très défavorable
2010-12-08,-8,-10,18,-10,-8,-9,1.2,99,6.75,1010,99.125,0,0,-16,122,122,122,0.9,1,3.1,météo très défavorable
2010-12-09,-11,-19,14,-14,-11,-17,0,98,2.5,1027,43.75,0,0,-21,260,116,260,0,1,8.4,météo très défavorable
2010-12-10,-12,-24,5,-22,-12,-14,0.1,98,0.625,1031,53.625,0,0,-18,260,260,260,0.1,1,3.1,météo très défavorable
2010-12-11,-3,-14,14,-9,-3,-11,1.1,99,2.625,1026,69,0,0,-10,260,119,260,1,1,5,météo très défavorable
2010-12-12,1,-14,26,-10,-4,-1,18,99,5.125,1026,71.375,1,1,-13,260,122,122,6.7,1,3.1,météo très défavorable
2010-12-13,2,-1,7,1,1,1,10.2,100,5.25,992,100,2,2,0,248,248,248,0,1,3.1,météo très défavorable
2010-12-14,-3,-17,11,-10,-9,-17,2.1,98,2,1002,89.375,0,0,-17,260,143,260,1.7,1,3.1,météo très défavorable
2010-12-15,-12,-20,15,-13,-13,-15,2.2,99,4.875,1004,91.125,0,0,-20,122,122,260,1.8,1,3.1,météo très défavorable
2010-12-16,-12,-23,6,-20,-12,-23,0.1,100,3.75,1009,85.875,0,0,-20,260,260,260,0.1,1,3.1,météo très défavorable
2010-12-17,-13,-23,11,-18,-13,-14,0.1,99,3.75,1016,61.125,0,0,-21,116,260,260,0.1,1,5,météo très défavorable
2010-12-18,-7,-20,3,-19,-7,-20,0,100,1.25,1019,64.625,0,0,-18,260,260,260,0,1,5,météo très défavorable
2010-12-19,-6,-16,8,-14,-6,-12,0,99,0.25,1021,20,0,0,-15,143,260,260,0,1,8.3,météo très défavorable
2010-12-20,-8,-19,7,-19,-8,-10,0,99,0,1016,38,0,0,-14,260,260,260,0,1,8.3,météo très défavorable
2010-12-21,0,-5,14,-1,0,-3,0.3,100,5.25,1014,57,0,0,-7,119,260,116,0.3,1,8.3,météo très défavorable
2010-12-22,-1,-4,12,-3,-1,-4,1.4,99,3.25,1012,70.625,0,0,-7,260,260,260,1.1,1,6.9,météo très défavorable
2010-12-23,-2,-16,12,-4,-2,-13,0.5,98,1.75,1017,45.375,0,0,-13,260,143,260,0.4,1,8.7,météo très défavorable
2010-12-24,-7,-18,9,-18,-7,-15,0,98,1.25,1021,10.25,0,0,-17,260,260,260,0,2,8.7,météo très défavorable
2010-12-25,-8,-17,4,-17,-8,-16,0,99,0.5,1020,25.375,0,0,-19,260,143,260,0,1,8.7,météo très défavorable
2010-12-26,-9,-21,8,-21,-9,-12,0,98,1.75,1022,34.25,0,0,-17,260,260,260,0,1,8.7,météo très défavorable
2010-12-27,-10,-15,18,-10,-10,-13,0.5,98,9,1010,70.125,0,0,-20,122,122,116,0.4,1,3.3,météo très défavorable
2010-12-28,-12,-17,17,-17,-12,-15,0,98,8.75,1008,5.5,0,0,-22,113,113,113,0,2,8.7,météo très défavorable
2010-12-29,-9,-17,8,-17,-9,-14,0,98,0.25,1017,20.25,0,0,-17,260,260,260,0,1,8.7,météo très défavorable
2010-12-30,-3,-12,14,-7,-3,-5,0.1,99,6.25,1018,86.875,0,0,-11,260,122,260,0.1,1,3.3,météo très défavorable
2010-12-31,0,-4,13,-2,0,0,0.9,100,1.75,1017,99.25,1,1,-4,260,122,248,0,1,3.3,météo très défavorable
2011-01-01,1,1,7,1,1,1,2.4,100,2.375,1017,100,1,1,-1,248,248,122,0,1,3.3,météo très défavorable
2011-01-02,1,-6,14,1,0,-4,3.3,100,4.75,1012,84,1,1,-6,248,119,260,0.2,1,3.3,météo très défavorable
2011-01-03,-8,-14,12,-14,-8,-11,0,98,3.75,1015,41.125,0,0,-16,260,260,260,0,2,8.7,météo très défavorable
2011-01-04,-9,-16,14,-14,-9,-15,0,99,1.25,1014,57.5,0,0,-17,260,119,260,0,1,5.1,météo très défavorable
2011-01-05,-11,-18,20,-18,-11,-12,0.1,98,8.125,1006,55.625,0,0,-22,116,119,116,0.1,2,6.9,météo très défavorable
2011-01-06,-11,-18,12,-16,-11,-18,0,100,3.75,1005,76.375,0,0,-20,260,260,260,0.1,1,3.3,météo très défavorable
2011-01-07,-10,-17,14,-15,-10,-12,0,98,5,1006,59,0,0,-19,260,116,119,0,1,6.9,météo très défavorable
2011-01-08,-4,-12,10,-12,-4,-5,0,98,0,1003,63.375,0,0,-12,260,260,260,0,1,5.1,météo très défavorable
2011-01-09,-5,-12,10,-7,-5,-11,0,98,0.25,1008,66.625,0,0,-13,260,143,260,0,1,6.9,météo très défavorable
2011-01-10,-3,-10,13,-8,-3,-9,0,99,5.25,1022,30.625,0,0,-11,116,116,113,0,1,8.7,météo très défavorable
2011-01-11,-6,-12,3,-12,-6,-12,0,96,4.5,1025,42.5,0,0,-8,143,119,143,0.1,1,5.1,météo très défavorable
2011-01-12,-5,-11,20,-10,-5,-6,0,98,7.5,1020,53.625,0,0,-14,260,116,116,0,1,6.9,météo très défavorable
2011-01-13,-6,-14,10,-11,-6,-10,0,98,2.5,1022,39.375,0,0,-14,260,260,260,0,2,6.9,météo très défavorable
2011-01-14,-10,-18,10,-18,-10,-17,0,99,0,1026,50.875,0,0,-18,260,260,260,0,1,5.1,météo très défavorable
2011-01-15,-12,-20,8,-20,-12,-13,0.9,99,0.75,1023,65.625,0,0,-17,260,143,260,0.8,1,5.1,météo très défavorable
2011-01-16,-12,-19,12,-17,-12,-18,0.1,98,2.375,1021,62.75,0,0,-22,260,143,260,0.1,1,6.9,météo très défavorable
2011-01-17,-17,-28,9,-24,-17,-26,0,99,0.25,1029,40.625,0,0,-27,260,143,260,0,1,8.7,météo très défavorable
2011-01-18,-5,-24,12,-20,-7,-5,2.5,99,1,1026,80.5,0,0,-13,260,260,260,2.1,1,3.4,météo très défavorable
2011-01-19,-4,-19,14,-7,-8,-16,0.9,97,3.625,1016,47.625,0,0,-17,119,116,260,0.8,1,8.7,météo très défavorable
2011-01-20,-12,-26,10,-26,-12,-22,0,99,1.5,1017,64.125,0,0,-22,260,260,260,0,1,5.2,météo très défavorable
2011-01-21,-11,-20,7,-15,-11,-16,1.2,99,3.625,1011,78,0,0,-17,260,260,116,1.1,1,3.4,météo très défavorable
2011-01-22,-19,-27,14,-25,-19,-25,0,99,2.5,1016,46.125,0,0,-32,260,260,260,0,1,5.2,météo très défavorable
2011-01-23,-23,-31,11,-31,-23,-28,0,98,3.25,1024,36.625,0,0,-34,143,260,113,0,1,6.9,météo très défavorable
2011-01-24,-21,-28,19,-28,-21,-23,0,95,7.5,1030,30,0,0,-35,116,113,260,0,2,8.7,météo très défavorable
2011-01-25,-13,-22,7,-20,-14,-18,0.4,97,2.875,1027,81.5,0,0,-18,143,143,260,0.4,1,3.4,météo très défavorable
2011-01-26,-9,-23,3,-23,-9,-18,0,100,2.5,1021,65,0,0,-12,260,260,260,0,1,3.5,météo très défavorable
2011-01-27,-8,-16,7,-13,-8,-14,0,98,2.5,1010,43,0,0,-13,260,260,260,0,2,7,météo très défavorable
2011-01-28,-7,-20,7,-17,-7,-18,0,100,0,1012,58.875,0,0,-16,260,260,260,0,1,8.7,météo très défavorable
2011-01-29,-6,-21,5,-18,-6,-13,0,99,0,1018,67.25,0,0,-12,260,260,260,0,1,5.2,météo très défavorable
2011-01-30,-13,-23,10,-23,-13,-20,0,99,0.25,1022,56.625,0,0,-20,260,143,260,0,1,3.5,météo très défavorable
2011-01-31,-21,-28,11,-28,-21,-24,0,99,0.5,1034,42.25,0,0,-33,260,143,260,0,1,7,météo très défavorable
2011-02-01,-15,-25,10,-25,-15,-19,0,98,0.5,1033,63.875,0,0,-23,260,143,260,0,1,5.2,météo très défavorable
2011-02-02,-13,-20,21,-15,-13,-14,2.6,98,3.5,1031,79.375,0,0,-22,260,122,122,2.3,1,3.5,météo très défavorable
2011-02-03,-12,-27,13,-27,-12,-12,0.3,99,3.125,1024,60.5,0,0,-19,260,260,122,0.2,1,5.3,météo très défavorable
2011-02-04,-7,-10,18,-10,-7,-9,1,99,5.125,1017,96.625,0,0,-15,122,122,260,0.9,1,3.6,météo très défavorable
2011-02-05,-5,-10,15,-8,-5,-9,0.8,99,5.5,1013,73.875,0,0,-12,119,119,260,0.7,1,5.3,météo très défavorable
2011-02-06,-4,-10,15,-9,-4,-8,1.6,98,4.375,1015,50.5,0,0,-11,260,116,260,1.3,1,7,météo très défavorable
2011-02-07,-3,-13,8,-9,-3,-3,0,99,1.25,1015,94.25,0,0,-6,260,260,260,0,1,3.6,météo très défavorable
2011-02-08,-7,-23,14,-7,-9,-18,1.4,98,4.625,1010,73.125,0,0,-20,260,122,113,1.2,1,3.6,météo très défavorable
2011-02-09,-10,-25,23,-20,-10,-14,0.6,99,5.5,1012,82.875,0,0,-24,122,122,260,0.6,1,3.9,météo très défavorable
2011-02-10,-15,-25,13,-25,-15,-17,0,99,4.5,1014,59.75,0,0,-23,143,116,260,0,1,7.1,météo très défavorable
2011-02-11,-11,-16,23,-15,-11,-15,0.3,99,7.5,1016,91.625,0,0,-23,122,119,260,0.2,1,3.9,météo très défavorable
2011-02-12,-6,-18,20,-14,-6,-10,1.6,99,6.125,1012,74.25,0,0,-14,260,122,113,1.4,1,3.9,météo très défavorable
2011-02-13,-6,-25,12,-25,-10,-8,2.2,99,1.125,1015,79,0,0,-21,260,260,260,1.8,1,4,météo très défavorable
2011-02-14,-6,-11,24,-6,-7,-8,7.5,99,5.375,1005,93.625,0,0,-15,122,122,119,6.3,1,4,météo très défavorable
2011-02-15,-15,-24,16,-24,-18,-21,0,99,8.75,1028,26.875,0,0,-30,113,116,116,0,2,8.7,météo très défavorable
2011-02-16,-8,-22,6,-22,-9,-12,0,98,0.5,1029,63.75,0,0,-14,260,143,260,0,1,5.6,météo très défavorable
2011-02-17,0,-9,10,-6,0,-5,0,100,0,1018,83.5,0,0,-6,260,260,260,0,1,4,météo très défavorable
2011-02-18,1,0,23,1,1,1,6.2,100,5.625,1010,97,1,1,-5,248,122,119,0,1,4,météo très défavorable
2011-02-19,-1,-13,19,-6,-7,-12,0.2,98,7.125,1011,62.625,0,0,-17,116,116,119,0.2,1,7.1,météo très défavorable
2011-02-20,-11,-18,14,-17,-11,-17,0,98,3.75,1021,49.625,0,0,-21,260,119,260,0,1,5.6,météo très défavorable
2011-02-21,-14,-24,14,-24,-14,-21,0,97,2.75,1017,61.125,0,0,-24,260,119,260,0,1,7.1,météo très défavorable
2011-02-22,-9,-22,10,-22,-9,-16,0,98,0.5,1025,11,0,0,-19,260,143,260,0,1,8.7,météo très défavorable
2011-02-23,-9,-21,7,-20,-9,-16,0,99,2,1029,9.125,0,0,-17,113,260,143,0,1,8.7,météo très défavorable
2011-02-24,-4,-23,9,-18,-5,-6,0.1,98,1.75,1026,49,0,0,-9,260,143,260,0.1,1,7.2,météo très défavorable
2011-02-25,-4,-13,9,-11,-4,-7,0.7,99,2.75,1015,68.625,0,0,-8,260,260,122,0.6,1,4.1,météo très défavorable
2011-02-26,-16,-26,15,-25,-17,-26,0,98,3.125,1021,51.75,0,0,-27,260,119,260,0,1,5.6,météo très défavorable
2011-02-27,-5,-11,17,-10,-5,-7,3,93,5.875,1016,73.875,0,0,-13,119,122,311,1.9,1,4.1,météo très défavorable
2011-02-28,-3,-10,13,-8,-4,-4,10.8,100,2,1018,87.625,0,0,-12,260,260,260,9.2,1,4.1,météo très défavorable
2011-03-01,-9,-16,15,-16,-10,-10,0.1,98,9.375,1022,42.125,0,0,-20,113,119,119,0.1,2,5.7,météo très défavorable
2011-03-02,-3,-11,22,-7,-8,-8,6.2,99,3.5,1017,78.75,0,0,-15,122,335,335,5.2,1,5.7,météo très défavorable
2011-03-03,-7,-14,15,-13,-7,-9,1.1,92,7.125,1018,68.5,0,0,-16,119,122,311,0.5,2,4.2,météo très défavorable
2011-03-04,-7,-12,16,-12,-7,-12,0.7,92,6.875,1020,68.625,0,0,-15,119,119,119,0,1,4.2,météo très défavorable
2011-03-05,-8,-14,14,-14,-8,-13,1.8,92,7,1025,58.5,0,0,-15,116,116,116,1.5,2,5.7,météo très défavorable
2011-03-06,-5,-14,13,-13,-5,-9,1.1,92,6.375,1027,53.625,0,0,-13,116,119,119,0.5,1,7.2,météo très défavorable
2011-03-07,-8,-14,21,-9,-8,-10,12.8,99,3.625,1025,88.875,0,0,-16,122,119,338,10.9,1,4.2,météo très défavorable
2011-03-08,-11,-23,10,-20,-11,-22,0,98,0.625,1041,12.125,0,0,-20,260,143,260,0,1,8.7,météo très défavorable
2011-03-09,-7,-25,13,-15,-7,-10,0.5,98,4.75,1043,41.625,0,0,-15,143,116,122,0.4,1,8.7,météo très défavorable
2011-03-10,-1,-8,12,-7,-2,-1,7.4,100,2.25,1035,98.25,0,0,-9,260,260,260,5.8,1,4.3,météo très défavorable
2011-03-11,1,-1,19,0,0,1,5.9,100,5.75,1023,98.875,1,1,-5,122,122,248,0,1,4.3,météo très défavorable
2011-03-12,1,-1,21,0,0,0,1.3,100,4.875,1004,98.25,1,1,-6,248,122,122,0.7,1,4.3,météo très défavorable
2011-03-13,-1,-8,12,-2,-2,-8,0,98,2.5,1024,67.625,0,0,-6,260,260,260,0,1,7.2,météo très défavorable
2011-03-14,-5,-21,6,-11,-5,-20,0.1,97,3,1031,42.625,0,0,-10,260,143,260,0,2,8.7,météo très défavorable
2011-03-15,-2,-20,15,-11,-2,-4,0.1,99,4.625,1031,60.125,0,0,-8,260,119,260,0.1,1,8.8,météo très défavorable
2011-03-16,0,-7,17,-4,0,0,1.5,100,4.5,1024,77.375,0,0,-5,260,122,119,1.1,1,7.4,météo très défavorable
2011-03-17,1,0,13,0,0,0,3.5,100,5.75,1016,88.875,1,1,-4,260,119,248,0.2,1,6,météo très défavorable
2011-03-18,1,-13,24,1,0,-7,7.6,100,7,1017,75.875,1,1,-7,122,119,113,0,1,6,météo très défavorable
2011-03-19,-4,-20,7,-14,-5,-20,0,98,0.25,1034,17.625,0,0,-8,260,143,260,0,1,11.6,météo très défavorable
2011-03-20,-3,-15,8,-13,-3,-8,0.1,98,2,1038,29,0,0,-8,143,260,260,0,1,8.8,météo très défavorable
2011-03-21,-1,-14,10,-7,-1,-3,2.2,100,0.5,1031,73.375,0,0,-6,260,260,260,1.9,1,6.1,météo très défavorable
2011-03-22,0,-12,15,-8,0,-7,0.2,100,3.375,1016,69.875,0,0,-6,260,260,260,0.2,1,10.5,météo très défavorable
2011-03-23,-5,-19,7,-15,-6,-15,0,98,0.25,1016,50,0,0,-9,260,143,260,0,1,10.5,météo très défavorable
2011-03-24,-2,-13,11,-7,-2,-13,0.5,97,2.375,1010,73.25,0,0,-9,260,143,260,0.5,1,10.5,météo très défavorable
2011-03-25,-4,-12,15,-8,-4,-8,0.5,98,5.125,1011,63.125,0,0,-10,260,119,260,0.4,1,9.2,météo très défavorable
2011-03-26,-8,-12,24,-12,-8,-10,0.1,98,7.125,1012,37.25,0,0,-17,113,116,116,0.1,1,12.7,météo très défavorable
2011-03-27,-8,-16,22,-16,-10,-9,0.7,98,7.375,1011,62.75,0,0,-23,116,122,119,0.6,1,9.3,météo très défavorable
2011-03-28,-4,-12,15,-12,-5,-7,0.2,98,5.875,1012,48.75,0,0,-14,260,119,113,0.2,1,10.6,météo très défavorable
2011-03-29,-1,-11,17,-8,-1,-5,0,99,2.75,1017,32.375,0,0,-7,260,116,260,0,1,12.8,météo très défavorable
2011-03-30,0,-11,14,-6,0,-6,0.1,100,2.125,1019,26.375,0,0,-5,260,116,260,0.1,1,12.8,météo très défavorable
2011-03-31,0,-13,5,-5,0,-2,0.2,100,1.5,1017,48.375,1,1,-2,260,248,329,0.2,1,10.6,météo très défavorable
2011-04-01,0,-5,13,-1,0,-1,2,100,1.125,1008,67.5,0,0,-4,260,248,260,1.7,1,9.3,météo très défavorable
2011-04-02,1,-4,19,-3,1,1,0.3,100,6.75,996,75.625,1,1,-4,260,122,116,0.1,1,10.6,météo très défavorable
2011-04-03,0,-5,21,-5,0,-2,0,100,5,1013,33.625,0,0,-7,260,113,260,0,2,13,météo très défavorable
2011-04-04,2,-7,17,-1,1,0,4.9,98,2.875,1014,68.375,2,1,-5,143,143,260,1.8,1,10.7,météo très défavorable
2011-04-05,2,-3,19,1,1,-1,6.8,100,8.5,996,86.75,2,1,-4,122,122,119,0.8,1,8.1,météo très défavorable
2011-04-06,-3,-8,23,-7,-3,-5,0.2,97,8.375,1016,43.375,0,0,-12,116,119,113,0.2,2,10.7,météo très défavorable
2011-04-07,-2,-14,14,-9,-2,-9,0,96,2.75,1023,11.75,0,0,-8,260,116,260,0,1,13.1,météo très défavorable
2011-04-08,0,-15,6,-7,0,-9,0.1,100,2.75,1025,31.375,0,0,-2,143,260,119,0,1,12,météo très défavorable
2011-04-09,1,-9,9,0,1,-6,1.4,100,2.375,1020,78.5,1,1,-2,248,248,116,0,1,9.5,météo très défavorable
2011-04-10,4,-11,6,1,4,3,0.2,100,0.25,1019,82.875,5,4,2,248,248,248,0,1,8.2,météo très défavorable
2011-04-11,9,2,14,3,6,7,2.1,100,3.875,1008,96.5,9,9,3,248,122,119,0,2,8.3,météo très défavorable
2011-04-12,6,-1,15,0,6,0,0,78,10,1024,20,6,3,0,113,113,113,0,1,13.3,météo très défavorable
2011-04-13,5,-3,14,1,5,1,1.9,95,8,1025,66.625,5,4,1,116,122,248,0,2,10.8,météo très défavorable
2011-04-14,3,-11,21,2,3,-5,0.5,91,5.75,1030,44.375,3,2,-4,248,116,113,0,1,12,météo très défavorable
2011-04-15,-3,-19,10,-13,-4,-19,0.1,86,8.75,1037,13.625,0,0,-9,113,116,113,0.1,2,13.3,météo très défavorable
2011-04-16,0,-10,14,-8,-1,-1,4.1,100,5.5,1035,63.25,0,0,-8,116,143,260,3.5,2,11,météo très défavorable
2011-04-17,1,-1,23,1,1,0,12.4,100,5,1010,88.125,1,1,-5,248,122,248,0.3,1,9.8,météo très défavorable
2011-04-18,1,-3,24,-2,1,-1,1.5,98,5.75,1015,82.375,1,0,-6,122,122,116,1.3,1,9.8,météo très défavorable
2011-04-19,0,-7,20,-5,-1,-6,0,92,5.25,1026,29.75,0,0,-9,113,116,260,0,1,13.9,météo très défavorable
2011-04-20,-3,-4,23,-3,-4,-3,13.7,99,4.875,1025,89.75,0,0,-10,122,122,122,10,1,8.7,météo très défavorable
2011-04-21,1,-3,19,-1,0,-1,2.4,99,5.125,1025,75,1,0,-5,122,122,116,2,1,11,météo très défavorable
2011-04-22,3,-9,12,0,3,-4,0,97,1.5,1031,33,3,3,0,260,116,260,0,1,13.3,météo très défavorable
2011-04-23,2,-11,19,0,0,1,4.4,100,6.125,1027,71.75,2,2,-5,248,122,122,0,1,8.8,météo très défavorable
2011-04-24,7,-6,11,3,7,1,0.3,91,7.75,1019,51.75,7,5,4,116,116,143,0,1,13.4,météo très défavorable
2011-04-25,3,-6,4,1,2,3,0.1,100,0,1021,82.375,3,3,2,248,248,248,0,1,8.8,météo très défavorable
2011-04-26,6,2,12,4,6,4,2.7,98,2.125,1021,97.375,7,6,3,248,248,119,0,1,8.8,météo très défavorable
2011-04-27,9,2,15,3,9,6,7.8,97,6.375,1015,93.125,10,8,3,248,119,122,0,2,8.8,météo très défavorable
2011-04-28,18,6,25,9,17,9,13.7,98,7.125,1006,79,18,17,13,143,122,116,0,3,10,météo défavorable
2011-04-29,10,2,21,5,9,5,0.8,86,6.625,1011,71.25,10,6,4,119,119,116,0,2,11.1,météo très défavorable
2011-04-30,10,0,13,4,10,4,0,72,5.625,1026,21.625,10,5,7,113,113,143,0,1,14.2,météo très défavorable
2011-05-01,12,1,14,6,12,5,0,66,6.5,1029,35.375,13,6,9,113,113,113,0,2,14.3,météo très défavorable
2011-05-02,16,2,17,7,16,10,2.2,74,6.875,1024,47.25,16,10,12,116,113,143,0,2,13.4,météo correcte
2011-05-03,11,5,11,7,11,6,6.9,97,6.875,1023,75.625,12,9,6,116,119,122,0,2,11.2,météo très défavorable
2011-05-04,7,3,13,6,7,4,13.8,96,5.5,1015,94,7,6,5,143,122,248,0,2,9,météo très défavorable
2011-05-05,4,2,9,3,4,2,5.1,100,3,1015,96.625,5,4,0,143,143,248,0,1,9.2,météo très défavorable
2011-05-06,6,0,20,2,5,3,1.7,95,3.5,1009,93.875,6,5,0,248,122,248,0.2,1,10.3,météo très défavorable
2011-05-07,12,2,10,6,11,4,2.6,89,5.75,1015,64.875,12,8,8,143,119,143,0,2,11.4,météo très défavorable
2011-05-08,13,0,7,7,13,7,0.1,59,7.75,1019,38.25,14,5,12,113,116,119,0,2,13.5,météo très défavorable
2011-05-09,13,2,18,8,13,6,0,55,8.75,1023,20.75,13,3,9,113,113,113,0,3,14.5,météo correcte
2011-05-10,11,0,20,5,11,5,0,66,10,1026,10.5,11,4,6,113,113,113,0,3,14.5,météo très défavorable
2011-05-11,11,2,19,6,11,7,0,76,7.75,1027,40.625,11,6,6,119,113,143,0,3,13.5,météo très défavorable
2011-05-12,13,2,14,6,13,8,0,70,5.5,1025,33.875,13,8,10,113,113,143,0,2,14.5,météo correcte
2011-05-13,17,5,14,9,17,10,2.8,84,7.25,1015,54.75,17,11,12,116,116,122,0,3,11.4,météo correcte
2011-05-14,14,8,13,10,14,10,5,83,8.625,1010,76.375,14,10,12,119,116,116,0,3,12.5,météo défavorable
2011-05-15,11,5,15,8,11,6,0,68,10,1016,63.375,11,7,8,122,116,116,0,2,12.5,météo très défavorable
2011-05-16,4,2,21,4,3,3,3,94,8.75,1020,86.5,4,2,-2,122,122,122,0,1,9.4,météo très défavorable
2011-05-17,12,2,18,5,12,7,0.6,75,7,1026,71,12,7,6,119,116,116,0,2,12.5,météo très défavorable
2011-05-18,19,6,13,10,19,14,0.2,78,6.5,1026,69.125,19,15,16,116,122,116,0,3,12.5,météo défavorable
2011-05-19,19,8,9,14,19,14,0.4,94,4.875,1022,69.125,19,16,15,116,119,143,0,3,11.5,météo défavorable
2011-05-20,23,8,5,16,23,16,4.8,78,6.375,1017,42.375,25,18,22,116,116,143,0,4,14.5,météo favorable
2011-05-21,16,9,16,12,16,11,0.1,72,6.75,1020,31.125,16,12,13,116,113,113,0,3,14.5,météo correcte
2011-05-22,19,7,10,10,19,15,0.3,68,6.5,1021,50.625,20,13,16,113,116,116,0,3,14.5,météo favorable
2011-05-23,19,10,17,11,18,16,4.4,92,6.125,1013,75.625,19,16,14,248,116,116,0,3,11.5,météo défavorable
2011-05-24,18,8,28,14,18,13,3.5,91,9.75,1011,60.125,19,16,18,122,122,113,0,3,12.5,météo correcte
2011-05-25,14,3,12,10,14,7,0,63,10,1016,12.125,14,8,12,113,116,113,0,3,14.5,météo correcte
2011-05-26,16,6,9,12,16,13,3.2,96,7.75,1013,77.625,16,15,15,122,119,143,0,4,9.8,météo défavorable
2011-05-27,11,8,11,8,11,9,11.5,95,6.625,1020,70.75,12,9,6,143,299,119,0,2,11.7,météo défavorable
2011-05-28,18,7,12,8,18,16,26.3,95,7.125,1020,72.5,19,18,11,119,116,359,0,3,11.7,météo très défavorable
2011-05-29,17,8,14,12,17,13,3.2,73,8.625,1016,59.75,18,10,15,119,119,176,0,4,12.6,météo correcte
2011-05-30,19,9,16,14,19,14,3.1,70,8,1013,60.875,19,12,17,116,116,116,0,3,12.6,météo correcte
2011-05-31,21,9,6,15,21,15,0,60,10,1024,18.875,24,13,20,113,113,113,0,5,14.5,météo favorable
2011-06-01,24,11,31,19,24,17,4.9,89,9.375,1014,29.625,25,20,21,200,113,113,0,4,13.6,météo favorable
2011-06-02,11,7,22,11,10,8,0.4,77,10,1010,61.5,11,10,7,116,116,119,0,3,9.9,météo défavorable
2011-06-03,15,4,15,9,15,9,0,57,9,1019,16.625,15,6,11,113,113,113,0,3,14.5,météo correcte
2011-06-04,16,2,5,10,16,10,0,62,10,1021,6.25,18,10,16,113,113,113,0,4,14.5,météo correcte
2011-06-05,18,4,7,11,18,10,0,70,10,1017,35.625,19,12,16,116,116,116,0,4,14.5,météo favorable
2011-06-06,22,9,8,15,22,15,0.2,65,8,1018,14.625,25,15,21,113,113,113,0,5,14.5,météo favorable
2011-06-07,17,8,6,17,17,17,0,86,9,1014,21.375,18,17,17,116,116,113,0,4,14.5,météo correcte
2011-06-08,22,11,11,19,20,22,3.5,95,8.625,1009,59,24,21,19,353,353,113,0,4,12.7,météo correcte
2011-06-09,23,11,14,18,23,15,1.2,86,8.625,1013,43.5,25,19,19,119,176,113,0,5,13.6,météo favorable
2011-06-10,20,7,2,14,20,12,0,66,10,1019,10.875,21,10,17,113,113,113,0,4,14.5,météo favorable
2011-06-11,15,8,8,14,14,15,2.9,70,9.75,1021,27.5,15,11,14,113,113,116,0,4,14.5,météo correcte
2011-06-12,11,9,12,11,11,10,12.7,97,6.75,1015,96.375,11,10,9,296,296,122,0,3,9.9,météo défavorable
2011-06-13,13,7,25,10,12,10,0.4,88,7.75,1018,69.5,13,9,9,119,119,116,0,2,10.9,météo défavorable
2011-06-14,21,6,11,14,21,15,0,63,10,1018,19.875,24,14,19,113,113,113,0,4,14.5,météo favorable
2011-06-15,25,10,6,18,25,18,0.5,70,9.75,1011,17.375,27,18,24,113,113,113,0,5,14.5,météo favorable
2011-06-16,24,12,15,19,24,19,1,76,9.75,1009,19,26,19,24,113,113,113,0,4,14.5,météo favorable
2011-06-17,24,12,11,18,24,17,0.8,77,8.875,1011,15.25,26,18,22,113,113,113,0,5,14.5,météo favorable
2011-06-18,21,11,15,16,21,15,0.6,80,7.875,1009,20.125,24,16,20,116,113,113,0,4,14.5,météo favorable
2011-06-19,17,7,19,10,17,13,0.4,71,10,1011,27.125,17,11,13,116,116,113,0,4,14.5,météo correcte
2011-06-20,20,7,14,14,20,15,0,63,10,1013,11.875,20,13,18,113,116,113,0,4,14.5,météo favorable
2011-06-21,22,7,9,16,21,13,0.4,77,9.875,1014,11.25,25,14,18,113,176,113,0,4,14.5,météo favorable
2011-06-22,22,6,8,17,22,16,0,60,10,1016,7.875,25,15,22,113,113,113,0,5,14.5,météo favorable
2011-06-23,23,13,17,17,23,17,0.5,77,8.875,1012,34.125,25,16,20,113,113,116,0,5,14.5,météo favorable
2011-06-24,13,10,17,11,12,12,11.4,98,5.875,1011,80,13,12,9,248,302,116,0,3,10.9,météo défavorable
2011-06-25,15,10,9,10,14,15,14.9,98,5.75,1010,93.375,15,14,10,248,302,122,0,3,10,météo défavorable
2011-06-26,18,13,11,14,18,17,4.6,96,5,1012,79.625,18,18,17,248,296,296,0,4,11.8,météo défavorable
2011-06-27,20,11,10,16,20,16,1.7,71,8.125,1011,57.125,22,14,20,116,116,116,0,5,12.7,météo correcte
2011-06-28,24,10,12,19,24,19,0,63,10,1014,20.25,26,17,23,113,116,113,0,5,14.5,météo favorable
2011-06-29,19,14,13,16,19,16,4.3,90,6.5,1007,74,19,17,18,248,119,248,0,4,9.9,météo défavorable
2011-06-30,17,11,11,12,16,16,2.3,94,3.875,1011,92.5,17,15,13,248,119,248,0,3,9.9,météo défavorable
2011-07-01,23,12,5,17,22,17,0.6,80,6.25,1017,46.375,25,17,21,116,113,116,0,4,14.5,météo favorable
2011-07-02,24,9,16,18,24,20,0,75,5.75,1018,17.75,26,20,23,113,113,143,0,4,14.5,météo favorable
2011-07-03,24,14,17,19,24,21,2.8,91,6.5,1009,47,26,22,23,116,116,113,0,4,14.5,météo favorable
2011-07-04,24,14,18,20,24,19,0.2,64,7.75,1008,23.125,25,20,24,113,113,113,0,4,14.5,météo favorable
2011-07-05,24,10,16,18,23,20,0.1,63,10,1011,6.125,25,18,22,113,113,113,0,5,14.5,météo favorable
2011-07-06,22,14,17,19,21,17,15.2,98,5.625,1010,72.75,25,19,18,116,122,116,0,4,12.7,météo défavorable
2011-07-07,20,11,17,15,20,16,0,64,6.5,1014,30.125,20,14,18,113,113,113,0,4,14.5,météo favorable
2011-07-08,22,9,15,16,22,15,0,72,8,1014,27.875,25,15,20,113,116,113,0,4,14.5,météo favorable
2011-07-09,21,12,16,16,21,17,0.9,68,9.875,1013,15.625,24,14,18,116,113,113,0,5,14.5,météo favorable
2011-07-10,22,11,16,17,22,18,0.4,80,9,1015,28.625,25,18,21,113,113,143,0,5,13.5,météo favorable
2011-07-11,25,15,26,19,25,20,10.6,92,4.25,1010,75.375,27,22,22,248,200,248,0,5,11.6,météo défavorable
2011-07-12,25,15,16,19,25,20,0.7,73,7.625,1004,18.875,27,19,24,113,113,113,0,4,14.5,météo idéale
2011-07-13,22,10,8,18,22,14,1.1,64,7.25,1013,40,25,16,21,116,113,113,0,4,14.5,météo favorable
2011-07-14,23,9,3,17,23,16,0.1,65,10,1017,22.75,25,16,23,113,116,116,0,5,14.5,météo favorable
2011-07-15,23,8,8,19,23,18,0.5,68,9.75,1019,12.625,26,18,24,113,113,113,0,5,14.5,météo favorable
2011-07-16,25,10,13,19,25,20,0,67,10,1020,7.375,27,19,24,113,113,113,0,5,14.5,météo favorable
2011-07-17,25,11,21,19,24,22,1,78,9,1016,14,27,21,24,113,113,113,0,6,14.5,météo favorable
2011-07-18,24,14,19,19,24,19,0,67,7.75,1009,24,26,18,22,116,113,113,0,4,14.5,météo favorable
2011-07-19,22,9,15,18,22,16,0,59,10,1011,5.375,24,14,21,113,113,113,0,5,14.5,météo favorable
2011-07-20,25,8,27,16,25,22,4,93,8.625,1010,24.5,27,22,22,116,113,113,0,5,14.5,météo favorable
2011-07-21,26,17,18,20,22,23,22.7,100,4.5,1003,80,29,23,21,122,122,248,0,5,10.5,météo très défavorable
2011-07-22,27,16,16,23,27,23,0.2,76,6.5,1009,36.625,29,22,26,143,113,113,0,5,14.5,météo favorable
2011-07-23,21,15,11,21,20,19,0,82,10,1010,7.625,24,18,20,113,113,113,0,5,14.5,météo favorable
2011-07-24,23,11,11,17,23,16,0,61,9,1015,5.5,25,16,22,113,113,113,0,5,14.5,météo favorable
2011-07-25,22,9,12,17,22,17,1.5,66,10,1015,29,25,16,21,113,113,119,0,5,13.5,météo favorable
2011-07-26,19,10,6,14,19,14,11.6,96,4,1006,69,19,18,17,248,200,143,0,3,11.5,météo défavorable
2011-07-27,21,9,6,16,21,15,0.6,75,6.375,1014,51.75,24,16,21,143,116,116,0,4,14.5,météo favorable
2011-07-28,24,9,9,18,24,15,0,68,6,1018,7.125,26,17,24,113,113,143,0,4,14.5,météo favorable
2011-07-29,22,13,18,18,22,19,3.8,87,8.375,1013,30.75,25,19,22,113,116,248,0,5,13.5,météo favorable
2011-07-30,23,12,15,17,23,17,0,65,7.5,1015,27.125,25,16,21,113,113,113,0,4,14.5,météo favorable
2011-07-31,23,7,12,17,23,16,0,71,8,1017,31.625,25,17,21,116,119,143,0,5,11.4,météo correcte
2011-08-01,24,11,14,18,24,14,2.7,86,6.625,1011,15.875,26,20,21,113,113,143,0,4,14.5,météo favorable
2011-08-02,21,12,7,16,20,13,2.6,82,6.625,1008,30,24,17,20,200,113,143,0,4,13.5,météo favorable
2011-08-03,21,12,11,16,21,16,0.7,78,6.625,1011,34.75,24,15,19,116,176,113,0,4,14.5,météo favorable
2011-08-04,22,13,11,17,22,16,0.7,83,4.75,1018,63.75,24,16,19,119,353,143,0,4,13.5,météo correcte
2011-08-05,24,10,9,17,24,16,0,81,5,1020,37,26,18,21,113,113,143,0,4,14.5,météo favorable
2011-08-06,26,13,15,20,26,20,1.2,69,8,1015,21.25,27,19,24,113,113,116,0,5,14.5,météo favorable
2011-08-07,22,14,7,19,22,17,7.9,97,6,1009,70.5,25,21,20,143,116,248,0,4,11.3,météo défavorable
2011-08-08,23,12,5,18,23,14,1.7,81,6.625,1005,53.375,25,17,19,143,176,116,0,4,13.4,météo favorable
2011-08-09,24,8,7,18,24,18,0.1,70,9,1006,20,26,16,21,113,113,113,0,4,14.5,météo favorable
2011-08-10,19,14,17,14,16,16,16.1,99,6.5,1001,80.75,19,18,12,122,143,248,0,4,10.2,météo très défavorable
2011-08-11,19,13,16,15,19,15,6.4,94,5.375,1007,75,19,16,16,122,356,248,0,4,10.2,météo défavorable
2011-08-12,20,11,17,14,20,15,1.9,92,6.75,1014,66.75,20,16,17,122,353,113,0,4,12.4,météo défavorable
2011-08-13,23,11,15,17,23,18,4.5,89,5.375,1016,64.375,25,19,20,116,176,248,0,4,13.4,météo correcte
2011-08-14,24,13,5,18,24,16,2.1,83,4.375,1014,62.375,26,19,22,143,119,143,0,4,12.2,météo correcte
2011-08-15,22,15,7,18,22,16,2.8,93,6.625,1012,65.375,25,19,20,116,116,248,0,4,12.2,météo défavorable
2011-08-16,23,11,9,17,23,16,2,82,7.375,1014,41,25,18,21,143,116,113,0,4,14.1,météo favorable
2011-08-17,20,7,15,14,20,14,0,69,8,1019,6.25,20,14,19,113,113,143,0,4,14.1,météo favorable
2011-08-18,22,10,21,15,22,18,2,86,7.375,1015,39.5,24,19,21,113,113,248,0,5,13.4,météo favorable
2011-08-19,23,12,17,17,23,17,1.7,84,4.375,1011,38.125,25,18,21,143,113,143,0,4,13.4,météo favorable
2011-08-20,24,11,13,17,24,18,1.7,76,5.375,1013,40.625,25,18,22,143,113,143,0,4,14,météo favorable
2011-08-21,19,14,5,16,18,16,10.8,97,6.125,1013,67.875,19,18,17,143,122,143,0,4,13.3,météo défavorable
2011-08-22,17,10,22,14,17,13,7.6,93,9.375,1008,55.25,17,16,13,119,176,113,0,3,12.2,météo correcte
2011-08-23,17,7,18,10,17,13,0,68,9,1013,29.75,17,11,14,113,116,116,0,4,13.9,météo correcte
2011-08-24,23,11,18,14,23,18,0,71,10,1013,29.375,25,18,20,113,116,113,0,4,13.9,météo favorable
2011-08-25,20,15,24,17,20,18,5.5,98,8,1007,60,20,19,19,119,116,116,0,5,11,météo correcte
2011-08-26,20,8,12,13,20,13,0,71,4,1015,52.375,20,14,19,143,113,248,0,3,13.3,météo favorable
2011-08-27,20,8,16,13,20,13,0.3,81,4.375,1013,39.5,21,17,19,143,113,143,0,3,13.8,météo favorable
2011-08-28,17,11,31,15,14,12,36.7,97,5.75,1012,65,17,14,9,113,122,122,0,3,9.8,météo très défavorable
2011-08-29,18,10,22,11,18,13,0.7,71,7.375,1014,34.875,18,13,15,116,113,143,0,3,13.3,météo favorable
2011-08-30,17,9,18,13,17,13,3.8,94,4,1018,63.75,17,15,15,143,116,248,0,3,10.8,météo correcte
2011-08-31,20,7,8,12,20,10,0,71,5.75,1024,14.25,25,15,19,113,113,143,0,3,13.2,météo favorable
2011-09-01,21,6,10,13,21,13,0,68,7.75,1025,36.75,21,15,19,116,116,113,0,3,13.2,météo favorable
2011-09-02,22,8,12,15,22,17,0.2,80,5.375,1020,48,25,18,20,113,116,248,0,4,13.2,météo favorable
2011-09-03,23,14,9,17,23,16,2.3,96,5.625,1012,48.75,25,20,20,248,116,143,0,4,12,météo favorable
2011-09-04,22,13,14,14,22,20,14.6,96,8.75,1012,58.625,25,21,18,116,116,116,0,5,12,météo défavorable
2011-09-05,17,14,10,16,16,15,15.1,99,4.125,1012,94.625,17,17,16,248,143,248,0,4,8.2,météo défavorable
2011-09-06,18,8,9,11,18,9,0,75,4.5,1025,49.375,18,12,15,143,116,143,0,3,13,météo favorable
2011-09-07,17,9,9,12,17,13,0.2,82,6.75,1027,46.625,17,13,16,113,116,119,0,3,13,météo correcte
2011-09-08,20,10,13,13,20,14,0,77,4.25,1021,44.25,20,15,19,143,113,143,0,3,13,météo favorable
2011-09-09,21,9,23,13,21,13,0,71,9,1013,11.875,21,14,19,113,113,113,0,3,13,météo favorable
2011-09-10,16,3,8,8,16,6,0,62,10,1018,0.375,19,10,14,113,113,113,0,3,12.9,météo correcte
2011-09-11,17,4,19,9,17,12,0,77,8.75,1019,15.375,17,12,15,113,113,113,0,4,12.9,météo correcte
2011-09-12,20,10,13,13,20,12,0.4,91,5.125,1012,65.125,20,15,16,248,116,143,0,3,11.9,météo défavorable
2011-09-13,21,13,22,15,21,17,9.6,92,5.625,1012,63.75,24,19,19,248,116,248,0,4,10.6,météo correcte
2011-09-14,14,4,15,9,14,5,0,76,4,1014,57.875,15,10,13,143,113,248,0,2,12.8,météo correcte
2011-09-15,10,4,11,10,9,6,6.4,97,7.125,1015,56.625,10,10,8,143,119,113,0,2,7.5,météo très défavorable
2011-09-16,10,3,26,6,10,5,0,67,9,1025,16.25,10,4,5,113,113,113,0,3,11.6,météo très défavorable
2011-09-17,14,1,13,5,14,6,0,71,7,1032,7.125,14,8,11,113,113,143,0,3,11.6,météo très défavorable
2011-09-18,15,1,7,8,15,3,0,70,7,1035,2.75,17,11,16,113,113,143,0,2,11.6,météo très défavorable
2011-09-19,16,1,10,9,16,7,0,70,10,1029,4.625,17,12,16,113,113,113,0,3,11.6,météo très défavorable
2011-09-20,13,6,12,9,13,11,2,98,2.875,1018,83.625,14,13,9,248,143,248,0,2,6.1,météo défavorable
2011-09-21,18,7,15,10,18,7,0,84,4.25,1022,46.625,18,14,15,143,113,248,0,3,11.6,météo favorable
2011-09-22,20,8,14,13,20,15,2.2,89,6.375,1020,65.75,20,18,19,116,119,248,0,3,8.8,météo défavorable
2011-09-23,21,12,7,16,21,12,0,76,6.5,1020,36,25,17,21,143,113,113,0,4,11.6,météo favorable
2011-09-24,22,13,8,16,22,13,0.3,85,7.375,1019,46.375,25,18,20,119,116,143,0,5,10.2,météo favorable
2011-09-25,22,13,16,16,22,17,0.1,82,5.5,1019,44,25,18,21,143,113,116,0,4,11.6,météo favorable
2011-09-26,20,11,15,12,20,13,0,76,6,1017,9.5,20,15,18,113,116,143,0,3,11.6,météo favorable
2011-09-27,19,9,10,14,19,10,0,75,8,1019,3.25,19,16,17,113,113,113,0,3,11.6,météo favorable
2011-09-28,20,8,10,10,20,16,0,84,7.75,1019,38.75,20,17,18,113,116,143,0,4,10.2,météo favorable
2011-09-29,18,10,11,12,18,14,13,89,3.875,1013,79.875,18,15,15,143,119,248,0,3,7.4,météo défavorable
2011-09-30,15,10,19,13,15,11,3.4,95,6.375,1007,72.625,15,14,12,122,116,143,0,3,8.8,météo défavorable
2011-10-01,8,5,14,7,6,5,2.4,93,6.5,1018,71.75,8,8,3,119,116,143,0,2,7.3,météo très défavorable
2011-10-02,10,4,18,6,10,7,1.5,85,9.875,1020,51.75,10,7,7,116,116,116,0,2,11.6,météo très défavorable
2011-10-03,11,8,11,9,10,8,1.4,91,5.375,1020,87.375,11,10,9,248,119,248,0,2,5.9,météo défavorable
2011-10-04,12,6,11,9,11,8,0,77,6.75,1020,64.375,12,8,10,143,116,116,0,2,10.2,météo défavorable
2011-10-05,10,1,25,6,10,3,0.5,59,9,1023,34.25,10,5,5,113,113,113,0,2,11.6,météo très défavorable
2011-10-06,8,-2,16,0,8,0,0,50,10,1027,14.625,8,0,2,113,113,116,0,2,11.6,météo très défavorable
2011-10-07,11,-1,13,2,11,5,0,74,7.75,1030,29.5,11,7,7,113,116,143,0,3,11.6,météo très défavorable
2011-10-08,17,8,20,10,17,14,0,89,6.5,1027,46.125,17,15,12,248,113,143,0,4,10.1,météo correcte
2011-10-09,20,12,18,12,20,16,0,84,9,1024,8,20,16,17,113,113,113,0,5,11.6,météo favorable
2011-10-10,15,7,19,12,15,8,0,64,7.75,1023,14.625,15,14,12,113,113,113,0,3,11.5,météo correcte
2011-10-11,14,4,5,7,14,6,0,70,10,1027,15.375,15,8,13,116,113,113,0,3,11.5,météo correcte
2011-10-12,14,5,10,7,14,7,0,73,9,1025,11.625,15,8,12,113,113,113,0,3,11.5,météo correcte
2011-10-13,12,5,12,8,12,11,0.2,87,6,1018,74.75,13,10,10,116,116,143,0,2,10.1,météo très défavorable
2011-10-14,16,10,21,13,16,14,18.6,96,7.125,1010,87,16,15,14,248,122,122,0,3,4.1,météo très défavorable
2011-10-15,14,7,31,10,11,7,7.6,93,8.125,992,87.625,14,14,7,122,200,119,0,3,5.5,météo défavorable
2011-10-16,8,5,28,5,8,6,2.9,94,8.75,1000,75.5,8,7,2,122,119,143,0,2,5.5,météo très défavorable
2011-10-17,9,5,21,6,9,5,2.7,93,8.5,1001,76.875,9,6,3,122,119,119,0,2,7.1,météo très défavorable
2011-10-18,9,5,22,6,9,7,1.5,91,6.75,1013,83.625,9,7,4,122,119,116,0,2,5.5,météo très défavorable
2011-10-19,12,2,12,5,12,7,0,82,7.75,1018,44.75,13,7,9,143,113,113,0,2,7.1,météo très défavorable
2011-10-20,8,6,32,6,8,8,8.9,95,8.25,1012,79.25,8,8,2,119,119,248,0,3,3.9,météo très défavorable
2011-10-21,10,7,21,7,10,8,1.3,92,5.75,1010,84.75,10,9,6,143,122,248,0,2,3.9,météo défavorable
2011-10-22,9,4,13,6,9,5,0.3,87,7.5,1016,78,9,7,6,248,119,119,0,2,5.5,météo très défavorable
2011-10-23,9,2,11,2,9,4,0,77,6,1019,29.5,9,3,6,143,116,116,0,1,7.1,météo très défavorable
2011-10-24,11,1,10,3,11,5,0.4,80,5.75,1020,36.875,11,5,7,248,113,116,0,2,8.7,météo très défavorable
2011-10-25,8,3,24,6,8,4,0,93,7.5,1012,67.875,8,6,3,122,119,116,0,2,5.5,météo très défavorable
2011-10-26,6,-1,13,0,6,1,0,72,10,1013,13.5,6,0,1,113,113,113,0,2,8.7,météo très défavorable
2011-10-27,4,-2,13,-1,4,0,0,56,10,1012,31,4,0,0,119,113,113,0,1,8.7,météo très défavorable
2011-10-28,4,-2,26,-2,4,-1,0,57,10,1022,29,4,0,-2,116,116,113,0,2,8.7,météo très défavorable
2011-10-29,5,-3,4,-3,5,0,0,62,10,1026,29.125,5,0,1,113,116,119,0,2,8.7,météo très défavorable
2011-10-30,4,-3,15,0,4,-3,0.3,74,9,1023,48,4,0,-2,122,116,113,0.2,1,8.7,météo très défavorable
2011-10-31,6,-3,8,-2,6,2,0,91,8,1027,39.875,7,2,2,113,116,143,0,2,8.7,météo très défavorable
2011-11-01,8,0,10,0,8,1,0,88,6,1028,43.375,8,3,3,116,113,143,0,1,8.7,météo très défavorable
2011-11-02,10,1,17,2,10,5,0,91,5.75,1026,42.125,10,6,4,143,113,143,0,1,8.7,météo très défavorable
2011-11-03,8,1,20,5,8,4,2,92,7.75,1016,67,8,7,3,143,122,116,0,2,3.7,météo très défavorable
2011-11-04,4,-2,22,-1,4,-1,0,68,10,1025,26.375,4,0,-2,116,119,113,0,2,5.4,météo très défavorable
2011-11-05,5,-2,9,-2,5,-1,0,64,10,1031,2.75,5,0,-1,113,113,113,0,2,8.7,météo très défavorable
2011-11-06,6,-3,17,-3,6,1,0,69,10,1028,23.75,6,0,-1,113,113,116,0,2,8.7,météo très défavorable
2011-11-07,7,-1,19,-1,7,7,0,91,10,1023,45.375,7,7,3,113,119,116,0,2,7,météo très défavorable
2011-11-08,9,2,18,2,9,3,0.1,82,10,1023,13.875,9,5,4,113,113,116,0,3,8.7,météo très défavorable
2011-11-09,9,5,10,5,9,6,1.5,94,5.875,1023,65.75,9,7,5,122,119,143,0,2,5.3,météo très défavorable
2011-11-10,12,5,13,6,12,7,1.8,97,4.125,1013,86.5,12,9,8,248,119,143,0,2,3.7,météo très défavorable
2011-11-11,5,-1,23,2,4,0,0.4,75,9.375,1002,32.5,5,4,-3,116,113,116,0,2,8.7,météo très défavorable
2011-11-12,3,-2,26,-2,2,3,1.1,91,9.875,1013,54.625,3,2,-4,116,122,116,0,2,3.6,météo très défavorable
2011-11-13,9,1,12,3,9,4,0,86,7.75,1016,58.875,9,5,4,143,119,116,0,1,7,météo très défavorable
2011-11-14,11,5,25,7,11,9,0,95,5.25,1006,82.875,11,10,7,248,122,248,0,3,5.3,météo très défavorable
2011-11-15,9,3,23,6,9,5,6.2,86,7.375,1011,46.875,9,8,4,116,113,113,0,2,7,météo très défavorable
2011-11-16,9,2,14,3,9,7,0.8,90,5.5,1012,52.375,9,6,4,143,113,143,0,3,8.7,météo très défavorable
2011-11-17,3,-2,18,0,3,-2,0,69,10,1009,27.625,3,1,-3,113,116,113,0,2,8.7,météo très défavorable
2011-11-18,0,-3,20,-3,0,-3,0,45,10,1022,28.25,0,0,-7,113,113,116,0,2,8.7,météo très défavorable
2011-11-19,3,-2,20,-2,3,0,0.6,85,9,1021,53.375,3,0,-4,119,116,113,0.5,1,7,météo très défavorable
2011-11-20,5,-4,22,2,5,-4,4.6,96,8.625,1023,49.625,5,4,-4,122,116,113,0,2,7,météo très défavorable
2011-11-21,-2,-6,8,-6,-2,-6,0,36,10,1030,6.125,0,0,-7,113,116,113,0,2,8.7,météo très défavorable
2011-11-22,-2,-8,10,-8,-2,-5,0,51,10,1031,12.5,0,0,-8,113,113,116,0,2,8.7,météo très défavorable
2011-11-23,-4,-8,16,-5,-4,-6,1,85,8.625,1025,60.625,0,0,-10,122,122,113,0.9,2,5.3,météo très défavorable
2011-11-24,-1,-8,13,-8,-2,-3,0,90,7.75,1018,65.625,0,0,-9,113,122,143,0,2,5.2,météo très défavorable
2011-11-25,2,0,18,1,2,2,0.5,97,9,1014,90,3,2,-2,122,122,119,0,1,3.4,météo très défavorable
2011-11-26,4,0,6,0,4,2,0,88,8,1025,44.875,5,1,1,143,116,116,0,2,8.7,météo très défavorable
2011-11-27,4,0,15,0,4,3,2.3,93,7.625,1024,58.125,4,3,-3,119,119,143,0,2,6.9,météo très défavorable
2011-11-28,7,-1,24,7,4,-1,10.1,88,9.25,1021,49.375,7,7,-2,122,113,113,0,1,6.9,météo très défavorable
2011-11-29,5,0,6,1,3,5,3.5,95,8.625,1020,79.5,5,4,2,122,122,143,0,2,3.3,météo très défavorable
2011-11-30,9,2,21,8,7,3,3.7,95,8.5,1008,77.25,9,8,1,143,119,116,0,2,5,météo très défavorable
2011-12-01,0,-4,12,-3,0,-3,0,55,10,1025,16.375,0,0,-6,113,113,113,0,2,8.5,météo très défavorable
2011-12-02,-2,-5,6,-4,-2,-4,2.4,94,7,1032,67,0,0,-5,122,122,143,1.9,2,3.2,météo très défavorable
2011-12-03,-3,-7,8,-7,-3,-6,0,64,10,1039,12.625,0,0,-7,113,116,116,0,2,8.5,météo très défavorable
2011-12-04,2,-5,14,-4,2,1,0.5,86,9,1030,39.875,2,0,-4,116,113,116,0,2,8.5,météo très défavorable
2011-12-05,3,2,12,2,3,3,6.6,99,5.875,1023,98.75,3,3,0,122,248,248,0,1,3.2,météo très défavorable
2011-12-06,1,-2,10,0,1,-2,5.2,98,3.625,1022,79.875,2,1,-3,143,248,143,0.3,1,5,météo très défavorable
2011-12-07,0,-3,4,-2,0,-2,0.6,97,6.625,1017,72.125,1,0,-2,143,119,143,0.4,1,3.2,météo très défavorable
2011-12-08,-1,-6,30,-3,-2,-6,2.4,82,7.25,1016,65.5,0,0,-10,113,122,119,2.1,1,6.8,météo très défavorable
2011-12-09,-1,-5,17,-5,-1,-2,2,95,8,1022,69.75,0,0,-7,116,119,122,1.7,2,3.1,météo très défavorable
2011-12-10,-1,-9,15,-6,-5,-9,0.6,85,9.375,1027,34.75,0,0,-12,113,116,113,0.5,1,8.4,météo très défavorable
2011-12-11,-4,-11,22,-11,-5,-5,0.4,90,8.75,1032,59.625,0,0,-13,113,119,122,0.4,2,3.1,météo très défavorable
2011-12-12,0,-4,16,-4,0,-4,0.1,93,8,1029,43,0,0,-6,116,116,143,0,1,8.4,météo très défavorable
2011-12-13,0,-5,6,-4,0,-5,0.2,96,6,1029,69.5,1,0,-3,143,119,116,0.2,1,3.1,météo très défavorable
2011-12-14,-1,-5,6,-5,-1,-5,0,93,9,1031,36.625,1,0,-4,116,113,113,0,1,8.3,météo très défavorable
2011-12-15,3,-2,13,-1,1,2,10.7,99,8.125,1021,100,3,3,-3,122,122,122,0.9,1,3.1,météo très défavorable
2011-12-16,4,-10,27,1,-1,-8,0.8,80,8.625,1019,53.625,4,4,-10,116,116,113,0.1,1,6.8,météo très défavorable
2011-12-17,-10,-14,11,-12,-11,-14,0,85,10,1026,16,0,0,-17,113,113,113,0,2,8.3,météo très défavorable
2011-12-18,-10,-15,7,-15,-10,-14,0,80,10,1027,11.625,0,0,-16,113,113,113,0,2,8.3,météo très défavorable
2011-12-19,-1,-13,13,-10,-5,-1,3.4,95,7,1021,70.875,0,0,-13,119,143,119,3,2,3.1,météo très défavorable
2011-12-20,-7,-13,13,-12,-11,-13,0,84,10,1022,21.75,0,0,-19,113,113,116,0,2,8.3,météo très défavorable
2011-12-21,-2,-13,10,-13,-5,-3,0.7,94,7.25,1019,54.75,0,0,-9,113,113,143,0.1,1,6.8,météo très défavorable
2011-12-22,-1,-4,12,-4,-1,-4,0.1,94,7,1019,51.125,0,0,-8,113,119,116,0,1,6.9,météo très défavorable
2011-12-23,-4,-16,14,-4,-6,-14,2.2,92,5.625,1028,63.875,0,0,-14,143,122,113,1.9,1,5.1,météo très défavorable
2011-12-24,-14,-20,4,-18,-14,-19,0,86,10,1035,20.5,0,0,-18,116,113,116,0,2,8.7,météo très défavorable
2011-12-25,-8,-20,8,-18,-10,-9,0.5,96,7,1032,72.375,0,0,-16,116,122,143,0.4,2,5.1,météo très défavorable
2011-12-26,-7,-11,11,-11,-7,-9,0.1,94,7.625,1019,51.625,0,0,-15,116,116,119,0.1,1,8.7,météo très défavorable
2011-12-27,-1,-6,9,-6,-1,-2,1.5,94,7.625,1014,61.875,0,0,-7,113,119,119,0,1,6.9,météo très défavorable
2011-12-28,2,-14,22,2,-1,-11,5.9,100,6.625,997,90.5,2,2,-15,122,119,119,1,1,3.3,météo très défavorable
2011-12-29,-17,-22,26,-21,-18,-20,0,91,10,1015,51.125,0,0,-32,116,119,116,0,1,5.1,météo très défavorable
2011-12-30,-10,-23,5,-23,-13,-13,0,91,10,1023,23.375,0,0,-21,113,113,116,0,2,8.7,météo très défavorable
2011-12-31,-1,-9,10,-7,-1,-4,1.1,96,3.25,1020,88.125,0,0,-8,143,143,143,0.7,1,3.3,météo très défavorable
2012-01-01,-1,-10,9,-10,-2,-3,1.4,96,1.25,1018,67.25,0,0,-6,260,143,143,1.2,1,3.3,météo très défavorable
2012-01-02,1,-11,27,0,-1,-7,2.7,94,6.625,1003,82.5,1,1,-9,122,122,116,0.8,1,3.3,météo très défavorable
2012-01-03,-13,-23,13,-19,-18,-22,0,93,10,1020,50.75,0,0,-27,116,119,116,0,2,5.1,météo très défavorable
2012-01-04,-16,-24,10,-24,-18,-18,0.2,93,8.375,1021,52.625,0,0,-27,113,116,143,0.2,2,6.9,météo très défavorable
2012-01-05,-9,-21,16,-11,-9,-17,0.3,93,5.75,1013,57.875,0,0,-20,260,119,113,0.3,1,6.9,météo très défavorable
2012-01-06,-10,-22,9,-18,-11,-10,4,96,7.25,1014,75.25,0,0,-18,119,122,338,3.4,2,3.3,météo très défavorable
2012-01-07,-11,-16,15,-16,-11,-15,1,96,6,1016,74.25,0,0,-20,119,122,122,0,1,3.3,météo très défavorable
2012-01-08,-6,-16,11,-10,-9,-16,0,93,8.25,1025,39.5,0,0,-18,119,116,113,0,1,8.7,météo très défavorable
2012-01-09,-8,-11,17,-11,-8,-11,1.3,94,5.125,1018,74.125,0,0,-16,122,119,119,0,1,3.3,météo très défavorable
2012-01-10,-2,-18,21,-4,-4,-16,2.1,96,8,1019,64.375,0,0,-18,122,116,116,1.8,1,6.9,météo très défavorable
2012-01-11,-14,-25,5,-25,-14,-15,0,93,10,1024,25.75,0,0,-23,113,113,116,0,2,8.7,météo très défavorable
2012-01-12,-9,-14,25,-13,-9,-10,1.4,92,8,1022,73.875,0,0,-19,116,119,122,1.1,1,5.1,météo très défavorable
2012-01-13,-3,-10,14,-9,-4,-3,5.2,96,4.375,1003,88.375,0,0,-12,143,143,143,4.5,1,3.3,météo très défavorable
2012-01-14,-10,-23,17,-19,-17,-22,0.1,89,9.625,1020,63.25,0,0,-28,116,116,119,0.1,2,6.9,météo très défavorable
2012-01-15,-19,-26,13,-26,-19,-23,0,94,8,1032,48.75,0,0,-31,113,116,143,0,1,8.7,météo très défavorable
2012-01-16,-12,-24,8,-24,-16,-15,0.2,95,5.125,1034,54.25,0,0,-24,260,116,116,0.1,1,8.7,météo très défavorable
2012-01-17,-4,-10,8,-10,-4,-5,5.1,96,3.75,1014,93.25,0,0,-8,143,119,143,4.3,1,3.4,météo très défavorable
2012-01-18,-1,-22,31,-6,-13,-20,3,87,6.75,1021,60.125,0,0,-26,122,116,113,2.5,1,6.9,météo très défavorable
2012-01-19,-15,-24,13,-24,-15,-16,0,92,10,1025,27.5,0,0,-22,113,113,116,0,2,8.7,météo très défavorable
2012-01-20,-9,-23,18,-11,-10,-20,0.2,94,5.375,1027,69.375,0,0,-23,260,119,143,0.2,1,3.4,météo très défavorable
2012-01-21,-15,-24,8,-24,-15,-21,0,96,8,1029,18.25,0,0,-23,113,116,113,0,2,8.7,météo très défavorable
2012-01-22,-12,-23,5,-23,-12,-17,0,95,5.5,1034,43.75,0,0,-19,260,116,116,0,1,6.9,météo très défavorable
2012-01-23,0,-17,14,-13,-4,-4,3.1,95,7.125,1029,44.625,0,0,-10,113,116,143,0,2,8.7,météo très défavorable
2012-01-24,1,-2,21,1,0,-1,2.1,99,8,1012,90.625,2,2,-6,122,122,122,0.2,1,5.2,météo très défavorable
2012-01-25,-4,-15,15,-9,-8,-14,0,92,9,1025,51.25,0,0,-16,113,119,143,0,1,5.2,météo très défavorable
2012-01-26,-9,-21,5,-18,-9,-21,0,93,9,1025,18.25,0,0,-15,113,113,143,0,2,8.7,météo très défavorable
2012-01-27,-6,-9,23,-6,-6,-7,4.1,95,7.125,1016,94.625,0,0,-14,122,122,143,3.5,1,3.5,météo très défavorable
2012-01-28,-3,-10,10,-10,-3,-7,0.3,94,6,1013,58.75,0,0,-11,143,116,143,0.2,2,5.2,météo très défavorable
2012-01-29,-2,-7,32,-5,-4,-6,1.9,90,7,1011,69.875,0,0,-14,119,119,116,0.2,1,7,météo très défavorable
2012-01-30,-8,-19,15,-17,-13,-19,0,92,9,1024,33,0,0,-22,113,116,143,0,1,8.7,météo très défavorable
2012-01-31,-8,-23,8,-23,-9,-10,0.4,92,6,1025,58.75,0,0,-16,143,119,143,0.3,2,5.2,météo très défavorable
2012-02-01,-8,-10,13,-9,-8,-9,5.4,96,3.375,1016,98.625,0,0,-15,143,122,143,4.6,1,3.5,météo très défavorable
2012-02-02,-7,-17,4,-14,-7,-17,0,93,4.5,1026,76.75,0,0,-10,260,122,143,0,1,3.5,météo très défavorable
2012-02-03,-9,-17,8,-17,-9,-13,0.1,95,7.125,1029,48.25,0,0,-17,116,116,260,0.1,2,7,météo très défavorable
2012-02-04,-9,-19,10,-16,-9,-18,0,91,5,1025,20.375,0,0,-16,143,116,143,0,1,8.7,météo très défavorable
2012-02-05,-10,-20,10,-20,-11,-12,0.2,95,7.375,1023,42,0,0,-18,113,116,143,0.2,2,7,météo très défavorable
2012-02-06,0,-7,26,-3,0,-2,0.3,94,8.75,1009,78,0,0,-7,122,122,116,0.3,1,3.6,météo très défavorable
2012-02-07,-10,-23,12,-15,-11,-23,0,90,8.75,1026,11.375,0,0,-20,113,116,260,0,2,8.7,météo très défavorable
2012-02-08,-8,-23,20,-21,-9,-9,0,92,9,1026,28.5,0,0,-23,143,116,116,0,2,8.7,météo très défavorable
2012-02-09,-4,-8,14,-8,-4,-5,0,94,6.75,1015,81.375,0,0,-12,143,119,143,0,1,3.8,météo très défavorable
2012-02-10,-1,-7,19,-6,-1,-5,0,94,5.75,1015,77,0,0,-9,119,122,143,0,1,3.9,météo très défavorable
2012-02-11,-10,-19,8,-13,-10,-16,0.8,93,4.375,1016,89.75,0,0,-16,143,122,143,0.6,1,3.9,météo très défavorable
2012-02-12,-19,-25,20,-25,-19,-22,0,87,10,1009,30.625,0,0,-30,113,116,113,0,2,8.7,météo très défavorable
2012-02-13,-16,-25,15,-22,-16,-22,0,84,7,1014,40,0,0,-27,143,113,116,0,1,8.7,météo très défavorable
2012-02-14,-5,-21,17,-16,-5,-7,0.2,94,7.375,1017,77.875,0,0,-13,122,119,143,0.2,2,4,météo très défavorable
2012-02-15,-1,-14,4,-10,-1,-14,0.1,99,4.25,1023,64.625,0,0,-2,260,260,260,0,1,4,météo très défavorable
2012-02-16,0,-8,8,-3,0,-6,0.2,100,1.75,1024,75.5,0,0,-3,260,260,260,0.2,1,4,météo très défavorable
2012-02-17,0,-3,20,-1,0,-2,2.8,100,3.875,1013,95.25,0,0,-5,260,122,122,2.4,1,4,météo très défavorable
2012-02-18,-4,-11,16,-6,-4,-8,0,89,8,1014,47.125,0,0,-10,143,116,113,0,1,8.7,météo très défavorable
2012-02-19,-9,-18,11,-18,-9,-16,0,91,6,1020,26.625,0,0,-19,143,116,143,0,1,8.7,météo très défavorable
2012-02-20,-9,-19,14,-19,-9,-14,0,91,7,1025,14.75,0,0,-19,113,113,143,0,1,8.7,météo très défavorable
2012-02-21,-3,-14,12,-12,-3,-6,0,95,8,1026,60,0,0,-9,143,119,116,0,2,4,météo très défavorable
2012-02-22,0,-10,18,-5,0,0,2,100,5.125,1007,86.875,0,0,-5,143,122,260,1.7,1,4.1,météo très défavorable
2012-02-23,0,-4,15,-4,0,-2,0.7,100,4.75,1005,72.25,0,0,-5,260,116,119,0.6,1,7.2,météo très défavorable
2012-02-24,-1,-10,16,-9,-1,-3,4,97,5.75,1009,43,0,0,-6,113,260,122,3.4,1,8.7,météo très défavorable
2012-02-25,-1,-7,15,-4,-1,-3,3.6,93,7,1001,99.25,0,0,-6,122,122,122,3.1,1,4.1,météo très défavorable
2012-02-26,-11,-20,17,-17,-12,-17,0,87,9,1032,28.375,0,0,-22,113,116,143,0,2,8.7,météo très défavorable
2012-02-27,-8,-22,13,-15,-9,-10,2.7,95,6.625,1032,75,0,0,-15,116,122,143,2.2,2,4.1,météo très défavorable
2012-02-28,-7,-16,10,-12,-7,-14,0.4,89,6,1030,47.25,0,0,-13,116,116,143,0.3,1,8.7,météo très défavorable
2012-02-29,-7,-17,5,-17,-7,-11,0,90,9,1029,16.25,0,0,-14,113,113,113,0,1,8.7,météo très défavorable
2012-03-01,-10,-13,24,-12,-10,-12,0.3,86,9.375,1021,70,0,0,-19,116,122,119,0.2,1,5.7,météo très défavorable
2012-03-02,-5,-15,8,-15,-6,-7,0.1,94,6,1021,73.125,0,0,-14,143,122,143,0,1,4.2,météo très défavorable
2012-03-03,1,-8,19,-5,0,-1,5,100,3.75,1011,86.375,1,0,-6,143,122,119,3.3,1,4.2,météo très défavorable
2012-03-04,-2,-14,10,-9,-5,-14,0.1,91,6.375,1004,67.75,0,0,-11,143,119,260,0.1,1,5.7,météo très défavorable
2012-03-05,-10,-18,15,-12,-10,-14,0.5,94,3.625,1026,87.75,0,0,-17,143,122,143,0.4,1,4.2,météo très défavorable
2012-03-06,-11,-21,10,-20,-11,-19,0,92,4.5,1034,32,0,0,-19,143,113,143,0,1,8.7,météo très défavorable
2012-03-07,2,-13,15,-8,0,2,0.7,100,5.125,1032,77.625,2,2,-5,143,119,119,0.5,2,5.7,météo très défavorable
2012-03-08,6,2,23,3,5,5,12.3,100,8,1012,87,6,5,0,119,122,122,0,2,4.2,météo très défavorable
2012-03-09,-3,-14,14,-14,-7,-12,0.1,85,9.625,1024,33.875,0,0,-19,113,113,119,0.1,2,8.7,météo très défavorable
2012-03-10,-6,-17,12,-12,-6,-13,0,81,7.75,1033,44.75,0,0,-12,116,113,116,0,1,8.7,météo très défavorable
2012-03-11,1,-10,12,-7,-1,-1,0.7,99,3,1029,67.5,1,1,-5,116,260,260,0.5,1,5.8,météo très défavorable
2012-03-12,1,-3,10,-1,1,-3,0.3,100,0.5,1025,78.5,1,1,-2,143,248,260,0,1,4.3,météo très défavorable
2012-03-13,2,-2,20,0,-1,-2,2.7,99,4.125,1019,86,2,2,-5,119,260,143,0,1,4.3,météo très défavorable
2012-03-14,0,-6,16,-5,-2,-5,2.9,95,8.5,1028,83.375,0,0,-8,119,122,119,0.2,1,6,météo très défavorable
2012-03-15,-1,-8,10,-7,-2,-8,0,99,4.75,1032,50.5,0,0,-7,143,260,143,0,2,8.8,météo très défavorable
2012-03-16,1,-3,5,-1,1,1,0.5,100,1,1024,97.875,1,1,-1,143,248,248,0,1,6,météo très défavorable
2012-03-17,1,-4,6,-1,0,0,0,100,1.75,1027,61.875,1,1,-1,113,248,260,0,1,7.4,météo très défavorable
2012-03-18,5,2,13,2,4,5,1.8,100,6,1021,84.875,5,5,0,119,122,200,0,1,6,météo très défavorable
2012-03-19,4,0,12,3,3,0,2.4,100,2.5,1024,88.25,4,4,-1,248,248,248,0,1,6,météo très défavorable
2012-03-20,10,4,17,4,10,7,0.2,99,1.5,1023,87.125,10,9,6,248,119,248,0,2,6.1,météo très défavorable
2012-03-21,15,8,14,8,14,12,0.2,97,3.75,1024,74.125,16,13,10,248,116,116,0,3,11.8,météo défavorable
2012-03-22,16,5,18,10,16,9,0.1,85,8.75,1019,25.875,16,12,14,113,113,113,0,4,12.6,météo correcte
2012-03-23,7,-2,24,3,7,2,0,55,10,1023,9.75,7,3,2,113,113,113,0,2,12.6,météo très défavorable
2012-03-24,6,-3,12,-1,5,1,0,54,10,1024,18.375,7,0,2,113,113,113,0,2,12.6,météo très défavorable
2012-03-25,3,0,11,0,3,2,2.3,95,6.375,1016,83.375,3,2,0,122,122,248,0,2,7.9,météo très défavorable
2012-03-26,-3,-10,31,-7,-3,-7,0.1,58,9.625,1018,30.125,0,0,-12,119,119,113,0.1,2,11.9,météo très défavorable
2012-03-27,-1,-12,15,-11,-1,-3,0,45,10,1026,15.25,0,0,-10,113,113,116,0,2,12.7,météo très défavorable
2012-03-28,-2,-4,17,-4,-3,-4,3.2,94,7,1019,79.875,0,0,-9,116,122,122,2.7,2,9.3,météo très défavorable
2012-03-29,2,-3,15,-2,2,-2,0.2,75,9,1012,67.125,2,0,-2,119,122,119,0.2,2,9.3,météo très défavorable
2012-03-30,0,-6,21,-5,0,-3,0,68,10,1018,11.25,0,0,-8,113,113,113,0,2,12.8,météo très défavorable
2012-03-31,3,-8,6,-4,3,-3,0,82,10,1018,18.125,6,0,1,116,113,113,0,2,12.9,météo très défavorable
2012-04-01,5,-6,12,-2,5,0,0.5,76,9.875,1012,48.75,5,0,1,113,122,122,0,2,10.6,météo très défavorable
2012-04-02,3,-5,18,-2,3,-2,0,71,10,1011,15.25,3,0,-3,113,113,116,0,2,12.9,météo très défavorable
2012-04-03,3,-5,14,-3,3,1,0,68,10,1012,25.5,3,0,-4,113,113,116,0,2,13,météo très défavorable
2012-04-04,4,-2,20,0,4,0,0.5,72,9,1005,70.5,4,0,-1,119,116,116,0.4,1,10.7,météo très défavorable
2012-04-05,3,-3,27,-1,3,-1,0.1,60,10,1011,46.25,3,0,-4,113,119,116,0.1,2,12,météo très défavorable
2012-04-06,3,-4,24,-2,3,-1,0.1,58,10,1015,35.125,3,0,-5,113,116,116,0,2,13.1,météo très défavorable
2012-04-07,5,-3,11,0,5,-3,0.1,64,10,1019,64,5,0,1,116,119,119,0,1,9.5,météo très défavorable
2012-04-08,5,-2,15,1,5,1,1.5,85,8.75,1016,56,5,1,1,119,116,143,0,2,12,météo très défavorable
2012-04-09,5,-3,10,1,5,1,0.7,70,8.25,997,59.25,5,0,3,119,119,116,0.1,1,12,météo très défavorable
2012-04-10,6,-3,12,1,6,2,1.1,86,6.875,1005,67,6,2,3,122,122,119,0,1,9.5,météo très défavorable
2012-04-11,9,-2,9,3,9,2,0.3,68,7.875,1016,49.25,10,3,7,116,116,113,0,1,12,météo très défavorable
2012-04-12,9,0,10,4,9,3,0.6,65,10,1019,48,9,2,6,116,116,116,0,2,12,météo très défavorable
2012-04-13,11,0,18,3,11,6,0,49,10,1020,19,11,0,6,116,113,113,0,3,13.3,météo très défavorable
2012-04-14,13,1,22,5,13,9,0.1,51,10,1016,41.375,13,5,7,113,116,122,0,3,13.3,météo très défavorable
2012-04-15,16,4,22,7,16,12,0.4,72,8.875,1012,37.75,16,10,12,116,113,113,0,4,13.3,météo correcte
2012-04-16,23,8,24,11,23,18,5.9,89,6,1012,59.25,25,16,16,122,200,113,0,4,12.2,météo correcte
2012-04-17,16,2,27,11,11,6,0.3,73,9.875,1025,26,16,15,7,113,116,116,0,4,13.8,météo correcte
2012-04-18,10,-1,5,1,10,3,0,46,10,1028,4.75,11,0,7,113,113,113,0,2,13.9,météo très défavorable
2012-04-19,14,0,17,4,13,9,0,52,10,1020,30,14,7,9,113,113,116,0,3,13.9,météo très défavorable
2012-04-20,7,2,11,5,7,3,11.3,87,8.125,1017,79.5,7,3,3,116,122,143,0,2,8.7,météo très défavorable
2012-04-21,3,-1,13,3,2,0,11.5,93,7.875,1016,88.375,3,2,-2,143,122,119,0,1,8.7,météo très défavorable
2012-04-22,4,-1,17,0,4,0,3.4,88,8,1019,70.375,4,1,-1,119,116,119,2.9,1,12.2,météo très défavorable
2012-04-23,4,-1,34,0,1,2,15.3,99,6.25,1016,92.375,4,3,-7,122,122,122,0,1,8.8,météo très défavorable
2012-04-24,9,3,21,6,9,5,3.4,80,8.75,1002,62.5,9,6,5,143,116,116,0,2,12.2,météo très défavorable
2012-04-25,8,1,16,5,8,4,1,74,8,1010,60,8,3,5,119,119,116,0,2,11.1,météo très défavorable
2012-04-26,8,-2,14,3,8,5,2.8,67,7.75,1011,53.25,8,3,4,116,119,119,0,1,10,météo très défavorable
2012-04-27,4,-4,28,4,2,-2,1.9,87,6.25,1013,66,4,3,-4,143,122,113,0,1,11.1,météo très défavorable
2012-04-28,3,-5,28,-3,3,-1,0,47,10,1017,8.375,3,0,-6,113,113,113,0,2,14.2,météo très défavorable
2012-04-29,3,-5,21,-3,3,-1,0,48,10,1023,20,3,0,-5,113,116,116,0,2,13.4,météo très défavorable
2012-04-30,10,-4,14,1,9,0,0,57,10,1026,18,10,2,3,113,113,116,0,2,14.2,météo très défavorable
2012-05-01,11,1,15,4,11,5,0.3,77,8.375,1021,61.25,11,5,6,119,119,119,0,3,10,météo très défavorable
2012-05-02,13,-1,10,5,13,7,0,69,7.75,1023,29.25,14,7,12,113,116,116,0,2,14.3,météo très défavorable
2012-05-03,17,3,6,8,17,9,0.1,70,8,1021,26.625,17,10,14,113,113,116,0,2,14.3,météo correcte
2012-05-04,15,8,14,10,13,10,2.4,94,7,1015,74.875,15,11,11,116,122,248,0,4,10.3,météo défavorable
2012-05-05,14,2,7,5,14,6,0,56,9,1023,2.5,16,6,16,113,113,113,0,2,14.5,météo correcte
2012-05-06,14,0,4,6,14,4,0,44,10,1023,22,16,4,13,116,113,113,0,3,14.5,météo très défavorable
2012-05-07,16,-1,12,10,16,7,0,47,10,1021,3.625,17,5,16,113,113,113,0,3,14.5,météo très défavorable
2012-05-08,12,5,15,10,10,7,1.7,94,6.375,1014,85.25,12,10,7,116,122,248,0,2,9.3,météo très défavorable
2012-05-09,14,6,5,7,13,10,5.7,94,5.625,1008,93.25,14,12,9,248,122,248,0,2,9.3,météo défavorable
2012-05-10,11,6,9,9,10,8,2.5,92,4.5,1000,85.25,11,9,9,143,122,143,0,2,9.3,météo défavorable
2012-05-11,11,4,22,5,9,6,0.8,79,7.75,1015,57.25,11,5,2,119,119,113,0,2,11.4,météo très défavorable
2012-05-12,16,0,15,7,15,7,0,54,10,1018,13.625,17,6,9,113,113,113,0,3,14.5,météo très défavorable
2012-05-13,16,6,8,10,15,10,2.5,87,8.25,1021,53.75,16,11,13,122,116,113,0,3,13.5,météo correcte
2012-05-14,19,3,8,13,19,12,0,54,7,1020,1.625,21,11,19,113,113,113,0,3,14.5,météo favorable
2012-05-15,19,8,12,13,19,14,3.6,91,4.375,1017,92.5,19,16,16,143,119,143,0,3,9.4,météo défavorable
2012-05-16,20,11,16,13,20,14,1.1,86,6.5,1012,54.5,20,15,17,143,113,116,0,3,13.5,météo favorable
2012-05-17,11,4,23,5,11,7,0.2,59,10,1020,28.625,11,7,5,113,116,113,0,2,14.5,météo très défavorable
2012-05-18,16,2,20,9,16,12,0,76,10,1021,19.375,16,11,13,113,116,113,0,3,14.5,météo correcte
2012-05-19,20,6,15,13,19,14,0,63,10,1021,30.125,20,13,18,116,116,113,0,4,14.5,météo favorable
2012-05-20,25,8,14,17,25,19,0,67,10,1023,5.75,27,19,23,113,113,113,0,5,14.5,météo favorable
2012-05-21,25,11,17,19,25,19,0,63,10,1021,4.25,26,17,23,113,113,113,0,5,14.5,météo favorable
2012-05-22,18,11,6,17,17,14,7.4,98,5.375,1015,68.125,18,17,16,116,248,248,0,4,10.5,météo défavorable
2012-05-23,20,8,5,13,20,12,0,57,9,1018,17.125,24,12,20,113,113,113,0,3,14.5,météo favorable
2012-05-24,23,7,11,15,23,19,0.1,74,9,1021,11.875,25,19,21,113,113,113,0,5,14.5,météo favorable
2012-05-25,23,14,20,17,23,19,3.2,80,7.5,1020,60.125,25,18,21,116,113,119,0,4,13.5,météo correcte
2012-05-26,18,8,19,14,18,12,0,57,7.5,1023,28.375,18,16,16,113,113,113,0,3,14.5,météo favorable
2012-05-27,16,4,13,12,16,12,0.1,65,10,1024,28.625,16,8,14,113,113,116,0,4,14.5,météo correcte
2012-05-28,12,8,10,12,11,9,0.2,73,10,1019,64.75,12,7,9,116,122,116,0,4,13.6,météo défavorable
2012-05-29,16,8,12,9,16,14,2.8,96,7.875,1011,90.375,16,14,11,122,122,143,0,3,9.8,météo défavorable
2012-05-30,20,11,20,15,20,15,1.4,68,7.375,1005,46.125,20,15,19,248,113,113,0,4,13.6,météo favorable
2012-05-31,15,6,14,12,15,10,1.1,82,8.875,1016,31.5,16,12,14,143,113,113,0,4,13.6,météo correcte
2012-06-01,19,3,6,12,19,13,0,61,10,1019,20.625,19,11,17,116,113,116,0,4,14.5,météo favorable
2012-06-02,14,10,22,11,14,11,13.5,96,7.625,1016,88.625,14,11,8,122,116,248,0,3,10.8,météo défavorable
2012-06-03,9,8,18,9,8,9,18.2,98,6.25,1012,97.125,9,9,5,122,122,248,0,2,9.9,météo très défavorable
2012-06-04,14,7,19,8,14,10,0.6,73,8.25,1013,46.875,14,9,11,143,116,113,0,3,12.7,météo correcte
2012-06-05,19,5,15,13,19,11,0.4,67,9.875,1015,21.125,19,10,16,113,113,113,0,4,14.5,météo favorable
2012-06-06,16,6,7,11,16,11,0.5,71,7.375,1017,50.125,16,11,14,116,113,116,0,3,14.5,météo correcte
2012-06-07,17,6,7,11,17,12,0.9,79,8.625,1016,50.375,18,13,17,116,116,248,0,4,13.6,météo correcte
2012-06-08,16,9,11,12,16,13,3.9,93,4.625,1010,61.375,16,14,14,143,200,143,0,3,11.7,météo correcte
2012-06-09,19,6,15,12,19,12,0,71,8,1013,7.375,19,11,16,113,113,113,0,3,14.5,météo favorable
2012-06-10,21,7,5,15,21,14,0,74,10,1021,5.875,25,14,19,113,113,113,0,4,14.5,météo favorable
2012-06-11,24,9,10,16,24,21,0,76,5.75,1022,33.75,26,21,22,116,113,143,0,4,14.5,météo favorable
2012-06-12,25,13,13,19,25,19,1.9,79,7.25,1017,60,26,20,23,116,113,119,0,4,13.6,météo correcte
2012-06-13,20,9,17,16,20,14,6.3,91,6.875,1022,47.375,20,16,17,248,176,113,0,4,12.7,météo favorable
2012-06-14,21,5,4,13,21,12,0,53,10,1028,1.125,24,12,21,113,113,113,0,4,14.5,météo favorable
2012-06-15,20,7,11,14,20,14,0,56,10,1030,3.25,21,12,19,113,113,113,0,4,14.5,météo favorable
2012-06-16,22,8,9,15,22,16,0,65,10,1028,21.75,25,16,19,119,113,113,0,5,13.6,météo favorable
2012-06-17,24,8,9,17,24,18,0,74,8,1022,10.125,26,18,22,113,113,113,0,4,14.5,météo favorable
2012-06-18,24,10,9,17,24,18,0,74,7.5,1017,30.25,27,18,22,116,113,113,0,4,14.5,météo favorable
2012-06-19,21,10,13,16,21,21,0.7,89,5.875,1017,70.75,24,21,21,116,119,143,0,4,11.8,météo défavorable
2012-06-20,26,18,16,21,26,22,1.3,73,6.75,1014,40.625,27,22,24,143,113,143,0,5,14.5,météo favorable
2012-06-21,27,15,9,19,27,23,1.2,79,7.375,1010,53.625,29,23,25,116,116,248,0,6,13.6,météo favorable
2012-06-22,25,16,14,22,24,20,1,90,6.5,1009,50.375,26,21,23,143,113,113,0,5,13.6,météo favorable
2012-06-23,23,13,3,18,23,16,1.4,69,9.875,1013,17.375,25,17,23,113,113,113,0,5,14.5,météo favorable
2012-06-24,23,12,12,17,23,18,1.3,76,10,1013,15.75,25,17,21,113,113,116,0,5,14.5,météo favorable
2012-06-25,18,13,13,15,17,14,8,96,4.75,1009,80.75,18,15,14,143,119,248,0,3,10.9,météo défavorable
2012-06-26,18,13,9,15,16,14,6,96,6,1005,84.5,18,16,15,119,296,143,0,3,9.9,météo défavorable
2012-06-27,19,12,8,14,18,15,6.8,91,5.375,1003,70.5,19,16,16,248,119,143,0,3,11.8,météo défavorable
2012-06-28,20,9,13,15,20,17,0.2,77,5.25,1005,63.625,20,16,18,119,116,143,0,4,13.6,météo correcte
2012-06-29,23,14,18,17,23,20,1.1,85,7.25,1001,49.125,25,21,21,116,116,200,0,4,13.6,météo favorable
2012-06-30,22,14,20,19,22,18,2.8,87,6.625,1003,35.5,25,19,21,116,113,113,0,4,14.5,météo favorable
2012-07-01,20,12,18,16,20,17,0.1,75,7.5,1009,46.5,20,15,19,116,113,116,0,4,14.5,météo favorable
2012-07-02,21,11,12,17,21,16,2,84,5.625,1011,42.875,21,17,20,116,116,143,0,4,14.5,météo favorable
2012-07-03,21,9,10,15,21,17,0.1,74,6.5,1013,36.125,24,17,20,113,116,113,0,4,14.5,météo favorable
2012-07-04,22,14,10,15,22,18,9.4,94,5.125,1007,59.5,24,21,20,143,119,143,0,4,12.7,météo correcte
2012-07-05,18,13,4,17,18,18,0,93,6.5,1011,53.25,19,17,18,116,116,113,0,4,14.5,météo favorable
2012-07-06,21,12,6,19,19,21,0.6,94,5.5,1012,49.75,24,21,19,116,116,143,0,4,14.5,météo favorable
2012-07-07,20,14,9,20,19,18,0,88,8,1008,13.75,21,19,19,113,113,113,0,4,14.5,météo favorable
2012-07-08,17,10,18,14,17,15,0.1,73,8.75,1011,36,17,11,15,113,116,113,0,4,14.5,météo correcte
2012-07-09,20,8,19,13,20,16,0,62,10,1012,5.125,20,13,17,113,113,113,0,4,14.5,météo favorable
2012-07-10,20,8,18,15,20,15,0,62,10,1018,7.125,20,12,19,113,113,113,0,4,14.5,météo favorable
2012-07-11,21,5,15,16,21,17,0,64,10,1021,9.125,24,15,20,113,113,113,0,5,14.5,météo favorable
2012-07-12,24,11,20,18,24,20,1.4,81,9.875,1018,13.5,26,20,23,113,113,113,0,5,14.5,météo favorable
2012-07-13,26,15,14,20,26,22,0.9,80,6.5,1019,35.125,28,22,25,116,116,113,0,5,14.5,météo favorable
2012-07-14,28,17,10,22,28,22,0,71,7,1018,11.875,30,21,27,113,113,113,0,5,14.5,météo idéale
2012-07-15,27,17,15,22,27,22,0.2,77,6.5,1017,40.375,29,22,26,116,113,116,0,5,14.5,météo favorable
2012-07-16,26,16,8,21,26,20,0.3,67,7.625,1011,40.375,28,19,25,116,113,116,0,5,14.5,météo favorable
2012-07-17,21,13,6,16,19,19,4.2,98,4.75,1007,58,24,19,16,143,248,116,0,5,11.5,météo correcte
2012-07-18,20,10,18,16,20,15,0.1,65,7.75,1014,22.125,20,15,19,113,113,113,0,4,14.5,météo favorable
2012-07-19,18,6,18,13,17,14,0.1,67,9,1017,16.875,18,11,16,113,113,113,0,4,14.5,météo favorable
2012-07-20,21,7,8,15,21,15,0,67,7.75,1019,21.875,25,15,21,113,113,143,0,4,14.5,météo favorable
2012-07-21,23,6,10,17,23,14,0,65,6.5,1019,36.75,25,16,22,113,113,113,0,3,14.5,météo favorable
2012-07-22,23,12,15,18,23,20,1.1,81,8.375,1016,39.25,25,20,22,119,116,248,0,5,12.5,météo favorable
2012-07-23,24,13,14,19,24,20,4.8,89,5.75,1014,63.125,26,21,23,248,113,116,0,4,13.5,météo correcte
2012-07-24,22,12,19,18,22,16,0.6,94,7.25,1005,51.75,25,18,18,119,116,116,0,4,13.5,météo favorable
2012-07-25,22,9,15,14,22,17,0,63,7.5,1010,30.125,24,16,19,113,113,113,0,5,14.5,météo favorable
2012-07-26,23,12,14,16,23,15,0.1,67,5.25,1006,53.25,25,15,21,116,113,143,0,4,14.5,météo favorable
2012-07-27,24,12,8,17,24,15,0,63,7.75,1014,21.375,26,16,24,113,113,113,0,4,14.5,météo favorable
2012-07-28,24,13,7,17,24,17,0.1,62,10,1018,33.625,26,16,22,116,113,113,0,5,14.5,météo favorable
2012-07-29,15,10,7,14,14,15,0.5,87,10,1017,35,16,14,14,116,116,113,0,4,14.5,météo correcte
2012-07-30,25,11,13,19,25,17,0,70,5.75,1017,17.125,26,18,24,113,113,143,0,4,14.5,météo favorable
2012-07-31,26,12,14,19,26,20,0.8,73,7.625,1015,21.25,27,20,24,113,113,113,0,4,14.5,météo favorable
2012-08-01,25,11,10,18,25,19,3.5,78,6,1012,36.25,26,20,23,113,113,248,0,4,13.5,météo favorable
2012-08-02,25,14,15,19,25,20,1.2,73,5.375,1010,39.5,27,20,24,143,113,143,0,5,14.5,météo favorable
2012-08-03,23,13,15,19,23,17,0.4,86,7.5,1019,44.5,25,19,21,248,113,113,0,4,12.4,météo favorable
2012-08-04,25,10,9,19,25,20,1,66,9.875,1023,15.125,27,19,26,116,113,113,0,5,14.5,météo favorable
2012-08-05,26,17,19,21,26,22,11.7,92,7,1019,44.75,29,23,24,113,116,116,0,5,13.5,météo correcte
2012-08-06,20,12,15,15,20,15,0.4,80,8.625,1014,39.75,20,18,17,116,176,113,0,5,14.5,météo favorable
2012-08-07,19,11,14,15,19,15,2.8,75,7.75,1013,57.25,20,13,17,116,119,116,0,4,13.4,météo correcte
2012-08-08,24,11,12,17,24,14,0.3,71,6,1014,27.125,25,17,22,143,113,143,0,4,14.5,météo favorable
2012-08-09,24,10,6,17,24,17,1.4,76,9.75,1016,52.125,26,17,20,116,116,122,0,5,13.4,météo favorable
2012-08-10,18,14,16,15,18,14,14,98,6.375,1014,94.25,18,16,16,248,122,122,0,4,9.2,météo défavorable
2012-08-11,18,14,13,17,17,18,6.5,96,7.125,1014,89.625,18,16,17,119,119,119,0,4,9.2,météo défavorable
2012-08-12,23,15,7,17,23,15,2.6,93,4.375,1013,84.875,25,20,19,248,353,248,0,4,10.2,météo défavorable
2012-08-13,22,14,13,17,22,18,0.5,88,5.125,1012,56.25,25,18,20,248,116,248,0,4,11.1,météo correcte
2012-08-14,23,14,12,18,23,16,0.1,83,4,1013,62.5,25,18,21,248,113,143,0,4,13.4,météo correcte
2012-08-15,22,13,7,19,22,15,2.4,88,6.625,1012,50.25,25,21,22,116,119,143,0,4,13.4,météo correcte
2012-08-16,21,13,3,17,20,15,2,95,5.125,1013,63.125,24,19,19,113,116,248,0,4,12.2,météo correcte
2012-08-17,25,10,12,17,25,18,2.2,92,5.125,1009,55.625,26,20,21,143,116,248,0,4,13.4,météo correcte
2012-08-18,19,8,15,14,19,12,0.4,75,5.375,1013,36.25,19,14,18,143,116,113,0,3,14,météo favorable
2012-08-19,20,6,13,13,20,12,0,71,6,1014,15.75,20,14,18,113,113,143,0,3,14,météo favorable
2012-08-20,21,8,14,15,21,11,0.2,68,7,1012,8,24,14,20,113,113,113,0,3,14,météo favorable
2012-08-21,19,8,17,13,19,12,0,66,8,1017,13.125,19,12,18,113,113,113,0,3,13.9,météo favorable
2012-08-22,20,8,17,14,20,15,0.2,82,4.375,1019,42.625,20,15,18,143,113,143,0,3,13.3,météo favorable
2012-08-23,20,11,16,16,20,14,1.7,93,5.625,1019,49.75,20,17,17,200,116,143,0,4,12.2,météo favorable
2012-08-24,22,8,8,16,22,10,0,66,6.75,1023,18.5,26,17,21,113,113,143,0,3,13.8,météo favorable
2012-08-25,25,10,9,16,25,17,0,68,10,1025,19.5,26,18,23,116,113,113,0,5,13.8,météo favorable
2012-08-26,26,14,16,19,26,20,0.1,75,5.25,1024,42.5,27,20,24,116,113,248,0,4,13.3,météo favorable
2012-08-27,23,16,14,18,23,18,4.1,91,6.125,1019,52,25,19,20,113,176,248,0,4,12.1,météo favorable
2012-08-28,19,9,19,18,19,11,0.6,70,6.5,1011,43.875,19,17,17,248,113,113,0,4,13.3,météo favorable
2012-08-29,19,5,20,10,19,15,0.3,76,8.875,1012,26.25,19,14,16,116,116,113,0,4,13.3,météo favorable
2012-08-30,21,11,23,13,21,18,0.1,77,7.75,1010,42.75,24,18,18,116,116,116,0,4,13.3,météo favorable
2012-08-31,23,14,23,18,23,16,4.2,98,8.625,1011,53.125,25,19,19,122,113,113,0,4,12,météo favorable
2012-09-01,20,6,5,12,20,8,0,59,8,1020,2.625,25,13,22,113,113,113,0,3,13.2,météo favorable
2012-09-02,20,4,4,14,20,8,0.1,73,7,1020,27.25,21,12,17,116,116,143,0,4,12,météo favorable
2012-09-03,21,5,10,15,21,9,0,64,8,1022,21.375,21,13,20,116,113,116,0,3,13.1,météo favorable
2012-09-04,16,10,5,15,15,16,0.2,90,7,1017,46.375,16,16,16,113,113,248,0,4,13.1,météo correcte
2012-09-05,17,14,8,17,16,15,2,94,7.25,1011,44.5,17,16,16,176,176,116,0,4,13.1,météo correcte
2012-09-06,23,12,8,15,23,13,2.2,73,6.625,1012,35.875,25,15,19,119,113,143,0,4,13,météo favorable
2012-09-07,21,11,17,16,21,13,0,63,4.5,1011,39.375,24,16,20,143,113,143,0,4,13,météo favorable
2012-09-08,23,12,21,14,23,18,15.1,97,7.5,1010,70.25,25,20,17,248,116,122,0,5,11.9,météo défavorable
2012-09-09,14,7,14,9,14,9,0.2,76,6.75,1012,54.125,14,12,11,248,116,143,0,3,11.9,météo correcte
2012-09-10,15,5,15,10,15,7,0,73,6.5,1018,48.375,15,8,10,116,116,113,0,2,12.9,météo correcte
2012-09-11,17,3,16,7,17,11,0,61,6,1022,2.5,17,10,14,113,113,143,0,3,12.9,météo correcte
2012-09-12,21,7,17,12,21,15,0,79,7,1024,19,24,14,17,143,113,113,0,3,12.8,météo favorable
2012-09-13,23,10,14,14,23,14,0,74,4.5,1024,34.875,25,15,20,143,113,143,0,4,12.8,météo favorable
2012-09-14,23,11,13,16,23,15,3.4,79,6,1021,49.875,25,18,21,143,113,116,0,4,10.2,météo favorable
2012-09-15,14,5,22,12,13,8,0.4,85,8.75,1016,62.125,14,14,10,122,116,113,0,3,8.9,météo correcte
2012-09-16,14,2,24,5,14,8,0,53,10,1016,3.875,14,6,9,113,113,113,0,3,11.6,météo correcte
2012-09-17,18,2,12,7,18,8,0,68,7,1016,14.625,18,12,14,113,113,143,0,4,11.6,météo favorable
2012-09-18,19,9,22,12,17,14,16.8,96,6.25,1014,76.25,19,15,10,113,116,122,0,3,10.2,météo très défavorable
2012-09-19,16,2,22,9,10,5,5.6,90,8.625,1023,59.125,16,16,4,119,119,113,0,2,7.5,météo correcte
2012-09-20,15,0,13,7,15,7,0,53,10,1026,2.375,15,5,11,113,113,113,0,3,11.6,météo très défavorable
2012-09-21,18,3,14,7,18,9,0,64,10,1020,22.875,18,10,15,116,116,113,0,3,11.6,météo favorable
2012-09-22,23,7,20,10,23,14,3.5,70,5.625,1016,60.125,25,15,16,143,113,143,0,3,10.2,météo correcte
2012-09-23,12,5,25,10,12,6,1.6,77,8.5,1016,51.875,12,12,8,119,116,113,0,2,10.2,météo très défavorable
2012-09-24,12,0,15,5,12,6,0.1,62,7.5,1019,41,12,5,9,116,113,113,0,2,11.6,météo très défavorable
2012-09-25,12,5,20,7,12,10,1,87,7,1015,68.375,13,10,8,119,122,248,0,3,7.4,météo très défavorable
2012-09-26,15,4,19,9,15,9,1.6,93,5.5,1016,71.875,15,13,9,119,119,248,0,2,6,météo très défavorable
2012-09-27,11,2,12,4,11,4,0,71,8,1025,5.125,12,4,6,143,113,113,0,3,11.6,météo très défavorable
2012-09-28,15,-1,6,6,15,7,0,59,10,1025,15.875,16,7,15,113,113,116,0,3,11.6,météo très défavorable
2012-09-29,8,5,17,8,8,8,4.1,96,7.5,1019,81.25,8,7,4,116,143,119,0,2,8.8,météo très défavorable
2012-09-30,12,7,20,9,12,10,20.4,95,8,1017,81.75,12,10,8,143,119,122,0,2,5.9,météo très défavorable
2012-10-01,13,8,12,9,13,11,0.9,90,4.25,1008,83.375,13,10,11,248,119,143,0,3,5.9,météo défavorable
2012-10-02,17,8,13,9,17,10,0,77,4.5,1017,35.5,17,12,14,143,116,143,0,3,11.6,météo correcte
2012-10-03,19,7,9,11,19,11,0,72,8,1021,6.625,19,12,17,113,113,113,0,3,11.6,météo favorable
2012-10-04,13,9,8,10,13,11,0.9,94,6.125,1022,69.625,14,12,11,116,122,248,0,4,7.3,météo défavorable
2012-10-05,17,12,17,13,17,14,1.1,92,3.25,1013,90.375,17,14,13,248,119,248,0,3,5.8,météo défavorable
2012-10-06,14,6,13,11,8,7,9.5,94,5,1008,81.625,14,13,5,143,119,143,0,2,5.8,météo défavorable
2012-10-07,7,2,13,3,7,2,0.3,74,5.5,1017,67.5,7,5,4,143,119,143,0,1,7.3,météo très défavorable
2012-10-08,8,-1,16,1,8,1,0,57,10,1027,11,8,1,2,113,113,113,0,2,11.6,météo très défavorable
2012-10-09,11,-1,13,2,11,3,0,60,10,1028,8.375,11,2,7,113,113,113,0,2,11.5,météo très défavorable
2012-10-10,11,1,12,4,11,8,5.6,93,7,1019,88.5,11,8,6,119,122,122,0,2,7.2,météo très défavorable
2012-10-11,6,1,29,2,6,2,0.7,72,9.375,1015,49.375,6,3,-1,116,116,116,0,2,10.1,météo très défavorable
2012-10-12,3,-2,19,1,3,-1,0.6,78,8,1025,38.875,3,2,-2,116,116,113,0,1,11,météo très défavorable
2012-10-13,5,-4,22,-2,5,0,0,61,10,1028,38.625,5,0,-1,113,116,119,0,2,8.7,météo très défavorable
2012-10-14,4,1,6,1,4,3,4.9,92,7.625,1022,95.875,5,4,2,122,122,143,0,1,4,météo très défavorable
2012-10-15,12,3,10,6,11,10,8.1,99,4.875,1009,82.875,13,12,9,248,248,116,0,2,3.9,météo très défavorable
2012-10-16,7,1,22,5,6,2,0.1,81,8.75,1008,62.375,7,6,1,122,119,113,0,1,5.5,météo très défavorable
2012-10-17,9,-2,10,0,9,1,0,69,9,1015,9.625,9,2,5,113,113,113,0,2,8.7,météo très défavorable
2012-10-18,13,1,8,5,13,5,0,79,10,1018,24.75,13,8,11,116,116,113,0,3,8.7,météo très défavorable
2012-10-19,12,4,16,5,12,10,15.5,95,6.125,1019,53.75,12,10,9,143,119,122,0,2,7.1,météo très défavorable
2012-10-20,17,9,5,11,17,10,2.1,94,5,1007,73.5,17,14,15,248,116,248,0,3,7.1,météo défavorable
2012-10-21,9,6,22,6,8,7,1.7,93,6.5,1005,91.5,9,8,4,122,122,119,0,2,3.9,météo défavorable
2012-10-22,9,4,23,6,9,5,0.2,85,10,1015,51.5,9,5,4,122,116,113,0,2,7.1,météo très défavorable
2012-10-23,8,0,16,1,8,1,0,67,10,1022,15,8,1,2,113,113,113,0,2,8.7,météo très défavorable
2012-10-24,9,-1,8,0,9,1,0,61,10,1025,10.125,10,0,5,113,113,113,0,2,8.7,météo très défavorable
2012-10-25,12,-1,6,2,12,6,0,66,10,1026,20.875,13,2,7,113,113,116,0,3,8.7,météo très défavorable
2012-10-26,17,4,6,6,17,8,0,92,9,1022,10.375,18,12,13,113,113,143,0,3,8.7,météo correcte
2012-10-27,13,8,10,10,13,10,0.1,94,4.5,1020,70,13,12,11,119,116,248,0,3,5.4,météo défavorable
2012-10-28,13,8,15,8,13,8,0,82,7,1020,41,13,10,8,143,116,113,0,2,8.7,météo correcte
2012-10-29,13,8,25,8,13,11,0.5,91,8.375,1017,75.125,13,10,8,119,119,119,0,4,3.8,météo défavorable
2012-10-30,15,10,23,11,15,13,7.3,95,9.375,1008,90,15,13,12,119,119,200,0,3,3.8,météo défavorable
2012-10-31,16,10,21,13,16,12,5.1,89,7.5,1003,78.75,16,13,12,200,119,143,0,3,7.1,météo défavorable
2012-11-01,8,6,5,7,8,6,3.2,92,6.75,998,90.875,9,7,8,122,119,296,0,2,3.8,météo très défavorable
2012-11-02,6,3,11,4,5,3,0.8,91,3,1002,93.875,6,6,2,248,122,248,0,1,3.7,météo très défavorable
2012-11-03,7,3,15,3,7,4,0.7,89,5.875,1007,77.5,7,4,2,248,119,116,0,1,3.7,météo très défavorable
2012-11-04,4,-2,16,1,4,-2,0,69,10,1016,38.25,4,1,-2,119,113,113,0,2,7,météo très défavorable
2012-11-05,1,-4,14,-3,1,-3,0,42,10,1018,31.875,1,0,-4,113,116,116,0,2,7,météo très défavorable
2012-11-06,0,-6,17,-6,0,-5,0,50,10,1024,12.25,0,0,-8,113,113,113,0,2,8.7,météo très défavorable
2012-11-07,1,-6,13,-6,1,-3,0,39,10,1027,23,2,0,-5,113,116,116,0,2,8.7,météo très défavorable
2012-11-08,3,-3,19,-2,3,-1,0.2,77,10,1022,43,3,0,-3,113,116,119,0,2,7,météo très défavorable
2012-11-09,4,-3,16,-3,4,0,0,68,10,1015,35.375,4,0,-3,116,113,116,0,2,8.7,météo très défavorable
2012-11-10,1,-4,13,-4,1,-3,0,57,10,1031,12,1,0,-5,113,113,119,0,2,8.7,météo très défavorable
2012-11-11,2,-4,8,-1,2,-1,0.2,79,8.75,1031,49.75,2,0,-2,119,119,113,0.2,2,5.3,météo très défavorable
2012-11-12,12,0,10,0,12,8,0,89,8,1027,15.5,12,7,7,113,116,113,0,2,8.7,météo très défavorable
2012-11-13,10,-1,26,6,4,-1,5,95,8.5,1031,51.625,10,10,-3,122,119,113,0,2,5.3,météo très défavorable
2012-11-14,3,-2,3,-2,3,-2,0,69,10,1037,1.5,6,0,1,113,113,113,0,2,8.7,météo très défavorable
2012-11-15,2,-4,5,-3,2,-4,0,59,10,1036,27.25,3,0,-3,116,122,113,0,2,7,météo très défavorable
2012-11-16,3,-4,10,-4,3,-2,0,77,10,1032,13.625,4,0,-3,116,113,113,0,2,8.7,météo très défavorable
2012-11-17,1,-6,7,-6,1,-4,0,35,10,1040,6.25,2,0,-5,113,113,113,0,2,8.7,météo très défavorable
2012-11-18,3,-5,5,-5,3,-3,0,49,10,1041,26.875,4,0,-2,113,113,122,0,2,8.7,météo très défavorable
2012-11-19,3,-4,7,-4,3,-2,0,46,10,1036,18.125,4,0,-4,113,113,116,0,2,8.7,météo très défavorable
2012-11-20,5,-3,2,-3,5,-2,0,52,10,1025,14.125,6,0,-1,113,113,113,0,2,8.7,météo très défavorable
2012-11-21,6,-2,5,-1,6,0,0,77,10,1025,36.625,6,0,-1,122,113,113,0,2,8.7,météo très défavorable
2012-11-22,5,-2,13,-2,5,0,0,77,10,1023,31.875,5,0,-2,122,113,113,0,2,8.7,météo très défavorable
2012-11-23,8,0,8,0,8,3,1,82,9.875,1014,29.625,8,3,1,113,113,119,0,2,8.7,météo très défavorable
2012-11-24,4,-3,18,3,2,-2,0.8,87,7.625,999,79.5,4,3,-4,119,122,119,0.5,1,3.4,météo très défavorable
2012-11-25,-2,-6,32,-4,-2,-5,0,50,9,1004,54.75,0,0,-11,119,116,116,0,1,6.9,météo très défavorable
2012-11-26,-4,-8,19,-8,-4,-7,0,53,10,1023,27.5,0,0,-13,122,113,113,0,2,8.7,météo très défavorable
2012-11-27,-5,-11,8,-11,-5,-10,0,59,10,1027,7.75,0,0,-9,113,113,113,0,2,8.7,météo très défavorable
2012-11-28,-3,-11,7,-11,-3,-5,0.7,80,9,1026,70,0,0,-8,116,122,122,0.6,2,5.1,météo très défavorable
2012-11-29,-5,-13,9,-11,-8,-11,0.3,85,9,1025,40,0,0,-14,113,122,113,0.3,1,5.1,météo très défavorable
2012-11-30,-10,-16,9,-16,-10,-14,0,86,10,1038,1.5,0,0,-16,113,113,113,0,2,8.5,météo très défavorable
2012-12-01,-7,-16,7,-14,-7,-9,0.1,80,9.375,1040,43.125,0,0,-14,116,113,122,0.1,2,8.5,météo très défavorable
2012-12-02,2,-7,12,-3,2,1,12.1,99,5.875,1029,99.875,2,2,-2,143,248,122,1.7,1,3.2,météo très défavorable
2012-12-03,2,-2,10,-1,2,-2,0.4,93,4.75,1025,38.125,3,1,-4,143,113,143,0,1,8.5,météo très défavorable
2012-12-04,4,-3,10,-3,2,4,4,96,5.625,1024,64.625,4,3,0,116,122,143,0,1,3.2,météo très défavorable
2012-12-05,3,-4,24,2,0,-4,4.3,91,8,1019,71.5,3,3,-8,122,122,116,0.1,1,5,météo très défavorable
2012-12-06,-3,-7,8,-7,-3,-5,0,53,10,1028,12.875,0,0,-7,113,113,116,0,2,8.4,météo très défavorable
2012-12-07,1,-5,9,-4,1,-1,0.3,51,9.375,1022,71.75,1,0,-4,122,116,122,0.3,2,6.9,météo très défavorable
2012-12-08,0,-2,9,-2,0,-1,2.4,89,8.25,1017,91.875,0,0,-4,122,122,122,1.5,1,3.1,météo très défavorable
2012-12-09,-1,-7,15,-4,-4,-7,0,85,9,1029,33.125,0,0,-10,113,116,113,0,1,8.4,météo très défavorable
2012-12-10,-1,-7,26,-7,-6,-2,7.5,95,5.875,1024,95.5,0,0,-14,122,122,143,4.6,1,3.1,météo très défavorable
2012-12-11,-2,-11,13,-9,-7,-10,0,87,10,1021,19.5,0,0,-13,113,113,113,0,1,8.4,météo très défavorable
2012-12-12,-7,-12,9,-12,-7,-10,0,90,8,1028,30.125,0,0,-13,143,116,116,0,2,8.4,météo très défavorable
2012-12-13,-4,-11,8,-11,-5,-6,0,93,4.75,1031,71.375,0,0,-10,143,122,143,0,1,5,météo très défavorable
2012-12-14,0,-10,19,-3,0,-7,0.5,94,9,1024,49.875,0,0,-8,116,122,113,0.5,1,5,météo très défavorable
2012-12-15,-9,-15,3,-15,-9,-14,0,85,10,1032,3.75,0,0,-13,113,113,113,0,2,8.3,météo très défavorable
2012-12-16,-9,-15,13,-15,-9,-10,0,85,10,1031,30.75,0,0,-18,119,113,116,0,2,8.3,météo très défavorable
2012-12-17,-4,-9,18,-9,-6,-5,4.5,95,7.375,1022,94.125,0,0,-15,119,122,122,3.8,1,3.1,météo très défavorable
2012-12-18,0,-3,27,-1,-1,-1,12.8,95,5.75,1014,99.125,0,0,-8,122,122,122,5.6,1,3.1,météo très défavorable
2012-12-19,0,-4,16,-2,0,-3,2.2,95,5,1018,96.5,0,0,-6,122,122,143,1.9,1,3.1,météo très défavorable
2012-12-20,-2,-12,4,-11,-2,-9,0,99,2.75,1023,55.75,0,0,-15,260,116,260,0,1,8.3,météo très défavorable
2012-12-21,0,-5,36,-4,-2,-1,13.7,96,6.25,1016,92.375,0,0,-10,122,122,122,1.3,1,3.3,météo très défavorable
2012-12-22,1,-9,15,-2,-3,-5,1.8,96,4.125,997,93.375,1,1,-10,143,122,122,1.5,1,3.3,météo très défavorable
2012-12-23,-12,-18,18,-14,-12,-17,0,94,7,1009,63.25,0,0,-22,119,119,143,0,2,5.1,météo très défavorable
2012-12-24,-13,-21,16,-21,-13,-17,0,94,6,1020,50.25,0,0,-24,143,119,143,0,1,6.9,météo très défavorable
2012-12-25,-9,-18,9,-17,-9,-17,0,92,10,1028,30.625,0,0,-18,116,116,113,0,2,8.7,météo très défavorable
2012-12-26,-10,-20,4,-19,-10,-12,0,99,7.75,1031,16.25,0,0,-19,143,113,116,0,2,8.7,météo très défavorable
2012-12-27,-7,-10,23,-8,-7,-7,4.3,93,7.375,1024,76,0,0,-15,119,119,122,3.6,2,3.3,météo très défavorable
2012-12-28,-7,-13,11,-8,-7,-13,1,92,6.625,1016,57.25,0,0,-16,143,119,113,0.8,1,6.9,météo très défavorable
2012-12-29,-10,-18,5,-18,-10,-11,0,95,7,1017,34.25,0,0,-15,113,116,116,0,1,8.7,météo très défavorable
2012-12-30,-10,-20,17,-10,-11,-18,1,90,7,1014,69.375,0,0,-22,143,122,113,0.8,1,3.3,météo très défavorable
2012-12-31,-11,-22,11,-22,-14,-13,0.6,97,7.75,1016,47.5,0,0,-25,113,116,260,0.6,2,6.9,météo très défavorable
2013-01-01,-8,-24,17,-15,-16,-22,0.3,91,7.125,1013,44.25,0,0,-28,113,116,116,0.3,1,8.7,météo très défavorable
2013-01-02,-19,-27,18,-27,-19,-23,0,89,8,1023,22,0,0,-33,113,113,113,0,1,8.7,météo très défavorable
2013-01-03,-18,-25,12,-23,-18,-23,0.1,96,8,1024,64.25,0,0,-28,122,119,143,0.1,2,3.3,météo très défavorable
2013-01-04,-4,-19,21,-16,-5,-5,2.5,96,4,1011,98.875,0,0,-18,143,122,122,2.1,1,3.3,météo très défavorable
2013-01-05,-4,-24,15,-12,-16,-22,0.4,93,8.375,1025,25.625,0,0,-25,113,113,143,0.3,1,8.7,météo très défavorable
2013-01-06,-9,-20,4,-15,-9,-10,1.4,96,6.375,1023,93.125,0,0,-11,122,122,143,1.2,1,3.3,météo très défavorable
2013-01-07,-15,-26,8,-21,-15,-23,0,92,8.625,1029,28.125,0,0,-24,113,113,116,0,1,8.7,météo très défavorable
2013-01-08,-1,-16,26,-7,-1,-3,1.1,96,5.625,1025,81,0,0,-9,122,119,116,0.9,1,3.3,météo très défavorable
2013-01-09,-1,-8,9,-4,-2,-2,0.4,96,4.25,1027,82.75,0,0,-6,260,116,122,0.4,1,5.1,météo très défavorable
2013-01-10,-1,-14,22,-2,-2,-9,0,91,9,1036,25.375,0,0,-11,116,113,113,0,1,8.7,météo très défavorable
2013-01-11,-3,-17,8,-13,-4,-3,0.8,90,5.875,1035,41.375,0,0,-8,143,116,122,0,1,8.7,météo très défavorable
2013-01-12,1,-2,7,0,1,1,1,100,0.875,1019,99.75,2,2,-2,248,248,248,0,1,3.3,météo très défavorable
2013-01-13,2,1,5,1,2,2,2.3,100,1.625,1017,98.25,2,2,1,248,248,248,0,1,3.3,météo très défavorable
2013-01-14,3,-11,26,3,0,-6,1.4,100,7.625,1026,54.5,3,3,-10,122,116,113,0,1,6.9,météo très défavorable
2013-01-15,-10,-17,6,-17,-10,-16,0.3,97,7,1027,27.875,0,0,-20,113,113,143,0.2,2,8.7,météo très défavorable
2013-01-16,-4,-14,11,-14,-4,-5,0.3,95,2.5,1023,75.375,0,0,-10,260,119,143,0.3,1,3.4,météo très défavorable
2013-01-17,-3,-28,18,-6,-18,-28,1.6,86,9,1025,35.25,0,0,-29,119,113,113,1.4,1,8.7,météo très défavorable
2013-01-18,-20,-30,14,-30,-20,-23,0.1,93,10,1026,43.25,0,0,-32,113,116,116,0.1,2,8.7,météo très défavorable
2013-01-19,-6,-19,6,-13,-7,-7,3.2,97,1.75,1022,100,0,0,-13,143,143,143,2.7,1,3.4,météo très défavorable
2013-01-20,0,-20,36,-6,0,-15,11.4,97,6.75,1010,87.5,0,0,-16,122,116,119,8.9,1,5.2,météo très défavorable
2013-01-21,-21,-27,12,-25,-21,-27,0,95,7,1018,64.875,0,0,-32,143,116,143,0,1,6.9,météo très défavorable
2013-01-22,-18,-29,10,-27,-18,-22,0,93,9,1016,64.875,0,0,-26,119,122,143,0,2,3.4,météo très défavorable
2013-01-23,-28,-35,17,-35,-28,-28,0,93,10,1021,59.375,0,0,-44,113,122,122,0,2,5.2,météo très défavorable
2013-01-24,-21,-27,24,-27,-21,-24,0.1,90,10,1023,81.5,0,0,-37,119,122,116,0.1,1,3.4,météo très défavorable
2013-01-25,-20,-26,15,-25,-20,-22,0,95,7,1025,79.5,0,0,-32,122,119,143,0,2,3.5,météo très défavorable
2013-01-26,-17,-24,14,-24,-17,-18,0,90,10,1022,78.375,0,0,-28,116,122,119,0,1,5.2,météo très défavorable
2013-01-27,-15,-21,15,-21,-15,-19,0,82,10,1033,14.125,0,0,-27,113,113,113,0,2,8.7,météo très défavorable
2013-01-28,-11,-21,5,-20,-11,-15,0,94,10,1032,24.625,0,0,-18,116,116,113,0,2,8.7,météo très défavorable
2013-01-29,-4,-17,7,-17,-4,-10,0,93,10,1023,23.375,0,0,-9,113,113,116,0,2,8.7,météo très défavorable
2013-01-30,4,-5,15,1,3,4,11.7,100,4.25,1012,100,4,4,-1,248,122,248,0,1,3.5,météo très défavorable
2013-01-31,3,-14,36,2,0,-10,7.3,100,6.75,993,89.25,3,3,-12,248,122,116,0,1,3.5,météo très défavorable
2013-02-01,-16,-20,20,-18,-16,-19,0,83,10,1017,81.375,0,0,-27,122,122,116,0,1,3.5,météo très défavorable
2013-02-02,-17,-24,9,-23,-17,-21,0,86,10,1022,63.75,0,0,-26,116,116,122,0,2,5.3,météo très défavorable
2013-02-03,-10,-28,7,-25,-10,-14,0.1,93,4.75,1020,64.875,0,0,-18,143,122,143,0,1,3.5,météo très défavorable
2013-02-04,-11,-22,17,-14,-11,-15,0.2,92,6.75,1009,65.375,0,0,-19,143,116,119,0.2,1,5.3,météo très défavorable
2013-02-05,-19,-28,11,-28,-19,-24,0,93,10,1016,36.75,0,0,-31,113,113,116,0,2,8.7,météo très défavorable
2013-02-06,-10,-23,21,-16,-10,-20,0.6,95,6.375,1026,62.625,0,0,-23,143,119,113,0.5,1,5.3,météo très défavorable
2013-02-07,-23,-31,8,-31,-23,-29,0,89,7.75,1038,2.75,0,0,-32,113,113,260,0,2,8.7,météo très défavorable
2013-02-08,-13,-26,19,-19,-13,-15,0.8,92,8,1036,73.5,0,0,-22,116,122,116,0.6,2,3.8,météo très défavorable
2013-02-09,-10,-19,16,-15,-10,-16,0,85,10,1028,34.75,0,0,-20,119,116,113,0,2,8.7,météo très défavorable
2013-02-10,-10,-21,9,-21,-10,-16,0,91,10,1031,7.375,0,0,-19,113,113,113,0,2,8.7,météo très défavorable
2013-02-11,-4,-19,10,-11,-5,-5,2.7,96,7.375,1025,63.875,0,0,-10,116,122,143,2.3,2,3.9,météo très défavorable
2013-02-12,0,-5,16,-2,0,-3,1.5,99,6.375,1007,77.75,0,0,-6,119,119,143,1.3,1,3.9,météo très défavorable
2013-02-13,-4,-16,8,-11,-4,-14,0,92,4.5,1010,29,0,0,-10,143,116,260,0,1,8.7,météo très défavorable
2013-02-14,-2,-18,8,-12,-2,-10,0.1,95,4,1014,45.625,0,0,-7,143,116,260,0,1,7.1,météo très défavorable
2013-02-15,0,-10,10,-7,-2,-1,2.5,99,2.75,1013,88.75,0,0,-7,143,143,119,2.1,1,4,météo très défavorable
2013-02-16,-5,-15,11,-14,-10,-15,0,90,7.75,1016,58,0,0,-17,260,116,143,0,1,8.7,météo très défavorable
2013-02-17,-10,-15,20,-13,-10,-13,0,84,10,1014,48.625,0,0,-20,116,119,116,0,2,5.6,météo très défavorable
2013-02-18,-11,-17,28,-17,-11,-13,0,83,10,1018,20.375,0,0,-23,113,113,113,0,2,8.7,météo très défavorable
2013-02-19,-3,-17,17,-15,-3,-4,1.4,85,9,1020,41.375,0,0,-10,116,113,116,1.2,2,8.7,météo très défavorable
2013-02-20,-3,-6,17,-4,-3,-5,7.1,96,2.25,1003,100,0,0,-9,260,122,260,6,1,4,météo très défavorable
2013-02-21,-3,-13,8,-13,-5,-6,0.9,95,6.125,1025,84,0,0,-14,143,122,119,0.7,1,4.1,météo très défavorable
2013-02-22,-2,-11,9,-10,-2,-9,0,91,9,1031,26.25,0,0,-7,113,116,143,0,2,8.7,météo très défavorable
2013-02-23,-1,-9,11,-8,-2,-2,1.3,94,6,1027,70.75,0,0,-9,143,122,143,1.2,2,4.1,météo très défavorable
2013-02-24,-2,-8,11,-4,-2,-5,0.1,93,5.375,1015,91.625,0,0,-7,143,122,143,0.1,1,4.1,météo très défavorable
2013-02-25,-1,-13,8,-6,-1,-3,0.2,99,1.75,1024,82,0,0,-4,260,260,143,0.2,1,4.1,météo très défavorable
2013-02-26,-1,-11,4,-8,-1,-5,0,100,2.25,1028,43.375,0,0,-2,143,260,143,0,1,8.7,météo très défavorable
2013-02-27,-1,-8,23,-8,-1,-2,1.1,91,9,1025,39.375,0,0,-8,113,116,122,0.9,2,8.7,météo très défavorable
2013-02-28,-1,-4,24,-4,-1,-3,5.4,95,6,1010,95.125,0,0,-9,122,122,119,4.5,1,4.1,météo très défavorable
2013-03-01,-1,-4,16,-4,-1,-3,1,92,8,1008,90.25,0,0,-7,119,122,119,0.9,1,4.2,météo très défavorable
2013-03-02,0,-7,7,-4,0,-2,0.8,99,5.75,1007,86.25,1,0,-3,143,260,122,0.6,2,4.2,météo très défavorable
2013-03-03,0,-4,7,-2,0,-3,0.4,100,3.375,1006,81.375,0,0,-2,143,248,143,0.3,1,4.2,météo très défavorable
2013-03-04,0,-3,5,-3,0,-1,1.7,100,2.5,1009,94.25,0,0,-2,143,260,143,1.4,1,4.2,météo très défavorable
2013-03-05,1,-2,12,-2,1,-1,0.1,100,6.25,1023,71.375,1,1,-4,113,248,119,0,1,4.2,météo très défavorable
2013-03-06,0,-5,20,-3,0,-5,0.2,94,10,1029,55.875,0,0,-7,116,119,116,0.1,2,5.7,météo très défavorable
2013-03-07,-2,-6,19,-5,-2,-5,0,88,9,1029,57.75,0,0,-9,119,119,119,0,1,5.7,météo très défavorable
2013-03-08,0,-6,15,-6,0,-3,0,96,8,1028,34.875,0,0,-7,116,143,113,0,2,8.7,météo très défavorable
2013-03-09,0,-9,3,-6,0,-5,0,100,4,1029,41.875,1,1,0,113,248,260,0,2,5.7,météo très défavorable
2013-03-10,1,-6,7,-5,1,0,0.1,99,3.25,1029,54.375,1,1,-2,116,248,248,0,1,5.7,météo très défavorable
2013-03-11,1,-1,5,0,1,1,0.3,100,3,1019,83.375,2,2,0,143,248,248,0,2,4.3,météo très défavorable
2013-03-12,3,1,9,2,2,2,14.8,100,4.5,1013,89.875,3,3,-1,248,248,248,0,2,4.3,météo très défavorable
2013-03-13,1,-4,11,-1,0,-2,0.4,100,3.875,1008,73,1,1,-3,260,248,143,0.3,1,4.3,météo très défavorable
2013-03-14,-3,-15,20,-6,-4,-12,0.4,93,5.625,1010,47.75,0,0,-14,143,122,113,0.3,1,7.2,météo très défavorable
2013-03-15,-7,-17,10,-16,-7,-14,0.1,88,5.375,1010,64.625,0,0,-16,143,119,260,0.1,1,8.8,météo très défavorable
2013-03-16,-8,-15,14,-15,-8,-13,0.1,82,9.625,1013,45.75,0,0,-16,113,122,116,0.1,2,8.8,météo très défavorable
2013-03-17,-11,-18,24,-14,-11,-16,0.2,75,8.625,1026,53.75,0,0,-22,122,119,113,0.1,1,6,météo très défavorable
2013-03-18,-8,-20,9,-16,-8,-19,0,83,8.75,1031,24.25,0,0,-15,116,116,260,0,2,11.6,météo très défavorable
2013-03-19,-7,-11,28,-10,-8,-8,5.2,92,6.75,1024,76.375,0,0,-17,119,119,122,3.9,2,6,météo très défavorable
2013-03-20,-5,-9,16,-9,-6,-8,2.2,91,6,1009,100,0,0,-11,122,122,122,1.9,1,6.1,météo très défavorable
2013-03-21,-3,-20,19,-6,-3,-14,1.3,93,4.5,1005,83,0,0,-12,122,122,260,1.1,1,9.2,météo très défavorable
2013-03-22,-3,-20,16,-6,-3,-5,0.4,92,6.5,1005,60.125,0,0,-8,143,119,116,0.3,2,9.2,météo très défavorable
2013-03-23,0,-7,24,-5,0,-3,0.4,91,9.625,1004,56.5,0,0,-8,116,119,116,0.2,1,11.9,météo très défavorable
2013-03-24,0,-7,10,-5,0,-5,0.1,100,4.5,1011,54.625,1,1,-4,143,248,143,0,1,11.9,météo très défavorable
2013-03-25,1,-6,12,-4,1,-4,0.1,100,6.5,1011,39.625,1,1,-4,143,248,113,0,2,12.7,météo très défavorable
2013-03-26,1,-8,7,-2,1,-8,0.2,100,5.125,1007,55.875,1,1,-2,143,248,260,0.1,2,10.6,météo très défavorable
2013-03-27,1,-6,4,-1,1,-2,1,100,3.875,1013,87.625,1,1,0,143,248,260,0.1,1,8,météo très défavorable
2013-03-28,2,-3,9,0,2,1,0.4,100,0.5,1015,85.25,2,2,-1,260,248,248,0,1,8,météo très défavorable
2013-03-29,1,-3,10,0,1,-1,0.1,100,2,1017,82.625,1,1,-2,260,248,143,0,1,8,météo très défavorable
2013-03-30,1,-10,8,-3,1,-7,0,100,3.25,1019,30.125,1,1,-2,113,248,260,0,1,11.9,météo très défavorable
2013-03-31,4,-8,7,-2,3,2,1.2,100,3.875,1018,78.25,4,4,-1,119,248,248,0,2,8,météo très défavorable
2013-04-01,1,-6,20,0,1,-3,10.1,100,4.375,1005,86.25,2,2,-4,248,248,335,5.4,1,9.4,météo très défavorable
2013-04-02,-7,-12,27,-12,-7,-9,0.7,82,8.375,1006,72,0,0,-18,119,122,116,0.5,2,8.1,météo très défavorable
2013-04-03,-3,-11,26,-10,-5,-5,0.7,88,7.625,1016,76.5,0,0,-16,122,122,119,0.6,1,8.1,météo très défavorable
2013-04-04,0,-12,24,-8,-1,-1,1.5,93,7,1021,52.125,0,0,-9,116,119,116,1.2,2,12,météo très défavorable
2013-04-05,1,-10,18,-1,1,-5,2.5,100,6,1014,69.375,1,1,-5,143,122,113,2,1,10.7,météo très défavorable
2013-04-06,-5,-14,20,-11,-5,-8,0,80,9,1026,15.875,0,0,-16,113,113,113,0,2,13.1,météo très défavorable
2013-04-07,1,-8,12,-5,0,1,4.4,100,5,1025,83.625,1,1,-7,122,260,248,0.5,1,8.2,météo très défavorable
2013-04-08,2,-7,8,0,2,-7,0.1,98,3.25,1020,61.625,3,2,-1,143,143,260,0,1,10.7,météo très défavorable
2013-04-09,2,-2,13,-1,2,1,2,100,3.125,1018,89.625,2,2,-3,143,248,248,0,1,8.2,météo très défavorable
2013-04-10,4,-4,13,1,4,-1,0.2,100,5,1017,61.25,5,3,1,248,116,113,0,1,12,météo très défavorable
2013-04-11,-2,-8,13,-6,-2,-6,0,78,9,1025,11.75,0,0,-9,113,116,113,0,2,13.2,météo très défavorable
2013-04-12,-1,-9,18,-4,-1,-1,5.8,96,8,1027,65.875,0,0,-7,116,122,119,4.9,2,9.5,météo très défavorable
2013-04-13,2,-3,9,-2,1,0,2.1,100,4.25,1012,97.125,2,2,-3,143,248,248,1.2,1,8.3,météo très défavorable
2013-04-14,1,-4,9,0,1,0,1.4,100,1.625,1023,82.625,2,2,-2,248,248,260,0.8,1,9.8,météo très défavorable
2013-04-15,7,-5,7,1,7,2,0.1,93,5.25,1028,59.25,7,3,3,248,116,122,0,1,9.8,météo très défavorable
2013-04-16,6,-1,14,2,6,6,9.6,99,5.75,1023,85.625,6,6,2,248,122,122,0,1,8.6,météo très défavorable
2013-04-17,6,-3,18,2,6,0,0,73,10,1030,15.125,6,0,0,116,113,113,0,2,13.8,météo très défavorable
2013-04-18,5,-2,12,1,3,1,6.8,100,7.375,1030,60.375,5,2,-3,113,122,248,0,2,11,météo très défavorable
2013-04-19,13,5,13,6,12,11,5,96,5.625,1008,89.875,13,12,8,248,119,143,0,2,8.7,météo très défavorable
2013-04-20,7,-2,32,3,6,1,2.1,84,8.875,1020,63.125,7,7,-1,116,119,119,0,1,9.9,météo très défavorable
2013-04-21,3,-10,16,-4,3,-3,0,39,10,1041,6.625,4,0,-4,113,113,113,0,2,14,météo très défavorable
2013-04-22,9,-10,8,0,8,0,0,59,10,1042,26.25,9,1,4,116,113,119,0,2,13.3,météo très défavorable
2013-04-23,9,-11,12,0,8,4,0,72,10,1034,3,9,4,5,113,113,113,0,2,14,météo très défavorable
2013-04-24,16,-2,10,4,15,9,0.8,85,6.375,1021,32.5,16,12,8,116,113,143,0,2,14.1,météo très défavorable
2013-04-25,9,-1,25,2,7,2,1.3,77,9.5,1027,43.625,9,8,-2,122,113,113,0.1,1,13.4,météo très défavorable
2013-04-26,8,-3,11,2,8,1,0,72,10,1031,17,9,1,4,113,116,113,0,2,14.1,météo très défavorable
2013-04-27,11,-3,8,4,11,2,0,60,10,1031,28.125,12,4,10,119,113,113,0,2,13.4,météo très défavorable
2013-04-28,16,-2,4,8,16,7,0,59,10,1027,14.875,17,7,15,113,116,113,0,3,14.2,météo très défavorable
2013-04-29,18,3,6,9,18,10,0.3,66,9.875,1022,17.75,19,10,16,113,113,116,0,4,14.2,météo favorable
2013-04-30,20,5,6,11,20,11,0,59,10,1025,30.125,20,9,17,113,116,113,0,4,14.2,météo favorable
2013-05-01,21,7,4,13,21,14,0.5,59,9,1030,34.25,25,12,20,113,116,116,0,4,14.3,météo favorable
2013-05-02,18,9,17,14,14,11,0.2,85,9.375,1033,51,18,12,12,116,122,116,0,4,12.3,météo correcte
2013-05-03,18,4,9,9,18,12,0,56,10,1035,19.625,18,8,14,116,113,113,0,4,14.3,météo favorable
2013-05-04,22,6,6,12,22,10,0,53,10,1028,5.625,25,11,21,113,113,113,0,4,14.5,météo favorable
2013-05-05,22,6,9,13,22,11,0,50,10,1022,6.125,24,9,20,113,113,113,0,4,14.5,météo favorable
2013-05-06,22,8,15,13,22,15,0,53,10,1020,10.25,24,10,19,113,113,113,0,5,14.5,météo favorable
2013-05-07,23,8,16,14,23,15,0,54,10,1018,8.625,24,11,19,113,113,113,0,5,14.5,météo favorable
2013-05-08,26,10,9,15,26,18,0,47,10,1021,8.25,26,13,25,113,113,113,0,5,14.5,météo favorable
2013-05-09,19,12,9,15,19,14,5.6,80,7.125,1016,59.25,19,15,18,200,116,116,0,3,12.4,météo correcte
2013-05-10,18,8,11,12,18,11,1.7,66,7.625,1016,58.625,18,11,17,113,119,119,0,3,11.4,météo correcte
2013-05-11,15,7,10,8,13,12,13.9,97,5.75,1011,92.5,15,14,11,248,143,116,0,3,10.4,météo défavorable
2013-05-12,13,3,16,8,13,7,0.6,85,6.875,1004,54.875,13,7,7,113,119,113,0,2,12.4,météo correcte
2013-05-13,7,0,30,2,7,3,1.1,76,9.75,1015,58.875,7,1,-1,122,119,119,0,2,10.4,météo très défavorable
2013-05-14,11,-2,15,4,11,3,0,47,9,1018,12.625,11,0,5,113,116,113,0,2,14.5,météo très défavorable
2013-05-15,14,-2,14,8,14,6,2.6,67,9.625,1015,37.25,14,6,11,113,116,122,0,3,13.5,météo très défavorable
2013-05-16,12,5,17,8,11,8,1.8,90,5.125,1010,87.25,12,9,9,248,119,116,0,2,10.4,météo très défavorable
2013-05-17,14,1,11,7,13,6,0.5,56,7.375,1023,44.25,15,6,13,113,116,113,0,2,14.5,météo très défavorable
2013-05-18,16,4,5,7,16,9,0.1,55,10,1027,24.125,17,8,15,113,116,113,0,3,14.5,météo correcte
2013-05-19,17,3,10,9,17,11,2.3,63,9.875,1027,26,17,9,14,113,113,116,0,4,14.5,météo correcte
2013-05-20,18,9,10,10,17,11,3.6,88,6.5,1016,70.75,18,13,16,248,119,116,0,3,11.5,météo défavorable
2013-05-21,17,9,13,10,17,12,0.8,76,8.25,1016,44.875,17,11,15,143,113,116,0,4,13.5,météo correcte
2013-05-22,13,9,13,11,13,11,5.1,91,6.25,1012,76.625,13,11,10,116,122,248,0,4,10.5,météo défavorable
2013-05-23,19,10,17,15,19,14,6.9,97,3.75,1008,94,19,18,18,248,119,248,0,3,9.5,météo défavorable
2013-05-24,10,5,10,8,8,7,5,95,6,1017,83.375,10,9,6,122,143,143,0,2,10.5,météo très défavorable
2013-05-25,6,2,16,3,6,2,6.7,90,8.75,1019,82.25,6,3,0,116,122,122,0,1,10.5,météo très défavorable
2013-05-26,7,1,16,3,7,4,3.6,97,7.375,1016,73.75,8,6,2,248,119,122,0,1,10.7,météo très défavorable
2013-05-27,15,0,20,7,14,6,0,50,8,1020,10.25,15,5,9,113,113,113,0,2,14.5,météo très défavorable
2013-05-28,18,0,9,12,18,8,0,53,10,1023,10,18,8,18,113,113,116,0,4,14.5,météo favorable
2013-05-29,19,6,16,14,17,12,3,98,8.75,1020,55,19,13,12,116,119,143,0,4,11.7,météo correcte
2013-05-30,22,11,19,15,22,18,0.5,81,4.75,1016,54.5,25,18,19,143,113,143,0,4,13.6,météo favorable
2013-05-31,24,15,19,19,24,21,9.3,90,4.25,1015,66.5,26,21,21,248,116,143,0,4,12.6,météo défavorable
2013-06-01,20,17,12,19,20,18,13.1,97,3.375,1010,78,20,19,19,248,143,248,0,4,10.8,météo défavorable
2013-06-02,22,16,16,19,22,19,4,94,6.375,1007,71,25,21,21,143,143,113,0,4,12.7,météo défavorable
2013-06-03,16,9,21,15,16,12,0.7,89,7.5,1008,64.75,16,15,14,119,119,113,0,3,11.7,météo correcte
2013-06-04,13,6,24,8,13,9,0,57,10,1018,28.125,13,7,8,113,113,113,0,3,14.5,météo correcte
2013-06-05,15,2,16,8,15,11,0,49,9,1022,6.375,16,8,11,113,116,113,0,3,14.5,météo correcte
2013-06-06,17,1,10,12,17,11,0.3,54,9.375,1023,30.625,17,8,16,113,116,116,0,4,14.5,météo très défavorable
2013-06-07,14,8,11,10,14,11,1.2,88,6.625,1020,76.125,14,11,12,143,119,143,0,3,11.7,météo défavorable
2013-06-08,13,9,18,10,13,10,0.3,98,5.5,1016,94.25,13,11,9,122,122,143,0,3,9.9,météo défavorable
2013-06-09,14,5,8,8,10,11,1.8,97,4.625,1022,67.5,14,10,9,143,143,113,0,2,11.8,météo très défavorable
2013-06-10,22,3,13,14,22,15,1,74,6.875,1023,14.125,25,16,19,113,113,143,0,3,14.5,météo favorable
2013-06-11,14,11,11,14,14,12,6.2,97,8.375,1014,72.875,15,13,11,119,116,248,0,4,11.8,météo défavorable
2013-06-12,16,10,8,12,16,13,0.8,85,6.75,1009,67.125,17,14,16,116,122,116,0,3,11.8,météo défavorable
2013-06-13,20,7,8,15,20,12,0.5,68,9,1009,24.125,21,14,19,116,113,116,0,4,14.5,météo favorable
2013-06-14,22,6,15,16,22,14,0.2,53,10,1009,5.625,24,11,20,113,113,113,0,4,14.5,météo favorable
2013-06-15,18,5,24,14,18,14,0.4,58,9.875,1011,17.25,18,10,17,113,116,113,0,4,14.5,météo favorable
2013-06-16,14,4,4,12,13,11,1.1,90,9.25,1011,44.125,14,12,14,116,116,116,0,4,14.5,météo correcte
2013-06-17,17,4,17,11,17,12,1.8,91,4.375,1012,67.375,17,14,13,143,200,113,0,3,10.9,météo très défavorable
2013-06-18,17,3,14,11,17,12,0.3,59,7.875,1016,19.375,17,9,16,116,116,113,0,3,14.5,météo correcte
2013-06-19,19,2,11,11,19,13,0,52,10,1020,8,19,10,19,113,113,113,0,4,14.5,météo favorable
2013-06-20,19,4,18,13,19,14,0,58,9,1023,17.5,19,12,18,113,116,113,0,4,14.5,météo favorable
2013-06-21,21,8,14,15,21,14,0.4,62,7.75,1022,27.875,24,13,19,116,113,113,0,3,14.5,météo favorable
2013-06-22,21,9,19,16,21,18,2.9,97,8.25,1022,55.25,21,17,17,122,119,113,0,5,11.8,météo correcte
2013-06-23,22,9,10,18,22,19,0.1,74,6.25,1019,60.625,25,18,21,113,116,116,0,4,14.5,météo correcte
2013-06-24,25,16,20,19,25,22,1.3,86,5.125,1013,58.5,26,21,24,116,116,143,0,5,14.5,météo correcte
2013-06-25,25,17,19,19,25,21,1.1,80,5.375,1008,55.625,27,21,23,143,116,143,0,6,13.6,météo correcte
2013-06-26,17,12,13,12,17,13,0.4,68,7.75,1010,61.625,18,14,15,116,119,122,0,3,11.8,météo correcte
2013-06-27,17,10,17,16,16,12,1,91,7.75,1012,78.375,17,16,13,122,122,116,0,3,11.8,météo défavorable
2013-06-28,11,10,25,10,10,11,8.6,98,8.25,1011,91.25,11,11,7,122,122,122,0,3,9.9,météo défavorable
2013-06-29,20,11,9,11,19,16,1.7,96,4.375,1003,85,21,17,13,143,119,248,0,3,10.9,météo défavorable
2013-06-30,21,10,15,16,21,17,0.4,69,5.5,1014,54,21,16,19,143,116,113,0,4,13.6,météo favorable
2013-07-01,23,10,8,16,22,16,0,51,7.75,1023,27,25,13,21,113,113,113,0,4,14.5,météo favorable
2013-07-02,19,11,14,15,18,14,0,70,10,1024,27.5,19,12,16,113,116,113,0,4,14.5,météo favorable
2013-07-03,24,12,14,16,24,20,0.2,75,8.75,1021,57.5,26,19,23,119,116,116,0,4,13.6,météo correcte
2013-07-04,27,16,17,19,27,23,0.4,72,6.375,1021,54.375,28,22,25,116,113,143,0,5,13.6,météo favorable
2013-07-05,26,18,23,21,26,23,0.4,65,7.5,1017,39.375,28,21,24,113,113,113,0,5,14.5,météo favorable
2013-07-06,26,16,23,20,26,22,0,66,10,1015,8.25,27,19,25,113,113,113,0,6,14.5,météo idéale
2013-07-07,26,15,15,21,26,19,0.1,69,8,1015,30,27,17,23,113,116,113,0,5,14.5,météo favorable
2013-07-08,23,13,7,16,23,16,0,52,10,1018,28.625,25,13,22,116,113,113,0,5,14.5,météo favorable
2013-07-09,26,15,7,19,26,20,1.2,68,8.875,1019,29.375,27,20,25,116,113,143,0,4,14.5,météo idéale
2013-07-10,23,15,18,20,23,21,11.1,91,5.125,1014,74.75,26,22,23,143,122,119,0,4,10.6,météo défavorable
2013-07-11,22,11,22,18,22,15,0,63,7.5,1017,33.625,24,18,20,116,113,113,0,4,14.5,météo favorable
2013-07-12,23,6,5,16,23,15,0,52,10,1022,0,26,14,24,113,113,113,0,4,14.5,météo favorable
2013-07-13,25,6,12,19,25,17,0,58,9,1026,0,26,18,25,113,113,113,0,5,14.5,météo favorable
2013-07-14,27,14,15,20,27,20,0,60,8,1025,17,28,18,26,113,113,116,0,5,14.5,météo favorable
2013-07-15,29,14,17,21,29,24,0.4,66,8.75,1021,8.5,31,21,27,113,113,113,0,6,14.5,météo favorable
2013-07-16,29,15,8,21,29,21,0,52,10,1023,12.875,31,20,28,113,113,113,0,6,14.5,météo idéale
2013-07-17,29,16,19,22,29,23,2.1,78,6.5,1020,39.5,32,23,26,143,116,113,0,6,13.5,météo favorable
2013-07-18,25,14,12,21,25,20,0.1,67,6.75,1017,27,26,19,24,113,113,113,0,5,14.5,météo favorable
2013-07-19,25,16,24,20,24,22,11.6,99,8,1010,64.125,28,24,21,122,116,116,0,5,12.5,météo correcte
2013-07-20,23,11,19,19,23,18,1.2,92,8.625,1009,49.625,25,19,20,122,116,113,0,4,12.5,météo favorable
2013-07-21,18,5,14,11,18,12,0,48,10,1017,2.125,18,11,15,113,113,113,0,4,14.5,météo favorable
2013-07-22,22,5,10,15,22,12,0,52,10,1017,1.125,25,13,22,113,113,113,0,4,14.5,météo favorable
2013-07-23,23,8,9,18,22,18,1.5,79,8.75,1010,31.375,25,19,21,113,113,248,0,5,13.5,météo favorable
2013-07-24,18,8,23,16,18,12,0.3,68,6.75,1016,44.125,18,17,17,143,116,113,0,3,13.5,météo favorable
2013-07-25,21,3,4,11,21,11,0,52,10,1021,3.375,25,13,20,113,113,113,0,4,14.5,météo favorable
2013-07-26,21,10,14,16,21,15,0,57,10,1021,23.75,24,12,20,116,113,116,0,5,13.5,météo favorable
2013-07-27,24,8,5,16,24,16,0,61,10,1018,12,26,16,24,113,113,113,0,5,14.5,météo favorable
2013-07-28,25,13,15,19,24,18,0.5,64,8.375,1016,52.625,26,18,24,116,113,143,0,4,12.5,météo favorable
2013-07-29,23,12,10,18,23,16,11.9,81,4.625,1016,50.125,25,18,21,248,116,143,0,4,13.5,météo correcte
2013-07-30,20,11,17,14,20,16,0.5,74,6.375,1017,52.375,21,14,18,119,116,113,0,4,13.5,météo favorable
2013-07-31,23,10,18,16,23,17,0.2,67,7.875,1018,11.375,25,16,21,113,113,113,0,5,14.5,météo favorable
2013-08-01,25,11,18,18,25,18,1.4,54,9.875,1015,38.375,26,16,24,113,116,116,0,5,14.5,météo favorable
2013-08-02,21,13,14,17,21,16,2.9,80,5,1008,60,21,17,20,248,113,248,0,4,12.4,météo correcte
2013-08-03,20,11,14,15,20,15,1.5,91,3.375,1007,64.625,20,15,16,143,116,143,0,3,12.4,météo correcte
2013-08-04,18,10,15,14,18,13,0.9,77,6.375,1010,51,18,14,18,116,116,116,0,3,14.5,météo favorable
2013-08-05,19,8,19,11,19,13,0.1,70,6.5,1015,43.375,19,10,14,143,113,113,0,3,14.5,météo favorable
2013-08-06,21,7,15,14,21,13,0.5,64,7.75,1019,23.75,21,14,20,113,113,143,0,4,14.5,météo favorable
2013-08-07,24,8,13,16,24,18,0.3,54,7.875,1020,20.125,25,15,22,113,113,116,0,4,14.5,météo favorable
2013-08-08,23,12,12,15,22,17,1.9,96,6.375,1014,76.25,25,17,17,143,116,248,0,5,10.3,météo défavorable
2013-08-09,23,11,8,18,22,16,2,92,6.125,1014,72.875,25,21,21,116,119,248,0,4,11.3,météo défavorable
2013-08-10,18,11,29,13,16,14,0,59,7.5,1014,44,18,15,16,113,116,113,0,3,14.5,météo favorable
2013-08-11,22,7,21,13,22,16,0,59,9,1015,16.75,24,12,19,113,116,113,0,4,14.5,météo favorable
2013-08-12,21,9,19,15,21,14,0.3,69,6.5,1013,37.125,21,14,19,116,113,113,0,3,14.5,météo favorable
2013-08-13,20,7,10,15,20,14,2,82,7.75,1011,58.875,21,17,20,116,116,122,0,3,13.4,météo correcte
2013-08-14,15,9,21,13,15,11,1.5,85,9.875,1009,66.5,15,12,14,200,119,116,0,3,11.1,météo défavorable
2013-08-15,18,7,19,12,18,13,2,86,7.875,1016,28.625,18,14,17,113,119,116,0,3,13.4,météo correcte
2013-08-16,19,7,15,13,19,11,0.3,73,6.375,1023,47.125,19,12,17,143,113,113,0,3,13.4,météo favorable
2013-08-17,20,5,12,12,20,12,0,55,9,1026,15.75,20,11,17,113,113,122,0,4,13.4,météo favorable
2013-08-18,23,7,21,14,23,18,0,60,7,1024,6.75,25,16,20,113,113,113,0,4,14,météo favorable
2013-08-19,25,13,19,16,25,17,0.3,77,7.25,1014,44.5,26,16,21,116,116,143,0,5,14,météo favorable
2013-08-20,25,15,16,18,25,18,0.7,75,6.625,1016,37.125,26,17,22,143,113,176,0,4,14,météo favorable
2013-08-21,25,15,20,18,25,20,0.1,79,8,1017,27,27,19,22,119,113,113,0,5,13.3,météo idéale
2013-08-22,22,15,15,18,22,17,1.8,89,7.5,1011,61,25,19,21,122,116,248,0,5,11,météo correcte
2013-08-23,19,7,14,12,19,11,0,54,9,1021,4.375,19,11,17,113,113,113,0,4,13.9,météo favorable
2013-08-24,21,3,13,13,21,12,0,50,10,1026,15.25,21,11,19,119,113,113,0,4,13.3,météo favorable
2013-08-25,21,7,12,14,21,15,1.1,59,8.875,1027,12.5,24,13,20,113,113,113,0,4,13.8,météo favorable
2013-08-26,22,13,12,14,20,18,1.2,93,4.25,1016,67.5,24,18,17,248,119,143,0,4,11,météo défavorable
2013-08-27,25,12,10,17,25,16,0.1,68,5.25,1012,53.625,26,17,24,113,116,143,0,4,13.8,météo favorable
2013-08-28,25,12,14,19,25,17,0.8,70,7.375,1018,46.625,27,20,22,116,113,113,0,4,13.3,météo favorable
2013-08-29,19,9,17,15,18,12,0.1,76,9,1021,37,19,13,16,119,116,113,0,4,12,météo favorable
2013-08-30,22,8,12,14,22,16,5.4,92,5.375,1016,67.625,25,18,19,119,116,248,0,4,10.8,météo défavorable
2013-08-31,24,13,5,16,24,14,0.4,70,5.75,1009,42.25,26,17,23,143,113,143,0,4,13.2,météo favorable
2013-09-01,22,12,10,16,22,14,0,59,8,1014,29.75,25,14,20,113,119,116,0,4,13.2,météo correcte
2013-09-02,14,11,21,14,13,12,15.9,98,8.875,1014,85.5,14,13,10,119,122,122,0,4,8.2,météo défavorable
2013-09-03,18,10,15,12,18,14,1.1,96,3.625,1007,82.875,18,15,16,143,119,248,0,3,9.5,météo défavorable
2013-09-04,16,6,21,13,15,9,0.9,93,6.5,1012,57.875,16,13,12,119,119,113,0,3,10.7,météo correcte
2013-09-05,13,2,20,7,13,6,0,51,10,1020,15,13,3,10,113,113,113,0,3,13.1,météo correcte
2013-09-06,16,2,23,7,16,11,0,55,10,1021,10.375,16,6,12,113,113,113,0,3,13,météo correcte
2013-09-07,16,9,17,12,16,14,2.2,97,7,1013,81.25,17,15,13,119,122,248,0,4,8.1,météo défavorable
2013-09-08,13,5,23,7,13,6,0,57,7.5,1017,47.625,13,10,8,116,113,113,0,2,13,météo correcte
2013-09-09,16,2,26,6,16,11,0,60,10,1019,13.25,16,9,11,113,113,113,0,3,12.9,météo correcte
2013-09-10,14,7,4,10,14,12,3.6,97,6.875,1016,68.5,15,14,12,116,122,248,0,3,10.6,météo défavorable
2013-09-11,23,15,21,18,23,18,1.8,98,3.75,1013,87,25,21,21,248,116,248,0,4,10.6,météo défavorable
2013-09-12,20,13,10,17,20,16,6,99,4.375,1011,84.875,20,18,18,248,116,248,0,4,10.6,météo défavorable
2013-09-13,18,10,12,14,18,11,1,69,6.375,1010,67.75,18,15,16,143,119,119,0,3,10.6,météo défavorable
2013-09-14,12,5,9,9,12,8,1,95,3.5,1015,80.5,12,10,10,116,122,248,0,2,6.2,météo très défavorable
2013-09-15,15,3,20,7,15,11,0.6,82,5.25,1016,80,15,10,10,248,119,116,0,2,7.5,météo très défavorable
2013-09-16,11,1,14,5,11,3,1.1,55,8.625,1025,25.125,11,9,7,113,113,113,0,2,11.6,météo très défavorable
2013-09-17,14,0,18,5,14,8,0,59,10,1029,5.25,14,7,10,113,113,113,0,3,11.6,météo très défavorable
2013-09-18,16,4,19,6,16,10,0,66,5,1024,55.25,17,10,12,113,113,248,0,2,11.6,météo correcte
2013-09-19,19,5,17,9,19,12,0,69,5.5,1019,48.75,19,12,16,113,113,143,0,3,11.6,météo favorable
2013-09-20,21,9,10,14,21,14,0,67,7,1018,20.625,24,14,20,113,113,113,0,4,11.6,météo favorable
2013-09-21,21,9,22,12,21,13,0.2,62,8,1011,13.25,21,12,18,113,116,113,0,3,11.6,météo favorable
2013-09-22,14,5,17,13,12,6,9.2,95,5.875,1009,76.75,14,14,8,248,116,116,0,3,8.8,météo très défavorable
2013-09-23,9,3,18,5,9,5,0.5,73,8,1015,63,9,4,4,122,119,113,0,2,7.4,météo très défavorable
2013-09-24,13,2,11,5,13,6,1.2,88,7.625,1014,63.625,13,6,5,119,116,116,0,2,8.8,météo correcte
2013-09-25,15,3,6,7,15,3,0,67,8,1017,33.25,17,9,13,119,113,113,0,2,10.2,météo correcte
2013-09-26,17,3,5,8,17,6,0,67,8,1022,12.75,18,10,16,113,113,143,0,3,11.6,météo correcte
2013-09-27,19,4,8,12,19,9,0,69,6,1025,16.125,19,12,18,113,113,143,0,3,11.6,météo favorable
2013-09-28,20,7,8,11,20,10,0,70,6,1027,5.875,21,13,19,113,113,143,0,3,11.6,météo favorable
2013-09-29,19,6,12,12,19,7,0,66,7,1023,0,20,13,19,113,113,113,0,3,11.6,météo favorable
2013-09-30,20,5,8,12,20,7,0,69,5.75,1018,12.625,24,15,20,113,113,143,0,3,11.6,météo favorable
2013-10-01,20,5,10,13,20,12,0,75,4.25,1015,53,20,14,19,143,116,143,0,3,11.6,météo favorable
2013-10-02,20,11,26,12,20,13,0.3,89,5.625,1011,54.125,20,13,15,248,113,116,0,3,10.2,météo favorable
2013-10-03,17,8,20,10,17,10,0,58,9,1016,13.125,17,8,14,113,116,113,0,4,11.6,météo correcte
2013-10-04,14,4,10,8,14,6,0,57,9,1021,19.875,14,6,11,113,116,113,0,3,11.6,météo correcte
2013-10-05,14,2,13,7,14,5,0,53,10,1024,16.375,14,4,11,116,113,113,0,3,11.6,météo correcte
2013-10-06,13,1,15,3,13,7,1.1,51,9.875,1025,33.875,13,6,8,113,113,116,0,3,11.6,météo très défavorable
2013-10-07,19,7,20,10,18,14,3.8,86,6.25,1015,73.25,19,16,14,143,119,119,0,3,8.7,météo défavorable
2013-10-08,10,4,21,5,10,5,0.3,64,9,1028,37.25,10,9,5,113,116,113,0,2,10.1,météo très défavorable
2013-10-09,14,3,14,5,14,6,0,66,8,1031,3.375,14,6,11,113,113,113,0,2,11.5,météo correcte
2013-10-10,16,4,11,6,16,7,0,71,10,1026,3.125,17,10,13,113,113,113,0,3,11.5,météo correcte
2013-10-11,20,4,3,9,20,10,0,67,9,1023,3.875,24,12,19,113,113,113,0,4,11.5,météo favorable
2013-10-12,16,8,12,9,16,9,0,78,4.25,1029,61.5,16,11,14,143,116,143,0,3,10.1,météo correcte
2013-10-13,16,6,8,7,16,7,0,74,6.5,1030,27.375,18,12,15,113,113,113,0,2,8.7,météo correcte
2013-10-14,14,7,11,9,14,10,1.7,95,3.625,1025,77,14,12,10,248,119,248,0,2,4.1,météo défavorable
2013-10-15,15,5,6,6,15,8,0,77,9,1027,25.625,15,9,13,113,116,113,0,2,8.7,météo correcte
2013-10-16,17,9,17,9,17,11,1,89,6.5,1020,77.125,17,11,12,248,119,119,0,3,5.5,météo défavorable
2013-10-17,12,8,18,11,12,9,6.2,92,6.75,1008,84.125,12,11,9,122,122,116,0,3,3.9,météo défavorable
2013-10-18,11,7,15,8,11,8,2.8,90,7.25,1006,77.125,11,9,9,248,119,116,0,2,3.9,météo défavorable
2013-10-19,12,4,16,4,12,6,1,80,8.875,1010,55.875,12,7,6,143,113,119,0,2,7.1,météo très défavorable
2013-10-20,7,2,26,7,6,3,4.8,88,7.375,1010,71.625,7,7,1,122,122,116,0,2,5.5,météo très défavorable
2013-10-21,9,0,9,0,9,5,0.2,72,9.375,1017,37.625,9,4,4,113,116,122,0,2,8.7,météo très défavorable
2013-10-22,9,1,22,7,9,3,6.2,93,7.25,1010,62,9,8,3,248,119,113,0,2,5.5,météo très défavorable
2013-10-23,6,0,17,2,6,0,0.3,73,7,1005,44.375,6,1,1,143,116,113,0,1,8.7,météo très défavorable
2013-10-24,4,-2,30,-2,4,0,0.2,72,9.375,1005,51.625,4,0,-3,113,119,119,0.2,2,5.5,météo très défavorable
2013-10-25,5,-2,20,-1,5,-1,0,67,10,1017,32,5,0,-1,116,116,116,0,2,8.7,météo très défavorable
2013-10-26,3,-3,14,-2,3,1,1.6,94,8.25,1017,82.625,3,1,-2,122,122,143,0.1,2,3.8,météo très défavorable
2013-10-27,4,-2,15,1,4,-1,0.7,96,7.625,1013,76.625,4,3,-1,248,122,116,0,1,5.4,météo très défavorable
2013-10-28,3,-4,23,-1,3,-3,2.6,96,7,1028,36,3,0,-4,143,113,113,2.2,1,7.1,météo très défavorable
2013-10-29,0,-6,13,-5,0,-5,0,72,8,1031,26.375,0,0,-6,113,113,116,0,1,8.7,météo très défavorable
2013-10-30,2,-6,21,-5,2,-3,0,76,10,1026,46.25,2,0,-4,119,119,113,0,2,5.4,météo très défavorable
2013-10-31,7,-4,13,-2,6,5,8.4,96,6.25,1022,67,7,7,2,143,122,122,0,1,5.4,météo très défavorable
2013-11-01,14,5,38,10,14,8,16,97,7.75,997,80.5,14,12,6,248,116,122,0,2,7.1,météo très défavorable
2013-11-02,5,-4,12,1,5,-1,0,72,10,1013,36.625,5,0,-1,116,116,113,0,2,8.7,météo très défavorable
2013-11-03,1,-5,13,-5,1,-4,0,56,10,1031,0,1,0,-5,113,113,113,0,2,8.7,météo très défavorable
2013-11-04,2,-6,3,-6,2,-4,0,55,10,1039,5.875,5,0,-2,113,113,113,0,2,8.7,météo très défavorable
2013-11-05,4,-3,14,-3,4,-2,0,60,10,1039,41.75,5,0,-2,116,116,113,0,1,8.7,météo très défavorable
2013-11-06,9,1,11,1,9,4,2.1,92,6.625,1028,74.75,9,5,4,248,113,143,0,1,7,météo très défavorable
2013-11-07,9,-1,22,9,4,0,7.1,90,9.5,1008,62.25,9,9,-2,122,116,116,0,1,7,météo très défavorable
2013-11-08,2,-2,24,-1,2,-1,0.2,65,9.25,1012,64,2,0,-4,119,119,119,0.2,2,5.4,météo très défavorable
2013-11-09,2,-3,15,-3,2,-2,0,58,10,1018,26.875,2,0,-4,113,116,116,0,2,8.7,météo très défavorable
2013-11-10,-1,-3,13,-3,-1,-2,1.8,93,8,1015,96.375,0,0,-6,119,122,122,1.5,1,3.7,météo très défavorable
2013-11-11,0,-4,17,-4,0,-1,2.7,88,9,1015,62.875,0,0,-6,113,119,122,2.3,1,5.3,météo très défavorable
2013-11-12,-3,-8,26,-8,-3,-7,0.1,70,9.625,1018,46.875,0,0,-12,122,116,113,0.1,2,3.6,météo très défavorable
2013-11-13,-5,-11,19,-11,-6,-7,0.2,87,9.375,1022,50.75,0,0,-14,113,116,122,0.2,2,7,météo très défavorable
2013-11-14,0,-4,21,-2,0,0,0.8,95,6.75,1014,82.625,0,0,-6,122,119,119,0.7,1,3.6,météo très défavorable
2013-11-15,3,0,12,0,3,2,0.6,99,0.5,1020,96.125,3,3,-2,248,248,248,0,1,3.6,météo très défavorable
2013-11-16,5,-1,4,1,5,-1,0,100,0.25,1025,71.5,5,5,0,248,143,260,0,1,7,météo très défavorable
2013-11-17,6,-2,10,-1,6,3,3.2,92,7.625,1025,54.25,6,4,2,113,119,143,0,1,5.3,météo très défavorable
2013-11-18,8,2,25,8,7,4,14.8,94,6.875,1005,71.875,8,7,1,143,119,116,0,2,3.6,météo très défavorable
2013-11-19,1,-5,35,-3,-1,-4,0.2,62,8.375,1022,51.875,1,0,-9,116,119,113,0.1,1,5.3,météo très défavorable
2013-11-20,-1,-7,12,-7,-1,-4,0,63,10,1037,6.5,0,0,-8,113,113,113,0,2,8.7,météo très défavorable
2013-11-21,2,-5,6,-5,2,-2,0,42,10,1038,27.75,3,0,-3,113,113,116,0,2,8.7,météo très défavorable
2013-11-22,0,-3,4,-2,0,-2,1.2,89,7.875,1027,75.75,0,0,-2,122,122,119,0.9,2,3.5,météo très défavorable
2013-11-23,-1,-10,29,-5,-5,-8,0.9,76,8.125,1010,49.375,0,0,-13,113,119,113,0.7,1,5.2,météo très défavorable
2013-11-24,-8,-12,36,-11,-8,-12,0.1,73,8,1015,92.625,0,0,-20,122,122,119,0,1,3.4,météo très défavorable
2013-11-25,-9,-14,19,-14,-9,-11,1.1,84,9,1024,56.5,0,0,-19,122,113,122,1,2,8.7,météo très défavorable
2013-11-26,-2,-7,16,-5,-2,-3,1.4,95,4.75,1022,93.875,0,0,-8,122,122,143,1.3,1,3.4,météo très défavorable
2013-11-27,1,-3,19,-1,0,-1,17,100,4.125,1018,96.125,1,1,-4,122,248,260,2.7,1,3.4,météo très défavorable
2013-11-28,-5,-12,28,-10,-9,-12,0.1,87,10,1025,54.5,0,0,-21,116,122,116,0,2,5.1,météo très défavorable
2013-11-29,-9,-15,9,-15,-9,-13,0,94,5,1040,28.125,0,0,-17,143,113,143,0,2,8.7,météo très défavorable
2013-11-30,-10,-18,7,-18,-11,-11,0.1,92,6.625,1043,38.875,0,0,-14,143,116,116,0.1,1,6.9,météo très défavorable
2013-12-01,-4,-10,5,-9,-4,-8,0.3,96,6.75,1027,79.75,0,0,-8,143,122,143,0.2,1,3.2,météo très défavorable
2013-12-02,-3,-7,13,-6,-3,-4,1.5,96,3.375,1021,85,0,0,-8,143,119,143,1.3,1,3.2,météo très défavorable
2013-12-03,0,-7,4,-5,0,-4,0.8,99,0.5,1016,66.625,0,0,-6,260,260,143,0.7,1,5,météo très défavorable
2013-12-04,-1,-11,9,-7,-1,-9,0,93,7,1023,19.25,0,0,-7,113,116,143,0,1,8.4,météo très défavorable
2013-12-05,2,-9,14,-4,0,1,7.1,99,3.625,1023,83,2,2,-7,143,260,248,0,1,3.2,météo très défavorable
2013-12-06,2,-6,23,-1,-1,-4,0,92,10,1019,52,2,2,-9,116,113,116,0.1,1,6.9,météo très défavorable
2013-12-07,-8,-12,23,-11,-8,-11,0.1,86,9.625,1028,40.5,0,0,-17,116,119,113,0.1,2,3.2,météo très défavorable
2013-12-08,-10,-15,19,-15,-10,-14,0,89,10,1035,21.25,0,0,-19,113,116,113,0,2,8.4,météo très défavorable
2013-12-09,-6,-13,21,-12,-9,-9,4.3,96,6,1034,83.125,0,0,-18,116,122,143,3.7,1,3.1,météo très défavorable
2013-12-10,-3,-16,23,-5,-7,-13,0.3,88,9.25,1011,43.25,0,0,-17,119,113,116,0.2,1,8.4,météo très défavorable
2013-12-11,-9,-20,22,-13,-9,-15,0.3,92,6.5,1020,72.875,0,0,-19,260,122,119,0.3,1,5,météo très défavorable
2013-12-12,-17,-26,11,-26,-20,-20,0.4,95,6.75,1025,76.125,0,0,-30,116,122,260,0.3,2,5,météo très défavorable
2013-12-13,-14,-26,20,-16,-19,-26,0.4,90,6.75,1030,54.625,0,0,-32,143,116,116,0.3,1,8.3,météo très défavorable
2013-12-14,-19,-30,6,-30,-22,-22,0,95,9,1039,27,0,0,-31,113,113,116,0,2,8.3,météo très défavorable
2013-12-15,-14,-17,23,-16,-14,-15,9.1,96,5,1028,100,0,0,-26,122,122,143,7.8,1,3.1,météo très défavorable
2013-12-16,-15,-23,18,-19,-17,-22,0.1,94,5.125,1021,82.75,0,0,-28,260,122,143,0.1,1,3.1,météo très défavorable
2013-12-17,-16,-29,9,-29,-18,-18,0.1,90,7.375,1026,43,0,0,-25,113,113,122,0.1,1,8.3,météo très défavorable
2013-12-18,-10,-23,8,-23,-10,-13,0.5,97,4.875,1019,92.25,0,0,-18,260,119,260,0.4,1,3.1,météo très défavorable
2013-12-19,-7,-15,9,-15,-7,-10,0.8,96,7.125,1018,72.25,0,0,-13,260,122,116,0.7,1,3.1,météo très défavorable
2013-12-20,-8,-19,10,-12,-8,-10,2.7,95,4,1021,81.125,0,0,-14,119,143,143,2.3,1,3.1,météo très défavorable
2013-12-21,-7,-10,9,-9,-8,-7,4.4,95,3.375,1020,94.875,0,0,-13,143,122,143,3.8,1,3.3,météo très défavorable
2013-12-22,-9,-12,26,-9,-11,-11,8.9,92,6.75,1022,97.875,0,0,-22,122,122,122,7.5,1,3.3,météo très défavorable
2013-12-23,-8,-12,7,-12,-9,-11,1.1,98,5.75,1020,94.75,0,0,-14,122,122,143,1,1,3.3,météo très défavorable
2013-12-24,-12,-20,8,-18,-14,-20,0.1,96,6.125,1024,66.625,0,0,-23,143,119,143,0.1,1,5.1,météo très défavorable
2013-12-25,-18,-24,8,-23,-18,-22,0,99,4.5,1034,60.75,0,0,-30,113,143,260,0,1,5.1,météo très défavorable
2013-12-26,-11,-18,7,-16,-11,-17,1,97,4.5,1031,84.625,0,0,-14,116,143,260,0.9,1,3.3,météo très défavorable
2013-12-27,-9,-15,15,-13,-9,-12,0,95,6,1021,72.125,0,0,-17,143,122,143,0.1,1,3.3,météo très défavorable
2013-12-28,-4,-15,20,-7,-4,-4,1.4,95,4.125,1017,80.5,0,0,-10,143,119,143,1.1,1,3.3,météo très défavorable
2013-12-29,-8,-14,18,-10,-13,-14,2.1,94,5.75,1019,94.375,0,0,-21,143,122,122,1.8,2,3.3,météo très défavorable
2013-12-30,-9,-26,22,-10,-19,-22,0.4,90,7,1023,52,0,0,-30,122,113,116,0.2,1,8.7,météo très défavorable
2013-12-31,-21,-27,5,-26,-21,-22,0.4,97,7.375,1024,85.625,0,0,-26,122,122,143,0.4,2,3.3,météo très défavorable
2014-01-01,-20,-33,21,-25,-21,-30,0,91,6.25,1035,62.25,0,0,-35,260,119,113,0,1,5.1,météo très défavorable
2014-01-02,-24,-36,7,-35,-25,-25,0,89,10,1036,33,0,0,-31,113,116,116,0,2,8.7,météo très défavorable
2014-01-03,-22,-30,10,-28,-22,-30,0,92,10,1029,43.25,0,0,-34,122,113,113,0,2,6.9,météo très défavorable
2014-01-04,-12,-30,6,-27,-17,-14,0.4,96,5,1029,77.5,0,0,-24,143,143,122,0.3,2,3.3,météo très défavorable
2014-01-05,-6,-12,6,-11,-7,-7,0.5,97,3.375,1024,95,0,0,-12,143,143,143,0.5,1,3.3,météo très défavorable
2014-01-06,3,-13,27,0,2,-7,18.4,100,7.25,1012,91.875,3,3,-9,122,122,119,0,1,3.3,météo très défavorable
2014-01-07,-18,-23,29,-21,-20,-18,0.4,94,6.5,1010,90.375,0,0,-36,122,122,122,0.4,1,3.3,météo très défavorable
2014-01-08,-15,-21,25,-21,-15,-15,0.1,94,10,1024,86.125,0,0,-29,122,122,119,0.1,1,3.3,météo très défavorable
2014-01-09,-16,-23,18,-16,-16,-23,0.1,93,6.125,1036,55.125,0,0,-26,122,113,143,0.1,1,8.7,météo très défavorable
2014-01-10,-9,-20,12,-17,-10,-10,0.1,97,4.5,1033,79.375,0,0,-17,143,119,143,0.1,1,3.3,météo très défavorable
2014-01-11,3,-8,10,-4,1,3,12.5,100,3.25,1022,93.625,3,3,-3,143,248,248,0.1,1,3.3,météo très défavorable
2014-01-12,2,-5,27,0,-1,-2,0.8,89,9,1008,54.375,2,2,-8,122,116,116,0.6,1,8.7,météo très défavorable
2014-01-13,0,-8,10,-6,0,-1,0.3,95,5.125,1013,53.25,0,0,-5,260,143,116,0,1,8.7,météo très défavorable
2014-01-14,1,0,12,1,1,0,5,100,2.5,1006,96.25,1,1,-3,248,248,248,0,1,3.4,météo très défavorable
2014-01-15,-2,-13,6,-13,-3,-2,0.8,98,5.75,1014,49.625,0,0,-8,143,119,143,0.6,2,5.1,météo très défavorable
2014-01-16,-3,-18,4,-7,-4,-14,0.4,98,5.75,1015,56.375,0,0,-8,260,116,260,0.3,1,6.9,météo très défavorable
2014-01-17,-2,-9,8,-9,-2,-6,0.4,96,5.25,1014,88,0,0,-6,260,122,260,0.4,1,3.4,météo très défavorable
2014-01-18,-3,-17,6,-8,-3,-16,0.1,96,4.125,1011,49.625,0,0,-10,143,116,260,0.1,1,8.7,météo très défavorable
2014-01-19,-5,-16,19,-6,-6,-8,2.6,96,3.5,1004,91.5,0,0,-13,260,122,122,2.2,1,3.4,météo très défavorable
2014-01-20,-9,-26,11,-23,-18,-25,0,87,10,1014,34,0,0,-27,113,116,113,0,1,8.7,météo très défavorable
2014-01-21,-23,-31,11,-31,-23,-28,0,94,8,1024,30.25,0,0,-35,116,119,143,0,2,6.9,météo très défavorable
2014-01-22,-18,-32,6,-31,-18,-25,0,95,4,1022,20,0,0,-28,143,116,143,0,1,8.7,météo très défavorable
2014-01-23,-18,-26,10,-26,-18,-21,0,93,8,1021,67,0,0,-28,143,122,143,0,2,5.2,météo très défavorable
2014-01-24,-19,-27,12,-27,-22,-23,0.1,98,2.875,1024,94.5,0,0,-34,143,143,260,0.2,1,3.4,météo très défavorable
2014-01-25,-9,-15,23,-15,-10,-11,2.4,95,3,1008,100,0,0,-20,143,122,143,2,1,3.5,météo très défavorable
2014-01-26,-10,-29,23,-23,-23,-26,0.1,92,5.5,1009,84.75,0,0,-38,122,122,143,0,1,5.2,météo très défavorable
2014-01-27,-8,-28,33,-17,-8,-16,3.5,96,5.75,1014,79,0,0,-20,143,122,116,2.7,1,3.5,météo très défavorable
2014-01-28,-16,-25,23,-25,-20,-17,0,93,9,1020,91.75,0,0,-34,119,122,122,0,1,3.5,météo très défavorable
2014-01-29,-14,-20,24,-20,-14,-14,0.4,93,7.75,1019,99.875,0,0,-26,122,122,122,0.3,1,3.5,météo très défavorable
2014-01-30,-11,-25,14,-25,-11,-12,0,96,4.75,1025,69.5,0,0,-22,260,119,143,0,1,3.5,météo très défavorable
2014-01-31,-3,-11,26,-8,-3,-7,0.8,92,8,1020,70,0,0,-14,122,122,116,0.7,2,5.2,météo très défavorable
2014-02-01,-5,-17,11,-17,-7,-8,3.2,96,7,1026,51.5,0,0,-15,143,113,338,2.8,2,7,météo très défavorable
2014-02-02,-2,-11,10,-3,-2,-8,2,92,6.5,1019,63,0,0,-8,260,119,116,1.7,1,7,météo très défavorable
2014-02-03,-11,-22,6,-19,-11,-22,0,95,6.5,1027,8.25,0,0,-17,113,113,260,0,2,8.7,météo très défavorable
2014-02-04,-10,-20,14,-17,-10,-14,0.2,94,4.25,1030,72.5,0,0,-19,143,119,260,0.1,1,3.6,météo très défavorable
2014-02-05,-9,-17,5,-15,-9,-13,0,91,6.5,1028,72.875,0,0,-13,143,119,116,0,1,3.6,météo très défavorable
2014-02-06,-16,-24,15,-24,-16,-18,0,93,8.75,1024,52,0,0,-26,113,122,260,0,2,5.3,météo très défavorable
2014-02-07,-10,-17,22,-14,-10,-13,0.6,92,6.5,1018,92.125,0,0,-21,122,122,119,0.6,1,3.6,météo très défavorable
2014-02-08,-11,-17,22,-17,-11,-13,0.4,94,5.625,1022,93.125,0,0,-24,260,122,260,0.3,1,3.6,météo très défavorable
2014-02-09,-12,-26,6,-26,-12,-21,0,92,5,1023,34.125,0,0,-17,260,116,260,0,1,8.7,météo très défavorable
2014-02-10,-12,-20,13,-20,-12,-19,0,88,9,1021,66.875,0,0,-21,119,119,113,0,1,3.9,météo très défavorable
2014-02-11,-17,-23,14,-23,-17,-22,0,88,10,1032,54.875,0,0,-26,122,119,116,0,2,7.1,météo très défavorable
2014-02-12,-14,-24,8,-24,-14,-23,0,90,8,1035,15.5,0,0,-23,116,113,143,0,2,8.7,météo très défavorable
2014-02-13,-8,-21,7,-21,-8,-9,0,89,10,1025,36.125,0,0,-11,116,119,116,0,2,7.1,météo très défavorable
2014-02-14,-5,-11,24,-5,-5,-9,4.9,91,7,1002,95.125,0,0,-14,122,122,122,4.3,1,4,météo très défavorable
2014-02-15,-7,-21,7,-21,-7,-8,0.8,93,6,1012,71.125,0,0,-10,113,119,143,0.7,1,4,météo très défavorable
2014-02-16,-7,-15,21,-12,-7,-12,0.7,87,7.375,1013,76.625,0,0,-16,119,122,116,0.4,1,5.6,météo très défavorable
2014-02-17,-13,-22,14,-21,-13,-19,0,86,10,1029,13.25,0,0,-25,113,113,113,0,2,8.7,météo très défavorable
2014-02-18,-7,-29,9,-23,-8,-9,0.5,93,8,1028,61.5,0,0,-17,116,122,143,0.4,2,5.6,météo très défavorable
2014-02-19,-2,-9,9,-9,-2,-3,0.9,95,3.625,1017,88.5,0,0,-9,143,116,143,0.8,1,5.6,météo très défavorable
2014-02-20,-2,-13,18,-5,-2,-13,0,89,7,1022,47.5,0,0,-9,119,116,143,0,1,8.7,météo très défavorable
2014-02-21,0,-13,26,-8,-2,-1,6.1,97,6.25,1022,59.125,0,0,-10,113,122,260,1.3,1,5.6,météo très défavorable
2014-02-22,0,-3,26,-1,0,-1,1.5,95,6.25,1007,76.875,0,0,-7,122,122,122,1.2,1,5.6,météo très défavorable
2014-02-23,-3,-10,20,-7,-3,-7,0.4,91,6,1010,71.75,0,0,-11,143,122,143,0.3,1,4.1,météo très défavorable
2014-02-24,-9,-16,19,-13,-9,-13,0.3,88,5.75,1010,89,0,0,-17,143,122,122,0.3,1,4.1,météo très défavorable
2014-02-25,-15,-22,17,-22,-15,-17,0.1,88,8,1014,58.25,0,0,-24,113,122,116,0,2,5.6,météo très défavorable
2014-02-26,-11,-29,20,-27,-11,-18,0.4,91,5.125,1012,80,0,0,-22,122,122,143,0.3,1,4.1,météo très défavorable
2014-02-27,-12,-24,8,-21,-12,-24,0.3,88,3.375,1009,67.875,0,0,-19,260,119,260,0.2,1,5.6,météo très défavorable
2014-02-28,-15,-23,18,-19,-15,-23,0.1,89,5.5,1030,76.625,0,0,-25,143,119,143,0.1,1,5.7,météo très défavorable
2014-03-01,-8,-27,12,-20,-11,-9,2.4,94,3.5,1030,87.375,0,0,-19,119,122,143,2.1,1,4.1,météo très défavorable
2014-03-02,-8,-25,9,-21,-13,-22,0.1,85,7.125,1022,15.5,0,0,-19,113,113,260,0.1,1,8.7,météo très défavorable
2014-03-03,-18,-24,19,-23,-18,-21,0,84,7,1025,66.625,0,0,-32,122,122,143,0,1,5.7,météo très défavorable
2014-03-04,-14,-22,12,-21,-14,-19,0.2,93,7.5,1029,94.375,0,0,-24,260,122,122,0.1,1,4.2,météo très défavorable
2014-03-05,-13,-24,8,-23,-13,-22,0,85,10,1037,13,0,0,-19,113,113,113,0,2,8.7,météo très défavorable
2014-03-06,-12,-26,9,-23,-12,-22,0,85,9,1040,2.375,0,0,-19,113,113,143,0,2,8.7,météo très défavorable
2014-03-07,-6,-23,10,-17,-6,-12,0,87,9,1030,30.5,0,0,-15,113,113,143,0,2,8.7,météo très défavorable
2014-03-08,-3,-14,15,-5,-3,-10,0.7,85,6.625,1014,40.125,0,0,-11,143,113,113,0.7,1,8.7,météo très défavorable
2014-03-09,-9,-21,12,-19,-9,-14,0,83,9,1016,42,0,0,-17,116,113,122,0,2,8.7,météo très défavorable
2014-03-10,-5,-17,8,-12,-5,-13,0.4,93,4.875,1010,85.625,0,0,-9,143,122,260,0.4,1,4.3,météo très défavorable
2014-03-11,0,-6,16,-5,0,-3,2.5,98,4.75,1005,68.375,0,0,-6,260,116,143,2,1,7.2,météo très défavorable
2014-03-12,-4,-13,20,-11,-9,-12,2.3,90,7,1011,63.75,0,0,-19,113,119,122,1.9,1,5.8,météo très défavorable
2014-03-13,-12,-19,18,-15,-12,-16,1,83,8.75,1010,63.375,0,0,-22,119,122,113,0.8,1,4.3,météo très défavorable
2014-03-14,-6,-22,9,-21,-10,-8,5.1,95,6.75,1017,61.75,0,0,-18,113,122,260,4.3,2,7.2,météo très défavorable
2014-03-15,1,-9,17,0,1,-5,4,100,5.75,1009,96.125,1,1,-5,122,122,122,3.4,1,6,météo très défavorable
2014-03-16,-14,-20,27,-19,-14,-18,0.1,86,9.375,1022,53.625,0,0,-29,119,122,113,0.1,2,6,météo très défavorable
2014-03-17,-13,-24,17,-24,-14,-16,0,80,10,1023,14.875,0,0,-26,113,116,113,0,2,10.2,météo très défavorable
2014-03-18,-9,-23,10,-20,-9,-18,0,85,7.75,1029,13.875,0,0,-17,113,113,260,0,2,11.6,météo très défavorable
2014-03-19,-2,-17,13,-11,-3,-4,1.8,88,8,1029,61.125,0,0,-11,116,119,143,1.5,2,8.8,météo très défavorable
2014-03-20,0,-4,12,-2,0,-2,5.6,100,1,1012,100,0,0,-4,260,260,260,4.8,1,6,météo très défavorable
2014-03-21,-2,-7,21,-5,-2,-5,0.8,87,8.375,1014,70.25,0,0,-9,119,119,113,0.6,1,6.1,météo très défavorable
2014-03-22,-4,-15,8,-10,-5,-8,1.6,94,6.375,1015,57,0,0,-11,143,122,116,1.4,2,10.5,météo très défavorable
2014-03-23,-7,-18,19,-16,-13,-18,0.7,84,7.375,1020,56.5,0,0,-24,116,119,179,0.6,1,12.6,météo très défavorable
2014-03-24,-2,-9,12,-8,-2,-5,1.1,89,6,1021,59.375,0,0,-8,119,119,119,0,1,10.5,météo très défavorable
2014-03-25,-1,-8,12,-6,-1,-5,1.7,94,5.75,1020,58.625,0,0,-6,116,119,116,0.9,2,11.9,météo très défavorable
2014-03-26,-2,-8,14,-6,-2,-6,0.7,89,7.375,1019,60.625,0,0,-8,116,119,116,0,2,11.9,météo très défavorable
2014-03-27,-6,-18,18,-18,-7,-8,0.2,89,8.375,1024,53.5,0,0,-18,113,122,143,0.1,2,10.6,météo très défavorable
2014-03-28,1,-8,9,-5,-1,1,5,100,3,1020,99.125,1,1,-6,143,260,248,1.3,1,8,météo très défavorable
2014-03-29,0,-8,7,-2,0,-2,0,98,4.75,1029,53.875,0,0,-2,143,260,143,0,2,11.9,météo très défavorable
2014-03-30,-3,-6,27,-5,-3,-5,1.6,93,8.375,1025,68.375,0,0,-11,116,122,116,1.3,1,10.6,météo très défavorable
2014-03-31,0,-7,17,-4,0,-6,0,92,10,1026,28.75,0,0,-6,116,116,113,0,2,12.9,météo très défavorable
2014-04-01,0,-9,12,-6,0,-3,0,99,7.75,1025,25.75,1,0,-5,113,248,116,0,2,12.9,météo très défavorable
2014-04-02,0,-5,12,-4,0,0,0.4,100,7.125,1018,56.75,1,0,-4,116,248,260,0.3,2,9.4,météo très défavorable
2014-04-03,-1,-9,14,-5,-1,-7,0.2,89,8.375,1024,34.75,0,0,-7,113,119,113,0.1,1,13,météo très défavorable
2014-04-04,1,-14,16,-6,0,1,1.3,100,8.625,1024,46.625,1,1,-5,113,248,119,0,2,10.7,météo très défavorable
2014-04-05,0,-1,15,-1,0,-1,6.5,100,3.5,1007,98.25,1,1,-4,260,248,122,5.5,1,8.1,météo très défavorable
2014-04-06,0,-6,20,-6,-1,0,0.3,98,6.125,1018,63.5,1,0,-8,143,116,248,0.2,1,12,météo très défavorable
2014-04-07,1,0,6,0,1,0,0.4,100,0.25,1021,97.25,1,1,-1,248,248,248,0,1,8.2,météo très défavorable
2014-04-08,2,0,9,1,2,1,12.6,100,5,1012,93.125,2,2,-2,122,248,248,0.2,1,8.2,météo très défavorable
2014-04-09,0,-10,21,-3,-3,-7,0,85,9,1013,13.375,0,0,-9,143,113,113,0,2,13.2,météo très défavorable
2014-04-10,3,-15,15,-5,1,2,2.6,100,7.125,1014,55,3,2,-5,260,122,116,0,2,10.8,météo très défavorable
2014-04-11,4,-9,17,1,4,1,0.2,98,6.75,1017,60,4,3,-2,119,116,119,0,1,10.8,météo très défavorable
2014-04-12,2,-9,12,0,2,-5,0.6,100,1.75,1026,65.5,2,2,-2,248,248,143,0,1,9.5,météo très défavorable
2014-04-13,1,-6,15,-3,0,1,10.8,100,7.875,1027,77.875,1,1,-5,116,122,248,0,2,8.3,météo très défavorable
2014-04-14,8,0,13,2,6,6,11.2,100,2.375,1013,93.375,8,8,2,248,248,248,0,1,9.6,météo très défavorable
2014-04-15,7,-4,13,3,7,0,12.4,100,6.875,1008,98.5,7,7,1,248,122,122,1.4,1,8.6,météo très défavorable
2014-04-16,-5,-12,23,-11,-6,-9,0.2,81,9.125,1037,40.75,0,0,-17,113,116,116,0.1,1,13.8,météo très défavorable
2014-04-17,0,-17,5,-7,-1,-5,0,100,3.5,1043,46.875,0,0,-3,113,260,143,0,1,12.2,météo très défavorable
2014-04-18,1,-10,5,-1,1,-1,0.3,99,0.875,1036,85,2,2,-1,143,248,260,0,1,8.7,météo très défavorable
2014-04-19,2,-8,17,1,2,-2,0.4,99,6.875,1031,37.625,2,1,-4,248,113,113,0,1,13.3,météo très défavorable
2014-04-20,4,-11,4,-3,3,-3,0,100,6.75,1035,46.25,4,3,1,116,143,116,0,1,13.3,météo très défavorable
2014-04-21,8,0,12,2,8,4,0.2,98,4.25,1020,75,9,8,1,143,122,248,0,2,9.9,météo très défavorable
2014-04-22,4,2,13,3,4,2,10.5,100,4.125,1007,100,4,4,0,248,248,122,0,1,8.7,météo très défavorable
2014-04-23,4,0,13,2,4,2,1.3,95,3.5,1004,80,5,3,1,248,122,143,0,1,9.9,météo très défavorable
2014-04-24,5,-3,18,1,5,1,0,89,7,1015,50.125,5,3,0,113,122,119,0,1,11.1,météo très défavorable
2014-04-25,3,-5,8,-1,2,0,0,93,5.75,1017,29.125,3,2,-1,113,113,248,0,1,13.4,météo très défavorable
2014-04-26,2,-1,18,1,2,0,2.1,98,6.25,1013,91,2,1,-3,122,122,143,0,2,8.8,météo très défavorable
2014-04-27,3,0,9,1,3,1,1,96,3.25,1021,88.125,3,2,0,248,143,248,0,1,11.1,météo très défavorable
2014-04-28,4,-1,16,2,4,1,0,95,4.75,1028,68.375,4,3,-1,143,119,248,0,1,10,météo très défavorable
2014-04-29,3,-1,22,0,2,1,0,93,10,1034,43,3,1,-3,116,113,116,0,1,14.2,météo très défavorable
2014-04-30,4,0,11,1,4,2,0.4,91,7,1034,50.375,4,3,0,143,116,116,0,2,14.2,météo très défavorable
2014-05-01,7,2,7,3,6,6,4.7,97,2.125,1017,96.625,7,7,2,248,143,248,0,1,8.9,météo très défavorable
2014-05-02,10,5,19,6,10,6,2.4,83,7.375,1006,72.75,10,7,7,119,119,143,0,2,10,météo très défavorable
2014-05-03,12,2,8,6,10,5,0.4,86,5.5,1008,86.5,12,8,8,119,122,143,0,2,10.1,météo très défavorable
2014-05-04,9,4,14,7,9,5,3.3,86,5.75,1004,92.125,9,7,5,119,122,122,0,2,9.2,météo très défavorable
2014-05-05,11,1,20,6,11,5,1.2,83,6.25,1011,62.875,11,6,6,119,119,116,0,2,11.3,météo très défavorable
2014-05-06,11,0,17,5,11,5,0.3,63,6.875,1018,48.875,11,3,7,116,119,113,0,2,12.4,météo très défavorable
2014-05-07,13,0,14,6,13,6,0,59,8,1022,8.875,13,3,10,113,113,113,0,2,14.5,météo très défavorable
2014-05-08,14,-1,8,6,14,6,0,40,10,1025,5.75,14,1,13,113,113,113,0,3,14.5,météo très défavorable
2014-05-09,15,0,11,7,15,9,0.6,72,8.375,1025,44.5,15,8,10,113,113,119,0,3,13.5,météo très défavorable
2014-05-10,18,9,22,12,17,14,4.8,97,6.25,1010,63.125,18,15,13,248,119,113,0,3,11.4,météo correcte
2014-05-11,14,5,20,9,14,7,0.5,71,6.375,1014,34,14,9,10,116,116,143,0,2,14.5,météo correcte
2014-05-12,11,2,10,6,11,5,0,66,10,1025,10.875,11,4,8,113,113,113,0,3,14.5,météo très défavorable
2014-05-13,14,0,11,6,14,9,0,58,8,1027,23.25,15,4,10,113,113,116,0,2,13.5,météo très défavorable
2014-05-14,19,7,8,10,16,13,4,95,7.25,1021,84.625,19,17,10,122,119,248,0,4,9.4,météo défavorable
2014-05-15,24,11,16,14,24,19,4.4,89,6,1021,57.5,25,20,18,143,113,113,0,4,12.5,météo correcte
2014-05-16,24,14,20,18,24,16,3,76,7.75,1017,50.375,25,17,21,116,113,116,0,4,14.5,météo favorable
2014-05-17,14,7,13,14,11,11,13.6,98,3.875,1018,84.625,14,14,9,248,122,143,0,3,11.5,météo défavorable
2014-05-18,15,3,8,10,15,9,0.3,63,7.625,1021,29.125,16,8,15,116,113,113,0,2,14.5,météo correcte
2014-05-19,16,6,13,10,16,10,0,49,10,1019,30.25,17,7,14,116,116,116,0,4,14.5,météo correcte
2014-05-20,16,3,10,11,16,11,0,61,9,1020,34.75,16,9,15,116,116,113,0,4,13.5,météo correcte
2014-05-21,18,5,8,12,18,12,0.1,63,7.75,1017,36.625,18,11,17,116,119,113,0,3,13.5,météo correcte
2014-05-22,18,7,19,13,18,10,0.2,70,7.625,1014,40.125,18,11,16,116,116,113,0,3,14.5,météo favorable
2014-05-23,17,8,14,11,17,11,0.5,68,8,1017,54.125,17,10,15,116,119,116,0,3,13.5,météo correcte
2014-05-24,17,6,5,11,17,11,0.2,68,10,1019,55.375,17,10,15,119,116,116,0,3,11.5,météo correcte
2014-05-25,19,4,9,12,19,14,1.2,68,7.875,1018,21,19,13,18,113,113,113,0,3,14.5,météo favorable
2014-05-26,21,7,14,14,21,13,0.4,85,7.125,1010,47.75,24,14,16,119,113,113,0,3,12.6,météo favorable
2014-05-27,10,5,14,7,7,7,1.3,92,9.25,1016,38.375,10,6,5,113,116,116,0,3,14.5,météo très défavorable
2014-05-28,16,4,17,8,16,8,0,52,10,1023,8.375,17,7,11,113,113,113,0,3,14.5,météo correcte
2014-05-29,18,0,13,12,18,12,0,50,10,1023,19,19,10,17,113,113,113,0,4,14.5,météo favorable
2014-05-30,18,8,9,13,18,11,1.8,68,9.875,1021,45.125,18,11,17,116,116,116,0,4,13.6,météo favorable
2014-05-31,16,4,14,10,15,9,0,68,7.75,1027,39.75,16,9,12,119,113,113,0,2,13.6,météo correcte
2014-06-01,19,3,16,13,19,13,0,69,7,1027,49.75,19,13,17,116,119,143,0,3,12.6,météo correcte
2014-06-02,24,9,18,16,24,17,0,91,5.5,1018,62.625,25,19,20,116,116,248,0,4,12.6,météo correcte
2014-06-03,25,15,13,19,25,19,3.2,71,7.125,1014,55.875,27,19,25,116,116,116,0,5,14.5,météo correcte
2014-06-04,19,10,14,13,19,14,1.9,91,5.25,1008,61.625,19,14,14,143,116,143,0,3,12.7,météo correcte
2014-06-05,19,10,6,14,19,12,1,74,8.125,1008,52.25,20,13,18,122,113,113,0,3,12.7,météo favorable
2014-06-06,21,7,8,16,21,14,2.1,75,8.5,1010,46,21,16,20,116,119,116,0,4,13.6,météo correcte
2014-06-07,23,10,9,16,23,17,2.2,75,8.875,1012,17.125,26,19,23,113,113,113,0,5,14.5,météo favorable
2014-06-08,26,10,13,19,26,18,0,61,9,1013,7.75,26,18,24,113,113,113,0,5,14.5,météo favorable
2014-06-09,24,13,9,19,24,15,0.4,63,10,1016,9.375,26,16,22,113,113,113,0,5,14.5,météo favorable
2014-06-10,22,8,7,16,22,14,0.7,64,10,1019,18.625,25,14,19,116,113,113,0,5,14.5,météo favorable
2014-06-11,22,6,6,18,22,16,0,59,10,1021,7.875,25,14,22,113,113,113,0,5,14.5,météo favorable
2014-06-12,15,9,16,15,12,11,6.4,98,6.625,1019,67.875,16,12,11,116,122,248,0,4,11.8,météo défavorable
2014-06-13,13,11,12,12,13,12,12,99,3.125,1015,99.5,14,13,12,248,248,248,0,3,9.9,météo défavorable
2014-06-14,15,11,9,12,15,15,4.5,99,3,1013,93.25,16,15,15,248,143,143,0,3,10.9,météo défavorable
2014-06-15,20,7,13,12,20,14,0,58,7.75,1019,21.25,20,11,18,113,113,116,0,3,14.5,météo favorable
2014-06-16,20,7,6,15,20,13,0,66,10,1022,20.375,21,12,18,113,113,116,0,4,13.6,météo favorable
2014-06-17,23,6,12,17,23,17,0.9,80,8.25,1016,37.125,25,18,21,116,113,143,0,5,14.5,météo favorable
2014-06-18,22,12,17,18,22,17,2.3,80,7.5,1011,43.75,25,17,21,119,116,113,0,4,13.6,météo favorable
2014-06-19,18,7,18,13,18,12,0,51,10,1015,6.375,18,10,17,113,113,113,0,4,14.5,météo favorable
2014-06-20,17,4,17,10,16,12,0,50,10,1016,19.625,17,8,12,113,116,113,0,4,14.5,météo correcte
2014-06-21,18,5,10,12,17,12,0.1,68,8,1015,33.375,18,11,17,113,116,119,0,4,12.7,météo favorable
2014-06-22,21,7,11,14,21,15,0.2,61,9,1016,23.875,24,14,20,116,113,113,0,4,14.5,météo favorable
2014-06-23,23,8,12,16,23,15,0,57,8,1019,10.75,25,13,22,113,113,113,0,4,14.5,météo favorable
2014-06-24,23,11,13,19,22,17,7.1,98,8.25,1016,61.625,25,19,19,113,119,248,0,5,11.8,météo correcte
2014-06-25,20,14,10,18,20,16,2,89,7.375,1015,59.125,21,17,18,248,122,113,0,4,11.8,météo correcte
2014-06-26,23,7,12,17,23,14,0,57,10,1016,8.5,25,14,20,113,113,113,0,5,14.5,météo favorable
2014-06-27,26,7,11,19,26,19,0,53,10,1021,4.875,27,17,25,113,113,113,0,5,14.5,météo favorable
2014-06-28,26,11,14,19,26,20,0.1,63,9,1024,5.875,27,18,23,113,113,113,0,5,14.5,météo favorable
2014-06-29,26,11,11,21,26,19,0,61,9,1022,14.25,28,19,25,116,113,113,0,5,14.5,météo favorable
2014-06-30,25,14,16,20,25,22,0.2,78,7.625,1014,47.375,27,21,24,119,116,113,0,6,11.8,météo favorable
2014-07-01,29,18,21,21,29,23,3.7,79,7,1009,49.125,31,23,25,119,113,116,0,5,13.6,météo favorable
2014-07-02,26,17,22,21,26,21,2.1,89,7.5,1009,51.375,27,20,22,122,116,113,0,5,13.6,météo favorable
2014-07-03,24,15,14,19,24,18,2.9,90,7.375,1014,69.75,25,18,20,119,116,116,0,4,12.7,météo défavorable
2014-07-04,21,14,9,15,21,16,0.4,81,8.375,1016,56.25,24,15,18,119,119,116,0,4,12.7,météo correcte
2014-07-05,19,11,19,12,19,16,0,54,10,1015,17.625,19,13,16,113,113,113,0,4,14.5,météo favorable
2014-07-06,18,13,20,15,15,16,5.9,99,8.25,1008,77.25,18,16,14,119,119,248,0,5,9.9,météo défavorable
2014-07-07,18,15,15,15,18,17,3.2,98,3.75,1005,98.875,18,17,17,248,122,248,0,4,9.9,météo défavorable
2014-07-08,25,16,24,18,25,20,2.6,74,8.75,1003,51.125,26,18,22,122,113,116,0,5,13.5,météo favorable
2014-07-09,20,13,27,17,20,17,2.1,85,9.25,1010,57.75,20,18,19,122,119,113,0,4,11.6,météo correcte
2014-07-10,18,9,19,13,18,14,0,60,7.5,1021,35,18,11,16,113,116,113,0,3,14.5,météo favorable
2014-07-11,22,5,17,16,22,16,0,56,9,1023,7.75,24,14,20,113,113,113,0,4,14.5,météo favorable
2014-07-12,23,8,14,16,23,17,0,63,7.75,1022,19,25,15,22,113,113,113,0,4,14.5,météo favorable
2014-07-13,22,11,14,20,20,19,7.6,99,8,1015,57,25,19,19,113,143,122,0,5,11.6,météo correcte
2014-07-14,22,12,21,17,22,17,0.1,60,7.5,1010,39,24,18,21,248,113,113,0,4,13.5,météo favorable
2014-07-15,24,6,9,18,24,18,8.5,96,7.375,1010,46.875,25,18,19,113,116,248,0,4,11.5,météo correcte
2014-07-16,23,13,16,18,23,17,1.6,77,6.125,1009,56,25,18,21,248,113,113,0,4,13.5,météo correcte
2014-07-17,20,11,20,15,20,15,0.5,67,6.25,1015,48.625,20,13,18,119,116,113,0,4,13.5,météo favorable
2014-07-18,22,10,17,15,22,18,0,59,6.5,1022,38.375,25,16,20,113,116,113,0,4,14.5,météo favorable
2014-07-19,25,10,9,18,25,16,0,62,7.75,1025,20.625,27,16,23,113,113,113,0,4,14.5,météo favorable
2014-07-20,25,12,7,19,24,18,1,73,9,1022,38.875,26,17,22,122,122,113,0,5,12.5,météo correcte
2014-07-21,25,9,12,17,25,19,0,62,8,1021,18.125,26,17,23,116,113,113,0,5,14.5,météo favorable
2014-07-22,22,14,11,20,20,22,0,88,6.75,1018,23.875,24,20,20,113,113,113,0,4,14.5,météo favorable
2014-07-23,23,13,15,20,22,17,0.8,93,6.375,1010,59.125,25,20,21,116,119,113,0,4,12.5,météo correcte
2014-07-24,20,7,15,13,20,14,0,50,10,1014,13,20,12,17,113,113,113,0,4,14.5,météo favorable
2014-07-25,22,9,20,15,22,17,1.2,78,6.375,1012,39.5,24,16,20,113,116,113,0,4,14.5,météo favorable
2014-07-26,21,11,20,14,21,17,3,77,6.375,1010,58.75,21,16,18,143,116,116,0,4,13.5,météo correcte
2014-07-27,18,13,8,15,16,17,10.5,99,3.5,1008,92.875,18,18,15,143,248,248,0,4,9.4,météo défavorable
2014-07-28,21,12,14,16,19,13,9.5,98,6.75,1006,91.125,24,16,16,116,122,122,0,4,10.4,météo défavorable
2014-07-29,19,8,19,13,19,13,0.8,66,8.625,1014,24.875,19,12,17,116,113,113,0,3,14.5,météo favorable
2014-07-30,21,4,9,15,21,11,0,55,8,1017,4.25,24,13,21,113,113,113,0,3,14.5,météo favorable
2014-07-31,20,7,13,15,20,15,6.4,97,6.25,1018,50.125,21,16,16,116,200,248,0,3,11.4,météo correcte
2014-08-01,22,10,14,15,22,13,0.7,74,4.375,1021,38.25,25,15,20,143,113,143,0,4,14.5,météo favorable
2014-08-02,25,9,12,18,25,17,2,67,6.375,1022,35,26,17,24,116,113,143,0,4,14.5,météo favorable
2014-08-03,25,10,13,18,25,17,0.1,64,5.5,1019,36.625,26,18,24,143,113,113,0,4,14.5,météo favorable
2014-08-04,25,11,12,20,25,18,0.9,76,7.75,1017,13.75,26,18,22,113,113,113,0,4,14.5,météo favorable
2014-08-05,22,12,12,17,22,16,0.9,73,7.625,1015,29.75,25,17,22,113,116,113,0,4,14.5,météo favorable
2014-08-06,22,9,11,16,22,15,0.3,67,9.875,1013,17.25,25,14,21,113,113,116,0,5,14.5,météo favorable
2014-08-07,21,9,8,15,20,14,0.4,63,7.875,1014,32.875,24,12,19,116,116,116,0,3,14.5,météo favorable
2014-08-08,22,10,7,16,22,14,1.4,64,8.75,1016,28.5,25,15,22,116,113,116,0,5,14.5,météo favorable
2014-08-09,26,10,7,18,26,15,0,51,10,1019,14.125,27,15,24,113,113,113,0,5,14.5,météo favorable
2014-08-10,25,8,6,20,25,15,0.1,60,9,1020,12,27,17,25,113,113,113,0,5,14.5,météo favorable
2014-08-11,26,11,6,18,26,15,0.8,75,9.875,1020,9,28,20,24,113,113,113,0,5,14.5,météo favorable
2014-08-12,25,13,13,19,25,19,2,74,8.625,1019,24.375,26,19,23,116,113,113,0,4,14.5,météo favorable
2014-08-13,16,13,17,16,14,14,27.3,98,6.375,1015,70.375,16,15,13,116,122,248,0,4,10,météo très défavorable
2014-08-14,14,5,15,14,14,7,8.7,96,6,1011,64.375,14,14,12,248,119,143,0,3,11.1,météo correcte
2014-08-15,16,4,13,12,16,8,0,67,5.75,1011,49.875,16,10,16,116,116,143,0,3,13.4,météo correcte
2014-08-16,16,9,15,12,16,12,2.5,91,5.75,1011,83,16,14,14,248,119,143,0,3,8.8,météo défavorable
2014-08-17,18,9,11,12,18,14,2.2,90,4.75,1010,71.5,18,15,16,248,119,143,0,3,11.1,météo défavorable
2014-08-18,18,8,10,11,18,11,0,66,6.5,1011,44,18,11,17,116,116,113,0,3,14,météo favorable
2014-08-19,21,7,10,13,21,14,0,76,7.5,1014,12,21,13,17,113,113,113,0,3,14,météo favorable
2014-08-20,24,7,5,16,24,14,0,61,8,1018,12.25,27,16,23,113,113,113,0,4,14,météo favorable
2014-08-21,23,14,13,17,23,18,0,68,10,1020,15.125,25,15,22,113,113,113,0,5,13.9,météo favorable
2014-08-22,23,13,13,17,23,15,0.4,66,6.875,1022,17,25,15,21,113,113,143,0,5,13.9,météo favorable
2014-08-23,24,10,5,16,24,12,0,61,8,1022,10,25,16,24,113,113,113,0,4,13.9,météo favorable
2014-08-24,27,10,12,19,27,18,0,59,10,1021,8.625,27,17,25,113,113,113,0,5,13.9,météo favorable
2014-08-25,26,13,14,19,26,18,0,63,9,1021,6.875,27,17,25,113,113,113,0,5,13.8,météo favorable
2014-08-26,24,14,19,17,23,19,0.6,68,7.375,1019,38,25,17,23,116,113,113,0,4,13.8,météo favorable
2014-08-27,21,14,14,18,21,16,0.8,67,9,1012,60,24,18,20,143,116,122,0,4,13.3,météo correcte
2014-08-28,17,10,15,12,17,12,0.2,62,5.75,1016,41.875,17,11,16,113,116,143,0,3,13.3,météo correcte
2014-08-29,20,5,11,13,20,10,0,64,5,1022,50.625,25,13,20,113,113,248,0,3,13.3,météo favorable
2014-08-30,21,10,22,15,20,17,0,69,8,1022,33.875,24,15,20,113,116,116,0,4,13.3,météo favorable
2014-08-31,21,15,13,16,20,18,7.7,98,4.875,1013,90.5,21,20,18,248,248,248,0,4,8.3,météo défavorable
2014-09-01,22,13,7,18,22,17,1.2,95,3.25,1014,85.625,25,20,20,248,119,143,0,4,9.5,météo défavorable
2014-09-02,24,14,14,18,24,19,4.7,88,5.875,1011,73.375,26,21,22,119,116,248,0,4,12,météo défavorable
2014-09-03,22,13,21,15,22,15,0.2,62,6.25,1015,45.75,24,16,20,248,113,113,0,4,13.1,météo favorable
2014-09-04,22,11,19,15,22,17,0.4,78,6.625,1017,44.75,25,17,20,116,116,116,0,4,13.1,météo favorable
2014-09-05,25,14,18,17,25,21,4.2,83,7.375,1017,36.625,26,21,23,113,116,113,0,4,13.1,météo favorable
2014-09-06,19,7,12,19,16,11,2.9,93,9.875,1012,46,19,19,16,122,116,113,0,4,13,météo favorable
2014-09-07,17,5,24,10,17,9,0,65,10,1023,18,17,8,13,113,116,113,0,4,13,météo correcte
2014-09-08,18,2,7,10,18,8,0,67,8,1028,22.25,19,12,13,116,116,143,0,4,13,météo favorable
2014-09-09,21,6,9,12,21,12,0,63,7.75,1028,37.5,24,12,20,113,113,116,0,3,12.9,météo favorable
2014-09-10,21,4,9,11,21,12,0,68,9,1021,11.625,24,15,20,113,113,143,0,4,12.9,météo favorable
2014-09-11,18,7,26,13,16,10,8.2,100,7.125,1012,73.875,18,17,12,143,122,113,0,3,9.3,météo défavorable
2014-09-12,14,4,15,6,14,10,0,73,9.625,1021,27.75,14,8,8,113,113,113,0,3,12.8,météo correcte
2014-09-13,19,11,15,13,19,14,2.2,77,7,1014,63.375,20,14,18,119,116,116,0,3,11.9,météo correcte
2014-09-14,11,1,12,5,11,4,0.1,77,8,1024,38,11,7,6,143,113,113,0,2,11.6,météo très défavorable
2014-09-15,12,-1,13,6,12,7,1.4,81,7.5,1023,56.75,12,6,7,122,176,116,0,2,8.9,météo très défavorable
2014-09-16,13,6,13,8,13,7,0.4,85,5.5,1015,66.875,13,9,10,248,116,143,0,2,8.9,météo défavorable
2014-09-17,13,5,14,7,13,7,3.4,76,6.125,1015,79.125,13,8,10,116,119,143,0,2,8.9,météo très défavorable
2014-09-18,9,-2,16,4,9,1,0,57,6.5,1023,32,9,6,5,143,113,113,0,1,11.6,météo très défavorable
2014-09-19,10,-3,10,2,10,3,0,48,10,1030,18.125,13,0,8,113,116,116,0,2,11.6,météo très défavorable
2014-09-20,13,2,15,6,11,13,0.7,96,7,1023,80.875,13,13,6,122,122,119,0,3,6.1,météo très défavorable
2014-09-21,17,13,14,14,17,16,11.5,99,7.25,1009,90,17,17,15,122,122,248,0,3,6.1,météo défavorable
2014-09-22,15,4,23,13,9,6,5.8,93,7.375,1014,76.5,15,15,5,122,122,116,0,2,6.1,météo très défavorable
2014-09-23,12,2,18,5,10,7,0.3,85,6,1029,38.5,12,8,8,116,119,143,0,2,10.2,météo très défavorable
2014-09-24,16,0,13,7,16,7,0,77,5.75,1036,15.375,16,12,13,113,113,248,0,2,11.6,météo très défavorable
2014-09-25,19,7,15,10,19,12,0,80,4.25,1032,45.5,19,14,16,143,113,248,0,3,11.6,météo favorable
2014-09-26,21,9,13,14,21,15,0,75,5.25,1024,42.875,24,15,19,113,113,248,0,3,11.6,météo favorable
2014-09-27,22,13,10,15,22,15,0,74,4.25,1022,44.875,25,16,21,143,113,143,0,4,11.6,météo favorable
2014-09-28,22,14,19,14,22,16,0,77,5,1019,52.125,25,16,19,113,113,248,0,4,11.6,météo favorable
2014-09-29,14,5,19,9,8,5,2.6,93,7.875,1020,86,14,14,2,119,122,119,0,2,5.9,météo très défavorable
2014-09-30,14,7,8,7,14,9,0,86,7,1020,66,14,10,11,143,116,143,0,2,8.8,météo défavorable
2014-10-01,16,6,9,8,16,7,0,60,8,1024,5.125,17,8,14,113,113,113,0,2,11.6,météo correcte
2014-10-02,16,5,12,7,16,8,0,62,10,1025,0.125,16,8,14,113,113,113,0,3,11.6,météo correcte
2014-10-03,16,6,13,7,16,9,0,63,10,1022,0.625,16,8,14,113,113,113,0,3,11.6,météo correcte
2014-10-04,17,7,16,10,17,13,12.7,87,7,1010,68.75,18,13,13,143,116,122,0,4,8.7,météo défavorable
2014-10-05,12,4,19,9,12,5,3,91,4.75,1012,48.25,12,12,6,248,113,143,0,2,8.7,météo très défavorable
2014-10-06,13,2,15,4,13,7,0,65,7.75,1018,33.75,13,6,9,113,113,116,0,2,11.6,météo correcte
2014-10-07,13,5,13,8,13,9,7,97,5.5,1017,73.75,13,12,9,248,119,248,0,3,7.3,météo très défavorable
2014-10-08,14,7,23,12,13,8,9.6,96,7,1012,81.875,14,13,9,122,200,116,0,3,7.2,météo défavorable
2014-10-09,7,2,25,3,7,3,2.3,98,9.875,1008,59,7,4,0,116,116,122,0,2,8.7,météo très défavorable
2014-10-10,7,1,18,3,7,4,0.8,92,9,1018,79.125,7,5,1,122,119,119,0,1,5.8,météo très défavorable
2014-10-11,9,1,13,3,9,2,0.1,75,6.5,1020,63.125,9,3,5,143,119,116,0,1,8.7,météo très défavorable
2014-10-12,10,0,13,2,10,3,0,71,8,1025,7.25,10,3,6,113,113,143,0,2,11.5,météo très défavorable
2014-10-13,13,0,10,3,13,5,0,75,8,1025,7,13,7,12,113,113,113,0,2,11,météo très défavorable
2014-10-14,18,8,12,10,18,16,0.4,92,7.125,1020,80.125,18,16,14,248,119,119,0,3,5.6,météo défavorable
2014-10-15,18,13,10,16,18,14,3.5,96,5.25,1015,94.75,19,17,17,248,122,248,0,4,4,météo défavorable
2014-10-16,16,13,14,13,15,16,8.8,96,6,1014,88.625,16,16,13,248,119,122,0,3,3.9,météo défavorable
2014-10-17,16,11,21,15,14,11,12.1,94,6.75,1003,84.75,16,15,11,248,122,116,0,3,3.9,météo défavorable
2014-10-18,13,5,15,11,13,9,2.5,95,4.875,1001,84.125,13,12,12,248,122,116,0,3,3.9,météo très défavorable
2014-10-19,6,0,19,1,6,1,0,63,10,1012,30.75,6,0,0,116,116,116,0,2,8.7,météo très défavorable
2014-10-20,5,-2,19,-1,5,0,0,63,10,1015,25.125,5,0,-1,113,113,116,0,2,8.7,météo très défavorable
2014-10-21,8,-1,11,2,8,2,0.1,69,10,1025,48.375,8,0,3,116,116,116,0,2,7.1,météo très défavorable
2014-10-22,8,1,21,3,8,4,0,77,10,1029,35,8,2,3,116,113,116,0,2,8.7,météo très défavorable
2014-10-23,8,3,23,4,8,5,1.5,77,9.25,1025,42.875,8,3,4,116,116,119,0,3,8.7,météo très défavorable
2014-10-24,11,3,10,4,11,4,3.8,81,9.625,1014,57,12,5,4,116,116,116,0,2,7.1,météo très défavorable
2014-10-25,11,2,9,4,11,6,4.8,88,9.625,1007,48.75,11,7,8,113,113,122,0,3,8.7,météo très défavorable
2014-10-26,9,4,17,6,9,4,0.1,87,6.25,1001,72.875,9,6,4,248,119,116,0,2,5.5,météo très défavorable
2014-10-27,8,4,23,4,8,6,0,80,8,1014,59,9,4,4,119,116,116,0,2,7.1,météo très défavorable
2014-10-28,12,2,11,3,12,7,1.8,79,6.125,1017,79.125,12,6,7,248,116,122,0,2,7.1,météo très défavorable
2014-10-29,12,6,19,9,12,7,1.3,92,6.75,1008,72.875,12,9,7,248,119,116,0,2,5.4,météo défavorable
2014-10-30,6,0,15,2,6,1,0,71,8,1016,41.875,6,4,2,143,122,119,0,2,7.1,météo très défavorable
2014-10-31,6,-1,3,1,6,1,0,66,10,1021,54.625,7,0,3,119,116,119,0,1,8.7,météo très défavorable
2014-11-01,4,-1,14,0,4,0,0.1,73,10,1022,51.25,4,0,-1,116,122,116,0,2,7.1,météo très défavorable
2014-11-02,4,-3,19,-1,4,-1,0,47,10,1020,37.875,4,0,-3,113,119,119,0,2,5.4,météo très défavorable
2014-11-03,4,-4,26,-3,4,-2,0,37,10,1016,6.25,4,0,-3,113,113,113,0,2,8.7,météo très défavorable
2014-11-04,5,-3,7,-2,5,2,6,87,9.25,1019,52.625,6,2,1,113,116,122,0,2,7,météo très défavorable
2014-11-05,7,3,24,6,6,4,7.6,93,8.125,1016,72.25,7,6,2,122,122,116,0,2,5.4,météo très défavorable
2014-11-06,5,0,8,1,5,2,1.2,86,5.875,1017,59,5,2,3,143,116,119,0,1,7,météo très défavorable
2014-11-07,2,-3,15,0,2,-1,1.9,85,8.25,1007,77.125,2,1,-3,122,119,116,0.8,1,3.7,météo très défavorable
2014-11-08,1,-4,19,-4,1,-2,0,49,10,1011,29.25,1,0,-6,113,113,119,0,2,7,météo très défavorable
2014-11-09,3,-5,24,0,3,-4,0.6,89,8.375,1014,63.625,3,0,-5,122,116,113,0.4,1,7,météo très défavorable
2014-11-10,3,-4,18,0,3,-4,0.8,79,8.625,1023,56,3,0,-3,122,116,113,0.7,2,7,météo très défavorable
2014-11-11,5,-1,13,-1,5,0,1.2,95,9.5,1022,58.75,5,2,-2,116,116,116,0,1,8.7,météo très défavorable
2014-11-12,4,-1,19,1,4,1,3.8,98,8.25,1015,66.625,4,4,0,119,248,116,0,1,5.3,météo très défavorable
2014-11-13,1,-3,29,-3,1,-2,0,74,9,1014,49.625,1,0,-7,116,122,116,0,2,3.6,météo très défavorable
2014-11-14,-1,-5,19,-4,-1,-5,0,60,10,1016,40.875,0,0,-8,116,122,113,0,2,5.3,météo très défavorable
2014-11-15,-3,-8,19,-8,-3,-6,0,62,10,1023,13.75,0,0,-11,116,113,113,0,2,8.7,météo très défavorable
2014-11-16,-1,-6,19,-5,-1,-3,1.9,87,6.75,1022,92.75,0,0,-7,119,122,119,1.7,1,3.6,météo très défavorable
2014-11-17,-2,-3,18,-3,-2,-2,5.7,96,6,1017,100,0,0,-8,122,122,122,4.8,1,3.6,météo très défavorable
2014-11-18,-2,-9,34,-3,-6,-8,1.4,90,5.25,1000,90.5,0,0,-15,122,122,116,0.7,1,3.6,météo très défavorable
2014-11-19,-6,-11,26,-8,-6,-10,0.6,92,7.625,1015,74.375,0,0,-16,122,116,143,0.5,1,5.3,météo très défavorable
2014-11-20,-4,-11,24,-11,-4,-6,1.1,93,6.375,1013,80.5,0,0,-11,122,119,119,0.8,1,5.3,météo très défavorable
2014-11-21,-8,-13,19,-10,-8,-12,0.2,92,8.125,1024,62.875,0,0,-17,116,119,119,0.2,1,7,météo très défavorable
2014-11-22,-3,-15,27,-12,-4,-4,0.5,96,6.75,1025,92.375,0,0,-14,122,122,122,0.4,1,3.5,météo très défavorable
2014-11-23,1,-1,10,0,1,1,0.2,100,2.5,1018,98.25,1,1,-2,260,248,248,0.1,1,3.4,météo très défavorable
2014-11-24,10,1,17,2,5,7,12.1,99,5.125,1015,83,10,9,-1,248,119,200,0,1,5.2,météo très défavorable
2014-11-25,7,1,30,2,3,2,0.1,88,9.625,1013,60.375,7,6,-2,116,119,119,0.1,2,5.2,météo très défavorable
2014-11-26,0,-2,5,-2,-1,-2,0,70,10,1024,47.25,0,0,-2,116,116,119,0,2,8.7,météo très défavorable
2014-11-27,-1,-6,9,-3,-1,-5,0,55,10,1018,46.25,0,0,-5,116,113,116,0,1,8.7,météo très défavorable
2014-11-28,-6,-10,10,-7,-6,-10,0.7,84,8.625,1021,67.5,0,0,-11,122,122,113,0.6,2,3.4,météo très défavorable
2014-11-29,-7,-13,9,-13,-7,-10,0,70,10,1026,20.5,0,0,-13,113,116,113,0,2,8.7,météo très défavorable
2014-11-30,2,-9,14,-4,1,2,3.5,99,6.75,1017,95,2,2,-4,143,122,122,1.1,1,3.2,météo très défavorable
2014-12-01,2,-10,22,0,-2,-8,1.6,80,8.5,1030,43,2,2,-11,143,113,113,0.1,1,8.5,météo très défavorable
2014-12-02,-11,-16,7,-16,-11,-12,0,83,10,1045,21.125,0,0,-16,113,113,116,0,2,8.5,météo très défavorable
2014-12-03,0,-9,14,-5,0,-1,5.2,99,5.25,1030,99.625,0,0,-5,122,260,122,2.8,1,3.2,météo très défavorable
2014-12-04,-4,-17,26,-8,-11,-16,0.1,79,9.625,1036,25.5,0,0,-21,113,113,113,0.1,1,8.4,météo très défavorable
2014-12-05,-9,-19,4,-19,-10,-11,0,86,10,1040,25.75,0,0,-14,113,116,116,0,2,8.4,météo très défavorable
2014-12-06,-1,-7,7,-5,-1,-6,0.6,95,6.375,1029,72.875,0,0,-6,143,122,143,0.6,1,3.2,météo très défavorable
2014-12-07,-10,-19,12,-17,-15,-18,0,84,10,1044,5.375,0,0,-23,113,113,113,0,2,8.4,météo très défavorable
2014-12-08,-10,-19,6,-18,-10,-11,0,87,10,1044,53.75,0,0,-16,116,116,122,0,2,6.8,météo très défavorable
2014-12-09,-1,-11,10,-9,-3,-2,2.9,96,7,1033,67.5,0,0,-8,116,122,143,2.5,2,5,météo très défavorable
2014-12-10,-1,-3,37,-3,-1,-2,2.8,90,6.625,1021,62.25,0,0,-9,119,116,116,1.5,1,8.4,météo très défavorable
2014-12-11,1,-1,15,-1,1,0,2.4,100,5.625,1006,80,1,1,-4,119,248,143,0.1,1,3.1,météo très défavorable
2014-12-12,0,-4,5,-1,0,-4,0.9,98,1.625,1013,83.375,0,0,-3,260,260,260,0.8,1,3.1,météo très défavorable
2014-12-13,0,-4,12,-4,0,-3,1.2,93,7.375,1012,40.75,0,0,-4,116,116,143,0.9,2,6.8,météo très défavorable
2014-12-14,0,-5,10,-4,0,-4,0,96,3.75,1014,72.125,0,0,-6,260,143,143,0,1,3.1,météo très défavorable
2014-12-15,-1,-8,4,-7,-1,-7,0,96,6,1021,20.75,0,0,-8,143,113,143,0,2,8.3,météo très défavorable
2014-12-16,-1,-9,5,-8,-1,-6,0,96,5,1021,28.125,0,0,-8,143,116,143,0,1,8.3,météo très défavorable
2014-12-17,0,-4,11,-2,0,-2,4.8,96,4.375,1015,91.5,0,0,-5,143,143,143,1.1,1,3.1,météo très défavorable
2014-12-18,-1,-8,10,-3,-1,-7,2.7,93,6,1011,88.125,0,0,-8,143,122,119,2.2,1,3.1,météo très défavorable
2014-12-19,-4,-15,8,-10,-4,-12,0,88,10,1024,12,0,0,-10,116,113,113,0,2,8.3,météo très défavorable
2014-12-20,-6,-16,5,-16,-6,-15,0,92,10,1029,0.25,0,0,-13,113,113,113,0,2,8.3,météo très défavorable
2014-12-21,-6,-18,2,-18,-6,-15,0,100,6.25,1030,17.625,0,0,-15,116,113,260,0,2,8.3,météo très défavorable
2014-12-22,-7,-17,3,-16,-7,-12,0,93,7.75,1031,9.625,0,0,-16,113,113,113,0,1,8.7,météo très défavorable
2014-12-23,-1,-10,9,-6,-1,-2,0.6,96,5.875,1028,91.125,0,0,-5,122,143,143,0,1,3.3,météo très défavorable
2014-12-24,1,-2,12,0,1,1,11.8,100,3.25,1022,97.875,2,2,-3,248,248,248,0,1,3.3,météo très défavorable
2014-12-25,4,-2,31,4,1,0,4.8,99,5.25,1003,81.75,4,4,-6,122,122,119,0,1,3.3,météo très défavorable
2014-12-26,0,-2,28,-1,0,-2,0.5,93,7.5,1016,72.25,1,0,-7,119,116,119,0.2,1,6.9,météo très défavorable
2014-12-27,0,-3,12,-2,0,-2,0.6,96,6.125,1020,70.75,1,0,-5,116,119,260,0.6,1,5.1,météo très défavorable
2014-12-28,2,-6,22,2,0,-5,4.9,99,8,1013,51.75,2,2,-9,122,113,113,0.2,1,6.9,météo très défavorable
2014-12-29,-7,-17,16,-10,-12,-15,0.1,79,9.375,1024,14.625,0,0,-22,113,113,113,0.1,2,8.7,météo très défavorable
2014-12-30,-18,-22,12,-22,-18,-21,0,86,10,1030,43.625,0,0,-27,113,122,119,0,2,5.1,météo très défavorable
2014-12-31,-16,-25,18,-24,-16,-18,0,92,10,1025,62.125,0,0,-27,116,122,116,0,2,3.3,météo très défavorable
2015-01-01,-7,-12,25,-11,-8,-7,4.1,96,5.75,1011,100,0,0,-18,122,122,338,3.5,1,3.3,météo très défavorable
2015-01-02,-8,-20,23,-11,-14,-18,0.1,86,10,1031,44.625,0,0,-24,113,116,113,0.1,1,8.7,météo très défavorable
2015-01-03,-14,-24,6,-24,-16,-15,1.2,77,9,1041,50.25,0,0,-19,113,122,119,1,2,5.1,météo très défavorable
2015-01-04,0,-13,18,-10,-4,-2,10.7,97,5.625,1025,97.625,0,0,-13,122,122,260,5,1,3.3,météo très défavorable
2015-01-05,-4,-26,26,-14,-19,-23,0.3,87,9.375,1023,92,0,0,-32,122,122,122,0.2,1,3.3,météo très défavorable
2015-01-06,-19,-29,8,-29,-21,-20,0.2,98,8.125,1026,57.75,0,0,-29,113,119,260,0.2,2,5.1,météo très défavorable
2015-01-07,-13,-29,15,-18,-14,-27,0.6,94,7.125,1021,92.125,0,0,-30,122,122,122,0.5,1,5.1,météo très défavorable
2015-01-08,-19,-34,12,-34,-26,-23,0.2,97,6.125,1023,69.125,0,0,-40,116,122,260,0.1,2,5.1,météo très défavorable
2015-01-09,-9,-15,29,-13,-9,-13,2.1,93,6.625,1012,90.875,0,0,-19,122,122,122,1.8,1,3.3,météo très défavorable
2015-01-10,-14,-23,27,-23,-14,-15,0.4,94,7.375,1024,67.5,0,0,-27,143,122,122,0.3,1,5.1,météo très défavorable
2015-01-11,-9,-18,15,-18,-12,-10,1,96,5.125,1031,94.625,0,0,-21,260,122,143,0.8,1,3.3,météo très défavorable
2015-01-12,-7,-18,9,-10,-7,-11,2.8,96,5,1029,76,0,0,-11,143,143,113,2.4,1,3.3,météo très défavorable
2015-01-13,-19,-27,10,-27,-19,-23,0,93,10,1041,2.5,0,0,-28,113,113,113,0,2,8.7,météo très défavorable
2015-01-14,-15,-27,5,-27,-15,-25,0,88,10,1037,2.375,0,0,-24,113,113,113,0,2,8.7,météo très défavorable
2015-01-15,-13,-25,9,-24,-14,-16,0.1,100,7.125,1025,33.75,0,0,-20,113,143,122,0.1,2,8.7,météo très défavorable
2015-01-16,-7,-24,24,-7,-15,-21,2.4,92,7.125,1018,81.25,0,0,-29,122,122,119,2,1,5.1,météo très défavorable
2015-01-17,-17,-30,13,-30,-24,-21,0,97,7.75,1029,59,0,0,-35,143,116,119,0,1,6.9,météo très défavorable
2015-01-18,1,-14,6,-10,-3,-1,3,97,3.625,1016,95.5,1,1,-9,143,143,260,0.5,1,3.4,météo très défavorable
2015-01-19,1,-11,19,0,-1,-6,3.3,97,8.625,1003,81.5,1,1,-10,122,122,119,0.3,1,3.4,météo très défavorable
2015-01-20,-16,-23,18,-23,-20,-22,0,95,8,1016,47.375,0,0,-32,143,122,143,0,2,3.4,météo très défavorable
2015-01-21,-15,-28,10,-22,-15,-26,0,97,1.25,1025,21.25,0,0,-25,143,143,260,0,1,8.7,météo très défavorable
2015-01-22,-10,-27,7,-20,-10,-18,0,93,8,1025,22.625,0,0,-22,113,113,113,0,1,8.7,météo très défavorable
2015-01-23,-5,-18,22,-16,-8,-5,0.8,97,4,1023,99.25,0,0,-18,260,122,122,0.7,1,3.4,météo très défavorable
2015-01-24,-4,-8,16,-5,-4,-8,1,98,3.25,1006,94.75,0,0,-10,122,143,260,0.9,1,3.4,météo très défavorable
2015-01-25,-8,-20,23,-16,-15,-18,0,92,8.75,1017,44,0,0,-26,113,122,113,0,1,6.9,météo très défavorable
2015-01-26,-18,-26,5,-26,-18,-22,0,99,3.25,1027,10.25,0,0,-25,143,113,143,0,1,8.7,météo très défavorable
2015-01-27,-13,-18,27,-17,-14,-14,1.1,93,8,1027,67.375,0,0,-24,116,122,119,0.9,2,5.2,météo très défavorable
2015-01-28,-12,-19,11,-18,-12,-19,0,96,4.25,1025,25.375,0,0,-21,143,116,260,0,2,8.7,météo très défavorable
2015-01-29,-6,-18,6,-17,-10,-7,0.1,96,4.875,1027,45.125,0,0,-16,143,116,122,0.1,1,7,météo très défavorable
2015-01-30,-4,-14,12,-6,-4,-11,4.4,97,3.75,1017,100,0,0,-12,260,143,122,3.8,1,3.5,météo très défavorable
2015-01-31,-18,-23,12,-23,-18,-20,0,95,5.75,1021,25,0,0,-28,260,113,113,0,1,8.7,météo très défavorable
2015-02-01,-19,-28,16,-22,-21,-27,0,92,7.5,1026,14.125,0,0,-32,113,116,260,0,2,8.7,météo très défavorable
2015-02-02,-19,-29,15,-24,-20,-20,0.7,95,4.5,1025,77.375,0,0,-29,119,122,260,0.6,1,3.5,météo très défavorable
2015-02-03,-20,-30,14,-27,-20,-20,0.2,98,5.625,1021,58.125,0,0,-33,113,122,260,0.1,1,5.3,météo très défavorable
2015-02-04,-8,-24,6,-15,-9,-9,1.3,97,2,1022,100,0,0,-15,260,143,260,1.1,1,3.6,météo très défavorable
2015-02-05,-9,-25,13,-21,-17,-24,0,94,6.75,1022,21.625,0,0,-28,260,113,143,0,1,8.7,météo très défavorable
2015-02-06,-19,-31,10,-31,-19,-21,0.1,100,4.125,1022,70.75,0,0,-27,143,143,260,0.1,1,3.6,météo très défavorable
2015-02-07,-18,-25,12,-23,-18,-24,0,95,3.75,1025,37.375,0,0,-27,143,116,143,0,1,8.7,météo très défavorable
2015-02-08,-17,-25,16,-23,-17,-20,0.1,93,8.625,1029,51.375,0,0,-27,122,116,113,0.1,1,7,météo très défavorable
2015-02-09,-15,-22,19,-22,-15,-16,0,93,9,1031,33.25,0,0,-29,113,113,122,0,2,8.7,météo très défavorable
2015-02-10,-10,-19,11,-17,-10,-18,0,95,5.75,1027,41.125,0,0,-17,119,116,260,0,1,8.7,météo très défavorable
2015-02-11,-14,-22,13,-22,-14,-15,0,93,9,1028,49.75,0,0,-26,113,122,119,0,1,5.5,météo très défavorable
2015-02-12,-10,-16,8,-15,-10,-13,0.2,98,4.375,1012,88.75,0,0,-16,143,143,143,0.2,1,3.9,météo très défavorable
2015-02-13,-20,-27,19,-24,-23,-26,0,93,8,1019,63.875,0,0,-35,116,122,116,0,1,5.5,météo très défavorable
2015-02-14,-16,-27,14,-24,-16,-18,0.4,94,5.125,1018,97.875,0,0,-24,143,122,122,0.3,1,4,météo très défavorable
2015-02-15,-18,-23,15,-22,-18,-23,0,92,9,1014,48.75,0,0,-29,143,116,113,0,1,7.1,météo très défavorable
2015-02-16,-15,-22,26,-22,-15,-18,0,90,9,1018,18,0,0,-33,113,113,113,0,2,8.7,météo très défavorable
2015-02-17,-16,-28,6,-27,-16,-28,0,98,4.5,1019,19.875,0,0,-24,143,116,260,0,1,8.7,météo très défavorable
2015-02-18,-12,-26,3,-26,-12,-16,0,98,7.5,1014,51.625,0,0,-16,260,116,119,0,1,8.7,météo très défavorable
2015-02-19,-8,-12,23,-12,-8,-11,2.7,96,4.125,1009,99.625,0,0,-18,122,122,260,2.3,1,4,météo très défavorable
2015-02-20,-12,-20,29,-14,-14,-18,0,90,10,1024,64.5,0,0,-26,122,119,116,0,1,7.1,météo très défavorable
2015-02-21,-11,-24,5,-23,-13,-12,0.7,97,4.25,1028,88.125,0,0,-17,260,122,260,0.6,2,4,météo très défavorable
2015-02-22,-8,-16,12,-16,-8,-11,0.3,97,2,1021,91.5,0,0,-14,260,143,260,0.3,1,4.1,météo très défavorable
2015-02-23,-10,-26,23,-20,-23,-25,0.5,91,7.75,1025,82.375,0,0,-36,119,122,119,0.4,1,4.1,météo très défavorable
2015-02-24,-17,-27,11,-26,-18,-18,0.1,94,7,1025,78,0,0,-29,143,122,143,0.1,1,4.1,météo très défavorable
2015-02-25,-9,-17,11,-13,-9,-9,1.5,96,5,1014,89.375,0,0,-14,143,122,122,1.3,1,4.1,météo très défavorable
2015-02-26,-17,-23,11,-23,-17,-20,0,90,9,1023,30.25,0,0,-25,113,113,119,0,2,8.7,météo très défavorable
2015-02-27,-14,-24,21,-23,-15,-15,0.3,93,6.75,1031,53.75,0,0,-27,113,119,122,0.2,1,5.6,météo très défavorable
2015-02-28,-10,-18,22,-17,-11,-11,0.3,95,5.625,1037,81.75,0,0,-22,260,122,116,0.2,1,4.1,météo très défavorable
2015-03-01,-9,-14,10,-14,-9,-10,0.8,94,6.125,1037,88.5,0,0,-17,260,116,143,0.6,1,4.1,météo très défavorable
2015-03-02,-6,-17,23,-11,-6,-13,0.9,94,5.75,1023,70.75,0,0,-15,260,122,179,0.6,1,5.7,météo très défavorable
2015-03-03,-10,-22,12,-22,-12,-13,2.7,94,6,1028,38.75,0,0,-23,143,116,122,2.3,1,8.7,météo très défavorable
2015-03-04,-3,-8,28,-7,-6,-3,1.6,93,6.5,1007,85.625,0,0,-15,122,122,122,1,1,5.7,météo très défavorable
2015-03-05,-12,-22,15,-18,-16,-21,0,91,8,1028,16.5,0,0,-26,113,113,143,0,1,8.7,météo très défavorable
2015-03-06,-13,-24,22,-21,-13,-15,0.3,95,5,1030,80.875,0,0,-24,260,122,122,0.3,1,4.2,météo très défavorable
2015-03-07,-7,-13,19,-12,-7,-8,1,95,6,1019,93.75,0,0,-17,122,122,143,0.9,1,4.2,météo très défavorable
2015-03-08,-5,-14,11,-8,-5,-13,0.5,96,2.875,1017,75.25,0,0,-11,260,143,143,0.5,1,4.2,météo très défavorable
2015-03-09,-4,-17,20,-10,-4,-7,0.8,96,4.625,1019,82.125,0,0,-11,260,122,329,0.7,1,5.7,météo très défavorable
2015-03-10,-3,-12,10,-9,-3,-7,0.9,92,6.5,1021,58.625,0,0,-8,116,122,119,0.2,1,5.7,météo très défavorable
2015-03-11,-2,-7,14,-7,-2,-4,1.6,95,5.625,1017,74.625,0,0,-7,122,122,119,1,1,4.3,météo très défavorable
2015-03-12,-3,-7,17,-7,-3,-6,2.1,93,6.375,1016,69.875,0,0,-9,119,122,311,1.6,1,4.3,météo très défavorable
2015-03-13,-4,-8,15,-8,-4,-7,0.6,91,6.5,1018,58,0,0,-11,119,119,116,0,1,7.2,météo très défavorable
2015-03-14,-3,-9,16,-8,-3,-7,2.1,91,6.375,1018,68.25,0,0,-10,119,122,119,1.3,1,4.3,météo très défavorable
2015-03-15,-1,-7,12,-5,-1,-4,1.5,92,5.375,1013,73.625,0,0,-6,119,122,119,0.4,1,6,météo très défavorable
2015-03-16,-3,-8,13,-7,-3,-7,0.3,89,6.625,1017,70.75,0,0,-8,116,122,311,0,1,7.4,météo très défavorable
2015-03-17,-4,-10,15,-9,-4,-7,1.3,89,6.5,1018,58.25,0,0,-11,116,119,116,0,2,8.8,météo très défavorable
2015-03-18,-2,-10,12,-8,-2,-7,1.4,90,7.75,1019,59.75,0,0,-8,116,119,116,0.6,1,10.2,météo très défavorable
2015-03-19,-8,-16,20,-16,-8,-11,0.2,90,7.375,1026,39,0,0,-20,113,116,143,0,1,11.6,météo très défavorable
2015-03-20,-3,-14,9,-10,-3,-8,0,95,4,1026,64,0,0,-10,260,122,260,0,1,6,météo très défavorable
2015-03-21,0,-5,7,-4,-1,-1,5.3,100,1.875,1017,100,0,0,-5,143,260,260,4.5,1,6.1,météo très défavorable
2015-03-22,-13,-20,30,-20,-15,-16,0,87,10,1015,65.75,0,0,-29,116,122,122,0,2,10.5,météo très défavorable
2015-03-23,-7,-18,21,-17,-9,-9,0.1,92,8.375,1026,91.625,0,0,-22,119,122,119,0.1,1,7.9,météo très défavorable
2015-03-24,-6,-13,12,-12,-6,-6,0.2,95,4.125,1028,65.375,0,0,-12,143,143,260,0.1,1,12.6,météo très défavorable
2015-03-25,0,-9,8,-8,-2,-3,1.1,96,2.375,1028,75.5,0,0,-8,143,143,143,0,1,9.2,météo très défavorable
2015-03-26,1,-3,27,1,1,-1,2.4,99,7,1007,99.25,1,1,-5,122,122,260,0.6,1,7.9,météo très défavorable
2015-03-27,0,-8,6,-5,0,-5,0.5,90,5.75,1014,56.125,0,0,-4,113,116,143,0.3,1,11.9,météo très défavorable
2015-03-28,-5,-13,9,-10,-5,-11,0.3,91,7.25,1019,51.5,0,0,-11,143,122,113,0.2,1,10.6,météo très défavorable
2015-03-29,-4,-14,17,-11,-4,-7,0.1,93,4.5,1021,46.375,0,0,-12,143,122,260,0.1,1,10.6,météo très défavorable
2015-03-30,0,-5,15,-3,0,-1,3.4,100,4.125,1011,91.75,0,0,-5,122,122,260,2.9,1,8,météo très défavorable
2015-03-31,-3,-9,15,-6,-3,-7,0.2,93,7.375,1012,59.875,0,0,-10,143,122,113,0.2,1,11.9,météo très défavorable
2015-04-01,-6,-16,17,-13,-6,-6,0,90,7,1020,21.5,0,0,-15,113,119,113,0,1,12.9,météo très défavorable
2015-04-02,1,-11,7,-7,-3,0,8,99,3.75,1020,77,1,1,-5,116,143,260,5.5,1,9.4,météo très défavorable
2015-04-03,2,1,12,1,2,1,0.5,100,1.5,1008,98.875,2,2,-2,122,248,248,0,1,8.1,météo très défavorable
2015-04-04,-1,-14,17,-6,-4,-12,6.2,95,5.75,1016,52.125,0,0,-12,122,113,143,5.3,1,11.9,météo très défavorable
2015-04-05,-8,-18,24,-9,-8,-14,0.5,89,4.125,1023,58.875,0,0,-18,143,119,143,0.4,1,10.7,météo très défavorable
2015-04-06,-2,-15,14,-10,-3,-5,0.3,88,5.875,1028,50,0,0,-10,116,119,143,0.3,1,10.7,météo très défavorable
2015-04-07,-1,-11,12,-6,-1,-5,0.1,89,7.375,1033,10,0,0,-5,113,113,116,0,1,13.1,météo très défavorable
2015-04-08,0,-14,3,-7,-1,-3,0,87,7.875,1035,46.5,1,0,-1,122,113,116,0,1,12,météo très défavorable
2015-04-09,2,-5,17,-3,2,0,0.1,96,7,1031,65.875,2,1,-4,113,143,122,0,1,10.7,météo très défavorable
2015-04-10,4,0,8,1,2,4,9.9,100,5.625,1017,99.75,4,4,-1,122,248,122,0,1,8.2,météo très défavorable
2015-04-11,4,-1,31,1,4,0,0.9,83,7.625,1016,69.75,4,1,-4,122,119,113,0.3,1,10.8,météo très défavorable
2015-04-12,8,0,16,2,7,2,0,91,8.375,1022,74.625,8,6,2,119,122,143,0,1,9.5,météo très défavorable
2015-04-13,5,-2,15,0,5,1,1.8,81,8.125,1018,58.125,5,1,0,119,119,119,1,1,13.3,météo très défavorable
2015-04-14,5,-2,16,0,5,1,1.5,78,7.375,1021,60.625,5,0,0,119,116,116,0.8,1,12,météo très défavorable
2015-04-15,6,-4,13,-1,6,0,1.4,80,8.25,1024,61.125,6,1,1,116,116,116,0,2,12.1,météo très défavorable
2015-04-16,4,-3,6,2,2,4,0,68,10,1032,15.125,4,0,2,113,113,113,0,2,13.8,météo très défavorable
2015-04-17,14,2,24,6,14,6,0,68,10,1015,29.75,14,5,9,119,116,113,0,3,13.3,météo correcte
2015-04-18,7,-1,9,2,7,2,0.5,57,8.875,1021,60.375,7,0,4,116,122,122,0,2,9.8,météo très défavorable
2015-04-19,9,-1,14,2,9,2,0,49,10,1026,14.75,9,0,3,113,113,116,0,2,13.9,météo très défavorable
2015-04-20,11,-1,26,3,11,4,4.6,83,9.75,1023,50.75,11,3,1,113,119,122,0,2,11,météo très défavorable
2015-04-21,6,0,17,6,6,3,26.9,97,5.625,1009,89.25,6,6,2,122,308,143,0,1,9.9,météo très défavorable
2015-04-22,10,-2,14,4,10,5,5.1,76,8.5,1006,54.375,11,5,7,113,119,122,0,1,11,météo très défavorable
2015-04-23,4,0,26,3,3,1,8.3,92,5.125,1002,100,4,4,-2,143,122,317,0.9,1,8.8,météo très défavorable
2015-04-24,4,-2,19,1,4,1,0.2,84,8.125,1006,83.75,4,1,-1,119,122,122,0.2,1,8.8,météo très défavorable
2015-04-25,7,0,7,3,7,2,1,79,6.375,1006,76.125,7,3,4,116,122,122,0.2,2,9.9,météo très défavorable
2015-04-26,8,1,6,4,8,3,1.1,82,7.125,1006,86.125,9,4,6,263,122,122,0,1,9.9,météo très défavorable
2015-04-27,10,1,32,5,10,8,3,86,7.5,1009,62.125,10,5,4,122,293,293,0,3,12.2,météo très défavorable
2015-04-28,10,2,16,5,10,4,2.3,82,7.625,1015,59.875,10,6,6,119,119,116,0,2,11.1,météo très défavorable
2015-04-29,11,3,22,7,11,6,0.3,66,8,1012,65.125,11,3,7,116,119,116,0,3,11.1,météo très défavorable
2015-04-30,12,2,20,8,12,6,0,61,10,1016,62.875,12,5,9,119,116,116,0,3,11.1,météo très défavorable
2015-05-01,14,2,6,9,14,7,0.1,55,8,1016,55.5,15,6,14,122,119,116,0,2,12.3,météo correcte
2015-05-02,19,4,16,12,19,9,0,43,10,1014,8.875,19,6,16,113,113,113,0,4,14.3,météo favorable
2015-05-03,21,5,12,12,21,12,0.2,40,10,1016,11.75,23,7,19,113,113,113,0,4,14.3,météo favorable
2015-05-04,23,7,32,13,23,16,2.3,52,9.875,1017,32.625,25,13,18,113,113,119,0,5,13.4,météo favorable
2015-05-05,16,6,25,9,16,11,0,37,10,1023,18.625,16,7,12,113,113,116,0,4,14.5,météo correcte
2015-05-06,16,3,28,9,16,10,0,47,10,1025,29,16,5,13,113,122,113,0,4,13.4,météo correcte
2015-05-07,22,6,18,12,22,15,0,36,10,1021,22.875,24,10,18,113,113,116,0,4,14.5,météo favorable
2015-05-08,22,9,14,10,20,15,0,39,10,1022,25.625,24,7,16,116,113,113,0,4,14.5,météo favorable
2015-05-09,19,8,13,12,18,17,3.4,88,8.875,1021,80.25,19,17,14,122,122,143,0,4,9.3,météo défavorable
2015-05-10,14,9,9,14,14,11,4.4,97,4.5,1022,91.375,15,14,11,248,143,143,0,3,9.3,météo défavorable
2015-05-11,8,6,14,7,7,6,4.1,86,9,1025,70,8,6,5,122,116,119,0,3,11.4,météo très défavorable
2015-05-12,17,7,23,9,14,13,7,98,8.25,1011,88.375,17,14,10,122,122,200,0,3,9.4,météo défavorable
2015-05-13,13,4,19,6,13,8,0,43,10,1022,24.375,13,4,8,116,113,113,0,3,14.5,météo correcte
2015-05-14,17,2,22,8,16,11,0,42,10,1027,8.625,17,6,12,113,113,113,0,3,14.5,météo correcte
2015-05-15,18,4,17,11,18,12,0.1,44,10,1024,29,18,6,16,113,116,119,0,4,13.5,météo favorable
2015-05-16,16,9,19,12,16,11,4.4,86,7.625,1021,87,16,10,11,119,122,296,0,3,9.4,météo défavorable
2015-05-17,21,10,13,13,21,14,0,52,7.5,1022,31,24,11,18,113,113,113,0,3,14.5,météo favorable
2015-05-18,23,9,16,14,22,19,0,65,8.5,1022,47.5,25,15,18,116,116,119,0,5,13.5,météo favorable
2015-05-19,21,13,25,15,20,17,4.2,90,6.375,1011,66.125,21,18,18,143,119,113,0,4,11.5,météo défavorable
2015-05-20,11,5,29,7,10,8,0,54,10,1008,45.25,11,7,4,122,116,113,0,3,13.5,météo très défavorable
2015-05-21,14,4,19,9,13,10,2.7,63,10,1010,35.625,14,8,9,113,116,116,0,3,13.5,météo correcte
2015-05-22,10,2,17,5,9,5,3.5,78,8,1018,67.125,10,6,5,122,116,353,0,2,11.5,météo très défavorable
2015-05-23,12,-1,26,4,11,8,0,36,10,1022,20.375,12,3,5,113,116,113,0,3,14.5,météo très défavorable
2015-05-24,19,4,27,12,17,14,0.9,60,9.875,1017,34,19,9,16,116,122,113,0,4,13.5,météo correcte
2015-05-25,20,9,27,14,20,15,1.4,76,9.875,1018,47.25,20,14,18,113,116,119,0,4,13.5,météo favorable
2015-05-26,23,13,30,15,23,19,6.9,95,7.125,1016,73.625,25,17,18,122,296,116,0,4,11.7,météo défavorable
2015-05-27,23,13,28,20,23,20,19.6,90,7.625,1016,51.25,25,21,22,119,119,359,0,5,10.7,météo très défavorable
2015-05-28,21,11,15,17,21,15,2.4,92,9.875,1024,50.875,24,17,18,122,200,113,0,5,12.6,météo correcte
2015-05-29,21,7,13,14,21,15,0,55,10,1027,19.5,24,12,20,113,113,122,0,4,13.6,météo favorable
2015-05-30,23,10,41,19,23,19,11.5,90,9.125,1017,42.625,25,21,22,113,119,116,0,5,11.7,météo correcte
2015-05-31,12,6,9,7,12,9,0.1,46,10,1027,44.375,13,7,9,119,113,122,0,2,12.6,météo défavorable
2015-06-01,17,7,18,10,17,11,0,41,10,1028,7.125,17,3,13,113,113,113,0,4,14.5,météo correcte
2015-06-02,8,3,14,8,6,6,3.4,94,6.25,1027,75.125,8,5,3,119,122,143,0,3,9.9,météo très défavorable
2015-06-03,14,1,4,8,14,8,0,57,8,1026,22.5,15,7,15,113,116,113,0,2,14.5,météo très défavorable
2015-06-04,20,2,11,11,20,12,0,56,10,1025,17.375,20,12,17,116,113,113,0,4,14.5,météo favorable
2015-06-05,18,6,11,15,16,14,3.5,91,9.625,1018,56.25,18,16,13,122,122,119,0,4,10.8,météo correcte
2015-06-06,17,4,16,9,17,11,0,35,10,1020,11,17,5,13,113,113,113,0,3,14.5,météo correcte
2015-06-07,18,4,11,13,18,13,0,45,10,1021,32.375,18,8,16,113,116,119,0,4,12.7,météo favorable
2015-06-08,16,11,14,11,14,16,9.9,98,8.25,1012,94.875,16,16,12,143,122,122,0,3,9.9,météo défavorable
2015-06-09,18,11,6,16,17,14,2.4,92,5.25,1003,77.375,18,16,18,143,116,143,0,4,12.7,météo défavorable
2015-06-10,22,12,21,15,22,16,4.5,71,8.375,1005,48.625,24,14,19,116,116,116,0,4,14.5,météo favorable
2015-06-11,17,14,29,16,17,16,4.5,91,10,1009,75,17,16,17,119,122,119,0,5,9.9,météo défavorable
2015-06-12,23,12,21,18,23,16,1.2,60,9.875,1012,35,24,14,21,113,113,122,0,5,13.6,météo favorable
2015-06-13,23,10,21,16,23,17,0,48,9,1016,8.25,24,12,20,113,113,113,0,4,14.5,météo favorable
2015-06-14,20,7,8,14,20,12,0,64,10,1020,1.625,24,12,18,113,113,113,0,4,14.5,météo favorable
2015-06-15,21,11,19,14,21,18,0.1,68,10,1018,55.5,21,15,16,116,116,122,0,5,13.6,météo correcte
2015-06-16,16,10,8,14,16,14,34.7,97,8.5,1014,68.125,16,16,14,122,308,113,0,3,11.8,météo très défavorable
2015-06-17,16,6,8,13,14,16,0,67,10,1020,26.375,16,11,14,113,113,119,0,4,13.6,météo correcte
2015-06-18,23,10,24,16,22,18,3.5,58,9.625,1017,32.5,25,16,21,116,113,113,0,5,14.5,météo favorable
2015-06-19,19,9,15,11,19,13,0,43,9,1019,16,19,13,17,113,113,113,0,3,14.5,météo favorable
2015-06-20,20,5,18,15,20,14,0,50,10,1020,22.625,20,11,18,113,116,116,0,4,14.5,météo favorable
2015-06-21,21,12,17,15,21,16,0.3,71,9,1012,73.25,21,15,20,122,119,116,0,4,11.8,météo défavorable
2015-06-22,20,11,6,13,20,16,1,93,6.875,1013,61.75,21,15,16,143,116,116,0,3,12.7,météo correcte
2015-06-23,18,12,18,17,16,18,6.5,96,9.375,1013,64,18,18,16,119,122,116,0,5,10.9,météo correcte
2015-06-24,21,10,26,13,21,16,0,48,10,1014,13.125,24,10,19,113,113,113,0,5,14.5,météo favorable
2015-06-25,20,7,23,13,20,15,0,47,10,1016,6.25,20,7,17,113,113,113,0,4,14.5,météo favorable
2015-06-26,19,7,12,16,18,12,1.2,64,9.75,1019,29.625,19,11,18,113,122,113,0,4,13.6,météo correcte
2015-06-27,22,4,9,16,22,14,0,50,10,1021,5.875,25,12,22,113,113,113,0,4,14.5,météo favorable
2015-06-28,19,10,23,16,19,11,3.7,93,9.75,1017,48.875,19,11,11,116,116,119,0,4,13.6,météo favorable
2015-06-29,15,10,10,10,14,13,2.1,93,6.875,1011,88.125,16,12,12,143,122,119,0,3,9.9,météo défavorable
2015-06-30,23,8,13,15,22,16,2.6,83,7.25,1013,59,25,15,17,122,113,116,0,4,12.7,météo correcte
2015-07-01,17,14,19,16,16,14,18.4,97,5.375,1012,92.625,17,17,13,248,122,248,0,4,9.9,météo très défavorable
2015-07-02,18,12,29,12,18,14,0.3,70,9,1010,62.25,18,13,13,122,116,113,0,3,12.7,météo correcte
2015-07-03,23,10,25,15,23,18,0,48,10,1013,19.375,25,13,21,116,113,113,0,5,14.5,météo favorable
2015-07-04,23,9,15,16,23,17,0.1,68,10,1014,11.5,25,15,20,113,113,113,0,5,14.5,météo favorable
2015-07-05,24,11,17,17,24,20,0.6,66,7.875,1019,25.25,26,16,22,113,116,113,0,4,14.5,météo favorable
2015-07-06,25,11,14,20,25,19,0,63,10,1020,2.375,26,19,24,113,113,113,0,5,14.5,météo favorable
2015-07-07,25,12,17,21,25,22,12.3,90,8.25,1016,29.5,27,23,24,113,116,116,0,6,14.5,météo correcte
2015-07-08,22,11,20,16,21,16,10.1,56,9.5,1017,18,24,19,18,113,113,113,0,4,14.5,météo correcte
2015-07-09,23,10,10,19,23,16,0,47,10,1017,44.75,25,12,22,116,122,116,0,5,13.5,météo correcte
2015-07-10,25,10,12,19,25,18,0.1,53,10,1015,13.375,26,14,23,113,113,113,0,5,14.5,météo favorable
2015-07-11,25,13,21,20,25,21,3,81,8.875,1016,19,26,20,23,113,116,113,0,5,14.5,météo favorable
2015-07-12,26,14,19,19,26,18,0,46,7.75,1015,14.875,26,17,24,113,113,113,0,4,14.5,météo favorable
2015-07-13,27,12,10,20,26,19,0.9,49,9.875,1015,14.5,27,17,24,113,113,113,0,5,14.5,météo favorable
2015-07-14,27,15,22,21,27,20,1.9,58,7.875,1006,26.125,27,18,25,113,113,119,0,5,13.5,météo idéale
2015-07-15,20,9,18,13,20,13,4,58,9.75,1015,18.75,20,13,16,176,113,113,0,3,14.5,météo favorable
2015-07-16,21,5,12,13,21,15,0,46,10,1019,5.25,24,11,18,113,113,113,0,4,14.5,météo favorable
2015-07-17,23,6,9,17,22,15,0,44,10,1019,17.875,25,12,21,113,113,113,0,5,14.5,météo favorable
2015-07-18,17,12,7,15,16,17,4.5,97,4.625,1014,92.75,18,17,16,248,248,143,0,4,9.5,météo défavorable
2015-07-19,23,12,10,17,23,19,1.8,83,7.5,1010,89.625,25,17,20,119,119,122,0,4,9.5,météo défavorable
2015-07-20,23,13,11,17,22,19,2.3,80,7.5,1003,63.625,25,18,22,143,122,116,0,4,11.5,météo correcte
2015-07-21,19,14,9,18,19,18,7.3,95,6.125,1003,45.125,20,18,19,176,119,143,0,4,13.5,météo correcte
2015-07-22,18,11,20,14,18,15,0,65,8,1007,40.625,18,12,17,113,116,116,0,3,14.5,météo favorable
2015-07-23,20,11,14,14,20,15,1.8,85,8.625,1010,60.625,20,14,16,116,116,122,0,3,11.5,météo correcte
2015-07-24,18,12,13,14,18,14,2.6,90,7.25,1016,79.875,18,15,16,248,119,119,0,3,10.5,météo défavorable
2015-07-25,21,11,13,15,21,16,0.3,71,8.875,1017,40.375,21,15,19,116,116,116,0,4,13.5,météo favorable
2015-07-26,20,12,9,14,17,16,5.8,96,5.125,1014,73.625,20,18,16,248,143,143,0,4,10.4,météo défavorable
2015-07-27,25,14,17,19,25,20,7,78,7.375,1015,34.625,26,20,23,143,116,113,0,4,14.5,météo favorable
2015-07-28,27,14,18,19,27,20,0.2,49,8,1014,8.875,28,17,25,113,113,113,0,5,14.5,météo favorable
2015-07-29,27,16,7,22,27,19,0.9,59,9.875,1014,15.375,28,18,26,113,113,113,0,6,14.5,météo idéale
2015-07-30,27,15,17,22,26,20,18.4,94,8.25,1011,21.625,29,21,21,113,116,359,0,6,14.5,météo très défavorable
2015-07-31,22,14,21,18,22,18,3,84,8.625,1005,30,25,17,20,119,113,113,0,5,13.5,météo favorable
2015-08-01,22,11,22,17,20,17,1.6,72,7.75,1007,23.375,25,15,21,116,113,176,0,4,14.5,météo favorable
2015-08-02,21,10,22,16,21,17,2.1,77,8.625,1008,22.875,21,16,20,113,113,116,0,5,14.5,météo favorable
2015-08-03,21,12,26,18,21,18,5.5,88,8.375,1006,40.375,24,19,21,116,119,113,0,4,13.5,météo correcte
2015-08-04,22,13,19,16,22,16,1.3,76,7.375,1009,47,25,16,19,116,116,113,0,4,14.5,météo favorable
2015-08-05,19,12,17,15,19,15,4.4,84,8.5,1009,45.375,19,16,18,116,116,116,0,5,13.5,météo favorable
2015-08-06,18,11,22,13,18,14,0.7,72,7.625,1012,44.625,18,13,17,119,116,113,0,3,12.4,météo favorable
2015-08-07,21,10,12,15,21,14,0.5,70,7.875,1016,32.375,21,14,19,113,116,116,0,3,14.5,météo favorable
2015-08-08,22,9,8,17,22,16,0.3,61,8.875,1019,26.875,25,13,21,116,113,113,0,5,14.5,météo favorable
2015-08-09,22,13,12,16,21,15,1,76,9.75,1021,23,25,15,19,116,116,113,0,5,14.5,météo favorable
2015-08-10,24,10,8,18,24,13,0.3,59,9.875,1017,13.375,26,14,23,113,113,113,0,5,14.5,météo favorable
2015-08-11,16,14,12,16,16,15,24.8,97,4.375,1012,95.75,16,16,16,248,143,143,0,4,9.2,météo très défavorable
2015-08-12,20,13,5,15,20,14,1.2,81,7,1010,76.75,20,16,19,119,119,143,0,4,10.2,météo défavorable
2015-08-13,19,11,16,15,17,15,0.3,84,6.5,1016,71,19,14,16,119,119,116,0,3,11.3,météo défavorable
2015-08-14,23,11,19,16,23,16,0.2,86,5.5,1017,54.125,25,18,21,113,116,143,0,4,13.4,météo favorable
2015-08-15,26,13,14,20,26,19,0.1,68,6.5,1019,34.5,27,18,24,113,113,113,0,4,14.1,météo favorable
2015-08-16,27,15,20,20,27,21,0,65,9,1018,9.5,28,20,25,113,113,116,0,6,14.1,météo idéale
2015-08-17,27,17,24,20,26,23,0.2,78,6.875,1015,27.375,29,22,23,116,116,113,0,5,14.1,météo favorable
2015-08-18,26,18,5,22,25,20,1.6,86,7.375,1016,57.375,28,21,24,116,116,113,0,5,11.1,météo correcte
2015-08-19,27,17,9,21,27,22,6.5,78,9.5,1017,12.125,30,23,27,113,113,113,0,6,14,météo favorable
2015-08-20,28,17,20,20,28,21,0,62,8,1016,12.75,29,20,26,113,113,113,0,5,14,météo idéale
2015-08-21,23,15,16,18,22,17,7.3,98,8.375,1017,55,25,18,18,143,116,113,0,5,12.2,météo correcte
2015-08-22,24,11,9,17,24,14,0,59,8,1021,13.375,25,15,23,113,113,113,0,4,13.9,météo favorable
2015-08-23,25,10,7,19,25,18,0.6,66,10,1021,18.875,26,15,22,113,113,116,0,5,13.9,météo favorable
2015-08-24,24,16,15,19,24,19,3.1,77,9.75,1014,59.75,26,19,23,122,116,176,0,5,12.2,météo correcte
2015-08-25,23,14,3,19,23,16,22.1,95,6.625,1012,54.625,25,18,19,116,116,248,0,4,11,météo très défavorable
2015-08-26,22,12,14,17,22,15,0,68,8,1013,31.25,25,16,21,116,113,113,0,4,13.8,météo favorable
2015-08-27,19,12,16,15,19,15,2.9,86,7.875,1017,42.125,19,15,18,119,116,113,0,3,12.1,météo favorable
2015-08-28,21,9,20,13,21,15,0,64,8,1020,15.75,24,14,19,113,116,113,0,4,13.7,météo favorable
2015-08-29,20,11,25,15,20,17,0.2,77,8,1020,52.875,20,15,19,116,119,119,0,4,9.6,météo correcte
2015-08-30,22,15,20,16,21,17,0.4,83,7,1016,74.25,25,16,19,143,119,116,0,4,10.8,météo défavorable
2015-08-31,23,15,25,17,23,20,1.6,80,9.125,1013,54.75,25,17,20,122,176,176,0,5,12,météo favorable
2015-09-01,21,11,11,14,21,14,0.1,66,8.25,1018,57,22,14,19,116,116,116,0,5,12,météo correcte
2015-09-02,24,15,18,18,23,19,1.7,81,5.625,1014,42.125,26,20,23,116,116,143,0,4,13.2,météo favorable
2015-09-03,24,12,8,17,24,15,0,50,8,1018,2.125,26,17,24,113,113,113,0,4,13.1,météo favorable
2015-09-04,19,12,14,15,19,14,1.4,72,8.875,1019,36.375,20,14,19,113,116,116,0,5,13.1,météo favorable
2015-09-05,19,12,15,14,19,15,2.8,75,8.5,1014,68.75,20,14,17,176,176,116,0,3,9.4,météo défavorable
2015-09-06,26,14,15,17,26,20,3.8,73,9,1018,37.5,27,19,20,299,113,176,0,4,13,météo favorable
2015-09-07,21,18,19,19,20,21,0.9,94,9.875,1012,48.5,21,20,20,119,119,116,0,5,12,météo correcte
2015-09-08,23,16,5,19,23,18,0.3,76,8,1014,47.375,25,18,23,113,119,116,0,4,11.9,météo correcte
2015-09-09,24,15,27,20,24,18,6.2,91,9.125,1011,43.375,26,21,22,116,119,113,0,4,13,météo correcte
2015-09-10,21,11,10,15,21,13,0,54,9,1013,41.75,24,14,21,113,113,122,0,5,12.9,météo favorable
2015-09-11,20,10,13,15,20,11,0,64,10,1012,16.875,20,12,19,113,116,113,0,4,12.9,météo favorable
2015-09-12,21,9,4,14,21,14,1.4,72,6.875,1012,55.625,24,14,19,116,116,143,0,4,11.9,météo correcte
2015-09-13,17,12,21,13,16,13,6.4,94,9.375,1011,93.625,17,13,13,122,119,122,0,3,8,météo défavorable
2015-09-14,13,12,10,13,13,13,13.9,97,6.625,1014,90.375,14,13,13,200,143,248,0,3,8,météo défavorable
2015-09-15,23,10,21,14,23,16,0,72,7,1023,6.125,25,16,20,143,113,113,0,4,11.6,météo favorable
2015-09-16,15,7,14,15,15,8,0.3,68,7,1023,32.875,15,13,14,143,116,116,0,4,10.2,météo correcte
2015-09-17,18,6,14,9,18,11,1.4,71,7.75,1021,56.25,18,11,15,116,116,116,0,4,8.9,météo correcte
2015-09-18,15,8,16,10,15,9,2.3,70,7.5,1018,57.25,15,10,13,116,116,116,0,3,8.9,météo correcte
2015-09-19,15,7,14,9,15,9,0.8,66,8.25,1021,52.625,16,8,13,116,116,113,0,3,8.9,météo correcte
2015-09-20,16,7,15,10,16,9,0,62,9.5,1022,28.5,16,5,12,176,113,113,0,3,11.6,météo correcte
2015-09-21,19,5,10,11,19,8,0,61,10,1026,8.75,19,10,17,113,113,113,0,4,11.6,météo favorable
2015-09-22,19,7,13,12,19,9,0,62,10,1027,21.125,19,9,16,116,113,113,0,3,11.6,météo favorable
2015-09-23,20,6,15,11,20,13,0.2,68,10,1024,15,20,14,18,113,116,113,0,4,10.2,météo favorable
2015-09-24,17,5,11,10,17,7,0,43,10,1032,7.125,18,6,16,113,113,113,0,4,11.6,météo correcte
2015-09-25,14,4,8,8,14,6,0,51,10,1033,28.5,15,4,12,122,113,113,0,3,10.2,météo correcte
2015-09-26,14,2,8,7,14,5,0,49,10,1036,4.25,15,4,14,113,113,113,0,3,11.6,météo correcte
2015-09-27,18,4,19,8,18,12,0,72,10,1030,6.25,18,12,13,113,113,113,0,4,11.6,météo favorable
2015-09-28,17,7,18,11,16,17,4,94,9.5,1021,65,17,16,16,116,122,122,0,4,7.4,météo défavorable
2015-09-29,20,11,20,17,20,13,7.6,96,7,1016,90.25,20,18,18,248,122,119,0,4,5.9,météo défavorable
2015-09-30,11,5,22,9,8,6,3.9,83,9.125,1023,50.375,12,10,4,119,122,113,0,3,7.3,météo très défavorable
2015-10-01,13,3,13,5,13,5,0,52,10,1032,8.5,13,1,8,113,113,113,0,3,11.6,météo correcte
2015-10-02,10,2,18,4,10,3,0,60,10,1036,20,10,2,6,113,119,113,0,3,10.2,météo très défavorable
2015-10-03,10,2,24,4,10,3,0,52,10,1039,8.75,10,1,5,113,113,113,0,3,11.6,météo très défavorable
2015-10-04,15,1,8,6,15,6,0,52,10,1037,18.25,16,5,11,119,113,113,0,3,10.2,météo très défavorable
2015-10-05,13,3,7,9,13,6,0,63,10,1027,29.25,14,6,12,116,116,116,0,3,10.2,météo correcte
2015-10-06,15,3,14,8,15,7,0,58,10,1019,7.375,15,6,12,113,113,113,0,3,11.6,météo correcte
2015-10-07,14,4,17,8,14,8,0.5,79,9.875,1016,40.5,14,8,10,122,116,113,0,3,10.2,météo correcte
2015-10-08,10,2,12,3,10,4,0,51,10,1021,28.375,10,2,5,113,116,116,0,3,10.1,météo très défavorable
2015-10-09,4,1,15,4,4,4,4.4,95,8.5,1020,69.5,4,4,0,119,122,143,0,2,5.8,météo très défavorable
2015-10-10,7,-1,19,0,7,2,0,52,10,1018,20,7,0,1,113,113,116,0,2,11.5,météo très défavorable
2015-10-11,10,2,18,5,8,8,2.9,95,5.75,1011,100,10,9,3,122,143,143,0,2,5.7,météo très défavorable
2015-10-12,17,7,14,9,17,10,0,81,7,1006,40.75,17,14,12,116,116,113,0,3,8.7,météo correcte
2015-10-13,17,9,11,11,17,12,2.1,76,5.625,1002,41.25,17,12,15,143,113,248,0,3,11,météo correcte
2015-10-14,10,3,22,10,9,4,1.1,81,9.875,1008,74.25,10,10,5,122,122,116,0,2,5.6,météo très défavorable
2015-10-15,8,0,18,2,7,4,2.4,88,7.625,1009,71.625,8,6,2,119,122,248,0,2,4,météo très défavorable
2015-10-16,6,-1,14,5,6,1,0,79,7.75,1014,65.875,7,6,2,119,119,113,0,1,5.5,météo très défavorable
2015-10-17,4,-3,15,2,4,-2,1.1,66,8.25,1019,52.75,5,0,-1,122,122,113,0.9,2,7.1,météo très défavorable
2015-10-18,3,-3,22,-2,3,-3,0,40,10,1026,21.5,3,0,-4,113,116,113,0,2,8.7,météo très défavorable
2015-10-19,2,-4,21,-3,2,0,0.1,45,10,1028,49.375,2,0,-4,113,122,122,0,2,7.1,météo très défavorable
2015-10-20,9,-2,23,5,9,-1,0.1,90,10,1022,55.25,9,5,1,122,116,113,0,1,7.1,météo très défavorable
2015-10-21,6,-3,9,-2,6,-2,0,58,10,1028,6.25,7,0,1,113,113,113,0,2,8.7,météo très défavorable
2015-10-22,8,1,24,2,7,4,3.1,97,7.375,1024,77,8,7,5,122,248,116,0,1,5.5,météo très défavorable
2015-10-23,2,0,11,0,1,2,0,85,10,1021,34,2,0,-3,113,113,113,0,2,8.7,météo très défavorable
2015-10-24,8,1,15,2,8,3,2.1,77,9.125,1017,56.75,8,2,3,116,116,116,0.7,2,5.5,météo très défavorable
2015-10-25,7,0,21,6,7,1,6.2,97,8.5,1023,61,7,7,0,143,116,113,0,1,7.1,météo très défavorable
2015-10-26,4,-1,16,-1,4,-1,0,59,10,1033,12.125,4,0,-1,113,116,113,0,2,8.7,météo très défavorable
2015-10-27,6,-2,20,-1,6,1,0,69,10,1034,25.75,6,0,0,113,119,113,0,2,7.1,météo très défavorable
2015-10-28,8,-1,15,1,8,4,11,74,8.375,1034,42.875,8,4,2,113,116,122,0,2,7.1,météo très défavorable
2015-10-29,10,3,31,8,10,5,14.6,98,6.125,1004,78.625,10,10,5,143,143,116,0,2,3.8,météo très défavorable
2015-10-30,4,-1,32,2,4,-1,0,65,10,1017,41.75,4,2,-3,116,116,113,0,1,8.7,météo très défavorable
2015-10-31,5,-2,16,-1,5,0,0,72,10,1021,33.375,5,0,0,113,119,116,0,2,5.4,météo très défavorable
2015-11-01,5,1,8,2,3,5,3.7,97,8.125,1016,96.75,5,5,1,122,122,248,0,1,3.8,météo très défavorable
2015-11-02,8,2,16,4,8,3,0,85,8.5,1020,46.25,8,5,4,143,119,113,0,1,7,météo très défavorable
2015-11-03,8,3,10,3,8,5,4.2,91,6.625,1023,73.25,8,5,5,122,122,143,0,1,3.7,météo très défavorable
2015-11-04,10,3,5,3,10,3,0,80,8,1029,33,10,4,7,116,116,113,0,2,8.7,météo très défavorable
2015-11-05,11,3,7,3,11,7,0.2,89,10,1024,25.25,11,7,8,113,113,116,0,3,8.7,météo très défavorable
2015-11-06,16,8,41,9,14,13,6.2,95,6.625,1015,80,16,15,12,143,143,119,0,3,3.7,météo défavorable
2015-11-07,8,1,30,4,6,2,0,65,10,1013,51.125,8,5,0,116,119,116,0,1,5.4,météo très défavorable
2015-11-08,3,-2,25,-2,3,0,0,57,10,1023,25.5,3,0,-4,116,113,116,0,2,8.7,météo très défavorable
2015-11-09,6,0,19,1,6,3,0,85,10,1024,45,6,2,1,122,116,113,0,2,5.3,météo très défavorable
2015-11-10,9,0,6,1,9,3,0,93,7,1025,17.875,10,6,7,143,113,116,0,1,8.7,météo très défavorable
2015-11-11,7,2,18,4,7,3,0,81,10,1018,45.5,7,4,2,116,119,113,0,2,7,météo très défavorable
2015-11-12,5,2,13,3,5,5,5.7,91,9.5,1014,91.375,5,5,2,122,122,122,0,2,3.6,météo très défavorable
2015-11-13,7,4,15,6,7,5,3.7,95,5.625,996,92.25,7,6,3,248,122,119,0,2,3.6,météo très défavorable
2015-11-14,4,-1,22,0,4,0,0.2,74,9,1016,56.25,4,0,-3,116,122,113,0.2,2,3.6,météo très défavorable
2015-11-15,4,-2,18,-2,4,2,0.1,84,10,1017,57.125,4,1,-3,116,119,119,0,2,3.6,météo très défavorable
2015-11-16,4,-2,21,0,4,-2,0,66,10,1031,21.5,4,0,-4,113,116,113,0,2,8.7,météo très défavorable
2015-11-17,3,-3,5,-3,3,-2,0,77,10,1036,6.375,4,0,-2,113,113,113,0,2,8.7,météo très défavorable
2015-11-18,6,-2,14,-2,6,0,0,69,10,1035,15.25,6,0,-1,113,113,116,0,2,8.7,météo très défavorable
2015-11-19,6,1,11,2,4,5,8.3,96,7.5,1026,90.75,6,5,1,122,143,122,0,2,3.6,météo très défavorable
2015-11-20,7,0,18,6,7,1,11.3,93,7,1022,45.125,7,6,0,248,113,113,0,1,8.7,météo très défavorable
2015-11-21,3,-1,10,-1,3,1,0,78,9,1026,38.375,3,0,1,113,113,122,0,1,8.7,météo très défavorable
2015-11-22,4,-1,22,1,4,0,1.3,87,9.875,1015,69.375,4,1,-3,122,122,113,0,1,3.6,météo très défavorable
2015-11-23,-2,-6,17,-4,-2,-5,0,41,10,1018,14.5,0,0,-9,113,113,113,0,1,8.7,météo très défavorable
2015-11-24,-3,-8,11,-8,-3,-5,0,45,10,1032,10.75,0,0,-10,113,113,113,0,2,8.7,météo très défavorable
2015-11-25,-1,-7,10,-7,-1,-4,0,65,10,1041,12.625,0,0,-6,113,113,116,0,2,8.7,météo très défavorable
2015-11-26,6,-3,18,-2,6,2,1.3,90,8.875,1038,58.125,6,2,-1,116,116,143,0,2,6.9,météo très défavorable
2015-11-27,8,1,21,5,8,2,13,96,7.375,1025,97,8,7,3,122,122,119,2.4,1,3.4,météo très défavorable
2015-11-28,-1,-4,10,-3,-1,-4,0,84,10,1028,16.25,0,0,-7,113,113,113,0,2,8.7,météo très défavorable
2015-11-29,-3,-7,12,-5,-3,-7,0.1,70,9.375,1034,35.5,0,0,-10,119,116,113,0.1,2,6.9,météo très défavorable
2015-11-30,-5,-9,11,-9,-5,-7,0,54,10,1035,23.25,0,0,-11,119,113,113,0,2,8.5,météo très défavorable
2015-12-01,-1,-7,4,-7,-2,-1,0.2,84,8.875,1028,41.375,0,0,-4,116,113,122,0,2,8.5,météo très défavorable
2015-12-02,2,0,5,1,2,1,3.9,99,5.25,1014,99.5,2,2,0,122,248,248,0,1,3.2,météo très défavorable
2015-12-03,1,-1,6,1,0,0,8.1,98,5.75,1013,98.5,2,1,-1,296,296,296,0,1,3.2,météo très défavorable
2015-12-04,1,-3,23,-2,-1,0,0.7,96,5,1029,80.25,1,0,-8,143,122,119,0.6,1,3.2,météo très défavorable
2015-12-05,2,-2,15,-1,2,1,0.2,98,4.5,1034,69.375,2,1,-3,143,119,248,0,1,3.2,météo très défavorable
2015-12-06,1,-1,14,-1,1,1,0.1,97,5.25,1032,82.25,1,1,-3,260,122,119,0,1,3.2,météo très défavorable
2015-12-07,2,-3,18,-1,2,-3,0,90,9,1023,42.25,2,0,-4,119,119,113,0,1,6.9,météo très défavorable
2015-12-08,0,-4,9,-4,0,-2,0,88,10,1024,46.875,0,0,-5,119,116,119,0,2,6.8,météo très défavorable
2015-12-09,1,-3,7,-3,1,-1,0,93,10,1021,50.625,2,0,-3,119,116,116,0,2,6.8,météo très défavorable
2015-12-10,2,-1,7,0,2,2,0.8,99,4,1014,100,2,2,0,122,248,248,0,1,3.1,météo très défavorable
2015-12-11,4,1,7,2,4,2,2.7,98,3.25,1012,87.75,4,3,2,143,143,248,0,1,5,météo très défavorable
2015-12-12,4,0,14,2,4,1,0,89,6.75,1021,51.25,4,3,-2,143,116,116,0,1,8.4,météo très défavorable
2015-12-13,3,-1,8,-1,3,0,0,72,10,1026,30,3,0,0,113,116,119,0,2,8.4,météo très défavorable
2015-12-14,2,-1,18,-1,0,0,10.5,97,6.625,1020,98.875,2,1,-5,122,122,122,2,1,3.1,météo très défavorable
2015-12-15,2,-5,19,0,-1,-3,13.7,96,6.625,1012,90,2,2,-6,122,122,119,7.3,1,3.1,météo très défavorable
2015-12-16,-1,-6,4,-6,-1,-5,0,92,7,1023,32.375,0,0,-5,143,113,116,0,1,8.3,météo très défavorable
2015-12-17,1,-5,8,-2,1,1,8.8,96,8,1019,84.375,2,1,-2,122,143,302,0,2,3.1,météo très défavorable
2015-12-18,-7,-12,13,-12,-7,-12,2,91,7.125,1017,71.125,0,0,-15,122,122,116,1.2,1,3.1,météo très défavorable
2015-12-19,-8,-13,10,-13,-8,-11,0.9,95,6,1018,60.375,0,0,-14,116,119,119,0,2,6.8,météo très défavorable
2015-12-20,-7,-13,9,-13,-7,-11,0.3,92,6.125,1020,65.25,0,0,-14,116,119,116,0,2,5,météo très défavorable
2015-12-21,-2,-7,3,-5,-3,-2,10.9,98,6,1024,94.25,0,0,-3,122,122,338,9.3,2,3.1,météo très défavorable
2015-12-22,1,-3,15,-3,0,1,5.6,98,5.625,1018,100,1,1,-7,122,122,248,0.4,1,3.3,météo très défavorable
2015-12-23,2,-1,14,0,2,1,0,100,4.5,1024,78.875,2,2,-3,143,248,116,0,1,5.1,météo très défavorable
2015-12-24,9,2,31,3,5,4,12.6,97,7.375,1014,64.625,9,7,2,122,143,113,0,1,5.1,météo très défavorable
2015-12-25,2,0,14,1,2,0,0,94,7.875,1026,36.75,2,1,-3,113,116,143,0,2,8.7,météo très défavorable
2015-12-26,0,-3,22,-3,0,-2,0,85,10,1033,28.5,0,0,-5,113,116,119,0,2,8.7,météo très défavorable
2015-12-27,-2,-9,20,-4,-4,-8,7.9,96,6,1027,92.875,0,0,-11,122,122,143,6.7,1,3.3,météo très défavorable
2015-12-28,-6,-12,15,-8,-6,-10,0.7,95,7.125,1028,69.125,0,0,-14,122,119,116,0,1,5.1,météo très défavorable
2015-12-29,-10,-12,27,-12,-11,-11,9.7,98,6.125,1035,97.75,0,0,-20,122,122,122,8,1,3.3,météo très défavorable
2015-12-30,-4,-10,10,-9,-6,-5,1.5,96,4.75,1028,100,0,0,-12,122,143,143,1.3,1,3.3,météo très défavorable
2015-12-31,-3,-6,10,-6,-3,-5,0,98,1.75,1017,82.5,0,0,-9,260,143,260,0,1,5.1,météo très défavorable
2016-01-01,-3,-10,12,-10,-5,-3,0.1,97,3.125,1011,65.75,0,0,-12,143,143,332,0.1,1,3.3,météo très défavorable
2016-01-02,-4,-8,27,-7,-4,-4,1.3,95,6.75,1007,89.75,0,0,-13,122,122,122,0.7,1,3.3,météo très défavorable
2016-01-03,-3,-16,8,-4,-3,-8,6,98,1.125,1021,93.75,0,0,-8,260,260,338,5.1,1,3.3,météo très défavorable
2016-01-04,-8,-15,15,-14,-8,-8,2.6,95,5.875,1017,78.75,0,0,-16,119,122,311,1.4,1,3.3,météo très défavorable
2016-01-05,-15,-23,14,-21,-17,-18,0,97,4.5,1036,35.625,0,0,-26,143,119,116,0,1,6.9,météo très défavorable
2016-01-06,-7,-13,18,-11,-7,-7,0.5,96,8.375,1028,78.5,0,0,-16,119,119,329,0.5,1,3.3,météo très défavorable
2016-01-07,-4,-9,8,-8,-4,-8,0.1,99,3.25,1026,87.25,0,0,-9,260,143,260,0.1,1,3.3,météo très défavorable
2016-01-08,-1,-7,12,-6,-1,-3,0,95,5,1027,50.25,0,0,-7,143,116,119,0,1,5.1,météo très défavorable
2016-01-09,0,-4,10,-4,-1,-1,1.8,96,4.75,1024,84.125,0,0,-6,143,143,143,0,1,5.1,météo très défavorable
2016-01-10,5,0,33,0,2,3,16.9,100,5.5,1020,93.75,5,5,-4,143,122,119,0,1,3.3,météo très défavorable
2016-01-11,1,-14,35,-6,-10,-14,1.2,77,5.625,1012,97.375,1,0,-22,122,230,122,0,1,3.3,météo très défavorable
2016-01-12,-8,-16,14,-16,-11,-9,1.1,93,8,1017,68.625,0,0,-16,116,122,122,1,2,5.1,météo très défavorable
2016-01-13,-7,-13,19,-9,-7,-12,2.1,97,5.125,1008,91.625,0,0,-16,260,122,122,1.8,1,3.3,météo très défavorable
2016-01-14,-13,-18,12,-18,-13,-15,0,89,10,1014,22,0,0,-22,116,113,113,0,2,8.7,météo très défavorable
2016-01-15,-9,-17,7,-17,-11,-11,0,83,10,1018,27.125,0,0,-18,113,116,116,0,2,8.7,météo très défavorable
2016-01-16,-5,-8,19,-8,-5,-7,1.9,97,5.75,1008,98.375,0,0,-13,122,122,143,1.6,1,3.4,météo très défavorable
2016-01-17,-6,-15,15,-11,-11,-15,0.1,96,3.5,1011,54.375,0,0,-18,260,116,143,0.1,1,8.7,météo très défavorable
2016-01-18,-8,-15,15,-12,-8,-12,0.4,94,7.125,1006,96.625,0,0,-17,122,143,122,0.4,1,3.4,météo très défavorable
2016-01-19,-9,-15,29,-15,-11,-9,0.6,90,7.75,1007,83.25,0,0,-24,122,122,116,0.3,1,3.4,météo très défavorable
2016-01-20,-9,-12,24,-11,-9,-12,0,90,10,1016,36.125,0,0,-19,113,119,113,0,1,6.9,météo très défavorable
2016-01-21,-11,-14,18,-14,-11,-13,0,87,10,1020,17.25,0,0,-21,116,113,113,0,2,8.7,météo très défavorable
2016-01-22,-9,-14,12,-13,-9,-13,0,93,8,1025,18.625,0,0,-17,113,119,143,0,2,6.9,météo très défavorable
2016-01-23,-8,-17,8,-17,-8,-13,0,96,5,1026,6.5,0,0,-15,143,113,143,0,2,8.7,météo très défavorable
2016-01-24,-8,-16,10,-16,-8,-11,0,94,4.75,1017,53,0,0,-15,113,119,143,0,1,5.2,météo très défavorable
2016-01-25,-6,-12,9,-12,-6,-8,0,99,3,1024,54.375,0,0,-12,260,119,143,0,1,6.9,météo très défavorable
2016-01-26,1,-10,9,-7,-2,1,3.9,98,4.5,1017,79.5,1,1,-6,116,260,122,3.3,1,3.5,météo très défavorable
2016-01-27,0,-15,13,-9,-9,-13,0.4,95,5.125,1017,49.75,0,0,-17,143,116,143,0.3,1,7,météo très défavorable
2016-01-28,-5,-15,6,-12,-6,-5,1.2,97,3.5,1017,93.875,0,0,-10,143,122,143,1.1,1,3.5,météo très défavorable
2016-01-29,-1,-7,9,-5,-1,-6,0.8,98,2.625,1004,92.625,0,0,-7,143,143,260,0.7,1,3.5,météo très défavorable
2016-01-30,-6,-10,14,-10,-8,-8,0.7,97,4,1013,74.875,0,0,-14,143,122,143,0.6,1,3.5,météo très défavorable
2016-01-31,1,-4,15,-1,1,1,0.6,100,4,1007,99.5,1,1,-4,122,122,248,0.3,1,3.5,météo très défavorable
2016-02-01,3,-11,35,3,0,-7,6.2,99,8,1017,59.625,3,3,-11,122,116,113,0,1,7,météo très défavorable
2016-02-02,-10,-16,12,-16,-10,-13,0,92,9,1032,14,0,0,-18,113,116,113,0,1,8.7,météo très défavorable
2016-02-03,2,-12,18,-8,-3,1,12.2,99,7.125,1030,87.375,2,2,-11,122,122,248,5.3,2,3.5,météo très défavorable
2016-02-04,1,-8,19,-1,1,-4,1.8,99,5.375,1021,75,2,2,-5,119,122,143,0.3,1,3.5,météo très défavorable
2016-02-05,-6,-13,9,-13,-6,-12,0,95,5,1024,24.75,0,0,-11,143,119,143,0,1,7,météo très défavorable
2016-02-06,-3,-13,12,-12,-6,-6,1.5,96,4.125,1023,87.75,0,0,-13,143,122,260,1.3,1,3.6,météo très défavorable
2016-02-07,-3,-16,11,-14,-12,-16,0.7,90,9.375,1028,26,0,0,-22,113,113,113,0.6,1,8.7,météo très défavorable
2016-02-08,-9,-15,24,-14,-9,-10,0,91,10,1025,42.375,0,0,-20,113,113,122,0,2,8.7,météo très défavorable
2016-02-09,-8,-12,16,-10,-8,-10,1.9,95,5.375,1013,100,0,0,-16,122,122,143,1.7,1,3.8,météo très défavorable
2016-02-10,-7,-16,7,-13,-7,-9,0.2,97,4.625,1003,90.875,0,0,-10,122,122,143,0.2,1,3.9,météo très défavorable
2016-02-11,-12,-19,19,-17,-12,-17,0.4,94,4.375,1014,92,0,0,-22,260,122,119,0.3,1,3.9,météo très défavorable
2016-02-12,-15,-25,11,-25,-18,-17,0.2,96,7.375,1019,71.75,0,0,-29,143,122,143,0.2,2,3.9,météo très défavorable
2016-02-13,-13,-23,21,-15,-19,-21,2,95,5.125,1022,96.375,0,0,-30,260,122,122,1.7,1,3.9,météo très défavorable
2016-02-14,-22,-29,22,-29,-23,-23,0,93,10,1031,83.25,0,0,-38,119,122,122,0,1,4,météo très défavorable
2016-02-15,-13,-26,8,-25,-16,-15,0.1,96,5.5,1034,45.625,0,0,-27,143,116,113,0,1,8.7,météo très défavorable
2016-02-16,2,-11,17,-7,-1,2,14.2,100,5,1022,100,2,2,-7,260,122,122,4.5,1,4,météo très défavorable
2016-02-17,-2,-11,12,-8,-5,-11,0.5,93,8,1019,70.125,0,0,-11,116,119,143,0.4,1,5.6,météo très défavorable
2016-02-18,-6,-16,9,-13,-11,-16,0.5,96,3.5,1035,54.875,0,0,-18,143,119,143,0.4,1,7.1,météo très défavorable
2016-02-19,-6,-17,8,-16,-8,-8,0,92,7,1034,41.375,0,0,-15,143,119,122,0,1,7.1,météo très défavorable
2016-02-20,1,-4,14,-2,1,0,10.1,100,2.375,1013,100,1,1,-4,143,248,260,5.5,1,4,météo très défavorable
2016-02-21,0,-18,18,-2,-2,-13,0.2,92,5.875,1020,53.625,0,0,-12,119,122,143,0.2,1,7.1,météo très défavorable
2016-02-22,-13,-22,10,-22,-13,-19,0,93,3.75,1031,2.375,0,0,-20,260,113,260,0,1,8.7,météo très défavorable
2016-02-23,-8,-24,6,-21,-9,-9,0.3,93,5.25,1034,33,0,0,-15,260,113,122,0.3,1,8.7,météo très défavorable
2016-02-24,0,-8,21,-6,0,-1,11.5,98,2.875,1028,94.875,0,0,-6,143,260,122,2.6,1,4.1,météo très défavorable
2016-02-25,1,-2,11,1,1,0,18.7,100,5.625,1000,97.25,1,1,-2,122,248,260,0.9,1,4.1,météo très défavorable
2016-02-26,-4,-15,24,-10,-11,-14,0.1,85,9.375,1014,52.5,0,0,-20,116,116,116,0.1,2,7.2,météo très défavorable
2016-02-27,-2,-18,31,-18,-7,-3,5.5,95,2.125,1015,79.5,0,0,-19,260,122,230,0,1,4.1,météo très défavorable
2016-02-28,-3,-15,9,-15,-9,-10,2.8,90,7.375,1014,83.625,0,0,-18,119,122,260,2.3,1,4.1,météo très défavorable
2016-02-29,-2,-10,14,-8,-3,-3,12.8,99,5.375,1003,97.75,0,0,-9,122,143,122,10.8,1,4.1,météo très défavorable
2016-03-01,-7,-20,17,-20,-15,-16,0.2,92,9.375,1023,47.5,0,0,-27,113,113,122,0.2,1,8.7,météo très défavorable
2016-03-02,-8,-18,20,-12,-9,-17,12.2,96,5.75,1014,79.125,0,0,-19,122,143,113,2.5,1,4.2,météo très défavorable
2016-03-03,-18,-24,26,-24,-19,-20,0.1,90,9.375,1026,55.375,0,0,-34,113,122,326,0.1,2,5.7,météo très défavorable
2016-03-04,-13,-27,7,-24,-13,-27,0,96,5,1027,27.875,0,0,-20,260,113,113,0,1,8.7,météo très défavorable
2016-03-05,-8,-25,7,-20,-8,-17,0.1,97,3.125,1026,40.625,0,0,-14,260,116,260,0.1,1,8.7,météo très défavorable
2016-03-06,-6,-14,11,-13,-6,-9,0,97,0.75,1025,61.5,0,0,-11,260,143,260,0,1,8.7,météo très défavorable
2016-03-07,0,-7,22,-4,-1,0,2.5,99,5.75,1019,90.5,0,0,-8,143,122,122,2,1,4.2,météo très défavorable
2016-03-08,-1,-8,6,-8,-1,-8,0,96,4.5,1023,34.5,0,0,-5,260,113,143,0,1,8.7,météo très défavorable
2016-03-09,2,-2,9,0,1,2,9.5,100,2.875,1017,98.75,2,2,-1,260,248,248,0,1,4.3,météo très défavorable
2016-03-10,1,-1,12,0,1,0,0.1,99,0.75,1018,70.75,2,2,-2,143,248,143,0,1,4.3,météo très défavorable
2016-03-11,-1,-7,15,-4,-1,-6,0,95,2.5,1026,40.875,0,0,-7,260,143,143,0,1,8.7,météo très défavorable
2016-03-12,1,-8,22,-4,0,1,0.3,98,5.75,1026,70.25,1,1,-6,260,119,122,0.1,1,4.3,météo très défavorable
2016-03-13,0,-7,15,-5,0,-7,0,88,8.75,1027,7.25,1,0,-8,113,113,260,0,2,8.7,météo très défavorable
2016-03-14,0,-7,15,-6,0,-1,0.5,89,9,1027,51.75,0,0,-7,113,122,122,0.4,2,10.2,météo très défavorable
2016-03-15,1,-1,5,0,1,1,0,100,0.5,1017,100,2,2,-1,260,248,248,0,1,6,météo très défavorable
2016-03-16,2,-1,10,0,2,0,0.1,100,2.25,1016,64.875,3,2,-1,143,248,143,0,1,7.4,météo très défavorable
2016-03-17,-1,-5,12,-2,-4,-4,8.3,98,2.5,1010,97.625,0,0,-8,143,260,260,7,1,6,météo très défavorable
2016-03-18,-3,-12,17,-7,-3,-11,0.7,89,5.875,1015,75.5,0,0,-11,143,122,113,0.6,1,7.4,météo très défavorable
2016-03-19,-8,-14,20,-14,-8,-11,0.1,86,10,1023,47,0,0,-19,122,116,113,0,1,10.2,météo très défavorable
2016-03-20,-6,-17,7,-14,-6,-17,0,94,4.5,1026,5.125,0,0,-10,113,113,260,0,1,11.6,météo très défavorable
2016-03-21,-2,-17,6,-8,-3,-7,0.3,93,7,1014,47.5,0,0,-4,116,122,143,0.3,2,10.5,météo très défavorable
2016-03-22,-5,-14,23,-14,-7,-7,0.2,92,7.375,1014,40,0,0,-18,113,116,143,0.2,2,12.6,météo très défavorable
2016-03-23,-5,-15,14,-8,-6,-15,0.2,88,6.125,1026,41.125,0,0,-13,113,113,260,0.2,1,12.6,météo très défavorable
2016-03-24,-5,-15,11,-12,-6,-6,4.4,93,7.125,1029,73.75,0,0,-10,122,122,122,0.2,2,7.9,météo très défavorable
2016-03-25,-1,-10,17,-5,-3,-5,11.6,98,4.875,1020,86,0,0,-9,122,122,143,8.7,1,7.9,météo très défavorable
2016-03-26,-4,-16,7,-9,-4,-13,0,94,5.25,1030,27.5,0,0,-9,113,113,260,0,1,12.7,météo très défavorable
2016-03-27,2,-13,3,-3,2,-2,0,99,4,1029,64.375,2,2,1,122,248,260,0,2,9.3,météo très défavorable
2016-03-28,2,-5,14,1,2,0,11.1,100,5.875,1016,69.375,2,2,-3,116,122,248,0,2,9.3,météo très défavorable
2016-03-29,0,-6,24,-1,0,-6,0.2,91,8.625,1020,42.875,0,0,-7,119,113,113,0.2,1,12.8,météo très défavorable
2016-03-30,2,-9,18,-6,1,-1,0,98,8,1021,37.125,2,0,-6,116,116,116,0,1,12.8,météo très défavorable
2016-03-31,4,0,4,1,2,3,19.1,100,4.125,1009,92.375,4,4,1,248,248,248,0,1,8.1,météo très défavorable
2016-04-01,8,2,19,8,6,3,6.2,97,3.125,999,90.375,8,8,2,122,248,248,0,2,8.1,météo très défavorable
2016-04-02,3,-4,7,-2,2,-1,0,83,7.75,1002,49.75,3,0,-1,116,122,260,0,1,9.4,météo très défavorable
2016-04-03,-7,-16,30,-12,-11,-14,0,84,10,1015,50.25,0,0,-21,113,122,122,0,2,10.7,météo très défavorable
2016-04-04,-9,-18,12,-16,-10,-16,0.1,81,7.625,1023,21.25,0,0,-19,113,116,143,0.1,2,13,météo très défavorable
2016-04-05,-9,-17,15,-15,-10,-13,0.1,83,7.625,1029,42.875,0,0,-19,113,116,122,0.2,1,13.1,météo très défavorable
2016-04-06,-2,-16,13,-10,-2,-5,2,88,4.25,1026,67.25,0,0,-11,116,119,260,1.7,1,9.4,météo très défavorable
2016-04-07,3,-4,17,-2,0,2,9.9,100,5,1012,97.125,3,3,-5,260,122,122,3.5,1,8.2,météo très défavorable
2016-04-08,2,-6,18,1,0,-4,3.1,98,6.875,1004,83.625,2,1,-5,122,122,143,2.5,1,10.7,météo très défavorable
2016-04-09,-5,-11,16,-8,-5,-11,0.2,88,6.375,1018,48.25,0,0,-11,116,116,143,0.1,1,13.2,météo très défavorable
2016-04-10,-5,-16,19,-13,-6,-8,0.1,88,8,1026,16.75,0,0,-15,113,113,116,0,1,13.2,météo très défavorable
2016-04-11,1,-17,13,-6,-1,0,5.4,99,6.5,1025,92.5,1,1,-8,122,143,248,1.5,1,8.3,météo très défavorable
2016-04-12,2,0,18,2,2,1,12.3,99,6.625,1018,70.25,2,2,-3,248,182,182,0,1,12,météo très défavorable
2016-04-13,5,-2,15,0,5,1,1.8,81,8.125,1018,56.875,5,1,0,119,119,119,1,1,13.3,météo très défavorable
2016-04-14,5,-2,16,0,5,1,1.5,78,7.375,1021,58.625,5,0,0,119,116,116,0.8,1,12.1,météo très défavorable
2016-04-15,6,-4,13,-1,6,0,1.4,80,8.375,1024,58.875,6,1,1,116,116,116,0,2,12.1,météo très défavorable
2016-04-16,5,-2,17,0,5,3,3.9,83,7.625,1022,54.875,6,2,0,119,119,119,0,1,13.3,météo très défavorable
2016-04-17,6,0,18,2,6,1,3.1,85,7.25,1017,59.625,6,2,2,119,119,119,1.2,1,13.3,météo très défavorable
2016-04-18,5,-2,12,1,5,1,1.2,81,6.75,1018,58.5,5,1,2,119,119,116,0,2,12.2,météo très défavorable
2016-04-19,7,0,15,2,7,3,1.3,78,7.875,1018,62.375,7,2,2,116,116,116,0,1,12.2,météo très défavorable
2016-04-20,7,0,14,3,7,3,3.4,78,7.5,1020,60.125,7,2,3,116,119,176,0,1,13.3,météo très défavorable
2016-04-21,13,-1,11,4,13,4,0,70,10,1020,10,13,4,7,113,113,113,0,3,14,météo très défavorable
2016-04-22,8,5,6,7,7,5,3.8,96,6.25,1012,98.75,8,8,7,122,122,248,0,2,8.8,météo très défavorable
2016-04-23,6,-3,19,2,6,-1,0,78,9,1020,20.25,6,3,0,113,113,113,0,1,14,météo très défavorable
2016-04-24,6,-4,24,-1,6,1,0.2,46,10,1021,18.5,6,0,1,113,116,116,0,2,13.4,météo très défavorable
2016-04-25,3,-7,15,-3,2,-7,0,61,10,1019,11.125,3,0,-4,113,116,113,0,2,14.1,météo très défavorable
2016-04-26,3,-8,12,-4,2,-1,0,65,10,1017,29.375,4,0,0,113,113,116,0,2,13.4,météo très défavorable
2016-04-27,0,-9,20,-5,0,-9,0.1,55,9.625,1015,38.75,0,0,-7,113,122,116,0.1,2,12.2,météo très défavorable
2016-04-28,0,-9,17,-4,0,-8,0.1,67,9.875,1024,24.625,0,0,-6,113,119,113,0,2,12.2,météo très défavorable
2016-04-29,5,-9,9,-2,4,-1,0,70,10,1024,4.75,5,0,1,113,113,113,0,2,14.2,météo très défavorable
2016-04-30,9,-4,9,2,9,0,0,62,9,1026,10.875,9,2,6,113,113,143,0,2,14.2,météo très défavorable
2016-05-01,10,-2,10,5,10,3,0.4,70,9,1024,39,11,5,7,113,116,119,0,2,12.3,météo très défavorable
2016-05-02,7,2,17,6,7,3,1.5,84,7.875,1019,89.125,7,4,3,116,122,143,0,1,10.1,météo très défavorable
2016-05-03,10,0,8,5,9,4,0.1,70,7,1015,43.5,10,3,8,116,122,113,0,1,12.3,météo très défavorable
2016-05-04,10,1,17,6,10,6,0,63,8,1013,25.75,10,4,8,116,119,113,0,2,13.4,météo très défavorable
2016-05-05,13,2,19,8,13,8,0,55,9,1014,11.875,13,3,10,113,113,113,0,3,14.5,météo correcte
2016-05-06,18,3,9,8,18,9,0,41,10,1013,1.625,20,5,15,113,113,113,0,4,14.5,météo favorable
2016-05-07,18,7,12,10,18,11,4,66,9.625,1011,55.25,18,11,16,122,119,113,0,4,11.4,météo correcte
2016-05-08,11,-1,21,9,7,0,6.9,94,6.75,1007,81.625,11,9,-1,143,122,116,0.1,2,10.3,météo très défavorable
2016-05-09,5,-3,31,0,5,3,0.2,58,8.75,1015,60.5,5,0,-3,122,122,116,0,2,11.4,météo très défavorable
2016-05-10,12,0,18,6,12,4,0,58,10,1021,14.25,12,3,8,116,113,113,0,3,14.5,météo très défavorable
2016-05-11,15,1,16,8,15,7,0,48,10,1022,8.125,15,3,11,113,113,113,0,3,14.5,météo très défavorable
2016-05-12,21,4,12,12,21,10,0,58,10,1021,5.875,24,12,19,113,113,113,0,4,14.5,météo favorable
2016-05-13,23,9,14,15,23,13,2.1,84,8.5,1012,50,24,13,15,113,116,248,0,4,12.5,météo favorable
2016-05-14,18,10,11,13,18,13,3.7,70,7,1004,66.875,18,12,16,116,116,122,0,3,13.5,météo défavorable
2016-05-15,9,0,19,6,8,2,9.8,96,6,1001,97.125,9,9,2,248,122,122,0.4,2,9.4,météo très défavorable
2016-05-16,5,0,26,1,5,4,0.9,81,7.375,1012,83.625,5,2,-2,122,119,119,0.4,1,9.4,météo très défavorable
2016-05-17,11,1,15,4,9,5,0.2,68,10,1020,66.25,11,4,6,122,119,116,0,2,11.5,météo très défavorable
2016-05-18,10,1,6,7,9,10,0,83,7.625,1022,34.25,11,8,8,116,116,116,0,2,14.5,météo très défavorable
2016-05-19,16,7,14,11,16,11,1.8,68,8.375,1016,63.375,16,9,13,116,116,116,0,4,12.5,météo correcte
2016-05-20,16,6,14,10,16,11,1.2,67,8.625,1015,55.5,16,8,13,119,116,113,0,4,12.5,météo correcte
2016-05-21,17,6,15,12,17,12,0.5,59,9,1016,50.5,18,8,15,116,113,116,0,4,12.5,météo correcte
2016-05-22,20,9,17,14,20,11,0.9,54,9.875,1014,29.125,20,11,18,116,113,113,0,3,14.5,météo favorable
2016-05-23,22,6,6,15,22,12,0,47,10,1015,0.5,26,13,24,113,113,113,0,4,14.5,météo favorable
2016-05-24,26,7,6,20,26,15,0,46,10,1014,2.5,27,13,26,113,113,113,0,5,14.5,météo favorable
2016-05-25,21,10,19,17,21,13,1.9,74,7.75,1017,20.25,21,16,19,116,200,113,0,4,14.5,météo correcte
2016-05-26,13,8,11,9,10,13,0,81,10,1019,11,13,7,9,113,113,113,0,4,14.5,météo correcte
2016-05-27,22,13,16,14,20,19,11.5,88,9.25,1019,50.375,24,19,16,116,119,356,0,5,12.6,météo correcte
2016-05-28,23,12,14,21,23,14,12.6,66,9,1023,38.875,25,17,19,356,116,119,0,4,13.6,météo correcte
2016-05-29,19,11,13,13,18,16,7,83,8.625,1023,69.5,20,17,18,119,122,119,0,5,10.8,météo défavorable
2016-05-30,22,15,23,17,22,18,9.9,91,7.5,1014,59.625,25,20,19,143,116,113,0,4,12.6,météo correcte
2016-05-31,17,8,12,12,17,12,2.1,72,8,1016,61,17,10,14,119,116,116,0,3,11.7,météo correcte
2016-06-01,19,11,10,14,19,13,1.2,56,9.75,1023,17.5,19,10,19,113,113,113,0,3,14.5,météo favorable
2016-06-02,17,11,8,14,17,15,9.1,95,9.125,1021,87.875,17,14,15,122,122,302,0,4,9.9,météo défavorable
2016-06-03,21,13,15,15,21,17,2.3,90,6.75,1015,58.125,21,17,18,143,113,116,0,4,12.7,météo correcte
2016-06-04,21,10,7,17,21,16,0.4,59,8.875,1016,25.5,24,13,21,113,116,113,0,4,14.5,météo favorable
2016-06-05,20,11,23,17,18,14,18.6,94,9.125,1014,57.625,20,15,16,113,122,122,0,5,11.7,météo très défavorable
2016-06-06,18,12,24,13,18,14,5.3,97,7.375,999,71.125,18,17,15,248,116,116,0,3,11.7,météo défavorable
2016-06-07,18,9,17,14,18,14,3.4,82,7.25,999,40.125,18,15,17,116,116,143,0,3,14.5,météo favorable
2016-06-08,14,8,18,11,13,10,0.2,72,7.5,999,71.125,14,10,11,119,116,119,0,3,11.7,météo défavorable
2016-06-09,10,6,19,7,10,7,2.6,92,8.625,1007,79.875,10,7,4,119,119,143,0,2,9.9,météo défavorable
2016-06-10,12,6,9,7,8,12,6.1,94,8.375,1014,56.375,13,11,6,296,296,116,0,2,12.7,météo défavorable
2016-06-11,17,6,8,12,15,12,0.6,88,5.5,1014,79.5,17,12,13,122,116,116,0,3,11.8,météo défavorable
2016-06-12,11,8,18,10,9,10,7.8,94,5.25,1005,91.875,11,11,5,122,122,143,0,2,9.9,météo défavorable
2016-06-13,16,7,12,13,14,9,2.1,88,6.25,1008,58.5,16,11,11,113,122,143,0,3,11.8,météo correcte
2016-06-14,21,6,15,13,21,14,0.3,53,8,1010,15.75,24,11,18,113,113,113,0,3,14.5,météo favorable
2016-06-15,15,8,6,9,10,15,0.1,84,9.5,1016,23.625,15,11,9,113,113,116,0,4,14.5,météo correcte
2016-06-16,19,9,9,14,19,15,5.7,77,8.375,1016,62.625,19,14,18,116,356,116,0,4,11.8,météo correcte
2016-06-17,22,9,9,18,22,14,0.1,53,10,1019,9.625,24,11,21,113,113,113,0,5,14.5,météo favorable
2016-06-18,24,7,15,19,24,19,0,62,10,1022,6.25,26,17,23,113,113,113,0,5,14.5,météo favorable
2016-06-19,26,12,18,18,24,22,1.1,74,9.875,1021,19.5,28,21,22,113,116,113,0,5,14.5,météo favorable
2016-06-20,27,17,24,19,27,23,9.4,68,8.125,1017,19.875,29,20,24,113,113,113,0,5,14.5,météo correcte
2016-06-21,18,9,21,15,18,15,0.8,64,8.875,1007,18.625,18,17,18,113,116,113,0,4,14.5,météo favorable
2016-06-22,17,5,12,15,17,14,5.1,84,9.625,1010,25.375,18,14,17,116,113,113,0,4,14.5,météo correcte
2016-06-23,18,6,17,13,18,13,1.1,60,9.75,1014,21.875,18,10,17,113,116,113,0,4,14.5,météo favorable
2016-06-24,19,5,15,13,19,15,0,61,10,1019,4.875,19,13,18,113,113,113,0,4,14.5,météo favorable
2016-06-25,24,10,14,18,24,18,0.2,65,10,1020,7.875,26,17,23,113,113,113,0,5,14.5,météo favorable
2016-06-26,26,12,14,21,26,21,0,61,10,1021,20.625,28,19,25,116,113,113,0,5,14.5,météo favorable
2016-06-27,23,17,22,21,22,20,3.4,84,9.625,1013,48.25,25,19,22,116,122,116,0,6,11.8,météo correcte
2016-06-28,24,16,12,19,24,19,2.8,79,6.375,1012,69.125,26,18,22,143,116,119,0,4,12.7,météo défavorable
2016-06-29,20,11,10,15,20,14,9.2,91,5,1012,83.875,20,16,17,248,200,143,0,4,11.8,météo défavorable
2016-06-30,23,11,16,16,23,19,0,59,7.75,1014,30.5,25,16,21,113,113,113,0,4,14.5,météo favorable
2016-07-01,25,11,10,19,25,18,3.6,60,8.5,1015,30.375,26,16,24,113,116,119,0,5,13.6,météo favorable
2016-07-02,16,9,24,15,16,12,3.1,97,8.75,1010,84.125,16,14,12,122,122,116,0,3,10.8,météo défavorable
2016-07-03,20,8,24,13,20,15,3.2,70,9.5,1011,18.125,20,13,17,113,113,116,0,4,14.5,météo favorable
2016-07-04,21,10,19,16,21,19,4.1,86,7.25,1012,29.375,24,19,21,116,113,113,0,4,14.5,météo favorable
2016-07-05,24,12,15,17,24,18,4.4,88,8.375,1008,44.5,25,17,19,122,113,122,0,4,12.7,météo favorable
2016-07-06,21,11,15,17,21,16,0,70,8,1011,45.25,24,15,20,116,116,122,0,4,13.6,météo favorable
2016-07-07,15,12,14,14,15,14,18.2,98,7.75,1011,65.25,15,14,13,122,119,116,0,3,11.7,météo très défavorable
2016-07-08,20,9,13,14,19,14,0,72,7.5,1014,46.25,20,13,18,119,113,113,0,3,13.5,météo favorable
2016-07-09,16,10,17,14,15,13,2.9,85,6.25,1013,64.25,16,13,13,116,119,122,0,3,11.6,météo correcte
2016-07-10,15,6,14,12,14,12,2.8,94,5.625,1015,86,15,13,12,248,122,143,0,3,11.6,météo défavorable
2016-07-11,23,7,12,16,23,19,2,82,6.5,1018,25.125,25,19,22,113,113,113,0,4,14.5,météo favorable
2016-07-12,24,13,15,18,24,19,4.9,87,8.5,1017,31.25,26,20,23,119,116,116,0,4,13.5,météo favorable
2016-07-13,26,14,13,20,26,22,5.5,88,8.5,1015,20.875,28,23,25,113,113,113,0,6,14.5,météo favorable
2016-07-14,24,18,19,21,24,21,10.3,95,6,1008,69.375,26,23,22,143,122,116,0,5,12.5,météo défavorable
2016-07-15,22,16,19,19,22,19,4.6,91,9,1011,58.625,25,19,20,122,119,143,0,5,10.6,météo correcte
2016-07-16,21,10,9,12,21,15,0.7,88,6.875,1019,43.375,25,15,14,122,113,143,0,3,13.5,météo favorable
2016-07-17,22,8,12,18,22,20,0.7,80,7.375,1020,21.25,25,18,21,113,176,176,0,4,14.5,météo favorable
2016-07-18,21,13,14,16,20,17,3.1,73,7.125,1013,59.25,22,15,19,116,116,116,0,4,12.5,météo correcte
2016-07-19,21,12,15,17,21,17,2.2,76,7.875,1013,56.875,23,16,20,116,116,116,0,5,12.5,météo correcte
2016-07-20,23,13,13,17,23,18,1,71,7.875,1014,56.625,25,17,22,116,116,113,0,5,12.5,météo correcte
2016-07-21,23,12,11,18,23,17,3.9,72,7.375,1014,64.625,25,17,22,176,116,116,0,5,11.5,météo correcte
2016-07-22,22,13,13,17,22,17,0.6,70,8.25,1014,62.875,23,15,21,116,116,176,0,5,11.5,météo correcte
2016-07-23,22,13,11,17,22,18,2.8,79,8,1014,58.75,23,17,20,116,116,116,0,5,12.5,météo correcte
2016-07-24,21,14,15,16,21,16,1.7,74,8.25,1013,56.375,22,14,19,116,116,116,0,4,13.5,météo correcte
2016-07-25,21,12,13,16,21,16,2.2,70,8.5,1014,55.125,23,15,20,116,116,116,0,4,12.5,météo correcte
2016-07-26,21,13,15,16,21,17,3.8,77,7,1012,59.375,22,16,19,119,119,116,0,4,13.5,météo correcte
2016-07-27,22,13,12,17,22,17,3.1,77,6.5,1011,63,23,17,21,119,116,116,0,4,12.5,météo correcte
2016-07-28,24,14,12,19,24,17,0.1,63,8,1013,19.75,25,17,23,116,113,113,0,4,14.5,météo favorable
2016-07-29,23,12,6,19,23,17,0.2,66,9.875,1016,36.125,25,15,22,116,116,116,0,5,14.5,météo favorable
2016-07-30,22,11,12,17,22,16,0,60,10,1019,19,25,14,21,113,116,113,0,5,14.5,météo favorable
2016-07-31,23,10,7,19,23,14,0,61,10,1020,9.75,25,16,23,113,113,113,0,5,14.5,météo favorable
2016-08-01,24,14,10,19,24,17,0.1,59,10,1021,23.25,25,15,23,116,113,113,0,5,14.5,météo favorable
2016-08-02,25,13,6,20,25,17,0,56,10,1022,14.25,27,15,25,113,113,113,0,5,14.5,météo favorable
2016-08-03,26,12,12,21,26,18,0.2,60,10,1021,7.875,27,17,25,113,113,113,0,5,14.5,météo favorable
2016-08-04,24,14,17,19,24,20,4,86,8.75,1018,13.625,26,21,23,113,113,143,0,5,14.5,météo favorable
2016-08-05,27,16,21,20,27,21,9.6,86,7.75,1013,19.375,28,22,24,116,113,113,0,5,14.5,météo correcte
2016-08-06,22,14,17,19,22,17,1.4,66,8.5,1005,41.375,25,18,22,116,113,113,0,4,14.5,météo favorable
2016-08-07,19,11,18,16,19,16,2.4,78,9.75,1011,30.125,19,15,19,113,119,113,0,5,13.4,météo correcte
2016-08-08,20,9,22,15,20,13,0,48,8,1019,8,20,11,18,113,113,113,0,3,14.5,météo favorable
2016-08-09,21,8,13,15,21,12,0,63,10,1022,21.375,25,14,20,113,113,116,0,4,12.4,météo favorable
2016-08-10,25,11,15,19,25,20,4.1,78,8.375,1019,17.125,27,21,23,113,113,143,0,5,14.5,météo favorable
2016-08-11,25,17,15,19,25,18,1.9,61,9,1016,15.375,27,18,24,113,113,113,0,5,14.5,météo idéale
2016-08-12,19,13,5,15,17,13,11,97,8.25,1013,59.125,20,16,15,143,122,113,0,4,11.3,météo correcte
2016-08-13,20,13,16,17,20,15,6,67,9.625,1015,37.375,20,13,18,113,113,119,0,5,13.4,météo favorable
2016-08-14,17,13,8,13,15,14,2.9,97,6,1015,100,17,15,14,248,122,248,0,3,8.8,météo défavorable
2016-08-15,23,11,13,16,23,16,0.2,62,7.5,1022,38,25,15,22,113,113,113,0,4,14.1,météo favorable
2016-08-16,23,13,10,18,23,16,6.4,81,6.625,1022,50,25,18,22,116,113,143,0,4,13.4,météo favorable
2016-08-17,24,15,14,17,24,18,2.4,78,8.625,1014,31.75,25,19,23,113,113,143,0,4,14.1,météo favorable
2016-08-18,23,13,15,17,22,17,0.9,83,7.75,1013,39.625,25,17,20,143,113,113,0,4,13.4,météo favorable
2016-08-19,25,12,9,17,25,15,0,58,8,1015,6,26,15,23,113,113,143,0,5,14,météo favorable
2016-08-20,25,12,10,18,25,18,0,62,8,1015,14.375,27,17,23,113,113,113,0,4,14,météo favorable
2016-08-21,26,15,19,19,26,19,10.6,76,6.25,1010,46.5,27,19,22,116,113,143,0,4,13.3,météo correcte
2016-08-22,17,11,20,16,17,12,1.6,71,8.625,1017,50.5,17,17,16,116,119,116,0,4,13.3,météo correcte
2016-08-23,20,9,28,14,20,18,0.2,69,10,1020,29.625,20,15,18,113,113,119,0,5,13.3,météo favorable
2016-08-24,24,14,21,17,24,19,0.1,79,8,1020,35.875,26,19,21,119,116,113,0,4,13.3,météo favorable
2016-08-25,22,17,18,19,22,20,1.1,87,8.375,1014,45.375,25,19,21,113,119,143,0,5,13.3,météo correcte
2016-08-26,25,15,22,20,25,18,0.4,94,6.25,1017,50,26,20,21,248,113,113,0,5,12.1,météo favorable
2016-08-27,23,12,5,17,23,13,0,58,9,1025,7.875,25,15,23,113,113,113,0,4,13.7,météo favorable
2016-08-28,22,14,6,16,22,17,1.9,82,9.875,1025,62.375,25,17,20,116,122,116,0,4,10.8,météo correcte
2016-08-29,22,14,23,16,21,15,0.1,69,8.75,1020,38.5,25,16,19,122,113,113,0,4,13.3,météo favorable
2016-08-30,20,14,14,16,20,18,0,69,8.875,1020,45.625,20,13,19,116,116,116,0,5,13.2,météo favorable
2016-08-31,16,12,7,16,15,14,0.5,94,6.125,1013,64,16,15,16,119,119,143,0,3,10.8,météo correcte
2016-09-01,20,10,8,15,20,14,0.6,71,8.625,1016,36.625,20,14,19,113,113,116,0,4,13.2,météo favorable
2016-09-02,19,8,5,14,18,11,0.3,67,7.375,1023,45.125,19,13,19,116,116,113,0,3,13.2,météo favorable
2016-09-03,20,8,13,13,20,12,0,62,10,1024,11.25,21,12,19,113,113,113,0,4,13.1,météo favorable
2016-09-04,23,9,12,16,23,12,0,66,10,1025,6.5,25,16,22,113,113,113,0,5,13.1,météo favorable
2016-09-05,24,10,10,16,24,12,0,65,8,1025,0,26,17,24,113,113,143,0,5,13.1,météo favorable
2016-09-06,25,9,9,18,25,13,0,62,10,1020,0,28,18,25,113,113,113,0,5,13,météo favorable
2016-09-07,25,13,13,19,25,18,0.2,75,9,1017,27.375,27,20,23,113,113,116,0,5,13,météo favorable
2016-09-08,18,17,11,18,18,18,29.1,98,4.875,1013,88.25,19,18,18,248,248,122,0,4,8.1,météo très défavorable
2016-09-09,21,13,21,19,21,15,0.4,74,7,1016,45.875,24,18,20,119,113,113,0,4,12.9,météo favorable
2016-09-10,24,11,12,17,24,20,0.8,64,9,1018,31.375,26,17,22,113,113,119,0,4,12.9,météo favorable
2016-09-11,19,8,32,19,13,9,1.6,90,8,1018,53,19,19,10,122,119,113,0,3,10.6,météo correcte
2016-09-12,19,6,22,11,19,14,0,67,10,1020,15.625,19,13,16,113,113,113,0,4,12.8,météo favorable
2016-09-13,21,10,21,13,21,15,0,70,10,1018,9.25,21,15,18,113,113,116,0,4,12.8,météo favorable
2016-09-14,17,8,15,15,17,8,1.6,91,8,1022,58.75,17,14,14,248,122,113,0,3,8.9,météo correcte
2016-09-15,16,5,12,9,16,8,0,59,10,1027,2.75,18,7,15,113,113,113,0,3,11.6,météo correcte
2016-09-16,16,4,13,10,16,8,0,70,10,1026,12.375,16,10,14,113,116,113,0,4,11.6,météo correcte
2016-09-17,20,6,8,12,20,15,8.6,87,8.5,1021,66,20,16,17,119,122,143,0,4,7.5,météo défavorable
2016-09-18,21,13,15,17,21,15,3.4,83,6.625,1015,60.625,21,17,20,143,119,143,0,4,8.9,météo correcte
2016-09-19,19,11,17,16,19,11,0.4,89,6.5,1018,60.875,19,15,17,143,116,116,0,3,10.2,météo correcte
2016-09-20,20,12,16,15,18,15,0.6,86,8,1019,41.25,20,16,18,116,119,143,0,5,7.5,météo correcte
2016-09-21,20,9,22,12,20,13,0,64,10,1018,6.125,20,12,18,113,113,113,0,4,11.6,météo favorable
2016-09-22,17,8,8,10,17,11,5.3,73,9.75,1023,37.25,17,11,15,113,119,122,0,4,10.2,météo correcte
2016-09-23,14,5,10,9,14,7,0.8,70,9.875,1020,41.625,15,9,12,122,113,113,0,2,10.2,météo correcte
2016-09-24,12,4,20,7,12,5,0,59,10,1021,15.5,12,4,7,116,113,113,0,3,11.6,météo très défavorable
2016-09-25,12,3,16,6,12,5,0,60,10,1022,18.625,12,3,8,113,116,113,0,3,11.6,météo très défavorable
2016-09-26,14,3,10,6,14,5,0,68,10,1022,13.625,15,7,12,113,113,122,0,3,11.6,météo correcte
2016-09-27,11,7,12,9,11,7,1.8,94,8.75,1019,72.125,11,10,8,143,119,119,0,2,7.4,météo défavorable
2016-09-28,13,6,20,8,13,7,0,71,9,1033,25,14,7,10,116,113,113,0,3,11.6,météo correcte
2016-09-29,15,4,12,7,15,6,0,62,10,1036,6.375,15,7,12,113,113,113,0,3,11.6,météo correcte
2016-09-30,18,4,5,10,18,9,0,57,10,1035,25.625,19,8,16,113,113,122,0,4,11.6,météo favorable
2016-10-01,19,9,9,11,19,11,0,61,10,1030,27.375,19,10,17,116,113,113,0,3,11.6,météo favorable
2016-10-02,17,9,8,11,17,12,0.8,79,9,1023,49.25,18,10,13,113,116,119,0,4,10.2,météo correcte
2016-10-03,13,4,18,11,13,6,0,64,10,1025,21,14,10,11,116,113,113,0,2,11.6,météo correcte
2016-10-04,16,3,7,8,16,7,0,71,10,1028,3.125,18,12,14,113,113,113,0,3,11.6,météo correcte
2016-10-05,17,6,9,10,17,8,0,70,10,1028,0,19,12,18,113,113,113,0,4,11.6,météo correcte
2016-10-06,19,6,13,11,19,11,0,76,7,1025,3.75,19,13,17,113,113,143,0,3,11.6,météo favorable
2016-10-07,21,8,6,13,21,12,0,69,7.75,1026,25.375,25,17,19,116,113,113,0,3,11.6,météo favorable
2016-10-08,14,9,8,12,14,13,7.6,97,8.5,1018,53.625,14,13,13,116,143,122,0,4,7.2,météo correcte
2016-10-09,11,3,11,7,11,5,0,70,10,1023,20.25,11,7,7,113,116,113,0,3,11.5,météo très défavorable
2016-10-10,10,2,15,4,10,3,0,60,10,1028,3.625,12,3,5,113,113,113,0,3,11.5,météo très défavorable
2016-10-11,13,2,13,4,13,6,0,67,10,1030,4.125,13,7,8,113,113,113,0,3,11.5,météo correcte
2016-10-12,17,5,8,8,17,8,0,66,10,1026,34.75,17,9,14,116,116,113,0,4,11,météo correcte
2016-10-13,13,4,14,8,13,7,6.6,98,9.625,1020,43.5,13,11,10,113,122,116,0,3,5.7,météo correcte
2016-10-14,8,0,12,1,8,2,0,61,10,1029,15.875,8,2,3,113,113,116,0,2,8.7,météo très défavorable
2016-10-15,11,0,12,3,11,4,0,67,10,1030,27.75,11,4,6,116,116,113,0,2,8.7,météo très défavorable
2016-10-16,11,3,12,7,10,10,7.6,98,6.125,1018,81.75,11,10,7,122,143,248,0,3,3.9,météo très défavorable
2016-10-17,11,6,11,6,11,7,0,72,7.75,1015,28.375,11,8,8,113,113,122,0,2,8.7,météo défavorable
2016-10-18,16,5,13,6,9,12,4.7,91,8.625,1015,71.375,16,15,4,116,122,122,0,3,3.9,météo très défavorable
2016-10-19,11,6,20,8,10,6,0,80,10,1021,19.375,11,10,7,116,116,113,0,3,8.7,météo défavorable
2016-10-20,13,4,8,7,13,8,5.6,93,7.25,1023,61,13,9,9,113,122,248,0,3,5.5,météo correcte
2016-10-21,9,7,15,7,8,9,29.3,96,8,1018,100,9,8,5,122,122,122,0,2,3.9,météo très défavorable
2016-10-22,11,7,23,9,10,8,16,95,6.625,1001,95.25,11,10,7,122,122,143,0,2,3.9,météo très défavorable
2016-10-23,6,2,29,2,3,3,7.2,91,8.375,999,98.75,6,5,-3,122,122,122,0,1,3.9,météo très défavorable
2016-10-24,4,1,30,1,4,1,0,80,10,1009,83.875,4,0,-3,122,122,119,0,1,3.8,météo très défavorable
2016-10-25,4,0,16,1,4,0,0,78,10,1023,78.125,4,0,-1,119,122,116,0,2,3.8,météo très défavorable
2016-10-26,3,-2,3,0,3,-1,0.6,86,7.75,1033,90.75,3,0,2,122,122,122,0.5,1,3.8,météo très défavorable
2016-10-27,3,-3,14,-2,3,1,0,80,9,1034,61.25,3,0,-2,113,119,122,0,1,7.1,météo très défavorable
2016-10-28,2,-1,16,0,2,1,4.7,99,5.875,1025,92.5,2,2,-3,122,122,143,2.6,1,3.8,météo très défavorable
2016-10-29,2,0,7,1,2,2,4.6,99,4.25,1021,98.75,2,2,0,122,248,248,0,1,3.8,météo très défavorable
2016-10-30,5,0,7,0,5,2,0.1,94,4.75,1015,72.875,5,4,1,143,122,143,0,1,5.4,météo très défavorable
2016-10-31,4,-2,10,-1,4,-1,0,80,10,1027,33.625,4,1,0,113,116,116,0,1,8.7,météo très défavorable
2016-11-01,7,-2,8,-1,7,3,3.6,83,9.875,1028,43.875,7,3,3,116,116,119,0,2,8.7,météo très défavorable
2016-11-02,7,3,7,3,7,5,0,98,1.75,1021,97,8,7,5,248,119,248,0,1,3.7,météo très défavorable
2016-11-03,8,3,5,4,7,5,2.1,97,4.375,1019,90.25,8,6,6,143,122,143,0,1,3.7,météo très défavorable
2016-11-04,4,-2,14,-1,3,-2,0.2,65,10,1021,31.75,4,3,-2,113,116,116,0,1,8.7,météo très défavorable
2016-11-05,4,-2,12,0,4,2,0.4,94,7.875,1018,82.5,4,3,-1,122,122,143,0,1,3.7,météo très défavorable
2016-11-06,4,-3,12,0,4,-2,0.1,72,9,1031,36.75,4,1,0,116,113,113,0,1,8.7,météo très défavorable
2016-11-07,6,-2,13,-1,6,1,0,82,10,1032,6.125,6,1,1,113,113,113,0,2,8.7,météo très défavorable
2016-11-08,9,0,9,1,9,3,0,93,5,1023,13.25,9,5,4,143,113,143,0,1,8.7,météo très défavorable
2016-11-09,6,-1,17,4,6,-1,0.1,73,7.75,1015,39.875,6,4,-1,119,113,113,0,1,8.7,météo très défavorable
2016-11-10,5,-2,23,-2,3,4,0.2,76,9,1014,59.75,5,4,-4,116,119,122,0,2,5.3,météo très défavorable
2016-11-11,5,-3,24,1,3,-2,3.8,76,8.125,1016,54.625,5,4,-5,116,122,116,0.2,1,5.3,météo très défavorable
2016-11-12,2,-3,30,-2,2,0,0.1,64,10,1020,44.875,2,0,-6,116,116,116,0,1,8.7,météo très défavorable
2016-11-13,5,1,17,1,5,3,0,92,9,1011,75,5,3,0,143,122,116,0,1,3.6,météo très défavorable
2016-11-14,8,2,16,2,8,3,0.1,95,6,1017,55.125,8,5,2,116,119,143,0,1,7,météo très défavorable
2016-11-15,9,2,14,3,9,5,0,89,8,1018,37.25,9,5,4,116,116,116,0,1,8.7,météo très défavorable
2016-11-16,7,5,19,5,7,6,22,96,7.625,1013,100,7,7,3,122,200,122,0,2,3.6,météo très défavorable
2016-11-17,9,2,9,4,9,3,0,91,5.75,1020,34.625,9,5,5,143,116,113,0,2,8.7,météo très défavorable
2016-11-18,9,1,3,1,9,3,0,90,10,1022,7.75,9,4,4,113,113,113,0,2,8.7,météo très défavorable
2016-11-19,10,3,21,3,10,6,0,76,10,1019,10,10,4,4,113,113,113,0,3,8.7,météo très défavorable
2016-11-20,6,5,18,5,6,6,5.3,95,8.5,1001,90.25,6,6,3,122,122,122,0,3,3.6,météo très défavorable
2016-11-21,3,-2,13,0,-1,-1,4.2,94,5.875,995,98.5,4,2,-5,122,122,143,3,1,3.6,météo très défavorable
2016-11-22,1,-2,23,-1,1,-1,1.4,89,5.75,1013,76.125,1,0,-6,143,119,116,1.2,1,3.5,météo très défavorable
2016-11-23,2,-4,19,-1,2,-3,0,83,10,1027,18.125,2,0,-4,116,113,113,0,2,8.7,météo très défavorable
2016-11-24,1,-4,9,-4,1,-2,0.1,74,9.375,1029,56.5,1,0,-3,113,122,122,0.1,2,5.2,météo très défavorable
2016-11-25,0,-2,12,-2,0,-1,2,95,5.375,1027,100,0,0,-4,122,122,143,1.6,1,3.4,météo très défavorable
2016-11-26,1,-1,6,-1,1,0,1.4,98,3.125,1020,100,2,1,-1,260,248,260,0.6,1,3.4,météo très défavorable
2016-11-27,1,-2,8,-1,1,-1,1,98,2,1018,97.125,1,0,-4,260,143,260,0.8,1,3.4,météo très défavorable
2016-11-28,0,-5,11,-4,0,-4,0,94,4.5,1023,36.25,0,0,-5,143,119,143,0,1,6.9,météo très défavorable
2016-11-29,0,-6,19,-3,0,0,4.2,97,7.5,1023,68.375,0,0,-6,116,122,122,0,1,5,météo très défavorable
2016-11-30,1,0,15,0,1,1,0.1,99,4,1017,91.5,1,1,-4,143,248,119,0,1,3.2,météo très défavorable
2016-12-01,1,-1,22,1,0,0,13.3,98,5.25,1008,100,1,1,-5,122,122,260,6,1,3.2,météo très défavorable
2016-12-02,1,-2,8,0,1,0,4.4,100,2.875,1004,100,1,1,-2,248,248,260,2.5,1,3.2,météo très défavorable
2016-12-03,-1,-8,9,-4,-1,-6,0.5,96,2.625,1019,86.125,0,0,-7,260,143,143,0.4,1,3.2,météo très défavorable
2016-12-04,-5,-13,8,-11,-5,-12,0,97,1.75,1024,5.5,0,0,-11,260,113,260,0,1,8.4,météo très défavorable
2016-12-05,-4,-14,7,-9,-4,-7,0.4,98,5.5,1022,68,0,0,-8,113,122,260,0.4,1,3.2,météo très défavorable
2016-12-06,-3,-12,7,-12,-3,-12,0,99,0.75,1021,25.75,0,0,-11,260,143,260,0,1,8.4,météo très défavorable
2016-12-07,-1,-7,5,-6,-2,-1,0.6,99,5.375,1017,94.125,0,0,-5,143,143,122,0.5,1,3.2,météo très défavorable
2016-12-08,-1,-5,18,-3,-1,-4,2.2,97,6.375,1011,93.125,0,0,-8,260,122,122,1.8,1,3.1,météo très défavorable
2016-12-09,-7,-14,18,-9,-7,-13,0.1,94,7,1021,43.75,0,0,-16,143,116,143,0,1,8.4,météo très défavorable
2016-12-10,-10,-17,12,-17,-10,-15,0,97,3.5,1028,56.125,0,0,-19,143,122,260,0,1,5,météo très défavorable
2016-12-11,-10,-16,9,-14,-10,-16,0.2,97,4.25,1031,64.875,0,0,-17,260,119,260,0.2,1,5,météo très défavorable
2016-12-12,-8,-12,21,-10,-9,-9,5.2,98,4.75,1026,98.375,0,0,-16,122,122,260,4.4,1,3.1,météo très défavorable
2016-12-13,-5,-15,8,-15,-9,-8,1.2,99,0.75,1018,56.5,0,0,-16,260,143,260,1,1,5,météo très défavorable
2016-12-14,-3,-13,12,-7,-9,-10,0.5,98,4.5,1013,73.25,0,0,-17,260,143,122,0.5,1,6.8,météo très défavorable
2016-12-15,-12,-25,22,-14,-15,-23,0.1,97,5.125,1013,76.125,0,0,-30,143,119,119,0.1,1,3.1,météo très défavorable
2016-12-16,-21,-26,15,-26,-21,-24,0.1,98,7.5,1027,52,0,0,-33,116,116,260,0,2,8.3,météo très défavorable
2016-12-17,-9,-21,8,-16,-9,-9,1.5,98,1.75,1025,100,0,0,-15,260,260,260,1.3,1,3.1,météo très défavorable
2016-12-18,-4,-18,19,-6,-4,-12,4.5,99,5.75,1028,74.375,0,0,-17,260,122,116,3.8,1,5,météo très défavorable
2016-12-19,-20,-29,7,-27,-20,-26,0,100,1.25,1043,22.625,0,0,-29,143,143,260,0,1,8.3,météo très défavorable
2016-12-20,-9,-21,13,-15,-9,-10,0.3,96,3.75,1035,82.125,0,0,-17,143,143,143,0.2,1,3.1,météo très défavorable
2016-12-21,-1,-9,22,-5,-1,-5,2.4,98,3.5,1017,87.125,0,0,-9,260,122,260,2,1,3.3,météo très défavorable
2016-12-22,-2,-10,2,-5,-2,-10,0.9,100,1.5,1017,85.5,0,0,-9,260,260,260,0.8,1,3.3,météo très défavorable
2016-12-23,-1,-5,20,-5,-1,-1,0.5,97,6.25,1020,96.875,0,0,-8,260,122,122,0.4,1,3.3,météo très défavorable
2016-12-24,0,-2,13,-2,-1,-1,1.3,99,4.875,1019,97,0,0,-5,260,260,122,1.1,1,3.3,météo très défavorable
2016-12-25,-3,-18,23,-10,-10,-17,0,94,7,1045,18.625,0,0,-20,116,113,143,0,2,8.7,météo très défavorable
2016-12-26,-6,-20,17,-14,-9,-9,3.9,96,4.5,1046,68.75,0,0,-16,122,116,260,3.3,1,6.9,météo très défavorable
2016-12-27,1,-5,28,1,0,-2,2.5,97,7.375,1008,93.875,1,1,-7,122,119,122,0,1,3.3,météo très défavorable
2016-12-28,-8,-15,5,-13,-9,-15,0.1,99,3.125,1023,63.25,0,0,-17,260,143,260,0.1,1,6.9,météo très défavorable
2016-12-29,-2,-15,17,-13,-6,-4,5.2,98,4.5,1022,76.625,0,0,-15,260,122,122,4.4,1,3.3,météo très défavorable
2016-12-30,-3,-13,26,-4,-5,-10,2.7,96,4.5,1004,94.375,0,0,-15,260,122,122,2.2,1,3.3,météo très défavorable
2016-12-31,-10,-22,7,-22,-16,-13,1.7,97,2.25,1018,55.75,0,0,-23,260,119,338,1.5,1,5.1,météo très défavorable
2017-01-01,-6,-15,13,-7,-6,-14,1.7,98,2,1029,74.375,0,0,-14,260,119,260,1.5,1,5.1,météo très défavorable
2017-01-02,-4,-16,6,-12,-4,-15,0,100,1.5,1033,59,0,0,-15,260,260,260,0,1,5.1,météo très défavorable
2017-01-03,-4,-8,19,-7,-5,-4,7.2,98,5.75,1030,80,0,0,-11,122,122,122,6.1,1,3.3,météo très défavorable
2017-01-04,-1,-5,9,-4,-3,-1,9.1,99,3.75,1005,100,0,0,-6,122,260,338,7.7,1,3.3,météo très défavorable
2017-01-05,-5,-15,32,-9,-14,-15,1,96,7.125,1009,93.375,0,0,-24,122,122,119,0.5,1,3.3,météo très défavorable
2017-01-06,-15,-25,6,-22,-15,-25,0,100,0.5,1024,30.125,0,0,-29,260,143,260,0,1,8.7,météo très défavorable
2017-01-07,-15,-29,5,-29,-15,-20,0,100,0.25,1028,43.75,0,0,-27,260,260,260,0,1,5.1,météo très défavorable
2017-01-08,-17,-26,10,-26,-17,-24,0,97,0.75,1030,34.375,0,0,-28,260,143,260,0,1,8.7,météo très défavorable
2017-01-09,-16,-28,6,-28,-20,-19,0.3,99,1.75,1036,56.75,0,0,-29,260,143,260,0.3,1,5.1,météo très défavorable
2017-01-10,-4,-16,8,-15,-9,-7,5.1,96,3.25,1035,85.875,0,0,-14,260,143,332,4.4,1,5.1,météo très défavorable
2017-01-11,1,-3,45,1,0,-2,9.3,97,4.75,1020,88.625,1,1,-7,122,119,260,0.1,1,3.3,météo très défavorable
2017-01-12,1,-4,6,1,1,1,7.2,100,4.625,1013,93,1,1,-1,248,248,248,0,1,3.3,météo très défavorable
2017-01-13,-3,-21,29,-7,-11,-17,0.3,90,7.125,1040,84,0,0,-23,122,122,119,0.1,1,5.1,météo très défavorable
2017-01-14,-17,-25,10,-25,-18,-20,0.3,99,2,1041,47.625,0,0,-27,260,119,143,0.2,1,6.9,météo très défavorable
2017-01-15,-16,-21,12,-16,-16,-21,0.1,97,4.25,1031,41.25,0,0,-24,143,113,260,0,1,8.7,météo très défavorable
2017-01-16,-2,-22,23,-13,-5,-3,1.2,97,2.875,1029,89.625,0,0,-16,143,122,338,1,1,3.4,météo très défavorable
2017-01-17,-5,-14,12,-14,-7,-11,0,97,3.5,1028,28.5,0,0,-16,260,143,122,0,1,8.7,météo très défavorable
2017-01-18,-4,-11,9,-11,-4,-5,0.4,98,5.5,1022,96.375,0,0,-11,119,143,260,0.4,1,3.4,météo très défavorable
2017-01-19,-1,-7,10,-7,-1,-2,0.2,99,0.625,1016,75.875,0,0,-7,260,260,260,0.2,1,5.2,météo très défavorable
2017-01-20,-1,-12,3,-11,-1,-12,0,99,1.25,1016,40.125,0,0,-3,260,260,260,0,1,5.2,météo très défavorable
2017-01-21,0,-7,8,-3,0,-5,0,100,0.125,1011,67.5,0,0,-4,260,248,260,0,1,3.4,météo très défavorable
2017-01-22,-3,-10,13,-6,-3,-7,0,97,4.25,1020,37.375,0,0,-10,143,119,113,0,1,5.2,météo très défavorable
2017-01-23,-4,-9,15,-9,-4,-7,0,96,8,1023,24.375,0,0,-12,113,113,116,0,2,8.7,météo très défavorable
2017-01-24,-1,-6,38,-6,-4,-2,17.2,97,6,1019,78.875,0,0,-13,119,122,230,0.4,2,3.4,météo très défavorable
2017-01-25,-1,-4,9,-1,-1,-3,5.7,99,3.5,1000,99.125,0,0,-4,122,260,260,4.9,1,3.5,météo très défavorable
2017-01-26,-1,-6,17,-3,-1,-4,1.8,99,2.625,996,99,0,0,-6,260,260,122,1.5,1,3.5,météo très défavorable
2017-01-27,-5,-8,24,-7,-5,-8,0.9,96,7.375,990,96.875,0,0,-14,122,122,119,0.7,1,3.5,météo très défavorable
2017-01-28,-6,-10,18,-10,-7,-7,0.1,96,7.5,998,71.875,0,0,-16,116,122,260,0.1,1,3.5,météo très défavorable
2017-01-29,-4,-15,12,-6,-4,-13,1.4,98,2.125,1006,83.625,0,0,-12,260,260,260,1.2,1,3.5,météo très défavorable
2017-01-30,-10,-18,10,-17,-10,-16,0.1,98,2.75,1012,73,0,0,-17,260,143,260,0.1,1,3.5,météo très défavorable
2017-01-31,-13,-26,8,-23,-13,-26,0,100,0.25,1014,48,0,0,-20,260,143,260,0,1,5.2,météo très défavorable
2017-02-01,-9,-25,7,-16,-9,-18,0.2,98,3.625,1012,70.625,0,0,-16,116,143,260,0.2,1,3.5,météo très défavorable
2017-02-02,-11,-16,12,-15,-11,-16,0.6,98,2.375,1015,77.5,0,0,-21,260,143,260,0.5,1,7,météo très défavorable
2017-02-03,-14,-24,14,-24,-14,-16,0.2,99,4.5,1019,80.25,0,0,-22,260,122,260,0.2,1,3.5,météo très défavorable
2017-02-04,-11,-21,16,-21,-13,-14,0.3,96,2.75,1020,91.75,0,0,-23,260,122,260,0.3,1,3.6,météo très défavorable
2017-02-05,-4,-16,17,-10,-5,-4,7.3,98,1.5,1017,100,0,0,-13,260,143,338,6.1,1,3.6,météo très défavorable
2017-02-06,-11,-21,17,-21,-16,-18,0.1,96,7.5,1022,50.875,0,0,-27,260,122,260,0.1,2,5.3,météo très défavorable
2017-02-07,-14,-24,19,-24,-14,-14,3.1,93,5.5,1026,51.125,0,0,-23,143,122,122,2.6,1,7,météo très défavorable
2017-02-08,-3,-16,24,-9,-3,-12,5.7,99,6,1012,72,0,0,-15,143,122,113,4.9,1,5.4,météo très défavorable
2017-02-09,-14,-22,8,-19,-14,-22,0,97,3.25,1015,70.5,0,0,-19,143,122,260,0,1,3.9,météo très défavorable
2017-02-10,-17,-24,17,-23,-17,-24,0,93,4.5,1023,37.25,0,0,-28,143,116,260,0,1,8.7,météo très défavorable
2017-02-11,-13,-24,12,-19,-13,-18,0.2,95,4.375,1025,62.5,0,0,-22,119,122,143,0.1,1,5.5,météo très défavorable
2017-02-12,-8,-21,18,-18,-9,-9,1.1,96,4.5,1026,53.125,0,0,-17,143,122,122,0.9,1,5.5,météo très défavorable
2017-02-13,-7,-14,16,-10,-7,-10,1.2,98,6.5,1015,75.5,0,0,-14,116,116,260,0.9,1,5.5,météo très défavorable
2017-02-14,-7,-16,4,-15,-7,-15,0,97,5,1014,82.75,0,0,-10,260,122,260,0.1,1,4,météo très défavorable
2017-02-15,-5,-12,18,-10,-5,-6,3,97,5,1007,100,0,0,-13,122,122,338,2.5,1,4,météo très défavorable
2017-02-16,-4,-11,15,-11,-4,-9,0.1,95,6.375,1000,55.125,0,0,-11,260,143,113,0.1,1,7.1,météo très défavorable
2017-02-17,-6,-12,16,-10,-6,-10,0,96,7.75,1008,21.875,0,0,-14,113,113,143,0,2,8.7,météo très défavorable
2017-02-18,0,-11,6,-8,-3,-2,1,97,3.125,1008,63.625,0,0,-8,260,113,338,0.4,1,5.6,météo très défavorable
2017-02-19,1,-9,13,-1,0,-9,0.2,100,4.25,1014,58.875,1,1,-4,260,248,260,0,1,7.1,météo très défavorable
2017-02-20,-3,-14,8,-12,-3,-13,0,98,1.75,1030,4.75,0,0,-9,260,113,260,0,1,8.7,météo très défavorable
2017-02-21,-2,-19,4,-18,-3,-5,0,96,4.5,1030,37.75,0,0,-4,143,119,116,0,1,5.6,météo très défavorable
2017-02-22,1,-4,8,-1,1,-3,0.2,100,0.5,1015,83.25,1,1,-2,260,248,260,0,1,4.1,météo très défavorable
2017-02-23,3,0,12,1,2,3,9.9,100,3.125,1010,98,3,3,0,248,248,302,0,1,4.1,météo très défavorable
2017-02-24,0,-3,6,-3,0,0,5.8,100,1.5,1015,78.625,1,1,-2,260,248,248,0,1,4.1,météo très défavorable
2017-02-25,2,-2,13,-1,1,2,7.4,100,4.25,1013,98.875,2,2,-3,260,248,248,0,1,4.1,météo très défavorable
2017-02-26,0,-10,28,-4,-6,-9,0.9,92,5.875,1016,82,0,0,-14,122,122,116,0.6,1,4.1,météo très défavorable
2017-02-27,-1,-13,31,-3,-1,-9,2.2,95,3.625,1026,82.5,0,0,-8,122,122,143,1.2,1,4.1,météo très défavorable
2017-02-28,-1,-17,4,-14,-1,-5,0.3,98,2,1030,40.375,0,0,-3,260,143,143,0,1,8.7,météo très défavorable
2017-03-01,1,-1,12,1,1,0,15.3,100,5,1013,100,1,1,-3,248,248,122,0,1,4.2,météo très défavorable
2017-03-02,1,-15,23,-2,-7,-12,2.4,95,5.75,1013,71.25,1,1,-17,260,119,116,0.8,1,5.7,météo très défavorable
2017-03-03,-14,-21,14,-20,-14,-18,0.1,94,6.375,1027,41.125,0,0,-24,143,122,113,0.1,1,5.7,météo très défavorable
2017-03-04,-18,-25,21,-24,-18,-20,0,92,7,1033,61.375,0,0,-30,143,119,116,0,1,4.2,météo très défavorable
2017-03-05,-12,-22,11,-22,-12,-18,0,94,5.5,1039,1.875,0,0,-22,143,113,260,0,1,8.7,météo très défavorable
2017-03-06,-7,-23,4,-18,-7,-11,0,94,5.5,1036,43.75,0,0,-13,143,122,143,0,1,5.7,météo très défavorable
2017-03-07,0,-8,9,-5,-1,0,4.7,100,4.25,1029,85.375,1,1,-4,143,260,248,0.6,2,4.2,météo très défavorable
2017-03-08,1,-1,12,1,0,-1,4,100,4.625,1010,72.875,1,1,-3,248,248,143,0.6,1,4.2,météo très défavorable
2017-03-09,-2,-11,27,-4,-5,-8,1.7,85,7.75,1015,76.5,0,0,-14,122,122,335,1.4,1,5.7,météo très défavorable
2017-03-10,-11,-21,14,-17,-11,-18,0.1,88,6.75,1016,29.375,0,0,-19,113,119,143,0.1,1,5.7,météo très défavorable
2017-03-11,-21,-27,24,-27,-21,-22,0.1,92,9.375,1018,87,0,0,-36,122,122,122,0.1,2,4.3,météo très défavorable
2017-03-12,-13,-21,19,-20,-13,-15,0.8,94,8.375,1026,86,0,0,-25,122,122,335,0.7,1,4.3,météo très défavorable
2017-03-13,-12,-19,17,-19,-12,-16,0.1,95,3.875,1032,67.125,0,0,-23,143,122,260,0.1,1,5.8,météo très défavorable
2017-03-14,-7,-18,27,-13,-9,-8,7.8,97,4.875,1031,89.875,0,0,-17,143,122,122,0.1,1,5.8,météo très défavorable
2017-03-15,-3,-7,13,-5,-3,-6,6.6,97,5.75,995,97.25,0,0,-9,119,122,122,4.2,1,6,météo très défavorable
2017-03-16,-8,-14,18,-12,-8,-12,0.7,92,5.75,1014,82.25,0,0,-18,122,122,329,0.6,1,6,météo très défavorable
2017-03-17,-6,-16,12,-14,-6,-14,0.2,96,1.375,1025,31.375,0,0,-11,260,143,260,0.2,1,11.6,météo très défavorable
2017-03-18,-3,-18,6,-12,-3,-9,0,96,4.5,1029,14,0,0,-5,113,116,143,0,1,11.6,météo très défavorable
2017-03-19,0,-10,6,-7,0,-7,0,97,3.25,1030,17.75,0,0,-3,143,116,260,0,1,11.6,météo très défavorable
2017-03-20,0,-14,7,-5,0,-3,0,100,0.25,1023,72.375,0,0,-3,260,260,260,0,1,8.8,météo très défavorable
2017-03-21,0,-3,6,-3,0,-2,0,100,1.25,1013,76.5,1,1,-2,260,248,260,0,1,9.2,météo très défavorable
2017-03-22,-3,-16,22,-14,-14,-16,0,92,8.75,1027,56.5,0,0,-25,116,119,116,0,1,11.8,météo très défavorable
2017-03-23,-7,-17,16,-15,-9,-14,0,89,7.5,1031,33.125,0,0,-19,113,116,260,0,2,12.6,météo très défavorable
2017-03-24,-1,-12,13,-7,-2,-3,2,98,1.25,1029,97.75,0,0,-9,143,143,260,1.7,1,7.9,météo très défavorable
2017-03-25,-4,-17,9,-8,-4,-12,0,94,4.25,1035,18.875,0,0,-10,143,113,113,0,1,12.7,météo très défavorable
2017-03-26,-3,-20,6,-12,-3,-6,0,96,4.5,1038,33.625,0,0,-8,116,113,143,0,1,12.7,météo très défavorable
2017-03-27,0,-4,13,-3,0,-1,7.3,100,1.875,1026,97,0,0,-7,260,260,338,6.2,1,8,météo très défavorable
2017-03-28,1,-2,7,0,1,-2,4.5,100,4.25,1018,95.375,1,1,-2,260,248,260,0,1,8,météo très défavorable
2017-03-29,2,-6,14,-2,2,-6,0.3,94,6,1023,58,2,0,-2,119,119,143,0.3,1,10.6,météo très défavorable
2017-03-30,0,-9,6,-5,0,-5,0.8,96,5.375,1026,42,1,0,-3,113,143,338,0.6,1,10.6,météo très défavorable
2017-03-31,0,-10,13,-4,0,-3,0,99,5.75,1025,51.375,0,0,-5,143,116,122,0,1,12.9,météo très défavorable
2017-04-01,0,-7,12,-2,0,-4,0.8,100,2.375,1019,93.125,0,0,-4,122,248,260,0.6,1,8.1,météo très défavorable
2017-04-02,1,-7,12,-2,1,-6,0,100,1.5,1019,59.875,1,1,-3,260,248,260,0,1,10.7,météo très défavorable
2017-04-03,0,-10,5,-6,0,-9,0,99,1.75,1021,18.875,0,0,-2,143,260,260,0,1,13,météo très défavorable
2017-04-04,1,-5,19,-1,1,0,9.6,99,5,1016,78.5,1,0,-5,143,122,122,8.1,1,8.1,météo très défavorable
2017-04-05,1,-6,9,0,0,0,3.4,100,2.25,1018,98.875,1,1,-3,260,248,266,2.4,1,8.1,météo très défavorable
2017-04-06,1,0,20,0,1,1,10.3,100,5.5,1018,100,1,1,-4,248,122,122,0,1,8.2,météo très défavorable
2017-04-07,3,0,5,1,3,0,4,100,4.375,992,93,3,3,1,248,248,248,0,1,8.2,météo très défavorable
2017-04-08,4,-1,18,1,4,0,0.6,84,6.875,1010,68.125,4,0,-1,119,122,143,0.3,2,9.5,météo très défavorable
2017-04-09,5,-4,9,-1,4,2,4.7,97,4.375,1017,43.125,6,4,-1,143,116,248,0,1,13.2,météo très défavorable
2017-04-10,14,1,6,5,13,10,1.1,93,5.75,1016,47.75,15,13,9,143,113,143,0,2,13.2,météo très défavorable
2017-04-11,5,2,12,4,4,3,3.2,99,2.375,1022,100,5,5,1,248,248,122,0,1,8.3,météo très défavorable
2017-04-12,5,2,12,3,5,2,1.3,97,1.25,1021,99.375,6,5,3,143,143,248,0,1,8.3,météo très défavorable
2017-04-13,6,-2,18,2,6,-1,0.3,96,8,1029,61.125,6,4,0,119,119,143,0,1,12,météo très défavorable
2017-04-14,8,-4,17,0,7,2,0.4,90,5.875,1030,23.5,8,5,2,113,113,143,0,1,13.7,météo très défavorable
2017-04-15,13,0,11,4,12,3,0.1,82,6.75,1025,44.5,13,6,6,116,113,113,0,2,13.8,météo très défavorable
2017-04-16,10,1,13,8,8,2,9.5,98,4,1008,98.375,11,10,4,248,143,122,0,2,8.6,météo très défavorable
2017-04-17,2,-4,9,1,1,-3,3.4,98,3,1024,98.25,2,2,-3,248,143,260,1,1,8.6,météo très défavorable
2017-04-18,1,-7,7,-1,1,-5,0.2,94,5.125,1034,54.625,1,0,-1,143,116,260,0.2,1,12.2,météo très défavorable
2017-04-19,4,-3,12,1,4,2,6.2,98,5.25,1032,93.625,4,3,1,143,122,248,0,1,8.7,météo très défavorable
2017-04-20,6,1,11,3,6,2,0.5,94,3,1024,89.125,6,4,3,248,122,248,0,1,9.9,météo très défavorable
2017-04-21,3,0,23,2,3,2,7.5,96,8.5,1023,92.25,3,3,-2,122,122,122,0,1,8.7,météo très défavorable
2017-04-22,5,1,5,2,3,1,2.8,98,1.625,1015,100,5,4,2,248,248,248,0,1,8.7,météo très défavorable
2017-04-23,10,-1,21,3,9,3,0.8,83,6.125,1018,47.125,11,7,5,116,119,248,0,1,11.1,météo très défavorable
2017-04-24,2,-8,10,-5,1,-7,0,82,7.75,1029,13,5,2,-5,116,113,113,0,1,14.1,météo très défavorable
2017-04-25,7,-4,16,-1,5,3,3.6,87,8.625,1029,29.5,7,5,-1,113,113,143,0,2,13.4,météo très défavorable
2017-04-26,11,4,8,7,10,9,2.6,95,3.875,1019,89.75,11,11,10,248,122,263,0,2,10,météo très défavorable
2017-04-27,15,8,21,10,15,9,0,84,8.75,1013,78.5,15,12,13,122,116,116,0,3,10,météo défavorable
2017-04-28,17,9,21,10,16,10,0.5,94,6,1013,61.75,17,13,12,122,119,143,0,3,11.1,météo correcte
2017-04-29,15,2,30,9,15,4,1.3,92,8.25,1022,60.25,15,9,6,122,119,116,0,2,11.1,météo correcte
2017-04-30,10,-1,4,3,10,5,0.7,54,9,1028,43,10,2,9,113,116,122,0,2,12.3,météo très défavorable
2017-05-01,4,3,20,3,4,4,24.5,96,8.5,1020,100,4,4,0,122,122,122,0,1,8.9,météo très défavorable
2017-05-02,9,3,8,6,9,8,3,97,2.375,1002,94.125,9,9,8,143,248,143,0,2,8.9,météo très défavorable
2017-05-03,10,2,23,7,10,3,1.9,81,8.875,1018,71.625,10,6,4,122,122,116,0,2,11.2,météo très défavorable
2017-05-04,12,0,13,6,12,6,0,64,8,1023,45,12,5,8,119,113,116,0,2,12.4,météo très défavorable
2017-05-05,9,4,16,7,8,6,3.9,86,8.625,1019,88.875,9,6,5,122,122,119,0,2,9.2,météo très défavorable
2017-05-06,13,6,23,9,12,13,1.7,91,8.375,1006,91.375,13,11,10,122,122,122,0,3,9.3,météo défavorable
2017-05-07,14,7,25,12,12,8,7.7,89,9.5,1004,80.75,14,11,10,119,122,122,0,3,9.3,météo défavorable
2017-05-08,7,2,16,5,7,3,2.2,91,3.375,1010,98.75,7,5,2,143,122,266,0,1,9.3,météo très défavorable
2017-05-09,8,0,8,2,7,4,0.3,72,9,1018,73.75,8,2,3,122,116,119,0.1,1,11.4,météo très défavorable
2017-05-10,8,3,10,5,8,6,1.5,78,8.875,1020,98.25,8,5,5,122,122,122,0,2,9.3,météo très défavorable
2017-05-11,11,5,23,7,11,8,0,76,9,1021,80.25,11,6,7,122,119,116,0,2,9.3,météo très défavorable
2017-05-12,15,5,12,9,15,10,0,68,7.75,1021,42.375,15,8,12,116,113,116,0,3,14.5,météo correcte
2017-05-13,18,7,10,12,18,12,2.6,72,8.875,1015,47.5,18,12,17,116,116,122,0,4,13.5,météo favorable
2017-05-14,11,8,13,9,10,8,3.6,90,6.625,1010,99.5,11,9,8,122,122,143,0,2,9.4,météo défavorable
2017-05-15,17,5,20,9,17,9,0.3,56,8.375,1008,44.25,17,7,11,116,119,113,0,3,13.5,météo correcte
2017-05-16,19,6,19,13,18,12,0,63,10,1012,17.125,19,9,14,113,113,113,0,4,14.5,météo favorable
2017-05-17,19,6,6,11,18,16,7.2,91,9.5,1012,65.875,19,18,12,122,119,122,0,4,9.4,météo défavorable
2017-05-18,24,14,27,18,24,19,15.1,89,5.25,1007,52.5,26,21,20,143,113,113,0,4,13.5,météo défavorable
2017-05-19,15,5,18,10,13,7,0.9,67,8.75,1022,30.75,15,14,8,116,113,113,0,3,14.5,météo correcte
2017-05-20,14,1,10,7,14,7,0,44,10,1029,1.25,16,4,11,113,113,113,0,3,14.5,météo très défavorable
2017-05-21,16,3,9,11,16,10,0,52,10,1031,38.25,17,5,14,116,113,119,0,4,13.5,météo correcte
2017-05-22,13,7,11,8,12,10,3.1,87,7.75,1022,91.625,13,10,10,116,119,143,0,3,10.5,météo défavorable
2017-05-23,16,8,17,10,13,11,0.9,87,7.875,1010,65.25,16,11,9,122,119,113,0,3,11.5,météo défavorable
2017-05-24,18,6,5,14,18,13,0,59,10,1012,13.5,19,11,19,113,113,113,0,4,14.5,météo favorable
2017-05-25,20,9,17,14,20,15,0.8,67,9,1013,46.375,20,12,18,113,116,122,0,4,12.5,météo favorable
2017-05-26,12,8,24,10,10,11,3.4,91,9.625,1009,56.25,12,10,6,119,122,116,0,3,12.6,météo défavorable
2017-05-27,17,5,8,11,17,11,0,61,10,1012,42,17,10,16,116,122,113,0,4,13.6,météo correcte
2017-05-28,19,7,13,13,19,12,0.8,83,9.375,1014,48.5,19,12,15,116,116,119,0,4,13.6,météo favorable
2017-05-29,18,8,22,11,18,10,1.6,84,8.75,1017,67.375,18,11,12,122,116,263,0,4,11.7,météo défavorable
2017-05-30,14,8,8,10,14,11,4.6,94,5.625,1017,98.25,15,13,12,122,122,143,0,3,9.8,météo défavorable
2017-05-31,17,9,17,12,17,13,4.8,93,6.625,1014,55.25,17,14,13,143,116,113,0,3,12.6,météo correcte
2017-06-01,14,6,22,12,14,10,2.7,95,5.375,1009,78.875,14,12,11,143,119,116,0,3,11.7,météo défavorable
2017-06-02,12,4,16,9,11,8,1.1,79,6.625,1010,69.875,12,8,9,119,122,116,0,2,11.7,météo très défavorable
2017-06-03,15,4,10,9,14,11,1.1,77,7,1013,62.625,16,10,12,119,119,116,0,2,11.7,météo correcte
2017-06-04,18,6,7,13,18,12,2.5,81,7.25,1014,60.25,18,14,15,122,116,113,0,3,12.7,météo correcte
2017-06-05,14,9,21,12,14,12,2.8,93,5.875,1017,79.125,14,12,11,122,122,143,0,4,9.9,météo défavorable
2017-06-06,18,7,22,10,18,11,0.3,53,9,1018,26.375,18,8,12,116,113,113,0,3,14.5,météo favorable
2017-06-07,24,6,12,16,23,17,0,58,10,1014,15.5,25,15,21,113,113,113,0,5,14.5,météo favorable
2017-06-08,24,11,17,18,24,18,0.6,68,8,1013,10.375,25,17,23,113,113,113,0,4,14.5,météo favorable
2017-06-09,22,10,17,18,21,14,2.5,66,8.875,1007,32.5,25,16,20,116,122,113,0,5,13.6,météo correcte
2017-06-10,19,5,18,13,19,13,0,61,10,1013,15.125,19,12,17,113,113,113,0,4,14.5,météo favorable
2017-06-11,24,13,33,19,22,21,3.6,89,8.625,1011,41.25,26,20,21,116,122,113,0,4,12.7,météo correcte
2017-06-12,24,13,17,20,22,21,9.4,87,9.25,1012,27.75,26,21,21,113,116,113,0,5,14.5,météo correcte
2017-06-13,22,12,19,18,22,15,0,49,7.5,1015,29.875,24,17,21,113,113,113,0,4,14.5,météo favorable
2017-06-14,18,6,14,11,17,12,0,49,10,1020,3.375,19,6,15,113,113,113,0,4,14.5,météo favorable
2017-06-15,18,5,9,13,18,13,0,52,10,1021,9.125,19,8,17,113,113,113,0,4,14.5,météo favorable
2017-06-16,12,10,11,11,12,12,10.6,98,4.125,1016,92,12,12,11,248,248,248,0,4,10,météo défavorable
2017-06-17,23,12,6,15,22,18,2.2,81,7.375,1014,68.5,25,19,19,122,119,116,0,4,11.8,météo défavorable
2017-06-18,26,13,10,18,25,21,9.6,94,6.75,1009,72,29,23,21,248,116,116,0,4,12.7,météo défavorable
2017-06-19,22,17,19,20,22,19,2.7,94,5.375,1006,85.375,24,20,21,122,116,143,0,4,10.9,météo défavorable
2017-06-20,19,14,23,18,19,16,9.7,97,6.75,1007,63.5,19,17,16,119,119,116,0,4,11.8,météo correcte
2017-06-21,17,10,22,14,16,14,2.8,92,8.75,1009,73.75,17,15,13,122,122,113,0,3,10.9,météo défavorable
2017-06-22,20,9,19,15,20,16,0.1,67,9,1011,22.625,20,13,19,122,113,113,0,3,13.6,météo favorable
2017-06-23,18,10,5,15,17,18,5.6,97,5.25,1009,81.125,18,18,15,119,122,248,0,4,10,météo défavorable
2017-06-24,23,13,19,18,23,16,1.8,66,7.5,1006,38.75,25,17,22,116,113,116,0,4,14.5,météo favorable
2017-06-25,20,9,17,15,20,15,1.3,74,9.75,1011,22,20,14,19,113,113,116,0,4,14.5,météo favorable
2017-06-26,18,7,18,13,18,13,0.3,53,8.125,1014,30.125,18,11,17,113,113,113,0,3,14.5,météo favorable
2017-06-27,18,7,8,14,18,12,1.6,71,8.75,1014,47,19,12,17,122,113,143,0,4,12.7,météo favorable
2017-06-28,17,8,17,12,17,14,2.7,90,5.5,1014,64.375,17,14,13,143,200,113,0,3,11.8,météo correcte
2017-06-29,20,9,18,13,20,16,2.7,89,6.375,1016,49.75,20,15,16,248,113,113,0,3,13.6,météo favorable
2017-06-30,21,7,6,17,18,18,2.8,83,8.75,1013,59.5,24,17,18,113,122,353,0,5,11.8,météo correcte
2017-07-01,18,14,9,16,18,18,4.7,98,5.375,1013,97.125,18,18,18,122,143,248,0,4,9.9,météo défavorable
2017-07-02,20,15,22,17,20,17,3.9,95,8.625,1009,73,20,18,17,122,119,113,0,4,10.8,météo défavorable
2017-07-03,18,12,21,15,18,15,1.1,79,8.5,1014,77.375,18,14,17,122,122,119,0,4,11.8,météo défavorable
2017-07-04,21,11,8,16,21,15,3.2,76,8.625,1020,34,24,16,21,116,113,113,0,5,14.5,météo favorable
2017-07-05,23,10,15,18,23,18,0,61,10,1023,6.25,25,15,22,113,113,113,0,5,14.5,météo favorable
2017-07-06,24,11,22,19,24,20,5.3,81,9.625,1017,22,25,19,23,113,116,113,0,5,14.5,météo favorable
2017-07-07,21,14,11,17,21,19,13.4,95,6.875,1009,80.375,24,20,19,353,122,356,0,4,10.8,météo défavorable
2017-07-08,21,13,7,19,21,16,1.9,80,6.625,1006,42,24,18,21,116,116,113,0,4,14.5,météo favorable
2017-07-09,19,10,22,16,19,16,2.9,87,7.5,1012,13.25,20,17,19,113,200,113,0,4,14.5,météo correcte
2017-07-10,20,9,14,16,18,17,5.2,94,7.25,1013,66.125,20,16,16,122,119,143,0,4,11.6,météo défavorable
2017-07-11,23,13,19,17,23,18,2,91,6.25,1012,54.25,25,19,19,143,116,113,0,4,13.5,météo favorable
2017-07-12,19,10,8,14,18,14,0,52,10,1018,48.875,20,11,18,116,116,119,0,4,13.5,météo favorable
2017-07-13,22,10,9,17,22,15,0.8,58,9.875,1019,23.875,25,14,21,113,113,113,0,4,14.5,météo favorable
2017-07-14,24,10,9,18,24,18,0,50,10,1020,12.5,25,13,22,113,113,113,0,5,14.5,météo favorable
2017-07-15,23,13,13,16,22,19,1.9,88,6.125,1013,60.75,25,18,19,143,116,113,0,4,12.5,météo correcte
2017-07-16,22,12,10,18,22,17,3.6,82,6.125,1016,44.625,25,19,22,116,113,143,0,4,14.5,météo favorable
2017-07-17,25,14,8,19,25,19,2.6,67,7.625,1018,23.625,26,18,24,116,113,116,0,4,14.5,météo favorable
2017-07-18,24,12,13,19,24,20,0.8,81,7.875,1018,27,26,19,22,116,113,113,0,4,14.5,météo favorable
2017-07-19,23,17,17,19,23,19,1.7,91,6.5,1015,52.25,25,20,22,119,116,113,0,4,13.5,météo favorable
2017-07-20,24,15,11,20,24,19,2.3,83,6.75,1013,18.375,26,20,23,116,116,113,0,4,14.5,météo favorable
2017-07-21,23,15,15,18,23,18,3.5,81,7.5,1009,34.625,25,18,21,116,113,116,0,4,14.5,météo favorable
2017-07-22,20,10,16,14,19,14,0,41,10,1012,5.125,20,11,18,113,113,113,0,4,14.5,météo favorable
2017-07-23,21,7,12,15,21,15,0,46,10,1015,9.25,24,11,19,113,113,113,0,4,14.5,météo favorable
2017-07-24,19,10,17,14,19,15,0.4,60,9,1018,37.875,19,10,18,113,116,122,0,4,13.5,météo favorable
2017-07-25,23,11,5,14,23,16,0.5,53,9,1023,38.125,25,13,22,119,113,113,0,4,13.5,météo favorable
2017-07-26,24,12,16,17,24,18,0.2,60,9,1023,15.625,25,15,22,113,113,113,0,5,14.5,météo favorable
2017-07-27,20,15,13,16,19,17,2.4,93,4.625,1013,61.625,20,18,17,248,119,143,0,4,11.4,météo correcte
2017-07-28,21,10,12,14,21,14,0,57,8,1014,5.75,24,12,18,113,113,113,0,4,14.5,météo favorable
2017-07-29,21,9,4,15,21,14,0,42,10,1016,8.75,24,9,22,113,113,113,0,5,14.5,météo favorable
2017-07-30,24,9,12,16,23,18,0,49,10,1017,15.75,25,15,22,113,113,113,0,5,14.5,météo favorable
2017-07-31,26,13,14,17,26,19,0.1,69,8,1016,22.375,27,16,22,119,113,113,0,4,13.5,météo favorable
2017-08-01,24,12,11,17,24,17,0,43,10,1017,13.125,25,15,23,116,113,113,0,5,14.5,météo favorable
2017-08-02,27,13,12,19,27,19,0.2,58,9.875,1017,14.25,27,18,25,113,113,116,0,6,14.5,météo favorable
2017-08-03,26,16,12,19,26,20,2.2,72,9.5,1019,23.625,27,18,23,116,176,113,0,5,14.5,météo favorable
2017-08-04,27,15,13,20,27,20,9.8,85,8,1018,26.625,28,21,24,116,116,356,0,6,14.5,météo correcte
2017-08-05,19,15,14,19,18,17,8.6,96,5.5,1010,74.25,19,18,18,119,122,143,0,4,11.4,météo défavorable
2017-08-06,14,12,20,13,14,13,1.1,93,7.75,1015,81.625,15,13,10,122,122,116,0,3,9.2,météo défavorable
2017-08-07,18,6,16,11,17,13,0,55,10,1017,7.625,18,9,16,113,113,113,0,4,14.5,météo favorable
2017-08-08,20,9,13,14,19,14,0,50,10,1015,13.75,20,11,19,113,113,113,0,4,14.5,météo favorable
2017-08-09,21,11,16,14,21,15,0.7,85,8,1022,35.5,24,14,17,143,113,113,0,4,12.4,météo favorable
2017-08-10,22,9,13,14,21,15,0,54,10,1023,17.875,24,12,20,113,113,116,0,5,14.5,météo favorable
2017-08-11,26,14,8,18,26,18,2.5,60,9.875,1021,22.75,28,16,24,113,113,116,0,5,14.5,météo favorable
2017-08-12,21,14,8,14,20,16,7.6,95,6.875,1015,69.75,21,18,16,143,122,143,0,4,10.2,météo défavorable
2017-08-13,23,14,17,16,23,17,0.1,61,7.5,1013,40.25,25,15,20,116,113,113,0,4,14.2,météo favorable
2017-08-14,20,11,12,16,20,16,7.9,85,9.25,1015,34.5,20,18,19,116,116,356,0,5,14.2,météo favorable
2017-08-15,21,14,11,17,21,16,3,81,9.875,1012,49.125,24,18,21,122,116,116,0,5,13.4,météo favorable
2017-08-16,19,10,20,12,19,12,0,47,8,1015,16.625,19,12,17,113,113,113,0,3,14.1,météo favorable
2017-08-17,22,8,17,13,21,15,0,48,10,1016,8.125,24,12,18,113,113,113,0,5,14.1,météo favorable
2017-08-18,14,13,18,14,14,14,1.3,96,7.75,1015,66.25,15,13,12,116,122,143,0,4,11.1,météo défavorable
2017-08-19,19,14,4,15,19,17,1.7,95,3.625,1008,79,20,19,17,143,143,143,0,4,11.1,météo défavorable
2017-08-20,23,15,18,16,23,17,0.4,67,6.625,1015,48.625,25,16,20,143,116,113,0,4,13.3,météo favorable
2017-08-21,24,13,22,17,24,20,1.3,71,8,1017,32.25,26,18,22,116,113,116,0,4,13.3,météo favorable
2017-08-22,23,15,11,19,23,19,10,94,8,1015,81.5,25,20,20,116,122,122,0,4,8.7,météo défavorable
2017-08-23,18,13,26,16,16,14,1.3,80,10,1007,64.125,18,18,16,119,119,116,0,4,11,météo correcte
2017-08-24,15,9,17,12,15,12,0.1,74,8,1015,55.625,16,10,12,119,119,116,0,3,9.8,météo correcte
2017-08-25,18,7,16,11,18,11,0,59,8,1021,23.625,18,9,15,113,116,113,0,3,13.8,météo favorable
2017-08-26,19,8,6,13,18,12,0,60,10,1026,26.25,19,10,18,113,116,116,0,4,13.8,météo favorable
2017-08-27,20,8,6,13,20,13,0,52,10,1027,16.625,21,10,19,113,113,113,0,4,13.8,météo favorable
2017-08-28,22,10,5,15,22,14,0,50,10,1028,8.25,25,11,22,113,113,113,0,5,13.3,météo favorable
2017-08-29,23,11,6,16,23,15,0,52,10,1026,12.5,25,12,22,113,113,113,0,5,13.3,météo favorable
2017-08-30,21,11,10,15,21,14,0,55,10,1018,31.375,24,11,19,116,116,113,0,5,13.3,météo favorable
2017-08-31,16,8,21,13,16,10,0.8,64,9.875,1013,30.375,16,12,13,116,113,113,0,4,13.2,météo correcte
2017-09-01,12,7,27,8,12,9,0.1,56,10,1018,43,12,4,7,122,116,116,0,3,13.2,météo défavorable
2017-09-02,19,5,10,10,19,10,0,50,10,1022,8.875,20,10,18,113,113,113,0,4,13.2,météo favorable
2017-09-03,19,8,19,13,18,11,5.4,95,8.625,1022,48.5,19,12,12,113,122,143,0,4,10.7,météo correcte
2017-09-04,16,9,14,11,14,16,2.6,93,5.375,1006,97.75,16,15,11,248,122,122,0,3,8.2,météo défavorable
2017-09-05,21,13,17,17,21,15,2,75,10,1008,40.875,24,16,20,122,113,113,0,4,13.1,météo favorable
2017-09-06,16,11,6,14,16,13,2.2,92,5.875,1014,68.375,16,14,15,119,122,143,0,3,8.1,météo défavorable
2017-09-07,14,10,10,12,12,11,8.4,97,2.75,1012,78.875,14,13,12,248,248,143,0,3,9.4,météo défavorable
2017-09-08,15,9,9,11,14,10,0.3,92,4.5,1020,74.375,15,11,11,143,119,143,0,3,9.4,météo défavorable
2017-09-09,16,8,4,12,16,11,2.9,82,7.875,1027,42,17,13,16,116,116,113,0,3,11.9,météo correcte
2017-09-10,19,8,10,10,19,12,0,55,10,1029,23.625,20,9,16,119,113,113,0,4,12.9,météo favorable
2017-09-11,22,9,14,12,22,13,0,57,10,1026,0,24,13,21,113,113,113,0,4,12.9,météo favorable
2017-09-12,20,10,18,12,20,14,0,67,8,1017,25.5,20,14,18,113,116,113,0,3,12.8,météo favorable
2017-09-13,23,11,19,15,23,16,0,63,8,1010,3.875,25,15,20,113,113,113,0,4,12.8,météo favorable
2017-09-14,25,13,13,16,25,17,0,65,8,1015,7.125,26,16,22,113,113,113,0,4,11.6,météo favorable
2017-09-15,23,11,6,14,23,16,0,57,10,1019,9.25,25,15,21,113,113,113,0,5,11.6,météo favorable
2017-09-16,24,14,9,17,24,16,0.4,80,10,1021,26.125,26,18,21,113,116,116,0,5,10.2,météo favorable
2017-09-17,25,14,10,16,25,18,0,71,9,1021,23.25,26,19,23,116,113,113,0,5,11.6,météo favorable
2017-09-18,24,13,5,16,24,17,0,68,8,1021,15.5,26,18,24,113,113,113,0,4,11.6,météo favorable
2017-09-19,24,15,8,17,24,18,0.7,77,8,1020,32.625,26,19,21,116,113,113,0,4,10.2,météo favorable
2017-09-20,22,13,13,17,21,14,0,73,8,1020,14.125,24,17,20,113,113,113,0,4,11.6,météo favorable
2017-09-21,22,11,9,14,22,14,0,60,10,1022,0.25,25,14,21,113,113,113,0,5,11.6,météo favorable
2017-09-22,24,12,7,16,24,17,0,61,10,1022,10.5,26,16,23,113,113,113,0,5,11.6,météo favorable
2017-09-23,25,15,9,18,25,19,0,73,8,1017,41.625,26,19,23,116,116,143,0,5,11.6,météo favorable
2017-09-24,27,17,13,19,27,21,1.8,78,5.25,1018,51.125,29,22,24,143,116,176,0,5,10.2,météo favorable
2017-09-25,28,17,14,20,28,21,0.1,77,9,1018,16.625,29,21,25,116,113,113,0,5,11.6,météo idéale
2017-09-26,27,17,10,20,27,20,2.9,65,9.625,1015,10,29,20,26,113,113,113,0,6,11.6,météo idéale
2017-09-27,24,15,13,17,24,20,10.4,89,9.5,1013,37.875,26,20,22,116,116,356,0,5,10.2,météo correcte
2017-09-28,13,7,19,9,13,8,0,59,10,1013,17.625,13,11,9,116,116,113,0,4,11.6,météo correcte
2017-09-29,14,3,7,5,14,6,0,51,10,1021,10.125,15,3,12,113,113,113,0,3,11.6,météo correcte
2017-09-30,12,4,9,6,12,6,0,51,10,1027,42.25,13,2,11,116,113,113,0,2,11.6,météo très défavorable
2017-10-01,15,3,22,6,15,9,0,56,10,1026,3.25,15,6,10,113,113,113,0,3,11.6,météo correcte
2017-10-02,14,5,10,8,14,6,0,60,10,1035,13.375,15,7,11,116,113,116,0,3,11.6,météo correcte
2017-10-03,18,4,11,7,18,12,0,66,10,1036,11.5,19,11,14,113,113,113,0,4,11.6,météo favorable
2017-10-04,17,10,17,12,17,17,4.5,90,9.75,1024,68,17,17,16,122,122,122,0,4,5.9,météo défavorable
2017-10-05,15,9,20,9,15,12,0.6,69,7.625,1016,25.5,15,11,12,113,119,176,0,3,10.2,météo correcte
2017-10-06,14,7,15,12,14,8,0.6,61,9.625,1020,32.375,14,7,12,176,116,113,0,3,10.2,météo correcte
2017-10-07,15,6,5,8,14,14,4.3,97,6.375,1020,63.5,15,14,14,116,122,248,0,4,7.3,météo correcte
2017-10-08,20,13,25,16,20,15,10.6,97,5.375,1013,60,20,17,17,143,116,113,0,4,7.2,météo correcte
2017-10-09,16,12,5,14,15,14,2.6,97,4.75,1015,51.5,17,15,16,143,143,143,0,3,7.2,météo correcte
2017-10-10,19,9,14,12,19,11,0.2,82,7.875,1019,13.75,19,13,16,143,116,113,0,4,11.5,météo favorable
2017-10-11,10,4,11,5,10,6,0,54,10,1030,30.5,11,6,7,116,116,116,0,3,11.5,météo très défavorable
2017-10-12,14,3,5,5,14,7,0,57,10,1032,11,15,5,13,113,113,116,0,3,11.4,météo correcte
2017-10-13,15,4,10,6,15,12,0.2,58,9.375,1032,25.875,16,6,11,113,113,119,0,3,8.7,météo correcte
2017-10-14,14,10,15,11,13,11,1.2,95,5.75,1021,83.25,14,12,11,143,122,248,0,3,5.6,météo défavorable
2017-10-15,16,10,10,10,11,16,26.9,96,6.125,1020,91.75,16,15,9,122,143,122,0,4,4,météo très défavorable
2017-10-16,8,1,14,4,7,2,0,58,10,1021,22.25,8,6,4,113,113,113,0,1,8.7,météo très défavorable
2017-10-17,8,0,19,1,8,6,0.3,65,10,1022,54.125,8,3,0,116,116,122,0,2,5.5,météo très défavorable
2017-10-18,12,5,13,5,12,7,0,65,10,1021,19.375,12,7,7,113,113,113,0,2,8.7,météo très défavorable
2017-10-19,17,6,22,8,17,12,0.1,63,10,1019,12.25,17,9,13,113,113,116,0,4,8.7,météo correcte
2017-10-20,12,5,22,6,12,6,0,62,10,1019,11.875,12,5,7,113,116,113,0,3,8.7,météo très défavorable
2017-10-21,16,4,3,6,16,9,0,69,10,1027,13.75,16,8,14,113,113,113,0,3,8.7,météo correcte
2017-10-22,15,8,12,8,15,10,0,64,10,1030,40.125,15,7,12,119,113,116,0,4,8.7,météo correcte
2017-10-23,19,8,5,9,19,12,0,65,10,1025,15.5,20,10,16,113,116,113,0,4,8.7,météo favorable
2017-10-24,20,10,18,12,19,15,7.3,81,9.5,1017,53.5,20,15,18,116,119,116,0,5,7.1,météo correcte
2017-10-25,16,12,7,14,16,13,7,88,6.375,1007,82.125,17,16,14,143,122,119,0,3,3.8,météo défavorable
2017-10-26,11,9,7,9,11,10,6.2,93,8.5,1008,97.25,11,9,9,143,122,122,0,2,3.8,météo défavorable
2017-10-27,9,4,23,7,8,5,8.2,84,9.375,1018,71.625,9,8,3,122,122,113,0,2,5.4,météo très défavorable
2017-10-28,15,4,11,5,15,9,0,74,10,1018,12.5,15,8,11,113,113,113,0,3,8.7,météo correcte
2017-10-29,12,8,14,9,12,12,6.8,94,6.5,1012,91.625,12,11,10,143,122,122,0,4,3.8,météo défavorable
2017-10-30,16,5,34,14,10,6,19.2,90,7.875,1000,95.625,16,15,1,122,122,119,0,3,3.8,météo très défavorable
2017-10-31,7,2,28,4,7,4,4.1,73,8.625,1017,71.625,7,2,0,119,116,353,0.4,1,5.4,météo très défavorable
2017-11-01,5,-2,8,-1,5,2,0.4,58,9,1028,44.25,5,0,1,116,116,122,0,2,8.7,météo très défavorable
2017-11-02,10,2,7,3,6,9,15.5,98,6.5,1027,100,10,10,3,122,143,248,0,2,3.7,météo très défavorable
2017-11-03,11,3,24,9,10,4,11.7,87,6.625,1020,67.125,11,10,4,143,122,116,0,2,5.4,météo très défavorable
2017-11-04,4,0,12,0,4,0,0,56,10,1033,23.75,4,0,-1,113,116,116,0,2,8.7,météo très défavorable
2017-11-05,7,-1,13,0,4,5,4,86,8.5,1031,89.625,7,6,-1,122,122,143,0,2,3.7,météo très défavorable
2017-11-06,11,-1,14,11,8,0,15.4,93,8,1021,52.125,11,10,1,122,113,113,0,2,7,météo très défavorable
2017-11-07,2,-2,13,-2,2,-2,0,53,10,1027,10.125,2,0,-3,113,113,116,0,2,8.7,météo très défavorable
2017-11-08,3,-3,9,-3,3,-1,0,52,10,1027,26.125,4,0,-1,113,113,116,0,2,8.7,météo très défavorable
2017-11-09,5,-2,13,-1,5,-1,0,62,10,1023,51.25,5,0,0,119,116,113,0,1,8.7,météo très défavorable
2017-11-10,2,-8,34,-8,-7,-7,3.8,62,7.125,1021,85.25,2,0,-16,122,122,122,3,1,3.7,météo très défavorable
2017-11-11,-1,-6,18,-6,-1,-5,0,47,10,1034,22.75,0,0,-9,113,113,116,0,1,8.7,météo très défavorable
2017-11-12,0,-5,6,-4,0,-4,0,49,10,1033,48.625,0,0,-4,122,116,113,0,2,7,météo très défavorable
2017-11-13,1,-5,8,-5,1,-3,0,61,10,1031,20.625,2,0,-3,113,116,113,0,2,8.7,météo très défavorable
2017-11-14,1,-4,7,-3,1,-3,0,80,10,1031,46.5,1,0,-2,116,119,113,0,2,5.3,météo très défavorable
2017-11-15,2,-4,4,-4,2,-2,0,75,10,1028,18.125,2,0,0,113,113,113,0,2,8.7,météo très défavorable
2017-11-16,1,-2,7,-2,1,1,3.4,93,7.875,1016,95.375,1,0,-3,122,122,122,1.7,1,3.6,météo très défavorable
2017-11-17,1,-7,22,-2,-1,-6,0.1,67,9,1016,28.5,1,0,-10,116,113,113,0,1,8.7,météo très défavorable
2017-11-18,-1,-7,10,-7,-1,-1,0,54,10,1015,58.5,0,0,-5,116,122,119,0,2,5.3,météo très défavorable
2017-11-19,2,-4,23,2,2,-3,4.4,96,7.125,996,96.5,2,2,-7,122,143,119,0.4,1,3.6,météo très défavorable
2017-11-20,-6,-10,23,-7,-8,-10,0.1,65,9.625,1015,61,0,0,-16,122,122,113,0.1,1,3.6,météo très défavorable
2017-11-21,1,-10,4,-8,1,-2,0,79,10,1016,41.375,2,0,-4,122,113,116,0,2,8.7,météo très défavorable
2017-11-22,2,-5,7,0,2,-3,1.2,95,6,1015,70.375,3,2,-2,143,122,113,0,1,5.3,météo très défavorable
2017-11-23,-5,-9,14,-9,-5,-6,0.5,81,9,1017,41.625,0,0,-12,113,116,122,0.4,2,6.9,météo très défavorable
2017-11-24,1,-4,7,-4,-2,0,3.6,96,6.375,1012,87.875,1,0,-4,116,122,143,2.5,1,3.4,météo très défavorable
2017-11-25,3,-1,9,-1,2,1,3.2,97,7.375,1004,70.25,3,1,-1,116,122,248,0,1,5.1,météo très défavorable
2017-11-26,-1,-7,16,-4,-3,-6,0.3,74,9.375,1010,82.125,0,0,-10,122,122,119,0.2,1,3.4,météo très défavorable
2017-11-27,-7,-11,16,-8,-7,-10,0.1,69,10,1026,48.25,0,0,-14,116,119,113,0,1,5.1,météo très défavorable
2017-11-28,-1,-12,4,-12,-4,-3,0,66,10,1029,34.375,0,0,-10,116,116,116,0,2,6.9,météo très défavorable
2017-11-29,3,-7,18,1,1,-6,3.7,83,8.625,1027,40.875,3,0,-8,143,113,113,0,1,8.7,météo très défavorable
2017-11-30,0,-8,4,-8,0,-2,2.6,64,9,1027,42.625,1,0,-3,122,113,119,2.2,2,8.5,météo très défavorable
2017-12-01,2,-5,10,-1,2,-4,0.6,90,6.75,1026,49.125,2,0,-4,260,116,113,0.5,1,8.5,météo très défavorable
2017-12-02,-1,-5,3,-5,-1,-3,0,84,10,1027,77,0,0,-2,116,122,122,0,2,3.2,météo très défavorable
2017-12-03,0,-4,4,-4,0,-4,0,87,10,1028,55,1,0,-4,119,116,116,0,2,8.5,météo très défavorable
2017-12-04,0,-5,6,-5,0,-3,0,84,10,1033,43.75,1,0,-4,113,116,122,0,2,8.4,météo très défavorable
2017-12-05,3,-2,14,-1,1,2,11.7,89,6.375,1026,97.125,3,2,-4,122,122,143,1,1,3.2,météo très défavorable
2017-12-06,2,-3,24,-1,-1,-2,1.7,72,8.875,1008,47.75,3,2,-7,116,116,116,0,1,6.9,météo très défavorable
2017-12-07,-2,-4,21,-3,-2,-4,0.3,74,8.75,1009,89,0,0,-8,119,122,116,0.3,1,3.2,météo très défavorable
2017-12-08,-3,-5,15,-5,-3,-4,0.7,70,7.625,1012,90.25,0,0,-10,119,122,122,0.6,1,3.1,météo très défavorable
2017-12-09,-2,-6,6,-6,-2,-5,0,77,10,1015,52.625,0,0,-6,116,116,116,0,1,6.8,météo très défavorable
2017-12-10,-4,-10,19,-7,-4,-9,1.1,85,8.125,1010,82.125,0,0,-12,119,122,119,0.9,1,3.1,météo très défavorable
2017-12-11,-11,-15,9,-15,-11,-14,0.2,72,9.625,1019,30.375,0,0,-18,113,113,113,0.1,1,8.4,météo très défavorable
2017-12-12,-6,-14,22,-12,-10,-8,8.5,91,7,1018,92.375,0,0,-18,122,122,122,7.2,1,3.1,météo très défavorable
2017-12-13,-5,-15,23,-7,-7,-13,2.9,91,6,992,97.5,0,0,-18,143,122,122,2.4,1,3.1,météo très défavorable
2017-12-14,-15,-18,23,-18,-15,-16,0,83,10,1009,98,0,0,-27,122,122,122,0,1,3.1,météo très défavorable
2017-12-15,-15,-20,12,-20,-15,-17,0,90,10,1015,61.875,0,0,-25,116,113,122,0,1,6.8,météo très défavorable
2017-12-16,-9,-16,6,-16,-9,-15,0.2,87,9.375,1021,57.75,0,0,-16,119,122,113,0.1,1,5,météo très défavorable
2017-12-17,-14,-20,10,-20,-14,-19,0,85,10,1027,3.875,0,0,-22,113,113,113,0,2,8.3,météo très défavorable
2017-12-18,-9,-18,3,-16,-9,-13,0,81,10,1025,76.5,0,0,-12,122,116,116,0,1,5,météo très défavorable
2017-12-19,-2,-11,4,-8,-5,-3,3.2,96,4.625,1010,91,0,0,-6,143,143,143,2.7,1,3.1,météo très défavorable
2017-12-20,-4,-14,19,-7,-5,-13,0.1,83,9.5,1015,46.625,0,0,-16,116,119,113,0.1,1,6.8,météo très défavorable
2017-12-21,-14,-19,12,-19,-14,-17,0,84,10,1029,28.125,0,0,-23,113,116,113,0,2,6.9,météo très défavorable
2017-12-22,-11,-19,5,-19,-11,-14,0,80,10,1032,25.875,0,0,-17,119,113,113,0,2,8.7,météo très défavorable
2017-12-23,-5,-13,14,-11,-8,-6,7,97,6,1026,98.25,0,0,-14,122,122,143,6,1,3.3,météo très défavorable
2017-12-24,-8,-14,17,-10,-8,-14,0.1,83,10,1026,45.625,0,0,-15,119,113,119,0,2,8.7,météo très défavorable
2017-12-25,-11,-14,23,-13,-13,-14,2.8,95,6.375,1022,98.5,0,0,-22,122,122,143,2.4,1,3.3,météo très défavorable
2017-12-26,-13,-21,28,-14,-14,-19,0,70,10,1025,42.125,0,0,-26,113,119,116,0,1,6.9,météo très défavorable
2017-12-27,-22,-26,21,-26,-22,-23,0,80,10,1028,71.25,0,0,-35,116,122,122,0,2,3.3,météo très défavorable
2017-12-28,-20,-24,17,-24,-20,-21,0.4,84,8.75,1030,77.25,0,0,-32,122,119,116,0.3,1,3.3,météo très défavorable
2017-12-29,-18,-24,9,-24,-18,-22,0,93,10,1028,64.5,0,0,-27,113,122,122,0,2,3.3,météo très défavorable
2017-12-30,-19,-24,10,-24,-19,-23,0,89,10,1021,73.25,0,0,-28,122,122,119,0,2,3.3,météo très défavorable
2017-12-31,-19,-24,17,-21,-19,-23,0.1,80,10,1025,70.875,0,0,-31,116,119,116,0,1,5.1,météo très défavorable
2018-01-01,-20,-25,14,-24,-20,-22,0,84,10,1025,53.75,0,0,-31,116,122,116,0,2,5.1,météo très défavorable
2018-01-02,-20,-26,13,-26,-20,-21,0,94,8,1025,61.375,0,0,-31,113,122,143,0,2,5.1,météo très défavorable
2018-01-03,-12,-22,3,-21,-12,-13,0.5,95,6.75,1023,87.75,0,0,-15,119,122,143,0.4,1,3.3,météo très défavorable
2018-01-04,-8,-14,16,-12,-9,-8,3.2,89,8,1019,80.125,0,0,-15,119,122,122,2.6,1,3.3,météo très défavorable
2018-01-05,-9,-23,24,-14,-16,-21,1.3,83,6.375,998,96.125,0,0,-28,122,122,122,1.1,1,3.3,météo très défavorable
2018-01-06,-19,-25,26,-22,-19,-23,0.7,80,8,1023,86.375,0,0,-32,122,122,119,0.6,1,3.3,météo très défavorable
2018-01-07,-18,-26,15,-26,-21,-20,1,91,7.375,1029,73.25,0,0,-33,116,122,143,0.8,2,3.3,météo très défavorable
2018-01-08,-8,-18,6,-17,-11,-9,3.8,97,4.75,1019,99.5,0,0,-14,122,143,143,3.3,1,3.3,météo très défavorable
2018-01-09,-5,-14,24,-8,-7,-11,0.7,83,6.375,1026,72.25,0,0,-17,143,122,113,0.7,1,3.3,météo très défavorable
2018-01-10,-7,-15,8,-15,-7,-9,0,89,10,1030,48.625,0,0,-14,113,119,122,0,2,5.1,météo très défavorable
2018-01-11,3,-5,11,-1,2,2,1.7,99,2.375,1019,100,3,3,-2,143,248,248,0,1,3.3,météo très défavorable
2018-01-12,8,-3,17,5,7,4,23.4,98,4,1011,97.25,8,7,5,248,248,143,0,1,3.3,météo très défavorable
2018-01-13,-7,-19,15,-11,-12,-16,11.4,96,5.625,1029,79.125,0,0,-21,143,122,116,9.7,1,3.3,météo très défavorable
2018-01-14,-16,-24,10,-24,-16,-21,0,83,10,1045,0.5,0,0,-24,113,113,113,0,2,8.7,météo très défavorable
2018-01-15,-12,-22,11,-21,-12,-17,0,73,10,1048,23.125,0,0,-21,113,113,116,0,2,8.7,météo très défavorable
2018-01-16,-10,-16,6,-15,-10,-14,0,91,10,1037,98.125,0,0,-16,122,122,122,0,1,3.4,météo très défavorable
2018-01-17,-8,-13,8,-13,-8,-12,0.5,93,5.75,1030,86.5,0,0,-14,143,119,143,0.4,1,3.4,météo très défavorable
2018-01-18,-5,-10,16,-9,-5,-7,0.7,91,6.75,1014,93.875,0,0,-13,122,122,143,0.5,1,3.4,météo très défavorable
2018-01-19,-4,-8,12,-7,-4,-5,0.9,93,3.25,1012,100,0,0,-10,260,122,143,0.9,1,3.4,météo très défavorable
2018-01-20,1,-8,28,-1,1,-4,2.9,90,7.125,1012,72.75,2,0,-6,122,122,113,2.2,1,3.4,météo très défavorable
2018-01-21,-8,-13,11,-13,-8,-12,0,75,10,1026,19.5,0,0,-14,113,113,116,0,2,8.7,météo très défavorable
2018-01-22,-7,-14,8,-14,-7,-10,1.9,77,9,1031,40.5,0,0,-12,116,113,119,1.6,2,8.7,météo très défavorable
2018-01-23,-4,-11,19,-10,-6,-5,14.6,95,6.125,1023,100,0,0,-13,122,122,122,9.8,1,3.4,météo très défavorable
2018-01-24,-4,-17,25,-8,-11,-15,1.5,78,7.625,1018,61.25,0,0,-20,122,116,113,1.2,1,6.9,météo très défavorable
2018-01-25,-16,-23,15,-23,-16,-20,0,81,10,1032,17.25,0,0,-28,113,116,113,0,2,8.7,météo très défavorable
2018-01-26,-13,-22,10,-22,-13,-17,0,90,10,1039,18.625,0,0,-20,113,113,116,0,2,8.7,météo très défavorable
2018-01-27,1,-14,7,-12,-3,-1,3.6,91,8,1031,60,1,0,-7,116,122,143,0.2,2,5.2,météo très défavorable
2018-01-28,1,-14,21,-2,0,-11,0.7,87,8.625,1031,55.125,1,1,-9,116,122,113,0.6,1,5.2,météo très défavorable
2018-01-29,-9,-17,9,-16,-9,-14,0,86,10,1033,9.125,0,0,-16,113,113,113,0,2,8.7,météo très défavorable
2018-01-30,-10,-18,10,-16,-10,-16,0,87,10,1027,33.5,0,0,-18,113,116,116,0,2,8.7,météo très défavorable
2018-01-31,-13,-20,12,-20,-13,-15,2.2,88,8.375,1021,40.75,0,0,-23,113,116,332,1.9,2,7,météo très défavorable
2018-02-01,-1,-12,11,-9,-2,-2,2,94,5.75,1010,96.375,0,0,-7,122,122,122,1.7,1,3.5,météo très défavorable
2018-02-02,-9,-22,19,-19,-15,-20,0,75,10,1020,54.125,0,0,-26,113,119,116,0,1,5.3,météo très défavorable
2018-02-03,-17,-25,13,-25,-17,-19,0.4,87,8,1024,92.875,0,0,-28,122,122,143,0.3,1,3.5,météo très défavorable
2018-02-04,-3,-15,5,-12,-5,-4,7,96,3.75,1022,100,0,0,-9,143,122,260,6,1,3.6,météo très défavorable
2018-02-05,-3,-14,21,-4,-8,-14,0.6,82,6.375,1021,52.875,0,0,-19,143,113,116,0.5,1,8.7,météo très défavorable
2018-02-06,-8,-16,18,-12,-8,-10,0.7,88,5.75,1032,84.75,0,0,-17,143,122,119,0.7,1,3.6,météo très défavorable
2018-02-07,-11,-18,13,-17,-12,-12,3.7,95,8,1036,76.75,0,0,-18,122,122,122,3.2,2,3.6,météo très défavorable
2018-02-08,-10,-18,14,-18,-10,-14,0.3,83,7.75,1026,57,0,0,-18,113,119,143,0.2,1,5.3,météo très défavorable
2018-02-09,-10,-16,17,-14,-10,-15,0.2,87,7.375,1030,87,0,0,-19,143,122,116,0.3,1,3.9,météo très défavorable
2018-02-10,-5,-14,5,-11,-5,-8,2.1,94,6.125,1027,100,0,0,-8,122,122,260,1.7,1,3.9,météo très défavorable
2018-02-11,-3,-11,19,-10,-6,-5,5.3,88,8,1025,71.25,0,0,-12,116,122,122,4.5,2,3.9,météo très défavorable
2018-02-12,0,-13,27,-9,-6,-10,0.3,79,7.875,1035,70.625,0,0,-16,116,122,119,0.2,1,3.9,météo très défavorable
2018-02-13,-11,-21,14,-21,-11,-14,0,86,9,1043,32.25,0,0,-19,113,119,116,0,2,5.5,météo très défavorable
2018-02-14,-1,-15,19,-12,-2,-1,0.2,92,8.375,1026,72.375,0,0,-11,116,122,122,0.2,1,4,météo très défavorable
2018-02-15,1,-1,9,-1,0,1,2.5,100,5.125,1011,96.375,1,1,-3,260,248,248,0.1,1,4,météo très défavorable
2018-02-16,1,-14,13,-5,-3,-13,0.2,85,9.625,1019,40.5,1,0,-12,113,122,113,0.2,1,7.1,météo très défavorable
2018-02-17,-7,-18,9,-17,-7,-10,0,86,10,1027,51.125,0,0,-15,113,122,122,0,2,5.6,météo très défavorable
2018-02-18,-2,-8,16,-7,-3,-6,0,89,8,1030,71.25,0,0,-8,143,119,116,0,1,5.6,météo très défavorable
2018-02-19,1,-7,11,-7,1,0,0.4,92,7,1030,59.375,1,0,-5,119,113,122,0,1,8.7,météo très défavorable
2018-02-20,0,-2,18,0,-2,-2,6.5,94,6.375,1025,100,1,0,-7,143,122,122,0,1,4,météo très défavorable
2018-02-21,4,-8,21,2,3,-3,8.2,100,5.625,1034,70.125,4,4,-2,248,248,113,0,1,5.6,météo très défavorable
2018-02-22,-5,-12,10,-12,-5,-11,0,64,10,1042,38.25,0,0,-12,119,113,113,0,1,8.7,météo très défavorable
2018-02-23,-2,-13,5,-12,-2,-4,1.6,78,8.375,1042,56.5,0,0,-4,113,122,122,1.4,2,5.6,météo très défavorable
2018-02-24,0,-10,19,-1,-1,-8,0.1,75,9.25,1029,29.75,1,0,-7,116,113,113,0.1,1,8.7,météo très défavorable
2018-02-25,-1,-11,22,-10,-5,-3,5.4,91,8,1030,78,0,0,-13,116,122,122,4.6,2,4.1,météo très défavorable
2018-02-26,1,-4,23,-1,1,-3,0.7,86,8.625,1019,61.5,1,0,-5,116,116,116,0.7,1,7.2,météo très défavorable
2018-02-27,0,-7,17,-7,0,-1,2.3,89,9,1022,63,0,0,-6,116,116,122,2,2,5.6,météo très défavorable
2018-02-28,2,-4,10,-4,2,-1,6.9,96,5,1015,71.25,2,1,-3,116,143,338,5.9,2,5.7,météo très défavorable
2018-03-01,-1,-6,10,-2,-1,-6,0.8,93,7,1018,75,0,0,-4,143,122,113,0.7,1,5.7,météo très défavorable
2018-03-02,1,-6,28,-3,0,-1,0,88,10,1020,56.375,1,0,-6,116,122,116,0,2,4.2,météo très défavorable
2018-03-03,2,-3,15,-1,2,-2,0,95,10,1026,48.75,2,1,-3,119,116,116,0,2,7.2,météo très défavorable
2018-03-04,1,-3,18,-3,1,-3,0.1,87,9.625,1025,69.625,1,0,-5,116,119,122,0.1,1,4.2,météo très défavorable
2018-03-05,0,-6,19,-4,0,-4,0,82,10,1024,43.375,0,0,-6,116,116,113,0,1,7.2,météo très défavorable
2018-03-06,-1,-5,20,-5,-1,-3,0,85,10,1022,48,0,0,-7,116,119,113,0,2,5.7,météo très défavorable
2018-03-07,-1,-7,19,-7,-1,-3,0,83,10,1021,69.375,0,0,-8,116,122,119,0,2,4.2,météo très défavorable
2018-03-08,-2,-4,31,-4,-3,-3,5,88,6,1013,98.875,0,0,-10,122,122,122,4.2,1,4.2,météo très défavorable
2018-03-09,-1,-6,8,-4,-1,-5,0,97,5.75,1004,78.25,0,0,-4,143,260,143,0,1,5.7,météo très défavorable
2018-03-10,-1,-5,8,-4,-1,-4,1.1,91,5,1009,97.75,0,0,-4,143,122,122,0.9,1,4.3,météo très défavorable
2018-03-11,0,-5,4,-4,0,-3,1.1,86,6.75,1019,77.125,1,0,-1,122,119,143,0.9,1,5.8,météo très défavorable
2018-03-12,0,-6,10,-5,0,-3,0.1,89,9.375,1020,55.5,0,0,-3,116,116,116,0.1,2,7.2,météo très défavorable
2018-03-13,0,-4,26,-4,-1,-1,2.7,84,8,1018,98.125,0,0,-8,122,122,122,2.4,1,4.3,météo très défavorable
2018-03-14,-1,-4,26,-2,-1,-4,3.1,85,4.75,1000,92.875,0,0,-8,122,119,143,1.8,1,5.8,météo très défavorable
2018-03-15,1,-4,18,-3,1,-2,1.3,89,6,994,83.5,1,0,-5,119,122,119,1.1,1,6,météo très défavorable
2018-03-16,-4,-12,23,-8,-4,-10,0,74,10,1002,65.75,0,0,-12,116,122,116,0,2,7.4,météo très défavorable
2018-03-17,-10,-17,19,-17,-11,-14,0,76,10,1011,41.75,0,0,-23,113,119,116,0,2,8.8,météo très défavorable
2018-03-18,-9,-21,18,-18,-10,-13,0,80,10,1013,27.875,0,0,-19,113,116,113,0,2,10.2,météo très défavorable
2018-03-19,-6,-18,19,-17,-7,-8,0,78,10,1014,36.875,0,0,-18,116,116,116,0,1,11.6,météo très défavorable
2018-03-20,-3,-12,12,-12,-4,-8,0,83,10,1018,36.875,0,0,-12,116,119,113,0,2,8.8,météo très défavorable
2018-03-21,0,-12,13,-8,0,-2,0,93,10,1018,31,0,0,-5,113,116,113,0,2,12.5,météo très défavorable
2018-03-22,1,-5,17,-3,1,-3,0,87,10,1016,18.875,1,0,-5,116,113,116,0,2,12.6,météo très défavorable
2018-03-23,2,-8,6,-4,2,-2,0.3,92,9.625,1017,43,2,0,0,116,116,116,0.2,2,11.8,météo très défavorable
2018-03-24,0,-6,8,-5,0,-3,0.4,91,9,1026,80.125,0,0,-4,119,122,122,0.4,2,7.9,météo très défavorable
2018-03-25,0,-7,15,-4,0,-6,0.1,82,9.875,1040,22.75,0,0,-6,116,113,113,0,2,12.7,météo très défavorable
2018-03-26,2,-9,3,-5,2,-3,0,90,10,1043,14,3,1,1,113,113,113,0,2,12.7,météo très défavorable
2018-03-27,6,-5,11,-2,6,1,0,69,10,1039,42,7,0,2,113,122,119,0,2,10.6,météo très défavorable
2018-03-28,3,-1,7,0,3,0,2.2,98,2.25,1018,82.75,3,3,0,338,248,143,1.7,1,9.3,météo très défavorable
2018-03-29,6,-2,6,1,6,1,0.3,84,5.75,1018,63.375,7,2,3,116,122,248,0,1,11.9,météo très défavorable
2018-03-30,5,-2,14,2,5,1,4.6,100,4.875,1015,89.375,5,4,1,248,143,122,0,1,9.3,météo très défavorable
2018-03-31,2,-9,20,-6,1,0,1.1,81,7.625,1020,58.25,2,0,-6,113,122,338,0.9,2,10.6,météo très défavorable
2018-04-01,2,-8,28,2,1,-6,3.7,77,7.875,1018,80.5,2,2,-7,122,122,116,0.2,1,9.3,météo très défavorable
2018-04-02,-1,-12,15,-7,-2,-5,0.2,74,9.625,1020,37.625,0,0,-7,113,122,116,0.2,2,12.9,météo très défavorable
2018-04-03,2,-6,11,-3,1,-1,1.5,89,8.25,1020,85.125,2,0,-3,122,122,119,1.3,1,8.1,météo très défavorable
2018-04-04,-2,-6,37,-5,-5,-6,12.3,95,6,1012,100,0,0,-13,122,122,122,10.4,1,8.1,météo très défavorable
2018-04-05,-6,-12,28,-12,-7,-10,0.9,77,6.125,1014,95.25,0,0,-19,122,122,122,0.3,1,8.1,météo très défavorable
2018-04-06,0,-15,17,-10,-1,-5,0.5,83,8.625,1016,64.125,0,0,-10,116,122,122,0.5,2,10.7,météo très défavorable
2018-04-07,0,-5,15,-4,0,-4,3.7,93,5.25,1012,92.875,0,0,-5,143,122,122,3.1,1,8.2,météo très défavorable
2018-04-08,-2,-12,12,-7,-2,-9,0.5,78,9.625,1015,38.375,0,0,-6,116,119,113,0.4,2,10.7,météo très défavorable
2018-04-09,-4,-16,18,-13,-6,-9,0.1,78,9.625,1023,28.625,0,0,-14,113,119,116,0.1,2,13.2,météo très défavorable
2018-04-10,-1,-11,10,-6,-1,-5,0.2,93,9,1023,88.75,0,0,-5,122,119,122,0.2,1,8.3,météo très défavorable
2018-04-11,2,-9,9,-3,2,-3,0.5,96,8.625,1021,65.125,2,1,-3,116,122,122,0.4,2,9.5,météo très défavorable
2018-04-12,4,-3,9,-1,3,1,2.5,95,7.5,1017,87.25,4,3,-2,143,122,143,0.1,1,9.5,météo très défavorable
2018-04-13,5,0,18,1,5,1,0.1,93,6.5,1016,64.25,5,3,0,248,113,248,0,1,12,météo très défavorable
2018-04-14,-3,-12,15,-9,-5,-9,0,66,10,1035,28.25,0,0,-13,113,116,116,0,2,13.3,météo très défavorable
2018-04-15,-3,-13,15,-10,-4,-6,0,79,10,1039,48.5,0,0,-10,113,113,122,0,2,13.3,météo très défavorable
2018-04-16,1,-6,33,-5,-2,-1,9.3,91,8.5,1033,97.125,1,0,-11,122,122,122,3.9,1,8.6,météo très défavorable
2018-04-17,1,0,20,1,1,0,7.3,100,7.375,1004,100,1,1,-4,122,122,248,1,1,8.6,météo très défavorable
2018-04-18,4,-1,16,0,3,1,1.5,97,3.5,1001,86.75,4,3,-3,260,122,143,0.6,1,9.8,météo très défavorable
2018-04-19,5,-2,12,1,5,1,0.8,78,6.875,1009,72.75,5,0,0,116,122,143,0.4,1,8.7,météo très défavorable
2018-04-20,5,-1,13,2,5,0,1.1,83,8.375,1023,62.375,5,3,2,119,119,116,0.2,1,11,météo très défavorable
2018-04-21,5,-4,15,1,5,0,0,81,10,1026,37.875,6,1,0,113,122,116,0,2,13.3,météo très défavorable
2018-04-22,8,-4,11,0,8,1,0,63,10,1029,7.5,8,0,4,113,113,113,0,2,14,météo très défavorable
2018-04-23,12,-1,13,4,11,5,0,67,10,1031,34,12,5,7,113,113,122,0,3,12.2,météo très défavorable
2018-04-24,15,1,15,6,15,10,0.3,73,9.875,1024,57.375,15,11,11,113,113,119,0,2,12.2,météo très défavorable
2018-04-25,14,5,8,8,14,5,9.7,84,8,1017,90.125,14,9,11,122,122,248,0,2,9.9,météo très défavorable
2018-04-26,8,5,11,6,7,5,9.9,99,5.25,1005,96.75,8,8,4,248,248,248,0,2,8.8,météo très défavorable
2018-04-27,11,4,8,6,11,5,1.3,92,4.125,1010,96.75,12,8,7,143,122,248,0,2,8.8,météo très défavorable
2018-04-28,12,4,3,6,12,6,2.2,98,5.25,1012,69.625,13,10,8,248,119,113,0,2,11.1,météo très défavorable
2018-04-29,7,4,19,6,5,5,7.8,94,8.5,1012,87.25,7,5,2,122,122,122,0,2,8.9,météo très défavorable
2018-04-30,10,3,18,5,10,5,4.5,87,8,1017,66,10,6,4,119,119,266,0,2,10,météo très défavorable
2018-05-01,12,1,9,6,11,8,0,84,6,1016,58.25,12,9,9,116,119,143,0,2,11.1,météo très défavorable
2018-05-02,19,6,16,12,19,14,8.6,89,6,1010,56.625,19,15,17,116,122,143,0,3,11.2,météo correcte
2018-05-03,10,8,10,8,9,8,2.2,91,6.875,1013,94.125,11,9,7,122,122,122,0,2,8.9,météo défavorable
2018-05-04,12,5,14,9,12,7,3.9,85,7.875,1014,55.375,13,8,6,113,116,122,0,2,12.4,météo très défavorable
2018-05-05,14,6,24,7,14,9,0.6,71,9.25,1014,57.125,14,10,6,116,116,116,0,2,13.4,météo correcte
2018-05-06,16,5,9,10,16,10,0,53,10,1018,33.5,16,6,11,116,116,119,0,3,13.5,météo correcte
2018-05-07,12,0,13,5,12,6,0,27,10,1023,4.625,14,0,10,113,113,113,0,3,14.5,météo très défavorable
2018-05-08,18,2,23,8,18,12,0,44,10,1022,7.625,18,7,13,113,113,113,0,4,14.5,météo favorable
2018-05-09,18,7,13,10,17,13,0,44,10,1024,13.5,18,6,15,113,113,113,0,4,14.5,météo favorable
2018-05-10,21,8,22,15,21,14,1.2,94,8.875,1014,43.875,24,14,14,113,119,119,0,4,11.4,météo correcte
2018-05-11,9,-1,21,2,8,2,0,37,10,1022,3.375,9,0,2,113,113,113,0,2,14.5,météo très défavorable
2018-05-12,14,-1,17,6,13,8,0,32,10,1022,26.75,14,0,8,116,113,116,0,3,13.5,météo très défavorable
2018-05-13,17,2,19,11,17,11,0,37,10,1022,8.125,18,4,15,113,113,113,0,4,14.5,météo correcte
2018-05-14,21,7,23,12,21,15,0,72,10,1011,24.875,24,10,13,119,113,116,0,4,13.5,météo favorable
2018-05-15,16,3,20,13,16,8,0.6,89,9,1019,42.75,16,12,13,122,119,113,0,4,11.4,météo correcte
2018-05-16,16,-1,13,4,14,11,0.4,45,9.875,1023,20.125,16,8,9,113,116,116,0,3,14.5,météo très défavorable
2018-05-17,13,3,11,6,12,6,0.2,36,9,1027,18,14,9,10,113,113,113,0,3,14.5,météo correcte
2018-05-18,15,-1,7,5,14,8,0,28,10,1031,3,16,0,16,113,113,113,0,3,14.5,météo très défavorable
2018-05-19,20,4,11,11,20,11,3.9,44,9.625,1029,43,20,9,17,113,116,122,0,4,12.5,météo favorable
2018-05-20,16,7,16,11,15,10,2.4,69,8.875,1016,41.375,16,10,12,119,113,113,0,3,13.5,météo correcte
2018-05-21,19,5,26,12,19,13,0,40,10,1020,9.25,19,4,18,113,113,113,0,4,14.5,météo favorable
2018-05-22,23,7,24,14,23,14,0.4,61,10,1020,29.625,24,11,19,113,116,113,0,4,14.5,météo favorable
2018-05-23,15,6,12,14,15,9,1.9,86,9,1016,51.25,16,12,12,122,113,116,0,3,13.5,météo correcte
2018-05-24,16,4,17,10,16,12,0,43,10,1020,27.875,16,6,14,113,116,116,0,4,14.5,météo correcte
2018-05-25,25,10,21,17,25,18,5,74,9.625,1006,35.25,26,16,21,113,119,116,0,5,13.5,météo correcte
2018-05-26,20,9,10,15,20,12,0,39,10,1019,35,20,13,18,113,119,113,0,5,12.6,météo correcte
2018-05-27,20,5,14,12,20,14,0.1,63,10,1022,40.25,20,11,17,116,119,116,0,4,12.6,météo correcte
2018-05-28,16,8,11,13,13,13,1.2,93,8,1017,75.75,16,13,12,116,122,143,0,4,10.8,météo défavorable
2018-05-29,21,10,15,15,21,14,0,42,7.75,1021,14.125,23,13,19,113,113,113,0,4,14.5,météo favorable
2018-05-30,25,8,9,15,25,17,0,35,10,1023,16.625,26,10,21,113,113,113,0,5,14.5,météo favorable
2018-05-31,29,14,14,20,28,23,0,51,10,1015,29.75,29,18,25,113,113,113,0,6,14.5,météo favorable
2018-06-01,24,17,10,19,24,21,1.6,95,5.625,1008,71.625,26,20,21,143,119,116,0,5,11.7,météo défavorable
2018-06-02,20,9,17,15,20,13,0,43,10,1019,11.5,21,11,19,113,113,113,0,4,14.5,météo favorable
2018-06-03,16,5,16,9,16,11,0,42,10,1022,2.625,16,3,13,113,113,113,0,4,14.5,météo correcte
2018-06-04,9,5,18,9,7,5,4.5,92,6.5,1013,77,10,5,3,119,122,143,0,3,9.9,météo très défavorable
2018-06-05,12,6,13,7,10,8,3,94,6.125,1007,78.5,12,9,6,143,119,119,0,2,10.8,météo défavorable
2018-06-06,17,5,11,10,17,12,0.1,48,7,1014,40.875,18,8,16,119,113,113,0,3,13.6,météo correcte
2018-06-07,18,8,21,11,15,14,3.4,94,6.625,1016,75.375,18,12,11,143,119,116,0,3,10.8,météo défavorable
2018-06-08,19,8,18,11,19,14,0.6,40,7.875,1019,21.875,19,10,16,113,113,116,0,3,14.5,météo favorable
2018-06-09,18,6,18,12,18,12,0,40,10,1019,5,18,7,15,113,113,113,0,4,14.5,météo favorable
2018-06-10,17,4,10,11,17,11,0,35,10,1021,5.875,18,3,15,113,113,113,0,4,14.5,météo correcte
2018-06-11,20,5,3,13,20,13,0,38,10,1021,5.875,23,8,19,113,113,113,0,4,14.5,météo favorable
2018-06-12,23,7,31,14,23,19,0,47,10,1017,10,24,12,19,113,113,113,0,5,14.5,météo favorable
2018-06-13,20,10,15,16,20,13,7.3,59,9.625,1010,39.25,21,12,19,116,116,116,0,5,14.5,météo favorable
2018-06-14,12,7,23,10,12,9,1.5,79,9.875,1012,76.625,12,10,10,119,116,119,0,3,11.8,météo défavorable
2018-06-15,24,6,12,13,24,17,0,49,8,1013,12,25,13,20,113,113,113,0,4,14.5,météo favorable
2018-06-16,26,11,14,18,26,19,0,46,10,1014,5.375,26,14,23,113,113,113,0,5,14.5,météo favorable
2018-06-17,25,13,15,19,25,19,0.2,61,9.875,1016,38,26,17,22,116,116,116,0,5,14.5,météo favorable
2018-06-18,22,16,17,19,22,18,4.1,95,6.625,1010,77.5,25,21,20,122,122,248,0,5,10,météo défavorable
2018-06-19,22,10,19,13,21,15,0,51,8.75,1010,20,24,12,16,116,113,113,0,4,14.5,météo favorable
2018-06-20,21,10,23,16,18,17,1.8,85,10,1010,33.625,24,16,18,113,122,116,0,5,13.6,météo correcte
2018-06-21,18,5,9,11,18,12,0,36,10,1015,3.625,19,6,17,113,113,113,0,4,14.5,météo favorable
2018-06-22,21,7,17,14,21,16,0,50,10,1017,3.125,24,13,19,113,113,113,0,4,14.5,météo favorable
2018-06-23,22,11,15,17,22,16,0.1,73,9,1014,42.75,25,15,20,113,122,116,0,5,12.7,météo correcte
2018-06-24,18,11,10,16,15,12,2,88,5.25,1013,74,18,15,15,143,122,143,0,3,10,météo défavorable
2018-06-25,18,8,12,14,17,13,2,63,8.75,1021,13.875,19,10,17,113,116,113,0,3,14.5,météo favorable
2018-06-26,21,7,19,15,21,16,0,48,10,1024,16.125,24,11,20,113,113,122,0,4,13.6,météo favorable
2018-06-27,25,10,16,17,25,19,0,53,9,1016,12.5,25,16,22,113,113,113,0,5,14.5,météo favorable
2018-06-28,19,15,4,17,18,17,2.8,95,4.625,1011,91,20,17,17,122,122,143,0,4,10.9,météo défavorable
2018-06-29,26,15,14,18,26,21,1.3,89,6.375,1013,62.25,27,18,20,143,113,116,0,4,13.6,météo correcte
2018-06-30,24,16,12,18,23,22,5,83,9.5,1014,55,26,21,23,116,119,356,0,6,10.8,météo correcte
2018-07-01,26,16,10,18,26,21,0.6,61,7.625,1017,28.125,28,18,24,113,113,113,0,5,14.5,météo idéale
2018-07-02,31,18,20,23,31,26,2.5,80,9.75,1016,24.375,35,23,27,116,113,113,0,6,14.5,météo favorable
2018-07-03,29,19,19,23,29,23,0,47,7.75,1023,17.625,29,21,28,113,113,113,0,5,14.5,météo idéale
2018-07-04,30,18,16,24,28,24,0,55,10,1025,11,31,21,28,113,113,113,0,6,14.5,météo idéale
2018-07-05,31,18,19,24,31,25,1.2,61,9.875,1023,7,33,22,29,113,113,113,0,6,14.5,météo idéale
2018-07-06,22,10,24,20,18,13,4.5,53,9.625,1020,28.5,24,21,16,113,116,113,0,5,14.5,météo favorable
2018-07-07,23,8,16,14,23,17,0,50,10,1024,8.625,24,14,20,113,113,113,0,5,14.5,météo favorable
2018-07-08,25,14,27,18,25,20,0,58,10,1024,19.625,26,15,22,116,113,113,0,5,14.5,météo favorable
2018-07-09,26,14,24,19,26,20,1.8,57,9.875,1019,14.875,27,18,24,113,113,119,0,6,13.5,météo favorable
2018-07-10,24,12,15,19,24,16,0.2,58,7.5,1016,38.25,25,18,23,119,113,113,0,4,13.5,météo favorable
2018-07-11,22,8,10,16,21,16,0,45,10,1019,11.375,24,10,20,113,113,113,0,5,14.5,météo favorable
2018-07-12,21,11,9,17,21,16,0,51,10,1024,17.75,24,11,21,113,113,113,0,5,14.5,météo favorable
2018-07-13,25,11,6,18,25,18,0,49,10,1025,7.125,26,15,24,113,113,113,0,5,14.5,météo favorable
2018-07-14,18,15,7,15,17,17,2,97,5.25,1019,79.125,18,17,16,143,143,143,0,5,9.6,météo défavorable
2018-07-15,26,15,8,20,24,19,2.3,84,7.375,1015,38.375,28,20,22,116,113,113,0,4,14.5,météo favorable
2018-07-16,27,15,10,21,27,22,0,55,10,1015,9.875,28,17,26,113,113,113,0,6,14.5,météo idéale
2018-07-17,24,16,13,18,22,19,5.8,96,8.5,1008,58.75,26,20,21,143,122,116,0,5,11.5,météo correcte
2018-07-18,22,11,13,15,21,15,0,42,10,1016,6.25,24,11,19,113,113,113,0,5,14.5,météo favorable
2018-07-19,22,10,18,16,22,18,0,52,10,1018,9.5,25,15,21,113,113,113,0,5,14.5,météo favorable
2018-07-20,27,14,10,20,27,21,0,54,10,1021,7.625,29,18,25,113,113,113,0,6,14.5,météo favorable
2018-07-21,29,17,8,22,29,22,0,51,10,1021,4.125,32,17,28,113,113,113,0,6,14.5,météo idéale
2018-07-22,26,16,15,21,26,17,0.3,85,8,1021,41.375,27,17,20,116,116,122,0,5,12.5,météo favorable
2018-07-23,25,17,5,20,25,21,8.1,96,5.875,1022,84.25,27,22,21,122,119,143,0,5,9.5,météo défavorable
2018-07-24,27,19,18,21,27,22,4.5,84,7.5,1022,69.5,29,23,25,119,116,116,0,5,12.5,météo défavorable
2018-07-25,26,19,18,21,26,21,12.2,93,5.75,1017,72.625,28,22,23,119,116,143,0,5,10.5,météo défavorable
2018-07-26,22,19,8,20,21,20,7.3,96,4.625,1010,80.125,24,21,21,248,143,143,0,5,10.4,météo défavorable
2018-07-27,24,18,13,19,23,19,1.4,77,6.25,1013,45.25,26,19,23,116,113,116,0,5,14.5,météo favorable
2018-07-28,24,16,16,19,24,18,1.4,80,6.375,1014,38.125,25,19,22,116,113,113,0,4,14.5,météo favorable
2018-07-29,23,14,17,17,23,17,0.1,60,7.5,1016,47.875,25,16,21,119,116,113,0,4,13.5,météo favorable
2018-07-30,23,13,18,17,23,18,0.8,71,7.875,1018,16.375,25,17,23,113,113,113,0,4,14.5,météo favorable
2018-07-31,25,15,14,18,25,20,1.6,73,9.875,1019,13.875,26,18,23,116,113,113,0,5,14.5,météo idéale
2018-08-01,25,16,13,20,25,20,0.4,74,8.25,1018,40.875,27,19,23,116,119,116,0,6,12.4,météo correcte
2018-08-02,23,17,18,20,23,20,2.8,93,7.625,1017,57.25,25,20,21,122,116,113,0,5,12.4,météo correcte
2018-08-03,24,16,15,20,24,20,1.3,84,6.875,1020,25.375,26,20,22,116,113,113,0,5,14.5,météo idéale
2018-08-04,26,17,6,20,26,19,5.7,86,7.5,1020,29.5,28,20,23,116,113,113,0,5,14.5,météo favorable
2018-08-05,27,16,13,20,27,22,0.1,67,7,1019,20.75,29,20,26,116,113,113,0,5,14.5,météo idéale
2018-08-06,25,18,17,21,25,22,2.6,85,6.75,1016,40.5,27,22,25,116,119,143,0,5,13.4,météo correcte
2018-08-07,23,18,15,20,22,20,9.2,96,5,1012,72.5,25,21,20,248,356,143,0,5,11.3,météo défavorable
2018-08-08,26,16,9,20,26,19,1.6,88,7.875,1014,37.75,27,21,23,113,116,122,0,5,13.4,météo favorable
2018-08-09,23,15,14,20,23,18,4,82,8.625,1007,38.5,25,19,23,116,113,113,0,4,14.5,météo favorable
2018-08-10,23,11,17,15,22,17,0,54,8,1013,11.5,25,13,19,113,116,113,0,4,14.5,météo favorable
2018-08-11,25,12,13,17,25,18,0,64,9,1017,13,26,16,22,113,113,113,0,5,14.5,météo favorable
2018-08-12,27,14,6,20,27,19,0,55,10,1020,2.5,30,18,27,113,113,113,0,6,14.5,météo favorable
2018-08-13,28,16,9,21,28,21,0,61,10,1020,2.625,31,21,28,113,113,113,0,6,14.2,météo idéale
2018-08-14,27,18,9,22,27,21,3.4,70,9.75,1014,46.5,29,20,26,116,116,113,0,5,14.2,météo favorable
2018-08-15,26,14,15,20,26,18,5.7,77,7.375,1013,38.75,27,20,24,143,116,113,0,5,13.4,météo favorable
2018-08-16,20,11,4,15,20,14,0,57,10,1019,7.625,24,14,21,113,113,113,0,5,14.1,météo favorable
2018-08-17,24,11,6,16,24,17,11.3,85,8.25,1020,40.25,25,18,21,113,116,143,0,5,12.2,météo correcte
2018-08-18,22,14,14,16,22,16,0.2,65,9.375,1016,35.75,25,15,21,113,113,116,0,4,14,météo favorable
2018-08-19,23,12,9,16,23,15,0,52,10,1020,2.875,25,13,22,113,113,113,0,5,14,météo favorable
2018-08-20,25,12,7,17,25,17,0,57,10,1022,0.125,28,17,25,113,113,113,0,5,14,météo favorable
2018-08-21,24,14,8,18,24,19,0.2,67,10,1020,30.125,25,17,23,113,116,116,0,5,13.9,météo favorable
2018-08-22,19,14,18,16,19,16,18,98,6.75,1009,84.375,19,18,17,248,122,119,0,4,8.7,météo très défavorable
2018-08-23,22,10,19,14,21,15,0,53,10,1013,21.125,24,12,19,113,119,113,0,5,13.3,météo correcte
2018-08-24,24,12,17,17,24,18,0,67,10,1022,9.5,25,17,22,113,113,113,0,5,13.9,météo favorable
2018-08-25,25,14,11,18,25,18,0,63,10,1024,12.75,27,17,23,113,113,113,0,5,13.8,météo favorable
2018-08-26,24,16,14,18,24,18,1.3,85,7,1019,58.875,26,19,22,122,119,143,0,4,11,météo correcte
2018-08-27,26,16,15,18,26,19,0,67,4.25,1016,50.375,27,19,25,143,113,143,0,5,13.8,météo favorable
2018-08-28,24,17,23,20,24,22,3.5,93,6.625,1013,63.125,26,22,21,143,116,116,0,5,9.6,météo correcte
2018-08-29,23,13,11,18,20,19,4,96,8.5,1014,37.25,25,21,21,113,122,143,0,5,12,météo correcte
2018-08-30,18,9,10,13,18,11,0,62,8,1026,17.375,20,14,18,116,113,113,0,3,13.3,météo favorable
2018-08-31,20,7,8,12,20,13,0,56,10,1029,0.5,24,12,19,113,113,113,0,4,13.2,météo favorable
2018-09-01,20,12,8,14,20,16,0,79,9,1026,62.625,20,16,18,122,122,143,0,5,10.8,météo correcte
2018-09-02,20,17,7,18,19,18,2.5,96,5.625,1021,84.25,20,19,19,122,143,143,0,4,9.5,météo défavorable
2018-09-03,23,18,14,20,22,20,2.7,95,4,1019,85,25,22,21,248,122,248,0,5,8.2,météo défavorable
2018-09-04,23,13,10,16,23,16,0,60,9,1025,25,25,17,21,116,116,113,0,4,13.1,météo favorable
2018-09-05,25,14,14,16,25,21,3.2,81,8.625,1024,40.625,27,21,20,116,116,143,0,5,13.1,météo favorable
2018-09-06,22,11,12,17,20,12,1.1,54,9.875,1024,24.875,24,21,19,113,116,113,0,4,13,météo favorable
2018-09-07,19,9,18,13,19,12,0,51,10,1024,6.375,19,10,18,113,113,113,0,4,13,météo favorable
2018-09-08,13,5,12,8,13,7,0,51,10,1027,2.25,13,6,10,113,113,113,0,3,13,météo correcte
2018-09-09,15,3,5,7,15,7,0,47,10,1030,2,18,6,15,113,113,113,0,3,12.9,météo correcte
2018-09-10,17,5,12,9,17,12,0.2,52,9.875,1031,32,17,8,14,113,122,122,0,4,11.9,météo correcte
2018-09-11,15,10,5,11,15,14,2.4,97,6,1024,96.5,16,14,13,248,122,248,0,3,8,météo défavorable
2018-09-12,22,10,5,14,22,15,0,66,7.5,1027,25.5,26,16,22,113,113,113,0,4,12.8,météo favorable
2018-09-13,24,13,9,16,24,17,0,63,8,1027,1.375,26,18,24,113,113,113,0,4,12.8,météo favorable
2018-09-14,26,15,10,18,26,18,0,61,10,1026,0,28,18,26,113,113,113,0,5,11.6,météo idéale
2018-09-15,25,15,14,17,25,19,0,69,7,1021,17.625,26,19,23,113,113,116,0,4,11.6,météo idéale
2018-09-16,22,15,8,16,22,15,0.1,67,10,1024,39.75,25,16,20,122,113,113,0,4,10.2,météo favorable
2018-09-17,25,15,22,18,25,20,0.1,86,7.75,1019,40.75,27,19,21,143,113,113,0,5,10.2,météo favorable
2018-09-18,18,8,20,18,8,9,1.5,96,7.875,1014,80.75,18,17,5,143,122,122,0,4,6.1,météo défavorable
2018-09-19,14,6,12,10,14,8,0,68,9,1022,51.875,14,8,13,119,119,116,0,4,8.9,météo correcte
2018-09-20,17,7,4,10,16,10,0,65,9,1026,39,17,10,16,116,116,113,0,3,10.2,météo correcte
2018-09-21,18,8,15,10,13,16,8.3,97,7.875,1025,78.625,18,17,10,119,248,122,0,4,6.1,météo défavorable
2018-09-22,15,5,21,8,13,6,0.1,47,10,1023,10.75,15,13,8,113,113,113,0,3,11.6,météo correcte
2018-09-23,12,1,15,7,12,4,0,64,10,1033,27.125,12,4,9,116,116,113,0,3,11.6,météo très défavorable
2018-09-24,10,-1,8,3,10,4,0,37,10,1039,6.125,11,0,10,113,113,113,0,2,11.6,météo très défavorable
2018-09-25,12,3,13,6,12,10,6.1,95,8.25,1035,54.125,12,10,9,113,119,248,0,3,8.8,météo très défavorable
2018-09-26,19,11,20,13,19,16,15.2,98,5.5,1015,77.75,19,19,16,248,122,113,0,3,6,météo défavorable
2018-09-27,14,5,9,6,14,9,0,60,10,1022,22.25,15,8,14,113,116,122,0,3,11.6,météo correcte
2018-09-28,17,9,8,10,17,11,0.4,78,10,1021,73.875,17,12,12,122,116,116,0,3,7.4,météo défavorable
2018-09-29,13,6,15,9,13,9,1,70,8.75,1023,46.375,13,10,10,116,113,122,0,3,10.2,météo correcte
2018-09-30,12,4,14,6,12,7,0.8,72,8.875,1026,42.875,12,5,8,116,122,176,0,3,8.8,météo très défavorable
2018-10-01,11,2,10,4,11,5,0,56,10,1030,20.5,12,2,9,113,113,116,0,3,11.6,météo très défavorable
2018-10-02,8,5,18,5,8,7,0.5,79,8.375,1030,83.75,8,5,5,119,122,122,0,2,5.9,météo très défavorable
2018-10-03,13,6,8,7,13,7,0,71,9,1019,53.375,13,8,13,119,116,116,0,2,10.2,météo correcte
2018-10-04,16,4,20,10,14,8,1.2,97,5.625,1020,51.625,16,14,12,116,248,113,0,3,7.3,météo correcte
2018-10-05,11,0,8,2,11,5,0,42,10,1027,19,12,0,9,113,113,119,0,2,11.6,météo très défavorable
2018-10-06,12,2,9,4,12,8,0.9,66,9.875,1026,48.5,12,8,6,116,113,122,0,3,10.2,météo très défavorable
2018-10-07,11,2,6,5,11,3,0,71,8,1032,25.625,12,7,10,113,113,113,0,2,11.6,météo très défavorable
2018-10-08,10,1,9,3,10,7,3.4,62,9.625,1035,43.125,10,6,8,113,116,122,0,3,11.6,météo très défavorable
2018-10-09,18,7,15,11,17,17,4.1,97,3.625,1022,97,18,18,14,143,143,248,0,3,5.8,météo défavorable
2018-10-10,15,5,14,9,8,6,2.6,91,7.75,1019,96.75,15,15,4,122,122,122,0,2,5.8,météo très défavorable
2018-10-11,6,4,23,4,5,6,19.4,94,7.875,1015,100,6,6,1,122,122,122,0,2,5.7,météo très défavorable
2018-10-12,8,2,16,6,8,4,0.3,83,8,1004,65.25,8,6,5,143,119,116,0,2,7.2,météo très défavorable
2018-10-13,6,0,17,2,6,1,0.1,63,10,1014,44.25,6,0,2,116,116,116,0,1,7.2,météo très défavorable
2018-10-14,9,-1,19,0,9,3,0,61,10,1020,27.5,9,1,2,113,116,116,0,2,8.7,météo très défavorable
2018-10-15,11,2,13,4,11,8,3.8,92,7.5,1020,69.5,11,8,5,116,116,248,0,3,7.1,météo très défavorable
2018-10-16,5,1,29,2,5,1,1.4,60,8.875,1012,69.625,5,2,-2,119,119,116,0,1,7.1,météo très défavorable
2018-10-17,6,0,23,4,6,0,3.4,87,9.625,1009,66.625,6,3,1,122,119,116,0,1,5.5,météo très défavorable
2018-10-18,2,-3,26,-1,2,-3,0.1,42,9.625,1021,59.5,2,0,-4,116,116,122,0.1,2,8.7,météo très défavorable
2018-10-19,7,-2,13,0,7,6,0.5,84,9,1020,93.5,7,6,1,122,122,119,0,1,3.9,météo très défavorable
2018-10-20,9,1,27,6,9,3,6.1,91,8.375,1001,61.5,9,6,3,122,116,113,0,2,5.5,météo très défavorable
2018-10-21,3,-2,22,0,3,-2,0,53,10,1014,41.75,3,0,-4,116,119,116,0,2,5.5,météo très défavorable
2018-10-22,3,-3,17,-2,3,-2,0,46,10,1022,27.875,3,0,-4,113,116,113,0,2,8.7,météo très défavorable
2018-10-23,5,-3,12,-2,5,0,0.1,52,10,1023,49.125,5,0,-1,113,116,122,0,2,7.1,météo très défavorable
2018-10-24,5,-3,13,0,5,-2,0.3,70,9.875,1020,41.125,5,0,1,116,113,113,0,1,8.7,météo très défavorable
2018-10-25,2,-4,21,-1,2,-3,0,50,10,1017,22.5,2,0,-5,113,113,113,0,2,8.7,météo très défavorable
2018-10-26,2,-4,21,-3,2,-3,0,44,10,1023,10.875,2,0,-5,113,113,113,0,2,8.7,météo très défavorable
2018-10-27,3,-5,19,-3,3,0,2.6,44,9.125,1026,47.5,3,0,-4,113,116,122,0,2,8.7,météo très défavorable
2018-10-28,3,0,26,1,2,1,5.9,94,6.5,1016,100,3,1,-3,122,122,143,0,1,3.8,météo très défavorable
2018-10-29,5,1,5,1,5,3,0.7,96,2,1007,99.25,5,4,3,248,122,248,0,1,3.8,météo très défavorable
2018-10-30,4,-2,14,0,4,-1,0.5,84,7.625,1018,63.125,4,1,-1,116,122,116,0,1,5.4,météo très défavorable
2018-10-31,2,-3,6,-1,1,1,3.6,93,8.375,1019,74.125,3,1,-1,116,122,296,0,1,3.8,météo très défavorable
2018-11-01,4,1,9,1,4,2,0.1,96,3.5,1014,96.5,5,3,2,248,122,143,0,1,3.8,météo très défavorable
2018-11-02,3,2,23,2,2,2,7.1,92,6.25,1012,100,3,2,-2,122,122,122,0,1,3.7,météo très défavorable
2018-11-03,6,2,18,5,6,4,15.8,96,6.875,1008,100,6,5,2,143,122,122,0.7,1,3.7,météo très défavorable
2018-11-04,4,-2,23,0,4,-2,0,68,10,1037,39.5,4,0,-2,113,119,113,0,1,7,météo très défavorable
2018-11-05,4,-2,15,0,4,2,0.1,72,10,1037,70,4,0,-1,122,116,122,0,2,7,météo très défavorable
2018-11-06,8,2,15,3,6,7,6,96,8.5,1024,90.75,8,7,2,116,122,143,0,1,3.7,météo très défavorable
2018-11-07,7,4,30,7,7,5,2.9,83,8.75,1007,85.5,7,6,2,122,122,116,0,2,3.7,météo très défavorable
2018-11-08,5,0,21,3,5,1,0.4,79,10,1024,78.625,6,2,0,122,122,116,0,1,5.4,météo très défavorable
2018-11-09,3,-2,5,-2,3,1,2.6,68,9,1029,51.875,4,0,0,113,119,122,2.2,2,5.3,météo très défavorable
2018-11-10,1,-3,25,1,1,-1,10.8,98,6.75,1014,99.875,1,1,-7,122,122,122,0.4,1,3.7,météo très défavorable
2018-11-11,-2,-7,31,-5,-2,-6,0,52,10,1025,29.625,0,0,-11,116,113,113,0,1,8.7,météo très défavorable
2018-11-12,-2,-9,10,-9,-2,-6,0,71,10,1029,39.625,0,0,-9,113,116,116,0,2,7,météo très défavorable
2018-11-13,0,-6,5,-2,0,-2,4.6,97,4.75,1026,95.375,0,0,-2,143,122,143,3.9,1,3.6,météo très défavorable
2018-11-14,-9,-14,28,-14,-9,-12,0,67,10,1033,66.125,0,0,-21,122,122,116,0,2,3.6,météo très défavorable
2018-11-15,-7,-14,9,-14,-7,-10,0,79,10,1038,10.625,0,0,-14,113,113,113,0,2,8.7,météo très défavorable
2018-11-16,-6,-8,14,-7,-6,-7,4.8,92,6,1022,96.75,0,0,-12,122,122,143,4.1,1,3.6,météo très défavorable
2018-11-17,0,-9,17,-7,0,-6,0.4,87,7,1022,67.75,0,0,-8,143,122,113,0.3,1,5.3,météo très défavorable
2018-11-18,-7,-13,13,-13,-7,-12,0,89,10,1028,16.625,0,0,-14,113,113,113,0,2,8.7,météo très défavorable
2018-11-19,-3,-11,5,-9,-3,-5,0.8,95,8,1023,100,0,0,-6,122,122,122,0.8,1,3.6,météo très défavorable
2018-11-20,-6,-8,15,-8,-6,-8,1.6,91,7.375,1019,100,0,0,-12,122,122,122,1.4,1,3.6,météo très défavorable
2018-11-21,-8,-15,14,-11,-8,-14,0.8,86,6,1017,85,0,0,-16,143,122,116,0.7,1,5.3,météo très défavorable
2018-11-22,-12,-18,21,-18,-12,-15,0,76,10,1029,75.5,0,0,-23,119,122,119,0,1,3.5,météo très défavorable
2018-11-23,-10,-17,15,-17,-10,-13,0,90,10,1032,31.125,0,0,-18,113,116,116,0,2,8.7,météo très défavorable
2018-11-24,-1,-9,8,-8,-1,-5,0,91,10,1020,46.125,0,0,-6,116,116,113,0,1,8.7,météo très défavorable
2018-11-25,1,-3,15,0,0,-1,1.8,93,7.875,1015,90.875,1,0,-4,122,122,122,0.2,2,3.4,météo très défavorable
2018-11-26,1,-2,13,-1,1,-1,0.5,94,8,1016,99.875,1,0,-4,122,122,122,0.3,1,3.4,météo très défavorable
2018-11-27,1,-1,35,0,1,1,7.3,89,5.75,1009,95.625,1,0,-6,122,122,122,4.1,1,3.4,météo très défavorable
2018-11-28,1,-2,20,1,1,0,2.3,90,7.375,1001,88.25,1,0,-4,122,122,122,1.9,1,3.4,météo très défavorable
2018-11-29,1,-4,9,-3,1,-4,0.1,93,9.375,1013,59.375,2,0,-3,122,116,113,0.1,1,6.9,météo très défavorable
2018-11-30,-1,-6,7,-6,-1,-3,0,93,8,1018,52.5,0,0,-5,113,116,143,0,2,6.9,météo très défavorable
2018-12-01,0,-7,8,-7,0,-5,0,92,8,1024,50.75,0,0,-5,113,116,143,0,1,8.5,météo très défavorable
2018-12-02,0,-5,16,-4,-1,0,6.4,95,7,1022,89.5,1,0,-6,122,122,143,0.7,2,3.2,météo très défavorable
2018-12-03,1,-7,12,1,0,-6,3.4,99,4.875,1005,79.25,2,1,-6,248,122,113,0.6,1,3.2,météo très défavorable
2018-12-04,-7,-14,17,-12,-7,-13,0,82,10,1018,28.5,0,0,-15,113,122,113,0,2,6.9,météo très défavorable
2018-12-05,-7,-15,8,-15,-7,-13,0,94,9,1019,25.875,0,0,-13,113,116,143,0,2,8.4,météo très défavorable
2018-12-06,-5,-13,6,-11,-5,-7,0.7,96,4.5,1017,93.5,0,0,-8,143,122,260,0.6,2,3.2,météo très défavorable
2018-12-07,-5,-19,13,-7,-8,-18,0.1,88,8.375,1031,51.75,0,0,-19,119,116,113,0.1,1,8.4,météo très défavorable
2018-12-08,-13,-21,12,-21,-13,-18,0,91,9,1032,47.375,0,0,-22,116,122,119,0,2,5,météo très défavorable
2018-12-09,-9,-19,5,-17,-10,-9,1,95,5,1031,75.25,0,0,-16,122,122,143,0.8,1,3.1,météo très défavorable
2018-12-10,-9,-18,9,-17,-9,-17,0,90,10,1025,7.875,0,0,-17,113,113,113,0,2,8.4,météo très défavorable
2018-12-11,-9,-17,6,-16,-9,-12,0.2,91,9.375,1023,60.5,0,0,-14,113,116,122,0.2,2,6.8,météo très défavorable
2018-12-12,-10,-18,4,-17,-10,-17,0.1,85,9.625,1030,13.625,0,0,-13,113,113,113,0.1,1,8.4,météo très défavorable
2018-12-13,-7,-18,2,-17,-7,-12,0,75,10,1033,4.875,0,0,-11,113,113,113,0,2,8.3,météo très défavorable
2018-12-14,-1,-12,5,-8,-3,-2,3,96,6.875,1032,85.875,0,0,-6,122,143,143,1.5,2,3.1,météo très défavorable
2018-12-15,1,-6,18,0,1,-4,0.2,92,8.375,1027,53.375,1,0,-5,119,116,113,0.2,1,6.8,météo très défavorable
2018-12-16,0,-7,6,-6,0,-3,0,94,9,1026,41.75,1,0,-4,113,143,113,0,2,5,météo très défavorable
2018-12-17,-1,-6,5,-2,-1,-3,0,96,9,1011,87.625,0,0,-3,122,122,119,0,1,3.1,météo très défavorable
2018-12-18,-5,-11,19,-9,-5,-10,0,79,10,1016,44.625,0,0,-14,116,119,113,0,2,6.8,météo très défavorable
2018-12-19,-8,-15,11,-15,-8,-11,0,93,9,1018,29.5,0,0,-16,113,113,143,0,2,8.3,météo très défavorable
2018-12-20,-1,-9,5,-8,-1,-2,0,87,10,1018,37,0,0,-4,116,113,116,0,2,8.3,météo très défavorable
2018-12-21,5,-3,20,1,3,4,28.2,99,8.25,1013,93,5,5,-6,302,122,122,0,1,3.1,météo très défavorable
2018-12-22,5,-5,21,4,1,-4,10.8,98,5.25,1004,82.75,5,5,-7,248,122,116,0.2,1,3.3,météo très défavorable
2018-12-23,-6,-13,14,-10,-7,-12,0,84,10,1021,14.25,0,0,-15,113,116,113,0,2,8.7,météo très défavorable
2018-12-24,-8,-16,7,-14,-8,-13,0,83,10,1020,17.875,0,0,-14,113,113,116,0,2,8.7,météo très défavorable
2018-12-25,-10,-16,12,-16,-10,-15,0,81,10,1027,14.875,0,0,-18,113,113,116,0,2,8.7,météo très défavorable
2018-12-26,-9,-16,14,-16,-9,-13,0.1,85,9.375,1031,33.75,0,0,-18,116,119,113,0.1,2,5.1,météo très défavorable
2018-12-27,-11,-18,9,-18,-11,-13,0,84,10,1039,29,0,0,-19,113,113,119,0,2,8.7,météo très défavorable
2018-12-28,1,-11,9,-9,-4,0,3.2,96,4.75,1031,95.5,1,1,-10,122,122,143,2.4,1,3.3,météo très défavorable
2018-12-29,2,-18,17,0,-7,-15,1.5,79,8.25,1025,36.25,2,2,-19,116,113,113,0.1,1,8.7,météo très défavorable
2018-12-30,-11,-19,5,-18,-11,-16,0,85,10,1025,52.875,0,0,-15,122,119,113,0,2,5.1,météo très défavorable
2018-12-31,-3,-14,3,-10,-3,-6,0.2,93,10,1026,86.375,0,0,-5,122,119,119,0.1,1,3.3,météo très défavorable
2019-01-01,-4,-9,15,-8,-4,-10,32.3,88,5.75,1021,67,0,0,-9,338,335,116,26,1,3.3,météo très défavorable
2019-01-02,-16,-21,11,-20,-16,-18,0,71,10,1028,12.5,0,0,-26,113,116,116,0,2,8.7,météo très défavorable
2019-01-03,-10,-19,6,-20,-11,-12,2.5,81,5.5,1022,97.375,0,0,-16,338,122,338,2,1,3.3,météo très défavorable
2019-01-04,-2,-8,15,-7,-2,-5,11.4,90,2.375,1009,99.5,0,0,-6,338,338,338,9.7,1,3.3,météo très défavorable
2019-01-05,1,-3,5,-2,0,-1,0.3,89,5.375,1009,90.875,2,0,-1,326,260,122,0.2,1,3.3,météo très défavorable
2019-01-06,-3,-10,17,-4,-3,-11,0.9,75,7.375,1022,71.25,0,0,-11,338,329,116,0.7,1,5.1,météo très défavorable
2019-01-07,-13,-18,6,-18,-14,-14,0,65,10,1032,30.125,0,0,-20,113,119,119,0,2,6.9,météo très défavorable
2019-01-08,-6,-11,18,-12,-8,-6,10.9,91,4,1026,99.375,0,0,-16,338,338,338,9,1,3.3,météo très défavorable
2019-01-09,-2,-6,16,-5,-2,-4,22.5,91,3,1006,95.125,0,0,-9,338,338,338,19.1,1,3.3,météo très défavorable
2019-01-10,-4,-8,19,-4,-6,-9,2.9,75,6.375,1012,87.375,0,0,-11,338,329,326,2.4,1,3.3,météo très défavorable
2019-01-11,-13,-18,19,-15,-17,-18,0.3,65,10,1022,73.5,0,0,-26,326,326,116,0,1,3.3,météo très défavorable
2019-01-12,-15,-21,15,-21,-18,-17,0.2,68,9.375,1033,59,0,0,-29,323,332,116,0.1,2,3.3,météo très défavorable
2019-01-13,-14,-21,9,-21,-15,-20,0,73,8.75,1035,41.5,0,0,-20,116,116,260,0,2,8.7,météo très défavorable
2019-01-14,-12,-19,7,-21,-13,-13,0,75,8,1030,41.125,0,0,-22,116,116,143,0,2,8.7,météo très défavorable
2019-01-15,-10,-16,6,-15,-10,-13,0.4,82,9,1019,87,0,0,-13,326,119,332,0.2,1,3.4,météo très défavorable
2019-01-16,-4,-9,19,-8,-4,-10,9.6,88,3.125,1018,92.625,0,0,-12,338,338,335,7.7,1,3.4,météo très défavorable
2019-01-17,-17,-25,12,-24,-19,-21,0,64,9,1029,30.5,0,0,-30,116,119,143,0,2,6.9,météo très défavorable
2019-01-18,-10,-15,4,-16,-11,-11,3.6,80,6.375,1025,88.375,0,0,-16,122,338,335,2.2,1,3.4,météo très défavorable
2019-01-19,-17,-26,6,-25,-21,-21,0,57,9,1032,47.625,0,0,-24,116,122,143,0,2,6.9,météo très défavorable
2019-01-20,-18,-20,27,-18,-19,-18,21.1,75,2.5,1029,98.375,0,0,-30,338,230,338,10.5,1,3.4,météo très défavorable
2019-01-21,-15,-17,12,-18,-16,-16,4.3,68,3.5,1016,91.5,0,0,-22,338,338,332,3.6,1,3.4,météo très défavorable
2019-01-22,-14,-20,15,-20,-14,-16,0,58,10,1032,20,0,0,-26,116,113,116,0,2,8.7,météo très défavorable
2019-01-23,-8,-14,5,-13,-10,-8,7.5,86,3.625,1029,100,0,0,-12,338,338,338,6.4,1,3.4,météo très défavorable
2019-01-24,0,-3,12,-3,-3,0,46.5,96,5.25,1005,100,1,0,-6,308,308,302,7.1,1,3.4,météo très défavorable
2019-01-25,-6,-12,10,-10,-10,-10,5.2,72,6.125,1010,78,0,0,-15,116,326,338,3.1,1,7,météo très défavorable
2019-01-26,-15,-20,6,-19,-15,-19,0.3,65,9.25,1027,55.5,0,0,-18,122,116,116,0.2,1,5.2,météo très défavorable
2019-01-27,-10,-15,17,-16,-11,-10,12.9,84,6,1027,84.125,0,0,-21,329,338,335,7.4,1,3.5,météo très défavorable
2019-01-28,-12,-21,19,-20,-20,-20,0.1,57,10,1025,35.625,0,0,-30,116,116,116,0.1,1,8.7,météo très défavorable
2019-01-29,-16,-18,21,-19,-17,-16,4.6,72,7,1025,89.25,0,0,-27,122,122,338,3.8,1,3.5,météo très défavorable
2019-01-30,-8,-12,25,-11,-8,-13,18.6,83,3.75,1012,91.875,0,0,-17,338,338,323,15.7,1,3.5,météo très défavorable
2019-01-31,-17,-19,24,-19,-18,-19,1.1,68,6.75,1019,97,0,0,-28,332,332,329,0.9,1,3.5,météo très défavorable
2019-02-01,-16,-21,24,-22,-17,-16,0.7,68,7.75,1022,92.625,0,0,-30,332,332,329,0.5,1,3.5,météo très défavorable
2019-02-02,-13,-18,15,-19,-16,-13,1.7,75,4,1023,87.75,0,0,-25,260,332,338,1.4,1,3.5,météo très défavorable
2019-02-03,-14,-19,5,-19,-14,-14,0.4,69,8.75,1023,75.375,0,0,-21,122,122,332,0.3,2,3.5,météo très défavorable
2019-02-04,-5,-8,9,-8,-6,-5,2.3,88,4.5,1016,96.375,0,0,-10,332,260,317,1.4,1,3.6,météo très défavorable
2019-02-05,0,-5,20,-2,0,-6,14.6,96,7.5,1021,90.75,1,0,-5,302,317,329,1,1,3.6,météo très défavorable
2019-02-06,-8,-17,4,-14,-9,-9,0,74,10,1029,45.125,0,0,-12,119,116,119,0,2,5.3,météo très défavorable
2019-02-07,-4,-8,14,-8,-5,-5,0.7,85,8.125,1027,97.875,0,0,-12,326,122,338,0.6,1,3.6,météo très défavorable
2019-02-08,0,0,24,-4,-1,-3,25.5,91,6.375,1015,92.875,1,0,-7,308,320,122,0.1,1,3.6,météo très défavorable
2019-02-09,-11,-15,35,-14,-13,-12,0.2,56,17.625,1030,71.875,0,0,-25,122,122,116,0,1,3.9,météo très défavorable
2019-02-10,-10,-17,19,-17,-11,-11,0.7,69,13.625,1032,50.125,0,0,-22,116,326,338,0.4,2,7.1,météo très défavorable
2019-02-11,-10,-19,13,-18,-13,-12,0,63,13.75,1030,6.375,0,0,-24,113,116,116,0,2,8.7,météo très défavorable
2019-02-12,-12,-20,11,-21,-13,-12,0.3,67,10.875,1036,37,0,0,-17,116,116,119,0.3,2,7.1,météo très défavorable
2019-02-13,-8,-9,30,-9,-9,-8,36.1,83,4.625,1020,98.5,0,0,-17,230,230,338,8.9,1,4,météo très défavorable
2019-02-14,-5,-9,14,-10,-5,-6,3.5,79,7,1014,91.625,0,0,-13,338,338,323,2.8,1,4,météo très défavorable
2019-02-15,-4,-8,17,-9,-7,-4,19.4,88,7.125,1017,96.875,0,0,-12,332,338,338,16.5,1,4,météo très défavorable
2019-02-16,-3,-6,16,-4,-3,-7,2.7,74,10.625,1014,84.375,0,0,-9,122,329,323,0.3,1,4,météo très défavorable
2019-02-17,-9,-18,12,-17,-11,-10,0,65,15,1022,13.875,0,0,-21,116,116,116,0,2,8.7,météo très défavorable
2019-02-18,-12,-19,4,-18,-12,-14,0.1,74,10.625,1025,50,0,0,-16,116,122,116,0,2,5.6,météo très défavorable
2019-02-19,-13,-20,17,-20,-15,-14,0.1,64,10,1032,33.875,0,0,-26,116,119,323,0,2,7.1,météo très défavorable
2019-02-20,-12,-20,10,-20,-13,-12,0.1,69,9,1034,51.125,0,0,-18,116,122,143,0,2,5.6,météo très défavorable
2019-02-21,-6,-14,10,-11,-7,-7,13.6,83,4,1026,92.375,0,0,-15,338,338,338,10.6,1,4,météo très défavorable
2019-02-22,-4,-13,12,-12,-4,-6,0.2,76,10,1030,43,0,0,-13,116,119,329,0.1,2,7.2,météo très défavorable
2019-02-23,-3,-13,11,-13,-6,-4,0.3,77,17.375,1032,44.375,0,0,-11,116,326,332,0.3,2,7.2,météo très défavorable
2019-02-24,-3,-9,24,-6,-3,-3,41.5,85,5,1024,94,0,0,-9,332,338,338,35.3,1,4.1,météo très défavorable
2019-02-25,-3,-14,26,-3,-3,-8,19.5,80,1.375,1006,99.625,0,0,-11,338,338,230,14.2,1,4.1,météo très défavorable
2019-02-26,-15,-19,25,-19,-16,-16,0.3,54,8.75,1023,72.25,0,0,-27,116,122,326,0.2,1,5.6,météo très défavorable
2019-02-27,-13,-21,12,-21,-16,-15,0.2,58,8.75,1024,54.375,0,0,-27,116,326,332,0.2,2,7.2,météo très défavorable
2019-02-28,-11,-20,14,-19,-12,-13,0,67,9,1024,50.875,0,0,-22,116,116,143,0,1,8.7,météo très défavorable
2019-03-01,-9,-18,9,-18,-10,-10,0,75,7.875,1026,67.875,0,0,-20,143,326,323,0,1,5.7,météo très défavorable
2019-03-02,-10,-18,16,-14,-10,-11,0.5,75,9,1024,50.875,0,0,-16,116,119,332,0.4,2,7.2,météo très défavorable
2019-03-03,-8,-14,17,-11,-9,-10,3.9,76,3.5,1010,100,0,0,-15,338,338,338,3.3,1,4.2,météo très défavorable
2019-03-04,-2,-16,12,-16,-2,-4,2.6,93,5.375,1014,93,0,0,-15,338,332,179,2,1,4.2,météo très défavorable
2019-03-05,-9,-16,16,-15,-11,-12,1.4,89,5.125,1013,72.5,0,0,-21,329,332,338,0.9,1,7.2,météo très défavorable
2019-03-06,-11,-21,15,-20,-12,-13,1.4,86,7.875,1016,77.875,0,0,-22,116,371,338,1.1,1,5.7,météo très défavorable
2019-03-07,-12,-23,17,-22,-15,-12,0.9,89,7.5,1021,80.25,0,0,-27,116,332,338,0.8,1,5.7,météo très défavorable
2019-03-08,-8,-19,22,-19,-11,-9,1.7,95,3.625,1022,97.125,0,0,-22,326,338,338,1.4,1,4.2,météo très défavorable
2019-03-09,-4,-14,8,-8,-6,-7,1.3,82,7.875,1034,56.375,0,0,-14,179,116,323,0.9,1,8.7,météo très défavorable
2019-03-10,-4,-13,17,-12,-5,-5,21.6,93,6.625,1034,66.25,0,0,-15,122,338,338,18.4,2,4.3,météo très défavorable
2019-03-11,1,-5,24,0,0,-1,17.6,92,2.875,1007,98.125,1,0,-6,338,338,338,15,1,4.3,météo très défavorable
2019-03-12,-4,-10,15,-8,-6,-5,0.5,84,9,1022,65,0,0,-14,329,119,116,0.3,1,5.8,météo très défavorable
2019-03-13,-3,-11,12,-10,-4,-3,0.4,97,7.375,1025,88.75,0,0,-11,143,332,332,0.3,1,4.3,météo très défavorable
2019-03-14,1,-5,4,-4,1,0,0.2,100,2.125,1025,90.875,1,2,-2,326,248,248,0,1,4.3,météo très défavorable
2019-03-15,4,1,17,2,4,2,12.8,100,6.25,1011,84.25,4,4,-1,302,302,266,0,2,6,météo très défavorable
2019-03-16,2,-11,24,1,-2,-6,7.7,90,4.875,1009,94.5,2,2,-10,338,338,371,5.9,1,6,météo très défavorable
2019-03-17,-5,-14,21,-14,-7,-5,1.1,86,16.25,1017,61.375,0,0,-18,116,338,335,0.7,2,8.8,météo très défavorable
2019-03-18,-5,-15,15,-15,-7,-6,0.2,89,17.25,1025,67.75,0,0,-18,119,332,119,0.1,2,7.4,météo très défavorable
2019-03-19,-4,-15,13,-14,-6,-5,0.1,86,10.625,1029,30.75,0,0,-14,116,116,119,0,2,11.6,météo très défavorable
2019-03-20,0,-10,10,-8,-2,-1,0.6,98,7.125,1028,95.75,0,0,-8,143,332,122,0.3,1,6,météo très défavorable
2019-03-21,2,-5,4,-4,1,1,3.6,100,8.125,1021,84.75,2,2,-2,122,332,296,0.1,2,6.1,météo très défavorable
2019-03-22,2,-5,12,1,1,1,21.3,100,5.375,1010,98.375,2,2,-3,338,338,317,6.7,1,7.9,météo très défavorable
2019-03-23,2,-5,19,2,1,-1,3.3,88,9.125,1009,59,2,1,-4,335,116,116,0.6,1,10.5,météo très défavorable
2019-03-24,0,-9,19,-5,0,-3,0.9,91,7.75,1016,57.5,0,0,-7,332,338,116,0.3,2,9.2,météo très défavorable
2019-03-25,-4,-12,22,-11,-6,-5,0.9,79,9.125,1017,50.5,0,0,-16,116,122,371,0.8,2,10.5,météo très défavorable
2019-03-26,-3,-13,19,-13,-6,-4,1.5,80,9,1026,54.625,0,0,-16,116,326,311,0.7,1,11.9,météo très défavorable
2019-03-27,0,-11,13,-10,-2,-1,0,94,10.375,1031,28.75,0,0,-8,116,116,116,0,2,12.7,météo très défavorable
2019-03-28,3,-6,12,-5,2,2,8.8,97,17.875,1026,60.5,3,2,-3,116,119,302,0,2,10.6,météo très défavorable
2019-03-29,2,-3,6,1,1,2,7.7,99,13.75,1021,90.5,2,2,-1,338,338,179,2,1,8,météo très défavorable
2019-03-30,1,-4,15,-4,0,1,18,96,13.75,1022,74.875,1,0,-6,122,338,338,9.3,2,9.3,météo très défavorable
2019-03-31,4,-5,12,3,4,0,31.2,100,6.125,1011,89.75,4,4,-1,299,308,338,8.5,1,8,météo très défavorable
2019-04-01,-2,-7,22,-6,-4,-2,0.2,80,9.5,1019,61,0,0,-13,116,116,116,0,1,12.9,météo très défavorable
2019-04-02,2,-5,15,-5,0,2,0.6,91,8.375,1025,84.125,2,0,-8,332,371,311,0.3,1,8.1,météo très défavorable
2019-04-03,4,-1,11,-1,4,2,5,91,9.25,1021,66.125,4,3,-1,116,353,335,3.4,1,11.9,météo très défavorable
2019-04-04,-2,-8,32,-5,-4,-5,2.2,73,3.25,1027,86.625,0,0,-13,230,230,371,1.3,1,8.1,météo très défavorable
2019-04-05,-1,-9,12,-9,-2,-1,0,79,10,1032,36.625,0,0,-11,116,116,122,0,2,12,météo très défavorable
2019-04-06,2,-2,13,-1,2,2,3.2,96,4.375,1020,88.5,2,2,-3,338,122,143,2.6,1,8.2,météo très défavorable
2019-04-07,3,-4,12,-2,2,1,0,85,9,1025,21.125,3,0,-4,116,116,116,0,1,13.1,météo très défavorable
2019-04-08,-4,-8,28,-5,-4,-4,25,94,4.375,1025,90.25,0,0,-12,338,230,338,18.9,1,8.2,météo très défavorable
2019-04-09,-1,-5,23,-5,-1,-1,14.6,93,5.375,1012,90,0,0,-8,326,338,338,11.3,1,8.2,météo très défavorable
2019-04-10,1,-5,6,-4,1,-1,6.1,98,4.875,1015,86.625,1,1,-4,332,338,335,4.8,1,8.2,météo très défavorable
2019-04-11,3,-5,9,-4,2,1,0,97,5.5,1027,49.75,3,2,-4,116,143,143,0,2,12,météo très défavorable
2019-04-12,4,-2,9,0,4,2,8.1,99,3.875,1027,84.25,4,4,0,143,266,302,0,1,8.3,météo très défavorable
2019-04-13,9,1,18,4,7,6,4.2,100,5.625,1014,87,9,6,3,266,176,176,0,2,8.3,météo très défavorable
2019-04-14,4,-3,10,-2,2,3,2,99,8.25,1016,54,4,3,-3,116,371,293,0,2,9.6,météo très défavorable
2019-04-15,3,1,21,3,3,2,30.6,96,5.875,1007,98.5,3,3,-2,308,302,296,1,1,8.6,météo très défavorable
2019-04-16,4,-1,17,1,3,3,4.9,94,6.25,1013,71,4,2,-2,335,362,371,3.6,1,11,météo très défavorable
2019-04-17,8,-2,5,-1,7,7,0,85,10,1024,12.875,8,4,3,113,116,116,0,3,13.8,météo très défavorable
2019-04-18,5,-3,11,1,5,3,13.9,92,9,1023,70.375,5,4,1,122,302,302,0,2,8.7,météo très défavorable
2019-04-19,7,3,6,7,6,5,44.2,99,6.75,1011,93.75,7,7,4,308,302,299,0,2,8.7,météo très défavorable
2019-04-20,7,3,26,4,6,5,25.5,89,6.625,1016,93.25,7,4,0,308,176,296,0,2,8.7,météo très défavorable
2019-04-21,17,6,12,9,16,16,1,93,5.375,1018,65.5,17,13,12,248,119,116,0,3,11,météo défavorable
2019-04-22,14,5,13,6,13,12,0,78,9.375,1025,11.625,14,7,8,116,116,116,0,4,14,météo correcte
2019-04-23,10,2,22,4,9,8,0.6,63,9,1024,47.375,10,1,3,116,122,266,0,3,12.2,météo très défavorable
2019-04-24,4,0,18,2,4,3,17.4,89,7,1010,88.625,4,2,-1,308,296,263,0,1,8.8,météo très défavorable
2019-04-25,9,1,5,2,8,7,0.3,82,10,1014,80.25,9,4,5,176,122,176,0,2,8.8,météo très défavorable
2019-04-26,11,3,19,4,11,6,18.5,76,7.875,1015,60.375,11,6,6,116,266,308,0,3,11.1,météo très défavorable
2019-04-27,10,4,19,7,10,5,73.7,94,5.375,1000,100,10,9,3,308,308,296,0,2,8.8,météo très défavorable
2019-04-28,6,-2,18,0,4,4,0.4,70,8.75,1019,67.375,6,1,-3,326,119,116,0.3,1,10,météo très défavorable
2019-04-29,6,-2,21,-2,4,5,0,55,10,1028,9.375,6,0,-4,113,116,116,0,2,14.2,météo très défavorable
2019-04-30,8,0,17,1,7,6,0,57,10,1029,27.625,8,0,1,116,116,113,0,2,14.2,météo très défavorable
2019-05-01,11,-3,7,-1,10,8,0.9,41,9.875,1034,33.5,11,0,2,116,116,119,0,3,13.4,météo très défavorable
2019-05-02,10,2,13,2,8,9,7.7,73,8.5,1027,46.5,10,1,1,263,116,116,0,2,12.3,météo très défavorable
2019-05-03,11,3,4,4,11,8,5,79,8.625,1023,75.75,11,6,8,122,266,296,0,3,8.9,météo très défavorable
2019-05-04,18,7,8,7,16,15,1.5,72,9.75,1015,47.5,18,6,11,116,116,116,0,3,13.4,météo favorable
2019-05-05,20,6,5,8,19,19,0,53,10,1015,3,20,4,13,116,113,116,0,5,14.5,météo favorable
2019-05-06,20,7,13,9,19,19,0.7,64,9.875,1014,31.5,20,10,15,116,176,116,0,5,13.4,météo favorable
2019-05-07,14,9,19,12,14,12,3.8,79,9.875,1022,57,14,11,11,353,116,116,0,3,11.4,météo correcte
2019-05-08,10,1,17,2,9,9,0,47,10,1028,6.75,10,0,2,116,116,116,0,3,14.5,météo très défavorable
2019-05-09,13,0,12,2,12,11,0.1,44,9.625,1031,26,13,1,8,116,116,119,0,4,14.5,météo très défavorable
2019-05-10,8,4,12,6,7,8,31.3,92,5.875,1020,98.875,8,7,3,308,266,302,0,2,9.3,météo très défavorable
2019-05-11,11,4,22,5,9,9,2.2,68,9.75,1017,48,11,7,3,119,116,116,0,2,13.5,météo très défavorable
2019-05-12,16,2,10,4,15,14,0,53,10,1020,20.625,16,1,9,116,116,116,0,4,14.5,météo correcte
2019-05-13,14,3,18,5,13,12,0,62,10,1018,46.75,14,3,7,116,116,116,0,4,11.4,météo correcte
2019-05-14,10,6,17,7,9,9,1.6,74,7.125,1015,85.625,10,3,5,176,263,263,0,2,9.4,météo défavorable
2019-05-15,11,4,8,6,10,9,0.2,58,10,1012,75.625,11,2,7,116,176,176,0,3,9.4,météo très défavorable
2019-05-16,14,2,7,4,13,12,0.2,64,10,1012,47.875,14,3,9,116,116,116,0,3,13.5,météo correcte
2019-05-17,12,4,15,5,12,10,6.9,62,9.5,1012,65.75,12,6,6,116,176,302,0,4,11.5,météo très défavorable
2019-05-18,12,7,5,8,11,12,2.7,76,8.75,1018,77.625,12,7,10,176,266,176,0,3,9.4,météo défavorable
2019-05-19,15,8,8,9,13,14,4.7,87,8.5,1019,81,15,9,9,296,296,116,0,3,9.5,météo défavorable
2019-05-20,18,9,10,10,15,18,27.6,96,6.375,1011,90.5,20,15,13,302,266,356,0,4,9.5,météo très défavorable
2019-05-21,12,7,22,8,10,10,4.1,78,7.875,1013,79.5,12,11,6,296,353,116,0,2,9.5,météo défavorable
2019-05-22,19,4,10,6,17,19,0,51,10,1023,16.625,20,5,11,116,116,116,0,5,14.5,météo favorable
2019-05-23,17,9,6,11,17,13,13,68,8.125,1023,66.875,17,10,14,116,266,302,0,4,11.5,météo défavorable
2019-05-24,17,9,20,9,16,15,51,79,7.75,1018,60.75,17,8,10,296,116,116,0,3,12.5,météo très défavorable
2019-05-25,20,9,11,11,19,17,1,64,9.875,1021,17.25,20,12,16,116,116,116,0,5,14.5,météo favorable
2019-05-26,19,12,17,13,16,19,7.4,98,6.25,1012,71,20,14,14,266,116,113,0,4,11.7,météo défavorable
2019-05-27,15,7,19,8,13,13,0,43,10,1017,7.125,15,7,8,116,116,116,0,4,14.5,météo correcte
2019-05-28,17,5,9,7,14,17,0,42,10,1017,23.5,17,5,11,116,119,113,0,4,13.6,météo correcte
2019-05-29,19,6,11,8,17,17,0,64,10,1009,18,19,10,13,116,116,116,0,5,14.5,météo favorable
2019-05-30,16,10,9,11,13,16,4.2,93,7.375,1005,90.125,16,12,12,266,122,389,0,3,9.8,météo défavorable
2019-05-31,14,5,19,5,13,13,8.7,53,9.625,1008,23.375,14,8,6,113,116,116,0,3,14.5,météo correcte
2019-06-01,18,5,10,7,16,17,0,52,10,1012,14,18,6,13,116,116,116,0,5,14.5,météo favorable
2019-06-02,11,7,10,10,10,11,44.5,96,7.75,1010,92.375,11,11,9,302,302,308,0,3,9.9,météo très défavorable
2019-06-03,13,4,25,9,13,9,4.3,77,10,1008,76.5,13,12,8,176,353,353,0,3,9.9,météo très défavorable
2019-06-04,13,5,19,6,13,11,0.6,51,9.875,1014,45,13,6,8,116,116,176,0,4,13.6,météo correcte
2019-06-05,16,8,13,8,13,16,2.4,87,9,1010,67.375,16,10,8,176,176,176,0,3,12.7,météo défavorable
2019-06-06,21,9,12,11,20,20,0,53,10,1011,7.625,22,10,17,116,116,116,0,5,14.5,météo favorable
2019-06-07,21,8,14,10,19,19,0,51,10,1015,27.75,21,7,16,116,116,116,0,5,14.5,météo favorable
2019-06-08,21,7,9,9,19,20,0,41,10.375,1024,13.5,23,7,13,116,116,116,0,5,14.5,météo favorable
2019-06-09,25,10,15,11,20,24,0,66,19.375,1027,36.125,26,15,15,119,116,116,0,6,13.6,météo favorable
2019-06-10,29,15,7,17,26,28,0,62,10,1022,16.875,30,17,22,116,116,116,0,7,14.5,météo favorable
2019-06-11,23,11,21,17,17,14,30.6,95,11.875,1015,75.25,24,16,15,308,308,176,0,4,9.9,météo très défavorable
2019-06-12,21,8,21,10,20,18,0,57,20,1019,9.125,23,11,15,116,116,116,0,5,14.5,météo favorable
2019-06-13,21,10,15,13,21,15,0.4,61,18.75,1019,46.25,23,11,18,116,119,176,0,5,13.6,météo correcte
2019-06-14,16,10,11,10,14,14,11.9,92,11.5,1007,87.625,16,12,12,200,353,356,0,3,9.9,météo défavorable
2019-06-15,14,11,10,12,13,13,17.2,93,12.625,1012,90,14,12,11,266,296,308,0,3,9.9,météo très défavorable
2019-06-16,16,9,13,10,16,16,4.9,75,9.875,1012,49.75,16,11,13,116,119,116,0,4,13.6,météo correcte
2019-06-17,20,9,15,11,19,19,0,58,16.75,1015,25,20,10,16,116,116,116,0,5,14.5,météo favorable
2019-06-18,23,11,14,13,21,20,0,61,19.25,1016,16.25,24,13,18,116,116,116,0,6,14.5,météo favorable
2019-06-19,23,13,5,15,22,20,2,71,9.5,1011,41.375,24,15,19,116,116,116,0,6,12.7,météo favorable
2019-06-20,16,12,10,13,16,15,1.5,88,7.25,1007,81,16,14,15,116,122,143,0,4,10.9,météo défavorable
2019-06-21,19,12,10,13,19,17,2.1,77,9.625,1005,48.375,19,13,16,116,116,176,0,4,13.6,météo favorable
2019-06-22,23,11,17,13,23,21,0.8,59,9.875,1010,43.75,24,10,19,116,386,116,0,6,12.7,météo correcte
2019-06-23,25,13,23,15,24,22,0.1,55,10,1010,22.5,25,10,20,116,176,116,0,6,14.5,météo favorable
2019-06-24,22,11,9,13,22,21,0,42,10,1013,2,24,10,18,113,116,116,0,6,14.5,météo favorable
2019-06-25,19,6,16,13,19,13,3.2,64,9.5,1013,64.625,19,14,17,122,116,296,0,5,10.9,météo correcte
2019-06-26,24,16,9,16,22,24,2.1,91,7.25,1016,86.25,26,18,19,143,353,353,0,5,9.9,météo défavorable
2019-06-27,24,17,15,17,22,23,13.6,89,9.125,1018,81.25,26,17,19,353,386,356,0,5,9.9,météo défavorable
2019-06-28,26,15,15,17,25,23,5.9,72,9.375,1020,48.25,26,17,21,116,116,176,0,5,13.6,météo favorable
2019-06-29,23,15,6,17,20,21,35.7,90,7.375,1016,83.25,25,18,17,308,386,359,0,5,9.9,météo très défavorable
2019-06-30,21,13,13,13,17,21,10.9,91,8.75,1010,62.625,24,14,14,353,176,116,0,4,11.8,météo correcte
2019-07-01,23,12,7,14,23,22,5.4,76,9.375,1012,50,25,18,19,116,176,356,0,6,12.7,météo favorable
2019-07-02,26,16,15,17,25,24,6.5,76,9.625,1007,73,26,16,21,176,176,176,0,5,9.9,météo défavorable
2019-07-03,27,16,13,17,25,26,0,60,10,1012,14.125,27,16,22,116,116,116,0,6,14.5,météo favorable
2019-07-04,28,19,17,20,27,26,0.3,63,10,1018,38.875,29,20,24,116,116,176,0,6,14.5,météo favorable
2019-07-05,28,18,11,21,28,21,5,70,9.375,1019,42.625,29,20,25,116,116,356,0,6,14.5,météo favorable
2019-07-06,25,19,11,21,24,25,5.8,94,9.75,1012,53,26,21,22,353,176,113,0,5,10.8,météo favorable
2019-07-07,24,13,12,14,22,22,0,52,10,1016,1,24,9,18,113,116,116,0,6,14.5,météo favorable
2019-07-08,24,13,18,15,23,21,0,55,10,1016,16.25,25,13,19,116,116,116,0,6,14.5,météo favorable
2019-07-09,26,15,15,16,24,25,0,50,10,1015,16.125,26,13,20,116,116,116,0,6,14.5,météo favorable
2019-07-10,22,15,11,16,22,19,0,57,10,1017,24.125,25,12,20,116,116,116,0,6,14.5,météo favorable
2019-07-11,22,14,14,16,22,21,4.3,71,9.5,1016,46.375,25,17,19,116,176,356,0,6,12.5,météo favorable
2019-07-12,24,18,8,19,21,24,21,96,8.125,1006,87.625,26,21,19,356,356,176,0,5,9.6,météo très défavorable
2019-07-13,25,16,17,17,23,24,1.3,71,9.875,1009,37.625,26,18,20,116,116,176,0,6,14.5,météo favorable
2019-07-14,22,16,17,17,21,21,4,79,8.75,1012,63.375,25,17,19,116,176,176,0,5,11.5,météo correcte
2019-07-15,27,13,15,15,25,26,0,60,10,1015,13.25,27,15,20,116,116,116,0,6,14.5,météo favorable
2019-07-16,24,16,17,17,24,19,5.8,77,9.5,1016,37.875,26,17,20,116,116,302,0,6,13.5,météo favorable
2019-07-17,26,20,15,20,25,25,3.9,85,9.875,1014,59.625,26,20,22,353,176,113,0,5,11.5,météo correcte
2019-07-18,26,14,6,15,23,24,0,55,10,1017,11.25,26,12,19,116,116,116,0,6,14.5,météo favorable
2019-07-19,24,18,16,18,21,24,6.7,92,9.75,1011,77.625,26,21,20,122,353,176,0,6,9.5,météo défavorable
2019-07-20,29,19,17,20,28,27,3.3,78,9.625,1006,43.375,31,22,24,116,176,176,0,6,14.5,météo favorable
2019-07-21,23,18,10,20,21,22,13,86,9,1008,74.25,25,22,19,302,176,176,0,5,9.5,météo défavorable
2019-07-22,20,13,14,15,20,19,0,51,10,1013,11.875,20,12,18,116,116,116,0,5,14.5,météo favorable
2019-07-23,22,13,12,15,22,18,0.2,69,10,1012,31.5,25,13,19,116,116,176,0,6,13.5,météo favorable
2019-07-24,21,11,13,12,20,20,0,55,10,1016,10.5,23,11,16,116,116,116,0,5,14.5,météo favorable
2019-07-25,22,12,10,14,21,22,0.6,64,10,1019,43.25,23,17,19,116,116,299,0,6,13.5,météo favorable
2019-07-26,26,15,13,17,24,25,0.1,76,10,1023,11.375,27,19,21,116,116,116,0,6,14.5,météo favorable
2019-07-27,27,18,13,19,26,25,0.1,75,10,1023,24,28,18,23,116,116,176,0,7,14.5,météo favorable
2019-07-28,24,18,15,19,24,23,7.1,81,9.625,1017,66.75,26,20,22,116,353,356,0,6,9.4,météo défavorable
2019-07-29,28,18,16,19,26,26,2.4,78,9.75,1012,65.625,29,19,22,116,176,176,0,6,11.4,météo défavorable
2019-07-30,27,20,18,21,26,25,16.1,86,8.5,1012,67.25,29,21,23,356,176,356,0,6,9.4,météo très défavorable
2019-07-31,27,18,14,20,26,25,9.1,80,9.125,1015,75.5,27,20,23,353,176,176,0,6,9.4,météo défavorable
2019-08-01,25,15,14,16,23,24,0.2,56,10,1019,23.5,25,13,19,116,116,116,0,5,14.5,météo favorable
2019-08-02,25,16,17,16,24,22,1.2,65,9.875,1019,36,26,16,19,116,116,299,0,6,13.5,météo favorable
2019-08-03,20,15,11,16,20,19,8.8,86,9.375,1016,56.375,23,16,19,116,299,176,0,4,13.5,météo correcte
2019-08-04,20,10,14,11,19,18,0.3,67,10,1014,31.25,20,11,14,116,116,116,0,4,14.5,météo favorable
2019-08-05,23,11,16,12,21,21,0,63,10,1014,17,25,14,17,116,116,116,0,6,14.5,météo favorable
2019-08-06,25,15,11,16,24,24,0.9,68,9.875,1012,19.375,26,17,20,116,116,116,0,6,14.5,météo favorable
2019-08-07,24,19,7,19,23,22,20.4,89,7,1009,82.125,26,20,21,122,353,359,0,5,9.2,météo très défavorable
2019-08-08,21,18,5,19,19,21,25,96,7.25,1007,77.625,23,19,19,356,308,176,0,4,9.2,météo très défavorable
2019-08-09,19,15,15,15,19,18,5.3,83,9.75,1002,74.875,19,16,17,116,176,353,0,4,10.3,météo défavorable
2019-08-10,19,12,16,13,19,16,5,83,9.625,1007,66.75,19,13,15,176,353,176,0,4,10.2,météo défavorable
2019-08-11,23,12,18,13,18,22,3.1,89,7.625,1009,77.5,25,13,13,296,176,122,0,4,9.2,météo défavorable
2019-08-12,20,15,13,15,18,20,10.3,95,8.125,1010,81.375,22,17,16,302,356,176,0,5,9.1,météo défavorable
2019-08-13,21,13,12,13,20,19,1,72,9.875,1011,36.75,21,14,17,116,116,116,0,4,14.5,météo favorable
2019-08-14,21,11,8,12,21,19,0,62,10,1015,25.375,23,11,17,116,116,119,0,5,14.2,météo favorable
2019-08-15,22,11,7,13,21,21,0,59,10,1019,13.25,24,11,17,116,116,116,0,6,14.1,météo favorable
2019-08-16,19,13,8,13,18,18,1.3,78,9.5,1018,34.25,19,14,15,353,176,116,0,5,13.4,météo favorable
2019-08-17,19,14,9,15,19,18,11.6,87,6.625,1017,70.25,19,16,17,176,353,356,0,4,9.9,météo défavorable
2019-08-18,23,17,8,18,23,22,5.5,84,8.5,1016,68.5,25,17,20,119,176,176,0,5,9.9,météo défavorable
2019-08-19,23,16,12,19,23,21,5.7,91,9.875,1013,73.625,24,19,20,176,353,176,0,5,8.8,météo défavorable
2019-08-20,23,15,18,16,22,21,0,67,10,1017,8.625,25,14,19,116,116,116,0,6,14,météo favorable
2019-08-21,23,16,8,18,23,19,5.3,74,9.625,1015,41.875,25,17,19,116,353,176,0,6,11,météo correcte
2019-08-22,22,14,19,17,20,21,1.3,94,9.25,1010,70.75,25,17,18,353,176,116,0,5,9.9,météo défavorable
2019-08-23,18,11,18,12,18,16,0.3,72,10,1017,38.25,18,10,14,116,176,176,0,5,13.3,météo favorable
2019-08-24,18,12,10,13,18,16,0,72,10,1027,10.625,18,11,16,116,113,116,0,5,13.9,météo favorable
2019-08-25,24,13,5,14,22,24,0,59,10,1029,0.875,25,11,18,113,113,116,0,6,13.8,météo favorable
2019-08-26,24,14,8,15,23,22,0,65,10,1026,8.75,25,12,19,116,116,116,0,6,13.8,météo favorable
2019-08-27,23,16,12,17,23,20,0,66,10,1020,3.125,25,12,19,116,113,116,0,6,13.8,météo favorable
2019-08-28,24,13,9,16,24,19,2.6,64,10,1014,48,25,16,20,116,122,353,0,6,12,météo correcte
2019-08-29,23,16,15,18,22,21,5.6,89,8.5,1010,77,25,18,19,353,176,176,0,5,9.6,météo défavorable
2019-08-30,18,14,14,14,16,18,9.8,92,9,1013,59.5,18,16,15,116,302,176,0,5,10.8,météo correcte
2019-08-31,18,11,14,12,16,17,1,82,9.875,1025,50,18,11,13,119,176,116,0,5,9.5,météo favorable
2019-09-01,18,8,9,9,17,16,0,63,10,1029,20,18,9,13,116,116,116,0,5,13.2,météo favorable
2019-09-02,16,12,6,13,14,16,14,97,7.25,1021,83.25,16,14,14,302,302,353,0,3,8.2,météo défavorable
2019-09-03,17,10,7,11,16,14,0.1,78,10,1019,56.5,17,10,13,116,176,116,0,5,10.7,météo correcte
2019-09-04,17,10,18,12,16,16,47.9,98,7.375,1015,90.125,17,16,13,308,308,356,0,4,8.2,météo très défavorable
2019-09-05,17,8,18,8,16,15,0.2,73,10,1018,31.625,17,9,11,116,116,176,0,4,13.1,météo correcte
2019-09-06,17,8,6,9,16,15,0,66,10,1020,24.125,17,8,12,116,116,116,0,4,13,météo correcte
2019-09-07,14,9,20,11,13,11,3,80,9.25,1015,72.75,14,8,9,122,119,302,0,3,9.4,météo défavorable
2019-09-08,13,8,15,8,13,12,1.9,84,8.25,1019,77,13,9,9,119,176,176,0,3,8.1,météo défavorable
2019-09-09,16,7,13,8,14,14,0,72,10,1028,37.75,16,7,9,116,116,122,0,4,12.9,météo correcte
2019-09-10,16,8,5,9,15,14,0.8,67,8.875,1030,40.375,16,8,12,116,116,266,0,4,11.9,météo correcte
2019-09-11,13,4,9,11,13,9,9.5,95,6.75,1020,92.625,13,12,11,353,296,263,0,3,8.1,météo très défavorable
2019-09-12,18,7,10,8,18,15,0,75,10,1028,11.375,18,8,13,116,116,113,0,5,12.9,météo favorable
2019-09-13,16,7,10,8,14,15,0,63,10,1033,18.75,16,5,10,113,116,122,0,4,12.8,météo correcte
2019-09-14,11,8,9,10,10,11,17.4,94,7,1025,80.25,13,12,7,308,266,293,0,4,8,météo très défavorable
2019-09-15,14,9,17,12,14,13,1.4,91,10,1016,82.25,14,11,11,176,353,116,0,3,6.2,météo défavorable
2019-09-16,13,0,13,0,0,13,0,82,10,1018,63.25,15,8,9,119,122,116,0,2,6.2,météo très défavorable
2019-09-17,13,7,9,10,13,11,0.5,86,10,1025,79,13,9,10,122,353,176,0,4,6.1,météo défavorable
2019-09-18,17,6,6,8,15,16,0,69,10,1028,7.25,17,6,12,116,113,113,0,4,11.6,météo correcte
2019-09-19,18,9,12,9,16,16,0,63,10,1028,10,18,10,11,116,116,116,0,4,11.6,météo favorable
2019-09-20,20,11,17,11,17,18,0.2,77,9.875,1022,40.875,20,15,12,116,116,176,0,5,11.6,météo favorable
2019-09-21,21,13,6,13,19,20,0,74,10,1023,9.75,24,15,16,116,116,116,0,5,11.6,météo favorable
2019-09-22,21,15,19,16,20,20,0.7,90,8,1019,77.5,23,17,17,119,119,266,0,5,6.1,météo défavorable
2019-09-23,21,16,10,19,18,19,19.3,95,7.625,1004,85.125,23,18,18,302,299,122,0,4,7.4,météo très défavorable
2019-09-24,15,8,19,11,11,9,22.7,91,5.5,1010,93.75,15,14,8,302,266,296,0,3,6,météo très défavorable
2019-09-25,12,7,7,9,11,11,0,87,10,1012,80.875,12,8,8,122,119,119,0,3,6,météo défavorable
2019-09-26,13,9,10,11,13,11,26.4,97,8,1007,91,13,12,11,353,308,308,0,3,6,météo très défavorable
2019-09-27,16,8,13,8,14,14,0.3,86,9.375,1017,42.5,16,10,8,116,116,176,0,3,11.6,météo correcte
2019-09-28,12,6,3,12,12,12,18.2,96,6.375,1016,87.125,13,12,12,266,308,299,0,3,6,météo très défavorable
2019-09-29,13,6,14,6,12,11,0,69,10,1030,7.625,13,9,8,113,113,116,0,4,11.6,météo correcte
2019-09-30,13,4,7,5,13,11,0,61,10,1031,25.875,13,3,8,116,116,116,0,4,11.6,météo correcte
2019-10-01,8,3,10,8,7,6,2.7,82,7.375,1024,86,8,9,5,122,266,296,0,3,5.9,météo très défavorable
2019-10-02,11,3,10,8,9,7,0,74,7.875,1020,41.25,11,10,6,116,116,113,0,2,10.2,météo très défavorable
2019-10-03,10,3,6,3,10,7,0.1,62,10,1024,21.75,10,0,5,113,116,176,0,3,11.6,météo très défavorable
2019-10-04,9,1,19,5,9,5,3.8,77,9.625,1025,51.875,9,3,5,296,176,116,0,2,8.7,météo très défavorable
2019-10-05,11,3,14,3,11,8,0,68,10,1031,0.5,11,2,5,113,113,113,0,3,11.6,météo très défavorable
2019-10-06,10,3,5,4,10,9,0.4,69,8.625,1027,53,10,8,7,116,122,266,0,3,10.2,météo très défavorable
2019-10-07,13,11,12,12,12,12,8.1,91,8.75,1017,84,13,12,9,293,296,176,0,3,7.3,météo défavorable
2019-10-08,12,7,13,8,11,11,1.4,86,10,1029,25.625,12,10,7,116,113,113,0,3,11.6,météo défavorable
2019-10-09,14,7,4,7,13,11,0,71,10,1032,29.125,14,5,9,113,122,116,0,4,8.7,météo correcte
2019-10-10,13,4,9,7,13,10,0,59,10,1032,71.375,13,5,8,122,122,122,0,4,7.2,météo très défavorable
2019-10-11,13,7,17,8,13,10,0,60,10,1031,28,13,3,7,116,116,116,0,4,10.1,météo correcte
2019-10-12,10,7,20,8,10,9,0.5,87,9,1025,78.375,10,7,6,176,122,176,0,3,5.7,météo défavorable
2019-10-13,10,6,13,8,10,10,0.9,93,7,1017,63.25,10,8,8,266,176,113,0,2,7,météo défavorable
2019-10-14,13,5,9,6,12,11,3.1,70,9.625,1016,26.25,13,6,7,116,116,299,0,4,8.7,météo correcte
2019-10-15,8,3,17,4,8,7,0.3,86,9.75,1017,40.875,8,4,3,116,116,116,0,2,8.7,météo très défavorable
2019-10-16,11,5,15,6,11,9,0,78,10,1017,43.875,11,4,7,116,116,116,0,2,8.7,météo très défavorable
2019-10-17,7,5,47,6,7,7,32,87,8.125,1006,80.125,7,4,0,308,305,176,0,3,3.9,météo très défavorable
2019-10-18,9,5,19,5,9,7,4.2,84,9.5,1009,71.75,9,5,4,116,176,176,0,2,5.5,météo très défavorable
2019-10-19,8,2,11,3,8,7,0,76,10,1018,39.625,8,2,2,116,122,116,0,3,7.1,météo très défavorable
2019-10-20,11,3,6,3,10,7,0,77,10,1019,14.625,11,3,6,116,116,116,0,3,8.7,météo très défavorable
2019-10-21,13,5,7,5,13,11,0,78,10,1022,16.5,13,6,8,116,116,116,0,4,8.7,météo correcte
2019-10-22,11,7,24,7,11,11,0.2,80,9.625,1022,55.375,11,7,5,116,116,122,0,3,8.7,météo défavorable
2019-10-23,8,3,9,7,8,6,32,95,8.25,1014,90.25,8,7,6,308,302,176,0,2,3.9,météo très défavorable
2019-10-24,8,4,19,6,8,6,8.5,91,9.125,1020,70.5,8,5,3,116,296,299,0,2,5.5,météo très défavorable
2019-10-25,6,3,13,3,6,5,0.1,85,9.625,1025,45.625,6,3,1,116,116,176,0,2,8.7,météo très défavorable
2019-10-26,8,2,10,3,5,6,0.7,87,9.125,1027,58.375,8,2,1,176,176,113,0,2,5.5,météo très défavorable
2019-10-27,4,-4,20,2,4,2,24.8,90,8.75,1027,74.375,4,1,-2,116,296,308,0,2,5.4,météo très défavorable
2019-10-28,6,-3,8,5,6,4,11.4,92,7,1024,96.125,6,5,3,176,122,143,0,2,3.8,météo très défavorable
2019-10-29,11,8,8,8,10,9,0,92,6.375,1025,85.25,11,8,9,143,122,122,0,2,3.8,météo défavorable
2019-10-30,12,6,11,10,12,9,0.6,93,8.375,1023,95.75,12,10,10,248,176,176,0,3,3.8,météo défavorable
2019-10-31,8,1,10,7,7,7,34,97,7.125,1020,100,8,9,5,302,296,308,0,2,3.8,météo très défavorable
2019-11-01,9,0,42,9,4,2,91.6,87,4.375,1015,95.375,9,9,-3,308,338,122,14,1,3.8,météo très défavorable
2019-11-02,3,-1,8,-1,2,3,0,66,10,1023,25.5,3,0,-3,116,116,116,0,2,8.7,météo très défavorable
2019-11-03,5,0,15,0,4,3,1.1,90,8.125,1016,83.125,5,1,0,338,176,371,0.7,1,3.7,météo très défavorable
2019-11-04,3,-2,10,-1,2,3,0.3,89,9,1024,76.875,3,0,-3,119,371,122,0.1,1,3.7,météo très défavorable
2019-11-05,5,2,10,3,5,5,30.9,95,5.875,1020,98.25,5,5,2,302,302,308,0,1,3.7,météo très défavorable
2019-11-06,2,-3,26,-0,-1,-2,0.8,67,9.625,1023,52,2,1,-7,116,116,119,0.4,1,7,météo très défavorable
2019-11-07,-0,-6,12,-0,-1,-3,7.9,96,5,1022,75.625,0,0,-5,338,338,116,5.8,1,3.7,météo très défavorable
2019-11-08,-2,-7,14,-6,-2,-5,0.5,68,8.875,1020,59.125,0,0,-8,116,371,371,0.2,1,5.4,météo très défavorable
2019-11-09,-4,-13,17,-7,-4,-6,1.8,83,7.125,1022,71.875,0,0,-11,119,332,338,1.5,2,3.7,météo très défavorable
2019-11-10,-1,-7,21,-3,-1,-2,14.6,97,3,1015,93.75,0,0,-7,338,338,338,10.5,1,3.7,météo très défavorable
2019-11-11,-6,-9,5,-8,-7,-8,0.7,76,8.625,1025,77.25,0,0,-11,116,326,338,0.6,2,5.3,météo très défavorable
2019-11-12,-5,-10,19,-7,-6,-7,28.9,94,3.125,1022,95,0,0,-13,338,338,332,24.6,1,3.6,météo très défavorable
2019-11-13,-6,-13,18,-9,-6,-9,0.3,81,8.625,1028,55.25,0,0,-15,119,368,116,0.1,1,3.6,météo très défavorable
2019-11-14,-6,-13,4,-12,-8,-6,2.8,91,3.375,1030,89.75,0,0,-12,143,332,338,2.4,1,3.6,météo très défavorable
2019-11-15,-1,-7,27,-3,-1,-4,13.9,95,3.125,1021,88,0,0,-9,338,338,335,11.1,1,3.6,météo très défavorable
2019-11-16,-8,-15,15,-14,-8,-11,0,86,10,1036,5.75,0,0,-19,113,116,116,0,2,8.7,météo très défavorable
2019-11-17,-7,-16,2,-13,-7,-9,0,85,10,1036,34.625,0,0,-11,116,116,116,0,2,7,météo très défavorable
2019-11-18,-1,-8,10,-8,-2,-3,0,88,10,1025,7.25,0,0,-10,113,116,116,0,2,8.7,météo très défavorable
2019-11-19,-1,-3,13,-2,-1,-2,8.9,96,5.25,1013,91.5,0,0,-6,338,311,317,3.9,1,3.6,météo très défavorable
2019-11-20,1,-1,3,-1,1,1,0.4,100,1.75,1019,100,1,1,0,143,248,317,0.2,1,3.6,météo très défavorable
2019-11-21,-0,-4,8,-3,-0,-1,1.2,95,6.125,1021,77.625,0,0,-4,323,323,260,0.9,1,7,météo très défavorable
2019-11-22,2,-7,26,-1,2,-3,14.7,100,3.5,1011,97.25,2,2,-5,311,338,230,3.7,1,3.6,météo très défavorable
2019-11-23,-4,-11,14,-11,-6,-4,0.2,89,9.375,1010,64.375,0,0,-16,116,326,332,0.2,2,7,météo très défavorable
2019-11-24,1,-4,9,-4,0,-2,0,93,9,1006,59.125,1,0,-4,326,116,116,0,1,6.9,météo très défavorable
2019-11-25,-0,-2,12,-2,-0,0,1.5,96,5.125,1008,95.25,0,0,-4,338,332,143,1.2,1,3.4,météo très défavorable
2019-11-26,3,-2,10,-0,2,2,3.6,100,4.875,1015,84.875,3,3,0,311,296,119,0,1,3.4,météo très défavorable
2019-11-27,1,-2,18,-2,1,0,1,93,8.625,1018,65.875,1,0,-4,119,329,122,0.1,2,3.4,météo très défavorable
2019-11-28,-1,-5,11,-2,-1,-3,6.9,86,6.25,1022,64.125,0,0,-5,338,323,116,4.9,1,6.9,météo très défavorable
2019-11-29,-4,-10,14,-6,-4,-9,0,79,10,1025,6.625,0,0,-11,116,116,116,0,2,8.7,météo très défavorable
2019-11-30,-8,-17,12,-11,-9,-10,0,75,10,1021,5.625,0,0,-17,113,116,116,0,2,8.5,météo très défavorable
2019-12-01,-7,-11,5,-10,-8,-8,0,80,10,1020,5.25,0,0,-10,116,116,116,0,1,8.5,météo très défavorable
2019-12-02,-3,-9,13,-8,-4,-5,0,78,10,1017,25.375,0,0,-13,116,116,113,0,1,8.5,météo très défavorable
2019-12-03,-2,-7,9,-6,-2,-5,0,81,10,1012,10,0,0,-9,116,116,116,0,1,8.5,météo très défavorable
2019-12-04,-3,-9,10,-8,-4,-5,0,84,10,997,49.375,0,0,-11,116,119,122,0,1,6.9,météo très défavorable
2019-12-05,-1,-5,12,-4,-2,-4,0.2,91,9,1006,83.5,0,0,-6,116,119,326,0.1,1,3.2,météo très défavorable
2019-12-06,-5,-11,13,-7,-6,-7,0,84,10,1017,51.5,0,0,-13,116,116,119,0,1,8.4,météo très défavorable
2019-12-07,-8,-11,13,-10,-9,-10,0,83,10,1028,54.625,0,0,-15,116,116,116,0,1,6.9,météo très défavorable
2019-12-08,-5,-13,9,-11,-8,-6,3.5,92,7,1029,71.5,0,0,-15,143,326,338,3,1,3.1,météo très défavorable
2019-12-09,1,-3,11,1,1,1,9.2,99,5,1017,100,1,1,-2,248,266,302,0.3,1,3.1,météo très défavorable
2019-12-10,5,-5,27,5,5,0,22.9,98,6.875,1013,88.5,5,5,-1,296,296,371,0.8,1,3.1,météo très défavorable
2019-12-11,-7,-13,5,-12,-9,-9,0.3,65,9.625,1025,28.375,0,0,-14,116,116,122,0.3,1,8.4,météo très défavorable
2019-12-12,-10,-17,19,-12,-12,-11,2,65,8.375,1036,82.125,0,0,-22,122,116,119,0.9,1,5,météo très défavorable
2019-12-13,-4,-13,6,-8,-5,-5,1.8,86,7.625,1033,94.125,0,0,-10,338,326,122,1.4,1,3.1,météo très défavorable
2019-12-14,1,-3,28,-0,1,1,20.4,97,7,1022,99.5,2,1,-5,314,302,296,0.1,1,3.1,météo très défavorable
2019-12-15,3,-11,32,3,-2,-6,23.5,96,3.5,998,100,3,3,-12,320,230,230,0.1,1,3.1,météo très défavorable
2019-12-16,-9,-14,25,-13,-11,-9,0,62,10,1020,21.875,0,0,-23,116,116,119,0,1,8.3,météo très défavorable
2019-12-17,-6,-14,8,-8,-7,-8,0,90,10,1019,85.125,0,0,-12,326,119,122,0,1,3.1,météo très défavorable
2019-12-18,-7,-10,5,-7,-8,-8,1,90,6.125,1008,84.875,0,0,-11,338,332,338,0.7,1,3.1,météo très défavorable
2019-12-19,-10,-16,24,-14,-16,-15,0,67,10,1021,86.75,0,0,-26,122,326,122,0,1,3.1,météo très défavorable
2019-12-20,-10,-15,12,-14,-10,-11,0,77,10,1039,21.625,0,0,-19,116,116,116,0,1,8.3,météo très défavorable
2019-12-21,-9,-16,5,-12,-10,-10,0,88,10,1039,49.25,0,0,-14,323,122,116,0,1,5,météo très défavorable
2019-12-22,-5,-12,9,-7,-6,-6,5.8,95,5,1028,92.375,0,0,-9,338,338,338,4.8,1,3.3,météo très défavorable
2019-12-23,0,-5,20,-3,0,-0,1.1,97,5.5,1016,90.25,0,0,-5,350,332,335,0.7,1,3.3,météo très défavorable
2019-12-24,-5,-12,14,-8,-8,-9,0,79,9.875,1026,17.625,0,0,-14,116,116,116,0,1,8.7,météo très défavorable
2019-12-25,-6,-8,3,-8,-7,-8,0,82,10,1026,63.5,0,0,-7,122,122,116,0,1,3.3,météo très défavorable
2019-12-26,-7,-9,9,-8,-8,-8,0,77,10,1032,31,0,0,-13,113,116,116,0,1,8.7,météo très défavorable
2019-12-27,-3,-8,6,-6,-5,-3,8.6,97,5.875,1027,86.875,0,0,-9,338,311,320,0.3,1,3.3,météo très défavorable
2019-12-28,-1,-5,19,-2,-1,-3,0,84,10,1018,33.875,0,0,-7,323,116,116,0,1,8.7,météo très défavorable
2019-12-29,-3,-8,8,-6,-5,-5,0,86,10,1025,13.625,0,0,-10,116,116,116,0,1,8.7,météo très défavorable
2019-12-30,-7,-15,30,-10,-9,-8,0.5,80,8.625,1025,39.625,0,0,-18,116,116,119,0.4,1,8.7,météo très défavorable
2019-12-31,-4,-6,23,-5,-4,-5,28,94,2,1017,84.375,0,0,-11,338,338,338,23.8,1,3.3,météo très défavorable
2020-01-01,-4,-11,14,-5,-5,-5,3.8,96,4.75,1000,92,0,0,-9,338,332,332,3.2,1,3.3,météo très défavorable
2020-01-02,-3,-11,9,-7,-5,-5,0.8,92,8.625,1007,69.625,0,0,-11,116,122,338,0.7,1,6.9,météo très défavorable
2020-01-03,1,-2,13,-1,1,1,2.9,100,5,1005,97.125,1,1,-2,338,317,332,1.1,1,3.3,météo très défavorable
2020-01-04,0,-9,6,-5,-3,-4,0.4,90,9.375,1009,64.75,0,0,-8,119,122,116,0.3,1,3.3,météo très défavorable
2020-01-05,-5,-15,9,-6,-6,-10,3.9,93,5.625,1011,65.625,0,0,-10,338,329,116,3.2,1,5.1,météo très défavorable
2020-01-06,-11,-17,10,-15,-12,-13,1.1,89,8.625,1014,59.25,0,0,-17,116,122,338,0.9,1,5.1,météo très défavorable
2020-01-07,-9,-16,11,-12,-9,-11,1.9,93,7,1015,82,0,0,-15,326,329,326,0.9,1,3.3,météo très défavorable
2020-01-08,-5,-10,6,-7,-6,-6,3.6,96,4.375,1012,97.5,0,0,-9,338,338,338,2.6,1,3.3,météo très défavorable
2020-01-09,-11,-21,13,-18,-17,-17,0,86,10,1040,45.125,0,0,-28,116,116,122,0,1,8.7,météo très défavorable
2020-01-10,-2,-13,9,-12,-7,-2,5.2,96,6.25,1035,87.25,0,1,-11,338,338,296,1.7,1,3.3,météo très défavorable
2020-01-11,2,-6,9,1,2,-1,42.1,100,2.125,1023,100,2,2,-1,248,308,338,14.5,1,3.3,météo très défavorable
2020-01-12,-6,-16,38,-12,-13,-13,58.5,92,2.625,1033,96.375,0,0,-25,350,338,338,32.5,1,3.3,météo très défavorable
2020-01-13,-12,-17,15,-17,-13,-12,1.8,93,8,1037,48.5,0,0,-23,116,122,338,1.5,1,6.9,météo très défavorable
2020-01-14,-11,-17,7,-17,-12,-12,0.2,95,6.625,1032,70.75,0,0,-19,323,323,326,0.1,1,5.1,météo très défavorable
2020-01-15,-6,-12,12,-10,-7,-7,4.8,96,5,1019,85.75,0,0,-15,338,332,143,4.1,1,3.4,météo très défavorable
2020-01-16,-5,-13,6,-8,-5,-9,3.5,96,5.125,1020,84.875,0,0,-9,332,338,335,2.6,1,3.4,météo très défavorable
2020-01-17,-16,-25,17,-24,-20,-21,0,82,10,1040,3.75,0,0,-32,113,113,116,0,1,8.7,météo très défavorable
2020-01-18,-17,-26,8,-25,-20,-20,0.3,92,8.625,1040,49.75,0,0,-31,116,116,122,0.3,1,6.9,météo très défavorable
2020-01-19,-11,-16,22,-14,-12,-12,9,93,2.5,1014,98.75,0,0,-23,338,338,338,7.7,1,3.4,météo très défavorable
2020-01-20,-14,-21,18,-19,-15,-16,0.1,86,9.625,1025,48.75,0,0,-26,116,116,326,0.1,1,8.7,météo très défavorable
2020-01-21,-17,-24,11,-23,-18,-17,0.2,91,9.625,1029,63.875,0,0,-29,116,122,326,0.2,1,3.4,météo très défavorable
2020-01-22,-6,-14,14,-13,-8,-6,4.5,96,2,1026,100,0,0,-12,338,338,338,3.8,1,3.4,météo très défavorable
2020-01-23,-3,-5,13,-4,-4,-4,5.2,95,4.125,1027,99.375,0,0,-9,338,332,332,4.3,1,3.4,météo très défavorable
2020-01-24,-4,-13,14,-6,-5,-7,0,90,8.375,1034,62.125,0,0,-11,122,116,116,0,1,5.2,météo très défavorable
2020-01-25,-3,-8,15,-7,-5,-4,0,94,10,1031,67.75,0,0,-13,116,116,122,0,1,5.2,météo très défavorable
2020-01-26,-0,-4,16,-0,-1,-1,21.2,100,3.625,1015,100,0,0,-5,314,338,338,12.8,1,3.5,météo très défavorable
2020-01-27,-1,-8,9,-2,-2,-3,3,94,5.125,1003,82.625,0,0,-6,332,329,335,2.5,1,3.5,météo très défavorable
2020-01-28,-8,-19,6,-10,-10,-12,0.8,94,6.375,1014,79.5,0,0,-15,332,332,332,0.5,1,3.5,météo très défavorable
2020-01-29,-10,-18,4,-15,-10,-13,0,87,9.75,1025,5.5,0,0,-17,113,113,113,0,1,8.7,météo très défavorable
2020-01-30,-11,-19,9,-18,-13,-13,0,92,10,1029,30.625,0,0,-22,116,116,326,0,1,8.7,météo très défavorable
2020-01-31,-7,-16,8,-15,-9,-9,0,90,9,1027,31.25,0,0,-18,116,116,116,0,1,8.7,météo très défavorable
2020-02-01,-4,-9,7,-7,-5,-5,1,96,5,1022,88.875,0,0,-9,143,143,143,0.3,1,3.5,météo très défavorable
2020-02-02,-6,-12,4,-12,-7,-8,0.5,95,5.75,1007,80.125,0,0,-11,326,332,329,0.3,1,3.5,météo très défavorable
2020-02-03,-3,-11,13,-11,-6,-3,3.1,96,5.75,1008,83.625,0,0,-14,326,338,335,2.2,1,3.5,météo très défavorable
2020-02-04,-3,-11,5,-10,-6,-4,0.1,91,8.625,1012,51.125,0,0,-11,116,119,143,0,1,5.3,météo très défavorable
2020-02-05,-8,-22,14,-15,-14,-15,0,86,9,1021,45.25,0,0,-23,113,119,143,0,1,7,météo très défavorable
2020-02-06,-6,-15,4,-14,-9,-6,6,95,3.375,1019,91.75,0,0,-13,332,338,338,5,1,3.6,météo très défavorable
2020-02-07,-6,-11,33,-7,-10,-11,47.4,92,1.25,1004,100,0,0,-20,230,230,338,24.3,1,3.6,météo très défavorable
2020-02-08,-12,-22,19,-19,-19,-18,3.1,89,8.25,1027,69.875,0,0,-30,179,119,116,1.4,1,7,météo très défavorable
2020-02-09,-14,-25,8,-24,-16,-14,0,91,10,1034,37.75,0,0,-28,116,116,122,0,1,8.7,météo très défavorable
2020-02-10,-1,-11,6,-8,-2,-2,11.9,98,3.75,1027,88.625,0,0,-8,338,338,335,9.9,1,3.9,météo très défavorable
2020-02-11,-3,-9,7,-7,-3,-4,1,96,6.375,1020,88,0,0,-7,332,338,371,0.9,1,3.9,météo très défavorable
2020-02-12,-4,-9,20,-8,-5,-5,2.4,91,5,1013,82.5,0,0,-13,329,371,338,2,1,5.5,météo très défavorable
2020-02-13,-3,-18,13,-4,-6,-14,7.4,97,2.125,1013,97.25,0,0,-17,338,338,338,6.3,1,3.9,météo très défavorable
2020-02-14,-18,-29,14,-27,-21,-19,0.5,83,9,1034,28.5,0,0,-34,116,116,113,0.3,1,8.7,météo très défavorable
2020-02-15,-12,-27,14,-26,-18,-12,0.8,97,6.625,1035,95.625,0,0,-30,326,332,332,0.7,1,4,météo très défavorable
2020-02-16,-2,-10,23,-7,-3,-2,7.5,93,2.25,1017,95.875,0,0,-11,338,338,338,6.4,1,4,météo très défavorable
2020-02-17,-7,-17,13,-13,-11,-13,1.4,85,8.375,1033,41.25,0,0,-20,329,116,116,1.1,1,8.7,météo très défavorable
2020-02-18,-7,-18,14,-18,-10,-7,15.2,96,6.625,1034,62.25,0,0,-22,116,338,338,12.9,1,4,météo très défavorable
2020-02-19,-2,-21,25,-6,-9,-14,9.1,86,6.625,1025,91.875,0,0,-20,332,326,371,3.6,1,4,météo très défavorable
2020-02-20,-17,-29,17,-27,-20,-19,0.2,88,9.375,1031,49.25,0,0,-34,116,122,332,0.2,1,7.1,météo très défavorable
2020-02-21,-11,-24,15,-24,-16,-11,1.4,97,6,1031,94.875,0,0,-27,326,332,338,1.2,1,4,météo très défavorable
2020-02-22,-2,-7,19,-6,-4,-2,6.3,95,2.125,1015,99.25,0,0,-12,338,338,338,4.5,1,4.1,météo très défavorable
2020-02-23,-1,-3,14,-3,-3,-2,3.1,95,2.75,1017,98.625,0,0,-8,338,338,338,2.6,1,4.1,météo très défavorable
2020-02-24,0,-4,17,-3,-1,-0,2.9,100,4.5,1016,93.5,0,0,-4,326,338,338,2.1,1,4.1,météo très défavorable
2020-02-25,-0,-6,7,-4,-0,-2,0.2,99,7.5,1018,68.375,0,0,-6,116,248,116,0.1,1,4.1,météo très défavorable
2020-02-26,-3,-10,11,-7,-3,-4,0.2,88,9.625,1021,49.75,0,0,-9,116,122,119,0.2,1,5.6,météo très défavorable
2020-02-27,-2,-8,48,-2,-2,-4,27,93,0.25,1016,98.375,0,0,-12,230,230,230,6,1,4.1,météo très défavorable
2020-02-28,-8,-15,20,-11,-12,-13,10.3,92,2.125,1004,100,0,0,-21,338,338,338,8.8,1,4.1,météo très défavorable
2020-02-29,-9,-14,13,-14,-10,-10,2.1,94,4.375,1010,97.75,0,0,-17,338,338,338,1.8,1,4.1,météo très défavorable
2020-03-01,-5,-13,15,-12,-7,-5,0.6,90,7.875,1020,80.625,0,0,-16,122,323,371,0.3,1,7.1,météo très défavorable
2020-03-02,-4,-14,8,-14,-6,-4,6.7,98,5,1021,81.25,0,0,-14,116,338,338,2.8,1,5.6,météo très défavorable
2020-03-03,1,-6,8,-0,-0,-2,6.8,99,6.5,1007,72.125,1,1,-4,179,326,143,2.6,1,8.6,météo très défavorable
2020-03-04,2,-4,27,2,0,-1,31.9,99,4.75,998,96.75,2,2,-7,338,230,371,13.5,1,5.6,météo très défavorable
2020-03-05,-1,-10,16,-7,-3,-3,0,85,9.875,1020,36.875,0,0,-13,116,116,179,0,1,11.2,météo très défavorable
2020-03-06,-4,-12,15,-9,-4,-7,0.3,89,9,1025,78.75,0,0,-13,122,326,329,0.1,1,5.6,météo très défavorable
2020-03-07,-5,-15,9,-15,-5,-6,0.2,92,9.625,1028,38.375,0,0,-14,113,116,329,0.1,2,10.1,météo très défavorable
2020-03-08,-0,-9,16,-8,-1,-2,1.1,95,7.5,1023,88.5,0,0,-11,329,371,371,0.9,1,5.7,météo très défavorable
2020-03-09,-3,-9,18,-6,-6,-8,18.7,96,2.25,1023,100,0,0,-15,338,338,338,15.9,1,5.7,météo très défavorable
2020-03-10,-0,-7,8,-6,-2,0,38.9,99,4.75,1022,98.75,0,0,-8,314,314,314,11.4,1,5.7,météo très défavorable
2020-03-11,-5,-14,16,-12,-10,-10,0.2,87,9.625,1023,44,0,0,-20,113,116,116,0,1,8.7,météo très défavorable
2020-03-12,-4,-14,11,-13,-5,-5,0,90,10,1025,45.875,0,0,-14,116,116,122,0,2,11.4,météo très défavorable
2020-03-13,2,-5,28,-3,1,2,49.9,99,4.75,1023,99.625,2,1,-8,350,308,338,10.3,1,5.7,météo très défavorable
2020-03-14,-0,-12,30,-3,-4,-5,2.3,82,2.5,1026,88.75,0,0,-13,230,230,368,0.3,1,6,météo très défavorable
2020-03-15,-6,-16,14,-16,-9,-7,0,85,10,1039,12.625,0,0,-20,113,116,113,0,2,11.6,météo très défavorable
2020-03-16,-5,-18,3,-17,-8,-6,0,84,10,1041,34.75,0,0,-14,116,122,116,0,2,8.8,météo très défavorable
2020-03-17,1,-8,27,-5,-0,1,27.5,99,3.875,1026,87.875,1,1,-6,338,338,338,23.4,2,6,météo très défavorable
2020-03-18,-3,-11,12,-9,-5,-4,0.3,85,9.375,1033,32.625,0,0,-14,116,116,116,0.2,1,11.6,météo très défavorable
2020-03-19,1,-7,12,-6,-1,1,0.1,100,4.75,1032,55.375,1,1,-9,116,248,248,0,2,8.8,météo très défavorable
2020-03-20,6,-0,20,2,2,6,34.1,100,4.375,1021,98.125,6,6,-0,296,302,308,0,1,6.1,météo très défavorable
2020-03-21,-3,-15,19,-13,-9,-8,0.3,82,9.25,1035,33.875,0,0,-20,113,119,179,0,2,8.9,météo très défavorable
2020-03-22,-6,-18,9,-17,-7,-7,0,86,9.875,1043,3.375,0,0,-17,113,116,323,0,2,11.6,météo très défavorable
2020-03-23,-2,-14,8,-13,-4,-2,1.4,96,8.625,1042,68,0,0,-13,122,122,338,1.2,2,6.3,météo très défavorable
2020-03-24,0,-4,8,-4,0,-1,2.6,100,6.625,1023,82.625,0,0,-4,323,371,179,1.9,1,6.3,météo très défavorable
2020-03-25,-1,-5,8,-4,-1,-1,0.1,100,5.75,1024,64.25,0,0,-4,323,326,143,0,1,6.3,météo très défavorable
2020-03-26,1,-3,9,-2,1,0,4.7,100,5.5,1019,91.25,1,1,-3,332,248,296,0,2,6.4,météo très défavorable
2020-03-27,2,-4,12,1,1,0,22.4,95,6.625,1017,79.75,2,1,-4,335,338,311,5.3,1,6.4,météo très défavorable
2020-03-28,3,-5,7,-5,2,1,0,90,10,1022,7.5,3,1,-4,113,116,116,0,2,11.6,météo très défavorable
2020-03-29,2,-3,28,-2,2,1,20.3,99,9.125,1023,70.5,2,1,-5,122,119,320,11.5,2,7.7,météo très défavorable
2020-03-30,1,-7,28,1,1,0,50.5,99,2.875,1018,97.5,1,1,-6,320,230,338,19.1,1,6.4,météo très défavorable
2020-03-31,1,-5,17,-3,0,-1,0,95,9.875,1022,32.375,1,0,-6,116,179,116,0,1,11.6,météo très défavorable
