DATE,MAX_TEMPERATURE_C,MIN_TEMPERATURE_C,WINDSPEED_MAX_KMH,TEMPERATURE_MORNING_C,TEMPERATURE_NOON_C,TEMPERATURE_EVENING_C,PRECIP_TOTAL_DAY_MM,HUMIDITY_MAX_PERCENT,VISIBILITY_AVG_KM,PRESSURE_MAX_MB,CLOUDCOVER_AVG_PERCENT,HEATINDEX_MAX_C,DEWPOINT_MAX_C,WINDTEMP_MAX_C,WEATHER_CODE_MORNING,WEATHER_CODE_NOON,WEATHER_CODE_EVENING,TOTAL_SNOW_MM,UV_INDEX,SUNHOUR,OPINION
2009-01-01,0,0,26,-4,-4,-6,0.6,87,8.25,1013,74.375,0,0,-12,326,332,179,0.5,1,1.5,météo très défavorable
2009-01-02,-6,0,21,-8,-7,-8,0.1,83,9.375,1013,37.875,0,0,-15,113,116,326,0.1,1,5.8,météo très défavorable
2009-01-03,-7,0,14,-7,-9,-7,0.7,93,8.625,1008,73.125,0,0,-15,371,113,332,0.6,1,3.7,météo très défavorable
2009-01-04,-7,0,13,-8,-8,-9,0.2,91,9.375,1009,76.75,0,0,-16,332,326,116,0.1,1,3.7,météo très défavorable
2009-01-05,-7,0,12,-10,-10,-8,0,94,8,1017,50.875,0,0,-16,122,143,119,0,2,5.8,météo très défavorable
2009-01-06,0,0,41,-2,0,-1,3.3,93,5,1011,99.625,0,0,-9,230,230,230,0,1,1.5,météo très défavorable
2009-01-07,0,0,5,-6,-10,-13,1.4,90,8.125,1004,35.5,0,0,-14,335,113,113,0.3,1,5.8,météo très défavorable
2009-01-08,-6,0,19,-10,-8,-6,0.2,91,9.375,1011,59.75,0,0,-15,116,113,332,0.2,2,5.8,météo très défavorable
2009-01-09,-3,0,9,-4,-3,-4,4.2,99,4.5,1009,100,0,0,-8,338,338,122,3.6,1,1.7,météo très défavorable
2009-01-10,0,0,15,-4,-3,-1,0,97,7,1020,83.25,0,0,-8,143,119,122,0,1,1.7,météo très défavorable
2009-01-11,1,0,26,1,1,1,0.2,97,9,1016,98.625,1,1,-5,122,122,122,0,1,1.7,météo très défavorable
2009-01-12,4,0,30,1,2,3,2.5,98,6.875,1007,100,4,3,-4,317,266,266,0,1,1.7,météo très défavorable
2009-01-13,3,0,25,3,2,2,1.6,97,7.875,1001,100,4,3,-3,266,122,317,0,1,1.7,météo très défavorable
2009-01-14,3,0,22,2,2,3,0.6,96,9.75,1009,100,3,2,-3,317,122,122,0,1,1.7,météo très défavorable
2009-01-15,2,0,6,1,1,0,0.6,96,4.125,1016,97.5,2,1,-1,332,332,338,0.5,1,1.7,météo très défavorable
2009-01-16,-3,0,21,-4,-4,-5,0,81,10,1030,63,0,0,-11,122,122,113,0,1,3.8,météo très défavorable
2009-01-17,-5,0,9,-7,-6,-6,0,90,9,1031,21.375,0,0,-10,113,116,143,0,2,5.8,météo très défavorable
2009-01-18,-4,0,14,-6,-5,-4,0.1,88,9.375,1027,82.5,0,0,-10,119,332,326,0.1,2,1.7,météo très défavorable
2009-01-19,-3,0,13,-4,-4,-3,0.6,90,8.375,1014,100,0,0,-8,338,326,122,0.5,1,1.8,météo très défavorable
2009-01-20,-4,0,19,-4,-4,-4,0.4,87,8.75,1013,100,0,0,-10,332,332,122,0.3,1,1.8,météo très défavorable
2009-01-21,-2,0,18,-4,-4,-2,0.1,94,7.125,1016,100,0,0,-9,122,332,143,0.1,1,1.8,météo très défavorable
2009-01-22,-1,0,15,-2,-2,-1,0,95,7,1017,95,0,0,-6,326,122,122,0,1,1.8,météo très défavorable
2009-01-23,0,0,28,0,0,-1,0.6,91,8.375,1000,100,0,0,-8,122,338,332,0.5,1,1.8,météo très défavorable
2009-01-24,-1,0,16,-4,-3,-3,0.1,96,6.75,1003,64,0,0,-9,143,116,326,0.1,1,3.8,météo très défavorable
2009-01-25,0,0,18,-1,-1,-1,2.1,96,4.125,1006,100,0,0,-6,338,332,338,1.8,1,1.9,météo très défavorable
2009-01-26,0,0,10,0,0,0,2.1,99,4.375,1009,100,0,0,-3,317,266,332,0.2,1,1.9,météo très défavorable
2009-01-27,0,0,8,0,0,0,0.1,98,0.625,1014,100,0,0,-2,248,248,332,0.1,1,1.9,météo très défavorable
2009-01-28,0,0,4,0,0,0,0,97,0.75,1017,100,0,0,-1,248,143,143,0,1,2,météo très défavorable
2009-01-29,-2,0,10,-2,-2,-3,0,92,6.75,1022,100,0,0,-6,326,122,326,0,1,2,météo très défavorable
2009-01-30,-2,0,18,-2,-5,-7,0.1,90,8,1031,100,0,0,-12,326,122,326,0.1,1,2,météo très défavorable
2009-01-31,-9,0,17,-9,-10,-11,0,81,10,1035,69.5,0,0,-19,326,122,113,0,1,3.9,météo très défavorable
2009-02-01,-5,0,12,-13,-9,-6,0.6,93,9,1035,81.875,0,0,-14,119,326,338,0.5,1,2,météo très défavorable
2009-02-02,-3,0,12,-4,-3,-4,0,90,8,1029,40.125,0,0,-7,116,116,143,0,1,5.8,météo très défavorable
2009-02-03,-3,0,13,-5,-4,-5,0,93,6,1025,24.25,0,0,-9,143,116,113,0,1,5.8,météo très défavorable
2009-02-04,-6,0,10,-8,-7,-8,0,94,5.5,1016,34.75,0,0,-11,113,143,143,0,1,5.8,météo très défavorable
2009-02-05,-6,0,8,-10,-7,-8,0,93,3.25,1007,48.625,0,0,-11,143,116,143,0,1,5.8,météo très défavorable
2009-02-06,-5,0,9,-7,-7,-6,0.4,92,5.5,1006,100,0,0,-10,332,332,326,0.3,1,2.1,météo très défavorable
2009-02-07,-2,0,10,-4,-3,-2,1.3,96,1,1004,99.625,0,0,-7,338,143,260,1.1,1,2.1,météo très défavorable
2009-02-08,1,0,21,-0,0,1,0,97,8.75,1000,100,1,1,-5,122,122,122,0,1,3.1,météo très défavorable
2009-02-09,1,0,13,1,1,-1,0.4,98,7,1005,71.5,1,1,-3,338,119,143,0.3,1,5.1,météo très défavorable
2009-02-10,-2,0,5,-4,-2,-4,0,85,10,1006,39.875,0,0,-4,113,116,119,0,1,8.7,météo très défavorable
2009-02-11,-4,0,5,-7,-4,-6,0,88,6.75,1012,27.25,0,0,-7,116,116,143,0,1,8.7,météo très défavorable
2009-02-12,-5,0,14,-5,-5,-5,0.2,90,6.125,1013,73.5,0,0,-10,119,323,332,0.1,1,5.1,météo très défavorable
2009-02-13,-2,0,9,-5,-3,-3,1.5,96,2.875,1013,94.75,0,0,-7,332,338,332,1.3,1,3.4,météo très défavorable
2009-02-14,-3,0,13,-3,-3,-4,1.3,95,4.125,1014,100,0,0,-8,338,338,338,1.1,1,3.4,météo très défavorable
2009-02-15,-5,0,12,-5,-5,-5,1.9,96,2,1013,100,0,0,-10,338,338,338,1.6,1,3.4,météo très défavorable
2009-02-16,-6,0,7,-7,-6,-6,0.1,96,3.125,1020,98.25,0,0,-10,332,143,326,0.1,1,3.5,météo très défavorable
2009-02-17,-4,0,18,-6,-6,-5,0.4,96,7.125,1020,96.125,0,0,-12,332,332,332,0.3,1,4.8,météo très défavorable
2009-02-18,-4,0,13,-4,-5,-5,1.3,95,4.375,1021,100,0,0,-10,332,338,338,1.1,1,4.9,météo très défavorable
2009-02-19,-3,0,13,-4,-3,-5,1.4,94,5.375,1026,87.375,0,0,-8,338,332,116,1.2,1,6.6,météo très défavorable
2009-02-20,-5,0,15,-5,-6,-5,0.4,96,8,1032,83.5,0,0,-12,119,326,338,0.3,1,6.6,météo très défavorable
2009-02-21,-3,0,11,-5,-4,-4,0.4,95,3.5,1034,93.5,0,0,-8,332,332,332,0.4,1,4.9,météo très défavorable
2009-02-22,-4,0,18,-4,-4,-5,0.5,92,7.125,1029,100,0,0,-10,332,332,326,0.4,1,5,météo très défavorable
2009-02-23,-5,0,19,-7,-8,-7,0.5,95,6.125,1018,100,0,0,-16,332,326,332,0.4,1,5,météo très défavorable
2009-02-24,-3,0,14,-6,-4,-3,0.7,97,6.5,1018,100,0,0,-9,332,332,326,0.6,1,5,météo très défavorable
2009-02-25,-0,0,16,-1,-0,-1,2.4,98,6,1014,85.625,0,0,-5,338,338,116,2,1,6.7,météo très défavorable
2009-02-26,-0,0,13,-5,-3,-1,0.8,98,1.375,1008,83.875,0,0,-8,260,332,338,0.6,1,5.1,météo très défavorable
2009-02-27,1,0,12,-0,0,0,0.5,99,2.75,998,100,1,0,-3,332,248,338,0.5,1,5.1,météo très défavorable
2009-02-28,-1,0,18,-1,-1,-2,3.6,98,4.875,1006,100,0,0,-7,338,395,338,3.1,1,5.1,météo très défavorable
2009-03-01,-3,0,12,-3,-3,-3,1.4,96,3.375,1019,97.5,0,0,-7,332,143,143,1.2,1,5.1,météo très défavorable
2009-03-02,-3,0,5,-4,-3,-4,0.1,94,5.625,1022,56.125,0,0,-6,329,116,143,0.1,1,10.8,météo très défavorable
2009-03-03,-1,0,19,-6,-3,-2,0.4,96,5.25,1020,81.5,0,0,-9,119,122,338,0.4,1,5.4,météo très défavorable
2009-03-04,-0,0,9,-2,-0,-1,0.2,99,2.5,1016,91.5,0,0,-3,332,326,260,0.2,1,5.4,météo très défavorable
2009-03-05,1,0,12,-2,0,0,0,99,0,1017,97,1,1,-3,260,248,248,0,1,5.5,météo très défavorable
2009-03-06,1,0,11,-1,0,1,0.1,99,1.75,1017,98.875,1,1,-3,260,248,326,0.1,1,5.5,météo très défavorable
2009-03-07,-0,0,12,-2,-2,-0,0.2,97,4.5,1014,81.625,0,0,-7,323,323,332,0.2,1,8.6,météo très défavorable
2009-03-08,1,0,10,-1,-1,-0,0.2,98,5.5,1012,92.875,1,0,-4,332,326,326,0.3,1,5.5,météo très défavorable
2009-03-09,-1,0,18,-3,-2,-2,1.1,96,7.125,1008,99.25,0,0,-7,332,332,338,0.9,1,5.6,météo très défavorable
2009-03-10,-0,0,15,-2,-0,-0,1.8,98,4.625,1001,100,0,0,-5,332,332,332,1.5,1,5.6,météo très défavorable
2009-03-11,0,0,5,-2,0,-0,0.6,99,4,1014,100,0,0,-1,326,332,338,0.5,1,5.6,météo très défavorable
2009-03-12,-1,0,8,-2,-1,-2,0.4,94,4.875,1020,99.25,0,0,-4,332,326,332,0.4,1,5.6,météo très défavorable
2009-03-13,0,0,5,-4,-1,-1,0.1,91,7,1022,71.75,0,0,-2,143,116,143,0.1,1,8.7,météo très défavorable
2009-03-14,1,0,13,-4,-1,-0,0,95,7,1023,36.5,1,0,-5,143,116,143,0,1,10.2,météo très défavorable
2009-03-15,0,0,9,-4,-2,0,0,97,0.5,1026,79,1,0,-5,260,143,248,0,1,5.9,météo très défavorable
2009-03-16,1,0,12,-5,0,0,0,99,2.5,1027,65,1,1,-4,143,248,122,0,1,7.4,météo très défavorable
2009-03-17,-0,0,12,-1,-0,-0,3.6,98,4.5,1021,100,0,0,-4,338,338,338,3.1,1,6,météo très défavorable
2009-03-18,1,0,8,-1,0,0,2.7,99,1,1016,100,1,0,-3,338,338,338,2.3,1,6,météo très défavorable
2009-03-19,0,0,13,-2,0,0,1,98,4.5,1025,100,1,0,-4,338,332,332,0.8,1,6,météo très défavorable
2009-03-20,-0,0,30,-4,-1,0,0.3,92,6.125,1026,69.5,0,0,-8,143,116,230,0.1,1,7.4,météo très défavorable
2009-03-21,1,0,21,0,-0,-0,3,96,7,1008,86.875,1,0,-5,332,326,371,2.6,1,7.5,météo très défavorable
2009-03-22,-1,0,16,-5,-2,-1,0.2,93,6.625,1005,54.875,0,0,-7,119,122,371,0.2,1,9,météo très défavorable
2009-03-23,-1,0,10,-7,-2,-2,0.2,94,3.375,1000,59.5,0,0,-6,143,371,143,0.2,1,10.3,météo très défavorable
2009-03-24,0,0,8,-6,-2,-1,0.5,97,4.25,997,83.625,0,0,-5,326,332,371,0.5,1,9,météo très défavorable
2009-03-25,-3,0,20,-4,-4,-4,0.3,95,8.125,999,99.5,0,0,-11,332,332,122,0.3,1,6.4,météo très défavorable
2009-03-26,-3,0,15,-6,-4,-4,0,89,10,1004,53.875,0,0,-9,116,116,116,0,1,11.6,météo très défavorable
2009-03-27,-2,0,12,-7,-4,-2,0.2,86,9.375,1010,68.625,0,0,-8,326,119,116,0.1,1,7.7,météo très défavorable
2009-03-28,1,0,23,-5,-0,1,0.7,99,7.375,1010,82.125,1,1,-6,119,332,266,0.2,1,6.5,météo très défavorable
2009-03-29,1,0,14,0,1,0,3.5,99,4.875,1009,100,1,1,-3,332,122,338,2.8,1,6.5,météo très défavorable
2009-03-30,2,0,14,0,1,1,0,98,6.5,1015,86.5,2,1,-3,116,119,326,0.1,1,6.5,météo très défavorable
2009-03-31,3,0,28,-0,1,3,0.5,99,8.375,1014,97.375,3,2,-5,332,338,119,0.5,1,6.6,météo très défavorable
2009-04-01,3,0,17,1,2,2,0.6,99,7.125,1017,93.875,3,2,-2,248,119,371,0.5,1,6.6,météo très défavorable
2009-04-02,3,0,15,-1,1,2,0,95,10,1022,69.75,3,2,-3,119,116,119,0,1,9.1,météo très défavorable
2009-04-03,3,0,17,2,2,2,3.1,99,4.125,1016,94.25,3,3,-2,296,266,248,0,1,6.6,météo très défavorable
2009-04-04,3,0,8,-1,0,2,0.8,91,5.5,1018,83.25,3,1,-2,326,326,338,0.7,1,6.7,météo très défavorable
2009-04-05,3,0,6,2,3,3,1.9,95,5.25,1015,90.375,3,2,1,296,143,119,0,1,6.7,météo très défavorable
2009-04-06,2,0,14,1,2,0,9.2,99,5.125,1012,98.875,2,2,-3,302,266,338,1.3,1,6.9,météo très défavorable
2009-04-07,2,0,12,-1,1,2,0.7,89,6.125,1021,93,2,0,-2,338,332,326,0.7,1,7,météo très défavorable
2009-04-08,5,0,7,-3,3,3,0,71,9,1026,34.375,5,0,1,116,113,116,0,1,11.6,météo très défavorable
2009-04-09,4,0,21,-3,2,3,0,66,10,1027,11.375,4,0,-3,113,113,113,0,1,11.6,météo très défavorable
2009-04-10,6,0,22,-2,2,4,1.2,77,8.625,1024,47.875,6,3,-2,113,116,296,0,1,9.3,météo très défavorable
2009-04-11,4,0,8,4,4,4,1.4,97,5.375,1022,94.375,4,4,2,248,266,119,0,1,9.1,météo très défavorable
2009-04-12,4,0,10,2,4,4,0.1,90,6,1023,78.125,4,2,1,143,119,122,0,1,9.1,météo très défavorable
2009-04-13,8,0,6,1,5,7,0,92,4.5,1022,79,8,6,4,248,119,119,0,1,9.1,météo très défavorable
2009-04-14,8,0,6,1,8,7,0,78,7,1018,76.25,8,5,7,143,122,119,0,1,9.2,météo très défavorable
2009-04-15,4,0,16,2,3,2,0.1,85,7.125,1024,73.625,4,3,-1,143,326,332,0.1,1,10.3,météo très défavorable
2009-04-16,3,0,10,-1,2,3,0,67,10,1028,77.25,3,0,-1,119,122,119,0,1,10.3,météo très défavorable
2009-04-17,4,0,22,-0,4,3,1,85,9.875,1021,73.5,4,1,-2,122,116,317,0,1,11.4,météo très défavorable
2009-04-18,1,0,33,-1,0,-0,0.2,73,8.75,1013,84.5,1,0,-6,122,119,230,0,1,9.3,météo très défavorable
2009-04-19,2,0,27,-2,1,2,0,60,10,1023,75,2,0,-4,122,116,116,0,1,12.4,météo très défavorable
2009-04-20,3,0,27,0,1,2,0.2,72,8.375,1025,71.875,3,1,-5,329,230,119,0.1,1,10.4,météo très défavorable
2009-04-21,3,0,12,-3,1,2,0,56,10,1032,32,3,0,-2,113,113,116,0,1,14.5,météo très défavorable
2009-04-22,6,0,8,-2,4,5,0,44,10,1028,43.25,6,0,2,116,116,113,0,1,13.5,météo très défavorable
2009-04-23,7,0,21,-2,6,6,0,58,10,1021,28.25,7,1,4,113,113,119,0,1,13.5,météo très défavorable
2009-04-24,11,0,11,1,8,9,0,70,6.5,1026,53,11,3,7,248,116,116,0,1,13.5,météo très défavorable
2009-04-25,13,0,18,4,11,13,0,60,10,1022,16.875,13,4,9,116,113,113,0,1,14.5,météo très défavorable
2009-04-26,16,0,25,6,13,15,0,40,10,1019,3.125,16,3,11,113,113,113,0,1,14.5,météo très défavorable
2009-04-27,18,0,16,7,16,18,0,41,10,1014,17,18,4,16,113,119,113,0,1,13.5,météo très défavorable
2009-04-28,19,0,16,10,17,18,0,42,10,1011,10.25,19,4,17,113,113,113,0,1,14.5,météo favorable
2009-04-29,13,0,18,8,13,10,0,80,10,1017,42.375,13,8,9,116,119,113,0,1,12.6,météo très défavorable
2009-04-30,9,0,17,3,7,9,0,47,10,1027,26.25,9,3,4,116,113,113,0,1,14.5,météo très défavorable
2009-05-01,11,0,14,1,10,10,0,38,10,1029,6.25,11,0,10,113,113,113,0,1,16,météo très défavorable
2009-05-02,14,0,20,5,13,13,0,48,10,1026,1.25,14,2,12,113,113,113,0,1,16.5,météo très défavorable
2009-05-03,15,0,16,5,13,14,0,32,10,1023,23.375,15,1,11,116,116,113,0,1,16.5,météo très défavorable
2009-05-04,18,0,10,6,15,18,0,34,10,1016,13,18,1,14,113,113,113,0,1,16.6,météo favorable
2009-05-05,13,0,14,9,12,13,0,56,10,1009,28.25,13,6,10,116,113,116,0,1,16.6,météo très défavorable
2009-05-06,12,0,18,6,9,11,0,62,10,1007,52.75,12,5,6,116,122,119,0,1,14.9,météo très défavorable
2009-05-07,14,0,14,7,14,13,0,48,10,1008,34.625,14,5,13,116,116,113,0,1,16.7,météo très défavorable
2009-05-08,13,0,20,7,12,13,0,61,10,1015,21.625,13,5,10,113,116,116,0,1,16.7,météo très défavorable
2009-05-09,17,0,25,7,17,11,2.8,70,9.625,1015,45.25,17,9,12,113,113,302,0,1,15.8,météo très défavorable
2009-05-10,14,0,19,7,14,13,0,50,10,1018,18.625,14,4,12,113,113,113,0,1,16.8,météo très défavorable
2009-05-11,13,0,14,9,13,10,0.2,58,9,1017,53.375,13,6,11,116,266,116,0,1,15.8,météo très défavorable
2009-05-12,13,0,17,5,12,12,0,46,8,1015,21.25,13,4,10,143,113,113,0,1,16.9,météo très défavorable
2009-05-13,13,0,26,6,12,11,0,56,10,1016,35.875,13,4,10,113,119,116,0,1,15.9,météo très défavorable
2009-05-14,8,0,29,4,7,5,0.6,61,9,1014,83.625,8,2,3,122,119,266,0,1,12.8,météo très défavorable
2009-05-15,8,0,17,3,5,8,0,67,10,1016,62.125,8,1,2,122,116,113,0,1,15.9,météo très défavorable
2009-05-16,12,0,10,2,10,11,0,51,9,1020,51.875,12,1,9,119,116,116,0,1,15.1,météo très défavorable
2009-05-17,12,0,12,5,11,12,0,47,10,1022,58.125,12,1,10,122,116,116,0,1,15.9,météo très défavorable
2009-05-18,15,0,13,7,14,14,0,37,10,1023,12.125,15,2,13,113,113,113,0,1,17.2,météo très défavorable
2009-05-19,13,0,8,8,13,10,0.1,82,8,1021,68.375,13,9,10,122,116,143,0,1,14.4,météo très défavorable
2009-05-20,13,0,18,8,13,13,0,62,6.75,1019,53,13,8,11,143,119,116,0,1,16.7,météo très défavorable
2009-05-21,15,0,9,7,15,15,0.3,59,9.75,1018,43.25,15,8,15,116,116,176,0,1,16.7,météo très défavorable
2009-05-22,17,0,12,9,16,17,0,52,9,1014,33.375,17,9,16,113,113,119,0,1,16.7,météo très défavorable
2009-05-23,12,0,9,10,11,12,1.4,88,7.875,1005,88.875,12,10,11,296,122,119,0,1,13.1,météo très défavorable
2009-05-24,16,0,24,9,13,15,0,65,9,1003,47,16,9,11,116,119,116,0,1,16.7,météo très défavorable
2009-05-25,16,0,22,9,13,16,0.3,75,10,1012,40.5,16,8,11,353,119,113,0,1,15.3,météo très défavorable
2009-05-26,18,0,17,10,18,18,0,46,10,1014,19.25,18,6,18,113,113,113,0,1,17.4,météo favorable
2009-05-27,23,0,26,13,21,22,0,45,10,1011,36.875,24,11,21,116,113,116,0,1,17.4,météo favorable
2009-05-28,15,0,19,10,15,14,0,45,10,1017,26.375,16,8,15,113,113,116,0,1,17.4,météo très défavorable
2009-05-29,18,0,12,10,16,18,0,45,10,1032,10.5,18,6,17,113,113,113,0,1,17.4,météo favorable
2009-05-30,19,0,19,10,18,19,0,35,10,1034,5.125,19,7,18,113,113,113,0,1,17.4,météo favorable
2009-05-31,24,0,8,14,23,23,0,35,10,1033,6.125,24,9,23,113,113,113,0,1,17.4,météo favorable
2009-06-01,23,0,17,14,22,23,0,39,10,1026,8,24,9,22,113,113,113,0,1,17.4,météo favorable
2009-06-02,18,0,11,12,17,17,0,37,10,1014,19.75,18,7,17,113,116,113,0,1,17.4,météo favorable
2009-06-03,11,0,14,10,11,10,1.1,90,9.875,1002,77.5,11,9,9,119,296,122,0,1,14,météo très défavorable
2009-06-04,9,0,16,7,9,8,8.9,97,6.375,988,100,9,9,6,122,308,266,0,1,14,météo très défavorable
2009-06-05,7,0,22,6,6,6,6,98,7.375,1000,100,7,7,2,296,296,122,0,1,14,météo très défavorable
2009-06-06,9,0,13,6,8,9,0.6,82,5.75,1008,76.375,9,6,6,143,266,113,0,1,15.2,météo très défavorable
2009-06-07,12,0,9,6,12,11,0,47,10,1012,41.75,12,3,11,113,116,116,0,1,16.3,météo très défavorable
2009-06-08,14,0,11,7,12,13,0.3,57,9,1016,63.375,14,4,10,266,116,116,0,1,15.7,météo très défavorable
2009-06-09,11,0,15,8,9,11,2.1,98,6.375,1018,70.5,11,11,6,116,293,143,0,1,15.2,météo très défavorable
2009-06-10,15,0,14,10,15,13,2.6,97,6.125,1018,58.75,15,13,12,113,116,302,0,1,15.7,météo très défavorable
2009-06-11,20,0,10,12,17,20,0.1,66,7.5,1014,55.375,20,12,17,122,116,113,0,1,16.9,météo très défavorable
2009-06-12,17,0,17,14,12,17,1.8,99,7.375,1012,70.75,17,17,11,119,296,353,0,1,14.1,météo très défavorable
2009-06-13,24,0,21,14,23,23,0.2,61,6.375,1007,45.375,25,17,23,143,113,386,0,1,17.4,météo favorable
2009-06-14,19,0,21,14,15,19,1,71,7.625,1009,64.125,19,16,14,266,116,116,0,1,15.8,météo très défavorable
2009-06-15,16,0,23,12,15,15,0.2,65,10,1008,74.875,16,9,15,122,122,116,0,1,14.7,météo très défavorable
2009-06-16,14,0,17,10,14,14,0.1,70,10,1011,58.25,14,7,11,113,122,116,0,1,15.8,météo très défavorable
2009-06-17,10,0,19,8,9,9,1.3,86,8,1011,79.25,10,9,6,116,266,266,0,1,14.7,météo très défavorable
2009-06-18,14,0,29,10,13,14,0.4,49,9.375,1011,18.875,14,8,11,113,113,113,0,1,17.4,météo très défavorable
2009-06-19,14,0,18,9,12,14,0.5,67,9.375,1010,61,14,10,11,263,122,116,0,1,15.2,météo très défavorable
2009-06-20,15,0,22,10,15,14,0.3,69,10,1011,56.875,15,9,11,116,353,116,0,1,15.8,météo très défavorable
2009-06-21,16,0,17,10,16,16,0,55,10,1022,13.5,16,7,16,113,113,113,0,1,17.4,météo très défavorable
2009-06-22,21,0,4,12,21,20,0,42,10,1028,8.875,24,8,21,113,113,113,0,1,17.4,météo favorable
2009-06-23,22,0,6,12,20,21,0,47,10,1028,28.25,24,10,20,116,113,116,0,1,16.9,météo favorable
2009-06-24,22,0,16,13,21,21,0,45,10,1027,19.5,24,10,21,113,113,116,0,1,17.4,météo favorable
2009-06-25,21,0,18,14,21,20,0.1,45,9.875,1028,26.875,24,11,21,113,113,116,0,1,17.4,météo favorable
2009-06-26,24,0,17,14,23,24,0,37,10,1030,14,24,10,23,113,113,113,0,1,17.4,météo favorable
2009-06-27,19,0,13,14,16,19,1.4,84,10,1027,53.375,19,14,16,116,353,119,0,1,15.2,météo très défavorable
2009-06-28,20,0,15,15,15,20,1,94,6.625,1019,72.375,20,15,14,266,266,113,0,1,15.2,météo très défavorable
2009-06-29,23,0,6,13,22,22,0,58,10,1025,22.5,25,13,22,116,113,113,0,1,17.4,météo favorable
2009-06-30,21,0,10,12,18,21,0,61,10,1027,35,24,10,18,119,116,116,0,1,16.9,météo favorable
2009-07-01,23,0,7,13,22,22,0,42,10,1025,28.875,24,9,22,116,116,113,0,1,17.4,météo favorable
2009-07-02,22,0,16,14,22,22,0.5,67,9.875,1019,32,25,15,21,119,176,116,0,1,16.8,météo favorable
2009-07-03,18,0,21,14,18,17,0.4,44,9.875,1013,35.25,18,12,18,176,122,113,0,1,16.8,météo très défavorable
2009-07-04,16,0,21,10,16,14,0,44,10,1008,36.125,16,5,16,116,116,116,0,1,16.8,météo très défavorable
2009-07-05,12,0,12,8,9,12,1.1,83,8,1006,72,12,8,8,266,266,116,0,1,15.2,météo très défavorable
2009-07-06,16,0,9,9,15,16,0,52,10,1008,44.875,16,6,15,116,116,116,0,1,16.8,météo très défavorable
2009-07-07,18,0,14,10,17,16,0,45,10,1009,37.625,18,10,17,113,116,116,0,1,16.8,météo favorable
2009-07-08,22,0,11,13,19,22,1.8,70,9.5,1006,57.75,24,13,19,353,113,113,0,1,16.3,météo très défavorable
2009-07-09,20,0,18,15,16,20,4,95,9.625,1004,54.25,20,15,16,119,302,116,0,1,15.1,météo très défavorable
2009-07-10,21,0,14,14,20,20,0,50,9,1013,18.125,21,13,20,113,113,116,0,1,17.4,météo favorable
2009-07-11,23,0,3,14,23,19,0.1,54,10,1014,30.75,25,15,22,113,116,116,0,1,16.8,météo favorable
2009-07-12,20,0,15,14,19,20,1.7,61,8.5,1016,46.75,20,13,19,143,113,116,0,1,17.4,météo favorable
2009-07-13,22,0,19,15,22,18,5.2,94,8.5,1015,66.5,25,19,20,116,176,356,0,1,15.5,météo très défavorable
2009-07-14,19,0,20,14,18,19,0.2,63,9,1015,43,19,15,18,119,113,113,0,1,16.8,météo favorable
2009-07-15,23,0,17,16,21,23,0,51,10,1019,29.25,25,13,21,113,113,116,0,1,17.4,météo favorable
2009-07-16,24,0,7,16,24,21,1.2,66,8.75,1018,28.25,25,18,24,113,116,353,0,1,16.7,météo favorable
2009-07-17,22,0,22,16,21,22,0.3,59,10,1012,25.25,25,18,21,113,116,113,0,1,17.4,météo favorable
2009-07-18,21,0,17,15,21,21,0,60,10,1014,10.375,24,14,21,113,113,113,0,1,17.4,météo favorable
2009-07-19,25,0,6,15,23,24,0,47,10,1013,7,26,12,23,113,113,113,0,1,17.4,météo favorable
2009-07-20,25,0,14,15,25,16,2.5,83,9.75,1009,45.75,26,18,21,176,113,296,0,1,16.1,météo favorable
2009-07-21,20,0,21,14,20,19,0,60,10,1004,30.875,20,13,20,116,116,116,0,1,17.4,météo favorable
2009-07-22,18,0,15,13,18,18,0,64,9,1007,39.25,18,14,18,116,116,116,0,1,16.7,météo favorable
2009-07-23,21,0,8,13,21,21,0,61,6.75,1012,42.5,24,13,21,143,113,116,0,1,16.7,météo favorable
2009-07-24,25,0,16,15,23,25,0,51,10,1012,16.125,26,13,23,113,113,116,0,1,17.3,météo favorable
2009-07-25,22,0,15,17,20,22,6.5,69,8.625,1007,63.875,24,17,20,302,116,113,0,1,15.9,météo très défavorable
2009-07-26,21,0,8,14,21,19,0,58,10,1010,20.625,21,13,21,116,113,116,0,1,17.2,météo favorable
2009-07-27,21,0,18,14,21,19,0,59,10,1010,14.75,24,13,21,113,113,116,0,1,17.1,météo favorable
2009-07-28,21,0,23,16,21,20,0,60,10,1014,10.75,21,13,21,113,113,113,0,1,17.1,météo favorable
2009-07-29,23,0,10,16,22,20,0,58,10,1019,29.875,25,15,22,116,119,113,0,1,16.6,météo très défavorable
2009-07-30,21,0,15,15,21,21,0,55,10,1020,11.625,21,13,21,113,113,113,0,1,17,météo favorable
2009-07-31,25,0,8,14,23,24,0,45,10,1019,29.875,25,14,23,113,113,116,0,1,16.6,météo favorable
2009-08-01,20,0,14,15,19,20,1.9,54,10,1015,28.5,20,16,19,113,113,113,0,4,16.9,météo favorable
2009-08-02,20,0,8,12,18,18,3.5,74,7.625,1015,57,20,15,18,143,353,356,0,4,15,météo très défavorable
2009-08-03,19,0,9,13,17,18,0.9,85,6,1013,56.875,19,16,17,143,353,119,0,3,15,météo très défavorable
2009-08-04,20,0,13,13,18,20,0,80,6.5,1020,59.125,20,15,18,248,116,116,0,3,15,météo très défavorable
2009-08-05,20,0,8,13,19,19,0,58,10,1023,21.875,20,11,19,116,113,113,0,4,16.7,météo favorable
2009-08-06,21,0,9,12,19,21,0,53,10,1025,18.75,24,11,19,113,113,116,0,4,16.6,météo favorable
2009-08-07,22,0,7,13,21,21,0,46,10,1025,17.375,24,11,21,113,113,113,0,5,16.6,météo favorable
2009-08-08,23,0,10,14,22,22,0,51,10,1025,32.25,25,13,22,113,113,116,0,4,16.1,météo favorable
2009-08-09,24,0,4,14,24,22,0,48,10,1024,35.25,25,15,23,116,116,116,0,5,16.1,météo favorable
2009-08-10,23,0,19,15,23,22,0,47,10,1022,9.875,25,13,23,113,113,113,0,5,16,météo favorable
2009-08-11,23,0,15,16,23,22,0,48,10,1018,27.375,25,13,22,116,116,113,0,5,16,météo favorable
2009-08-12,18,0,28,13,14,18,0.7,90,9,1011,59.75,18,14,13,116,266,116,0,5,14.7,météo très défavorable
2009-08-13,16,0,12,14,16,15,0.6,87,10,1001,78,16,14,16,353,119,116,0,4,12.8,météo très défavorable
2009-08-14,16,0,9,13,14,16,3.9,94,7.5,1002,72.625,16,13,13,353,356,176,0,3,10.6,météo très défavorable
2009-08-15,18,0,28,13,17,18,0.2,63,10,1010,36.375,19,12,17,119,116,113,0,4,13.5,météo favorable
2009-08-16,17,0,28,12,12,17,3,93,9.875,1011,52.125,17,16,9,113,296,353,0,4,11.5,météo très défavorable
2009-08-17,18,0,33,15,17,17,0.4,79,10,1003,57.5,18,14,17,116,119,116,0,4,11.5,météo très défavorable
2009-08-18,16,0,9,11,16,15,9.6,96,6,1006,65.625,16,15,15,143,353,308,0,3,10.5,météo très défavorable
2009-08-19,17,0,20,11,13,17,10.1,74,8.25,1018,67.125,17,13,11,302,119,113,0,3,11.5,météo très défavorable
2009-08-20,16,0,17,10,15,16,0,51,10,1027,6.375,16,9,15,113,113,113,0,4,14.5,météo très défavorable
2009-08-21,18,0,7,8,17,17,0,45,10,1028,10,18,6,18,113,113,113,0,4,14.5,météo favorable
2009-08-22,20,0,7,8,18,19,0,54,10,1025,6.875,20,11,18,113,113,116,0,4,14.5,météo favorable
2009-08-23,20,0,10,10,20,19,0,56,10,1022,8,20,11,20,113,113,113,0,4,14.5,météo favorable
2009-08-24,18,0,19,14,15,18,1.8,87,7.875,1017,43.625,18,13,15,293,266,113,0,4,13.5,météo très défavorable
2009-08-25,18,0,19,12,18,17,0,54,10,1017,18,19,11,18,116,113,113,0,4,14.5,météo favorable
2009-08-26,20,0,9,13,19,20,0,57,10,1017,40.125,20,12,19,116,116,113,0,4,14.5,météo favorable
2009-08-27,18,0,20,15,18,16,3.6,81,9.625,1012,76.625,18,15,17,356,353,353,0,5,10.3,météo très défavorable
2009-08-28,19,0,11,15,17,19,0.7,84,8,1013,62.25,19,15,17,266,353,113,0,3,12.4,météo très défavorable
2009-08-29,23,0,13,13,21,22,0,61,10,1013,29.125,25,13,21,116,113,113,0,4,14.5,météo favorable
2009-08-30,18,0,9,15,13,14,4.1,92,9.75,1011,63.375,18,14,13,296,296,116,0,4,11.3,météo très défavorable
2009-08-31,18,0,23,12,16,15,0,68,10,1015,32.375,18,12,16,113,113,116,0,4,14.5,météo favorable
2009-09-01,18,0,24,13,17,18,0.2,73,9,1019,75.125,18,13,17,266,119,122,0,1,9.1,météo très défavorable
2009-09-02,21,0,26,15,20,20,0,49,10,1019,20.5,24,12,20,113,113,113,0,1,11.6,météo favorable
2009-09-03,21,0,16,14,20,21,0,52,10,1016,9.625,24,14,21,113,113,113,0,1,11.6,météo favorable
2009-09-04,20,0,28,18,20,16,3.4,88,9.625,1011,51,20,15,17,116,116,302,0,1,9.2,météo favorable
2009-09-05,15,0,8,14,14,14,0,93,10,1010,57.875,15,14,14,116,122,116,0,1,9.2,météo très défavorable
2009-09-06,15,0,24,15,14,14,4.8,95,6.875,1010,87.375,15,14,11,353,296,263,0,1,7.9,météo très défavorable
2009-09-07,17,0,14,14,16,16,2.9,82,7.875,1020,51.5,17,14,16,353,176,113,0,1,10.4,météo très défavorable
2009-09-08,18,0,21,13,17,17,0,72,10,1025,64.25,18,13,17,116,122,116,0,1,9.1,météo très défavorable
2009-09-09,21,0,23,15,18,20,0.1,64,10,1025,32.375,21,13,18,119,113,113,0,1,11.6,météo favorable
2009-09-10,17,0,12,14,15,17,0.6,92,8.375,1026,37.875,18,14,15,266,263,113,0,1,10.4,météo très défavorable
2009-09-11,16,0,11,8,15,14,0,56,10,1026,6.875,16,8,15,113,113,113,0,1,11.6,météo très défavorable
2009-09-12,16,0,13,10,15,15,0,58,10,1024,11.875,16,8,15,113,113,113,0,1,11.6,météo très défavorable
2009-09-13,15,0,11,8,15,13,0.2,61,9.375,1020,39.5,15,10,14,116,113,263,0,1,11.6,météo très défavorable
2009-09-14,14,0,13,11,12,14,5.1,90,8.5,1027,80.125,14,12,11,296,266,119,0,1,6.5,météo très défavorable
2009-09-15,18,0,5,9,16,16,0,66,10,1028,10.375,18,11,16,113,113,113,0,1,11.6,météo favorable
2009-09-16,16,0,19,12,16,14,0.2,70,9,1024,48.625,16,11,16,266,116,116,0,1,11.6,météo très défavorable
2009-09-17,13,0,18,11,13,13,0.8,64,10,1010,38.375,14,10,12,353,116,113,0,1,11.6,météo très défavorable
2009-09-18,13,0,17,9,12,11,0,54,10,1017,36.875,13,6,10,116,113,113,0,1,11.6,météo très défavorable
2009-09-19,14,0,16,11,13,14,0.4,88,9,1017,88.875,14,12,11,122,266,116,0,1,7.7,météo très défavorable
2009-09-20,17,0,12,11,16,16,0,75,7,1017,36.125,17,11,16,143,116,113,0,1,11.6,météo très défavorable
2009-09-21,16,0,16,11,13,15,0.3,85,9.375,1014,44.75,16,12,11,113,263,113,0,1,9,météo très défavorable
2009-09-22,14,0,19,13,14,13,0,89,10,1012,66.625,14,12,12,113,122,119,0,1,7.6,météo très défavorable
2009-09-23,15,0,28,14,14,13,4,87,9.875,1004,83.25,15,13,12,353,353,353,0,1,8.9,météo très défavorable
2009-09-24,14,0,20,10,13,12,0,59,10,1004,19.375,14,8,11,113,116,113,0,1,11.6,météo très défavorable
2009-09-25,11,0,19,9,10,9,0.9,62,8.375,1011,33.625,11,8,8,263,113,116,0,1,11.6,météo très défavorable
2009-09-26,14,0,19,7,11,13,0.5,89,9.875,1014,64.125,14,12,9,119,176,122,0,1,7.4,météo très défavorable
2009-09-27,14,0,22,13,13,14,0.2,86,9,1014,86,14,12,11,119,266,119,0,1,5.7,météo très défavorable
2009-09-28,13,0,32,13,12,12,6.6,93,9.375,1007,85.875,13,11,10,296,302,176,0,1,7.2,météo très défavorable
2009-09-29,9,0,15,7,8,7,0.5,62,9.375,996,27.375,9,6,5,263,113,113,0,1,11.4,météo très défavorable
2009-09-30,8,0,17,4,7,6,1.1,79,9.875,1000,49.5,8,4,4,113,353,116,0,1,8.6,météo très défavorable
2009-10-01,5,0,15,4,5,4,3.2,95,6.875,1000,85.375,5,4,1,353,296,143,0,1,5.6,météo très défavorable
2009-10-02,7,0,19,5,6,5,0.5,71,8,1002,52.75,7,4,2,266,113,113,0,1,10.1,météo très défavorable
2009-10-03,8,0,19,4,7,7,0.1,74,10,1005,50.125,8,3,3,119,119,116,0,1,10.1,météo très défavorable
2009-10-04,9,0,37,4,8,9,13.5,93,8,1001,92.875,10,8,3,308,302,266,0,1,5.6,météo très défavorable
2009-10-05,9,0,28,7,8,6,1,91,7,996,92.375,9,8,2,122,266,266,0,1,5.5,météo très défavorable
2009-10-06,7,0,31,4,6,5,0.4,64,9,1015,20.75,7,3,1,113,113,113,0,1,11,météo très défavorable
2009-10-07,9,0,39,3,7,9,7.2,91,9.625,1016,70.625,9,8,2,119,116,302,0,1,7,météo très défavorable
2009-10-08,10,0,24,9,9,7,1.7,74,8.875,1005,61.75,10,7,5,266,119,113,0,1,8.5,météo très défavorable
2009-10-09,7,0,12,3,6,4,0,72,10,1015,42.625,7,2,3,119,116,116,0,1,10.1,météo très défavorable
2009-10-10,7,0,18,3,7,5,0.1,68,10,1023,15.125,7,1,3,113,116,113,0,1,10.8,météo très défavorable
2009-10-11,7,0,5,1,6,4,0,66,10,1024,18.5,7,1,5,113,113,113,0,1,10.7,météo très défavorable
2009-10-12,3,0,31,2,2,1,2.7,94,7.5,1018,96,3,1,-4,122,230,122,0,1,5.3,météo très défavorable
2009-10-13,3,0,15,2,2,2,0,88,7.75,1016,100,3,2,-2,122,122,122,0,1,5.3,météo très défavorable
2009-10-14,3,0,32,2,2,3,0.5,87,8.625,1024,100,3,2,-4,230,122,317,0,1,3.8,météo très défavorable
2009-10-15,3,0,20,3,3,3,0.6,91,8,1025,99.75,3,2,-1,266,122,266,0,1,3.8,météo très défavorable
2009-10-16,5,0,17,2,4,4,0,88,10,1022,44.125,5,3,1,116,116,113,0,1,8.7,météo très défavorable
2009-10-17,3,0,6,3,3,2,5.9,99,3.75,1014,98.25,3,3,1,266,302,296,0,1,3.8,météo très défavorable
2009-10-18,3,0,22,1,3,3,1.3,91,8.75,1016,93.25,4,2,-2,119,338,317,0.8,1,3.7,météo très défavorable
2009-10-19,4,0,29,1,2,3,3.9,89,9.5,1015,86.25,4,4,-4,116,317,302,0,1,3.7,météo très défavorable
2009-10-20,7,0,11,4,6,6,2.2,96,3.625,1024,98.5,7,6,4,296,266,266,0,1,3.7,météo très défavorable
2009-10-21,8,0,10,6,8,6,0.1,84,6,1027,44.5,8,6,6,143,113,143,0,1,8.7,météo très défavorable
2009-10-22,5,0,22,5,5,4,1,89,9.875,1026,81.375,5,4,1,119,119,296,0,1,3.5,météo très défavorable
2009-10-23,4,0,10,4,4,4,2.6,93,4.875,1020,98.25,5,4,2,143,122,266,0,1,3.5,météo très défavorable
2009-10-24,5,0,14,4,5,4,0,93,10,1027,85,5,4,2,122,119,119,0,1,3.5,météo très défavorable
2009-10-25,4,0,17,3,4,3,0,89,10,1028,92.75,4,2,-1,122,122,122,0,1,3.4,météo très défavorable
2009-10-26,7,0,15,4,5,6,1,96,6,1020,100,7,6,2,266,122,122,0,1,3.4,météo très défavorable
2009-10-27,8,0,14,7,8,8,0.9,96,3,1012,100,8,8,5,266,266,143,0,1,3.4,météo très défavorable
2009-10-28,7,0,12,7,6,5,0.7,97,3.75,1008,97.125,7,7,3,266,143,122,0,1,3.4,météo très défavorable
2009-10-29,4,0,20,2,2,0,0.3,87,9,1023,95,4,3,-3,266,122,326,0,1,3.4,météo très défavorable
2009-10-30,1,0,21,-2,1,-0,0,68,10,1026,47.5,1,0,-4,119,113,119,0,1,8.7,météo très défavorable
2009-10-31,1,0,9,-2,-0,-2,0,73,10,1030,13.875,1,0,-3,113,113,113,0,1,8.7,météo très défavorable
2009-11-01,1,0,5,-3,0,-1,0,72,10,1029,37.25,1,0,-2,113,116,119,0,2,8.7,météo très défavorable
2009-11-02,2,0,13,0,1,0,0,72,10,1025,41.75,2,0,-3,119,116,113,0,2,6.9,météo très défavorable
2009-11-03,1,0,16,-2,0,-1,0,61,10,1021,7.625,1,0,-4,113,113,113,0,2,8.7,météo très défavorable
2009-11-04,0,0,13,-3,-1,-1,0,71,10,1022,48,0,0,-5,113,119,119,0,2,6.9,météo très défavorable
2009-11-05,-1,0,23,-3,-2,-1,0,64,10,1022,40.5,0,0,-8,116,116,116,0,1,8.2,météo très défavorable
2009-11-06,0,0,18,-3,-1,0,0.6,85,9,1022,69,0,0,-7,116,116,338,0.5,2,4.9,météo très défavorable
2009-11-07,1,0,13,0,1,0,0.5,91,8,1019,83.875,2,0,-3,122,119,143,0.4,1,3,météo très défavorable
2009-11-08,2,0,17,0,2,2,0.2,93,8,1022,88.75,2,1,-2,119,122,119,0,1,3,météo très défavorable
2009-11-09,1,0,3,-1,1,-1,0,84,6,1029,28.125,1,0,-1,143,113,113,0,1,8,météo très défavorable
2009-11-10,1,0,17,-1,-1,0,4.6,94,6.75,1026,91.125,1,0,-6,122,338,338,3.9,2,3,météo très défavorable
2009-11-11,2,0,7,1,2,0,0.3,86,7.375,1013,80.125,2,1,-1,143,326,116,0.2,1,3,météo très défavorable
2009-11-12,0,0,14,-4,-3,-1,0.7,96,3.75,1014,55,0,0,-7,143,116,338,0.6,2,4.9,météo très défavorable
2009-11-13,-1,0,15,-1,-2,-3,0.8,95,6.375,1019,90.125,0,0,-7,332,338,326,0.7,1,2.9,météo très défavorable
2009-11-14,-3,0,8,-6,-4,-4,0,95,1.5,1028,47.25,0,0,-7,260,116,260,0,1,7.8,météo très défavorable
2009-11-15,1,0,15,-2,1,0,0,97,6.5,1027,78,1,0,-4,122,119,119,0,1,1.8,météo très défavorable
2009-11-16,1,0,13,-3,-1,0,0,96,4.5,1025,75.875,1,0,-6,119,143,248,0,1,1.8,météo très défavorable
2009-11-17,2,0,12,1,1,1,0.1,97,2.75,1020,99.25,2,2,-3,248,248,122,0,1,1.8,météo très défavorable
2009-11-18,5,0,15,2,3,4,1.8,99,8.75,1011,100,5,4,-1,317,266,122,0,1,1.8,météo très défavorable
2009-11-19,5,0,11,5,4,4,1.2,98,4.25,1009,99.25,5,4,1,266,266,248,0,1,1.8,météo très défavorable
2009-11-20,5,0,18,4,3,4,0.4,93,6.75,1013,64.75,5,4,0,116,119,266,0,1,3.8,météo très défavorable
2009-11-21,7,0,25,6,7,7,5.3,93,7.125,1007,97.375,7,6,3,266,266,389,0,2,1.8,météo très défavorable
2009-11-22,6,0,21,5,5,5,0,90,10,1009,81.375,6,4,1,119,122,119,0,2,1.8,météo très défavorable
2009-11-23,6,0,21,3,5,6,3.1,96,9.625,1007,96.25,6,6,2,302,122,122,0,1,1.7,météo très défavorable
2009-11-24,6,0,14,5,5,5,0.4,93,7.75,998,100,6,5,2,122,122,266,0,2,1.7,météo très défavorable
2009-11-25,5,0,9,4,5,4,0.2,97,2.25,1003,75,5,5,3,143,116,248,0,1,3.8,météo très défavorable
2009-11-26,7,0,23,4,6,6,4.7,96,7.625,1002,94.875,7,6,2,266,302,119,0,1,1.7,météo très défavorable
2009-11-27,6,0,27,6,5,5,2.5,94,8.375,999,97.25,6,5,1,266,389,353,0,2,1.7,météo très défavorable
2009-11-28,5,0,17,5,4,4,3.1,98,7.625,1000,93,5,4,0,116,302,266,0,2,1.7,météo très défavorable
2009-11-29,5,0,15,5,5,3,1,92,5.75,1005,86.375,5,4,1,266,119,143,0,1,1.7,météo très défavorable
2009-11-30,4,0,15,2,3,3,0,90,6.75,1013,79.625,4,2,-1,143,116,122,0,1,1.7,météo très défavorable
2009-12-01,4,0,26,4,3,4,1.1,91,8,1009,100,4,3,-2,122,266,266,0,1,1.7,météo très défavorable
2009-12-02,4,0,6,3,2,2,2.3,89,7.875,1015,65.875,4,4,1,119,266,113,0,1,3.7,météo très défavorable
2009-12-03,1,0,18,1,1,1,0.6,85,9.75,1016,69.375,2,0,-3,116,317,317,0,1,1.7,météo très défavorable
2009-12-04,1,0,14,-0,0,-0,0.2,90,10,1026,83.875,1,0,-4,326,119,119,0.1,1,1.7,météo très défavorable
2009-12-05,-0,0,16,-1,-2,-2,0,82,10,1028,53.75,0,0,-7,116,113,119,0,1,5.8,météo très défavorable
2009-12-06,-1,0,14,-1,-1,-1,0,85,10,1027,76.125,0,0,-5,119,119,119,0,1,1.6,météo très défavorable
2009-12-07,-0,0,15,-1,-1,-0,0,86,10,1025,59.875,0,0,-5,116,116,122,0,1,3.7,météo très défavorable
2009-12-08,-0,0,13,-1,-0,-1,0,86,10,1025,67.75,0,0,-4,116,122,116,0,1,1.6,météo très défavorable
2009-12-09,-1,0,9,-1,-1,-2,0.4,85,9,1028,73.75,0,0,-5,323,332,329,0.2,1,1.6,météo très défavorable
2009-12-10,-2,0,7,-2,-2,-2,0.2,85,9.375,1029,95.5,0,0,-5,122,122,332,0.2,1,1.5,météo très défavorable
2009-12-11,-2,0,5,-2,-2,-3,0.2,96,3.75,1030,84.375,0,0,-4,332,332,143,0.1,1,1.5,météo très défavorable
2009-12-12,-1,0,6,-3,-1,-1,0.1,89,8.375,1031,87.625,0,0,-4,119,332,122,0.1,1,1.5,météo très défavorable
2009-12-13,-1,0,21,-2,-1,-5,0.8,93,8.375,1025,98.5,0,0,-8,338,326,332,0.6,1,1.5,météo très défavorable
2009-12-14,-10,0,12,-11,-10,-10,0,81,10,1029,27.625,0,0,-17,113,113,326,0,1,5.8,météo très défavorable
2009-12-15,-9,0,11,-11,-9,-9,0,88,10,1027,71,0,0,-16,116,122,323,0,1,1.4,météo très défavorable
2009-12-16,-10,0,12,-11,-10,-11,0.3,86,9,1026,68,0,0,-15,332,329,116,0.2,1,3.6,météo très défavorable
2009-12-17,-13,0,6,-14,-13,-13,0,91,10,1032,8.625,0,0,-17,113,113,113,0,1,5.6,météo très défavorable
2009-12-18,-9,0,17,-10,-9,-10,0,92,7,1030,30.375,0,0,-15,116,116,143,0,1,5.6,météo très défavorable
2009-12-19,-9,0,10,-10,-10,-10,0,82,10,1022,25.875,0,0,-15,116,116,113,0,1,5.6,météo très défavorable
2009-12-20,-9,0,27,-11,-9,-11,1,89,9,1020,67.625,0,0,-19,116,122,338,0.8,1,1.4,météo très défavorable
2009-12-21,-11,0,10,-12,-11,-11,3,94,6.75,1008,100,0,0,-17,332,338,338,2.6,1,1.4,météo très défavorable
2009-12-22,-7,0,24,-8,-7,-7,1.9,94,6.125,1008,97.125,0,0,-16,338,332,230,1.5,1,1.4,météo très défavorable
2009-12-23,-2,0,26,-8,-5,-2,1.7,96,6.75,1008,96,0,0,-13,230,338,338,1.2,1,1.5,météo très défavorable
2009-12-24,-1,0,37,-1,-3,-3,7.3,94,5.75,1010,100,0,0,-11,338,230,122,5.6,1,1.5,météo très défavorable
2009-12-25,-3,0,15,-11,-7,-7,0,99,6.5,1017,66.125,0,0,-14,260,119,119,0,1,1.5,météo très défavorable
2009-12-26,-4,0,30,-5,-4,-4,8.1,97,5.25,1007,95.125,0,0,-12,230,230,338,0.8,1,1.5,météo très défavorable
2009-12-27,-5,0,12,-6,-5,-6,1.1,98,2.625,998,100,0,0,-10,338,260,332,0.9,1,1.5,météo très défavorable
2009-12-28,-1,0,14,-13,-5,-3,0,99,7.75,1004,83.5,0,0,-10,260,119,122,0,1,1.5,météo très défavorable
2009-12-29,-1,0,14,-3,-5,-6,0.1,97,8.375,1004,97.75,0,0,-11,326,326,332,0.1,1,1.5,météo très défavorable
2009-12-30,-6,0,17,-9,-10,-10,1.4,97,7.75,999,100,0,0,-18,338,326,122,1.3,1,1.5,météo très défavorable
2009-12-31,-7,0,12,-9,-7,-7,0.6,98,3.625,1000,100,0,0,-12,338,332,260,0.5,1,1.5,météo très défavorable
2010-01-01,-8,0,14,-11,-12,-12,0.1,97,8.125,1011,100,0,0,-19,122,326,332,0.1,1,1.5,météo très défavorable
2010-01-02,-11,0,14,-12,-11,-14,0.8,99,3.125,1015,100,0,0,-19,332,332,332,0.6,1,1.5,météo très défavorable
2010-01-03,-13,0,4,-16,-15,-14,0.2,99,4.375,1015,100,0,0,-20,260,326,326,0.2,1,1.5,météo très défavorable
2010-01-04,-4,0,14,-7,-4,-5,0.6,94,8.375,1007,96.375,0,0,-11,338,332,326,0.5,1,1.5,météo très défavorable
2010-01-05,-4,0,29,-4,-7,-7,2.6,97,6.5,1010,100,0,0,-17,230,230,338,0.5,1,1.5,météo très défavorable
2010-01-06,-6,0,24,-7,-6,-6,1.1,97,6.75,1019,100,0,0,-13,332,338,332,1,1,1.5,météo très défavorable
2010-01-07,-8,0,20,-10,-8,-8,2.3,98,5.75,1019,100,0,0,-15,338,338,338,2,1,1.5,météo très défavorable
2010-01-08,-8,0,11,-12,-8,-11,0,97,1.5,1024,97.375,0,0,-15,260,260,260,0,1,1.6,météo très défavorable
2010-01-09,-11,0,7,-14,-11,-16,0,99,1.25,1037,49.5,0,0,-15,260,260,260,0,1,3.7,météo très défavorable
2010-01-10,-9,0,10,-14,-9,-10,0,96,2.25,1038,13.25,0,0,-15,143,143,143,0,1,5.8,météo très défavorable
2010-01-11,-5,0,14,-6,-5,-5,0.1,97,5.25,1033,52,0,0,-11,116,116,260,0,1,3.7,météo très défavorable
2010-01-12,-2,0,12,-3,-2,-2,0.2,98,4.75,1027,90,0,0,-7,326,311,260,0.1,1,1.7,météo très défavorable
2010-01-13,-3,0,10,-3,-5,-4,0,97,3.5,1024,61.875,0,0,-9,326,143,260,0,1,5.8,météo très défavorable
2010-01-14,-3,0,12,-4,-4,-5,0,98,0.5,1026,96.875,0,0,-8,260,260,260,0,1,1.7,météo très défavorable
2010-01-15,-6,0,7,-6,-8,-10,0,98,0.25,1037,74.375,0,0,-14,260,260,260,0,1,5.8,météo très défavorable
2010-01-16,-9,0,10,-11,-10,-11,0,98,0,1043,49.375,0,0,-16,260,260,260,0,1,5.8,météo très défavorable
2010-01-17,-9,0,12,-12,-12,-12,0,100,1.25,1043,70.375,0,0,-18,260,260,116,0,1,1.7,météo très défavorable
2010-01-18,-10,0,17,-11,-11,-11,0,86,10,1041,17,0,0,-18,116,113,113,0,1,5.8,météo très défavorable
2010-01-19,-12,0,17,-15,-14,-15,0,95,10,1041,23.375,0,0,-22,113,116,116,0,1,5.8,météo très défavorable
2010-01-20,-15,0,12,-17,-16,-15,0,95,7,1045,12.875,0,0,-23,143,143,116,0,1,5.8,météo très défavorable
2010-01-21,-17,0,13,-21,-18,-18,0,100,5,1050,41.5,0,0,-25,116,260,116,0,1,3.8,météo très défavorable
2010-01-22,-16,0,12,-18,-17,-17,0,99,3.75,1050,37.875,0,0,-24,260,260,260,0,1,5.8,météo très défavorable
2010-01-23,-18,0,5,-19,-18,-27,0,99,0,1049,16,0,0,-24,260,260,260,0,1,5.8,météo très défavorable
2010-01-24,-14,0,6,-26,-17,-14,0,99,0.25,1045,52.375,0,0,-20,260,260,260,0,1,1.8,météo très défavorable
2010-01-25,-13,0,11,-16,-15,-14,0,99,3,1041,87.375,0,0,-21,260,260,122,0,1,1.9,météo très défavorable
2010-01-26,-12,0,10,-15,-17,-18,0,93,9,1045,63.875,0,0,-25,326,116,116,0,1,5.8,météo très défavorable
2010-01-27,-17,0,21,-18,-17,-19,0.3,96,8,1041,83.25,0,0,-28,326,326,326,0.1,1,1.9,météo très défavorable
2010-01-28,-15,0,26,-21,-20,-15,0.5,99,8.125,1016,99.25,0,0,-32,326,332,230,0.1,1,2,météo très défavorable
2010-01-29,-10,0,26,-13,-10,-10,1.4,97,6.75,997,100,0,0,-19,332,338,332,1.3,1,2,météo très défavorable
2010-01-30,-6,0,17,-9,-6,-6,1.2,96,5.375,999,100,0,0,-12,338,332,338,1,1,2,météo très défavorable
2010-01-31,-3,0,26,-7,-3,-3,1,97,7.5,1007,100,0,0,-11,230,122,122,0,1,2,météo très défavorable
2010-02-01,-3,0,21,-6,-5,-6,3.7,97,6,1012,93.875,0,0,-12,143,338,338,3.1,1,2,météo très défavorable
2010-02-02,-0,0,29,-0,-4,-3,3.3,95,4.75,1010,100,0,0,-11,338,230,338,2.6,1,2,météo très défavorable
2010-02-03,-4,0,10,-4,-4,-6,1.5,97,4.375,1021,86.25,0,0,-8,338,338,116,1.2,1,2,météo très défavorable
2010-02-04,-3,0,16,-5,-3,-3,3,97,7.25,1028,85.375,0,0,-9,329,338,338,2.5,1,2,météo très défavorable
2010-02-05,-3,0,17,-4,-5,-5,2.1,97,4.5,1035,100,0,0,-11,338,332,332,1.8,1,2.1,météo très défavorable
2010-02-06,-6,0,15,-7,-8,-8,0.2,97,5.25,1036,99.5,0,0,-14,326,332,332,0.2,1,2.1,météo très défavorable
2010-02-07,-7,0,18,-9,-8,-7,0.6,97,7.5,1029,100,0,0,-14,332,332,332,0.5,1,2.1,météo très défavorable
2010-02-08,-8,0,18,-9,-10,-9,0.5,99,7.125,1021,99.25,0,0,-18,338,326,326,0.5,1,3.1,météo très défavorable
2010-02-09,-10,0,17,-10,-11,-12,0.1,98,8.75,1019,95.75,0,0,-19,122,326,122,0,1,3.3,météo très défavorable
2010-02-10,-11,0,6,-13,-12,-14,0.4,98,2.75,1023,92,0,0,-16,338,260,326,0.3,1,3.3,météo très défavorable
2010-02-11,-7,0,13,-9,-7,-7,0.9,97,3.25,1025,99.75,0,0,-13,326,338,332,0.7,1,3.3,météo très défavorable
2010-02-12,-5,0,15,-7,-5,-5,2.4,98,4.5,1026,100,0,0,-10,338,338,338,2,1,3.4,météo très défavorable
2010-02-13,-6,0,11,-9,-9,-9,0.6,98,6.125,1026,100,0,0,-15,326,326,338,0.5,1,3.4,météo très défavorable
2010-02-14,-8,0,3,-9,-8,-16,0.1,97,3,1017,71.625,0,0,-9,326,143,260,0.1,1,5.2,météo très défavorable
2010-02-15,-9,0,6,-22,-10,-10,0,96,1,1015,23,0,0,-13,260,143,143,0,1,8.7,météo très défavorable
2010-02-16,-8,0,9,-11,-9,-9,0,98,0.5,1013,74.875,0,0,-13,260,260,260,0,1,3.4,météo très défavorable
2010-02-17,-11,0,8,-15,-14,-13,0,100,1.25,1017,98,0,0,-18,260,260,260,0,1,4.8,météo très défavorable
2010-02-18,-13,0,8,-15,-13,-15,0.3,98,5,1015,95.125,0,0,-18,332,332,326,0.3,1,4.8,météo très défavorable
2010-02-19,-13,0,22,-17,-13,-13,0.2,99,7.5,1012,93.25,0,0,-23,119,122,230,0,1,4.9,météo très défavorable
2010-02-20,-15,0,29,-19,-19,-19,0,100,10,1013,87.875,0,0,-31,122,119,122,0,1,4.9,météo très défavorable
2010-02-21,-14,0,23,-17,-15,-15,1.9,99,8,1006,100,0,0,-25,122,338,338,1.6,1,4.9,météo très défavorable
2010-02-22,-9,0,11,-14,-13,-10,0.2,99,2.125,1002,100,0,0,-19,260,326,332,0.2,1,5,météo très défavorable
2010-02-23,-1,0,33,-11,-9,-4,5.8,98,5.5,1004,96.5,0,0,-18,260,338,230,0.3,1,5,météo très défavorable
2010-02-24,0,0,23,-8,-10,-9,2.3,98,5.625,1010,99.75,0,0,-18,230,332,122,0.1,1,5,météo très défavorable
2010-02-25,-5,0,17,-7,-8,-8,0,97,7,1016,70.25,0,0,-15,326,116,143,0,1,8.3,météo très défavorable
2010-02-26,-0,0,12,-6,-4,-1,0.2,98,5.25,1014,75.625,0,0,-9,116,326,260,0.1,1,5.1,météo très défavorable
2010-02-27,0,0,9,0,0,0,0,100,1.25,1005,100,0,0,-3,248,248,248,0,1,5.1,météo très défavorable
2010-02-28,0,0,13,0,0,0,1,99,5.5,1005,100,0,0,-4,122,338,338,0.8,1,5.1,météo très défavorable
2010-03-01,0,0,21,-0,-1,-0,1.1,98,7.75,1004,100,0,0,-7,332,326,338,1,1,5.1,météo très défavorable
2010-03-02,-0,0,11,-1,0,0,2.4,99,5.125,992,100,0,0,-3,332,338,338,2,1,5.2,météo très défavorable
2010-03-03,-1,0,19,-4,-4,-3,2.5,97,5.125,999,100,0,0,-10,338,332,338,2.2,1,5.4,météo très défavorable
2010-03-04,-4,0,4,-6,-4,-4,1.1,97,1.625,1006,100,0,0,-5,338,338,338,1,1,5.4,météo très défavorable
2010-03-05,-6,0,11,-9,-6,-7,0.2,97,4.25,1014,99.5,0,0,-10,326,332,332,0.2,1,5.4,météo très défavorable
2010-03-06,-5,0,13,-10,-7,-5,0,97,1.25,1022,85.625,0,0,-13,260,119,260,0,1,5.5,météo très défavorable
2010-03-07,-4,0,9,-7,-6,-5,0,97,0,1030,86.5,0,0,-10,260,260,260,0,1,5.5,météo très défavorable
2010-03-08,-3,0,23,-10,-8,-5,0.9,97,5.25,1030,82.875,0,0,-16,260,119,230,0,1,5.5,météo très défavorable
2010-03-09,-1,0,17,-3,-4,-3,1.4,98,8.75,1017,78.625,0,0,-10,116,119,122,0,1,7.1,météo très défavorable
2010-03-10,1,0,37,-2,0,1,0.5,99,6.75,1016,100,1,1,-7,338,227,122,0.4,1,5.6,météo très défavorable
2010-03-11,0,0,30,0,0,0,0.4,99,9.875,1013,100,0,0,-6,317,122,122,0,1,5.6,météo très défavorable
2010-03-12,-1,0,13,-2,-1,-4,2.3,98,5.5,1002,100,0,0,-7,338,338,122,2,1,5.6,météo très défavorable
2010-03-13,-4,0,12,-18,-7,-5,0.2,98,0.875,1002,62.125,0,0,-12,260,260,332,0.1,1,7.3,météo très défavorable
2010-03-14,-4,0,7,-6,-5,-4,0.6,96,3.125,995,99.25,0,0,-8,371,143,332,0.5,1,5.9,météo très défavorable
2010-03-15,-6,0,12,-11,-8,-7,0.7,97,2.625,1003,100,0,0,-13,332,332,332,0.6,1,5.9,météo très défavorable
2010-03-16,-8,0,4,-22,-10,-11,0,96,3.25,1010,62,0,0,-12,260,143,116,0,1,8.8,météo très défavorable
2010-03-17,-6,0,12,-18,-8,-7,0,95,2,1013,64.75,0,0,-13,260,143,326,0,1,8.8,météo très défavorable
2010-03-18,-2,0,8,-10,-4,-3,0,98,3.25,1017,73.125,0,0,-7,260,326,143,0,1,6,météo très défavorable
2010-03-19,-0,0,13,-0,0,0,4,99,3.625,1009,98.75,0,0,-4,338,326,332,3.4,1,6,météo très défavorable
2010-03-20,1,0,21,0,0,0,3.7,99,9,1004,99.125,1,1,-5,317,317,317,0.1,1,6.1,météo très défavorable
2010-03-21,0,0,6,0,0,-1,0.6,99,4.75,1001,99.75,0,0,-2,317,248,326,0,1,6.1,météo très défavorable
2010-03-22,-1,0,21,-2,-4,-3,3.9,97,8,1010,93.25,0,0,-11,338,122,326,3.4,1,6.1,météo très défavorable
2010-03-23,0,0,21,-3,-2,-1,0.4,98,7.375,1012,69.125,0,0,-8,329,119,116,0.3,1,9,météo très défavorable
2010-03-24,-0,0,12,-5,-3,-2,0,97,1.75,1020,52.5,0,0,-6,326,260,143,0,1,10.3,météo très défavorable
2010-03-25,0,0,3,-13,-2,-3,0,99,0.75,1027,44.25,0,0,-2,260,260,260,0,1,9,météo très défavorable
2010-03-26,1,0,17,-4,0,1,0.3,99,6.75,1025,75.875,1,1,-5,119,119,266,0,1,6.4,météo très défavorable
2010-03-27,1,0,8,0,1,1,4.5,100,4.125,1007,100,1,1,-2,266,266,266,0,1,6.5,météo très défavorable
2010-03-28,1,0,28,1,1,1,4.2,100,8,1000,100,1,1,-6,266,302,317,0,1,6.5,météo très défavorable
2010-03-29,1,0,17,0,0,1,1.7,100,6.25,1006,100,1,1,-4,338,317,122,0.8,1,6.5,météo très défavorable
2010-03-30,1,0,17,0,1,1,6.6,100,2.5,1013,97.625,1,1,-4,248,266,266,0,1,6.5,météo très défavorable
2010-03-31,5,0,19,1,1,3,0.8,100,4.25,1016,99.875,5,5,-4,122,266,266,0,1,6.6,météo très défavorable
2010-04-01,6,0,17,1,1,5,0.8,100,6,1015,97.625,6,6,-3,266,266,266,0,1,6.6,météo très défavorable
2010-04-02,8,0,8,4,6,7,0,100,2.5,1018,99.625,8,8,4,248,248,248,0,1,6.6,météo très défavorable
2010-04-03,8,0,12,4,5,7,1.9,100,2.75,1018,99.25,8,8,3,266,248,353,0,1,6.6,météo très défavorable
2010-04-04,7,0,16,6,6,5,2,96,4.625,1022,98.75,7,7,3,353,266,266,0,1,6.7,météo très défavorable
2010-04-05,9,0,14,2,6,8,0.1,96,5.5,1024,63.625,9,8,3,248,143,116,0,1,10.4,météo très défavorable
2010-04-06,9,0,15,2,7,7,0,94,4,1025,84.625,9,8,4,248,122,248,0,1,7.9,météo très défavorable
2010-04-07,4,0,17,0,1,1,2.4,96,6.875,1027,89,4,4,-4,266,116,143,0,1,8.1,météo très défavorable
2010-04-08,5,0,15,1,4,4,0.1,93,4,1027,90.25,5,4,1,248,116,122,0,1,7,météo très défavorable
2010-04-09,7,0,12,2,5,7,0.1,96,3,1027,70.5,7,6,2,248,143,116,0,1,10.5,météo très défavorable
2010-04-10,9,0,9,2,6,7,0,93,4,1027,73.25,9,7,4,248,116,116,0,1,10.5,météo très défavorable
2010-04-11,10,0,9,3,7,7,0.3,89,6.25,1031,73.625,10,8,5,248,116,353,0,1,12.2,météo très défavorable
2010-04-12,10,0,13,3,5,8,0.4,88,9,1031,40.125,10,5,2,353,116,113,0,1,13.4,météo très défavorable
2010-04-13,11,0,10,1,8,9,0,63,8,1025,25.875,11,2,6,113,116,116,0,1,14.5,météo très défavorable
2010-04-14,8,0,14,3,8,7,0,68,10,1018,29.5,8,3,5,113,113,116,0,1,14.5,météo très défavorable
2010-04-15,8,0,11,0,7,8,0,50,10,1018,14.5,8,0,6,113,113,113,0,1,14.5,météo très défavorable
2010-04-16,8,0,12,3,7,7,0.3,71,9.375,1011,71.375,8,4,5,119,263,119,0,1,12.4,météo très défavorable
2010-04-17,6,0,22,2,5,5,0.2,66,8,1007,47.75,6,3,2,119,113,113,0,1,13.5,météo très défavorable
2010-04-18,3,0,32,3,2,3,5.9,91,7.375,1005,72,3,2,-4,302,230,113,0,1,10.3,météo très défavorable
2010-04-19,6,0,10,-1,4,5,0,72,10,1009,19.5,6,0,2,116,116,113,0,1,14.5,météo très défavorable
2010-04-20,7,0,12,-1,6,6,0,55,10,1015,15.625,7,0,5,113,113,116,0,1,14.5,météo très défavorable
2010-04-21,9,0,19,0,8,8,0,60,10,1015,46.25,9,2,5,116,119,116,0,1,12.5,météo très défavorable
2010-04-22,6,0,8,1,6,5,0,74,10,1005,61.125,6,2,4,116,119,122,0,1,11.5,météo très défavorable
2010-04-23,3,0,19,1,3,3,0,83,9,1003,87.375,3,1,-1,143,122,119,0,1,9.5,météo très défavorable
2010-04-24,5,0,20,1,4,4,0.1,67,9.375,1014,67.75,5,0,1,332,116,116,0.1,1,12.5,météo très défavorable
2010-04-25,7,0,23,1,5,7,0.1,58,10,1027,35.875,7,0,1,326,113,113,0.1,1,13.5,météo très défavorable
2010-04-26,9,0,13,1,9,9,0,48,10,1029,13,9,0,7,113,113,113,0,1,14.5,météo très défavorable
2010-04-27,13,0,24,3,12,13,0,46,10,1025,42.25,13,5,9,116,116,116,0,1,13.5,météo très défavorable
2010-04-28,8,0,22,5,7,7,1.5,53,7.875,1016,33,8,7,4,266,113,113,0,1,13.5,météo très défavorable
2010-04-29,5,0,18,1,4,4,3.1,84,8.625,1015,82.375,5,5,1,119,266,302,0,1,9.7,météo très défavorable
2010-04-30,13,0,11,6,9,13,1.2,95,3.625,1004,78.25,13,10,7,266,266,176,0,1,11.6,météo très défavorable
2010-05-01,10,0,23,9,9,9,1.9,96,7,1003,94,10,9,6,119,296,266,0,1,12,météo très défavorable
2010-05-02,11,0,23,5,11,8,0.1,80,10,1010,54.5,11,6,6,116,122,119,0,1,14.7,météo très défavorable
2010-05-03,8,0,15,2,7,7,0,51,10,1019,25.25,8,1,5,113,116,113,0,1,16.5,météo très défavorable
2010-05-04,4,0,20,3,2,3,4.2,97,7.625,1018,89.25,5,3,-3,302,122,122,0,1,12.4,météo très défavorable
2010-05-05,6,0,10,3,6,6,0.1,74,7,1018,89.625,6,2,4,143,119,119,0,1,12.4,météo très défavorable
2010-05-06,10,0,12,2,9,9,0,53,10,1025,16.125,10,1,7,113,113,113,0,1,16.6,météo très défavorable
2010-05-07,5,0,21,5,5,4,2.9,91,9.75,1025,76.125,6,5,0,119,293,296,0,1,12.5,météo très défavorable
2010-05-08,18,0,12,5,11,17,4,95,7.625,1016,66.5,18,15,9,122,353,386,0,1,15,météo très défavorable
2010-05-09,16,0,14,10,16,12,0.1,83,9.75,1007,45.875,16,12,14,113,200,119,0,1,15,météo très défavorable
2010-05-10,7,0,7,5,7,7,1,90,8.875,1011,41.75,7,5,5,116,293,116,0,1,15,météo très défavorable
2010-05-11,13,0,7,3,12,11,0,61,9,1017,10.625,13,5,12,113,113,113,0,1,16.9,météo très défavorable
2010-05-12,17,0,5,7,17,16,0,56,9,1020,10.875,17,9,17,113,113,116,0,1,16.9,météo très défavorable
2010-05-13,22,0,13,11,19,22,1.7,78,8.375,1019,44,25,16,19,143,176,200,0,1,15.8,météo favorable
2010-05-14,24,0,13,14,22,23,0,50,9.875,1015,13.75,25,12,22,113,113,200,0,1,17,météo favorable
2010-05-15,22,0,21,13,21,19,0,53,9.75,1013,33.5,24,11,21,113,116,200,0,1,17.1,météo favorable
2010-05-16,22,0,17,13,21,20,0.3,54,9.75,1011,27.875,24,15,21,116,113,176,0,1,17.1,météo favorable
2010-05-17,20,0,20,13,20,18,0.4,68,8.875,1011,48.625,20,14,20,116,116,119,0,1,15.9,météo favorable
2010-05-18,22,0,16,14,19,20,1.3,71,9.875,1018,47.75,25,15,19,119,113,176,0,1,15.9,météo favorable
2010-05-19,21,0,15,12,19,20,0.3,45,10,1024,39.125,21,11,19,116,116,116,0,1,16.7,météo favorable
2010-05-20,23,0,4,11,21,21,0,35,10,1026,7.625,24,7,21,113,113,113,0,1,17.3,météo favorable
2010-05-21,22,0,12,12,21,20,0,37,10,1024,35.125,24,7,21,116,116,116,0,1,16.7,météo favorable
2010-05-22,19,0,13,12,19,18,0,56,10,1020,12,19,10,19,113,113,113,0,1,17.4,météo favorable
2010-05-23,18,0,4,8,17,18,0,50,10,1016,33.375,18,10,17,116,116,116,0,1,17.4,météo favorable
2010-05-24,12,0,20,10,12,10,0.3,79,9,1000,71,12,10,10,143,353,122,0,1,13.8,météo très défavorable
2010-05-25,14,0,9,7,13,14,0.1,58,10,998,54.25,14,5,12,122,113,113,0,1,16,météo très défavorable
2010-05-26,9,0,26,8,9,9,3.8,94,8.625,997,56.25,9,8,5,113,116,302,0,1,14.6,météo très défavorable
2010-05-27,9,0,12,9,9,9,2.6,95,4.125,1006,100,9,9,7,122,143,302,0,1,13.5,météo très défavorable
2010-05-28,12,0,6,8,10,12,0.5,93,5.75,1012,79.875,12,9,10,143,122,116,0,1,14.8,météo très défavorable
2010-05-29,15,0,10,8,14,15,0,60,9,1014,29.5,15,8,13,113,116,116,0,1,17.4,météo très défavorable
2010-05-30,13,0,22,7,11,13,0.1,68,10,1014,44.5,13,7,9,119,116,113,0,1,16.2,météo très défavorable
2010-05-31,16,0,12,9,16,14,0,50,10,1016,21.25,16,6,15,113,113,116,0,1,17.4,météo très défavorable
2010-06-01,19,0,18,10,19,18,0,43,10,1015,30.125,19,6,19,113,113,116,0,1,16.8,météo favorable
2010-06-02,12,0,16,11,10,12,0.2,94,9,1014,81.875,12,10,8,119,122,119,0,1,13.9,météo très défavorable
2010-06-03,18,0,9,10,18,13,0,59,7.75,1015,45.75,18,9,16,116,113,116,0,1,17.4,météo favorable
2010-06-04,15,0,25,11,15,15,0,55,10,1009,9.125,15,8,14,113,113,113,0,1,17.4,météo très défavorable
2010-06-05,13,0,30,9,12,13,0,48,10,1012,30.5,13,4,10,116,113,116,0,1,17.4,météo très défavorable
2010-06-06,14,0,14,8,13,14,0,43,10,1016,14.125,14,4,12,113,113,113,0,1,17.4,météo très défavorable
2010-06-07,17,0,11,9,17,16,0.1,58,10,1011,23.375,17,9,17,116,113,113,0,1,17.4,météo très défavorable
2010-06-08,14,0,20,8,9,14,2.5,88,9.75,1012,47.875,14,7,6,293,296,113,0,1,16.3,météo très défavorable
2010-06-09,17,0,4,9,15,16,0,46,10,1017,75.375,17,5,15,122,116,119,0,1,14.6,météo très défavorable
2010-06-10,18,0,9,9,14,18,1.1,78,9.75,1017,53,18,11,15,296,176,113,0,1,16.3,météo favorable
2010-06-11,19,0,17,12,19,13,2,51,9.875,1016,40.25,19,13,19,113,116,296,0,1,16.3,météo favorable
2010-06-12,18,0,25,16,18,15,8.2,86,7.125,999,77.75,18,16,16,356,353,119,0,1,14.7,météo très défavorable
2010-06-13,13,0,19,11,12,11,0.9,94,8,1000,77.875,13,10,9,119,266,266,0,1,14.1,météo très défavorable
2010-06-14,16,0,15,10,14,16,0.2,71,7,1013,62.125,16,10,13,266,116,116,0,1,16.3,météo très défavorable
2010-06-15,15,0,11,11,14,15,0,69,10,1014,73.125,15,10,14,119,116,116,0,1,15.8,météo très défavorable
2010-06-16,12,0,21,9,10,10,1.3,89,8.875,1013,74.875,12,9,8,266,296,122,0,1,14.7,météo très défavorable
2010-06-17,16,0,23,10,16,16,0,45,10,1015,25.75,16,6,16,113,113,116,0,1,17.4,météo très défavorable
2010-06-18,18,0,12,11,17,18,0.1,46,10,1012,26.875,18,8,17,116,113,116,0,1,17.4,météo favorable
2010-06-19,21,0,25,12,20,21,0,49,10,1009,39,24,10,20,116,116,116,0,1,17.4,météo favorable
2010-06-20,18,0,13,15,16,17,0,80,10,1015,60.875,18,14,16,122,116,113,0,1,16.3,météo très défavorable
2010-06-21,20,0,13,13,20,13,4.4,87,7.25,1015,85.75,20,14,14,302,116,296,0,1,14.7,météo très défavorable
2010-06-22,11,0,10,10,11,11,11.2,96,5.25,1015,93.875,11,11,10,266,302,266,0,1,14.2,météo très défavorable
2010-06-23,20,0,9,12,16,19,0.2,65,8.875,1016,31.625,20,11,16,176,113,113,0,1,17.4,météo favorable
2010-06-24,21,0,8,12,20,20,0,53,10,1016,21.25,21,11,20,113,113,116,0,1,17.4,météo favorable
2010-06-25,23,0,10,14,21,23,2.4,79,8,1013,49.5,25,18,21,263,176,116,0,1,16.3,météo favorable
2010-06-26,18,0,11,15,18,18,0.2,79,6.375,1010,63.875,18,16,18,248,116,116,0,1,16.3,météo très défavorable
2010-06-27,16,0,26,13,16,16,0,58,9,1019,21.75,16,14,16,116,113,113,0,1,17.4,météo très défavorable
2010-06-28,21,0,19,12,19,21,0,46,10,1021,10.25,24,11,19,113,116,113,0,1,17.4,météo favorable
2010-06-29,23,0,10,14,23,22,0,50,10,1021,8.125,25,12,23,113,113,113,0,1,17.4,météo favorable
2010-06-30,25,0,9,15,23,24,0,41,10,1020,9.125,25,14,23,113,113,113,0,1,17.4,météo favorable
2010-07-01,24,0,17,17,24,22,0,47,10,1014,22.5,25,15,23,113,116,113,0,1,17.4,météo favorable
2010-07-02,19,0,13,14,19,19,0,62,10,1016,37.625,19,12,19,119,113,113,0,1,16.8,météo favorable
2010-07-03,21,0,9,13,20,20,0,48,10,1021,5,21,12,20,113,113,113,0,1,17.4,météo favorable
2010-07-04,24,0,5,14,23,23,0,45,10,1023,2.75,25,12,23,113,113,113,0,1,17.4,météo favorable
2010-07-05,26,0,6,16,24,25,0,41,10,1020,0,26,12,24,113,113,113,0,1,17.4,météo favorable
2010-07-06,28,0,5,17,27,27,0,45,10,1015,7.875,28,14,27,113,113,113,0,1,17.4,météo favorable
2010-07-07,28,0,7,19,23,25,0.2,62,9.875,1011,36.625,28,17,23,176,116,116,0,1,17.4,météo favorable
2010-07-08,28,0,5,19,28,24,0,52,10,1014,25.75,28,17,27,113,113,116,0,1,17.4,météo favorable
2010-07-09,24,0,13,19,24,24,2.6,71,9.75,1016,35.875,25,18,24,353,176,113,0,1,16.8,météo favorable
2010-07-10,25,0,11,17,23,24,0,48,10,1020,10.375,25,14,24,113,113,113,0,1,17.4,météo favorable
2010-07-11,27,0,13,19,27,26,0,45,10,1021,10.875,27,15,26,113,113,113,0,1,17.4,météo favorable
2010-07-12,29,0,6,20,28,28,0,46,10,1021,7,29,17,28,113,113,113,0,1,17.4,météo favorable
2010-07-13,30,0,8,21,29,28,0,44,10,1019,13.5,30,19,29,113,113,116,0,1,17.4,météo favorable
2010-07-14,30,0,14,21,29,30,0,41,10,1015,3.375,30,16,29,113,113,113,0,1,17.4,météo favorable
2010-07-15,30,0,12,21,30,29,0,39,10,1015,8.25,30,16,30,113,113,113,0,1,17.4,météo favorable
2010-07-16,27,0,14,21,27,27,0,71,10,1017,26.875,29,21,26,116,116,113,0,1,17.4,météo favorable
2010-07-17,24,0,21,19,24,24,0,64,10,1020,20.625,26,17,23,113,113,116,0,1,16.7,météo favorable
2010-07-18,25,0,8,19,23,25,0,70,10,1020,47,27,18,24,119,119,113,0,1,15.4,météo très défavorable
2010-07-19,23,0,20,19,19,22,0.3,94,9,1016,29.625,25,18,19,113,266,113,0,1,16.7,météo très défavorable
2010-07-20,24,0,14,17,22,24,0,56,10,1018,7.625,25,15,22,113,113,113,0,1,17.4,météo favorable
2010-07-21,25,0,12,18,24,25,0,53,10,1018,9.75,26,15,24,113,113,113,0,1,17.4,météo favorable
2010-07-22,28,0,15,18,26,28,0,47,10,1016,9.25,28,15,26,113,113,113,0,1,17.4,météo favorable
2010-07-23,27,0,16,21,27,23,0.2,57,9.875,1016,30.75,28,18,26,113,116,176,0,1,16.7,météo favorable
2010-07-24,24,0,17,16,19,20,2.1,86,9.875,1016,46.5,26,18,19,353,176,116,0,1,16.7,météo favorable
2010-07-25,31,0,13,17,28,31,0.2,45,10,1013,36.875,31,16,28,116,116,113,0,1,17.2,météo favorable
2010-07-26,32,0,9,22,30,32,0,41,9.875,1013,21.625,32,16,30,113,113,113,0,1,17.2,météo favorable
2010-07-27,29,0,11,22,29,28,0,44,10,1014,37.25,29,17,29,116,116,116,0,1,17.1,météo favorable
2010-07-28,31,0,17,22,31,26,4.6,48,9.625,1013,10.625,30,17,27,113,113,356,0,1,17.1,météo favorable
2010-07-29,27,0,21,20,27,25,0,47,9.875,1008,19.375,27,17,26,113,113,113,0,1,17,météo favorable
2010-07-30,21,0,17,18,21,21,0.5,72,9.375,1016,31.125,21,17,21,113,113,116,0,1,16.6,météo favorable
2010-07-31,22,0,16,17,22,20,0.3,65,9,1017,43.625,25,16,22,113,119,266,0,1,15.8,météo très défavorable
2010-08-01,21,0,10,17,20,21,0,72,10,1019,17.125,21,16,20,113,113,116,0,1,16.9,météo favorable
2010-08-02,21,0,12,17,21,20,0.3,67,10,1017,46.375,21,15,21,116,116,353,0,1,15,météo favorable
2010-08-03,22,0,8,18,22,22,0,69,10,1014,14.875,25,16,22,116,113,113,0,1,16.8,météo favorable
2010-08-04,26,0,19,18,23,25,9.9,73,9.25,1011,15.625,27,18,23,113,356,356,0,1,16.8,météo très défavorable
2010-08-05,20,0,13,17,20,19,6.3,74,9.375,1014,22.125,21,17,20,176,113,356,0,1,16.7,météo favorable
2010-08-06,23,0,5,18,21,23,0.1,77,10,1019,17.375,25,18,21,116,113,113,0,1,16.7,météo favorable
2010-08-07,27,0,10,19,25,26,0,59,10,1018,20.25,28,18,25,116,113,113,0,1,16.6,météo favorable
2010-08-08,27,0,19,22,27,27,2.3,50,9.875,1017,6.375,28,17,27,113,176,113,0,1,16.2,météo favorable
2010-08-09,24,0,18,20,23,24,0.1,65,10,1013,19.375,25,16,23,116,113,113,0,1,16.1,météo favorable
2010-08-10,21,0,15,18,21,21,0,75,10,1015,31,21,16,21,113,113,116,0,1,16.1,météo favorable
2010-08-11,20,0,17,17,19,20,0,75,10,1018,18.75,20,16,19,113,113,113,0,1,16,météo favorable
2010-08-12,22,0,3,18,21,22,0.2,73,10,1023,18.875,25,16,21,113,113,113,0,1,15.9,météo favorable
2010-08-13,24,0,13,17,23,24,0,60,10,1026,8.125,25,16,23,113,113,113,0,1,15.9,météo favorable
2010-08-14,25,0,13,19,24,25,0.5,57,10,1025,11,26,17,24,113,113,113,0,1,15.8,météo favorable
2010-08-15,23,0,10,18,23,21,5.5,79,9.5,1019,18.75,25,18,21,356,113,176,0,1,14.5,météo favorable
2010-08-16,21,0,15,17,20,20,0.2,62,10,1021,9.25,21,17,20,116,113,113,0,1,14.5,météo favorable
2010-08-17,21,0,19,13,20,21,0.1,59,10,1021,11.5,24,13,20,113,113,113,0,1,14.5,météo favorable
2010-08-18,19,0,23,16,19,18,1.6,62,9.875,1008,31.375,19,12,19,176,116,113,0,1,14.5,météo favorable
2010-08-19,18,0,30,13,17,17,0,54,10,1005,33.75,18,11,17,119,113,113,0,1,12.5,météo favorable
2010-08-20,16,0,6,11,15,16,0,59,10,1016,11.875,16,9,15,113,113,113,0,1,14.5,météo très défavorable
2010-08-21,19,0,17,12,18,19,0.3,76,9.875,1017,34.625,19,15,18,113,176,113,0,1,14.5,météo favorable
2010-08-22,19,0,33,17,18,19,4.9,81,9.625,1010,62.5,19,16,19,356,116,116,0,1,12.5,météo très défavorable
2010-08-23,18,0,24,16,17,18,4.1,75,9.875,1001,27,18,15,17,176,353,113,0,1,14.5,météo très défavorable
2010-08-24,16,0,13,15,16,15,0.9,88,8,1001,55.25,16,14,15,113,266,266,0,1,11.4,météo très défavorable
2010-08-25,17,0,21,15,17,17,4.7,78,9.375,998,42.625,17,15,17,119,176,356,0,1,12.4,météo très défavorable
2010-08-26,17,0,19,12,15,16,4,81,8.5,997,53.5,17,12,14,143,176,356,0,1,12.4,météo très défavorable
2010-08-27,14,0,10,12,13,14,0.6,79,10,1006,79.5,14,11,12,119,119,353,0,1,9.2,météo très défavorable
2010-08-28,15,0,22,11,12,15,0.8,85,10,1005,77.75,15,10,10,122,353,116,0,1,10.3,météo très défavorable
2010-08-29,12,0,21,8,12,12,0,63,10,1009,21.25,12,6,10,113,113,113,0,1,14.5,météo très défavorable
2010-08-30,12,0,14,9,12,12,0,64,10,1016,39.25,12,6,10,113,116,116,0,1,14.5,météo très défavorable
2010-08-31,14,0,5,7,12,14,0,55,10,1019,25.75,14,5,12,113,113,113,0,1,14.5,météo très défavorable
2010-09-01,16,0,14,9,14,15,0,57,10,1018,32,16,7,13,113,113,113,0,1,14.5,météo très défavorable
2010-09-02,12,0,31,10,12,10,5.2,83,9.625,1013,84.375,12,8,7,122,119,302,0,1,7,météo très défavorable
2010-09-03,11,0,17,10,11,10,12.6,93,8.5,1001,100,11,10,9,296,389,296,0,1,7,météo très défavorable
2010-09-04,10,0,23,8,10,10,0.8,73,8,1019,77.75,10,7,7,266,353,116,0,1,9.2,météo très défavorable
2010-09-05,12,0,21,9,12,12,0,68,10,1024,60.125,12,8,10,116,119,116,0,1,9.2,météo très défavorable
2010-09-06,14,0,13,10,13,14,0.1,72,10,1026,51.5,14,10,13,119,116,113,0,1,10.4,météo très défavorable
2010-09-07,15,0,3,10,15,15,0,76,10,1028,39.25,15,11,15,116,113,116,0,1,11.6,météo très défavorable
2010-09-08,16,0,8,13,14,16,0,84,10,1028,72.375,16,12,14,119,119,116,0,1,7.9,météo très défavorable
2010-09-09,16,0,5,12,15,16,0,75,10,1031,6.625,16,11,15,113,113,113,0,1,11.6,météo très défavorable
2010-09-10,16,0,3,13,15,16,0,78,10,1030,54.125,16,12,16,122,119,116,0,1,9.1,météo très défavorable
2010-09-11,14,0,19,11,12,14,0,92,9.75,1026,63.625,14,13,10,113,122,200,0,1,6.6,météo très défavorable
2010-09-12,15,0,14,13,13,15,0,92,9,1022,72.125,15,12,12,119,116,119,0,1,6.6,météo très défavorable
2010-09-13,14,0,18,12,14,14,0.3,93,10,1022,63.75,14,13,13,122,353,116,0,1,9.1,météo très défavorable
2010-09-14,16,0,20,13,16,16,0.1,79,10,1018,51.5,16,12,16,119,116,116,0,1,11.6,météo très défavorable
2010-09-15,16,0,25,12,15,15,0,73,10,1011,57.625,16,12,15,119,113,116,0,1,9,météo très défavorable
2010-09-16,13,0,19,11,11,13,1.3,90,9.75,1004,48.875,13,13,9,176,119,113,0,1,10.3,météo très défavorable
2010-09-17,13,0,28,10,13,13,0,83,10,1003,54.375,13,10,10,119,119,116,0,1,7.7,météo très défavorable
2010-09-18,13,0,23,10,12,11,0,79,10,1003,85.875,13,11,9,122,122,122,0,1,6.4,météo très défavorable
2010-09-19,13,0,32,9,11,12,1,87,10,1004,73.25,13,10,8,122,353,116,0,1,7.7,météo très défavorable
2010-09-20,13,0,21,11,11,13,3.1,85,9.625,1014,54.625,13,10,8,116,119,116,0,1,7.7,météo très défavorable
2010-09-21,15,0,26,9,12,14,1.3,88,10,1015,57.75,15,10,9,116,116,116,0,1,7.6,météo très défavorable
2010-09-22,13,0,13,10,12,13,0.5,88,9,1016,66.625,13,10,10,266,116,116,0,1,10.3,météo très défavorable
2010-09-23,13,0,18,10,12,13,0,73,10,1017,53.75,13,10,10,113,119,116,0,1,10.3,météo très défavorable
2010-09-24,15,0,21,10,12,14,0,72,10,1014,50.625,15,10,10,116,113,122,0,1,10.2,météo très défavorable
2010-09-25,17,0,18,11,14,16,0,78,10,1010,21.125,17,12,13,116,113,113,0,1,11.6,météo très défavorable
2010-09-26,13,0,19,12,12,10,0.1,87,9,1019,70.125,13,11,8,143,122,119,0,1,6,météo très défavorable
2010-09-27,11,0,26,8,10,9,0.2,72,9.375,1020,51.875,11,6,7,116,116,263,0,1,10.2,météo très défavorable
2010-09-28,9,0,37,8,9,9,0,69,10,1017,57.75,9,5,5,116,119,116,0,1,7.2,météo très défavorable
2010-09-29,9,0,19,6,8,9,0,67,10,1021,42,9,5,5,116,113,116,0,1,11.4,météo très défavorable
2010-09-30,10,0,9,7,9,10,0,70,10,1023,18.125,10,6,8,113,113,113,0,1,11.3,météo très défavorable
2010-10-01,11,0,9,7,10,10,0,72,10,1023,14.375,11,6,9,116,113,113,0,1,11.3,météo très défavorable
2010-10-02,11,0,7,6,10,10,0,78,10,1029,18.375,11,6,9,113,113,116,0,1,11.2,météo très défavorable
2010-10-03,10,0,10,8,9,9,0,66,10,1033,21.875,10,5,8,116,113,113,0,1,11.2,météo très défavorable
2010-10-04,11,0,19,7,10,10,0,67,10,1033,34.125,11,5,7,116,113,119,0,1,10.1,météo très défavorable
2010-10-05,11,0,19,6,9,9,0,69,10,1033,51.75,11,4,6,122,119,113,0,1,8.6,météo très défavorable
2010-10-06,11,0,19,5,8,9,0,65,10,1036,0,11,3,4,113,113,113,0,1,11,météo très défavorable
2010-10-07,11,0,22,5,8,9,0,66,10,1038,0,12,4,5,113,113,113,0,1,11,météo très défavorable
2010-10-08,10,0,17,6,8,9,0,65,10,1038,21.75,10,3,5,116,113,113,0,1,10.1,météo très défavorable
2010-10-09,10,0,12,7,9,8,0,76,10,1036,17.375,10,6,7,113,113,113,0,1,10.9,météo très défavorable
2010-10-10,9,0,29,7,8,9,1.7,90,9,1024,67,9,8,5,119,266,353,0,1,5.4,météo très défavorable
2010-10-11,8,0,34,6,6,7,1.1,81,9.875,1007,86.375,8,4,1,296,122,119,0,1,5.4,météo très défavorable
2010-10-12,6,0,26,5,5,4,2.1,78,9.25,1004,63.25,6,3,1,263,362,116,0,1,8.5,météo très défavorable
2010-10-13,6,0,28,4,5,5,0.2,76,9.875,1005,63.125,6,2,0,323,317,119,0,1,5.3,météo très défavorable
2010-10-14,6,0,31,5,5,5,4,83,9.625,1005,75.875,6,4,0,119,122,302,0,1,3.8,météo très défavorable
2010-10-15,4,0,40,3,3,3,2.4,82,7.125,1000,75.875,4,1,-4,368,230,230,1.1,1,3.8,météo très défavorable
2010-10-16,3,0,19,3,3,2,0.5,76,8.25,1014,68.875,3,0,-1,371,338,371,0.4,1,3.8,météo très défavorable
2010-10-17,5,0,23,3,5,5,0.4,72,10,1020,60.25,5,2,1,116,362,353,0,1,5.4,météo très défavorable
2010-10-18,6,0,28,3,4,6,0.1,90,10,1020,54.875,7,4,-0,116,119,116,0,1,3.7,météo très défavorable
2010-10-19,7,0,32,2,3,6,0,76,10,1018,40.5,7,3,-2,113,113,122,0,1,7,météo très défavorable
2010-10-20,5,0,25,4,4,4,7.9,94,9.125,1009,97.125,5,4,-1,296,302,302,0,1,3.7,météo très défavorable
2010-10-21,6,0,18,4,5,6,0.7,90,7,997,99.375,6,5,2,122,122,266,0,1,3.7,météo très défavorable
2010-10-22,5,0,24,2,3,2,2.3,74,8.625,1000,60,5,4,-2,113,113,230,0,1,7,météo très défavorable
2010-10-23,5,0,42,3,5,5,1.3,82,7.75,1004,77.125,5,4,-1,230,119,353,0.5,1,5.2,météo très défavorable
2010-10-24,7,0,30,5,6,6,1,89,9.875,1005,79.625,7,5,1,122,116,119,0,1,5.2,météo très défavorable
2010-10-25,7,0,28,6,7,7,1.9,91,7.875,1006,98.375,8,6,3,122,266,266,0,1,3.5,météo très défavorable
2010-10-26,5,0,13,4,4,3,0.4,79,9,1017,70.625,5,4,-0,116,119,119,0,1,5.2,météo très défavorable
2010-10-27,2,0,9,1,2,2,0,84,10,1021,47.125,2,0,-1,116,116,113,0,1,8.7,météo très défavorable
2010-10-28,4,0,34,2,3,4,0,89,10,1020,74.25,4,3,-3,116,122,122,0,1,5.2,météo très défavorable
2010-10-29,7,0,15,5,6,7,0.3,92,9,1007,91.5,7,7,3,266,119,122,0,1,3.4,météo très défavorable
2010-10-30,8,0,23,6,7,7,0,93,10,1013,72.875,8,7,3,119,122,119,0,1,3.4,météo très défavorable
2010-10-31,8,0,27,5,6,7,0,86,10,1012,43.75,8,6,2,116,113,116,0,1,6.9,météo très défavorable
2010-11-01,6,0,17,5,6,6,0,91,10,1011,77.125,6,5,2,119,116,122,0,1,5.1,météo très défavorable
2010-11-02,6,0,8,6,6,6,0.6,90,7,1013,65.5,7,6,4,266,116,113,0,1,6.9,météo très défavorable
2010-11-03,8,0,28,6,7,7,0.2,95,9,1011,88.625,8,7,3,122,119,266,0,1,3.3,météo très défavorable
2010-11-04,7,0,37,7,7,7,1.1,94,8,993,94.75,7,7,2,119,266,122,0,1,3.3,météo très défavorable
2010-11-05,6,0,24,6,6,5,0.4,86,9,995,87,6,5,2,119,119,119,0,1,3.1,météo très défavorable
2010-11-06,4,0,9,3,2,2,0.1,88,10,997,94.75,4,3,-1,119,122,326,0,1,3.1,météo très défavorable
2010-11-07,4,0,26,3,3,3,1.8,79,9.25,1000,57,4,0,-2,122,371,371,1.6,1,6.8,météo très défavorable
2010-11-08,2,0,17,2,2,1,0,79,10,1006,52,2,0,-2,116,113,116,0,1,6.8,météo très défavorable
2010-11-09,2,0,37,1,2,2,0,86,10,1005,71.5,2,1,-5,116,119,122,0,1,4.9,météo très défavorable
2010-11-10,6,0,9,5,6,6,0.1,94,9,994,79.375,6,5,4,119,116,119,0,1,3,météo très défavorable
2010-11-11,5,0,32,5,5,5,4.3,89,8.625,997,95.625,5,4,0,302,266,122,0,1,3,météo très défavorable
2010-11-12,5,0,22,3,3,4,0,93,10,996,70.75,5,4,-2,113,326,119,0,1,4.9,météo très défavorable
2010-11-13,6,0,19,4,5,6,2.4,95,8.5,982,95.75,7,6,2,266,122,389,0,1,2.9,météo très défavorable
2010-11-14,5,0,34,5,4,5,0.8,86,8.875,1004,91.625,5,4,-1,266,317,119,0,1,2.9,météo très défavorable
2010-11-15,9,0,8,5,5,7,0.4,96,7,1005,87.25,9,9,3,119,119,266,0,1,2.8,météo très défavorable
2010-11-16,8,0,15,5,4,4,0.4,87,9.625,1023,91,8,7,0,119,122,371,0.2,1,1.8,météo très défavorable
2010-11-17,2,0,14,1,0,1,0.2,84,9.375,1034,79.75,2,0,-4,332,326,326,0.2,1,1.8,météo très défavorable
2010-11-18,3,0,35,-0,0,2,3.8,93,8.5,1033,97.625,3,2,-6,230,317,296,0,1,1.8,météo très défavorable
2010-11-19,4,0,21,3,2,1,2.4,94,8.75,1024,84.875,4,3,-3,296,119,119,0,1,1.8,météo très défavorable
2010-11-20,1,0,32,1,0,-0,0.3,90,9,1028,91,1,0,-6,119,119,122,0,1,1.8,météo très défavorable
2010-11-21,-0,0,14,-0,0,0,0,91,10,1027,92.75,0,0,-4,326,326,119,0.1,1,1.8,météo très défavorable
2010-11-22,-1,0,8,-3,-4,-3,0.1,84,9.375,1023,48.625,0,0,-7,116,113,116,0.1,1,5.8,météo très défavorable
2010-11-23,-1,0,30,-2,-2,-2,0,89,10,1016,100,0,0,-8,122,122,122,0,1,1.7,météo très défavorable
2010-11-24,-2,0,41,-3,-3,-3,4.5,94,5,1003,100,0,0,-12,230,230,230,0,1,1.7,météo très défavorable
2010-11-25,-4,0,31,-4,-4,-6,3.2,92,5.25,999,100,0,0,-13,230,230,338,0.7,1,1.7,météo très défavorable
2010-11-26,-6,0,26,-6,-6,-7,1.6,91,6.375,1006,100,0,0,-14,338,338,332,1.3,1,1.7,météo très défavorable
2010-11-27,-7,0,23,-7,-7,-8,0.9,94,6.75,1015,100,0,0,-15,338,338,332,0.8,1,1.7,météo très défavorable
2010-11-28,-9,0,26,-9,-9,-9,0.1,91,9.375,1026,77.5,0,0,-17,326,122,113,0.1,1,1.7,météo très défavorable
2010-11-29,-9,0,20,-9,-10,-10,0,95,10,1027,67.625,0,0,-19,119,116,119,0,1,3.7,météo très défavorable
2010-11-30,-8,0,29,-9,-8,-9,0.1,93,8.375,1024,90.75,0,0,-19,332,227,122,0.1,1,1.7,météo très défavorable
2010-12-01,-7,0,10,-7,-11,-11,0.5,98,6.125,1025,79.5,0,0,-16,338,260,116,0.4,1,1.7,météo très défavorable
2010-12-02,-4,0,23,-5,-5,-9,0.4,98,8.375,1026,69.125,0,0,-14,332,332,113,0.4,1,1.7,météo très défavorable
2010-12-03,-9,0,24,-13,-11,-9,0.1,99,9.375,1023,76.375,0,0,-20,326,332,122,0.1,1,1.7,météo très défavorable
2010-12-04,-4,0,16,-9,-8,-5,1.6,94,7.375,1014,96.5,0,0,-13,338,338,332,1.4,1,1.7,météo très défavorable
2010-12-05,1,0,26,-1,-2,1,1.5,95,6.125,1011,90.625,1,0,-9,338,371,230,0.6,1,1.6,météo très défavorable
2010-12-06,-4,0,38,-7,-7,-6,0.5,95,7.75,1010,81.125,0,0,-17,326,227,230,0,1,1.6,météo très défavorable
2010-12-07,-0,0,26,-0,-0,0,1.1,89,7.375,1004,90.375,0,0,-6,230,371,329,0.4,1,1.6,météo très défavorable
2010-12-08,-0,0,21,0,-0,-1,0.2,91,9.625,1010,90.625,0,0,-6,119,329,122,0.1,1,1.6,météo très défavorable
2010-12-09,-2,0,30,-3,-4,-3,2.1,94,8.75,1010,97.125,0,0,-11,122,326,230,0,1,1.6,météo très défavorable
2010-12-10,-3,0,43,-3,-4,-4,6.7,94,5,992,100,0,0,-13,230,230,230,0,1,1.5,météo très défavorable
2010-12-11,-3,0,17,-6,-5,-4,1.3,92,7.75,999,86.25,0,0,-11,116,326,338,0.7,1,1.5,météo très défavorable
2010-12-12,-4,0,21,-5,-4,-5,5.8,95,5,1016,97.5,0,0,-12,338,338,338,4.9,1,1.5,météo très défavorable
2010-12-13,-5,0,26,-10,-6,-5,0,96,10,1023,63.375,0,0,-13,116,119,116,0,1,1.5,météo très défavorable
2010-12-14,-4,0,30,-4,-4,-4,0.3,95,6.25,1022,93.25,0,0,-12,230,230,230,0,1,1.5,météo très défavorable
2010-12-15,-4,0,21,-5,-5,-7,0,94,9,1023,75.125,0,0,-12,119,116,119,0,1,1.4,météo très défavorable
2010-12-16,-7,0,19,-7,-9,-10,0,98,10,1015,84.75,0,0,-16,122,119,122,0,1,1.4,météo très défavorable
2010-12-17,-9,0,19,-10,-10,-10,0,98,10,1017,92,0,0,-17,122,119,122,0,1,1.4,météo très défavorable
2010-12-18,-10,0,34,-10,-11,-12,0.2,100,9.375,1020,90,0,0,-23,332,119,326,0.1,1,1.4,météo très défavorable
2010-12-19,-10,0,29,-12,-11,-10,0.8,100,6.75,1015,98.5,0,0,-21,230,227,338,0.3,1,1.4,météo très défavorable
2010-12-20,-8,0,13,-8,-8,-9,1.4,95,7.375,1008,91.875,0,0,-14,338,332,326,1.2,1,1.4,météo très défavorable
2010-12-21,-9,0,7,-10,-10,-9,0,90,7.75,1009,90,0,0,-13,143,122,122,0,1,1.4,météo très défavorable
2010-12-22,-6,0,13,-7,-7,-6,0.2,96,6.375,1016,98.25,0,0,-12,332,122,122,0.1,1,1.4,météo très défavorable
2010-12-23,-6,0,11,-7,-9,-11,0.3,98,4.25,1023,84.625,0,0,-15,332,326,326,0.3,1,1.5,météo très défavorable
2010-12-24,-9,0,23,-12,-10,-9,0,97,6.5,1023,90.125,0,0,-18,326,326,227,0.1,1,1.5,météo très défavorable
2010-12-25,-6,0,37,-8,-7,-6,4.3,96,5,1016,100,0,0,-17,230,230,230,0,1,1.5,météo très défavorable
2010-12-26,-7,0,36,-7,-8,-8,2.5,98,6.25,1014,100,0,0,-18,230,230,230,0,1,1.5,météo très défavorable
2010-12-27,-8,0,9,-9,-8,-8,1,93,8,1021,100,0,0,-13,338,122,122,0.9,1,1.5,météo très défavorable
2010-12-28,-7,0,17,-7,-8,-8,0.6,92,9,1027,99.125,0,0,-15,338,122,122,0.5,1,1.5,météo très défavorable
2010-12-29,-8,0,29,-8,-8,-8,0,98,10,1029,79.625,0,0,-18,119,119,119,0,1,1.5,météo très défavorable
2010-12-30,-8,0,20,-9,-10,-9,0.2,97,8.375,1019,81.875,0,0,-17,332,119,116,0.1,1,3.7,météo très défavorable
2010-12-31,-11,0,16,-12,-12,-12,0,98,10,1010,98,0,0,-19,122,122,122,0,1,1.5,météo très défavorable
2011-01-01,-7,0,26,-12,-9,-7,0,98,10,1002,100,0,0,-17,122,122,122,0,1,1.5,météo très défavorable
2011-01-02,-7,0,22,-7,-7,-9,0,97,9,1004,100,0,0,-15,122,122,122,0,1,1.5,météo très défavorable
2011-01-03,-8,0,4,-10,-8,-8,0.1,91,8,1010,99.25,0,0,-10,122,122,326,0.1,1,1.5,météo très défavorable
2011-01-04,-7,0,17,-9,-9,-7,0.4,97,9,1015,98.75,0,0,-16,326,326,338,0.4,1,1.5,météo très défavorable
2011-01-05,-5,0,18,-5,-6,-7,0.6,95,6.75,1017,95.75,0,0,-13,332,332,122,0.5,1,1.5,météo très défavorable
2011-01-06,-4,0,19,-8,-4,-5,0.4,96,7,1017,80.75,0,0,-10,122,338,116,0.3,1,1.5,météo très défavorable
2011-01-07,-3,0,30,-8,-6,-6,4.5,95,6.25,1014,97.125,0,0,-15,230,230,230,0,1,1.5,météo très défavorable
2011-01-08,-1,0,19,-2,-2,-3,0.3,94,7.5,1020,80.625,0,0,-8,230,119,119,0,1,1.6,météo très défavorable
2011-01-09,1,0,26,-2,-2,0,1,96,6.625,1017,98.5,1,0,-9,230,284,266,0,1,1.7,météo très défavorable
2011-01-10,1,0,28,1,0,0,0.7,95,5.75,1011,92.375,1,1,-6,266,230,227,0,1,1.7,météo très défavorable
2011-01-11,1,0,35,0,-2,-1,0.2,95,7.75,1016,90.375,1,0,-9,230,119,227,0,1,1.7,météo très défavorable
2011-01-12,-1,0,19,-5,-6,-2,0.5,96,7,1015,89,0,0,-13,116,326,338,0.4,1,1.7,météo très défavorable
2011-01-13,-0,0,22,-1,-1,-2,3.2,96,4.75,999,100,0,0,-6,338,338,230,2.1,1,1.7,météo très défavorable
2011-01-14,-4,0,22,-4,-5,-6,1.1,91,6.25,1007,100,0,0,-12,230,332,332,0.3,1,1.7,météo très défavorable
2011-01-15,-7,0,18,-8,-9,-11,0.1,94,9.375,1021,86.875,0,0,-17,332,122,119,0.1,1,1.7,météo très défavorable
2011-01-16,-11,0,15,-15,-12,-13,0,98,4.75,1027,68.125,0,0,-20,143,260,116,0,1,1.7,météo très défavorable
2011-01-17,-4,0,35,-8,-7,-6,7.3,97,6.25,1021,98.125,0,0,-16,230,230,230,0,1,1.7,météo très défavorable
2011-01-18,1,0,12,1,0,0,1.2,97,7.25,1014,98.125,1,0,-4,317,332,326,0.6,1,1.7,météo très défavorable
2011-01-19,0,0,4,-1,-2,-2,2.4,94,4.375,1014,100,0,0,-3,338,338,332,2,1,1.7,météo très défavorable
2011-01-20,-1,0,8,-3,-2,-2,0.7,95,3.125,1022,99.25,0,0,-4,332,332,338,0.6,1,1.8,météo très défavorable
2011-01-21,-2,0,13,-3,-3,-4,0.3,95,7.75,1027,93.25,0,0,-7,332,332,122,0.3,1,1.8,météo très défavorable
2011-01-22,-5,0,12,-5,-5,-7,0.2,94,9.375,1026,90,0,0,-10,332,326,326,0.2,1,1.8,météo très défavorable
2011-01-23,-6,0,15,-8,-9,-11,0.5,95,8.375,1019,92.375,0,0,-16,338,332,119,0.4,1,1.8,météo très défavorable
2011-01-24,-3,0,31,-11,-8,-5,0.7,96,8.75,1020,89.125,0,0,-16,122,326,230,0,1,1.8,météo très défavorable
2011-01-25,-0,0,24,-1,-0,-2,4.8,96,5.125,1001,100,0,0,-7,338,332,338,2.9,1,1.8,météo très défavorable
2011-01-26,-5,0,18,-9,-10,-12,1.9,98,7.125,1013,77.5,0,0,-19,335,326,326,1.7,1,3.9,météo très défavorable
2011-01-27,-7,0,17,-13,-9,-8,0.1,94,5.875,1017,78.375,0,0,-15,260,119,332,0.1,1,1.9,météo très défavorable
2011-01-28,-1,0,28,-2,-1,-1,0.5,96,6.25,1014,92.5,0,0,-8,230,230,122,0,1,2,météo très défavorable
2011-01-29,-1,0,34,-2,-1,-1,0.8,96,6.5,1009,96.25,0,0,-8,227,230,230,0,1,2,météo très défavorable
2011-01-30,-1,0,36,-2,-2,-5,2.1,93,5,1009,87.125,0,0,-11,230,230,230,0,1,2,météo très défavorable
2011-01-31,-1,0,27,-9,-6,-2,0.2,95,8.75,1015,58,0,0,-14,113,116,230,0,1,3.9,météo très défavorable
2011-02-01,-1,0,29,-1,-1,-2,2.3,97,5.25,1006,82,0,0,-8,230,281,119,0,1,2,météo très défavorable
2011-02-02,-0,0,23,-0,-0,0,2.7,98,6,1006,95.75,0,0,-6,338,338,338,2.2,1,2,météo très défavorable
2011-02-03,0,0,20,-0,-2,-1,0.5,96,8.375,1005,84.5,0,0,-7,326,119,332,0.4,1,2,météo très défavorable
2011-02-04,0,0,40,0,-1,-1,0.4,95,6.5,996,95.75,0,0,-8,230,230,122,0,1,2,météo très défavorable
2011-02-05,0,0,9,-1,0,-1,1.8,97,3.75,987,95.5,0,0,-3,338,338,326,1.6,1,2,météo très défavorable
2011-02-06,-1,0,19,-5,-5,-3,0.5,93,8.125,1000,98.5,0,0,-12,122,332,332,0.4,1,2.1,météo très défavorable
2011-02-07,-2,0,14,-3,-3,-4,0.1,90,10,1007,79.875,0,0,-8,119,326,119,0.1,1,2.1,météo très défavorable
2011-02-08,-0,0,37,-1,-1,-0,4.7,96,5.875,1005,98.375,0,0,-9,230,230,338,1.2,1,2.1,météo très défavorable
2011-02-09,-2,0,31,-3,-5,-6,2,95,5,1005,100,0,0,-14,230,230,230,0,1,3.3,météo très défavorable
2011-02-10,-8,0,22,-8,-9,-9,0,92,9,1017,48,0,0,-17,227,113,113,0,1,8.7,météo très défavorable
2011-02-11,-12,0,11,-13,-13,-13,0,94,8.75,1016,61.125,0,0,-18,116,119,119,0,1,6.9,météo très défavorable
2011-02-12,-14,0,20,-15,-14,-14,0.2,99,5,1013,96.875,0,0,-23,332,122,332,0.1,1,3.4,météo très défavorable
2011-02-13,-14,0,20,-17,-16,-17,0.1,100,9.375,1023,95.25,0,0,-26,326,122,122,0.1,1,3.4,météo très défavorable
2011-02-14,-15,0,22,-17,-16,-16,0.2,100,9,1029,73.625,0,0,-25,332,329,119,0.1,1,3.4,météo très défavorable
2011-02-15,-11,0,14,-13,-12,-11,0,98,8.75,1028,79.125,0,0,-19,119,119,119,0,1,3.4,météo très défavorable
2011-02-16,-11,0,12,-15,-14,-17,0,98,6.25,1029,71.25,0,0,-21,119,260,119,0,1,5.2,météo très défavorable
2011-02-17,-18,0,11,-20,-19,-19,0,100,3.75,1033,78.25,0,0,-27,260,260,260,0,1,3.5,météo très défavorable
2011-02-18,-15,0,10,-20,-17,-15,0,98,0,1034,82.375,0,0,-23,260,260,260,0,1,4.8,météo très défavorable
2011-02-19,-15,0,13,-16,-15,-15,0,99,1.25,1032,83.375,0,0,-23,260,260,260,0,1,4.9,météo très défavorable
2011-02-20,-15,0,4,-19,-16,-17,0,96,1.25,1033,81.125,0,0,-17,260,143,143,0,1,4.9,météo très défavorable
2011-02-21,-12,0,8,-15,-14,-12,0,97,3.75,1038,80.375,0,0,-19,143,143,119,0,1,4.9,météo très défavorable
2011-02-22,-11,0,16,-15,-16,-13,0,100,9,1037,92,0,0,-24,119,122,119,0,1,4.9,météo très défavorable
2011-02-23,-13,0,15,-15,-15,-13,0.3,99,7.5,1037,93,0,0,-23,326,326,332,0.3,1,5,météo très défavorable
2011-02-24,-11,0,11,-12,-12,-12,0.5,93,8.75,1039,98.125,0,0,-18,332,326,326,0.4,1,5,météo très défavorable
2011-02-25,-11,0,15,-14,-13,-11,0,98,6.5,1040,71.75,0,0,-20,326,326,116,0,1,8.3,météo très défavorable
2011-02-26,-6,0,27,-9,-8,-7,3.2,97,7,1036,99.375,0,0,-17,338,338,338,2.8,1,5.1,météo très défavorable
2011-02-27,-2,0,14,-4,-3,-2,0.8,93,5.5,1013,87.5,0,0,-7,311,311,311,0,1,5.1,météo très défavorable
2011-02-28,-6,0,17,-11,-9,-7,0,92,9.75,1037,40.625,0,0,-16,113,113,116,0,1,10.2,météo très défavorable
2011-03-01,-7,0,10,-8,-7,-7,0,91,10,1038,45.375,0,0,-12,116,116,116,0,1,10.3,météo très défavorable
2011-03-02,-2,0,22,-4,-6,-3,0.1,97,9.625,1036,68.875,0,0,-13,329,119,119,0.1,1,5.2,météo très défavorable
2011-03-03,-2,0,17,-4,-3,-2,0.4,90,7.75,1030,82.875,0,0,-8,311,311,311,0,1,5.4,météo très défavorable
2011-03-04,-2,0,12,-5,-3,-3,0.7,92,6.125,1013,85.125,0,0,-8,311,311,311,0,1,5.4,météo très défavorable
2011-03-05,-2,0,14,-5,-4,-3,0.2,91,6.375,1017,82.5,0,0,-8,311,311,311,0,1,5.4,météo très défavorable
2011-03-06,-1,0,17,-5,-3,-2,0.2,90,7.25,1017,84.125,0,0,-8,311,311,311,0,1,5.5,météo très défavorable
2011-03-07,-3,0,21,-8,-6,-3,0,95,9.875,1027,63.75,0,0,-13,116,122,116,0,1,7,météo très défavorable
2011-03-08,0,0,24,-2,-1,-0,0.6,97,8.875,1022,79.125,0,0,-6,329,119,332,0.4,1,5.5,météo très défavorable
2011-03-09,2,0,30,-3,-3,-0,0,89,10,1018,14.625,2,0,-10,113,113,113,0,1,11.1,météo très défavorable
2011-03-10,-0,0,30,-4,-0,-1,0.2,96,7.75,1010,64.625,0,0,-7,230,227,326,0,1,7.1,météo très défavorable
2011-03-11,0,0,37,-2,-1,0,0.2,97,8.75,1006,89.5,0,0,-8,326,230,122,0,1,5.6,météo très défavorable
2011-03-12,1,0,27,-4,-2,0,0.5,97,8,1007,57.5,1,0,-9,116,227,371,0.4,1,7.1,météo très défavorable
2011-03-13,0,0,15,-3,-1,0,0,95,7,1017,71.875,0,0,-6,119,116,326,0.1,1,7.3,météo très défavorable
2011-03-14,1,0,13,0,0,1,0.7,99,6.75,1017,95.125,1,1,-3,266,122,122,0,1,5.9,météo très défavorable
2011-03-15,-1,0,22,-4,-3,-2,0,93,10,1033,69.5,0,0,-9,119,116,119,0,1,8.8,météo très défavorable
2011-03-16,-1,0,15,-6,-5,-2,0,91,10,1040,18,0,0,-11,113,113,113,0,1,11.6,météo très défavorable
2011-03-17,0,0,18,-7,-5,-1,0,90,8,1040,28.25,0,0,-10,143,113,113,0,1,11.6,météo très défavorable
2011-03-18,1,0,18,-5,-3,-0,0,92,10,1033,21.75,1,0,-9,113,113,116,0,1,11.6,météo très défavorable
2011-03-19,1,0,18,-1,0,0,0.1,97,9,1023,64.5,1,1,-5,119,116,119,0,1,8.8,météo très défavorable
2011-03-20,-0,0,6,-2,-0,0,0,98,3.75,1021,88,0,0,-2,119,143,143,0,1,6.1,météo très défavorable
2011-03-21,-0,0,23,-3,-3,0,0,96,9,1023,77.625,1,0,-9,119,119,122,0,1,6.1,météo très défavorable
2011-03-22,2,0,26,0,1,1,0,99,10,1015,91.375,2,2,-5,122,119,122,0,1,6.1,météo très défavorable
2011-03-23,1,0,33,-1,0,-0,0.3,97,8.375,1011,74.5,1,0,-7,119,230,371,0.1,1,9,météo très défavorable
2011-03-24,-0,0,32,-2,-3,-2,4.3,85,8.125,1000,30.625,0,0,-10,113,113,335,1.3,1,11.6,météo très défavorable
2011-03-25,-4,0,19,-7,-5,-4,1.3,85,9.25,999,26.75,0,0,-12,113,113,335,0.4,1,10.3,météo très défavorable
2011-03-26,-4,0,25,-7,-6,-4,0.3,93,9,1005,65.375,0,0,-13,113,338,116,0.3,1,9,météo très défavorable
2011-03-27,-1,0,33,-5,-2,-1,0.2,90,7.5,1007,61.5,0,0,-9,116,230,230,0,1,7.7,météo très défavorable
2011-03-28,-1,0,32,-3,-2,-1,2.6,95,6.25,1002,97.875,0,0,-9,230,230,230,0,1,6.5,météo très défavorable
2011-03-29,-0,0,16,-5,-3,-0,0.6,90,7.75,1006,57.625,0,0,-8,113,116,338,0.4,1,9.1,météo très défavorable
2011-03-30,-1,0,33,-2,-3,-2,2.1,91,6.75,1017,62.75,0,0,-11,338,230,113,1.3,1,9.1,météo très défavorable
2011-03-31,-0,0,15,-5,-3,-1,0,94,10,1025,37.75,0,0,-8,116,116,116,0,1,9.1,météo très défavorable
2011-04-01,2,0,28,-6,-2,1,0.1,95,10,1025,53.75,2,1,-9,116,116,119,0,2,9.1,météo très défavorable
2011-04-02,2,0,13,0,1,1,1,99,4.875,1020,94.875,2,2,-3,248,119,119,0,1,6.6,météo très défavorable
2011-04-03,3,0,26,1,1,1,0.2,98,10,1020,87.125,3,3,-5,122,119,119,0,1,6.6,météo très défavorable
2011-04-04,4,0,35,1,1,2,0.4,99,9,1017,81,4,4,-6,266,116,122,0,1,7.9,météo très défavorable
2011-04-05,3,0,18,1,2,2,1.8,98,9.875,1015,79.625,3,3,-3,119,119,119,0,1,6.7,météo très défavorable
2011-04-06,2,0,22,1,1,1,2.9,99,7.625,1014,95.625,2,2,-4,122,266,296,0,1,6.7,météo très défavorable
2011-04-07,2,0,15,0,1,1,1,99,6.125,1003,95.5,2,2,-3,248,122,296,0,1,6.9,météo très défavorable
2011-04-08,2,0,15,0,1,1,4.5,98,6,988,100,2,1,-4,338,332,332,1.4,1,7,météo très défavorable
2011-04-09,2,0,31,0,0,1,0.5,97,7.5,998,89,2,2,-6,122,230,230,0,1,7,météo très défavorable
2011-04-10,2,0,30,1,1,1,0.7,97,6.25,1009,81.5,2,2,-5,230,230,332,0.3,1,7,météo très défavorable
2011-04-11,2,0,12,-2,1,1,0.1,97,6.5,1011,70.375,2,2,-3,113,143,122,0,1,7,météo très défavorable
2011-04-12,3,0,13,1,1,2,0.1,94,4.75,1009,61.75,3,2,-1,143,323,116,0,1,13.4,météo très défavorable
2011-04-13,4,0,8,-1,2,3,0,95,2.75,1010,70.75,4,3,-1,143,326,143,0,1,9.1,météo très défavorable
2011-04-14,3,0,10,0,2,2,0,93,5,1014,53,3,2,0,116,113,143,0,1,12.4,météo très défavorable
2011-04-15,5,0,20,0,2,3,0.1,97,10,1015,72.5,5,4,-3,116,122,122,0,2,10.3,météo très défavorable
2011-04-16,4,0,18,1,2,4,0.6,98,7.75,1011,84.625,4,4,-2,119,266,119,0,1,9.2,météo très défavorable
2011-04-17,6,0,28,2,3,5,0,97,10,1010,63.5,6,5,-2,119,119,113,0,1,11.4,météo très défavorable
2011-04-18,4,0,36,3,4,3,0.5,80,10,1013,28.375,4,4,-2,116,113,113,0,1,14.5,météo très défavorable
2011-04-19,4,0,26,0,2,3,0,90,10,1020,12.875,4,1,-3,113,113,113,0,2,14.5,météo très défavorable
2011-04-20,4,0,14,0,4,3,0,74,10,1023,48.625,4,0,1,113,116,122,0,2,13.5,météo très défavorable
2011-04-21,4,0,13,2,4,4,0,82,10,1019,65.625,4,2,0,119,113,119,0,1,10.4,météo très défavorable
2011-04-22,6,0,5,3,5,6,0.1,89,9,1023,55.75,6,4,4,116,119,113,0,2,12.5,météo très défavorable
2011-04-23,7,0,13,3,6,6,0,78,10,1026,11.75,7,4,5,113,113,116,0,2,14.5,météo très défavorable
2011-04-24,8,0,18,4,7,7,0,78,10,1024,40.625,8,3,5,116,116,116,0,2,14.5,météo très défavorable
2011-04-25,8,0,13,3,7,7,0,89,10,1023,8.125,8,6,5,113,113,113,0,2,14.5,météo très défavorable
2011-04-26,9,0,10,5,9,9,0,78,10,1024,2.375,9,5,7,113,113,113,0,2,14.5,météo très défavorable
2011-04-27,10,0,13,4,8,9,0,77,10,1023,11.25,10,5,6,113,113,113,0,3,14.5,météo très défavorable
2011-04-28,8,0,14,5,7,7,0,63,10,1025,26.5,8,1,5,113,113,113,0,2,14.5,météo très défavorable
2011-04-29,8,0,9,3,6,7,0,64,10,1024,12,8,0,6,113,113,113,0,2,14.5,météo très défavorable
2011-04-30,7,0,16,4,7,6,0,65,10,1021,13.125,7,1,4,113,113,113,0,2,14.5,météo très défavorable
2011-05-01,4,0,21,2,3,4,0,70,10,1020,53,4,0,-1,113,116,119,0,1,14.7,météo très défavorable
2011-05-02,3,0,12,0,3,3,0.5,78,8.375,1018,73.125,3,0,-0,122,119,116,0.4,1,13.8,météo très défavorable
2011-05-03,4,0,17,0,4,4,0,65,10,1018,6.125,4,0,0,113,113,113,0,1,16.5,météo très défavorable
2011-05-04,5,0,19,2,5,5,0,70,10,1016,64.25,5,1,2,119,122,119,0,1,12.4,météo très défavorable
2011-05-05,6,0,18,3,6,5,0.1,80,10,1019,52.125,6,3,2,119,119,113,0,1,14.9,météo très défavorable
2011-05-06,7,0,8,4,5,7,0.5,86,9.375,1025,61.875,7,4,4,119,263,116,0,1,14.9,météo très défavorable
2011-05-07,9,0,12,4,8,9,1.5,70,8.875,1032,67,9,3,6,296,116,122,0,1,15.8,météo très défavorable
2011-05-08,11,0,10,5,9,10,0,65,10,1036,5,11,4,8,113,113,113,0,1,16.7,météo très défavorable
2011-05-09,11,0,9,5,9,10,0,63,10,1037,16.25,11,2,9,113,113,116,0,1,16.8,météo très défavorable
2011-05-10,11,0,13,7,10,10,0,60,10,1030,25.25,11,4,8,116,113,113,0,1,16.8,météo très défavorable
2011-05-11,11,0,6,7,10,11,0,69,10,1026,17.125,11,5,9,116,113,113,0,1,16.9,météo très défavorable
2011-05-12,13,0,13,6,11,11,0,69,10,1020,27.75,13,6,11,113,116,116,0,1,16.9,météo très défavorable
2011-05-13,10,0,26,5,9,10,0,65,10,1015,31,10,5,5,119,113,113,0,1,16.6,météo très défavorable
2011-05-14,11,0,28,4,9,11,0,47,10,1015,35.875,11,2,5,116,116,116,0,1,17,météo très défavorable
2011-05-15,11,0,14,5,9,11,0,56,10,1018,11.75,11,3,7,113,113,113,0,1,17.1,météo très défavorable
2011-05-16,10,0,25,7,10,7,3.9,92,8.625,1016,81.625,10,7,6,119,266,302,0,1,12.8,météo très défavorable
2011-05-17,9,0,23,5,6,9,0,87,10,1011,59.5,9,6,3,116,119,119,0,1,15.1,météo très défavorable
2011-05-18,8,0,34,7,7,8,0.6,87,10,1011,50.375,8,7,3,353,116,113,0,1,16.7,météo très défavorable
2011-05-19,11,0,21,5,10,11,0,74,10,1016,45.625,11,8,8,113,116,116,0,1,15.9,météo très défavorable
2011-05-20,10,0,26,8,10,10,0,72,8.75,1016,36.375,10,8,7,119,113,113,0,1,16.7,météo très défavorable
2011-05-21,11,0,13,7,11,11,0,64,10,1018,2.25,11,4,9,113,113,113,0,1,17.3,météo très défavorable
2011-05-22,11,0,14,7,11,11,0,65,10,1023,20,11,6,9,113,113,113,0,1,17.4,météo très défavorable
2011-05-23,17,0,28,9,15,13,0,56,10,1021,23.375,17,10,16,113,113,122,0,1,16.7,météo très défavorable
2011-05-24,13,0,20,7,12,13,0,64,10,1017,11.875,13,8,10,113,113,113,0,1,17.4,météo très défavorable
2011-05-25,11,0,21,9,9,8,0,81,9.875,1012,54.25,11,7,6,122,113,200,0,1,14.6,météo très défavorable
2011-05-26,10,0,31,6,10,10,0,75,10,1013,22.875,10,6,6,116,113,113,0,1,17.4,météo très défavorable
2011-05-27,13,0,10,7,11,13,0,58,10,1016,32.375,13,6,9,113,116,116,0,1,16.7,météo très défavorable
2011-05-28,12,0,10,9,10,12,4.5,94,7,1011,67.625,13,9,9,296,176,113,0,1,15.5,météo très défavorable
2011-05-29,15,0,14,10,15,15,0.3,63,9.625,1015,58.625,15,8,14,176,176,176,0,1,15.6,météo très défavorable
2011-05-30,14,0,15,10,13,14,0.8,64,9.25,1016,60.625,14,8,12,176,176,176,0,1,15.6,météo très défavorable
2011-05-31,16,0,12,9,14,16,0,58,10,1025,12.5,16,11,13,113,113,113,0,1,17.4,météo très défavorable
2011-06-01,19,0,21,13,19,19,0,63,10,1023,10.625,19,13,19,113,113,116,0,1,17.4,météo favorable
2011-06-02,15,0,26,13,13,12,1.9,87,9.75,1021,19.75,15,12,10,176,176,113,0,1,17.4,météo très défavorable
2011-06-03,13,0,33,10,13,13,0,65,10,1023,18,14,9,10,116,113,113,0,1,17.4,météo très défavorable
2011-06-04,14,0,21,10,13,13,0,70,10,1024,5.125,14,8,11,113,113,113,0,1,17.4,météo très défavorable
2011-06-05,14,0,11,11,14,14,0,63,10,1021,18.25,14,9,14,113,116,113,0,1,17.4,météo très défavorable
2011-06-06,17,0,10,10,15,17,0,55,10,1023,15.5,17,8,14,113,113,113,0,1,17.4,météo très défavorable
2011-06-07,18,0,15,12,17,17,0,54,10,1019,34.375,18,8,17,122,113,113,0,1,16.8,météo favorable
2011-06-08,17,0,13,12,17,17,0,48,10,1017,1.375,17,7,17,113,113,113,0,1,17.4,météo très défavorable
2011-06-09,19,0,11,12,17,19,0,62,10,1015,10.25,19,11,17,113,113,113,0,1,17.4,météo favorable
2011-06-10,20,0,21,15,20,20,0,56,10,1011,19.375,20,13,20,113,113,113,0,1,17.4,météo favorable
2011-06-11,19,0,22,15,18,18,0,65,10,1013,6.25,19,12,18,113,113,113,0,1,17.4,météo favorable
2011-06-12,17,0,10,13,16,17,0,55,10,1013,12.875,18,9,16,113,113,113,0,1,17.4,météo très défavorable
2011-06-13,14,0,21,11,14,12,0.6,81,8.875,1010,66.75,14,11,12,353,113,266,0,1,15.2,météo très défavorable
2011-06-14,13,0,18,11,12,13,0.2,91,6.5,1010,66.25,13,10,11,248,119,113,0,1,15.8,météo très défavorable
2011-06-15,13,0,5,11,13,13,2.4,84,10,1009,71.125,13,11,13,353,353,116,0,1,15.8,météo très défavorable
2011-06-16,14,0,15,11,13,14,0.7,84,9,1011,65.375,14,10,11,266,119,353,0,1,15.2,météo très défavorable
2011-06-17,16,0,9,12,16,15,0,63,10,1013,23.5,16,9,16,113,113,116,0,1,17.4,météo très défavorable
2011-06-18,15,0,28,12,13,15,4.5,93,7.625,1008,66.375,15,12,12,302,266,113,0,1,15.2,météo très défavorable
2011-06-19,15,0,12,12,14,14,0.3,72,9,1005,48.75,15,13,14,116,113,266,0,1,15.8,météo très défavorable
2011-06-20,13,0,21,13,13,13,6.4,93,7.25,1000,80,13,12,11,302,263,263,0,1,15.2,météo très défavorable
2011-06-21,15,0,21,11,15,15,4.5,77,9.625,1005,53.625,15,12,13,122,116,113,0,1,16.3,météo très défavorable
2011-06-22,15,0,19,11,15,15,2.1,75,9.875,1012,42.625,15,11,15,116,113,113,0,1,16.9,météo très défavorable
2011-06-23,18,0,19,12,17,16,0.2,59,9,1012,38.5,18,12,17,113,113,266,0,1,16.3,météo favorable
2011-06-24,16,0,12,12,16,16,0.4,74,9.75,1011,27.25,16,12,16,113,116,176,0,1,17.4,météo très défavorable
2011-06-25,15,0,18,13,15,15,2.5,83,9.75,1010,42.875,15,13,15,353,176,116,0,1,16.3,météo très défavorable
2011-06-26,15,0,13,13,15,14,3.8,90,9.125,1013,59.625,15,13,14,119,263,296,0,1,14.7,météo très défavorable
2011-06-27,17,0,18,13,16,17,1.4,67,10,1015,54.25,17,13,16,176,176,176,0,1,15.8,météo très défavorable
2011-06-28,19,0,17,15,18,19,0,70,10,1022,11.25,19,13,18,113,113,113,0,1,17.4,météo favorable
2011-06-29,18,0,13,13,17,18,0,70,10,1024,3,19,13,17,113,113,113,0,1,17.4,météo favorable
2011-06-30,21,0,8,14,20,21,2.2,77,9.875,1021,6.75,21,17,20,113,113,176,0,1,17.4,météo favorable
2011-07-01,22,0,10,17,22,22,0,66,10,1016,16.25,25,17,21,113,113,116,0,1,17.4,météo favorable
2011-07-02,23,0,14,17,21,23,0.3,55,9.875,1012,10.25,25,15,21,113,113,113,0,1,17.4,météo favorable
2011-07-03,19,0,8,16,18,19,2.7,72,9.625,1007,15.75,19,15,18,356,113,113,0,1,17.4,météo favorable
2011-07-04,18,0,18,15,18,17,0,75,10,1016,30,18,14,17,113,113,116,0,1,17.4,météo favorable
2011-07-05,18,0,17,14,18,18,4.1,75,9.875,1017,60.5,18,13,18,353,176,353,0,1,15.7,météo très défavorable
2011-07-06,20,0,18,14,19,20,0,61,10,1014,21.25,20,13,19,113,113,113,0,1,17.4,météo favorable
2011-07-07,19,0,8,16,19,19,5.9,79,9.625,1011,50.375,19,16,19,119,116,356,0,1,16.8,météo favorable
2011-07-08,20,0,6,17,19,20,6.7,82,9.5,1013,35,20,16,19,116,176,113,0,1,17.4,météo favorable
2011-07-09,21,0,4,17,20,21,0.1,79,10,1015,12.75,21,16,20,113,113,113,0,1,17.4,météo favorable
2011-07-10,21,0,14,17,19,19,4.9,81,9.5,1017,16.5,21,16,19,356,176,113,0,1,17.4,météo favorable
2011-07-11,21,0,8,17,20,20,0,63,10,1017,13,21,14,20,113,113,113,0,1,17.4,météo favorable
2011-07-12,22,0,24,17,22,18,2.4,86,9.75,1013,22.625,25,16,19,176,116,176,0,1,17.4,météo favorable
2011-07-13,18,0,23,15,18,18,0.1,70,10,1015,17.25,19,14,18,113,113,116,0,1,17.4,météo favorable
2011-07-14,18,0,15,15,18,17,0,72,10,1019,32.75,18,13,18,113,113,116,0,1,16.8,météo favorable
2011-07-15,19,0,21,15,17,19,0.5,85,9,1018,74,19,16,18,266,122,122,0,1,13.5,météo très défavorable
2011-07-16,19,0,11,16,18,19,0,79,10,1011,55.75,19,15,18,122,116,122,0,1,15.5,météo très défavorable
2011-07-17,18,0,13,16,18,18,0.7,77,9.875,1009,28.5,18,15,18,116,176,113,0,1,17.4,météo favorable
2011-07-18,22,0,5,16,20,22,0,70,10,1012,8.125,25,14,20,113,113,113,0,1,17.4,météo favorable
2011-07-19,24,0,21,17,23,22,0.9,64,8.875,1011,28.375,25,18,23,113,113,176,0,1,16.1,météo favorable
2011-07-20,21,0,5,17,19,21,9.8,87,8.25,1011,38.125,21,18,19,356,353,176,0,1,17.4,météo très défavorable
2011-07-21,24,0,17,18,24,24,5.4,62,9.625,1010,16.75,26,18,24,113,113,116,0,1,17.4,météo favorable
2011-07-22,24,0,16,18,23,24,0,62,10,1007,18.625,26,17,23,113,113,113,0,1,17.4,météo favorable
2011-07-23,24,0,23,19,24,23,2.1,59,9.5,1006,33.5,26,17,24,176,113,116,0,1,17.3,météo favorable
2011-07-24,21,0,14,17,20,19,4,74,8.125,1014,40.875,22,17,20,356,353,116,0,1,17.3,météo très défavorable
2011-07-25,20,0,8,16,20,20,0,70,10,1018,18.25,21,15,20,113,113,116,0,1,17.2,météo favorable
2011-07-26,23,0,11,18,22,22,1.7,68,9.75,1016,22.75,25,17,22,176,113,113,0,1,17.2,météo favorable
2011-07-27,23,0,4,18,22,22,7.3,77,9.5,1017,13.625,25,18,22,176,113,113,0,1,17.2,météo favorable
2011-07-28,25,0,17,19,24,25,2,69,9.875,1016,15,26,19,24,113,176,386,0,1,17.1,météo favorable
2011-07-29,21,0,22,18,21,21,12.4,87,7.875,1010,51.875,24,19,21,356,356,353,0,1,15.9,météo très défavorable
2011-07-30,19,0,16,17,17,19,12.3,93,9.25,1009,88.875,19,18,18,296,296,296,0,1,13.5,météo très défavorable
2011-07-31,20,0,19,16,19,20,0,70,10,1011,32.875,20,15,20,113,113,113,0,1,16.6,météo favorable
2011-08-01,17,0,19,13,15,16,0,65,10,1016,24.5,17,13,15,113,116,113,0,1,16.9,météo très défavorable
2011-08-02,18,0,21,13,16,18,0.2,62,10,1022,29.25,18,10,16,116,116,113,0,1,16.9,météo favorable
2011-08-03,19,0,9,13,18,19,0,57,10,1023,11.125,19,11,18,116,113,113,0,1,16.8,météo favorable
2011-08-04,20,0,15,16,20,20,0,64,10,1021,23.75,20,13,20,116,116,113,0,1,16.8,météo favorable
2011-08-05,20,0,22,17,19,20,0,70,10,1017,9,20,14,19,113,113,113,0,1,16.7,météo favorable
2011-08-06,22,0,14,16,20,22,0,61,10,1013,25.625,25,14,20,113,113,116,0,1,16.6,météo favorable
2011-08-07,21,0,24,17,19,21,0,68,10,1007,41.875,21,15,20,116,113,113,0,1,16.6,météo favorable
2011-08-08,19,0,23,17,18,18,4.4,94,9.875,1003,51.875,19,17,17,353,296,113,0,1,14.8,météo très défavorable
2011-08-09,19,0,29,16,16,19,12.1,88,8.875,1002,38.625,19,15,16,119,302,356,0,1,15.6,météo très défavorable
2011-08-10,19,0,30,14,17,18,6.2,68,9.5,1004,47.375,19,13,18,353,116,356,0,1,16.1,météo favorable
2011-08-11,17,0,25,14,17,16,11.3,67,9.125,1007,38.875,17,13,17,353,176,356,0,1,16,météo très défavorable
2011-08-12,17,0,16,13,16,17,2.3,71,9.875,1013,22.125,17,11,16,113,113,113,0,1,16,météo très défavorable
2011-08-13,17,0,15,13,16,17,0.5,90,9.375,1015,67.875,17,14,16,263,122,116,0,1,12.8,météo très défavorable
2011-08-14,19,0,17,15,18,19,0,79,10,1018,57.25,19,15,18,119,116,113,0,1,15.6,météo très défavorable
2011-08-15,20,0,24,15,20,20,3.5,77,9.875,1018,35.125,20,17,20,116,116,176,0,1,14.5,météo favorable
2011-08-16,21,0,14,17,18,21,9,92,8.25,1017,49.25,24,17,18,356,353,116,0,1,12.5,météo très défavorable
2011-08-17,17,0,6,16,17,17,6.6,95,5.25,1013,83.75,17,17,17,143,296,302,0,1,9.6,météo très défavorable
2011-08-18,17,0,30,16,17,17,3.7,88,8.75,1012,64.25,17,16,17,296,293,113,0,1,11.5,météo très défavorable
2011-08-19,18,0,14,15,18,17,1.5,71,9.875,1013,11.75,18,14,17,176,113,113,0,1,14.5,météo favorable
2011-08-20,19,0,28,13,18,18,1.4,72,9.875,1011,10.625,19,14,18,113,113,176,0,1,14.5,météo favorable
2011-08-21,18,0,8,13,18,17,0,76,10,1018,24.75,18,14,17,113,113,116,0,1,14.5,météo favorable
2011-08-22,19,0,5,13,18,18,0,79,10,1018,15.875,19,15,18,116,113,113,0,1,14.5,météo favorable
2011-08-23,18,0,10,14,18,18,0,75,10,1019,59.25,19,14,18,122,116,122,0,1,12.4,météo très défavorable
2011-08-24,18,0,12,16,18,18,8.1,80,9.125,1021,52.75,18,15,18,353,356,356,0,1,13.5,météo très défavorable
2011-08-25,18,0,8,14,18,18,0.2,81,9.875,1023,18.125,18,15,18,176,113,113,0,1,14.5,météo favorable
2011-08-26,21,0,10,16,20,21,0,70,10,1023,16.75,21,15,20,113,113,113,0,1,14.5,météo favorable
2011-08-27,21,0,18,16,20,21,0,63,10,1022,10.125,21,14,20,113,113,113,0,1,14.5,météo favorable
2011-08-28,22,0,23,15,21,21,2.7,65,9.625,1017,15.875,25,17,21,113,113,356,0,1,14.5,météo favorable
2011-08-29,18,0,24,14,17,18,0.8,68,9.875,1013,26.875,18,15,17,113,113,176,0,1,13.4,météo favorable
2011-08-30,16,0,28,14,15,16,2.9,76,9.75,1007,51.25,16,12,15,296,353,176,0,1,11.3,météo très défavorable
2011-08-31,16,0,27,13,15,16,4.3,80,7.875,1006,68.625,16,12,13,266,266,176,0,1,11.3,météo très défavorable
2011-09-01,16,0,23,13,15,16,1,79,10,1008,63.5,16,12,13,353,116,353,0,1,11.2,météo très défavorable
2011-09-02,16,0,9,12,15,16,0.5,73,9.875,1009,47,16,11,15,116,116,176,0,1,14.1,météo très défavorable
2011-09-03,16,0,14,13,16,16,0.1,71,10,1015,44.875,16,12,16,116,116,116,0,1,10.5,météo très défavorable
2011-09-04,15,0,13,12,13,15,0,63,10,1021,39.25,15,11,13,122,113,113,0,1,10.4,météo très défavorable
2011-09-05,17,0,6,10,15,17,0,68,10,1023,6.625,17,11,15,113,113,113,0,1,11.6,météo très défavorable
2011-09-06,19,0,26,11,16,18,0,61,10,1021,19.25,19,12,16,113,113,113,0,1,11.6,météo favorable
2011-09-07,17,0,12,14,16,17,0.3,77,8,1013,40.875,17,13,16,266,113,113,0,1,11.6,météo très défavorable
2011-09-08,15,0,8,12,15,14,0,86,10,1002,55.625,15,12,15,116,119,122,0,1,7.9,météo très défavorable
2011-09-09,15,0,11,12,13,14,2.5,85,10,999,80.875,15,12,13,122,119,353,0,1,6.6,météo très défavorable
2011-09-10,15,0,12,12,14,15,2.3,83,9.75,1004,39.625,15,12,14,116,116,176,0,1,11.6,météo très défavorable
2011-09-11,15,0,21,14,15,15,0,74,10,1011,50.625,15,12,15,119,113,113,0,1,11.6,météo très défavorable
2011-09-12,16,0,14,12,15,16,0,72,10,1012,22.75,16,11,14,113,113,116,0,1,11.6,météo très défavorable
2011-09-13,15,0,30,14,15,14,0.9,91,9,1003,75.25,15,13,13,266,119,353,0,1,7.8,météo très défavorable
2011-09-14,15,0,46,13,15,14,1.1,72,8.875,992,70.75,15,12,12,353,116,266,0,1,6.5,météo très défavorable
2011-09-15,15,0,41,13,15,14,4,78,9.875,998,81,15,12,12,353,296,353,0,1,7.8,météo très défavorable
2011-09-16,14,0,23,11,13,14,3.2,84,9.625,1005,81.25,14,11,11,302,353,116,0,1,7.7,météo très défavorable
2011-09-17,14,0,14,11,13,14,1.1,78,9.75,1013,31.875,14,11,12,176,116,116,0,1,11.6,météo très défavorable
2011-09-18,14,0,8,11,13,14,1.1,69,9.875,1020,25.5,14,10,14,119,113,113,0,1,11.6,météo très défavorable
2011-09-19,13,0,21,9,13,13,0,78,10,1022,65.125,13,10,11,119,116,119,0,1,7.7,météo très défavorable
2011-09-20,15,0,23,11,13,14,1.2,93,8.875,1017,76.625,15,12,11,122,296,113,0,1,9,météo très défavorable
2011-09-21,15,0,17,12,14,15,0.1,83,10,1017,72.125,15,12,13,116,119,119,0,1,6.3,météo très défavorable
2011-09-22,14,0,23,13,14,14,12.1,92,8.375,1010,90.375,14,13,12,266,122,116,0,1,7.6,météo très défavorable
2011-09-23,13,0,36,11,12,12,8.2,77,9.375,1000,44.625,13,11,9,176,353,176,0,1,10.3,météo très défavorable
2011-09-24,12,0,32,11,11,11,5.4,75,9.5,1006,75.5,12,8,8,296,116,122,0,1,7.4,météo très défavorable
2011-09-25,11,0,25,10,10,11,0.4,72,9.75,1019,58.875,11,7,7,119,176,116,0,1,8.8,météo très défavorable
2011-09-26,12,0,3,8,11,12,0,66,10,1022,14,12,7,11,113,113,113,0,1,11.6,météo très défavorable
2011-09-27,14,0,26,11,12,13,4.3,94,9.625,1021,52,14,12,10,116,302,113,0,1,8.8,météo très défavorable
2011-09-28,13,0,35,11,12,12,0.1,67,10,1017,28.25,13,9,9,113,113,122,0,1,10.1,météo très défavorable
2011-09-29,13,0,13,9,11,12,0,81,10,1017,42.5,13,9,10,116,116,116,0,1,11.4,météo très défavorable
2011-09-30,15,0,30,13,14,15,0.1,90,9,1015,56.75,15,13,12,122,116,113,0,1,10.1,météo très défavorable
2011-10-01,12,0,28,11,11,11,0,74,10,1024,30.875,12,9,8,113,116,119,0,1,8.6,météo très défavorable
2011-10-02,10,0,6,7,9,9,0,68,10,1025,14.125,10,6,8,113,113,113,0,1,11.3,météo très défavorable
2011-10-03,12,0,8,9,11,11,4.1,95,7.75,1015,91.375,12,11,10,266,296,296,0,1,5.6,météo très défavorable
2011-10-04,13,0,15,9,12,12,0.2,92,9,1004,87.875,13,12,10,122,122,122,0,1,5.6,météo très défavorable
2011-10-05,12,0,34,11,12,11,1.5,79,9.875,999,40.375,12,11,8,176,353,113,0,1,11.1,météo très défavorable
2011-10-06,13,0,27,10,12,13,0.6,95,9,1000,63.125,13,12,9,113,122,266,0,1,5.5,météo très défavorable
2011-10-07,13,0,39,13,12,11,1.1,75,9,994,56.75,13,12,8,266,119,113,0,1,10.1,météo très défavorable
2011-10-08,11,0,23,9,10,11,0,82,10,1002,59.875,11,7,7,119,116,116,0,1,10.1,météo très défavorable
2011-10-09,9,0,14,8,8,8,0,73,10,1014,58.125,9,7,5,122,116,113,0,1,10.1,météo très défavorable
2011-10-10,8,0,35,7,8,8,0.4,83,9.375,1013,56.125,8,5,4,119,119,263,0,1,5.4,météo très défavorable
2011-10-11,10,0,27,6,8,9,2.5,88,7.875,996,93.25,10,6,5,266,296,353,0,1,5.4,météo très défavorable
2011-10-12,8,0,15,7,7,7,2.4,79,9.875,998,69.375,8,5,5,113,119,296,0,1,6.9,météo très défavorable
2011-10-13,8,0,30,5,6,7,0.4,75,9,1014,58.875,8,4,2,116,116,266,0,1,8.5,météo très défavorable
2011-10-14,7,0,25,5,6,5,0.2,72,10,1027,51.25,7,4,1,119,119,113,0,1,7.1,météo très défavorable
2011-10-15,6,0,7,2,3,5,0,67,10,1031,46.125,6,2,2,113,116,122,0,1,8.7,météo très défavorable
2011-10-16,9,0,27,6,9,9,0.5,88,8.375,1029,65.125,9,7,5,119,266,263,0,1,3.8,météo très défavorable
2011-10-17,10,0,25,7,7,10,0,85,10,1022,68.625,10,7,4,119,116,122,0,1,7.1,météo très défavorable
2011-10-18,9,0,31,5,7,7,0,66,10,1018,11.125,9,6,2,113,113,113,0,1,8.7,météo très défavorable
2011-10-19,6,0,33,2,4,6,1.6,89,9.875,1009,56,6,5,-2,113,296,119,0,1,3.7,météo très défavorable
2011-10-20,9,0,39,7,7,8,0.5,83,9.875,1008,77,9,6,3,122,119,176,0,1,3.7,météo très défavorable
2011-10-21,8,0,27,6,7,7,0.3,79,10,1015,74,8,5,2,116,122,353,0,1,3.7,météo très défavorable
2011-10-22,9,0,39,6,6,9,1.4,92,8.875,1018,87.75,9,8,1,116,296,266,0,1,3.7,météo très défavorable
2011-10-23,9,0,7,7,6,6,0,82,10,1028,51,9,7,5,119,113,116,0,1,8.7,météo très défavorable
2011-10-24,9,0,17,8,8,8,1.9,85,8.875,1031,74.5,9,7,6,143,116,116,0,1,3.5,météo très défavorable
2011-10-25,8,0,24,7,8,6,0,84,10,1031,26,8,6,4,116,113,113,0,1,8.7,météo très défavorable
2011-10-26,8,0,9,6,7,7,0,85,10,1031,12.625,8,6,5,113,113,113,0,1,8.7,météo très défavorable
2011-10-27,7,0,11,5,5,6,0,81,10,1032,8.5,7,4,3,113,113,113,0,1,8.7,météo très défavorable
2011-10-28,6,0,17,4,5,6,0,79,10,1031,40.625,6,3,1,119,113,116,0,1,8.7,météo très défavorable
2011-10-29,9,0,29,6,9,8,0.3,90,9,1022,44.375,9,7,5,266,116,113,0,1,6.9,météo très défavorable
2011-10-30,8,0,31,7,7,7,0,85,10,1019,57.875,8,6,2,116,116,119,0,1,5.1,météo très défavorable
2011-10-31,9,0,27,9,9,8,0.5,92,9.375,1010,89.125,9,9,5,122,263,119,0,1,3.3,météo très défavorable
2011-11-01,9,0,12,7,8,8,0,90,10,1018,51.75,9,8,6,116,116,116,0,1,6.9,météo très défavorable
2011-11-02,9,0,32,9,9,9,0.1,90,10,1018,85.5,10,8,5,122,119,119,0,1,3.3,météo très défavorable
2011-11-03,9,0,14,9,9,8,0.2,94,7,1019,91.375,9,8,6,266,122,143,0,1,3.3,météo très défavorable
2011-11-04,8,0,4,8,8,8,0.1,91,9,1024,71.125,8,7,8,119,119,119,0,1,5.1,météo très défavorable
2011-11-05,7,0,26,7,5,5,0,88,10,1034,50.25,7,6,1,119,116,116,0,1,5,météo très défavorable
2011-11-06,4,0,26,1,3,3,0,80,10,1035,43.875,4,1,-3,119,119,113,0,1,5,météo très défavorable
2011-11-07,6,0,19,3,4,5,1,88,9.875,1031,71.875,6,5,-1,116,296,122,0,1,3.1,météo très défavorable
2011-11-08,8,0,28,7,7,7,0,90,10,1021,50.5,8,7,3,116,122,113,0,1,6.8,météo très défavorable
2011-11-09,6,0,17,4,3,3,0,77,10,1031,1.875,6,2,-1,113,113,113,0,1,8.1,météo très défavorable
2011-11-10,4,0,12,1,3,4,0,76,10,1034,13.875,4,2,0,113,113,116,0,1,8,météo très défavorable
2011-11-11,5,0,15,5,5,4,0.1,91,10,1036,33.25,5,4,1,116,119,113,0,1,6.8,météo très défavorable
2011-11-12,4,0,4,3,3,3,0,81,10,1040,13.875,4,1,3,113,113,116,0,1,7.9,météo très défavorable
2011-11-13,4,0,27,2,3,2,0,84,10,1039,28.875,4,2,-3,113,113,116,0,1,7.9,météo très défavorable
2011-11-14,6,0,28,4,6,6,0.3,87,10,1021,77.75,6,4,1,122,122,119,0,1,2.9,météo très défavorable
2011-11-15,3,0,22,2,1,1,0,62,10,1020,23.5,3,0,-5,116,113,113,0,1,7.4,météo très défavorable
2011-11-16,6,0,27,3,5,6,0,87,10,1021,60,6,4,0,119,116,122,0,1,3.8,météo très défavorable
2011-11-17,6,0,27,5,6,5,0,88,10,1012,51.125,6,4,1,116,116,122,0,1,5.8,météo très défavorable
2011-11-18,6,0,11,3,5,5,0.1,92,10,1012,78.5,6,4,2,119,122,119,0,1,1.8,météo très défavorable
2011-11-19,5,0,30,5,4,4,3.5,87,8.25,1012,82.125,6,4,-1,302,116,329,0.2,1,3.8,météo très défavorable
2011-11-20,1,0,14,-1,-1,-2,0,58,10,1026,6,1,0,-6,113,113,113,0,1,5.8,météo très défavorable
2011-11-21,2,0,27,-2,-1,0,0,73,10,1027,54.875,2,1,-8,113,116,119,0,1,3.8,météo très défavorable
2011-11-22,3,0,14,2,1,-0,0,84,10,1029,66.5,3,2,-3,119,116,119,0,1,3.8,météo très défavorable
2011-11-23,3,0,17,-1,0,2,0,91,10,1030,43.875,3,2,-5,113,116,119,0,1,5.8,météo très défavorable
2011-11-24,6,0,42,4,4,5,2.2,90,9.875,1026,82.75,6,5,-2,122,122,296,0,1,1.7,météo très défavorable
2011-11-25,7,0,27,5,4,6,0.2,95,9,1016,54.875,7,6,-1,113,119,266,0,1,1.7,météo très défavorable
2011-11-26,6,0,31,6,5,5,0,88,10,1000,60.25,6,5,-0,119,113,119,0,1,3.8,météo très défavorable
2011-11-27,7,0,33,4,5,6,6.9,97,8.625,995,91,7,7,-1,122,266,302,0,1,1.7,météo très défavorable
2011-11-28,7,0,51,3,2,3,0.2,78,8.75,998,81.875,7,6,-5,122,230,113,0,1,1.7,météo très défavorable
2011-11-29,4,0,16,2,2,2,0,83,10,1016,25.125,4,0,-2,113,113,113,0,1,5.8,météo très défavorable
2011-11-30,4,0,29,2,3,2,0.6,88,9.875,1015,72.75,4,2,-3,119,176,119,0,1,5.8,météo très défavorable
2011-12-01,5,0,17,5,4,3,0,91,10,1016,37.25,5,4,0,116,113,116,0,1,5.8,météo très défavorable
2011-12-02,3,0,35,2,3,2,1.5,91,9.875,1011,81.25,3,2,-3,116,122,317,0,1,1.7,météo très défavorable
2011-12-03,4,0,27,4,4,2,1.3,78,8,1000,62.75,4,2,-2,371,227,335,1,1,1.7,météo très défavorable
2011-12-04,4,0,35,1,2,4,0.9,91,8.875,998,95.625,4,2,-4,122,338,122,0.8,1,1.7,météo très défavorable
2011-12-05,4,0,30,3,3,3,2.7,90,8.625,982,90.75,4,2,-3,368,323,230,0.1,1,3.7,météo très défavorable
2011-12-06,3,0,41,2,3,3,2.8,85,7.375,992,89.625,3,0,-4,116,230,230,0,1,1.6,météo très défavorable
2011-12-07,1,0,22,1,1,1,0,89,10,1001,95.375,2,0,-4,122,122,119,0,1,1.6,météo très défavorable
2011-12-08,1,0,22,1,0,1,0,86,10,1012,82.875,1,0,-5,122,116,119,0,1,3.7,météo très défavorable
2011-12-09,1,0,33,-0,-0,-0,0,85,10,1013,63.5,1,0,-7,116,116,116,0,1,3.7,météo très défavorable
2011-12-10,2,0,34,0,2,1,0,88,10,999,94.125,2,1,-5,122,119,122,0,1,1.5,météo très défavorable
2011-12-11,3,0,28,3,3,3,0.5,88,8.125,1001,98.625,3,2,-2,122,332,122,0.2,1,1.5,météo très défavorable
2011-12-12,3,0,21,1,1,2,2.1,92,9.5,1011,87,3,1,-3,119,119,317,1.5,1,1.5,météo très défavorable
2011-12-13,2,0,35,-1,1,2,1.9,91,8.75,1010,87.5,2,1,-6,122,317,317,0,1,1.5,météo très défavorable
2011-12-14,3,0,31,0,2,3,1.2,92,8.75,1007,78.625,3,2,-4,116,230,119,0,1,1.5,météo très défavorable
2011-12-15,4,0,37,2,3,3,2.5,93,8.875,1006,87.25,4,3,-3,116,266,296,0,1,1.5,météo très défavorable
2011-12-16,3,0,26,2,1,1,0.7,91,9.875,1004,84.625,3,1,-4,317,116,122,0,1,3.6,météo très défavorable
2011-12-17,3,0,28,1,1,3,1.4,91,8.875,996,93.625,3,2,-5,119,122,296,0.3,1,1.4,météo très défavorable
2011-12-18,4,0,35,3,2,2,0.7,89,6.75,994,97.375,4,3,-5,266,122,230,0,1,1.4,météo très défavorable
2011-12-19,2,0,38,2,2,2,0.9,90,5.25,1000,95.5,2,1,-5,230,227,230,0,1,1.4,météo très défavorable
2011-12-20,3,0,41,2,2,2,1.7,89,6.5,1013,92.125,3,1,-4,338,230,122,1,1,1.4,météo très défavorable
2011-12-21,1,0,7,-1,-1,0,0,90,10,1013,76.5,1,0,-3,119,119,122,0,1,1.4,météo très défavorable
2011-12-22,0,0,6,0,0,-0,0.5,91,7.75,1017,87,1,0,-2,332,116,332,0.4,1,3.6,météo très défavorable
2011-12-23,0,0,19,0,0,-1,0.2,91,9.375,1018,64.375,0,0,-5,368,119,116,0.1,1,3.6,météo très défavorable
2011-12-24,1,0,33,-2,-1,-1,2.6,92,6.75,1012,91.375,1,0,-8,230,338,338,1,1,1.5,météo très défavorable
2011-12-25,2,0,25,2,1,1,1.6,86,9.75,1010,53.125,2,1,-5,113,113,317,0,1,5.8,météo très défavorable
2011-12-26,5,0,50,3,4,3,3.5,87,9.5,1004,67.25,5,4,-2,302,296,113,0,1,3.6,météo très défavorable
2011-12-27,5,0,44,2,5,3,1.1,96,9,1004,52.625,5,5,-1,122,266,113,0,1,3.6,météo très défavorable
2011-12-28,2,0,35,1,1,1,0.3,70,8.75,1013,19.5,2,0,-6,113,113,113,0,1,5.8,météo très défavorable
2011-12-29,3,0,35,1,2,3,0.5,94,8.75,1010,90.375,3,2,-4,230,122,119,0,1,1.5,météo très défavorable
2011-12-30,3,0,40,2,2,2,0.1,90,9.375,995,94.375,3,2,-4,122,326,332,0.1,1,1.5,météo très défavorable
2011-12-31,2,0,16,2,1,0,1,80,7.75,1006,91.625,2,1,-4,338,326,119,0.4,1,1.5,météo très défavorable
2012-01-01,-1,0,13,-2,-2,-2,0,80,10,1014,42.75,0,0,-7,119,116,113,0,1,5.8,météo très défavorable
2012-01-02,-3,0,26,-4,-4,-3,0,83,10,1015,22.125,0,0,-11,113,113,116,0,1,5.8,météo très défavorable
2012-01-03,1,0,18,-3,-1,1,2.7,94,6.875,1008,95.5,2,1,-6,230,326,332,0.1,1,1.5,météo très défavorable
2012-01-04,2,0,37,-0,-0,2,2.4,91,8.625,1004,89,2,1,-7,119,230,317,0,1,1.5,météo très défavorable
2012-01-05,2,0,32,2,1,1,3.5,93,5.25,981,89.25,2,1,-5,119,230,230,0.9,1,1.5,météo très défavorable
2012-01-06,1,0,15,0,0,1,1.8,92,6.375,992,98.625,1,1,-4,338,338,122,0.9,1,1.5,météo très défavorable
2012-01-07,-7,0,22,-8,-8,-8,1.4,87,7.625,1017,69.25,0,0,-15,311,311,311,0,1,3.7,météo très défavorable
2012-01-08,-2,0,11,-2,-3,-4,0.1,82,9.5,1017,47,0,0,-8,329,113,116,0.1,1,5.8,météo très défavorable
2012-01-09,-4,0,18,-5,-4,-4,1.2,94,6.375,1014,82.75,0,0,-9,311,311,311,0,1,1.7,météo très défavorable
2012-01-10,-1,0,20,-1,-2,-3,0.4,88,8.5,1017,94,0,0,-7,332,332,122,0.3,1,1.7,météo très défavorable
2012-01-11,1,0,26,-1,-0,-1,4.1,93,7.5,1016,96.625,1,0,-6,332,332,230,0.3,1,1.7,météo très défavorable
2012-01-12,1,0,27,-1,-0,-1,2,92,7.5,1000,67.875,1,0,-7,113,116,230,0,1,3.7,météo très défavorable
2012-01-13,1,0,29,1,-0,-0,2.1,84,6.5,983,99.5,1,1,-6,230,230,122,1.5,1,1.7,météo très défavorable
2012-01-14,-1,0,18,-2,-2,-2,0.2,93,9.375,1006,90.625,0,0,-8,119,122,332,0.2,1,1.7,météo très défavorable
2012-01-15,-0,0,15,-2,-1,-1,0.2,93,8.625,1018,81.375,0,0,-6,326,119,122,0.2,1,1.7,météo très défavorable
2012-01-16,-2,0,14,-3,-2,-3,0,92,10,1021,57,0,0,-7,119,119,113,0,1,3.8,météo très défavorable
2012-01-17,-2,0,7,-4,-4,-3,0,90,10,1023,81.5,0,0,-6,116,122,122,0,1,1.7,météo très défavorable
2012-01-18,-3,0,20,-5,-6,-6,0.4,91,9,1021,70.625,0,0,-13,122,116,119,0.3,1,5.8,météo très défavorable
2012-01-19,-5,0,38,-5,-7,-6,0.1,90,7.75,1016,98.25,0,0,-16,230,227,122,0,1,1.7,météo très défavorable
2012-01-20,-4,0,26,-5,-5,-5,0.1,91,8,1008,88.375,0,0,-13,227,119,326,0,1,1.8,météo très défavorable
2012-01-21,-5,0,21,-5,-6,-5,0.2,89,9.375,1010,95.5,0,0,-12,332,326,122,0.2,1,1.8,météo très défavorable
2012-01-22,-3,0,24,-5,-3,-3,0.9,90,7.75,1011,90.75,0,0,-9,332,338,332,0.8,1,1.8,météo très défavorable
2012-01-23,-4,0,24,-6,-9,-10,1.5,91,6.375,1016,100,0,0,-18,332,338,338,1.3,1,1.8,météo très défavorable
2012-01-24,-7,0,22,-8,-8,-7,0.1,88,9.375,1026,96.75,0,0,-16,122,122,119,0.1,1,1.8,météo très défavorable
2012-01-25,-10,0,22,-12,-12,-12,0.1,95,9.625,1036,74.5,0,0,-21,122,122,116,0.1,1,3.8,météo très défavorable
2012-01-26,-11,0,15,-12,-11,-11,0,87,10,1046,36.5,0,0,-19,116,116,116,0,1,5.8,météo très défavorable
2012-01-27,-10,0,21,-12,-12,-11,0,91,10,1050,56.125,0,0,-21,113,119,119,0,1,1.9,météo très défavorable
2012-01-28,-11,0,17,-13,-12,-11,0,82,10,1054,7.625,0,0,-20,113,113,113,0,1,5.8,météo très défavorable
2012-01-29,-10,0,11,-14,-13,-10,0,80,10,1056,2.875,0,0,-19,113,113,113,0,1,5.8,météo très défavorable
2012-01-30,-10,0,9,-11,-11,-10,0,83,10,1056,83.375,0,0,-16,122,119,119,0,1,2,météo très défavorable
2012-01-31,-11,0,18,-14,-15,-15,0,95,10,1053,49.625,0,0,-24,113,116,119,0,1,5.8,météo très défavorable
2012-02-01,-14,0,23,-15,-14,-14,0,94,10,1054,68.125,0,0,-23,119,119,116,0,1,2,météo très défavorable
2012-02-02,-13,0,24,-21,-19,-13,0,99,10,1049,94,0,0,-29,326,122,326,0,1,2,météo très défavorable
2012-02-03,-15,0,17,-16,-17,-17,0.4,100,8,1049,89.75,0,0,-27,326,119,119,0.3,1,2,météo très défavorable
2012-02-04,-17,0,14,-18,-18,-17,0,89,6.5,1050,85.375,0,0,-26,143,122,116,0,1,2,météo très défavorable
2012-02-05,-16,0,8,-18,-17,-16,0,92,6.5,1044,80.625,0,0,-22,260,119,116,0,1,2,météo très défavorable
2012-02-06,-14,0,15,-17,-16,-14,0,90,10,1046,18.5,0,0,-23,113,113,116,0,1,5.8,météo très défavorable
2012-02-07,-8,0,18,-15,-13,-10,0,94,9,1044,41.125,0,0,-21,143,116,323,0,1,3.9,météo très défavorable
2012-02-08,-9,0,13,-15,-18,-14,0.1,99,8.625,1046,51,0,0,-25,119,119,116,0.1,1,3.9,météo très défavorable
2012-02-09,-10,0,20,-13,-11,-11,0,93,10,1048,47,0,0,-19,116,116,116,0,1,8.7,météo très défavorable
2012-02-10,-11,0,6,-13,-12,-13,0,94,6.5,1046,56.75,0,0,-16,260,143,113,0,1,5.1,météo très défavorable
2012-02-11,-11,0,11,-13,-12,-12,0,89,10,1040,17.625,0,0,-18,116,113,113,0,1,8.7,météo très défavorable
2012-02-12,-11,0,17,-14,-13,-12,0,93,10,1032,24,0,0,-21,113,113,116,0,1,8.7,météo très défavorable
2012-02-13,-14,0,22,-16,-17,-14,0.2,99,9.375,1021,95.125,0,0,-27,122,326,332,0.1,1,3.4,météo très défavorable
2012-02-14,-7,0,24,-14,-11,-7,0.1,98,8.75,1018,97.375,0,0,-20,122,326,230,0,1,3.4,météo très défavorable
2012-02-15,-6,0,19,-8,-10,-9,0,95,9,1005,83.875,0,0,-18,122,119,119,0,1,5.2,météo très défavorable
2012-02-16,-8,0,11,-11,-10,-8,0,91,9,1015,58.25,0,0,-14,119,116,116,0,1,6.9,météo très défavorable
2012-02-17,-6,0,25,-9,-7,-8,0,86,10,1016,26.75,0,0,-15,113,113,116,0,1,8.7,météo très défavorable
2012-02-18,-7,0,21,-10,-9,-8,0,90,10,1019,44.5,0,0,-17,119,116,113,0,1,9.7,météo très défavorable
2012-02-19,-4,0,41,-10,-9,-5,1.1,91,7.75,1017,73.625,0,0,-19,116,227,230,0,1,4.9,météo très défavorable
2012-02-20,-0,0,30,-5,-0,-1,1.6,93,5,1015,85.25,0,0,-7,230,230,230,0,1,4.9,météo très défavorable
2012-02-21,-1,0,41,-3,-1,-1,1.9,92,6.5,1015,81.625,0,0,-9,338,230,230,0.3,1,4.9,météo très défavorable
2012-02-22,-1,0,23,-3,-2,-1,0.2,88,9.625,1011,45.375,0,0,-8,116,113,116,0.1,1,9.9,météo très défavorable
2012-02-23,-0,0,13,0,0,0,5.3,98,4.75,996,99.75,0,0,-4,338,338,338,4.4,1,5,météo très défavorable
2012-02-24,-0,0,12,-2,-3,-5,0,87,10,995,60,0,0,-8,326,116,116,0,1,9.9,météo très défavorable
2012-02-25,-2,0,9,-5,-3,-3,0.1,89,10,995,66.125,0,0,-7,116,119,326,0,1,5,météo très défavorable
2012-02-26,-3,0,22,-6,-3,-4,0.1,91,9.375,1006,88.125,0,0,-10,119,326,332,0.1,1,5,météo très défavorable
2012-02-27,-4,0,15,-6,-5,-5,0.1,90,9.375,1016,94.875,0,0,-10,122,122,119,0.1,1,5.1,météo très défavorable
2012-02-28,-5,0,26,-7,-7,-5,0,91,10,1017,82,0,0,-15,122,116,122,0,1,5.1,météo très défavorable
2012-02-29,-2,0,14,-6,-3,-2,0.1,87,10,1012,82.375,0,0,-9,122,122,323,0,1,6.7,météo très défavorable
2012-03-01,1,0,12,-3,1,1,0,98,5.75,1013,85.125,1,1,-3,143,143,122,0,2,5.2,météo très défavorable
2012-03-02,1,0,25,0,0,1,5,97,6.625,1008,95.625,1,0,-5,296,338,230,2.2,1,5.4,météo très défavorable
2012-03-03,1,0,28,-1,0,-1,0.1,90,8.75,1024,32.375,1,0,-7,113,113,113,0,1,10.8,météo très défavorable
2012-03-04,-2,0,22,-4,-4,-3,0,88,10,1027,37.5,0,0,-10,116,116,113,0,2,10.9,météo très défavorable
2012-03-05,-4,0,24,-6,-5,-4,0.2,87,9.375,1028,80.875,0,0,-12,332,326,326,0.2,1,5.5,météo très défavorable
2012-03-06,-5,0,19,-7,-7,-5,0,87,10,1032,53.125,0,0,-14,326,116,113,0.1,1,10.1,météo très défavorable
2012-03-07,-5,0,6,-10,-8,-6,0,88,10,1033,34.875,0,0,-12,116,116,113,0,2,11,météo très défavorable
2012-03-08,-3,0,9,-10,-6,-3,0,90,10,1030,42.625,0,0,-9,116,116,116,0,2,11.1,météo très défavorable
2012-03-09,-2,0,22,-8,-5,-3,0,87,10,1031,34.25,0,0,-12,116,119,113,0,2,10.1,météo très défavorable
2012-03-10,-1,0,28,-4,-3,-1,2.5,93,6.75,1024,86.75,0,0,-10,338,230,338,1.3,2,5.6,météo très défavorable
2012-03-11,0,0,12,0,0,0,2.4,98,3.875,1008,95.625,0,0,-3,338,248,332,2,1,5.6,météo très défavorable
2012-03-12,2,0,31,0,1,1,0,92,10,1007,37.25,2,1,-5,122,113,113,0,2,11.3,météo très défavorable
2012-03-13,1,0,29,-1,0,0,2.6,96,7.375,1000,43.25,1,0,-6,113,230,230,0,1,8.7,météo très défavorable
2012-03-14,0,0,33,-2,-2,-1,0,86,9,1012,94.625,0,0,-10,122,122,227,0,1,5.9,météo très défavorable
2012-03-15,-1,0,13,-3,-3,-1,0,86,10,1021,75,0,0,-7,119,119,119,0,1,5.9,météo très défavorable
2012-03-16,1,0,22,-4,0,1,0.2,97,9.875,1019,75.875,1,1,-6,116,326,317,0,1,6,météo très défavorable
2012-03-17,1,0,26,0,0,1,0.2,96,10,1009,80.5,1,1,-6,119,119,122,0,1,6,météo très défavorable
2012-03-18,1,0,17,0,0,0,0.2,90,10,1011,51.75,1,1,-5,119,113,113,0,1,11.6,météo très défavorable
2012-03-19,1,0,27,0,1,1,4.5,97,8.375,1011,91.125,1,1,-5,317,320,338,0.5,2,6,météo très défavorable
2012-03-20,0,0,34,-1,0,0,0.1,90,8.75,1009,82.5,0,0,-7,119,230,116,0,1,6.1,météo très défavorable
2012-03-21,1,0,12,-2,-1,0,0,94,9,1020,61.5,1,0,-5,116,323,143,0,1,10.2,météo très défavorable
2012-03-22,1,0,10,0,1,1,0,98,3,1021,94.125,1,1,-2,119,248,248,0,1,6.3,météo très défavorable
2012-03-23,2,0,31,1,1,0,0,93,10,1023,71.875,2,1,-5,119,119,119,0,1,7.7,météo très défavorable
2012-03-24,0,0,19,-4,-1,0,2.1,93,8.375,1024,74,0,0,-7,116,332,338,1.9,2,6.4,météo très défavorable
2012-03-25,0,0,28,-4,-4,-1,0,87,10,1020,45.875,0,0,-12,122,113,113,0,1,11.6,météo très défavorable
2012-03-26,1,0,20,-2,-2,0,0,88,10,1022,54.25,1,0,-7,119,116,116,0,2,11.6,météo très défavorable
2012-03-27,1,0,15,0,0,1,1.5,95,4.5,1015,94,1,0,-4,248,119,143,1.3,1,6.5,météo très défavorable
2012-03-28,1,0,19,0,1,0,0,97,10,1013,88.625,1,1,-4,122,119,119,0,1,6.5,météo très défavorable
2012-03-29,2,0,7,1,1,2,0,90,5.5,994,92.375,2,1,-1,143,122,119,0,1,6.5,météo très défavorable
2012-03-30,0,0,8,0,0,0,0.1,94,5.375,995,90.375,1,0,-2,143,332,122,0.1,1,6.5,météo très défavorable
2012-03-31,-1,0,22,-4,-2,-2,0,77,10,998,74.5,0,0,-8,119,122,122,0,2,6.6,météo très défavorable
2012-04-01,-2,0,13,-7,-4,-2,0,87,9.875,999,16.875,0,0,-8,113,113,179,0,1,11.6,météo très défavorable
2012-04-02,2,0,22,-4,-0,1,1.3,83,9.625,992,54.875,2,0,-6,122,113,371,1.1,1,10.4,météo très défavorable
2012-04-03,0,0,9,-2,-1,-0,0.6,93,9,1007,81.5,0,0,-4,332,326,371,0.5,1,6.7,météo très défavorable
2012-04-04,1,0,30,-4,-1,0,0.6,85,8.375,1014,35.125,1,0,-7,113,230,371,0.4,1,10.4,météo très défavorable
2012-04-05,3,0,24,-3,0,2,0.3,84,9.625,1015,10.375,3,0,-6,113,113,371,0.2,1,11.6,météo très défavorable
2012-04-06,2,0,32,-1,1,2,1.8,86,8.625,1008,80.5,2,0,-5,116,230,317,0,1,6.9,météo très défavorable
2012-04-07,-0,0,12,-1,-0,-0,2.9,96,4,1003,100,0,0,-3,338,338,338,2.5,1,7,météo très défavorable
2012-04-08,-1,0,22,-3,-2,-1,2,87,6.375,1003,98.25,0,0,-7,338,332,338,1.7,1,7,météo très défavorable
2012-04-09,1,0,8,-3,-0,1,0,70,10,1011,17.625,1,0,-3,116,113,113,0,1,11.6,météo très défavorable
2012-04-10,3,0,17,-3,1,2,0,77,10,1018,25,3,0,-4,116,119,113,0,1,10.5,météo très défavorable
2012-04-11,4,0,22,-2,1,3,0,96,10,1015,44,4,4,-5,113,119,119,0,1,12.3,météo très défavorable
2012-04-12,4,0,19,1,2,4,0,100,8.75,1011,66.5,4,4,-3,116,119,119,0,1,10.2,météo très défavorable
2012-04-13,6,0,14,1,2,6,0,100,6.25,1006,82.375,6,6,-2,119,119,248,0,1,9.2,météo très défavorable
2012-04-14,4,0,20,3,4,4,0.4,94,9.875,1004,62.125,4,4,-1,176,122,116,0,1,12.4,météo très défavorable
2012-04-15,3,0,27,1,2,3,0,83,10,1017,38.125,3,1,-3,122,113,113,0,1,12.4,météo très défavorable
2012-04-16,3,0,27,-1,3,2,3.9,80,9.625,1018,63.375,3,1,-2,116,119,302,0,1,11.4,météo très défavorable
2012-04-17,2,0,26,2,2,2,4.1,95,8.25,1001,88,2,2,-5,302,122,326,0,1,9.3,météo très défavorable
2012-04-18,3,0,29,-0,2,3,0.1,80,10,1008,36.875,3,0,-3,113,323,113,0,1,11.4,météo très défavorable
2012-04-19,5,0,5,0,3,5,0,78,10,1016,16.875,5,1,2,113,116,116,0,1,14.5,météo très défavorable
2012-04-20,8,0,33,1,5,8,0.1,77,10,1014,50.125,8,5,-0,116,113,116,0,1,13.5,météo très défavorable
2012-04-21,6,0,12,5,6,5,1,92,8.625,1010,76.625,7,5,3,296,122,119,0,1,9.4,météo très défavorable
2012-04-22,8,0,10,2,6,8,0,85,10,1011,20.875,8,5,4,113,116,116,0,1,14.5,météo très défavorable
2012-04-23,8,0,17,3,7,8,0.3,90,8.875,1008,58.25,8,6,4,119,116,353,0,1,11.5,météo très défavorable
2012-04-24,6,0,10,4,4,3,2.5,91,7.625,1009,75.625,6,5,2,119,116,296,0,1,11.5,météo très défavorable
2012-04-25,6,0,8,3,5,6,0,89,9,1015,47.875,6,4,3,119,113,116,0,1,13.5,météo très défavorable
2012-04-26,7,0,11,5,5,7,4.6,97,9.625,1016,52.125,7,5,3,116,302,116,0,1,11.6,météo très défavorable
2012-04-27,9,0,17,6,7,8,2.7,93,9.25,1016,47.125,9,7,4,116,296,263,0,1,13.5,météo très défavorable
2012-04-28,8,0,24,5,8,8,0.3,80,9.875,1019,25.5,8,6,4,116,113,113,0,1,14.5,météo très défavorable
2012-04-29,7,0,19,4,6,6,0.6,68,9,1019,52,7,4,2,266,116,116,0,1,12.6,météo très défavorable
2012-04-30,7,0,6,3,5,7,0,70,10,1024,13,7,1,5,113,113,116,0,1,14.5,météo très défavorable
2012-05-01,6,0,36,4,5,6,0,61,10,1023,13.625,6,2,0,113,113,116,0,1,16,météo très défavorable
2012-05-02,8,0,24,3,6,7,0,60,10,1022,34.75,8,3,2,116,113,116,0,1,16.5,météo très défavorable
2012-05-03,5,0,32,3,5,5,0,68,10,1008,23.625,5,1,-1,113,116,113,0,1,16.5,météo très défavorable
2012-05-04,8,0,5,3,6,8,0,67,10,1011,32.5,9,0,6,113,116,113,0,1,16.6,météo très défavorable
2012-05-05,9,0,12,4,7,9,7.7,95,8.125,1006,80.875,9,7,4,302,302,116,0,1,13.3,météo très défavorable
2012-05-06,7,0,17,5,7,7,0,71,10,1011,22.75,7,6,4,113,113,116,0,1,16.7,météo très défavorable
2012-05-07,7,0,20,5,6,7,2.8,81,9.875,1017,58.625,7,5,3,353,116,116,0,1,15,météo très défavorable
2012-05-08,8,0,12,4,7,7,0,59,10,1023,29,8,1,5,113,113,113,0,1,16.8,météo très défavorable
2012-05-09,10,0,7,5,9,10,0,64,10,1025,13.125,10,4,8,113,113,113,0,1,16.8,météo très défavorable
2012-05-10,15,0,27,7,13,14,0,59,10,1024,27.5,15,8,10,113,113,116,0,1,16.9,météo très défavorable
2012-05-11,12,0,31,10,10,12,8.9,98,9.25,1019,72.25,12,11,7,356,302,119,0,1,12.7,météo très défavorable
2012-05-12,11,0,37,10,8,7,1.1,78,10,1007,79.5,11,11,4,122,116,122,0,1,14.3,météo très défavorable
2012-05-13,8,0,16,4,7,7,0.1,61,10,1022,19.25,8,3,4,116,113,113,0,1,17,météo très défavorable
2012-05-14,10,0,13,4,8,10,0,61,10,1024,5.5,10,3,6,113,113,113,0,1,17.1,météo très défavorable
2012-05-15,11,0,6,5,9,11,0,64,10,1023,9.875,11,4,9,113,113,113,0,1,17.1,météo très défavorable
2012-05-16,14,0,17,7,12,14,0,63,9.875,1018,39.5,15,8,10,116,113,116,0,1,17.1,météo très défavorable
2012-05-17,18,0,25,11,16,17,5.5,66,9.5,1012,26.5,18,10,16,356,113,113,0,1,17.2,météo favorable
2012-05-18,12,0,22,11,8,9,1.9,78,10,1019,45.125,12,11,5,353,116,113,0,1,15.9,météo très défavorable
2012-05-19,10,0,12,5,9,10,0,66,10,1025,15.625,10,4,7,113,116,113,0,1,17.3,météo très défavorable
2012-05-20,12,0,11,8,12,12,0,65,10,1023,5.5,12,6,11,113,113,113,0,1,17.3,météo très défavorable
2012-05-21,13,0,7,9,13,12,2.1,77,9.875,1021,8.875,13,11,13,113,113,176,0,1,17.4,météo très défavorable
2012-05-22,15,0,16,11,14,14,2.3,80,8.875,1021,20.75,15,11,12,386,113,113,0,1,17.4,météo très défavorable
2012-05-23,10,0,23,8,10,10,0,53,10,1031,2,10,4,7,113,113,113,0,1,17.4,météo très défavorable
2012-05-24,10,0,8,6,9,10,0,63,10,1034,13.625,10,3,9,113,113,116,0,1,17.4,météo très défavorable
2012-05-25,12,0,7,7,11,12,0,64,10,1032,5.875,12,4,11,113,113,113,0,1,17.4,météo très défavorable
2012-05-26,13,0,8,8,10,13,0.9,89,9.875,1024,52.375,13,8,9,296,119,116,0,1,15.4,météo très défavorable
2012-05-27,13,0,7,10,13,13,0,68,10,1020,37,13,8,13,116,116,116,0,1,17.4,météo très défavorable
2012-05-28,14,0,15,10,14,13,0,65,10,1013,21.25,14,8,12,113,113,113,0,1,17.4,météo très défavorable
2012-05-29,11,0,18,8,10,10,0.2,58,8.375,1007,38.375,11,8,8,263,113,113,0,1,16.2,météo très défavorable
2012-05-30,8,0,30,7,7,7,3.7,85,8.75,1007,76.375,8,6,3,296,296,266,0,1,14.5,météo très défavorable
2012-05-31,10,0,23,7,9,9,0,60,10,1010,34.5,10,5,6,113,113,113,0,1,16.8,météo très défavorable
2012-06-01,12,0,13,7,11,12,0,58,10,1011,34.125,12,6,10,113,116,116,0,1,17.4,météo très défavorable
2012-06-02,10,0,27,8,10,10,6.2,95,9.5,1005,70.75,10,9,7,296,302,353,0,1,14.5,météo très défavorable
2012-06-03,10,0,11,7,10,10,0.2,70,9.875,1005,26,10,6,9,116,116,176,0,1,17.4,météo très défavorable
2012-06-04,11,0,17,8,11,11,0,60,10,1006,6.375,11,5,9,113,113,113,0,1,17.4,météo très défavorable
2012-06-05,11,0,16,8,11,11,0,67,10,1010,13.5,11,6,10,113,113,113,0,1,17.4,météo très défavorable
2012-06-06,12,0,11,10,12,12,0,70,10,1011,31.25,12,7,11,116,113,116,0,1,17.4,météo très défavorable
2012-06-07,12,0,15,9,12,11,0,77,10,1010,13.875,12,8,9,113,116,113,0,1,17.4,météo très défavorable
2012-06-08,13,0,9,9,12,13,0,70,10,1008,62.375,13,8,12,116,119,119,0,1,15.2,météo très défavorable
2012-06-09,14,0,8,11,14,14,0,69,10,1009,29.75,14,10,13,113,113,119,0,1,16.3,météo très défavorable
2012-06-10,15,0,17,9,13,15,0.1,74,10,1010,25.875,15,9,12,113,113,116,0,1,17.4,météo très défavorable
2012-06-11,13,0,4,10,13,12,2.3,78,9.875,1010,41.875,13,11,13,113,116,293,0,1,15.8,météo très défavorable
2012-06-12,12,0,19,11,11,11,2.8,96,6.625,1001,93.875,12,11,9,266,266,122,0,1,14.1,météo très défavorable
2012-06-13,15,0,16,11,14,15,0.2,73,10,1007,24.125,15,11,13,116,113,113,0,1,17.4,météo très défavorable
2012-06-14,15,0,15,12,15,15,0,69,10,1015,6.125,15,10,15,113,113,113,0,1,17.4,météo très défavorable
2012-06-15,16,0,13,13,15,16,0.2,70,9.75,1017,33.5,17,11,15,116,116,176,0,1,17.4,météo très défavorable
2012-06-16,15,0,10,13,14,15,0.4,86,9,1016,75,15,12,13,266,122,113,0,1,15.2,météo très défavorable
2012-06-17,17,0,29,13,15,17,1.1,82,9.375,1015,45.75,17,13,14,116,263,353,0,1,15.8,météo très défavorable
2012-06-18,15,0,35,11,14,15,0,79,10,1015,46.125,15,11,12,122,113,113,0,1,16.9,météo très défavorable
2012-06-19,17,0,18,12,16,16,0.8,79,9.875,1015,38.875,17,13,16,116,176,353,0,1,16.3,météo très défavorable
2012-06-20,14,0,36,12,13,14,0,69,10,1015,9.75,14,11,11,113,113,113,0,1,17.4,météo très défavorable
2012-06-21,15,0,28,12,14,15,0,61,10,1019,9.75,15,10,13,113,116,113,0,1,17.4,météo très défavorable
2012-06-22,17,0,11,13,16,17,0,65,10,1021,7.875,17,10,16,113,113,113,0,1,17.4,météo très défavorable
2012-06-23,17,0,25,12,17,16,0.8,62,9.875,1020,37,18,12,17,113,113,296,0,1,16.3,météo très défavorable
2012-06-24,14,0,22,13,13,12,4,95,8.75,1009,88.125,14,13,11,119,266,296,0,1,14.2,météo très défavorable
2012-06-25,16,0,21,12,16,15,2.5,85,9.75,1010,43.75,16,14,15,116,113,299,0,1,16.3,météo très défavorable
2012-06-26,16,0,6,12,16,16,2.4,75,10,1004,25.5,16,13,16,113,116,353,0,1,17.4,météo très défavorable
2012-06-27,16,0,19,13,15,16,0.4,76,10,1000,42.375,16,12,15,116,122,113,0,1,16.3,météo très défavorable
2012-06-28,15,0,26,12,13,15,0.1,66,10,1010,32.875,15,11,11,119,116,113,0,1,16.9,météo très défavorable
2012-06-29,15,0,15,12,15,15,1,63,10,1018,23.875,15,9,15,353,113,113,0,1,16.9,météo très défavorable
2012-06-30,18,0,12,12,16,18,0,60,10,1021,8.25,18,10,16,113,113,113,0,1,17.4,météo favorable
2012-07-01,19,0,18,14,17,19,0.5,86,10,1015,47.5,19,14,17,353,116,113,0,1,16.3,météo favorable
2012-07-02,17,0,17,16,17,17,5.6,97,9.625,1017,35.375,17,16,17,116,302,113,0,1,16.3,météo très défavorable
2012-07-03,17,0,20,14,17,17,0,73,10,1021,10,17,12,17,113,113,113,0,1,17.4,météo très défavorable
2012-07-04,19,0,5,15,18,19,0,71,10,1023,14.125,19,13,18,113,113,116,0,1,17.4,météo favorable
2012-07-05,20,0,14,15,18,19,0,68,10,1023,34.25,20,12,18,116,116,113,0,1,16.3,météo favorable
2012-07-06,20,0,16,14,20,20,0,60,10,1023,17.125,20,12,20,116,113,113,0,1,17.4,météo favorable
2012-07-07,21,0,9,16,20,20,0,61,10,1022,10,21,13,20,113,113,113,0,1,17.4,météo favorable
2012-07-08,22,0,14,16,21,20,12.9,69,9.25,1017,21.625,24,18,21,113,113,356,0,1,17.4,météo très défavorable
2012-07-09,19,0,26,16,19,18,3.7,75,9.875,1006,38.125,19,17,18,353,113,113,0,1,16.3,météo favorable
2012-07-10,19,0,15,16,19,19,0,69,10,1010,14.25,20,15,19,113,113,113,0,1,17.4,météo favorable
2012-07-11,18,0,20,15,18,18,2.2,76,9.875,1011,35.125,18,14,18,176,116,116,0,1,16.8,météo favorable
2012-07-12,21,0,13,15,20,21,0,62,10,1012,25.25,21,13,20,113,116,116,0,1,17.4,météo favorable
2012-07-13,18,0,18,16,16,16,1.7,91,9.25,1006,58.75,18,15,16,119,296,263,0,1,14.8,météo très défavorable
2012-07-14,18,0,19,14,17,17,1.7,69,9.875,1009,51,18,13,17,113,119,176,0,1,15.5,météo très défavorable
2012-07-15,17,0,21,13,16,17,1.4,88,9.75,1007,46.75,17,14,16,116,293,353,0,1,16.1,météo très défavorable
2012-07-16,16,0,42,14,15,16,5.6,94,9.625,1003,97.5,16,14,13,353,353,302,0,1,13.5,météo très défavorable
2012-07-17,17,0,31,14,17,17,0.8,69,10,1005,48.375,17,12,17,119,116,113,0,1,16.1,météo très défavorable
2012-07-18,15,0,26,14,15,15,2.2,79,9.875,1005,63.875,15,12,14,116,353,296,0,1,14.8,météo très défavorable
2012-07-19,18,0,32,14,16,18,7.7,77,9.375,997,58.125,18,13,16,302,296,113,0,1,15.4,météo très défavorable
2012-07-20,18,0,16,15,18,18,0.1,71,10,1001,8.75,18,13,18,113,113,113,0,1,17.4,météo favorable
2012-07-21,18,0,19,15,18,18,5.4,72,9.5,1010,19.5,18,13,18,176,356,116,0,1,17.4,météo très défavorable
2012-07-22,17,0,21,14,17,16,0.8,68,9.875,1019,14.375,17,12,17,176,113,113,0,1,17.3,météo très défavorable
2012-07-23,16,0,33,14,16,15,2.2,86,9.875,1019,69.875,16,14,15,116,353,296,0,1,13.7,météo très défavorable
2012-07-24,17,0,30,15,16,17,1.5,94,7,1018,94.625,17,16,16,266,266,119,0,1,12.9,météo très défavorable
2012-07-25,21,0,24,16,19,21,0,81,10,1019,61.625,21,16,19,122,119,113,0,1,15.2,météo très défavorable
2012-07-26,20,0,8,16,20,20,0.5,70,9,1018,34.875,20,15,20,116,113,113,0,1,16.6,météo favorable
2012-07-27,20,0,5,16,20,20,0,72,10,1017,26.375,20,15,20,113,116,116,0,1,17.1,météo favorable
2012-07-28,22,0,10,16,22,22,0,68,10,1017,29.875,25,15,21,113,113,116,0,1,16.6,météo favorable
2012-07-29,21,0,23,18,21,21,25.7,86,8,1015,14.875,21,18,21,356,356,356,0,1,17,météo très défavorable
2012-07-30,24,0,16,20,24,23,8.3,64,9.5,1013,14.625,26,18,24,113,113,356,0,1,17,météo très défavorable
2012-07-31,19,0,17,18,18,18,0.1,89,9,1016,39.375,19,17,17,143,119,113,0,1,15.8,météo très défavorable
2012-08-01,17,0,15,16,17,14,3.1,87,9.875,1018,44.5,17,14,13,116,353,176,0,1,15.8,météo très défavorable
2012-08-02,18,0,23,15,17,18,0,67,10,1021,10.5,19,12,17,113,113,113,0,1,16.8,météo favorable
2012-08-03,21,0,12,15,20,21,0,68,10,1021,7.25,24,14,20,113,113,113,0,1,16.8,météo favorable
2012-08-04,19,0,16,17,19,19,4.1,90,9.5,1013,39.125,19,17,19,356,176,113,0,1,16.6,météo favorable
2012-08-05,19,0,23,16,19,19,0,72,10,1014,14.625,19,14,19,113,113,113,0,1,16.7,météo favorable
2012-08-06,20,0,17,16,19,20,0.8,77,9.25,1015,26.75,20,17,19,113,113,263,0,1,16.6,météo favorable
2012-08-07,20,0,19,17,20,19,4.6,85,9.875,1009,57.125,20,17,20,176,353,353,0,1,14.8,météo très défavorable
2012-08-08,21,0,18,16,20,21,2.7,71,10,1015,55.875,22,14,20,305,299,176,0,1,14.7,météo très défavorable
2012-08-09,14,0,22,12,13,14,0.2,68,10,1017,62.125,14,9,12,116,116,116,0,1,16.1,météo très défavorable
2012-08-10,13,0,15,9,12,13,0,69,10,1020,61.25,13,9,11,116,116,119,0,1,14.7,météo très défavorable
2012-08-11,15,0,14,11,14,15,0,60,10,1021,48,15,9,13,119,116,113,0,1,16,météo très défavorable
2012-08-12,15,0,7,10,14,15,0,53,10,1024,17.25,16,7,14,113,113,116,0,1,15.9,météo très défavorable
2012-08-13,18,0,12,12,16,18,0,61,10,1027,2.875,18,10,16,113,113,113,0,1,15.9,météo favorable
2012-08-14,20,0,28,13,19,20,0,62,10,1025,1.625,20,13,19,113,113,113,0,1,14.5,météo favorable
2012-08-15,20,0,20,14,19,20,0,62,10,1020,3.75,20,12,19,113,113,113,0,1,14.5,météo favorable
2012-08-16,19,0,14,15,19,19,0,69,10,1017,34,19,14,19,113,116,119,0,1,13.5,météo favorable
2012-08-17,19,0,9,15,18,19,2.1,76,9.875,1017,63.75,19,15,19,353,116,176,0,1,12.5,météo très défavorable
2012-08-18,19,0,16,16,19,18,0,71,10,1016,19.25,19,14,19,113,113,113,0,1,14.5,météo favorable
2012-08-19,17,0,24,15,17,17,0.2,87,9.375,1014,37.375,17,15,17,116,119,263,0,1,13.5,météo très défavorable
2012-08-20,15,0,26,12,12,15,1.6,73,8.875,1021,58.375,15,14,10,266,116,113,0,1,11.5,météo très défavorable
2012-08-21,15,0,6,10,14,15,0,57,10,1023,10.375,16,6,14,113,113,113,0,1,14.5,météo très défavorable
2012-08-22,16,0,21,10,16,16,0,66,10,1016,26,17,11,16,113,113,113,0,1,14.5,météo très défavorable
2012-08-23,15,0,25,14,15,15,7.7,92,9,1001,98.25,15,13,13,389,302,296,0,1,9.3,météo très défavorable
2012-08-24,16,0,17,14,16,16,0.9,77,10,1006,37.875,16,13,16,353,116,113,0,1,13.5,météo très défavorable
2012-08-25,16,0,9,13,14,16,1.2,87,10,1007,72.5,17,13,14,353,122,353,0,1,10.3,météo très défavorable
2012-08-26,18,0,4,13,17,18,0.1,77,10,1010,34.875,18,13,17,116,113,113,0,1,13.4,météo favorable
2012-08-27,17,0,12,14,16,17,5.4,86,8.875,1009,54,17,14,16,389,116,113,0,1,12.4,météo très défavorable
2012-08-28,16,0,19,13,16,16,0,80,10,1014,51.125,16,13,16,116,116,119,0,1,12.4,météo très défavorable
2012-08-29,16,0,17,14,16,16,0.6,76,9,1021,82.5,16,13,16,353,116,122,0,1,11.3,météo très défavorable
2012-08-30,17,0,10,12,16,16,0,69,10,1024,18.25,17,11,16,116,113,113,0,1,14.5,météo très défavorable
2012-08-31,14,0,11,9,13,14,0,61,10,1025,15.625,14,9,12,113,113,116,0,1,14.5,météo très défavorable
2012-09-01,14,0,19,7,12,14,0,63,10,1027,40,14,6,10,113,119,116,0,1,12.3,météo très défavorable
2012-09-02,15,0,28,10,15,15,7.9,94,8,1021,80.25,16,14,14,302,353,263,0,1,8.2,météo très défavorable
2012-09-03,16,0,27,15,16,16,5.6,91,9.625,1015,69.5,16,14,16,353,353,356,0,1,8.1,météo très défavorable
2012-09-04,16,0,22,13,15,15,1.5,69,9.875,1012,16.25,16,12,13,113,113,113,0,1,11.6,météo très défavorable
2012-09-05,17,0,33,14,16,16,0.7,82,9,1009,44.5,17,13,16,266,119,113,0,1,9.2,météo très défavorable
2012-09-06,15,0,23,13,14,14,0.7,72,9.75,1006,32.875,15,11,12,176,176,116,0,1,11.6,météo très défavorable
2012-09-07,12,0,24,11,11,10,3.9,85,9.75,1005,68,12,8,8,176,353,296,0,1,6.7,météo très défavorable
2012-09-08,12,0,26,9,12,12,4,68,9.875,999,59.125,12,7,9,353,353,176,0,1,10.4,météo très défavorable
2012-09-09,14,0,31,9,12,13,2.9,63,9.375,1013,35.625,14,7,10,389,113,176,0,1,11.6,météo très défavorable
2012-09-10,13,0,13,10,13,13,0,69,10,1019,67,13,10,12,119,119,122,0,1,6.6,météo très défavorable
2012-09-11,18,0,19,11,16,17,1.4,65,9.875,1017,38.125,18,13,16,116,113,353,0,1,10.3,météo favorable
2012-09-12,20,0,17,14,18,19,4.3,76,9.5,1008,13.75,20,14,18,176,113,356,0,1,11.6,météo favorable
2012-09-13,15,0,16,13,15,14,0.1,76,10,1010,54.625,15,14,13,113,116,116,0,1,10.3,météo très défavorable
2012-09-14,14,0,23,12,12,14,0.8,83,9.875,1011,73.125,14,10,10,293,119,116,0,1,9,météo très défavorable
2012-09-15,13,0,35,11,13,13,0.8,89,9,1002,83.125,13,12,10,119,266,353,0,1,6.5,météo très défavorable
2012-09-16,15,0,22,11,14,15,0,69,10,1010,29.5,15,11,12,113,113,116,0,1,11.6,météo très défavorable
2012-09-17,15,0,29,12,15,15,0,80,10,1012,70.5,15,11,13,119,119,122,0,1,6.4,météo très défavorable
2012-09-18,16,0,17,13,15,15,0,80,10,1013,41.5,16,12,15,116,116,119,0,1,10.3,météo très défavorable
2012-09-19,18,0,25,12,16,17,0,77,10,1011,50,18,12,16,113,116,116,0,1,10.3,météo favorable
2012-09-20,14,0,24,11,13,13,0.8,78,9.875,1015,67.375,14,12,10,116,119,116,0,1,7.6,météo très défavorable
2012-09-21,12,0,29,10,12,12,0.8,76,9.875,1020,26.5,12,8,10,113,116,176,0,1,11.6,météo très défavorable
2012-09-22,14,0,16,9,12,13,0.1,72,10,1021,55.5,14,9,11,122,116,122,0,1,10.3,météo très défavorable
2012-09-23,11,0,9,9,10,11,9.7,93,8.25,1012,99,11,10,9,296,296,302,0,1,6.2,météo très défavorable
2012-09-24,11,0,8,9,10,11,2.1,79,9.875,1001,79.125,11,9,10,122,119,116,0,1,7.4,météo très défavorable
2012-09-25,10,0,17,9,10,9,0.2,82,10,1011,87.375,10,9,7,119,119,119,0,1,6,météo très défavorable
2012-09-26,12,0,11,8,10,11,0.1,77,10,1015,69.625,12,7,9,122,119,113,0,1,8.8,météo très défavorable
2012-09-27,16,0,32,9,14,16,0,82,10,1014,49.375,16,13,12,116,116,119,0,1,8.7,météo très défavorable
2012-09-28,14,0,29,13,13,13,0.9,86,10,1004,89,14,13,10,119,353,353,0,1,5.7,météo très défavorable
2012-09-29,12,0,23,12,12,12,0.7,82,10,1013,69.875,12,10,9,122,353,113,0,1,8.6,météo très défavorable
2012-09-30,11,0,20,10,11,11,5.8,92,9.75,1012,72,11,9,8,116,353,299,0,1,5.7,météo très défavorable
2012-10-01,13,0,22,10,12,12,0.5,77,10,1018,58,13,10,9,113,119,119,0,1,7.1,météo très défavorable
2012-10-02,14,0,21,11,12,13,0.6,80,8.875,1018,54.875,14,10,10,176,116,119,0,1,10.1,météo très défavorable
2012-10-03,13,0,13,11,12,13,1.3,87,8.875,1017,65.5,13,11,11,143,116,116,0,1,10.1,météo très défavorable
2012-10-04,12,0,10,9,10,12,0.5,89,9.375,1015,51.5,12,10,9,122,263,116,0,1,8.6,météo très défavorable
2012-10-05,13,0,33,11,12,12,0.4,87,9.375,1008,72,13,11,10,119,122,263,0,1,7,météo très défavorable
2012-10-06,10,0,22,8,9,10,0.9,83,8.875,998,58,10,7,7,116,119,176,0,1,7,météo très défavorable
2012-10-07,12,0,27,7,10,11,1.6,77,10,1000,56.5,12,7,7,116,116,353,0,1,7,météo très défavorable
2012-10-08,9,0,22,8,8,8,0.3,82,8.875,1001,77.875,9,7,5,119,119,266,0,1,5.4,météo très défavorable
2012-10-09,9,0,23,7,8,9,0.1,83,10,999,98.25,9,7,5,122,122,122,0,1,5.4,météo très défavorable
2012-10-10,8,0,11,7,7,6,4,87,8.75,998,98.625,8,6,5,296,122,296,0,1,5.4,météo très défavorable
2012-10-11,8,0,7,6,7,8,0.6,81,8,1008,94.25,8,5,6,266,266,122,0,1,5.4,météo très défavorable
2012-10-12,7,0,7,6,7,7,0.1,78,10,1015,80.25,7,4,6,122,122,116,0,1,8.5,météo très défavorable
2012-10-13,7,0,10,6,7,7,0.8,73,10,1016,64.75,7,3,5,353,116,353,0,1,8.5,météo très défavorable
2012-10-14,7,0,16,4,6,6,0,78,10,1015,15,7,3,3,113,113,113,0,1,8.7,météo très défavorable
2012-10-15,9,0,17,5,7,9,1,89,7,1015,84.75,9,8,4,266,266,266,0,1,3.8,météo très défavorable
2012-10-16,11,0,32,9,10,11,0.8,90,8,1014,77.5,12,9,6,266,266,116,0,1,3.8,météo très défavorable
2012-10-17,10,0,26,8,10,10,1.8,92,8.875,1015,73.375,10,9,7,116,296,266,0,1,3.8,météo très défavorable
2012-10-18,10,0,28,9,10,10,0,82,10,1018,64.375,10,7,7,116,116,119,0,1,8.7,météo très défavorable
2012-10-19,13,0,35,9,12,12,1,86,9.875,1017,78.25,13,11,8,119,116,296,0,1,5.4,météo très défavorable
2012-10-20,11,0,14,11,10,9,4.9,84,9,1023,84.75,11,11,8,263,119,122,0,1,3.7,météo très défavorable
2012-10-21,9,0,19,9,9,7,9.7,94,7.25,1020,85.5,9,8,4,308,266,119,0,1,5.3,météo très défavorable
2012-10-22,6,0,14,4,4,4,0.8,70,9.875,1030,25.375,6,4,1,113,113,113,0,1,8.7,météo très défavorable
2012-10-23,5,0,11,3,4,5,0.3,82,9,1030,74,5,3,2,113,122,266,0,1,3.5,météo très défavorable
2012-10-24,8,0,39,6,7,7,4.1,84,7.625,1021,86.625,8,5,2,266,266,302,0,1,3.5,météo très défavorable
2012-10-25,5,0,8,3,4,3,0.4,63,9.25,1005,37.625,5,1,2,116,371,371,0.3,1,8.7,météo très défavorable
2012-10-26,2,0,26,2,2,1,1.4,76,8.375,989,51.5,2,0,-4,116,371,230,0.1,1,6.9,météo très défavorable
2012-10-27,3,0,19,0,2,2,0.2,66,9.875,1006,30.25,3,0,-3,179,113,113,0,1,8.7,météo très défavorable
2012-10-28,1,0,9,1,1,0,0,85,10,1009,48.25,1,0,-2,116,113,116,0,1,8.7,météo très défavorable
2012-10-29,3,0,18,2,3,2,0.4,77,9.25,1016,54.875,3,0,-2,323,371,371,0.4,1,3.4,météo très défavorable
2012-10-30,1,0,31,-1,0,0,0,74,10,1017,67.25,1,0,-6,113,116,122,0,1,6.9,météo très défavorable
2012-10-31,4,0,22,-2,2,3,2.1,82,8,1006,94,4,2,-2,122,338,122,1.7,1,3.3,météo très défavorable
2012-11-01,5,0,26,5,3,2,0,89,10,1017,46,5,3,-2,116,116,116,0,1,8.7,météo très défavorable
2012-11-02,5,0,37,1,5,4,1.1,90,9.875,1016,76.5,5,3,-1,119,122,296,0,1,3.3,météo très défavorable
2012-11-03,7,0,18,3,3,5,3.2,93,7.75,1006,100,7,6,-1,266,296,296,0,1,3.3,météo très défavorable
2012-11-04,6,0,11,5,5,5,0.3,89,9,1002,87.875,6,5,2,119,119,266,0,1,3.2,météo très défavorable
2012-11-05,5,0,17,5,4,4,0.6,87,8,1007,66.875,5,4,1,113,116,266,0,1,5,météo très défavorable
2012-11-06,4,0,21,3,4,4,6.7,90,8.375,990,97.625,4,3,0,296,266,317,0,1,3.1,météo très défavorable
2012-11-07,6,0,39,5,4,6,3.5,74,8.5,987,91.125,6,2,-2,122,317,353,0,1,3,météo très défavorable
2012-11-08,5,0,21,3,4,5,1.3,72,9.5,999,48.125,5,1,-1,371,113,119,0.2,1,6.8,météo très défavorable
2012-11-09,4,0,19,2,2,2,0.2,64,9.625,1014,23.375,4,0,-3,329,113,113,0.1,1,8,météo très défavorable
2012-11-10,2,0,22,1,2,1,0,78,10,1023,30.625,2,0,-3,116,116,113,0,1,8,météo très défavorable
2012-11-11,3,0,31,1,2,3,0,84,10,1021,66.125,3,2,-4,113,119,119,0,1,6.8,météo très défavorable
2012-11-12,7,0,36,4,7,7,4.8,89,9.625,1009,82.125,7,5,2,302,116,353,0,1,4.9,météo très défavorable
2012-11-13,6,0,33,6,3,2,0,74,10,1023,42.375,6,3,-2,119,116,113,0,1,7.8,météo très défavorable
2012-11-14,8,0,28,6,6,7,1.1,95,9.875,1022,85.75,8,7,2,122,296,122,0,1,2.9,météo très défavorable
2012-11-15,8,0,24,7,7,5,6,97,8.5,1013,91,8,7,1,296,302,116,0,1,1.8,météo très défavorable
2012-11-16,6,0,18,5,5,5,0,83,10,1016,42.5,6,4,1,113,113,116,0,1,5.8,météo très défavorable
2012-11-17,7,0,22,6,7,6,0.1,95,10,1019,87.375,7,6,3,119,122,122,0,1,1.8,météo très défavorable
2012-11-18,6,0,24,3,4,3,0,87,10,1018,73.25,6,5,-1,119,119,119,0,1,1.8,météo très défavorable
2012-11-19,6,0,28,3,5,5,0.4,89,9,1017,87,6,4,0,122,266,116,0,1,1.8,météo très défavorable
2012-11-20,5,0,35,5,5,4,0.3,85,9,1023,89.875,5,3,-1,266,122,119,0,1,1.8,météo très défavorable
2012-11-21,6,0,28,5,5,4,0,90,10,1029,74,6,4,0,122,119,116,0,1,1.8,météo très défavorable
2012-11-22,5,0,24,4,5,4,0.3,87,10,1030,68.75,5,3,0,116,119,353,0,1,1.8,météo très défavorable
2012-11-23,5,0,24,4,4,5,0.3,91,10,1023,98.5,5,4,-0,122,122,122,0,1,1.7,météo très défavorable
2012-11-24,5,0,13,5,5,5,0.6,93,9,1023,92.125,5,4,2,122,266,122,0,1,1.7,météo très défavorable
2012-11-25,4,0,14,4,4,3,1.6,89,8.875,1022,96.625,4,3,0,122,266,317,0,1,1.7,météo très défavorable
2012-11-26,4,0,9,1,3,3,0,90,10,1015,92.375,4,2,0,326,119,119,0,1,1.7,météo très défavorable
2012-11-27,3,0,14,1,2,1,0.1,86,10,1018,68.125,3,1,-2,113,116,119,0,1,3.8,météo très défavorable
2012-11-28,1,0,32,-0,-1,-2,0,77,10,1018,50.5,1,0,-8,116,122,116,0,1,3.7,météo très défavorable
2012-11-29,-2,0,41,-4,-4,-5,0.9,89,6.25,1015,97.375,0,0,-13,230,230,230,0,1,1.7,météo très défavorable
2012-11-30,-5,0,54,-6,-7,-7,4,94,5,1010,100,0,0,-18,230,230,230,0,1,1.7,météo très défavorable
2012-12-01,-7,0,11,-8,-8,-8,0.4,84,8.125,1007,89.625,0,0,-13,122,332,119,0.2,1,1.7,météo très défavorable
2012-12-02,-0,0,9,-6,-3,-0,0.2,90,8.375,1012,85.375,0,0,-4,116,122,332,0.2,1,1.7,météo très défavorable
2012-12-03,-1,0,15,-4,-2,-2,0.5,89,8.375,1013,98.75,0,0,-7,122,338,332,0.5,1,1.7,météo très défavorable
2012-12-04,-3,0,10,-4,-4,-3,0,92,10,1006,98.875,0,0,-8,122,122,122,0,1,1.6,météo très défavorable
2012-12-05,-2,0,8,-4,-4,-4,0,85,10,1005,72.25,0,0,-8,119,119,116,0,1,1.6,météo très défavorable
2012-12-06,-3,0,20,-4,-3,-3,0.1,91,9.375,1013,92.25,0,0,-10,122,122,332,0.1,1,1.6,météo très défavorable
2012-12-07,-2,0,27,-5,-3,-3,2.2,92,6.75,1014,95.5,0,0,-10,338,230,338,0.8,1,1.6,météo très défavorable
2012-12-08,-3,0,7,-3,-4,-4,3,93,6.375,1015,100,0,0,-7,326,338,338,2.6,1,1.6,météo très défavorable
2012-12-09,-1,0,13,-1,-3,-4,0.5,91,8.375,1023,97.75,0,0,-8,332,326,338,0.4,1,1.6,météo très défavorable
2012-12-10,-4,0,18,-8,-9,-6,0.4,89,9,1028,61.625,0,0,-16,113,113,122,0.3,1,3.7,météo très défavorable
2012-12-11,0,0,24,-5,-3,-1,1.3,94,6.75,1025,94.625,0,0,-10,230,338,338,1,1,1.5,météo très défavorable
2012-12-12,0,0,23,-1,-0,-6,0.2,93,9.375,1023,86.25,0,0,-8,122,332,326,0.1,1,1.5,météo très défavorable
2012-12-13,-5,0,27,-8,-7,-5,1,92,8.75,1023,90.75,0,0,-15,116,230,122,0,1,1.5,météo très défavorable
2012-12-14,-4,0,29,-4,-5,-5,0.1,91,9,1035,88.5,0,0,-13,227,122,119,0,1,1.5,météo très défavorable
2012-12-15,-6,0,34,-8,-10,-11,0,99,9,1036,69.75,0,0,-20,116,227,119,0,1,3.6,météo très défavorable
2012-12-16,-8,0,41,-11,-9,-9,0,95,10,1034,49.75,0,0,-20,116,116,116,0,1,5.6,météo très défavorable
2012-12-17,-9,0,35,-10,-11,-10,0,85,10,1032,55.75,0,0,-21,119,122,113,0,1,1.4,météo très défavorable
2012-12-18,-10,0,28,-13,-14,-15,0,99,10,1036,41.5,0,0,-24,113,116,122,0,1,3.6,météo très défavorable
2012-12-19,-16,0,24,-16,-16,-17,0,100,10,1038,89.875,0,0,-27,119,119,122,0,1,1.4,météo très défavorable
2012-12-20,-11,0,19,-14,-11,-13,0.1,99,9.375,1038,99.625,0,0,-23,332,122,122,0.1,1,1.4,météo très défavorable
2012-12-21,-11,0,18,-11,-12,-12,0.2,94,9.375,1037,86.375,0,0,-20,122,122,116,0.2,1,1.4,météo très défavorable
2012-12-22,-13,0,22,-14,-15,-15,0,98,10,1038,53.5,0,0,-25,119,116,116,0,1,5.8,météo très défavorable
2012-12-23,-13,0,18,-14,-15,-15,0,92,10,1039,68.875,0,0,-23,122,116,119,0,1,3.6,météo très défavorable
2012-12-24,-13,0,32,-14,-15,-14,0.1,90,8.75,1032,90.875,0,0,-26,119,122,230,0,1,1.5,météo très défavorable
2012-12-25,-5,0,21,-12,-11,-8,1.8,94,7.75,1010,100,0,0,-20,332,326,338,1.6,1,1.5,météo très défavorable
2012-12-26,-1,0,14,-5,-9,-8,1.1,93,6.125,1003,91.625,0,0,-15,332,122,143,0.9,1,1.5,météo très défavorable
2012-12-27,1,0,23,-4,1,0,0.8,97,9,1001,90.25,1,0,-5,338,119,122,0.6,1,1.5,météo très défavorable
2012-12-28,-0,0,31,-1,-1,-4,2.5,96,5.75,1003,99.5,0,0,-9,338,338,230,2,1,1.5,météo très défavorable
2012-12-29,-6,0,22,-7,-6,-8,0,94,8,1020,45.875,0,0,-13,122,116,113,0,1,5.8,météo très défavorable
2012-12-30,-3,0,23,-6,-5,-4,0,86,10,1019,71.375,0,0,-13,116,119,122,0,1,1.5,météo très défavorable
2012-12-31,1,0,24,-3,1,0,2.8,97,8.375,1005,94.875,1,0,-5,338,119,332,2.4,1,1.5,météo très défavorable
2013-01-01,1,0,26,-0,0,1,4.5,98,9.625,1003,96.25,1,1,-5,317,296,296,0,1,1.5,météo très défavorable
2013-01-02,1,0,16,0,0,1,6.7,97,7.375,1004,96.25,1,0,-5,266,317,338,0.3,1,1.5,météo très défavorable
2013-01-03,1,0,14,1,-0,-0,1.4,97,5.75,1004,91.5,1,0,-4,338,332,326,1.2,1,1.5,météo très défavorable
2013-01-04,-1,0,9,-5,-2,-2,0.4,96,3,1006,79.25,0,0,-6,143,143,338,0.3,1,1.5,météo très défavorable
2013-01-05,-2,0,18,-2,-4,-5,1.1,93,8,1016,77,0,0,-10,338,116,116,1,1,5.8,météo très défavorable
2013-01-06,-4,0,17,-6,-5,-4,0,93,10,1023,83.375,0,0,-11,122,119,119,0,1,1.5,météo très défavorable
2013-01-07,-5,0,7,-7,-7,-9,0,98,4.75,1027,72.25,0,0,-11,143,119,143,0,1,1.5,météo très défavorable
2013-01-08,-5,0,18,-6,-6,-6,0,91,9,1027,84.75,0,0,-13,116,122,122,0,1,1.6,météo très défavorable
2013-01-09,-2,0,28,-7,-5,-2,1.2,95,6.5,1019,91.75,0,0,-12,119,230,338,0.8,1,1.7,météo très défavorable
2013-01-10,-2,0,15,-4,-4,-6,0.1,95,6.375,1006,95.5,0,0,-9,143,143,122,0.1,1,1.7,météo très défavorable
2013-01-11,-7,0,25,-8,-9,-8,0,92,10,1019,88.125,0,0,-18,122,119,119,0,1,1.7,météo très défavorable
2013-01-12,-10,0,7,-15,-14,-12,0,95,5,1023,48.625,0,0,-19,143,143,143,0,1,5.8,météo très défavorable
2013-01-13,-7,0,12,-7,-8,-8,0,95,7,1023,64.25,0,0,-13,119,116,143,0,1,1.7,météo très défavorable
2013-01-14,-3,0,20,-4,-3,-4,0,90,9,1022,51.75,0,0,-10,119,116,116,0,1,3.8,météo très défavorable
2013-01-15,-5,0,6,-6,-6,-6,0,96,9,1021,77.125,0,0,-9,119,119,143,0,1,1.7,météo très défavorable
2013-01-16,-6,0,13,-7,-7,-7,0.2,94,8.375,1020,93.375,0,0,-12,332,326,119,0.2,1,1.7,météo très défavorable
2013-01-17,-8,0,18,-10,-12,-12,0,95,10,1025,68.25,0,0,-20,119,116,116,0,1,5.8,météo très défavorable
2013-01-18,-13,0,16,-16,-16,-15,0,95,10,1025,30.5,0,0,-24,116,116,116,0,1,5.8,météo très défavorable
2013-01-19,-10,0,16,-18,-12,-12,0,92,7.75,1018,14.25,0,0,-20,260,113,113,0,1,5.8,météo très défavorable
2013-01-20,-8,0,8,-9,-9,-12,0.5,98,3.25,1006,74.625,0,0,-15,338,260,260,0.4,1,3.8,météo très défavorable
2013-01-21,-7,0,17,-7,-7,-11,0.1,92,7.375,1013,67.875,0,0,-13,332,119,113,0.1,1,3.8,météo très défavorable
2013-01-22,-6,0,19,-6,-7,-7,0,92,10,1012,44.625,0,0,-14,119,113,116,0,1,5.8,météo très défavorable
2013-01-23,-5,0,11,-8,-11,-6,0,96,7,1009,68.375,0,0,-15,119,143,326,0,1,3.8,météo très défavorable
2013-01-24,-7,0,21,-9,-8,-10,0.1,93,7.375,1012,64.25,0,0,-16,116,119,119,0.1,1,1.8,météo très défavorable
2013-01-25,-6,0,23,-12,-10,-6,0.1,95,8.375,1015,64.875,0,0,-17,116,119,332,0.1,1,1.9,météo très défavorable
2013-01-26,-4,0,26,-7,-7,-4,0,93,10,1015,78.75,0,0,-15,119,116,122,0,1,3.9,météo très défavorable
2013-01-27,-6,0,27,-10,-10,-10,0,85,10,1015,52.875,0,0,-20,116,116,116,0,1,5.8,météo très défavorable
2013-01-28,-9,0,27,-12,-11,-10,0,92,10,1012,60.125,0,0,-21,116,122,122,0,1,2,météo très défavorable
2013-01-29,-3,0,20,-7,-6,-4,0.1,94,9.375,1009,95.75,0,0,-12,326,332,122,0.1,1,2,météo très défavorable
2013-01-30,-2,0,28,-4,-5,-3,0.1,89,9.375,1009,82.875,0,0,-13,332,122,122,0.1,1,2,météo très défavorable
2013-01-31,-0,0,20,-2,-1,-0,3.2,95,8.125,989,85.25,0,0,-7,119,119,332,0.2,1,2,météo très défavorable
2013-02-01,-1,0,15,-1,-1,-5,1,96,6.375,992,95.25,0,0,-5,338,338,119,0.8,1,2,météo très défavorable
2013-02-02,-3,0,14,-3,-7,-6,0,94,9,1002,66,0,0,-12,119,116,116,0,1,5.8,météo très défavorable
2013-02-03,-4,0,8,-5,-5,-5,1.4,97,4.625,1003,92.25,0,0,-8,338,338,326,1.3,1,2,météo très défavorable
2013-02-04,-5,0,10,-8,-8,-6,0,95,7,1002,72.25,0,0,-13,116,116,143,0,1,3.9,météo très défavorable
2013-02-05,-5,0,22,-10,-8,-5,0.6,94,9,999,81.125,0,0,-16,119,119,338,0.5,1,2.1,météo très défavorable
2013-02-06,-1,0,14,-2,-2,-1,1.4,95,5.75,1003,92.375,0,0,-6,326,119,338,1.1,1,2.1,météo très défavorable
2013-02-07,-1,0,14,-7,-3,-1,1.1,94,4.875,1012,67.875,0,0,-7,143,335,338,1,1,2.1,météo très défavorable
2013-02-08,0,0,16,-1,0,-1,0.7,94,6.125,1015,89.5,0,0,-4,119,332,338,0.6,1,3.1,météo très défavorable
2013-02-09,0,0,13,-2,0,-0,1,97,6,1016,98.25,0,0,-4,332,317,122,0.6,1,3.3,météo très défavorable
2013-02-10,0,0,15,-1,-1,-1,1,94,4.375,1016,98,1,0,-5,266,332,338,0.5,1,3.3,météo très défavorable
2013-02-11,0,0,21,-1,-1,-1,1.4,93,6.375,1021,96.625,0,0,-6,338,332,122,1.2,1,3.3,météo très défavorable
2013-02-12,-1,0,15,-8,-4,-2,0.4,91,6.875,1028,74,0,0,-9,143,116,317,0,1,5.1,météo très défavorable
2013-02-13,-1,0,15,-3,-2,-2,0,95,8,1036,78.125,0,0,-7,119,119,323,0,1,5.2,météo très défavorable
2013-02-14,-3,0,8,-3,-3,-6,0.1,91,7.625,1036,71.625,0,0,-6,329,116,119,0.1,1,5.2,météo très défavorable
2013-02-15,-4,0,5,-7,-5,-7,0,90,7,1031,97.75,0,0,-6,143,122,122,0,1,3.4,météo très défavorable
2013-02-16,-6,0,5,-9,-8,-9,0,95,1.5,1027,86.75,0,0,-9,143,143,260,0,1,3.5,météo très défavorable
2013-02-17,-5,0,6,-12,-7,-9,0,95,2.25,1027,70.875,0,0,-10,143,143,143,0,1,8.2,météo très défavorable
2013-02-18,-4,0,12,-7,-4,-5,0.3,93,5.75,1021,94.25,0,0,-9,122,332,332,0.3,1,4.9,météo très défavorable
2013-02-19,-6,0,18,-8,-6,-9,0.2,92,7.125,1021,98.5,0,0,-12,332,122,122,0.1,1,4.9,météo très défavorable
2013-02-20,-5,0,17,-8,-6,-5,0.1,92,9.375,1026,90.375,0,0,-12,122,122,326,0.1,1,4.9,météo très défavorable
2013-02-21,-9,0,3,-14,-10,-11,0,90,6,1028,23.125,0,0,-10,143,113,113,0,1,9.9,météo très défavorable
2013-02-22,-4,0,14,-8,-5,-4,0.4,90,7.5,1027,93.25,0,0,-10,122,332,332,0.3,1,5,météo très défavorable
2013-02-23,-3,0,16,-7,-4,-4,0.1,94,5.5,1030,86.125,0,0,-10,260,326,119,0,1,5,météo très défavorable
2013-02-24,-4,0,15,-6,-6,-7,0.1,91,9.625,1033,56.625,0,0,-12,119,116,116,0.1,1,10,météo très défavorable
2013-02-25,-2,0,18,-7,-4,-4,0,91,10,1035,25.375,0,0,-10,116,113,113,0,1,10.1,météo très défavorable
2013-02-26,-1,0,26,-6,-4,-1,0,86,10,1033,43,0,0,-11,113,113,119,0,1,8.3,météo très défavorable
2013-02-27,1,0,12,-4,-0,0,0.1,98,5.5,1023,79.5,1,0,-3,260,143,122,0,1,6.7,météo très défavorable
2013-02-28,1,0,21,-2,0,0,0.9,97,9,1013,88,1,0,-5,119,119,338,0.6,1,5.1,météo très défavorable
2013-03-01,-0,0,32,-1,-4,-7,1.2,89,6.5,1006,97.75,0,0,-12,332,230,332,0.6,1,5.1,météo très défavorable
2013-03-02,-10,0,10,-17,-13,-11,0,85,10,1013,23.625,0,0,-19,113,116,116,0,1,10.8,météo très défavorable
2013-03-03,-7,0,30,-11,-9,-8,0.2,79,8.375,1010,85,0,0,-19,332,227,122,0.2,1,5.4,météo très défavorable
2013-03-04,-9,0,7,-16,-14,-11,0,88,6.5,1021,50.375,0,0,-18,260,113,119,0,1,10.1,météo très défavorable
2013-03-05,-4,0,16,-11,-9,-4,0,95,10,1019,92.5,0,0,-16,122,119,122,0,1,5.5,météo très défavorable
2013-03-06,1,0,27,-2,-1,0,0.5,95,7.5,1011,95.625,1,0,-7,332,326,230,0.3,1,5.5,météo très défavorable
2013-03-07,-4,0,29,-10,-7,-5,0.3,79,7.5,1013,37.875,0,0,-16,113,113,230,0,1,10.1,météo très défavorable
2013-03-08,-4,0,22,-12,-8,-5,1,91,7.75,1021,45.125,0,0,-15,116,116,230,0,1,8.6,météo très défavorable
2013-03-09,-9,0,18,-10,-9,-9,0,90,7.75,1019,60.875,0,0,-17,326,323,326,0.1,1,8.6,météo très défavorable
2013-03-10,-9,0,8,-16,-13,-10,0,85,5.5,1020,31.125,0,0,-18,260,113,113,0,1,11.2,météo très défavorable
2013-03-11,-6,0,35,-11,-8,-6,0.5,85,6.5,1016,62.125,0,0,-17,116,230,338,0.4,1,7.1,météo très défavorable
2013-03-12,-5,0,12,-11,-8,-5,0,92,4.25,1010,82.25,0,0,-13,260,119,122,0,1,5.6,météo très défavorable
2013-03-13,-6,0,17,-13,-10,-8,0,84,10,1009,72.625,0,0,-17,122,116,116,0,1,10.2,météo très défavorable
2013-03-14,-8,0,3,-17,-12,-15,0.1,86,3.625,1010,22.25,0,0,-12,260,113,260,0.1,1,11.6,météo très défavorable
2013-03-15,-8,0,10,-15,-12,-10,0,85,8.75,1015,24.625,0,0,-17,260,113,116,0,1,11.6,météo très défavorable
2013-03-16,-6,0,17,-13,-8,-8,0,90,9,1017,15.25,0,0,-15,113,116,113,0,1,11.6,météo très défavorable
2013-03-17,-8,0,15,-16,-12,-9,0,88,9,1027,28,0,0,-20,116,113,113,0,1,10.2,météo très défavorable
2013-03-18,-9,0,25,-14,-10,-9,0,88,10,1028,78.125,0,0,-19,119,119,122,0,1,6,météo très défavorable
2013-03-19,-8,0,24,-9,-10,-8,0.1,87,9.375,1024,86.875,0,0,-19,122,122,116,0.1,1,7.4,météo très défavorable
2013-03-20,-6,0,31,-9,-9,-8,0.4,84,7.375,1021,79.75,0,0,-19,338,227,116,0.4,1,7.5,météo très défavorable
2013-03-21,-7,0,24,-11,-8,-9,0.1,83,10,1026,48.25,0,0,-16,119,326,116,0.1,1,10.2,météo très défavorable
2013-03-22,-11,0,14,-17,-13,-11,0,86,10,1029,54.25,0,0,-20,119,113,116,0,1,11.6,météo très défavorable
2013-03-23,-3,0,9,-8,-6,-3,0.1,93,6.125,1028,85.25,0,0,-10,260,119,371,0.1,1,6.4,météo très défavorable
2013-03-24,-2,0,12,-7,-4,-3,0.1,93,5.625,1029,79.375,0,0,-9,143,323,371,0.1,1,7.7,météo très défavorable
2013-03-25,-2,0,9,-6,-5,-4,0,92,5.75,1027,46.625,0,0,-9,326,116,113,0,1,10.3,météo très défavorable
2013-03-26,-1,0,15,-3,-2,-2,0.4,92,4.875,1021,92.375,0,0,-7,332,332,371,0.3,1,6.4,météo très défavorable
2013-03-27,-2,0,11,-7,-5,-3,0,91,8,1021,55.625,0,0,-8,143,116,113,0,1,11.6,météo très défavorable
2013-03-28,0,0,22,-6,-2,-1,0,89,10,1023,29.25,0,0,-8,116,113,116,0,1,11.6,météo très défavorable
2013-03-29,-1,0,12,-6,-3,-4,0,90,7.75,1025,41.25,0,0,-7,119,116,143,0,1,11.6,météo très défavorable
2013-03-30,0,0,18,-7,-3,-1,0,87,6.5,1021,77.25,0,0,-8,119,116,122,0,1,6.5,météo très défavorable
2013-03-31,-0,0,7,-7,-1,-1,0,92,4.25,1015,88.625,0,0,-4,260,122,119,0,1,6.6,météo très défavorable
2013-04-01,-1,0,18,-5,-1,-2,1.5,84,7,1016,87.5,0,0,-6,119,122,338,1.3,1,7.8,météo très défavorable
2013-04-02,0,0,15,-3,-2,-1,0.1,88,9.375,1014,78.375,0,0,-6,332,122,116,0.1,1,9.1,météo très défavorable
2013-04-03,1,0,12,-7,-1,-1,0.1,85,7.25,1026,18.5,1,0,-5,143,113,113,0,1,11.6,météo très défavorable
2013-04-04,1,0,9,-7,-1,0,0,99,7.5,1027,44.625,1,1,-4,116,116,248,0,2,9.1,météo très défavorable
2013-04-05,0,0,15,-2,0,0,0.1,97,6.125,1023,81.5,0,0,-5,119,116,332,0.1,1,7.9,météo très défavorable
2013-04-06,1,0,18,-2,-1,0,0,94,10,1013,60.5,1,0,-6,326,323,116,0,1,11.6,météo très défavorable
2013-04-07,1,0,10,-8,-1,1,0,90,9,1015,40,1,0,-4,113,116,119,0,1,9.3,météo très défavorable
2013-04-08,0,0,18,-2,-1,-1,0.8,86,8.375,1010,67.5,0,0,-6,338,332,116,0.7,1,8.1,météo très défavorable
2013-04-09,1,0,7,-5,0,-1,0,89,7,1019,28.5,1,0,-3,143,116,113,0,2,10.5,météo très défavorable
2013-04-10,1,0,10,-6,0,0,2.5,98,6.125,1022,39.875,1,1,-4,113,116,371,2.1,1,9.3,météo très défavorable
2013-04-11,2,0,14,-1,1,2,0.4,99,4.75,1020,89.625,2,2,-3,143,122,266,0,1,9.1,météo très défavorable
2013-04-12,3,0,16,1,1,2,1.3,100,8.875,1015,96.625,3,3,-4,296,119,122,0,1,9.1,météo très défavorable
2013-04-13,4,0,29,1,2,3,4.6,95,8.625,1013,97.75,4,4,-3,296,296,266,0,1,9.2,météo très défavorable
2013-04-14,2,0,12,1,2,2,0.1,94,7,1026,64,3,2,-1,119,116,116,0,1,11.3,météo très défavorable
2013-04-15,3,0,19,-1,3,3,0,94,8,1029,53.875,3,2,-2,116,116,116,0,1,13.4,météo très défavorable
2013-04-16,4,0,20,0,2,4,0.4,98,9,1026,69.375,4,4,-3,119,266,116,0,1,10.3,météo très défavorable
2013-04-17,8,0,26,2,4,6,2.4,96,9.875,1023,67,8,6,-1,119,119,296,0,2,9.3,météo très défavorable
2013-04-18,7,0,20,1,4,6,0.1,86,10,1015,33.75,7,5,0,113,113,116,0,2,14.5,météo très défavorable
2013-04-19,7,0,36,4,5,5,0.2,80,9.375,1010,60.125,7,7,0,116,119,119,0,2,10.4,météo très défavorable
2013-04-20,3,0,19,1,2,3,1,97,9.875,1021,49.125,4,2,-3,122,296,113,0,2,11.4,météo très défavorable
2013-04-21,4,0,19,-1,3,3,0,70,10,1027,10,4,0,-1,113,113,113,0,2,14.5,météo très défavorable
2013-04-22,4,0,6,0,4,4,0,72,10,1025,19,5,0,3,113,116,113,0,2,14.5,météo très défavorable
2013-04-23,8,0,31,2,8,7,1.2,73,9.875,1018,43.75,8,5,4,113,116,296,0,2,12.5,météo très défavorable
2013-04-24,5,0,31,3,4,4,0.2,84,10,1008,57.875,5,4,-2,122,116,113,0,1,12.5,météo très défavorable
2013-04-25,5,0,27,2,4,5,1,79,9.875,1011,41.375,5,1,-1,122,113,176,0,2,13.5,météo très défavorable
2013-04-26,6,0,17,2,5,5,0.7,66,9,1012,50,6,1,2,113,116,266,0,2,12.5,météo très défavorable
2013-04-27,3,0,12,1,3,3,0,83,10,1006,73,3,1,0,122,119,116,0,1,10.6,météo très défavorable
2013-04-28,4,0,18,1,4,4,0,79,10,1014,12,4,1,0,116,113,113,0,2,14.5,météo très défavorable
2013-04-29,8,0,20,2,7,7,0,52,10,1019,44.125,8,2,4,113,116,122,0,2,12.6,météo très défavorable
2013-04-30,6,0,30,4,6,5,2.1,81,9.875,1013,65.625,6,4,0,296,113,116,0,2,12.6,météo très défavorable
2013-05-01,7,0,31,2,5,6,0,77,10,1021,20.75,7,2,0,116,113,113,0,1,16,météo très défavorable
2013-05-02,9,0,24,2,8,7,0,59,10,1023,8,9,1,4,113,113,113,0,1,16.5,météo très défavorable
2013-05-03,7,0,17,2,6,6,0,55,10,1021,8.375,7,1,3,113,113,116,0,1,16.5,météo très défavorable
2013-05-04,10,0,12,3,9,9,0,55,10,1019,20.875,10,1,7,113,116,113,0,1,16.6,météo très défavorable
2013-05-05,10,0,26,5,10,6,0,83,10,1013,26.75,10,3,2,113,113,113,0,1,16.6,météo très défavorable
2013-05-06,7,0,18,3,7,7,0,68,10,1026,21.5,7,3,3,116,113,113,0,1,16.7,météo très défavorable
2013-05-07,12,0,21,5,12,10,0,57,10,1025,26.75,12,3,9,113,113,113,0,1,16.6,météo très défavorable
2013-05-08,11,0,14,6,10,10,0,65,10,1025,11.5,11,6,9,113,113,113,0,1,16.8,météo très défavorable
2013-05-09,16,0,24,8,10,16,0,80,10,1024,31.25,16,7,7,116,116,113,0,1,16.8,météo très défavorable
2013-05-10,11,0,19,10,11,10,1.8,91,8.5,1009,44.5,12,10,8,113,116,176,0,1,16.6,météo très défavorable
2013-05-11,9,0,12,8,9,9,0.5,97,2,1010,82.5,10,9,8,248,266,116,0,1,14.3,météo très défavorable
2013-05-12,10,0,13,7,10,10,0,76,10,1012,35,10,6,8,113,116,116,0,1,16.6,météo très défavorable
2013-05-13,14,0,9,7,12,14,5.9,77,9.625,1012,49.375,14,10,11,119,116,356,0,1,16.6,météo très défavorable
2013-05-14,10,0,17,7,10,10,0.4,83,9.875,1010,35,10,9,7,116,113,113,0,1,17,météo très défavorable
2013-05-15,9,0,16,7,9,8,0,78,10,1016,13.875,9,6,6,113,113,113,0,1,17.1,météo très défavorable
2013-05-16,14,0,10,8,12,14,0,61,10,1018,1.625,14,5,11,113,113,113,0,1,17.1,météo très défavorable
2013-05-17,13,0,24,11,13,13,3.9,93,8.875,1020,52.5,13,12,10,356,296,263,0,1,15.1,météo très défavorable
2013-05-18,16,0,15,11,13,16,7.4,94,9.375,1018,46.5,16,14,12,353,116,176,0,1,16.7,météo très défavorable
2013-05-19,16,0,8,12,14,16,5.4,87,7.375,1016,38.75,16,14,14,248,113,356,0,1,16.7,météo très défavorable
2013-05-20,14,0,20,11,14,14,1.5,82,8.625,1015,35.375,14,12,12,116,113,113,0,1,17.3,météo très défavorable
2013-05-21,15,0,26,9,14,15,0,66,10,1015,14.625,15,7,12,113,113,113,0,1,17.4,météo très défavorable
2013-05-22,14,0,27,9,12,13,0.1,71,10,1010,31.25,14,8,10,116,116,113,0,1,16.7,météo très défavorable
2013-05-23,11,0,19,8,9,11,3.8,94,9.75,1007,82.125,11,10,6,296,296,353,0,1,13.1,météo très défavorable
2013-05-24,12,0,9,9,10,12,0,90,6.5,1011,62.5,12,9,9,248,122,113,0,1,15.3,météo très défavorable
2013-05-25,13,0,23,8,13,12,0,73,9.875,1010,34,13,8,10,113,113,122,0,1,16.7,météo très défavorable
2013-05-26,14,0,25,9,13,14,0,74,10,1014,40,14,8,11,116,116,116,0,1,16.7,météo très défavorable
2013-05-27,16,0,21,11,15,16,0.3,62,10,1018,38.75,17,10,15,353,113,116,0,1,16.7,météo très défavorable
2013-05-28,17,0,21,11,16,17,0,61,10,1018,21.125,17,8,16,113,116,113,0,1,17.4,météo très défavorable
2013-05-29,18,0,27,11,17,17,0,60,10,1016,34.375,18,10,17,116,116,113,0,1,17.4,météo favorable
2013-05-30,14,0,7,12,14,14,1.8,81,8.875,1014,47.5,14,11,13,143,119,176,0,1,16.2,météo très défavorable
2013-05-31,17,0,10,12,15,17,0.2,68,10,1015,36.875,17,11,15,116,116,116,0,1,17.4,météo très défavorable
2013-06-01,18,0,18,12,18,18,0.6,60,9.875,1015,18,18,11,17,176,113,113,0,1,17.4,météo favorable
2013-06-02,19,0,14,13,18,19,0,54,10,1017,14.125,19,10,18,116,113,113,0,1,17.4,météo favorable
2013-06-03,17,0,4,13,16,17,0,60,10,1018,10.25,17,9,16,113,113,113,0,1,17.4,météo très défavorable
2013-06-04,18,0,7,14,17,18,0,62,10,1016,8.875,18,9,17,113,113,113,0,1,17.4,météo favorable
2013-06-05,19,0,12,14,18,19,0,58,10,1021,15.625,19,10,18,113,113,113,0,1,17.4,météo favorable
2013-06-06,17,0,15,12,17,17,0,53,10,1022,15.75,17,8,17,113,113,113,0,1,17.4,météo très défavorable
2013-06-07,15,0,6,12,12,15,0.5,81,9,1021,39.75,15,10,13,116,266,113,0,1,16.3,météo très défavorable
2013-06-08,16,0,18,13,15,16,1.4,78,10,1015,24.5,16,12,15,353,113,113,0,1,16.8,météo très défavorable
2013-06-09,16,0,10,12,15,16,2.5,78,9.875,1011,17.25,16,12,15,176,113,113,0,1,17.4,météo très défavorable
2013-06-10,16,0,5,12,15,15,0,67,10,1008,23.125,16,10,15,113,113,113,0,1,16.8,météo très défavorable
2013-06-11,13,0,30,11,12,13,0.4,83,9.375,1008,54.125,13,11,9,119,116,263,0,1,16.3,météo très défavorable
2013-06-12,14,0,22,11,13,13,0,66,10,1017,42.5,14,10,11,113,113,116,0,1,17.4,météo très défavorable
2013-06-13,16,0,10,11,15,16,0.3,72,10,1020,43,16,10,15,113,353,116,0,1,16.3,météo très défavorable
2013-06-14,20,0,31,13,19,18,0.4,56,9,1014,71,20,13,19,266,116,119,0,1,15.2,météo très défavorable
2013-06-15,16,0,27,12,16,15,0.3,72,9.375,1012,41.125,16,12,16,119,113,113,0,1,16.3,météo très défavorable
2013-06-16,18,0,16,12,16,14,1.8,64,10,1014,26.25,18,12,16,113,116,386,0,1,16.9,météo favorable
2013-06-17,14,0,23,11,14,14,0.7,86,9.875,1009,37.625,14,11,12,116,176,113,0,1,16.9,météo très défavorable
2013-06-18,16,0,25,13,15,16,1.2,67,10,1015,17.625,16,11,15,113,113,113,0,1,17.4,météo très défavorable
2013-06-19,16,0,16,13,16,16,0,65,10,1021,20.375,16,10,16,113,113,116,0,1,17.4,météo très défavorable
2013-06-20,17,0,6,13,16,17,0,59,10,1021,24.625,17,10,16,113,116,116,0,1,17.4,météo très défavorable
2013-06-21,18,0,5,14,17,18,0,69,10,1018,32.5,19,12,17,116,113,113,0,1,17.4,météo favorable
2013-06-22,21,0,14,14,19,21,0,60,10,1017,9.375,21,12,19,113,113,113,0,1,17.4,météo favorable
2013-06-23,18,0,6,16,16,18,0,92,10,1014,54.875,18,15,16,122,116,113,0,1,16.3,météo favorable
2013-06-24,19,0,4,16,18,19,0,71,10,1017,24.125,19,13,18,113,116,113,0,1,16.9,météo favorable
2013-06-25,20,0,4,17,20,20,0,72,10,1017,16,20,16,20,113,113,116,0,1,17.4,météo favorable
2013-06-26,21,0,6,18,21,21,3.1,72,9.625,1016,18.375,24,17,21,356,113,113,0,1,17.4,météo favorable
2013-06-27,21,0,10,18,21,20,0.8,85,9.75,1017,33,21,18,20,176,113,176,0,1,16.9,météo favorable
2013-06-28,17,0,19,15,17,17,0,75,10,1021,34.125,17,15,17,116,113,113,0,1,16.9,météo très défavorable
2013-06-29,20,0,4,16,19,20,2.9,75,9.625,1017,34.5,20,17,20,116,116,356,0,1,16.9,météo favorable
2013-06-30,17,0,17,16,16,17,3.9,94,8.625,1010,80.875,17,16,16,356,122,116,0,1,14.7,météo très défavorable
2013-07-01,17,0,21,16,16,17,19.3,97,7.5,1009,77.375,17,16,16,302,308,293,0,1,15.2,météo très défavorable
2013-07-02,18,0,15,14,17,18,0.1,67,10,1016,14.875,18,14,17,113,113,113,0,1,17.4,météo favorable
2013-07-03,19,0,6,15,19,19,0,68,10,1018,17.125,19,13,19,113,113,116,0,1,17.4,météo favorable
2013-07-04,21,0,3,17,20,21,0,69,10,1021,13,21,15,20,113,113,113,0,1,17.4,météo favorable
2013-07-05,22,0,10,18,21,22,0.3,64,9.875,1021,40.75,25,15,21,116,116,176,0,1,17.4,météo favorable
2013-07-06,19,0,20,17,19,19,0.1,80,10,1021,48.125,19,16,19,119,113,113,0,1,16.3,météo favorable
2013-07-07,19,0,17,16,18,19,3.7,82,9.5,1022,25.125,19,15,18,176,356,116,0,1,17.4,météo très défavorable
2013-07-08,20,0,22,17,20,20,0,65,10,1021,17.375,20,14,20,113,113,116,0,1,17.4,météo favorable
2013-07-09,17,0,19,14,17,17,0,60,10,1021,11.75,17,12,17,113,113,113,0,1,17.4,météo très défavorable
2013-07-10,19,0,9,15,18,19,0,65,10,1015,12.5,19,12,18,113,113,113,0,1,17.4,météo favorable
2013-07-11,19,0,13,16,18,19,0.7,76,9.875,1012,31.625,19,14,18,113,116,176,0,1,17.4,météo favorable
2013-07-12,19,0,14,15,18,19,0,64,10,1016,17.875,19,13,18,113,113,113,0,1,17.4,météo favorable
2013-07-13,20,0,8,16,19,20,0,63,10,1016,7.5,20,13,19,113,113,113,0,1,17.4,météo favorable
2013-07-14,21,0,3,16,19,21,0,69,10,1014,16.125,21,14,20,113,113,113,0,1,17.4,météo favorable
2013-07-15,19,0,15,17,19,19,0.9,77,9.875,1008,9.75,19,15,19,113,176,113,0,1,17.4,météo favorable
2013-07-16,17,0,31,16,17,17,0.8,72,9.875,1009,15.375,17,13,17,113,176,113,0,1,17.4,météo très défavorable
2013-07-17,18,0,40,15,17,18,0.4,62,9.875,1010,30,18,12,17,116,113,176,0,1,16.7,météo favorable
2013-07-18,17,0,25,14,16,16,0,70,10,1013,60.375,17,14,16,113,116,122,0,1,15.4,météo très défavorable
2013-07-19,16,0,19,13,15,16,1.5,68,9.875,1006,38.5,17,15,15,116,119,113,0,1,16.7,météo très défavorable
2013-07-20,17,0,26,13,15,17,7.2,82,9.125,1009,49.625,17,12,13,356,356,176,0,1,15.4,météo très défavorable
2013-07-21,17,0,21,14,17,17,0.1,61,10,1009,26.75,17,11,17,119,113,113,0,1,16.7,météo très défavorable
2013-07-22,18,0,33,14,14,18,2,91,9.875,1007,64.875,18,16,12,119,296,116,0,1,14.5,météo très défavorable
2013-07-23,22,0,29,16,21,22,1.2,73,10,1008,37.875,25,16,21,116,116,353,0,1,16.7,météo favorable
2013-07-24,18,0,23,16,17,18,0.1,83,10,1013,72.25,18,15,16,122,119,119,0,1,12.9,météo très défavorable
2013-07-25,17,0,12,15,17,17,0,78,10,1013,88.625,17,14,17,122,122,119,0,1,12.9,météo très défavorable
2013-07-26,19,0,9,16,19,19,0,71,10,1012,11.875,19,15,19,113,113,113,0,1,17.2,météo favorable
2013-07-27,20,0,11,16,19,20,0,64,10,1012,3.875,20,14,19,113,113,113,0,1,17.1,météo favorable
2013-07-28,20,0,8,16,19,20,0,72,10,1017,4.625,20,15,19,113,113,113,0,1,17.1,météo favorable
2013-07-29,21,0,5,16,20,21,0,66,10,1019,10.875,21,14,20,113,113,116,0,1,17,météo favorable
2013-07-30,22,0,11,15,20,22,0,68,10,1017,38.625,25,14,20,116,119,116,0,1,16.6,météo très défavorable
2013-07-31,21,0,17,16,21,17,1.3,68,10,1012,64.25,21,15,21,116,116,353,0,1,15,météo très défavorable
2013-08-01,18,0,13,17,17,17,2.9,89,8.875,1009,64.5,18,15,17,266,293,353,0,1,15.8,météo très défavorable
2013-08-02,19,0,20,15,18,19,0.5,82,10,1010,37.375,19,16,18,116,353,113,0,1,15.8,météo très défavorable
2013-08-03,21,0,14,16,20,21,0.4,66,10,1017,4.75,24,15,20,113,113,113,0,1,16.8,météo favorable
2013-08-04,21,0,7,17,20,21,0,69,10,1019,3.5,24,15,20,113,113,113,0,1,16.7,météo favorable
2013-08-05,21,0,5,18,21,21,0,71,10,1019,12,24,15,21,113,113,113,0,1,16.7,météo favorable
2013-08-06,21,0,11,18,21,21,0,68,10,1020,14.875,24,15,21,113,113,113,0,1,16.6,météo favorable
2013-08-07,21,0,5,17,21,21,0,68,10,1019,4.75,24,15,21,113,113,113,0,1,16.6,météo favorable
2013-08-08,25,0,15,18,23,25,1,63,9.875,1017,33.25,26,16,23,116,119,176,0,1,16.1,météo très défavorable
2013-08-09,23,0,18,18,23,21,12.2,81,8.625,1013,33.625,25,18,21,359,113,176,0,1,16.1,météo très défavorable
2013-08-10,19,0,25,17,18,19,0.4,80,10,1014,66.125,19,17,18,353,119,119,0,1,13.8,météo très défavorable
2013-08-11,17,0,10,16,16,17,4.5,89,9.5,1012,57.25,17,15,16,302,293,116,0,1,14.7,météo très défavorable
2013-08-12,18,0,28,14,17,18,0.4,82,10,1009,38.375,18,14,17,116,119,113,0,1,15.6,météo très défavorable
2013-08-13,19,0,22,14,19,18,3,65,10,1011,25.25,19,14,19,113,113,353,0,1,15.9,météo favorable
2013-08-14,18,0,39,14,16,18,5.6,73,9.75,1008,62,18,14,16,296,119,176,0,1,11.6,météo très défavorable
2013-08-15,17,0,35,14,15,17,8.8,88,9.125,1011,74.75,17,14,13,296,302,356,0,1,10.6,météo très défavorable
2013-08-16,19,0,30,15,18,19,2.6,70,9.875,1019,26.875,19,13,18,176,113,113,0,1,14.5,météo favorable
2013-08-17,20,0,19,14,18,19,0,64,10,1021,38.625,20,13,19,113,116,122,0,1,13.5,météo favorable
2013-08-18,22,0,22,16,21,22,0,60,10,1019,25,25,13,21,113,113,113,0,1,14.5,météo favorable
2013-08-19,21,0,24,16,21,19,0.9,80,9.875,1017,33.625,24,16,20,113,116,176,0,1,12.5,météo favorable
2013-08-20,19,0,8,16,19,18,1.2,78,9.875,1020,46.5,19,15,18,116,119,116,0,1,13.5,météo très défavorable
2013-08-21,18,0,20,15,18,18,17.7,75,8.875,1019,33.375,18,14,18,176,113,113,0,1,14.5,météo très défavorable
2013-08-22,17,0,18,15,16,17,0,78,10,1019,43.25,17,13,16,116,119,113,0,1,12.5,météo très défavorable
2013-08-23,17,0,20,13,16,17,0,57,10,1022,4.375,17,12,16,113,113,113,0,1,14.5,météo très défavorable
2013-08-24,17,0,14,11,16,17,0,58,10,1024,9.125,17,9,16,113,113,113,0,1,14.5,météo très défavorable
2013-08-25,19,0,13,12,17,19,0,63,10,1023,3.25,19,13,17,113,113,113,0,1,14.5,météo favorable
2013-08-26,19,0,6,14,17,18,0,69,10,1024,37.75,19,13,18,119,113,116,0,1,13.4,météo favorable
2013-08-27,19,0,15,14,17,19,0,68,10,1024,14.375,19,13,17,113,113,113,0,1,14.5,météo favorable
2013-08-28,18,0,15,13,17,18,0,60,10,1021,20.875,18,11,17,116,113,113,0,1,14.5,météo favorable
2013-08-29,18,0,20,14,17,17,0.6,77,10,1015,24.875,18,13,17,113,113,113,0,1,14.5,météo favorable
2013-08-30,17,0,8,14,17,17,0.2,69,10,1017,43.75,17,13,17,122,116,113,0,1,13.4,météo très défavorable
2013-08-31,18,0,9,12,17,18,0,72,10,1017,48,18,13,17,116,122,116,0,1,13.4,météo très défavorable
2013-09-01,18,0,15,13,18,18,2.7,72,9.625,1011,35.75,18,14,18,116,116,356,0,1,13.4,météo favorable
2013-09-02,16,0,10,13,15,16,0.2,67,10,1003,42.875,16,13,14,116,113,113,0,1,11.6,météo très défavorable
2013-09-03,17,0,23,13,16,17,0,61,10,1016,21.25,17,11,16,116,113,113,0,1,11.6,météo très défavorable
2013-09-04,17,0,10,12,16,16,0,61,10,1023,13.625,17,10,16,113,113,113,0,1,11.6,météo très défavorable
2013-09-05,17,0,13,14,16,17,0,75,10,1025,36.875,17,13,16,119,116,116,0,1,10.4,météo très défavorable
2013-09-06,17,0,15,10,15,16,0,56,10,1025,4.5,17,9,14,113,113,113,0,1,11.6,météo très défavorable
2013-09-07,17,0,10,12,16,16,0,66,10,1025,3.125,17,11,16,113,113,113,0,1,11.6,météo très défavorable
2013-09-08,18,0,14,14,17,17,0,73,10,1025,14.75,18,14,17,113,113,113,0,1,11.6,météo favorable
2013-09-09,16,0,14,15,15,16,0.3,86,9,1023,62.625,16,13,14,116,266,116,0,1,7.9,météo très défavorable
2013-09-10,16,0,13,11,15,16,0,65,10,1022,23.875,16,10,16,113,113,116,0,1,11.6,météo très défavorable
2013-09-11,16,0,16,10,15,16,0,73,10,1021,27.125,16,11,15,113,113,113,0,1,11.6,météo très défavorable
2013-09-12,17,0,9,12,16,17,0,68,10,1019,37.25,17,12,16,116,116,116,0,1,11.6,météo très défavorable
2013-09-13,17,0,4,12,16,17,0,72,10,1021,18.75,17,12,16,116,113,113,0,1,11.6,météo très défavorable
2013-09-14,16,0,10,11,15,16,0,63,10,1022,10.375,17,10,15,113,113,113,0,1,11.6,météo très défavorable
2013-09-15,16,0,17,10,15,16,0,72,10,1019,25.125,16,10,13,113,113,113,0,1,11.6,météo très défavorable
2013-09-16,14,0,9,10,14,14,0,74,10,1012,34.5,15,9,13,113,119,113,0,1,10.3,météo très défavorable
2013-09-17,15,0,10,10,15,15,0,78,10,1007,25.5,15,12,14,113,113,116,0,1,10.3,météo très défavorable
2013-09-18,17,0,22,12,15,17,0,79,10,1006,46.5,17,12,15,119,113,116,0,1,11.6,météo très défavorable
2013-09-19,17,0,23,12,15,17,0,77,10,1009,42.5,17,12,15,119,113,116,0,1,11.6,météo très défavorable
2013-09-20,15,0,18,12,14,14,0.8,87,10,1011,80.625,15,12,12,353,122,119,0,1,6.3,météo très défavorable
2013-09-21,15,0,6,13,14,15,0,84,9.875,1012,87.5,15,12,14,122,122,119,0,1,6.3,météo très défavorable
2013-09-22,14,0,24,13,14,13,4.5,66,9.625,1010,48.375,14,12,12,356,113,353,0,1,10.3,météo très défavorable
2013-09-23,12,0,28,10,12,11,7.6,85,9.125,998,79.125,12,9,9,302,176,353,0,1,8.9,météo très défavorable
2013-09-24,10,0,31,8,9,9,0.4,72,10,1002,74.875,10,7,6,119,353,119,0,1,6,météo très défavorable
2013-09-25,7,0,32,6,7,7,0.6,69,10,1003,75.375,7,4,2,116,353,353,0,1,7.4,météo très défavorable
2013-09-26,8,0,28,6,6,8,0.6,83,10,1002,91.25,8,4,2,122,122,353,0,1,6,météo très défavorable
2013-09-27,9,0,9,7,8,8,0.3,71,9,1008,75.75,9,5,7,266,119,116,0,1,8.7,météo très défavorable
2013-09-28,11,0,24,6,10,10,0.5,75,10,1014,61.875,11,6,7,116,116,353,0,1,7.2,météo très défavorable
2013-09-29,8,0,22,6,7,6,0.6,65,9,1019,67.375,8,6,3,116,116,116,0,1,8.6,météo très défavorable
2013-09-30,7,0,21,5,7,7,0,63,10,1019,43.5,7,2,3,116,116,116,0,1,10.1,météo très défavorable
2013-10-01,7,0,22,4,7,7,0.3,71,10,1024,51.375,7,2,3,116,116,353,0,1,8.6,météo très défavorable
2013-10-02,6,0,11,4,6,6,0,61,10,1029,25.375,6,2,4,113,113,116,0,1,10.1,météo très défavorable
2013-10-03,11,0,25,8,10,11,0.1,80,10,1029,69,11,8,7,122,119,116,0,1,7.1,météo très défavorable
2013-10-04,11,0,25,9,11,10,0,78,10,1029,35.75,11,7,8,113,119,119,0,1,7.1,météo très défavorable
2013-10-05,11,0,28,7,9,10,0,72,10,1025,35.75,11,6,5,116,116,113,0,1,11.1,météo très défavorable
2013-10-06,11,0,26,8,10,11,0.3,90,9,1015,66.875,11,9,6,119,266,116,0,1,7,météo très défavorable
2013-10-07,11,0,27,10,11,11,0.2,91,9,1015,66.25,11,10,8,122,266,116,0,1,8.5,météo très défavorable
2013-10-08,12,0,15,10,11,12,0,89,10,1018,69.375,12,10,10,116,116,122,0,1,8.5,météo très défavorable
2013-10-09,12,0,32,11,11,11,3.4,90,7.75,1014,97.125,12,11,8,266,296,266,0,1,5.4,météo très défavorable
2013-10-10,12,0,21,9,11,11,0.4,87,10,1017,84.5,12,10,9,119,122,353,0,1,5.4,météo très défavorable
2013-10-11,10,0,18,10,10,9,0,84,10,1024,44.25,10,9,7,122,116,116,0,1,10,météo très défavorable
2013-10-12,10,0,17,6,9,9,0,79,10,1028,11.25,10,7,6,113,113,113,0,1,10.7,météo très défavorable
2013-10-13,10,0,33,9,9,9,0,83,10,1025,30.875,10,8,6,116,113,113,0,1,10.6,météo très défavorable
2013-10-14,7,0,8,3,5,6,0,61,10,1025,10.375,7,1,4,113,113,113,0,1,8.7,météo très défavorable
2013-10-15,9,0,24,8,9,9,0.4,92,9,1016,78.75,9,8,5,122,266,122,0,1,3.8,météo très défavorable
2013-10-16,8,0,17,5,4,4,0.4,67,9,1011,40.125,8,6,1,113,116,113,0,1,8.7,météo très défavorable
2013-10-17,5,0,15,2,3,5,0,71,10,1011,57.25,5,1,-0,116,119,119,0,1,7.1,météo très défavorable
2013-10-18,8,0,38,6,7,4,6.3,89,8.125,1005,96.5,8,6,2,296,296,320,0,1,3.7,météo très défavorable
2013-10-19,6,0,37,3,6,5,2.6,68,8.625,1010,44,6,0,-0,113,362,182,0,1,8.7,météo très défavorable
2013-10-20,5,0,24,4,5,4,0,57,10,1015,9.375,5,0,0,113,113,113,0,1,8.7,météo très défavorable
2013-10-21,3,0,14,2,3,2,0,73,10,1022,17,4,0,-1,113,113,116,0,1,8.7,météo très défavorable
2013-10-22,3,0,13,-0,2,2,0,77,10,1027,12.75,3,0,-1,113,113,113,0,1,8.7,météo très défavorable
2013-10-23,7,0,40,1,5,7,1.9,86,9.875,1023,82,7,6,-1,296,119,119,0,1,3.5,météo très défavorable
2013-10-24,11,0,30,8,10,11,2.6,96,8.875,1005,89.25,11,10,6,122,266,353,0,1,3.5,météo très défavorable
2013-10-25,9,0,31,7,8,9,1.8,93,8.875,1009,89.375,9,7,4,122,296,266,0,1,3.4,météo très défavorable
2013-10-26,8,0,25,7,7,6,0.6,90,9,1012,63.5,8,6,3,113,122,266,0,1,3.4,météo très défavorable
2013-10-27,10,0,24,9,10,9,0.7,97,8,1001,97.75,10,9,6,266,266,353,0,1,3.4,météo très défavorable
2013-10-28,10,0,24,9,10,9,2.3,94,7.875,998,82.75,10,9,7,296,266,116,0,1,3.4,météo très défavorable
2013-10-29,9,0,48,9,9,9,2.3,92,9.75,995,91.5,10,8,4,296,296,353,0,1,3.4,météo très défavorable
2013-10-30,8,0,30,7,8,7,1.7,91,10,1007,72.625,8,7,4,122,353,116,0,1,5.1,météo très défavorable
2013-10-31,7,0,27,6,6,6,0,77,10,1015,38.75,7,5,2,113,113,119,0,1,8.7,météo très défavorable
2013-11-01,7,0,35,7,7,6,1.4,90,8,1013,98.625,7,6,2,266,122,266,0,2,3.3,météo très défavorable
2013-11-02,8,0,25,7,8,7,0.7,89,10,1005,78.5,8,7,4,353,119,353,0,2,5.1,météo très défavorable
2013-11-03,7,0,8,7,7,7,2.2,90,8.75,1003,83.5,7,6,5,296,116,119,0,2,5.1,météo très défavorable
2013-11-04,7,0,36,5,7,6,6,93,9.375,1001,95,7,6,2,296,296,302,0,3,3.3,météo très défavorable
2013-11-05,7,0,32,4,5,7,3.4,91,8.75,994,74.25,7,6,1,116,296,296,0,2,3.1,météo très défavorable
2013-11-06,6,0,14,6,6,6,0.4,93,9,994,84.25,6,5,3,119,119,266,0,2,4.9,météo très défavorable
2013-11-07,6,0,18,6,5,5,0.1,91,10,1002,81.5,6,5,2,116,119,122,0,2,3,météo très défavorable
2013-11-08,7,0,29,5,6,6,1.8,92,8.375,1006,93,7,5,1,122,389,266,0,1,3,météo très défavorable
2013-11-09,6,0,26,6,6,4,0.1,89,10,1012,78.75,6,5,2,119,119,116,0,2,3,météo très défavorable
2013-11-10,7,0,31,6,6,6,1.1,91,9.875,1005,68.75,7,6,2,119,116,116,0,1,8,météo très défavorable
2013-11-11,6,0,18,5,6,5,0,81,10,1023,46.75,6,4,2,116,119,113,0,2,4.9,météo très défavorable
2013-11-12,6,0,31,3,4,6,0.3,86,9,1025,59.25,6,4,-1,116,119,266,0,2,4.9,météo très défavorable
2013-11-13,6,0,30,5,6,6,3.9,91,9.75,1013,90.5,6,5,1,296,119,353,0,2,2.9,météo très défavorable
2013-11-14,6,0,21,5,5,5,0.1,81,10,1018,56.375,6,3,1,113,116,119,0,3,6.8,météo très défavorable
2013-11-15,6,0,22,4,5,6,0.6,93,9,1021,76.125,6,5,1,119,116,266,0,1,3.8,météo très défavorable
2013-11-16,7,0,31,5,7,7,1.8,93,8.875,1011,83.875,7,6,2,296,266,116,0,2,1.8,météo très défavorable
2013-11-17,7,0,50,7,7,5,0.1,73,10,1009,40.5,7,6,1,119,113,113,0,2,5.8,météo très défavorable
2013-11-18,4,0,28,3,4,3,0,72,10,1022,18.375,4,0,-1,113,113,116,0,2,5.8,météo très défavorable
2013-11-19,4,0,35,2,3,3,0.1,84,10,1017,71.875,4,3,-3,113,122,122,0,1,1.8,météo très défavorable
2013-11-20,5,0,27,4,5,4,1.8,90,7.875,1012,99.375,5,4,0,122,266,296,0,1,1.8,météo très défavorable
2013-11-21,5,0,22,4,4,4,4.6,92,8.75,1012,100,5,3,0,296,122,266,0,1,1.8,météo très défavorable
2013-11-22,6,0,17,4,5,5,0.1,94,9,1015,90.125,6,5,1,122,119,143,0,1,1.8,météo très défavorable
2013-11-23,6,0,14,6,6,5,0.2,92,6,1015,97.625,6,5,2,143,119,266,0,2,1.7,météo très défavorable
2013-11-24,4,0,30,4,4,2,0.6,85,9.125,1009,73.75,4,2,-1,329,317,329,0.2,1,1.7,météo très défavorable
2013-11-25,2,0,9,2,2,0,0,83,10,1017,23.5,2,0,-2,122,113,113,0,2,5.8,météo très défavorable
2013-11-26,0,0,15,0,-1,-1,0,75,10,1021,2.875,0,0,-5,113,113,113,0,2,5.8,météo très défavorable
2013-11-27,5,0,25,2,4,4,2.8,88,7.875,1016,82,5,4,-1,338,317,266,1.5,2,3.8,météo très défavorable
2013-11-28,5,0,33,4,4,3,1,75,8.375,990,50.375,5,5,-1,116,371,230,0.4,2,5.8,météo très défavorable
2013-11-29,2,0,28,1,0,-1,0,76,9,1006,77.75,2,0,-6,227,119,119,0,1,1.7,météo très défavorable
2013-11-30,0,0,27,-2,0,-1,0,69,10,1009,55.375,0,0,-7,113,116,122,0,1,3.7,météo très défavorable
2013-12-01,3,0,39,-1,-1,3,1.4,91,7.5,1002,57.125,3,0,-8,113,230,230,0,1,1.7,météo très défavorable
2013-12-02,1,0,44,-2,-3,-2,0,62,10,1021,36.625,1,0,-11,113,113,116,0,1,5.8,météo très défavorable
2013-12-03,5,0,33,4,4,5,1.3,92,6.75,1018,95.5,5,4,-2,266,266,119,0,1,1.7,météo très défavorable
2013-12-04,4,0,13,2,3,2,0,80,10,1007,46.375,4,2,-1,113,122,113,0,1,1.7,météo très défavorable
2013-12-05,2,0,32,1,0,2,0,87,10,998,56.875,2,0,-6,113,122,116,0,1,1.6,météo très défavorable
2013-12-06,2,0,31,1,0,0,1.4,89,5.75,986,98.75,2,1,-6,227,230,338,0.9,1,1.6,météo très défavorable
2013-12-07,1,0,12,-0,-0,0,0,89,10,996,92.125,1,0,-4,326,119,122,0,1,1.6,météo très défavorable
2013-12-08,-1,0,19,-2,-2,-3,0,87,10,1011,92.375,0,0,-7,122,122,119,0,1,1.6,météo très défavorable
2013-12-09,-4,0,19,-5,-5,-4,0,78,10,1025,79.75,0,0,-11,122,119,326,0,1,1.6,météo très défavorable
2013-12-10,-3,0,21,-6,-4,-4,0,84,10,1032,43.625,0,0,-10,113,116,122,0,1,5.8,météo très défavorable
2013-12-11,4,0,22,1,3,3,2.5,94,8.625,1021,88.875,4,3,-2,296,119,119,0,1,1.5,météo très défavorable
2013-12-12,4,0,28,3,4,4,0.3,96,9,1015,79.25,4,4,-2,119,119,266,0,1,1.5,météo très défavorable
2013-12-13,4,0,58,4,2,-0,0.3,81,8.75,1013,50.5,4,2,-7,122,230,113,0,1,3.7,météo très défavorable
2013-12-14,-1,0,20,-1,-2,-3,0,82,10,1026,8.75,0,0,-8,113,113,113,0,1,5.8,météo très défavorable
2013-12-15,-2,0,28,-3,-2,-2,0,76,10,1028,74.625,0,0,-10,116,119,122,0,1,1.4,météo très défavorable
2013-12-16,2,0,23,-0,2,2,0.8,95,9.25,1020,90.875,2,2,-4,317,119,119,0.1,1,1.4,météo très défavorable
2013-12-17,5,0,39,4,4,3,1.8,93,8.875,1011,74,5,4,-2,266,116,116,0,1,5.6,météo très défavorable
2013-12-18,3,0,26,2,2,2,0,89,10,1020,16,3,2,-3,113,113,113,0,1,5.6,météo très défavorable
2013-12-19,2,0,17,1,0,-1,0.1,84,10,1021,73.75,2,1,-4,122,122,116,0,1,1.4,météo très défavorable
2013-12-20,2,0,31,-1,-0,2,0.2,92,8.75,1016,85.875,2,1,-7,122,230,119,0,1,1.4,météo très défavorable
2013-12-21,2,0,24,1,2,2,0.1,96,10,1014,83,2,2,-3,122,119,326,0.1,1,1.4,météo très défavorable
2013-12-22,3,0,30,3,3,2,3.7,95,8.75,1004,90.25,4,3,-3,266,119,296,0,1,1.4,météo très défavorable
2013-12-23,3,0,37,3,3,3,0.5,94,8.875,1001,88.25,3,2,-3,119,266,119,0,1,1.5,météo très défavorable
2013-12-24,3,0,22,2,2,1,0.3,93,9,1008,80.75,3,2,-4,113,116,266,0,1,1.5,météo très défavorable
2013-12-25,2,0,26,2,2,1,0.4,92,9,1004,53.625,2,1,-4,119,116,113,0,1,5.8,météo très défavorable
2013-12-26,1,0,26,-0,0,1,0.3,90,9.375,1009,52.875,1,0,-6,116,116,263,0,1,5.8,météo très défavorable
2013-12-27,2,0,24,1,2,2,2.2,92,8.75,1010,85.75,2,1,-4,296,116,266,0,1,3.6,météo très défavorable
2013-12-28,3,0,28,2,3,3,0.2,93,10,1008,85.75,3,2,-3,119,119,119,0,1,1.5,météo très défavorable
2013-12-29,3,0,24,2,3,2,1.1,95,8,1006,93.25,3,2,-2,119,266,266,0,1,1.5,météo très défavorable
2013-12-30,4,0,29,2,3,3,2.7,95,7.75,1012,98,4,3,-2,296,266,317,0,1,1.5,météo très défavorable
2013-12-31,3,0,27,2,3,1,0.1,91,10,1021,65.25,3,1,-3,116,122,116,0,1,1.5,météo très défavorable
2014-01-01,1,0,31,1,1,0,0,91,10,1021,74.75,1,0,-6,119,116,119,0,1,5.8,météo très défavorable
2014-01-02,-1,0,17,-2,-2,-1,0,88,10,1022,55.375,0,0,-7,116,116,119,0,2,3.7,météo très défavorable
2014-01-03,-1,0,19,-2,-2,-2,0,84,10,1021,76.5,0,0,-7,119,119,119,0,2,1.5,météo très défavorable
2014-01-04,1,0,21,0,0,0,0.7,91,9,1016,86.75,1,0,-5,338,119,122,0.6,1,1.5,météo très défavorable
2014-01-05,3,0,20,1,2,2,0.2,96,10,1013,87.625,3,2,-2,122,122,119,0,1,1.5,météo très défavorable
2014-01-06,1,0,16,0,0,1,0,89,9,1013,79.875,1,0,-4,116,119,122,0,1,1.5,météo très défavorable
2014-01-07,2,0,27,1,1,1,0.3,93,9,1013,76.375,2,0,-4,119,119,266,0,2,1.5,météo très défavorable
2014-01-08,4,0,21,3,4,4,4.1,97,8.75,1003,99.5,4,3,-1,296,122,266,0,1,1.6,météo très défavorable
2014-01-09,3,0,19,3,3,3,1.6,97,6.875,1000,99.125,3,3,-1,266,266,122,0,1,1.7,météo très défavorable
2014-01-10,3,0,24,2,2,1,4.6,96,5.5,998,98.75,3,2,-3,122,338,338,3.9,1,1.7,météo très défavorable
2014-01-11,0,0,24,-3,-4,-5,0.6,84,7.5,1000,99.375,0,0,-11,230,326,122,0,1,1.7,météo très défavorable
2014-01-12,-5,0,15,-5,-6,-6,0.2,80,9.375,1000,91.375,0,0,-12,332,122,326,0.1,1,1.7,météo très défavorable
2014-01-13,-6,0,27,-6,-6,-6,0.4,81,8.125,1010,100,0,0,-14,332,332,122,0.3,1,1.7,météo très défavorable
2014-01-14,-6,0,12,-7,-7,-7,0,87,10,1017,90.625,0,0,-13,122,119,122,0,1,1.7,météo très défavorable
2014-01-15,-6,0,20,-7,-6,-7,0.1,83,10,1021,72.375,0,0,-13,326,116,116,0,1,3.8,météo très défavorable
2014-01-16,-6,0,19,-6,-6,-6,0,83,10,1021,94.125,0,0,-13,326,326,122,0.1,1,1.7,météo très défavorable
2014-01-17,-6,0,18,-7,-7,-8,0.2,80,8.75,1024,93.625,0,0,-15,332,326,326,0.2,1,1.7,météo très défavorable
2014-01-18,-8,0,16,-9,-10,-10,0.1,89,9.375,1029,75.75,0,0,-17,326,116,119,0.1,1,3.8,météo très défavorable
2014-01-19,-9,0,9,-10,-10,-10,0,94,8,1035,49.5,0,0,-15,326,326,113,0,1,3.8,météo très défavorable
2014-01-20,-10,0,5,-12,-11,-11,0,78,10,1036,7.5,0,0,-15,113,113,113,0,2,5.8,météo très défavorable
2014-01-21,-8,0,3,-9,-9,-8,0.1,89,10,1033,78.25,0,0,-9,122,326,326,0.1,2,1.8,météo très défavorable
2014-01-22,-9,0,12,-11,-11,-11,0.4,92,7.375,1029,74.125,0,0,-17,338,332,143,0.4,1,3.8,météo très défavorable
2014-01-23,-11,0,8,-12,-11,-11,0,90,8,1033,29,0,0,-16,113,116,143,0,1,5.8,météo très défavorable
2014-01-24,-11,0,5,-12,-11,-12,0,89,9,1035,28.625,0,0,-15,143,113,113,0,2,5.8,météo très défavorable
2014-01-25,-8,0,19,-9,-9,-9,0,90,10,1034,35.625,0,0,-17,116,116,116,0,1,5.8,météo très défavorable
2014-01-26,-7,0,6,-8,-8,-8,0,91,8,1031,23,0,0,-11,323,113,143,0,1,5.8,météo très défavorable
2014-01-27,-10,0,14,-11,-12,-12,0,91,7,1032,41.625,0,0,-18,143,116,116,0,1,5.8,météo très défavorable
2014-01-28,-12,0,24,-14,-13,-13,0,90,10,1041,23.625,0,0,-23,116,116,113,0,2,5.8,météo très défavorable
2014-01-29,-12,0,20,-15,-14,-15,0,88,10,1045,15.125,0,0,-23,113,113,113,0,2,5.8,météo très défavorable
2014-01-30,-15,0,21,-17,-16,-15,0,85,10,1047,8.875,0,0,-26,113,113,113,0,2,5.8,météo très défavorable
2014-01-31,-11,0,28,-16,-15,-12,0,76,10,1047,26.625,0,0,-25,113,113,116,0,2,3.9,météo très défavorable
2014-02-01,-7,0,38,-9,-10,-8,1.9,87,7.5,1036,97.5,0,0,-20,122,230,230,0,1,2,météo très défavorable
2014-02-02,-5,0,21,-7,-7,-6,5.9,87,7.25,1024,75.125,0,0,-14,350,116,119,0.3,1,5.8,météo très défavorable
2014-02-03,-3,0,15,-4,-4,-3,1.3,94,7.75,1024,96.125,0,0,-9,122,338,338,1,1,2,météo très défavorable
2014-02-04,-1,0,16,-2,-1,-3,0.1,94,8,1026,68.375,0,0,-6,119,119,143,0,1,2,météo très défavorable
2014-02-05,-3,0,15,-3,-3,-6,0,94,9,1024,49.5,0,0,-9,119,116,116,0,1,5.8,météo très défavorable
2014-02-06,-4,0,16,-8,-6,-5,0,85,10,1013,37.125,0,0,-12,113,119,116,0,1,3.9,météo très défavorable
2014-02-07,-2,0,10,-7,-5,-3,0,93,5,1007,66.75,0,0,-9,143,119,143,0,1,2.1,météo très défavorable
2014-02-08,1,0,27,-2,-0,0,1.7,94,9.875,1007,91.375,1,0,-7,119,122,317,0,1,3.1,météo très défavorable
2014-02-09,1,0,16,1,1,-1,0,94,10,1006,67.125,1,0,-4,326,116,113,0,1,6.9,météo très défavorable
2014-02-10,1,0,12,-0,0,0,0.5,95,6.875,1007,97.875,1,0,-3,122,143,317,0,1,3.3,météo très défavorable
2014-02-11,1,0,14,-0,0,-0,1,95,7.75,1010,91.875,1,0,-4,317,326,143,0.1,1,3.3,météo très défavorable
2014-02-12,-0,0,11,-1,0,0,2.2,95,6,1008,96.375,1,0,-3,338,338,326,1.8,1,3.4,météo très défavorable
2014-02-13,-0,0,15,0,0,-0,1.4,95,7,1007,96.375,0,0,-4,338,338,122,1.2,1,3.4,météo très défavorable
2014-02-14,1,0,9,-1,0,-0,0.1,91,8,1009,90.25,1,0,-2,122,326,119,0.1,1,3.4,météo très défavorable
2014-02-15,-0,0,7,-2,-0,-5,0.2,93,6,1012,56.75,0,0,-4,332,329,113,0.2,1,5.2,météo très défavorable
2014-02-16,1,0,23,-1,-0,0,3.9,94,8,1010,90.75,1,0,-6,326,338,338,3.3,1,3.4,météo très défavorable
2014-02-17,1,0,19,1,1,1,2.2,94,7.625,997,98.25,1,0,-4,332,332,338,1.2,1,4.8,météo très défavorable
2014-02-18,0,0,16,-0,0,-0,1.7,95,7.375,1003,92.875,0,0,-4,332,119,338,1.4,1,4.8,météo très défavorable
2014-02-19,-0,0,15,-1,-0,-0,0.5,96,7,1007,96,0,0,-5,119,122,143,0.5,1,4.9,météo très défavorable
2014-02-20,-3,0,6,-6,-4,-5,0,90,7,1010,68.875,0,0,-7,143,119,119,0,1,4.9,météo très défavorable
2014-02-21,-2,0,13,-4,-4,-4,0.1,87,8.375,1016,60.875,0,0,-8,119,113,116,0.1,1,9.9,météo très défavorable
2014-02-22,1,0,25,-1,1,1,1.5,95,8.875,1014,88.75,1,0,-5,317,122,266,0,1,5,météo très défavorable
2014-02-23,2,0,25,0,1,2,0.2,95,10,1019,86.625,2,1,-4,326,119,122,0,1,5,météo très défavorable
2014-02-24,3,0,31,1,2,2,0,89,10,1025,49,3,1,-5,116,113,119,0,1,10,météo très défavorable
2014-02-25,2,0,24,-1,0,-0,0,85,10,1030,18.5,2,0,-6,116,113,113,0,1,10.1,météo très défavorable
2014-02-26,1,0,13,-2,-1,-1,0,82,10,1031,19.375,1,0,-5,113,113,113,0,1,10.1,météo très défavorable
2014-02-27,1,0,11,-2,-0,-1,0,87,10,1029,33.375,1,0,-4,113,119,113,0,1,10,météo très défavorable
2014-02-28,-0,0,7,-2,-0,-0,0.1,87,10,1021,68,1,0,-3,116,326,119,0,1,5.1,météo très défavorable
2014-03-01,1,0,13,-3,-1,0,0,82,10,1018,64.75,1,0,-5,113,116,122,0,1,8.4,météo très défavorable
2014-03-02,2,0,15,0,1,1,0,87,10,1016,95.5,2,0,-4,326,326,119,0.1,1,5.2,météo très défavorable
2014-03-03,2,0,19,0,1,1,1.1,87,8,1013,97.125,2,0,-4,326,122,338,1,1,5.4,météo très défavorable
2014-03-04,1,0,8,0,1,0,0.4,96,5.75,1021,95.125,1,0,-2,332,326,326,0.3,1,5.4,météo très défavorable
2014-03-05,2,0,11,-2,1,0,0,76,10,1028,80.5,2,0,-2,119,119,116,0,1,7,météo très défavorable
2014-03-06,2,0,14,-1,1,2,0,86,10,1029,73.375,2,0,-2,326,116,119,0,2,5.5,météo très défavorable
2014-03-07,3,0,25,0,1,2,0,89,10,1028,54.75,3,0,-4,119,116,116,0,1,10.1,météo très défavorable
2014-03-08,2,0,36,0,2,2,0.4,84,9.875,1022,45,2,0,-4,116,317,113,0,2,8.6,météo très défavorable
2014-03-09,4,0,31,0,2,4,0.1,79,10,1024,19.25,5,0,-4,113,116,113,0,2,10.1,météo très défavorable
2014-03-10,5,0,31,1,3,4,0,85,10,1018,24.75,5,2,-3,113,113,116,0,2,11.2,météo très défavorable
2014-03-11,3,0,35,1,2,2,1.1,81,9.875,1025,23.25,3,2,-4,116,113,113,0,1,11.2,météo très défavorable
2014-03-12,3,0,35,-1,2,2,0,79,10,1025,19.875,3,1,-4,113,116,113,0,2,11.3,météo très défavorable
2014-03-13,3,0,23,0,2,2,0,87,10,1015,26.875,3,1,-2,116,113,113,0,2,11.6,météo très défavorable
2014-03-14,3,0,38,0,2,2,0,73,10,1007,25.625,3,0,-5,122,113,116,0,2,11.6,météo très défavorable
2014-03-15,1,0,18,0,0,1,4.5,93,8,997,79.25,1,0,-5,119,338,338,3.8,2,5.9,météo très défavorable
2014-03-16,0,0,31,0,-1,-2,2.2,77,5,985,97.875,0,0,-8,230,230,230,0,1,6,météo très défavorable
2014-03-17,-2,0,6,-5,-3,-3,0,79,10,995,12.25,0,0,-6,113,113,113,0,2,11.6,météo très défavorable
2014-03-18,-2,0,9,-6,-3,-2,0,73,10,1003,33.75,0,0,-6,116,113,116,0,2,11.6,météo très défavorable
2014-03-19,-1,0,13,-4,-2,-1,1.3,89,8.75,1001,69.125,0,0,-5,335,116,332,1.2,1,7.4,météo très défavorable
2014-03-20,-2,0,11,-7,-2,-2,0,82,10,1010,31,0,0,-6,113,116,116,0,2,11.6,météo très défavorable
2014-03-21,6,0,41,1,4,4,1.2,86,8.75,1006,58.5,6,3,-2,119,113,116,0,1,10.2,météo très défavorable
2014-03-22,4,0,23,1,2,3,0,92,10,1005,42.5,4,2,-3,119,116,113,0,1,10.2,météo très défavorable
2014-03-23,3,0,21,0,2,3,3.4,98,8.625,1007,79.875,3,3,-3,119,302,266,0,2,6.3,météo très défavorable
2014-03-24,0,0,19,-4,-2,-1,1,86,7.5,1009,55.875,0,0,-7,311,311,311,0,1,10.3,météo très défavorable
2014-03-25,-1,0,18,-4,-2,-2,0.6,85,7.75,1010,68.5,0,0,-7,311,311,311,0,1,6.4,météo très défavorable
2014-03-26,0,0,20,-3,-1,-1,1.4,85,7.75,1010,71.125,0,0,-6,329,311,311,0.7,1,7.7,météo très défavorable
2014-03-27,4,0,8,0,3,4,0,71,10,1031,22.5,4,0,1,113,116,116,0,1,11.6,météo très défavorable
2014-03-28,3,0,18,0,2,2,0,73,10,1032,21.625,3,0,-2,116,119,113,0,2,10.3,météo très défavorable
2014-03-29,3,0,18,-1,2,3,0,64,10,1032,29.125,3,0,-3,116,116,113,0,2,11.6,météo très défavorable
2014-03-30,4,0,14,1,3,3,0,72,10,1017,34.5,4,0,-1,113,116,119,0,2,10.3,météo très défavorable
2014-03-31,1,0,22,0,0,1,0.4,57,9.25,1011,64.375,1,0,-5,371,371,323,0.3,2,10.3,météo très défavorable
2014-04-01,2,0,22,-1,1,1,0.2,70,9.625,1013,47.25,2,0,-3,113,326,371,0.2,2,7.8,météo très défavorable
2014-04-02,1,0,26,-1,1,1,0,59,10,1015,32.625,1,0,-5,113,116,113,0,2,10.4,météo très défavorable
2014-04-03,2,0,25,0,2,2,0,80,10,1008,74.125,2,0,-4,122,116,119,0,1,9.1,météo très défavorable
2014-04-04,2,0,21,-1,1,1,0,58,10,1018,21.25,2,0,-4,113,113,116,0,2,10.4,météo très défavorable
2014-04-05,4,0,36,-1,2,4,0,73,10,1019,17.25,4,0,-4,116,113,116,0,2,11.6,météo très défavorable
2014-04-06,2,0,23,1,2,1,1.3,91,7.875,1013,71.75,2,1,-3,113,317,266,0,2,6.7,météo très défavorable
2014-04-07,3,0,4,-1,1,3,0,74,7,1013,40.5,3,0,1,143,116,113,0,1,11.6,météo très défavorable
2014-04-08,3,0,16,1,3,3,0,58,10,1014,22.75,4,0,-1,113,113,116,0,2,11.6,météo très défavorable
2014-04-09,3,0,23,-1,2,1,0,54,10,1022,9,3,0,-3,113,113,113,0,2,11.6,météo très défavorable
2014-04-10,4,0,17,-2,2,4,0,48,10,1028,4.375,4,0,-3,113,113,113,0,2,11.6,météo très défavorable
2014-04-11,6,0,31,0,5,6,0,53,10,1026,36.5,6,0,0,116,113,116,0,2,14.1,météo très défavorable
2014-04-12,5,0,20,2,3,5,1.6,91,8.875,1015,67.625,5,3,-1,296,266,119,0,2,9.1,météo très défavorable
2014-04-13,8,0,32,3,7,6,1.1,71,9.875,1011,52.125,8,4,2,116,113,296,0,2,12.4,météo très défavorable
2014-04-14,5,0,17,4,4,5,0.6,82,9.875,1000,71,5,3,1,119,119,176,0,1,10.2,météo très défavorable
2014-04-15,5,0,15,2,5,5,0.1,79,10,1011,42.625,5,2,1,119,113,116,0,1,13.4,météo très défavorable
2014-04-16,5,0,22,2,4,4,0,57,10,1022,12.75,5,2,-1,113,113,113,0,2,14.5,météo très défavorable
2014-04-17,7,0,25,1,5,7,0,61,10,1022,62.375,7,0,1,116,116,122,0,2,11.4,météo très défavorable
2014-04-18,9,0,20,3,7,8,0,57,10,1020,52.75,9,0,4,116,113,116,0,1,14.5,météo très défavorable
2014-04-19,8,0,12,5,8,7,0,58,10,1026,14.25,8,1,5,113,113,113,0,3,14.5,météo très défavorable
2014-04-20,9,0,12,5,8,8,0,61,10,1025,7.625,9,2,6,113,113,113,0,3,14.5,météo très défavorable
2014-04-21,11,0,9,4,9,11,0,67,10,1025,4.375,11,3,7,113,113,113,0,3,14.5,météo très défavorable
2014-04-22,11,0,14,6,10,11,0,65,10,1017,3.125,11,4,8,113,113,113,0,3,14.5,météo très défavorable
2014-04-23,7,0,22,4,5,6,0,49,10,1030,2.125,7,1,1,113,113,113,0,3,14.5,météo très défavorable
2014-04-24,5,0,17,1,4,4,0,53,10,1035,2.5,5,0,2,113,113,113,0,2,14.5,météo très défavorable
2014-04-25,7,0,23,3,6,6,0,55,10,1027,8.375,7,0,2,113,113,113,0,2,14.5,météo très défavorable
2014-04-26,9,0,10,3,8,9,0,62,10,1022,25.375,9,1,6,116,113,113,0,2,14.5,météo très défavorable
2014-04-27,10,0,10,5,8,10,0,57,10,1015,32.125,10,0,7,116,113,116,0,3,14.5,météo très défavorable
2014-04-28,10,0,17,6,10,9,0,54,10,1012,31.375,11,2,8,113,113,116,0,3,14.5,météo très défavorable
2014-04-29,9,0,22,6,8,8,0,69,10,1009,59.375,9,4,5,116,116,122,0,3,12.6,météo très défavorable
2014-04-30,6,0,17,3,6,6,0.7,61,9,1006,19.5,6,3,3,113,113,113,0,2,14.5,météo très défavorable
2014-05-01,6,0,17,2,6,4,2.4,79,8.875,1007,59.375,6,2,2,116,266,296,0,1,13.8,météo très défavorable
2014-05-02,4,0,28,2,4,4,0.8,66,9,1015,26.75,4,0,-1,113,116,113,0.6,1,16,météo très défavorable
2014-05-03,6,0,21,2,4,6,1,61,10,1016,46.5,6,0,0,362,113,116,0,1,14.9,météo très défavorable
2014-05-04,6,0,10,3,5,6,1.4,71,9.75,1014,93.75,6,2,2,326,317,353,0.1,1,12.4,météo très défavorable
2014-05-05,5,0,16,3,5,5,1.1,86,9.75,1010,82.75,5,2,1,116,353,122,0,1,13.3,météo très défavorable
2014-05-06,5,0,26,0,4,5,0,51,10,1016,30.625,5,0,-1,116,113,113,0,1,16.6,météo très défavorable
2014-05-07,7,0,11,2,6,6,0,54,10,1018,17.125,7,0,4,113,113,116,0,1,16.7,météo très défavorable
2014-05-08,6,0,26,3,4,6,1.3,90,9.875,1018,70.5,7,5,-0,116,296,119,0,1,12.6,météo très défavorable
2014-05-09,11,0,12,6,10,11,1.2,86,8.75,1013,80,11,8,8,248,353,353,0,1,13.4,météo très défavorable
2014-05-10,11,0,7,8,9,11,2.2,93,8,1009,75.125,11,9,8,122,119,353,0,1,15,météo très défavorable
2014-05-11,9,0,26,9,7,8,3.5,96,7.375,1003,86.125,9,9,3,248,296,119,0,1,13.5,météo très défavorable
2014-05-12,10,0,17,7,10,8,1,89,8.625,1007,71.5,10,7,7,116,116,296,0,1,15.1,météo très défavorable
2014-05-13,10,0,10,8,10,7,3.8,96,5.625,1004,95.25,10,9,8,296,266,353,0,1,12.7,météo très défavorable
2014-05-14,7,0,26,5,6,7,4.6,92,9.5,1022,79.5,7,5,1,119,296,116,0,1,14.3,météo très défavorable
2014-05-15,8,0,10,4,7,7,0,69,10,1031,23.75,8,2,6,116,116,113,0,1,17.1,météo très défavorable
2014-05-16,9,0,4,5,8,9,0,67,10,1032,42.5,9,4,8,116,116,116,0,1,15.9,météo très défavorable
2014-05-17,12,0,5,7,10,12,0,67,10,1027,11.5,12,5,10,113,113,113,0,1,17.2,météo très défavorable
2014-05-18,17,0,12,8,14,17,0,62,10,1023,5.75,17,9,13,113,113,113,0,1,17.2,météo très défavorable
2014-05-19,21,0,21,12,18,20,1.5,70,9.875,1022,7.875,21,13,18,113,176,113,0,1,17.3,météo favorable
2014-05-20,18,0,10,12,16,18,0,74,10,1019,8,18,12,16,113,113,113,0,1,17.3,météo favorable
2014-05-21,17,0,16,11,16,16,1,79,7.875,1017,11.625,17,12,16,143,176,113,0,1,17.3,météo très défavorable
2014-05-22,13,0,23,9,12,13,0,77,10,1021,25,13,9,10,113,113,113,0,1,17.4,météo très défavorable
2014-05-23,16,0,7,12,15,15,0,64,10,1023,4.25,16,9,15,113,113,113,0,1,17.4,météo très défavorable
2014-05-24,18,0,9,13,17,18,0,66,10,1022,7.25,18,10,17,113,113,113,0,1,17.4,météo favorable
2014-05-25,17,0,10,13,17,16,0.8,72,9.75,1018,24,17,12,16,176,113,113,0,1,16.7,météo très défavorable
2014-05-26,14,0,21,12,13,13,4.4,81,9.625,1015,15.75,14,10,11,353,113,113,0,1,17.4,météo très défavorable
2014-05-27,10,0,25,7,7,7,0.5,83,8,1018,79.875,10,9,3,122,266,266,0,1,13.5,météo très défavorable
2014-05-28,8,0,29,6,7,8,8,92,8,1018,99.75,8,7,2,302,266,389,0,1,13.5,météo très défavorable
2014-05-29,11,0,16,8,11,11,2.7,92,8.5,1011,91.125,11,10,9,353,119,266,0,1,13.8,météo très défavorable
2014-05-30,11,0,10,9,10,10,2.6,96,5.375,1014,92,11,10,9,296,143,119,0,1,13.9,météo très défavorable
2014-05-31,12,0,5,9,12,12,0,75,10,1015,78.625,12,8,12,116,122,122,0,1,15.1,météo très défavorable
2014-06-01,12,0,7,10,11,11,0.2,80,9.875,1018,26,12,10,11,116,113,176,0,1,17.4,météo très défavorable
2014-06-02,14,0,25,10,11,14,4.3,96,8.75,1020,75.75,14,11,8,296,302,119,0,1,13.9,météo très défavorable
2014-06-03,17,0,15,12,16,17,9.9,83,9,1019,46.75,17,14,16,353,176,359,0,1,16.3,météo très défavorable
2014-06-04,19,0,15,13,18,18,1,53,9.875,1021,9.5,19,13,18,176,113,113,0,1,17.4,météo favorable
2014-06-05,21,0,18,14,20,21,0,46,10,1020,14.375,24,11,20,113,113,113,0,1,17.4,météo favorable
2014-06-06,19,0,6,14,18,19,0.9,63,9.875,1019,16.375,19,12,18,113,113,353,0,1,17.4,météo favorable
2014-06-07,17,0,18,14,17,14,0.2,91,10,1017,41.75,18,13,14,116,116,353,0,1,17.4,météo très défavorable
2014-06-08,15,0,10,12,15,14,0.4,77,9.875,1017,28.5,15,11,14,113,113,176,0,1,16.8,météo très défavorable
2014-06-09,15,0,21,12,15,15,0,74,10,1015,12,15,11,15,113,113,113,0,1,17.4,météo très défavorable
2014-06-10,15,0,15,12,15,14,0.5,76,9.875,1018,27,15,11,13,176,116,113,0,1,17.4,météo très défavorable
2014-06-11,14,0,17,10,14,14,0,68,10,1020,19.75,15,9,13,116,113,116,0,1,17.4,météo très défavorable
2014-06-12,15,0,18,12,15,12,2.8,88,8.625,1018,53.75,15,11,11,113,116,302,0,1,15.8,météo très défavorable
2014-06-13,14,0,10,11,12,14,1,91,6.875,1006,74.5,14,11,12,266,266,176,0,1,15.2,météo très défavorable
2014-06-14,16,0,25,11,16,15,5.1,78,9.625,1010,29.625,16,11,13,353,176,176,0,1,17.4,météo très défavorable
2014-06-15,13,0,16,8,12,13,0,59,10,1014,9.125,13,8,10,113,113,113,0,1,17.4,météo très défavorable
2014-06-16,14,0,25,11,14,13,1.2,67,9.75,1012,31.375,14,9,12,176,176,353,0,1,16.9,météo très défavorable
2014-06-17,9,0,34,8,8,7,3.5,60,9.875,1005,62.5,9,8,3,293,119,353,0,1,16.3,météo très défavorable
2014-06-18,12,0,25,7,10,12,2.7,67,9.75,1003,51.75,12,8,7,293,113,116,0,1,16.9,météo très défavorable
2014-06-19,14,0,24,11,13,14,0.1,70,10,1002,39.875,15,10,11,116,113,116,0,1,16.9,météo très défavorable
2014-06-20,14,0,13,11,13,14,3.1,74,8.75,999,48.5,14,10,12,296,113,113,0,1,16.3,météo très défavorable
2014-06-21,12,0,30,11,11,12,0,62,10,1004,22.75,12,7,8,116,113,113,0,1,17.4,météo très défavorable
2014-06-22,14,0,4,9,13,14,0.2,66,9.875,1007,25.625,14,9,13,113,113,176,0,1,17.4,météo très défavorable
2014-06-23,12,0,10,9,10,12,5.2,85,9.5,1008,72,12,9,10,302,296,116,0,1,15.2,météo très défavorable
2014-06-24,12,0,16,9,12,12,0.2,78,10,1008,47.875,12,10,11,113,116,353,0,1,16.3,météo très défavorable
2014-06-25,13,0,16,9,12,13,0.1,67,10,1011,68.375,13,8,10,122,116,116,0,1,16.3,météo très défavorable
2014-06-26,13,0,5,11,12,13,0,67,10,1016,63.875,13,7,12,116,116,116,0,1,16.9,météo très défavorable
2014-06-27,13,0,6,9,13,13,0.4,66,9.875,1018,33.625,13,8,13,116,116,176,0,1,17.4,météo très défavorable
2014-06-28,15,0,15,11,14,14,0,61,10,1019,14,15,8,14,116,113,113,0,1,17.4,météo très défavorable
2014-06-29,14,0,17,12,14,12,1.2,70,9.875,1018,52.75,14,10,13,113,116,293,0,1,15.2,météo très défavorable
2014-06-30,15,0,15,12,15,15,5.6,99,7.625,1009,92.5,15,15,15,266,266,353,0,1,14.1,météo très défavorable
2014-07-01,14,0,8,12,14,13,0.7,94,8.375,1009,77.75,14,13,12,143,122,263,0,1,15.2,météo très défavorable
2014-07-02,15,0,26,12,14,15,3.2,82,9.625,1011,66.625,15,12,12,122,116,119,0,1,15.7,météo très défavorable
2014-07-03,16,0,21,12,14,16,2.1,77,9.875,1013,28.625,16,12,13,116,176,113,0,1,17.4,météo très défavorable
2014-07-04,16,0,24,12,15,16,5.5,88,9.25,1012,57.5,16,13,13,389,353,176,0,1,15.7,météo très défavorable
2014-07-05,16,0,17,13,16,16,0,72,10,1016,17.375,16,12,16,113,116,113,0,1,17.4,météo très défavorable
2014-07-06,19,0,7,14,18,19,0,67,10,1020,2.375,19,12,18,113,113,113,0,1,17.4,météo favorable
2014-07-07,20,0,9,14,19,20,0,65,10,1023,6.125,20,13,19,113,113,113,0,1,17.4,météo favorable
2014-07-08,20,0,8,15,19,20,0,62,10,1024,19.875,20,14,19,116,113,113,0,1,17.4,météo favorable
2014-07-09,21,0,12,17,20,20,1.6,59,9.875,1020,15.125,21,14,20,113,113,176,0,1,17.4,météo favorable
2014-07-10,16,0,27,13,16,15,0,62,10,1022,8.375,16,12,13,113,113,113,0,1,17.4,météo très défavorable
2014-07-11,18,0,18,11,16,18,0,57,10,1025,9.625,18,10,16,113,113,113,0,1,17.4,météo favorable
2014-07-12,21,0,19,13,19,21,0,58,10,1023,23.5,21,13,19,113,113,116,0,1,17.4,météo favorable
2014-07-13,23,0,18,16,22,23,0.7,59,10,1018,14,25,14,22,113,113,113,0,1,17.4,météo favorable
2014-07-14,21,0,11,18,21,20,3.9,73,9.625,1015,30.375,21,16,21,113,353,356,0,1,17.4,météo très défavorable
2014-07-15,21,0,8,17,20,21,3.3,69,9.875,1016,21.25,24,16,20,113,113,353,0,1,16.8,météo favorable
2014-07-16,19,0,13,16,19,19,3.2,73,9.625,1017,14,19,16,19,113,113,113,0,1,17.4,météo favorable
2014-07-17,18,0,17,16,17,18,0.2,80,9,1020,27.5,18,15,17,143,113,113,0,1,16.7,météo favorable
2014-07-18,20,0,10,16,19,20,0,72,10,1020,11.5,20,14,20,113,113,113,0,1,17.4,météo favorable
2014-07-19,20,0,6,17,20,20,6.9,80,9.125,1020,22.875,20,16,20,176,356,356,0,1,17.4,météo très défavorable
2014-07-20,22,0,12,17,22,22,0,60,10,1019,10.875,24,15,22,113,113,113,0,1,17.4,météo favorable
2014-07-21,21,0,19,16,21,21,0,57,10,1020,19,24,14,21,113,116,113,0,1,16.7,météo favorable
2014-07-22,21,0,13,16,21,20,0,63,10,1022,31.875,21,14,21,113,119,116,0,1,16.7,météo très défavorable
2014-07-23,22,0,12,18,21,20,0.6,62,9.875,1023,43.25,25,15,21,116,113,353,0,1,16.7,météo favorable
2014-07-24,22,0,10,18,21,22,2.8,70,9.75,1022,7.875,25,16,21,176,113,113,0,1,17.3,météo favorable
2014-07-25,22,0,17,17,21,21,0,66,10,1023,5.875,25,15,21,113,113,113,0,1,17.2,météo favorable
2014-07-26,23,0,13,19,23,23,2.8,67,9.625,1020,9.75,25,17,23,356,113,113,0,1,17.2,météo favorable
2014-07-27,24,0,11,20,23,23,0,62,10,1021,9.875,25,16,23,113,113,113,0,1,17.1,météo favorable
2014-07-28,23,0,10,19,23,23,0.9,66,9.875,1018,12.75,25,16,23,176,113,113,0,1,17.1,météo favorable
2014-07-29,23,0,15,19,23,22,2.7,69,9.75,1013,12.375,25,17,23,176,113,176,0,1,17,météo favorable
2014-07-30,23,0,5,19,22,23,5.3,75,9.5,1011,12.375,25,18,22,113,356,176,0,1,17,météo très défavorable
2014-07-31,26,0,22,19,25,26,0.8,48,9.875,1011,20.125,26,18,26,113,113,116,0,1,17,météo favorable
2014-08-01,21,0,18,18,21,21,0,74,10,1015,32.5,24,18,21,116,113,113,0,4,16.9,météo favorable
2014-08-02,21,0,13,18,21,21,0,73,10,1021,11.5,24,16,21,113,113,113,0,5,16.9,météo favorable
2014-08-03,24,0,5,18,22,24,0,69,10,1024,7.25,25,16,22,113,113,113,0,5,16.8,météo favorable
2014-08-04,24,0,11,19,23,24,0,61,10,1023,2.25,26,16,23,113,113,113,0,5,16.8,météo favorable
2014-08-05,24,0,11,18,23,23,0,58,10,1021,5.5,25,15,23,113,113,113,0,5,16.7,météo favorable
2014-08-06,23,0,14,18,23,23,0,55,10,1020,18.625,25,15,23,116,113,113,0,5,16.7,météo favorable
2014-08-07,23,0,7,19,22,23,6.2,67,9.625,1017,13.625,25,16,22,113,386,356,0,5,16.6,météo très défavorable
2014-08-08,21,0,16,19,21,20,6.3,77,9.625,1014,18.75,21,17,20,356,386,113,0,6,16.2,météo très défavorable
2014-08-09,21,0,16,18,21,19,0,73,10,1012,31.125,24,16,21,113,113,116,0,5,16.1,météo favorable
2014-08-10,22,0,14,18,22,21,0.6,68,9.875,1012,8,25,17,22,113,113,113,0,4,16.1,météo favorable
2014-08-11,24,0,10,19,22,24,0,66,10,1013,17.125,25,16,22,113,113,113,0,5,16,météo favorable
2014-08-12,21,0,16,18,19,20,7.8,95,9.375,1008,49.125,21,18,19,176,302,353,0,4,15.6,météo très défavorable
2014-08-13,20,0,22,17,20,19,3.1,68,9.75,1008,17,20,15,19,113,113,176,0,4,15.9,météo favorable
2014-08-14,20,0,22,16,20,16,0.5,61,9.375,1010,20.5,20,13,20,113,113,263,0,5,15.8,météo favorable
2014-08-15,19,0,22,16,18,19,1.5,69,8.875,1004,48.875,20,14,18,266,113,113,0,3,13.5,météo favorable
2014-08-16,19,0,14,17,19,19,4.6,71,9.25,1004,38.75,19,14,19,356,176,176,0,4,14.5,météo favorable
2014-08-17,19,0,11,16,19,19,7.7,71,9.25,1002,27.125,19,14,19,176,176,176,0,4,14.5,météo favorable
2014-08-18,20,0,24,15,19,20,1.7,67,9.875,1005,29.25,20,13,19,113,113,116,0,4,14.5,météo favorable
2014-08-19,19,0,31,15,17,19,9.6,80,8.5,1006,38.5,19,13,16,263,296,356,0,5,12.5,météo très défavorable
2014-08-20,20,0,24,14,18,20,1.7,61,9.875,1008,23.625,20,12,18,113,116,116,0,4,14.5,météo favorable
2014-08-21,19,0,33,14,17,19,0.8,67,9.875,1009,45.75,19,12,17,119,116,176,0,4,12.5,météo favorable
2014-08-22,17,0,22,14,16,17,2.3,67,10,1010,45.125,17,11,16,353,113,116,0,5,13.5,météo très défavorable
2014-08-23,18,0,22,13,16,18,0.3,67,9.875,1012,52.875,18,11,16,176,119,119,0,4,11.4,météo très défavorable
2014-08-24,18,0,20,13,17,18,2.9,65,9.875,1012,34.25,18,12,17,353,176,113,0,4,13.5,météo favorable
2014-08-25,16,0,26,14,16,15,6.4,80,8.75,1012,85,16,13,16,296,263,302,0,5,10.3,météo très défavorable
2014-08-26,15,0,20,14,15,15,12.3,81,8.625,995,82.75,15,13,15,356,356,356,0,3,10.3,météo très défavorable
2014-08-27,15,0,26,14,14,15,3,86,9,997,88.375,15,12,12,353,266,119,0,3,9.2,météo très défavorable
2014-08-28,16,0,18,13,15,16,0.6,78,10,1005,52.125,16,12,14,119,353,116,0,4,10.3,météo très défavorable
2014-08-29,15,0,10,13,14,15,5.2,78,9.5,1010,56.5,15,11,14,356,296,353,0,4,11.3,météo très défavorable
2014-08-30,14,0,16,11,13,14,0.5,69,10,1018,46.25,14,11,12,116,116,353,0,3,14.5,météo très défavorable
2014-08-31,14,0,17,10,14,14,0.1,77,10,1023,49.25,14,10,12,113,122,116,0,4,11.3,météo très défavorable
2014-09-01,14,0,12,11,14,14,0,66,10,1025,61.625,14,8,13,122,116,116,0,1,12.3,météo très défavorable
2014-09-02,14,0,10,10,13,14,0,60,10,1026,27.875,14,7,13,116,113,113,0,1,11.6,météo très défavorable
2014-09-03,17,0,25,14,16,16,0.1,64,10,1028,33.625,17,13,16,116,116,116,0,1,11.6,météo très défavorable
2014-09-04,16,0,22,15,15,16,0.3,91,10,1028,31.375,16,14,15,353,116,113,0,1,11.6,météo très défavorable
2014-09-05,17,0,30,14,16,17,0,75,10,1025,11.5,18,14,16,116,113,113,0,1,11.6,météo très défavorable
2014-09-06,16,0,15,14,16,16,0,78,10,1020,12.25,16,13,16,113,113,113,0,1,11.6,météo très défavorable
2014-09-07,17,0,6,13,16,17,0,72,10,1021,4.75,17,12,16,113,113,113,0,1,11.6,météo très défavorable
2014-09-08,18,0,5,12,17,17,0,72,10,1021,25.625,18,13,17,113,113,116,0,1,11.6,météo favorable
2014-09-09,19,0,17,13,18,19,0.1,66,10,1019,19.25,19,13,18,113,113,116,0,1,11.6,météo favorable
2014-09-10,17,0,6,14,17,17,2.8,82,9.625,1020,47,17,14,17,116,116,356,0,1,11.6,météo très défavorable
2014-09-11,19,0,9,15,18,18,0.4,77,9.875,1023,24,19,15,18,116,113,176,0,1,11.6,météo favorable
2014-09-12,17,0,12,15,17,16,3.4,91,9.5,1024,53.375,17,15,16,356,119,116,0,1,9.1,météo très défavorable
2014-09-13,15,0,18,12,14,14,1.7,75,9.5,1027,56.25,15,10,13,299,299,176,0,1,9.1,météo très défavorable
2014-09-14,14,0,10,10,13,14,0,67,10,1031,5.25,14,10,13,113,113,113,0,1,11.6,météo très défavorable
2014-09-15,16,0,15,13,15,15,0,72,10,1030,10.25,16,11,15,116,113,113,0,1,11.6,météo très défavorable
2014-09-16,16,0,6,9,14,15,0,56,10,1031,16.125,16,7,14,113,113,116,0,1,11.6,météo très défavorable
2014-09-17,16,0,8,10,14,15,0,63,10,1030,25.25,16,9,14,113,116,116,0,1,11.6,météo très défavorable
2014-09-18,16,0,10,12,15,15,0,71,10,1027,3.625,16,11,15,113,113,113,0,1,11.6,météo très défavorable
2014-09-19,17,0,12,12,16,16,0,72,10,1025,9.25,17,11,16,113,113,113,0,1,11.6,météo très défavorable
2014-09-20,17,0,15,12,15,16,0,66,10,1021,9.75,17,10,14,113,113,113,0,1,11.6,météo très défavorable
2014-09-21,17,0,22,11,15,16,0,59,10,1015,26.375,17,9,15,113,113,116,0,1,11.6,météo très défavorable
2014-09-22,15,0,15,11,14,14,0.4,71,9,1007,54.875,15,12,13,113,116,266,0,1,10.3,météo très défavorable
2014-09-23,13,0,28,11,8,7,3.7,93,8.75,1000,98.375,13,12,3,296,296,266,0,1,6.3,météo très défavorable
2014-09-24,10,0,34,6,8,10,0.2,64,10,1010,50.75,10,4,3,362,113,119,0,1,10.2,météo très défavorable
2014-09-25,12,0,33,9,10,12,2.6,75,9.625,1010,64.75,12,7,7,302,116,116,0,1,8.8,météo très défavorable
2014-09-26,14,0,21,8,11,13,0,69,10,1013,33,14,9,9,113,113,116,0,1,11.6,météo très défavorable
2014-09-27,13,0,31,12,13,13,1.2,71,9,1007,37.375,13,10,11,266,113,113,0,1,11.6,météo très défavorable
2014-09-28,14,0,37,12,14,14,1.2,77,9.875,1011,50.25,14,11,11,176,353,116,0,1,8.7,météo très défavorable
2014-09-29,14,0,26,12,13,13,0.1,83,10,1011,54.625,14,11,11,116,113,116,0,1,10.1,météo très défavorable
2014-09-30,12,0,30,10,9,10,0.7,77,10,1023,51.875,12,6,6,116,119,353,0,1,5.7,météo très défavorable
2014-10-01,9,0,12,6,8,8,0,67,10,1032,17.375,9,5,6,113,116,113,0,1,11.3,météo très défavorable
2014-10-02,11,0,16,7,10,10,0,68,10,1032,14,11,6,8,113,113,113,0,1,11.2,météo très défavorable
2014-10-03,11,0,16,10,11,11,0,87,10,1030,43.75,11,9,9,119,116,113,0,1,10.1,météo très défavorable
2014-10-04,11,0,8,8,10,10,0,69,10,1032,7.875,11,7,9,113,113,113,0,1,11.1,météo très défavorable
2014-10-05,7,0,19,4,7,6,0.1,76,10,1038,29.625,7,4,3,113,119,116,0,1,10.1,météo très défavorable
2014-10-06,7,0,16,4,7,7,0,71,10,1041,40.375,7,2,4,116,116,116,0,1,10.1,météo très défavorable
2014-10-07,10,0,21,4,7,8,0,65,10,1042,9.5,10,3,4,113,113,113,0,1,11,météo très défavorable
2014-10-08,9,0,32,4,7,9,0,67,10,1032,39.5,9,6,3,113,113,119,0,1,8.5,météo très défavorable
2014-10-09,11,0,13,9,10,11,0.1,89,10,1015,89.5,11,9,8,122,116,122,0,1,7,météo très défavorable
2014-10-10,12,0,18,10,11,12,2.3,96,7.875,1012,92.875,12,11,9,266,296,266,0,1,5.4,météo très défavorable
2014-10-11,12,0,31,10,11,11,0.7,88,10,1016,72.875,12,11,8,119,122,119,0,1,6.9,météo très défavorable
2014-10-12,10,0,5,9,10,10,0,89,10,1017,63.75,11,9,9,116,119,119,0,1,6.9,météo très défavorable
2014-10-13,9,0,9,7,8,8,1.7,90,9.875,1016,76.25,9,7,7,296,119,119,0,1,5.3,météo très défavorable
2014-10-14,8,0,14,7,7,8,0.1,91,10,1015,94,9,6,5,122,122,119,0,1,3.8,météo très défavorable
2014-10-15,7,0,29,6,7,6,0,81,10,1016,74.75,7,6,2,116,119,119,0,1,5.4,météo très défavorable
2014-10-16,4,0,31,2,4,4,0,65,10,1016,50.5,4,2,-2,113,116,116,0,1,8.7,météo très défavorable
2014-10-17,3,0,16,0,2,2,0.1,69,10,1018,60,3,0,-2,113,323,326,0,1,3.8,météo très défavorable
2014-10-18,2,0,10,0,1,2,0,61,10,1025,4,2,0,-2,113,113,113,0,1,8.7,météo très défavorable
2014-10-19,3,0,29,2,3,2,4.5,89,8.625,1024,77.375,3,2,-3,116,266,302,0,1,3.7,météo très défavorable
2014-10-20,7,0,12,6,7,4,0.3,94,7,997,95.375,8,7,3,266,122,122,0,1,3.7,météo très défavorable
2014-10-21,3,0,25,3,2,1,0.2,73,9.625,1013,84.875,3,1,-3,119,371,368,0.1,1,5.4,météo très défavorable
2014-10-22,1,0,23,-1,-1,-2,0.2,71,9.25,1027,73,1,0,-7,371,371,323,0.2,1,5.2,météo très défavorable
2014-10-23,-1,0,17,-3,-2,-1,0.1,65,9.625,1037,48.375,0,0,-7,371,116,113,0.1,1,8.7,météo très défavorable
2014-10-24,2,0,23,-2,-0,1,0,76,10,1039,36,2,0,-6,113,113,119,0,1,8.7,météo très défavorable
2014-10-25,2,0,31,-0,1,2,0,63,10,1034,66.875,3,0,-5,122,116,116,0,1,7,météo très défavorable
2014-10-26,4,0,29,1,2,3,0,83,10,1026,59.875,4,2,-3,113,119,122,0,1,5.2,météo très défavorable
2014-10-27,9,0,41,5,7,8,0.9,93,9.875,1020,95,9,9,2,122,122,296,0,1,3.4,météo très défavorable
2014-10-28,10,0,35,10,10,10,1,94,7,1014,99.625,10,9,6,266,266,266,0,1,3.4,météo très défavorable
2014-10-29,9,0,38,8,7,8,0,65,10,1012,15.5,9,8,2,113,113,113,0,1,8.7,météo très défavorable
2014-10-30,8,0,15,7,8,7,0,82,10,1017,32.875,8,6,5,116,116,113,0,1,8.7,météo très défavorable
2014-10-31,7,0,20,6,5,5,0,82,10,1022,46.875,7,3,2,116,116,119,0,1,6.9,météo très défavorable
2014-11-01,4,0,14,2,2,0,0,78,10,1027,23.875,4,2,-2,323,113,113,0,1,8.7,météo très défavorable
2014-11-02,4,0,36,0,2,3,1.6,90,9.875,1027,85.625,4,3,-4,122,122,296,0,2,3.3,météo très défavorable
2014-11-03,6,0,30,6,5,6,0.1,91,9.625,1010,92.75,6,5,1,122,122,200,0,2,3.3,météo très défavorable
2014-11-04,9,0,29,8,8,8,0,93,10,1003,81.75,9,8,4,122,116,122,0,2,3.3,météo très défavorable
2014-11-05,7,0,20,6,7,4,0,91,10,1013,76.75,7,6,1,119,122,122,0,3,3.1,météo très défavorable
2014-11-06,4,0,26,4,3,3,2.5,87,8.25,1017,77.625,4,1,-2,263,266,296,0,2,4.9,météo très défavorable
2014-11-07,5,0,11,3,4,5,3.1,95,6.75,1012,98.625,5,5,1,122,296,143,0,1,3.1,météo très défavorable
2014-11-08,5,0,25,4,3,2,1.2,90,6,1013,98.75,5,4,-3,266,122,338,0.4,1,3,météo très défavorable
2014-11-09,6,0,17,4,5,5,0,90,10,1022,84.75,6,5,2,119,119,116,0,1,3,météo très défavorable
2014-11-10,5,0,27,4,4,4,0,76,10,1025,47.125,6,5,-1,113,116,116,0,2,8,météo très défavorable
2014-11-11,7,0,28,6,6,7,1.8,92,9.75,1019,83.625,7,7,1,119,116,296,0,1,3,météo très défavorable
2014-11-12,7,0,9,7,7,7,0.1,94,8,1025,80.875,7,7,5,119,119,119,0,2,3,météo très défavorable
2014-11-13,6,0,14,5,5,3,0.1,83,10,1031,45.375,6,4,1,116,116,113,0,2,7.8,météo très défavorable
2014-11-14,2,0,8,1,1,1,0,89,10,1033,49,2,0,-1,116,116,119,0,2,6.8,météo très défavorable
2014-11-15,2,0,13,1,2,2,0.1,90,9.375,1033,90,2,1,-1,119,332,122,0.1,1,1.8,météo très défavorable
2014-11-16,2,0,15,0,0,0,0,81,10,1033,69.75,2,0,-5,116,119,116,0,1,1.8,météo très défavorable
2014-11-17,-1,0,12,-1,-1,-1,0,70,10,1032,12.25,0,0,-5,113,113,113,0,2,5.8,météo très défavorable
2014-11-18,0,0,7,-1,-1,-1,0,89,9,1033,36.25,0,0,-3,143,116,113,0,2,5.8,météo très défavorable
2014-11-19,-1,0,9,-3,-2,-3,0,77,10,1037,2.5,0,0,-6,113,113,113,0,2,5.8,météo très défavorable
2014-11-20,-3,0,9,-4,-4,-3,0,82,10,1038,4.125,0,0,-8,113,113,113,0,2,5.8,météo très défavorable
2014-11-21,-1,0,14,-3,-3,-2,0.8,79,9.875,1035,64.25,0,0,-8,119,116,296,0,2,3.8,météo très défavorable
2014-11-22,2,0,16,-1,1,1,1,92,9.25,1027,92.375,2,1,-4,122,332,122,0.1,1,1.8,météo très défavorable
2014-11-23,3,0,7,1,2,2,0,90,10,1035,89.75,3,1,1,119,122,119,0,1,1.7,météo très défavorable
2014-11-24,2,0,22,1,0,0,0,90,10,1036,44.125,2,1,-6,116,116,116,0,1,5.8,météo très défavorable
2014-11-25,-2,0,24,-3,-2,-2,0,87,10,1029,39.125,0,0,-8,116,119,116,0,2,3.8,météo très défavorable
2014-11-26,0,0,20,-2,0,0,0,90,10,1028,85.5,0,0,-5,119,122,122,0,1,1.7,météo très défavorable
2014-11-27,-1,0,17,-1,-1,-1,0.4,91,8.75,1030,86.875,0,0,-6,332,119,332,0.3,1,1.7,météo très défavorable
2014-11-28,-1,0,13,-3,-3,-2,0,92,10,1037,66.75,0,0,-8,119,119,116,0,1,1.7,météo très défavorable
2014-11-29,-2,0,10,-4,-4,-6,0,92,10,1037,45.25,0,0,-9,116,116,116,0,2,5.8,météo très défavorable
2014-11-30,-2,0,8,-6,-5,-3,0,88,10,1035,28.75,0,0,-9,113,113,116,0,2,5.8,météo très défavorable
2014-12-01,0,0,13,0,0,-1,0,89,10,1032,88.875,0,0,-4,122,119,119,0,1,1.7,météo très défavorable
2014-12-02,-1,0,26,-2,-4,-4,0,77,10,1031,50,0,0,-11,116,113,116,0,1,5.8,météo très défavorable
2014-12-03,3,0,32,1,3,3,0.3,87,8.75,1019,64.875,3,1,-3,230,116,119,0,2,3.7,météo très défavorable
2014-12-04,4,0,30,3,4,3,0,93,10,1021,69.125,4,3,-2,119,116,116,0,1,3.7,météo très défavorable
2014-12-05,3,0,20,3,2,2,0.2,95,10,1025,55.875,3,3,-3,119,116,119,0,2,5.8,météo très défavorable
2014-12-06,1,0,31,1,0,-1,0.6,86,8.125,1022,94.875,1,0,-7,332,122,230,0.1,1,1.6,météo très défavorable
2014-12-07,3,0,24,2,2,2,0.5,95,9,1015,76.375,3,2,-4,116,122,122,0,1,1.6,météo très défavorable
2014-12-08,2,0,30,0,1,1,0.1,85,8,1013,89.875,2,0,-6,122,227,227,0,1,1.6,météo très défavorable
2014-12-09,3,0,26,1,2,3,0.5,94,8.75,1020,92,3,2,-3,332,119,119,0.2,1,1.6,météo très défavorable
2014-12-10,2,0,31,2,1,1,0.1,90,10,1021,53.125,2,1,-5,116,116,119,0,2,3.7,météo très défavorable
2014-12-11,0,0,30,-1,0,0,0.3,88,8.75,1011,80.375,0,0,-6,230,119,122,0,2,1.5,météo très défavorable
2014-12-12,1,0,21,-1,0,0,0,86,10,1006,96.5,1,0,-5,122,122,119,0,1,1.5,météo très défavorable
2014-12-13,2,0,40,-1,2,2,3.3,93,6.125,998,97.125,2,1,-5,230,230,230,0,1,1.5,météo très défavorable
2014-12-14,3,0,25,2,2,3,0.4,94,9.375,1009,81.75,3,2,-3,323,122,332,0.2,2,1.5,météo très défavorable
2014-12-15,2,0,28,1,1,0,0,89,10,1015,75,2,1,-5,122,116,122,0,1,3.6,météo très défavorable
2014-12-16,3,0,32,1,2,2,0.9,93,8.75,1008,85.125,3,2,-4,230,119,116,0,1,3.6,météo très défavorable
2014-12-17,2,0,26,1,1,2,0.3,92,9,1005,96.25,2,1,-4,338,122,122,0.2,1,1.4,météo très défavorable
2014-12-18,2,0,24,1,2,1,1.6,85,7.75,1001,92.5,2,1,-4,338,332,119,1.3,1,1.4,météo très défavorable
2014-12-19,3,0,29,0,1,1,1.9,92,6.75,998,92.75,3,3,-5,230,338,266,0.9,2,1.4,météo très défavorable
2014-12-20,3,0,30,3,3,2,2,92,9,986,88.25,3,2,-3,317,371,371,1.4,1,1.4,météo très défavorable
2014-12-21,2,0,27,2,0,0,0.5,79,8.25,993,76.875,2,0,-6,338,122,179,0.4,1,3.6,météo très défavorable
2014-12-22,0,0,9,-1,-1,-2,0.7,75,8.375,994,88,0,0,-5,371,326,326,0.2,1,1.4,météo très défavorable
2014-12-23,-2,0,21,-2,-2,-4,1.7,87,7.75,993,91.625,0,0,-8,230,326,119,0.4,1,1.5,météo très défavorable
2014-12-24,-4,0,16,-5,-5,-5,0.1,87,10,1001,76.125,0,0,-12,119,119,326,0,1,3.6,météo très défavorable
2014-12-25,-4,0,31,-4,-5,-8,2.9,88,6.25,1010,75.125,0,0,-14,230,230,113,0,1,3.6,météo très défavorable
2014-12-26,-1,0,21,-4,-2,-1,0.9,90,8.375,1011,39.875,0,0,-8,113,338,335,0.8,2,3.6,météo très défavorable
2014-12-27,-1,0,18,-2,-1,-2,0.4,79,9.25,1011,69.625,0,0,-7,119,371,371,0.3,2,1.5,météo très défavorable
2014-12-28,-4,0,15,-5,-7,-9,0,89,10,1020,58.375,0,0,-14,119,116,116,0,1,5.8,météo très défavorable
2014-12-29,-9,0,16,-10,-9,-9,0,94,10,1026,61.125,0,0,-16,119,116,116,0,2,5.8,météo très défavorable
2014-12-30,-5,0,31,-7,-8,-6,0,93,9,1027,64,0,0,-17,116,116,227,0,2,3.7,météo très défavorable
2014-12-31,2,0,21,1,2,1,2.6,97,8.625,1011,84.25,3,2,-4,317,119,116,0,1,1.5,météo très défavorable
2015-01-01,2,0,22,1,2,1,0.3,98,9,1009,95,2,1,-3,119,122,266,0,1,1.5,météo très défavorable
2015-01-02,3,0,32,2,1,2,4.6,97,8.75,1000,94.75,3,2,-4,119,296,296,0,1,1.5,météo très défavorable
2015-01-03,2,0,39,1,2,1,3.1,90,6.25,974,85.625,2,0,-5,119,230,230,0,1,1.5,météo très défavorable
2015-01-04,-1,0,28,-2,-4,-5,0.7,79,8.125,998,94.375,0,0,-12,332,122,119,0.1,1,1.5,météo très défavorable
2015-01-05,-6,0,28,-7,-8,-8,0.1,76,9.375,1021,90.25,0,0,-16,332,122,119,0.1,1,1.5,météo très défavorable
2015-01-06,-8,0,16,-9,-9,-8,0,93,10,1031,32,0,0,-16,113,116,116,0,1,5.8,météo très défavorable
2015-01-07,-7,0,27,-7,-9,-7,0,71,10,1031,47.375,0,0,-17,113,116,119,0,1,3.7,météo très défavorable
2015-01-08,-4,0,25,-9,-7,-4,1.4,93,7,1021,85.25,0,0,-14,227,338,338,1.2,1,1.6,météo très défavorable
2015-01-09,1,0,12,1,1,-0,1.7,97,6.125,999,100,1,1,-3,332,326,326,1.4,1,1.7,météo très défavorable
2015-01-10,-1,0,18,-2,-1,-2,0.7,94,4.75,988,97.625,0,0,-7,332,338,332,0.5,1,1.7,météo très défavorable
2015-01-11,-1,0,21,-3,-2,-2,1.2,95,6.75,980,98.375,0,0,-8,230,338,338,0.7,1,1.7,météo très défavorable
2015-01-12,-3,0,17,-5,-9,-9,1.3,93,7.5,996,95.75,0,0,-16,230,122,122,0,1,1.7,météo très défavorable
2015-01-13,1,0,34,-6,1,-2,3.8,94,6.75,994,78.75,1,0,-7,230,227,227,0,1,1.7,météo très défavorable
2015-01-14,1,0,32,-0,0,-0,1.5,93,9,997,76.125,1,0,-6,338,113,116,1.3,1,3.8,météo très défavorable
2015-01-15,1,0,22,0,1,1,0,96,8.75,1009,88.625,1,0,-5,326,119,122,0,1,1.7,météo très défavorable
2015-01-16,2,0,38,-2,1,2,4,94,8.75,1010,79.625,2,1,-6,116,230,119,0,1,1.7,météo très défavorable
2015-01-17,2,0,27,2,2,1,0.5,95,9,1003,93.125,2,1,-4,116,122,338,0.5,1,1.7,météo très défavorable
2015-01-18,2,0,28,1,2,1,2.3,96,6.375,1009,96.625,2,1,-4,338,338,338,2,1,1.7,météo très défavorable
2015-01-19,1,0,10,-1,-2,-2,0.1,97,7.375,1024,91.5,1,0,-4,326,326,332,0.2,1,1.7,météo très défavorable
2015-01-20,-5,0,18,-7,-9,-9,0.1,84,10,1033,22.125,0,0,-15,323,113,113,0,1,5.8,météo très défavorable
2015-01-21,-10,0,17,-12,-11,-11,0,90,10,1034,10.5,0,0,-19,113,113,116,0,1,5.8,météo très défavorable
2015-01-22,-10,0,21,-12,-12,-10,0.1,89,9.375,1031,94.625,0,0,-20,122,122,332,0.1,1,1.8,météo très défavorable
2015-01-23,-3,0,10,-7,-5,-3,0.3,95,7.125,1025,100,0,0,-8,332,326,326,0.2,1,1.8,météo très défavorable
2015-01-24,-1,0,14,-4,-1,-3,1,92,6.75,1023,94.5,0,0,-6,326,122,143,0.9,1,1.8,météo très défavorable
2015-01-25,-3,0,9,-6,-4,-6,0.1,96,6,1024,90.5,0,0,-8,143,326,326,0.1,1,1.8,météo très défavorable
2015-01-26,-4,0,9,-5,-5,-6,0.3,93,8.375,1020,56.375,0,0,-8,323,116,116,0.1,1,3.9,météo très défavorable
2015-01-27,-3,0,17,-5,-3,-3,0,94,10,1015,92.75,0,0,-9,326,326,326,0.1,1,1.9,météo très défavorable
2015-01-28,-1,0,22,-3,-2,-2,0.6,94,7.75,1007,97.125,0,0,-8,338,332,332,0.5,1,2,météo très défavorable
2015-01-29,-1,0,23,-2,-1,-1,0.3,91,9.375,997,97.75,0,0,-7,326,326,332,0.2,1,2,météo très défavorable
2015-01-30,0,0,14,-1,-1,-0,0.4,95,9.375,995,91.125,0,0,-6,332,326,326,0.3,1,2,météo très défavorable
2015-01-31,1,0,27,-0,1,1,0.3,95,8.125,995,99.125,1,0,-6,332,332,332,0.3,1,2,météo très défavorable
2015-02-01,1,0,24,1,1,0,5.1,97,6.625,982,100,1,0,-5,338,338,230,2,1,2,météo très défavorable
2015-02-02,1,0,29,0,0,-0,4.7,94,5.25,992,99.5,1,0,-6,338,230,230,1.3,1,2,météo très défavorable
2015-02-03,-1,0,13,-2,-4,-3,0.2,95,7.375,1008,83.625,0,0,-8,332,116,119,0.2,1,3.9,météo très défavorable
2015-02-04,-1,0,12,-3,-4,-5,0.1,95,4,1020,100,0,0,-9,143,143,143,0,1,2,météo très défavorable
2015-02-05,-3,0,5,-6,-4,-3,0.1,93,8,1026,97.625,0,0,-6,143,326,122,0,1,2.1,météo très défavorable
2015-02-06,0,0,37,-2,-1,0,3,96,7.125,1023,82.625,0,0,-8,230,230,329,0.2,1,2.1,météo très défavorable
2015-02-07,0,0,23,-4,0,0,2.7,99,7,1011,88.125,1,0,-5,326,338,338,2.3,1,2.1,météo très défavorable
2015-02-08,-0,0,27,-4,-4,-4,3.6,92,6.125,995,99.625,0,0,-11,338,332,230,2.5,1,2.1,météo très défavorable
2015-02-09,-8,0,8,-12,-10,-11,0,93,7.75,1007,50.5,0,0,-14,260,119,113,0,1,6.9,météo très défavorable
2015-02-10,2,0,24,-3,1,1,0.2,98,10,1009,92.875,2,1,-5,326,122,122,0,1,3.3,météo très défavorable
2015-02-11,2,0,18,0,1,1,0,94,10,1016,20.625,2,1,-4,113,113,113,0,1,8.7,météo très défavorable
2015-02-12,1,0,33,-1,1,1,0,95,10,1015,81.125,1,0,-6,119,122,326,0,1,3.4,météo très défavorable
2015-02-13,0,0,12,-0,-1,0,0,98,4.5,1022,83.5,0,0,-4,119,143,248,0,1,6.9,météo très défavorable
2015-02-14,-0,0,18,-1,-1,-1,0,93,10,1019,91.75,0,0,-6,122,326,326,0,1,3.4,météo très défavorable
2015-02-15,-2,0,18,-6,-8,-9,0,91,10,1043,29.75,0,0,-16,113,113,113,0,1,8.7,météo très défavorable
2015-02-16,-7,0,12,-11,-9,-8,0,91,10,1046,5.375,0,0,-14,113,113,113,0,1,8.7,météo très défavorable
2015-02-17,-4,0,24,-9,-6,-5,0,85,10,1041,1,0,0,-14,113,113,113,0,1,8.7,météo très défavorable
2015-02-18,1,0,29,-2,1,0,2.7,95,7.125,1026,75.125,1,0,-5,230,230,371,0.1,1,6.5,météo très défavorable
2015-02-19,2,0,21,-2,1,1,0.2,98,9,1015,88.75,2,1,-4,122,122,122,0,1,4.9,météo très défavorable
2015-02-20,2,0,27,2,2,1,0.2,95,10,1004,93.625,2,2,-4,122,122,122,0,1,4.9,météo très défavorable
2015-02-21,1,0,20,0,1,1,1.4,97,7,1002,100,1,1,-4,338,332,317,0.6,1,4.9,météo très défavorable
2015-02-22,2,0,30,1,2,2,0.1,92,9.375,1002,94.25,2,1,-5,122,332,326,0.1,1,4.9,météo très défavorable
2015-02-23,1,0,19,0,1,1,0.1,95,8.625,1010,74.125,1,1,-4,119,329,122,0.1,1,5,météo très défavorable
2015-02-24,2,0,18,1,1,2,0.4,97,9,1009,100,2,1,-3,122,266,122,0,1,5,météo très défavorable
2015-02-25,2,0,8,0,1,1,0.3,100,0.25,1021,100,2,2,-1,248,248,248,0,1,5,météo très défavorable
2015-02-26,1,0,7,-3,1,-1,0,98,0.25,1025,73.125,1,1,-1,260,248,260,0,1,6.7,météo très défavorable
2015-02-27,1,0,8,-0,1,1,0.1,99,0.75,1025,88.625,1,1,-2,143,248,248,0,1,5.1,météo très défavorable
2015-02-28,1,0,6,-1,0,-0,0.2,98,1.75,1018,100,1,0,-2,260,332,332,0.2,1,5.1,météo très défavorable
2015-03-01,1,0,16,-3,-0,0,0,95,8,1016,55.375,1,1,-5,116,116,116,0,1,10.3,météo très défavorable
2015-03-02,2,0,22,-0,1,2,0.1,95,10,1010,92.75,2,1,-5,122,122,122,0,1,5.2,météo très défavorable
2015-03-03,2,0,22,1,1,2,0.9,96,8.75,1003,93.375,2,1,-4,119,122,338,0.3,1,5.4,météo très défavorable
2015-03-04,2,0,22,1,2,1,0.2,93,9.375,1015,97.375,2,1,-4,332,326,122,0.2,1,5.4,météo très défavorable
2015-03-05,1,0,6,-2,-0,-1,0,94,5,1027,47.25,1,0,-2,143,116,143,0,1,8.5,météo très défavorable
2015-03-06,1,0,18,-1,-0,1,0,89,9,1028,76.25,2,0,-5,119,119,122,0,1,7,météo très défavorable
2015-03-07,2,0,17,-0,1,2,0.5,97,8.375,1023,96.5,2,1,-3,332,122,119,0.4,1,5.5,météo très défavorable
2015-03-08,5,0,26,2,3,5,0.6,97,8,1014,95.125,5,4,-2,266,122,122,0,1,5.5,météo très défavorable
2015-03-09,4,0,18,3,3,2,0.7,99,9,1018,81.625,4,3,-2,122,266,119,0,1,5.6,météo très défavorable
2015-03-10,3,0,15,1,3,2,0.3,86,9.75,1024,31.875,3,1,-1,116,116,116,0,1,11.2,météo très défavorable
2015-03-11,1,0,19,-1,-0,0,0.6,93,7.25,1013,84.125,1,0,-5,311,311,311,0,1,5.6,météo très défavorable
2015-03-12,0,0,18,-3,-1,-0,0.5,91,7.625,1013,66.375,0,0,-5,311,311,311,0,1,5.6,météo très défavorable
2015-03-13,0,0,16,-4,-1,-1,0.9,92,7.375,1010,70.5,0,0,-6,311,311,311,0,1,5.9,météo très défavorable
2015-03-14,-0,0,15,-3,-1,-2,0.7,89,7,1009,69.375,0,0,-5,311,311,311,0,1,5.9,météo très défavorable
2015-03-15,-2,0,15,-4,-3,-2,0.9,88,7.125,1011,76.125,0,0,-8,311,311,311,0,1,5.9,météo très défavorable
2015-03-16,-2,0,17,-6,-3,-3,0.2,87,7.875,1013,58.875,0,0,-8,311,311,311,0,1,5.9,météo très défavorable
2015-03-17,-2,0,16,-6,-3,-2,0.6,88,8,1014,60.375,0,0,-8,311,311,311,0,1,7.4,météo très défavorable
2015-03-18,-1,0,17,-5,-3,-2,0.3,87,8,1011,70.25,0,0,-8,311,311,311,0,1,6,météo très défavorable
2015-03-19,6,0,16,-0,3,5,0,83,9.5,1025,50.125,6,3,-1,122,122,113,0,1,10.2,météo très défavorable
2015-03-20,3,0,19,1,2,1,0,91,10,1019,70.75,3,1,-3,119,122,326,0,1,6.1,météo très défavorable
2015-03-21,-0,0,27,-1,-2,-2,0,60,10,1017,56.5,0,0,-9,323,113,116,0,1,10.2,météo très défavorable
2015-03-22,-4,0,15,-5,-4,-4,0,60,10,1022,50.125,0,0,-10,113,113,119,0,1,8.9,météo très défavorable
2015-03-23,1,0,35,-1,1,1,4.6,86,6.25,1014,98.625,1,0,-6,230,230,230,0,1,6.3,météo très défavorable
2015-03-24,4,0,37,2,3,3,2.1,91,9,1004,71.25,4,2,-3,122,119,116,1.6,1,9,météo très défavorable
2015-03-25,0,0,21,-1,-1,-1,0.1,70,9.375,1026,78.75,0,0,-7,332,119,113,0.1,1,7.7,météo très défavorable
2015-03-26,2,0,24,-3,-0,1,0,57,10,1029,44.375,2,0,-6,113,113,119,0,1,10.3,météo très défavorable
2015-03-27,5,0,31,-2,2,4,0,69,10,1027,50.25,5,1,-4,119,116,116,0,1,11.6,météo très défavorable
2015-03-28,4,0,27,2,4,4,5.8,90,9.5,1020,90.5,4,3,-1,299,119,296,0,1,6.5,météo très défavorable
2015-03-29,4,0,28,3,3,3,4.9,90,7.75,1014,100,4,3,-3,296,266,266,0,1,6.5,météo très défavorable
2015-03-30,2,0,29,-0,1,2,1.2,84,5,1002,100,2,0,-5,230,230,230,0,1,6.5,météo très défavorable
2015-03-31,4,0,37,3,4,3,1.6,87,8.75,990,92.625,4,2,-1,122,266,296,0,1,6.6,météo très défavorable
2015-04-01,4,0,18,2,4,3,0,88,10,994,77,4,2,-0,122,116,122,0,1,9.1,météo très défavorable
2015-04-02,2,0,17,1,1,1,3.2,93,6,994,100,2,1,-3,338,338,338,2.7,1,6.6,météo très défavorable
2015-04-03,4,0,13,1,3,3,0.8,93,6,1009,100,4,2,0,143,122,122,0.5,1,6.6,météo très défavorable
2015-04-04,2,0,21,1,1,2,0.8,88,7.375,1010,99.25,2,1,-4,338,332,338,0.7,1,6.7,météo très défavorable
2015-04-05,3,0,20,0,1,3,0.1,91,10,1021,88.125,3,2,-3,119,119,122,0,1,6.7,météo très défavorable
2015-04-06,4,0,14,1,3,3,0,82,10,1024,53.5,4,1,-1,119,116,119,0,1,10.4,météo très défavorable
2015-04-07,4,0,21,1,3,3,0.9,84,8.875,1022,77.5,4,2,-1,116,266,317,0,1,6.9,météo très défavorable
2015-04-08,4,0,40,2,4,3,0.6,84,9.875,1012,68.5,4,2,-3,116,317,119,0,1,7,météo très défavorable
2015-04-09,5,0,28,2,3,5,0,83,10,1015,40,5,1,-2,113,119,113,0,1,9.3,météo très défavorable
2015-04-10,5,0,29,3,3,5,0,79,10,1010,29.75,5,2,-2,113,116,116,0,1,11.6,météo très défavorable
2015-04-11,6,0,18,3,4,5,0,76,10,1016,25.625,6,2,0,113,113,116,0,1,11.6,météo très défavorable
2015-04-12,11,0,16,4,9,6,4.7,83,9.625,1015,33,11,8,7,113,113,356,0,1,13.4,météo très défavorable
2015-04-13,6,0,18,1,4,5,1.5,84,7.125,1014,69.875,6,3,0,311,176,299,0,1,9.1,météo très défavorable
2015-04-14,4,0,12,1,4,4,0.8,81,8,1013,60.5,4,1,1,299,176,176,0,1,12.4,météo très défavorable
2015-04-15,5,0,14,-0,4,5,0,75,9.125,1017,65.375,5,0,1,311,176,176,0,1,10.3,météo très défavorable
2015-04-16,3,0,23,1,3,3,1,86,6.375,1004,77,3,1,-2,323,332,338,0.9,1,10.3,météo très défavorable
2015-04-17,4,0,18,2,4,4,1.3,84,6.875,1010,90.375,4,2,0,338,317,122,0.8,1,9.3,météo très défavorable
2015-04-18,3,0,16,2,2,3,0,73,10,1013,62.875,4,2,-2,122,116,113,0,1,12.4,météo très défavorable
2015-04-19,3,0,5,1,1,2,3.8,85,5.375,1013,87.125,3,2,-1,332,338,338,3.2,1,9.3,météo très défavorable
2015-04-20,5,0,23,1,3,5,3.1,87,8.125,1013,99.625,5,2,-1,326,371,353,1.5,1,9.4,météo très défavorable
2015-04-21,5,0,17,2,4,5,0.1,79,10,1017,68.125,5,2,1,323,119,122,0,1,11.4,météo très défavorable
2015-04-22,6,0,38,4,6,6,0,77,10,1017,71.125,6,3,1,122,116,122,0,1,11.5,météo très défavorable
2015-04-23,5,0,44,3,5,4,2.2,84,8.75,1004,76.375,5,2,-1,266,176,296,0,1,10.5,météo très défavorable
2015-04-24,5,0,28,3,4,5,0.2,72,9.875,1000,23.75,6,2,-1,116,113,113,0,1,14.5,météo très défavorable
2015-04-25,6,0,21,2,4,5,1.2,75,9.875,1011,19.625,6,1,0,113,113,113,0,1,14.5,météo très défavorable
2015-04-26,5,0,26,3,5,5,10.5,93,9.375,1011,98.125,5,4,-0,122,296,302,0,1,9.6,météo très défavorable
2015-04-27,9,0,10,6,7,9,0.7,85,7.5,1009,63.375,9,7,5,122,113,176,0,1,12.5,météo très défavorable
2015-04-28,9,0,16,5,9,9,0.4,66,9.75,1016,51.5,9,6,6,176,176,176,0,1,11.6,météo très défavorable
2015-04-29,9,0,26,6,7,5,8.6,98,7.375,1012,95.25,9,9,3,308,266,266,0,1,9.7,météo très défavorable
2015-04-30,6,0,28,3,5,6,0.5,75,8.875,1022,44.375,6,2,-0,338,113,113,0.2,1,13.5,météo très défavorable
2015-05-01,10,0,25,4,8,10,0,69,10,1022,77.25,10,5,5,122,119,116,0,1,12.9,météo très défavorable
2015-05-02,8,0,18,5,7,7,2.7,92,8.75,1008,84.75,8,6,4,296,266,353,0,1,12.9,météo très défavorable
2015-05-03,7,0,22,4,6,6,0,85,10,1012,45.25,7,4,2,122,116,113,0,1,15.7,météo très défavorable
2015-05-04,8,0,13,4,7,7,0.1,72,10,1018,38.875,8,3,5,122,113,113,0,1,15.7,météo très défavorable
2015-05-05,11,0,21,5,10,11,0.1,69,10,1020,78,11,6,7,122,116,122,0,1,13.3,météo très défavorable
2015-05-06,15,0,24,8,13,13,0.6,68,8.375,1018,60,15,9,11,116,113,119,0,1,14.9,météo très défavorable
2015-05-07,12,0,19,9,9,12,1.5,88,6.375,1014,83.75,12,9,7,266,266,263,0,1,13.3,météo très défavorable
2015-05-08,10,0,13,8,10,9,1.5,89,7,1014,84.125,10,8,8,266,119,353,0,1,12.5,météo très défavorable
2015-05-09,10,0,21,5,9,9,0,67,10,1018,25.125,10,4,6,113,113,113,0,1,16.8,météo très défavorable
2015-05-10,11,0,8,5,9,11,0,66,10,1021,8.625,11,4,9,113,113,113,0,1,16.8,météo très défavorable
2015-05-11,8,0,21,7,7,7,0.1,92,10,1023,37.5,9,6,4,116,119,116,0,1,15.8,météo très défavorable
2015-05-12,13,0,22,6,11,13,0,63,10,1022,36.5,13,7,8,116,116,116,0,1,16.6,météo très défavorable
2015-05-13,11,0,26,10,9,9,3.2,95,9.625,1010,80,11,8,5,122,302,116,0,1,14.3,météo très défavorable
2015-05-14,9,0,31,7,8,9,0.7,86,8.875,1001,68,9,6,3,266,353,176,0,1,15.1,météo très défavorable
2015-05-15,8,0,17,5,7,8,0,66,10,1006,6.625,8,4,4,113,113,113,0,1,17.1,météo très défavorable
2015-05-16,9,0,31,5,9,9,0,64,10,1008,37.75,9,4,5,113,119,116,0,1,16.6,météo très défavorable
2015-05-17,9,0,18,7,9,9,0,75,10,1008,37.625,9,5,6,116,116,116,0,1,17.2,météo très défavorable
2015-05-18,7,0,21,6,7,7,1,86,9.875,1003,72,7,5,3,119,119,296,0,1,12.9,météo très défavorable
2015-05-19,9,0,22,6,7,9,1,92,9.875,1010,69.5,9,6,3,122,296,113,0,1,15.2,météo très défavorable
2015-05-20,13,0,19,8,13,10,0,77,10,1016,32.375,13,8,8,116,116,113,0,1,16.7,météo très défavorable
2015-05-21,10,0,16,9,10,8,5.9,97,9.25,1016,71.375,10,9,6,122,296,302,0,1,14.5,météo très défavorable
2015-05-22,12,0,13,8,11,12,0,79,10,1021,28.125,12,8,9,119,113,113,0,1,15.9,météo très défavorable
2015-05-23,13,0,29,8,13,10,1,79,9.875,1018,38.625,13,9,9,116,113,296,0,1,16,météo très défavorable
2015-05-24,12,0,23,7,12,11,0.3,60,9.875,1014,11.625,12,6,10,113,113,176,0,1,17.4,météo très défavorable
2015-05-25,14,0,13,9,12,14,0,63,10,1015,20.875,14,6,11,116,113,116,0,1,17.4,météo très défavorable
2015-05-26,16,0,4,11,15,14,4.5,61,8.625,1014,41.5,16,10,15,113,113,266,0,1,15.3,météo très défavorable
2015-05-27,12,0,21,11,12,11,2.6,88,9.625,1008,63,12,11,10,353,119,116,0,1,14.8,météo très défavorable
2015-05-28,13,0,16,9,13,12,1.5,74,8.875,1009,50.125,13,9,11,116,116,113,0,1,17.4,météo très défavorable
2015-05-29,15,0,8,11,14,14,0,63,10,1010,50.125,15,8,14,113,116,113,0,1,16.8,météo très défavorable
2015-05-30,15,0,9,10,13,15,0,58,10,1014,7.625,15,9,13,113,113,113,0,1,17.4,météo très défavorable
2015-05-31,13,0,22,12,12,13,0.1,74,10,1013,34,13,11,10,116,116,113,0,1,17.4,météo très défavorable
2015-06-01,17,0,20,9,14,17,0.3,58,10,1017,9.25,17,11,13,113,113,113,0,1,17.4,météo très défavorable
2015-06-02,15,0,4,11,11,14,0.1,84,10,1016,60.5,15,12,11,119,116,116,0,1,15.1,météo très défavorable
2015-06-03,17,0,38,13,17,14,0.4,73,9.875,1008,44.875,17,13,17,122,116,176,0,1,16.8,météo très défavorable
2015-06-04,13,0,42,11,12,12,0.6,72,9.75,1015,25.125,13,8,9,176,176,113,0,1,17.4,météo très défavorable
2015-06-05,14,0,28,10,12,13,0.7,63,9.75,1021,16.625,14,7,9,176,113,113,0,1,17.4,météo très défavorable
2015-06-06,15,0,8,10,13,13,0.1,56,10,1025,28.625,15,8,13,113,113,119,0,1,16.8,météo très défavorable
2015-06-07,14,0,40,14,14,13,0.2,63,10,1016,13,14,11,11,113,113,113,0,1,17.4,météo très défavorable
2015-06-08,13,0,25,10,12,12,0.2,75,9.875,1017,26.625,13,8,10,116,113,176,0,1,17.4,météo très défavorable
2015-06-09,12,0,21,9,12,11,0.8,60,9.875,1025,13.125,12,8,9,113,113,113,0,1,17.4,météo très défavorable
2015-06-10,14,0,23,10,11,13,0.2,59,10,1024,52.125,14,7,9,116,113,122,0,1,15.7,météo très défavorable
2015-06-11,13,0,30,11,12,13,0,76,10,1013,43.875,13,9,10,116,113,113,0,1,16.9,météo très défavorable
2015-06-12,15,0,21,10,11,15,0.8,81,9.25,1014,37.5,15,10,9,113,263,176,0,1,15.8,météo très défavorable
2015-06-13,18,0,14,12,17,18,0.1,60,10,1010,13.125,19,10,17,113,113,113,0,1,17.4,météo favorable
2015-06-14,16,0,10,12,16,14,5.5,85,9.625,1004,45.25,16,13,14,113,116,293,0,1,15.8,météo très défavorable
2015-06-15,14,0,24,13,13,12,2.2,83,9.875,1006,74,14,13,11,122,122,122,0,1,15.2,météo très défavorable
2015-06-16,13,0,39,10,12,12,0.3,60,9.875,1011,12,13,5,9,113,113,113,0,1,17.4,météo très défavorable
2015-06-17,12,0,31,10,12,12,0.1,61,10,1014,18.75,12,5,8,113,113,113,0,1,17.4,météo très défavorable
2015-06-18,13,0,21,10,12,13,1.8,82,8.875,1013,74.125,13,11,10,119,266,296,0,1,14.2,météo très défavorable
2015-06-19,17,0,19,12,16,17,3.3,74,8.875,1010,75.5,17,11,16,266,353,116,0,1,15.2,météo très défavorable
2015-06-20,17,0,12,13,17,15,0.2,65,10,1012,45.125,18,12,17,116,116,116,0,1,17.4,météo très défavorable
2015-06-21,15,0,16,12,15,15,0,76,10,1012,28,15,11,15,116,113,116,0,1,17.4,météo très défavorable
2015-06-22,17,0,14,15,17,16,1.4,77,9.75,1010,36.875,17,13,17,176,113,176,0,1,17.4,météo très défavorable
2015-06-23,18,0,11,13,15,18,7.1,80,9.5,1010,62,18,13,15,302,113,176,0,1,15.8,météo très défavorable
2015-06-24,18,0,24,15,16,18,2.6,90,9.125,1011,53.25,18,14,16,353,296,176,0,1,15.8,météo très défavorable
2015-06-25,17,0,22,14,17,15,0.1,69,10,1017,52.625,17,12,15,119,113,116,0,1,16.3,météo très défavorable
2015-06-26,16,0,14,12,15,16,0.9,75,9,1016,57.875,16,11,14,266,353,113,0,1,15.2,météo très défavorable
2015-06-27,15,0,20,12,14,15,0,69,10,1010,40.5,15,10,13,119,113,113,0,1,16.9,météo très défavorable
2015-06-28,15,0,21,13,15,15,0,78,10,1015,13,15,12,13,116,113,113,0,1,17.4,météo très défavorable
2015-06-29,18,0,13,14,18,18,0,57,10,1017,9.375,18,11,18,113,113,113,0,1,17.4,météo favorable
2015-06-30,17,0,14,14,17,17,0.4,75,9.875,1016,15.75,18,13,17,113,113,176,0,1,17.4,météo très défavorable
2015-07-01,17,0,21,15,16,17,0,81,10,1020,50.625,18,14,16,119,119,116,0,1,15.8,météo très défavorable
2015-07-02,18,0,15,13,17,17,0,55,10,1027,16.875,18,12,17,113,113,113,0,1,17.4,météo favorable
2015-07-03,21,0,36,16,20,21,0,70,10,1027,16.75,24,15,20,113,113,113,0,1,17.4,météo favorable
2015-07-04,21,0,33,17,19,20,0,76,10,1020,8.875,21,16,19,113,113,113,0,1,17.4,météo favorable
2015-07-05,18,0,19,16,17,18,0,68,10,1017,22.5,18,15,17,113,113,116,0,1,17.4,météo favorable
2015-07-06,17,0,9,12,15,17,0,43,10,1019,15.75,17,7,15,113,113,113,0,1,16.8,météo très défavorable
2015-07-07,17,0,26,12,13,16,3.7,89,8.875,1009,77.5,17,12,12,296,266,353,0,1,14.6,météo très défavorable
2015-07-08,19,0,18,15,17,19,2.8,72,9.625,1001,66.375,19,14,18,353,116,116,0,1,15.7,météo très défavorable
2015-07-09,19,0,19,16,19,19,2.5,70,9.875,1001,34.5,19,15,19,116,113,176,0,1,17.4,météo favorable
2015-07-10,18,0,11,14,18,17,1.8,69,10,1002,31.125,18,13,17,113,116,353,0,1,16.8,météo favorable
2015-07-11,16,0,17,14,15,16,2.2,89,9.75,1005,70.25,16,13,14,116,296,122,0,1,14.3,météo très défavorable
2015-07-12,14,0,18,12,13,14,0.1,65,10,1006,69.875,14,9,12,122,119,119,0,1,13.6,météo très défavorable
2015-07-13,14,0,14,11,14,14,2.9,76,9.625,1006,49.75,14,11,13,116,116,356,0,1,16.1,météo très défavorable
2015-07-14,15,0,16,11,15,15,0,61,10,1008,30.125,15,10,14,116,113,113,0,1,16.8,météo très défavorable
2015-07-15,17,0,19,14,17,17,1,64,9.875,1009,15.125,18,11,17,176,113,113,0,1,17.4,météo très défavorable
2015-07-16,18,0,14,13,17,18,0,61,10,1011,19.125,18,11,17,113,113,116,0,1,17.4,météo favorable
2015-07-17,17,0,11,15,17,17,1.6,78,10,1011,47.125,17,13,16,353,353,113,0,1,16.1,météo très défavorable
2015-07-18,20,0,15,15,19,20,0.7,70,9.875,1013,27.375,20,14,19,176,113,116,0,1,16.7,météo favorable
2015-07-19,17,0,30,15,17,17,6.2,70,9.375,1008,50,17,14,17,353,176,176,0,1,16.1,météo très défavorable
2015-07-20,17,0,10,14,16,17,2.1,73,9.75,1003,35.25,17,12,16,353,176,176,0,1,17.4,météo très défavorable
2015-07-21,18,0,32,15,17,17,1.5,61,9.75,1006,11,18,13,18,176,113,113,0,1,17.4,météo favorable
2015-07-22,17,0,23,15,16,16,2.6,89,9.125,1006,68.25,17,15,16,263,296,353,0,1,15.2,météo très défavorable
2015-07-23,18,0,18,15,17,17,0.5,77,10,1007,53.5,18,14,17,116,116,353,0,1,15.2,météo favorable
2015-07-24,18,0,32,15,17,17,2.2,69,9.75,1009,28.375,18,13,17,353,176,176,0,1,17.3,météo favorable
2015-07-25,18,0,17,15,17,18,0,71,10,1015,17.25,18,12,17,113,113,116,0,1,17.2,météo favorable
2015-07-26,21,0,25,16,20,21,6.9,88,9.5,1013,34.625,24,19,20,113,176,356,0,1,16.6,météo favorable
2015-07-27,19,0,14,16,17,19,1.5,71,9.75,1007,37.25,19,17,18,176,116,113,0,1,16.6,météo favorable
2015-07-28,19,0,12,15,16,18,0.1,71,10,1007,42.375,19,11,17,119,119,113,0,1,15.1,météo très défavorable
2015-07-29,18,0,8,16,17,17,2.3,79,10,1002,66.25,18,14,17,353,353,353,0,1,14.3,météo très défavorable
2015-07-30,18,0,15,14,18,16,5.9,69,9.5,1002,41.75,18,14,18,116,176,356,0,1,15.9,météo favorable
2015-07-31,16,0,28,13,14,16,6.2,90,9.5,1004,56.625,16,13,12,116,302,176,0,1,15.1,météo très défavorable
2015-08-01,18,0,33,14,16,18,1.5,67,9.875,1011,31,18,13,16,119,113,113,0,1,16.6,météo favorable
2015-08-02,18,0,32,15,17,18,1.5,68,9.875,1018,36.125,18,12,18,116,113,353,0,1,16.9,météo favorable
2015-08-03,17,0,27,14,17,17,1.7,67,9.875,1019,10,17,12,17,176,113,113,0,1,16.8,météo très défavorable
2015-08-04,17,0,21,15,16,17,0,70,10,1022,25.125,17,12,16,119,113,113,0,1,16.6,météo très défavorable
2015-08-05,20,0,4,14,19,20,0,66,10,1023,26.75,20,13,19,113,119,113,0,1,15.8,météo très défavorable
2015-08-06,23,0,17,15,21,23,3.5,62,9.625,1022,29,25,17,21,116,116,356,0,1,16.7,météo favorable
2015-08-07,20,0,17,17,20,19,0.1,76,10,1019,12.125,20,16,20,113,113,113,0,1,16.6,météo favorable
2015-08-08,24,0,15,16,22,24,0.4,60,9.875,1021,25.75,26,17,22,113,116,176,0,1,16.2,météo favorable
2015-08-09,19,0,18,17,19,19,2.8,73,9.625,1017,39,19,17,19,113,113,113,0,1,16.1,météo favorable
2015-08-10,21,0,8,16,20,20,0,67,10,1020,7.25,21,14,20,116,113,113,0,1,16.1,météo favorable
2015-08-11,23,0,9,16,22,23,0,60,10,1023,11.125,25,15,22,113,113,113,0,1,16,météo favorable
2015-08-12,24,0,8,18,22,23,0.9,64,10,1021,40.125,26,17,22,116,116,353,0,1,16,météo favorable
2015-08-13,19,0,28,18,18,19,6.8,72,9.5,1018,34.125,19,16,18,176,113,113,0,1,15.9,météo favorable
2015-08-14,18,0,27,14,17,18,0,64,10,1021,20,18,13,17,113,113,113,0,1,15.9,météo favorable
2015-08-15,19,0,18,15,17,19,0.3,60,9.875,1018,10.375,19,14,17,113,113,113,0,1,14.5,météo favorable
2015-08-16,16,0,23,13,15,16,0,70,10,1024,32.625,16,10,13,113,119,113,0,1,12.5,météo très défavorable
2015-08-17,19,0,15,12,15,19,0,62,10,1027,11.125,19,9,15,113,113,113,0,1,14.5,météo favorable
2015-08-18,17,0,12,10,15,17,0,58,10,1029,9.875,17,9,14,113,113,113,0,1,14.5,météo très défavorable
2015-08-19,17,0,9,11,16,17,0,58,10,1030,1.25,17,10,16,113,113,113,0,1,14.5,météo très défavorable
2015-08-20,19,0,13,15,19,19,0,66,10,1030,8.375,20,13,19,113,113,113,0,1,14.5,météo favorable
2015-08-21,20,0,13,16,20,19,0,63,10,1031,1.375,20,12,20,113,113,113,0,1,14.5,météo favorable
2015-08-22,21,0,10,16,20,20,0,62,10,1028,1.125,21,13,20,113,113,113,0,1,14.5,météo favorable
2015-08-23,22,0,9,16,20,21,0,63,10,1027,0,25,14,21,113,113,113,0,1,14.5,météo favorable
2015-08-24,21,0,8,15,20,21,0,61,10,1026,0.375,24,13,20,113,113,113,0,1,14.5,météo favorable
2015-08-25,22,0,6,16,20,21,0,67,10,1022,21.25,24,14,20,113,113,116,0,1,14.5,météo favorable
2015-08-26,21,0,17,16,21,18,0.5,83,9,1015,43.25,21,17,18,113,116,266,0,1,12.4,météo favorable
2015-08-27,19,0,20,16,18,19,0,70,10,1015,43.375,19,14,18,119,113,116,0,1,13.4,météo favorable
2015-08-28,17,0,24,16,17,17,4.6,88,8.625,1014,87.25,17,15,17,266,122,302,0,1,9.2,météo très défavorable
2015-08-29,18,0,30,16,17,18,4.5,68,9.75,1013,9.875,18,14,17,176,113,176,0,1,14.5,météo favorable
2015-08-30,18,0,19,15,17,17,4.4,68,9.5,1016,12.5,18,13,17,176,113,116,0,1,14.5,météo favorable
2015-08-31,18,0,19,14,17,17,1.1,72,9.875,1018,8,18,12,17,113,113,113,0,1,14.5,météo favorable
2015-09-01,16,0,20,12,15,16,0.5,70,9.875,1017,61,16,11,14,176,176,299,0,1,12.3,météo très défavorable
2015-09-02,17,0,14,15,17,16,0,69,10,1015,44.375,17,11,17,116,113,119,0,1,13.4,météo très défavorable
2015-09-03,14,0,20,12,13,14,0.4,80,9,1015,89.5,14,10,11,266,122,119,0,1,7,météo très défavorable
2015-09-04,14,0,7,12,14,14,0.1,83,10,1014,73.875,14,11,13,116,122,122,0,1,8,météo très défavorable
2015-09-05,16,0,17,12,15,16,0.8,75,9.5,1017,65.75,16,11,15,176,176,176,0,1,8,météo très défavorable
2015-09-06,16,0,16,12,15,16,1.3,71,9.75,1017,64.875,16,11,14,176,176,176,0,1,9.2,météo très défavorable
2015-09-07,16,0,13,13,15,16,4.3,77,9.625,1005,31.625,16,11,15,176,176,353,0,1,11.6,météo très défavorable
2015-09-08,14,0,27,12,12,14,0.9,80,10,1014,69.375,14,11,9,119,122,353,0,1,7.9,météo très défavorable
2015-09-09,14,0,18,11,14,14,0.2,69,10,1025,44.375,14,9,12,116,116,119,0,1,9.1,météo très défavorable
2015-09-10,16,0,15,13,15,16,0,69,10,1031,39.125,16,11,15,116,116,113,0,1,10.4,météo très défavorable
2015-09-11,18,0,12,12,16,17,0,71,10,1037,6.625,18,11,16,113,113,113,0,1,11.6,météo favorable
2015-09-12,17,0,8,12,16,17,0,65,10,1037,3.625,17,11,16,113,113,113,0,1,11.6,météo très défavorable
2015-09-13,16,0,6,12,16,14,0.3,71,9.875,1034,27.875,16,11,16,113,116,176,0,1,11.6,météo très défavorable
2015-09-14,17,0,16,11,14,16,0,74,10,1029,51.375,17,11,13,119,116,116,0,1,10.3,météo très défavorable
2015-09-15,17,0,19,11,15,16,0,65,10,1025,32.625,17,10,14,116,113,116,0,1,11.6,météo très défavorable
2015-09-16,13,0,16,12,13,13,0.1,87,10,1018,81.125,13,11,12,122,122,122,0,1,6.5,météo très défavorable
2015-09-17,13,0,16,10,13,13,0.8,74,9.875,1015,62.5,13,9,11,176,176,176,0,1,10.3,météo très défavorable
2015-09-18,14,0,16,10,13,13,0.7,71,10,1015,56,14,9,12,116,176,299,0,1,9,météo très défavorable
2015-09-19,14,0,20,10,13,14,0.5,77,9.875,1014,61,14,10,12,176,176,116,0,1,9,météo très défavorable
2015-09-20,15,0,17,11,13,14,0.6,79,9.5,1017,60,15,10,12,176,176,176,0,1,10.3,météo très défavorable
2015-09-21,13,0,24,12,13,13,4.3,90,8,1014,88.5,13,12,11,353,263,302,0,1,6.3,météo très défavorable
2015-09-22,14,0,30,13,13,13,0.3,86,9,1015,84.125,14,12,10,266,122,122,0,1,7.6,météo très défavorable
2015-09-23,15,0,20,11,13,14,0,76,10,1019,49.375,15,10,12,116,116,116,0,1,10.3,météo très défavorable
2015-09-24,18,0,14,13,16,18,0,79,10,1020,51.75,18,15,16,119,116,116,0,1,10.2,météo favorable
2015-09-25,16,0,6,13,15,15,3,81,9.625,1018,48.625,16,15,15,116,113,122,0,1,10.2,météo très défavorable
2015-09-26,14,0,16,13,14,13,5.4,89,8.875,1018,53.5,14,12,13,302,263,113,0,1,10.2,météo très défavorable
2015-09-27,13,0,16,11,12,12,0,78,10,1021,11,13,10,11,113,113,113,0,1,11.6,météo très défavorable
2015-09-28,12,0,23,10,11,11,1.3,85,9,1029,87.875,12,9,8,353,266,353,0,1,5.7,météo très défavorable
2015-09-29,10,0,19,9,10,10,0.1,75,10,1037,61.375,10,7,8,119,116,116,0,1,8.7,météo très défavorable
2015-09-30,13,0,34,9,12,13,0.3,86,10,1034,60.875,13,11,9,113,119,353,0,1,7.2,météo très défavorable
2015-10-01,13,0,39,11,12,13,2.6,91,9.875,1023,66.75,13,11,9,119,122,293,0,1,7.1,météo très défavorable
2015-10-02,14,0,37,13,13,14,3.5,89,9.625,1010,64.375,15,11,10,302,122,113,0,1,8.6,météo très défavorable
2015-10-03,13,0,27,10,10,11,0.3,68,10,1018,5.125,13,8,7,113,113,113,0,1,11.2,météo très défavorable
2015-10-04,15,0,19,8,11,13,0.1,78,10,1019,53.375,15,11,9,119,113,122,0,1,10.1,météo très défavorable
2015-10-05,12,0,21,10,9,8,0.1,69,10,1020,35,12,10,6,113,113,116,0,1,10.1,météo très défavorable
2015-10-06,6,0,22,5,5,6,0,67,10,1028,36,6,0,1,113,116,119,0,1,8.6,météo très défavorable
2015-10-07,5,0,21,3,5,5,0,63,10,1030,46.625,5,1,1,113,119,119,0,1,7,météo très défavorable
2015-10-08,4,0,22,3,4,4,0.3,62,9.625,1030,39.5,4,0,-0,368,116,116,0.1,1,10.9,météo très défavorable
2015-10-09,5,0,28,3,5,5,0.1,67,10,1026,47.5,5,0,-0,116,122,116,0,1,8.5,météo très défavorable
2015-10-10,5,0,21,4,5,5,0.1,74,10,1024,82.625,5,0,0,122,122,119,0,1,5.4,météo très défavorable
2015-10-11,7,0,16,4,6,7,0.1,76,10,1027,26.75,7,3,3,113,116,113,0,1,10.8,météo très défavorable
2015-10-12,9,0,11,6,8,7,0,78,10,1030,43.5,9,5,6,116,116,113,0,1,10.7,météo très défavorable
2015-10-13,9,0,13,7,9,8,0,84,10,1031,44,9,6,6,119,119,113,0,1,8.5,météo très défavorable
2015-10-14,9,0,22,8,9,8,0,80,10,1029,58.25,9,6,6,119,119,113,0,1,3.8,météo très défavorable
2015-10-15,9,0,18,7,9,8,0,83,10,1033,44.25,9,7,6,119,116,113,0,1,7.1,météo très défavorable
2015-10-16,8,0,23,7,8,7,0,80,10,1032,26.875,8,6,4,119,113,113,0,1,7.1,météo très défavorable
2015-10-17,9,0,20,5,7,7,0,79,10,1027,8,9,5,4,113,113,113,0,1,8.7,météo très défavorable
2015-10-18,9,0,13,7,8,9,0,83,10,1019,48.75,9,7,6,116,116,119,0,1,8.7,météo très défavorable
2015-10-19,7,0,16,7,6,6,0.1,75,10,1026,55.125,8,6,3,119,116,113,0,1,8.7,météo très défavorable
2015-10-20,6,0,13,2,4,5,0,77,10,1027,11.375,6,2,1,113,113,113,0,1,8.7,météo très défavorable
2015-10-21,6,0,20,3,4,4,0,73,10,1025,10.25,6,1,-0,113,113,113,0,1,8.7,météo très défavorable
2015-10-22,5,0,32,3,4,5,0,87,10,1015,80.625,5,3,-1,119,122,122,0,1,3.7,météo très défavorable
2015-10-23,6,0,33,5,5,6,9.7,90,9.125,1005,98.875,6,5,-0,302,296,296,0,1,3.5,météo très défavorable
2015-10-24,6,0,23,6,6,6,3.9,85,9.25,1020,77.125,6,5,2,296,176,176,0,1,3.5,météo très défavorable
2015-10-25,7,0,22,6,6,7,0,90,10,1019,71.125,7,5,2,119,116,122,0,1,7,météo très défavorable
2015-10-26,8,0,28,5,8,7,1.9,92,8.875,1013,92.375,8,7,4,296,122,122,0,1,3.4,météo très défavorable
2015-10-27,8,0,33,6,8,4,0.9,91,9.875,1020,50.625,8,6,2,116,296,113,0,1,3.4,météo très défavorable
2015-10-28,4,0,19,2,3,4,0,65,10,1028,8,5,0,-1,113,113,113,0,1,8.7,météo très défavorable
2015-10-29,5,0,24,4,4,5,0,80,10,1028,79,5,2,-0,122,119,122,0,1,3.4,météo très défavorable
2015-10-30,4,0,7,3,3,2,0,77,10,1039,41.25,5,2,1,116,116,113,0,1,8.7,météo très défavorable
2015-10-31,5,0,28,2,3,4,0,81,10,1041,28,5,4,-2,113,116,116,0,1,8.7,météo très défavorable
2015-11-01,8,0,32,7,7,8,0.2,93,10,1029,92.25,9,8,2,122,122,119,0,1,3.3,météo très défavorable
2015-11-02,8,0,33,8,8,8,0,93,10,1014,63.75,8,7,4,116,119,116,0,1,5.1,météo très défavorable
2015-11-03,9,0,24,9,9,9,0,84,10,1015,12.75,9,7,6,113,113,113,0,1,8.7,météo très défavorable
2015-11-04,8,0,24,8,8,8,0.1,93,10,1013,83.75,8,8,5,122,122,116,0,1,3.3,météo très défavorable
2015-11-05,7,0,14,6,6,5,0,81,10,1025,18.5,7,5,3,113,113,113,0,1,8.3,météo très défavorable
2015-11-06,5,0,13,4,5,4,0,79,10,1027,37.375,5,2,2,113,116,116,0,1,8.2,météo très défavorable
2015-11-07,4,0,21,4,4,3,0.2,83,9,1025,64.5,5,2,-1,122,113,116,0,1,8.2,météo très défavorable
2015-11-08,5,0,19,4,5,5,2.4,91,9.75,1015,100,5,4,1,296,122,296,0,1,3,météo très défavorable
2015-11-09,6,0,10,4,6,6,1.4,93,8.875,1011,99.5,6,5,3,266,122,122,0,1,3,météo très défavorable
2015-11-10,6,0,10,5,5,6,3,96,4.875,1000,100,6,6,3,296,266,266,0,1,3,météo très défavorable
2015-11-11,6,0,16,5,6,5,0.2,88,10,1001,100,6,5,2,122,122,122,0,1,3,météo très défavorable
2015-11-12,5,0,10,5,5,5,1.2,87,8.875,1006,83.25,5,4,3,119,119,296,0,1,3,météo très défavorable
2015-11-13,5,0,7,4,4,5,0.1,81,10,1017,88.25,5,3,3,122,119,122,0,1,2.9,météo très défavorable
2015-11-14,5,0,36,4,5,4,3.1,88,9.75,1014,97.625,5,3,-0,122,296,296,0,1,2.9,météo très défavorable
2015-11-15,3,0,21,3,3,3,2.7,91,9.125,1002,100,3,2,-2,317,122,332,0.1,1,2.8,météo très défavorable
2015-11-16,2,0,15,1,0,0,0,86,10,1012,81.625,2,1,-4,116,122,122,0,1,1.8,météo très défavorable
2015-11-17,4,0,32,2,3,4,1.1,89,8.875,1012,99.375,4,3,-3,122,266,296,0,1,1.8,météo très défavorable
2015-11-18,4,0,12,4,4,4,2.9,89,8.625,1000,90.125,4,3,1,266,119,122,0,1,3.8,météo très défavorable
2015-11-19,5,0,10,3,4,5,5.8,86,9.625,995,96.5,5,4,2,122,122,122,0,1,1.8,météo très défavorable
2015-11-20,5,0,20,5,5,4,0.5,93,9,992,100,5,5,1,122,122,122,0,1,1.8,météo très défavorable
2015-11-21,4,0,32,4,3,4,2.5,88,8.125,987,95.625,4,3,-1,317,338,335,0.5,1,1.8,météo très défavorable
2015-11-22,3,0,33,3,3,2,4.9,83,5.625,1002,97.75,3,0,-3,230,230,332,0.2,1,1.8,météo très défavorable
2015-11-23,2,0,18,2,2,1,0.6,80,7.75,1014,99,2,0,-3,338,332,122,0.5,1,1.8,météo très défavorable
2015-11-24,1,0,21,-0,0,-0,0,88,10,1015,45.25,1,0,-5,113,113,116,0,1,5.8,météo très défavorable
2015-11-25,2,0,28,1,2,0,1,91,7.75,1013,95.5,2,1,-5,230,338,119,0.5,1,1.7,météo très défavorable
2015-11-26,1,0,32,-1,-1,-1,0,85,10,1014,76.125,1,0,-8,119,119,122,0,1,1.7,météo très défavorable
2015-11-27,6,0,47,4,5,5,1.7,87,8.75,1011,100,6,4,-1,317,266,296,0,1,1.7,météo très défavorable
2015-11-28,6,0,41,5,3,1,0.2,88,9,1006,94.5,6,4,-4,122,122,227,0,1,1.7,météo très défavorable
2015-11-29,2,0,24,2,2,1,0.7,90,8.375,1004,99.875,3,1,-4,122,332,338,0.6,1,1.7,météo très défavorable
2015-11-30,3,0,37,2,2,3,0.3,88,7.75,997,94.75,3,1,-4,329,230,332,0.2,1,1.7,météo très défavorable
2015-12-01,3,0,27,3,3,3,1.8,89,8.125,991,99.625,3,2,-3,122,395,338,1.5,1,1.7,météo très défavorable
2015-12-02,3,0,27,3,3,3,0.8,86,7.75,1014,96.25,3,1,-3,122,230,371,0.2,1,1.7,météo très défavorable
2015-12-03,3,0,35,1,2,3,4.7,93,8.625,1017,92.5,3,2,-4,122,266,296,0,1,1.7,météo très défavorable
2015-12-04,6,0,32,2,2,5,5.1,91,9.625,1019,75,6,4,-3,296,116,296,0,1,3.7,météo très défavorable
2015-12-05,6,0,39,5,4,4,4,84,8.5,1004,84,6,5,-3,302,116,266,0,1,5.8,météo très défavorable
2015-12-06,8,0,42,7,8,8,6,91,8.5,993,100,8,7,3,296,266,296,0,1,1.6,météo très défavorable
2015-12-07,8,0,48,6,5,5,6.2,81,9.5,1012,82.75,8,7,-1,119,353,317,0,1,1.6,météo très défavorable
2015-12-08,4,0,38,3,3,2,0,78,10,1029,23.625,4,2,-3,113,113,113,0,1,5.8,météo très défavorable
2015-12-09,5,0,34,4,3,5,0.5,90,8,1027,84.75,5,3,-2,266,119,266,0,1,1.6,météo très défavorable
2015-12-10,6,0,36,6,4,6,0.9,89,8,1014,79,6,4,-1,119,116,266,0,1,3.7,météo très défavorable
2015-12-11,7,0,31,6,6,5,1.5,90,7,1008,89.25,7,5,1,266,266,353,0,1,1.5,météo très défavorable
2015-12-12,4,0,14,4,3,3,0.2,91,10,1002,88.375,5,3,-0,362,326,119,0,1,1.5,météo très défavorable
2015-12-13,2,0,15,1,1,2,0.1,90,9.375,1008,81.375,2,1,-3,116,326,332,0.1,1,1.5,météo très défavorable
2015-12-14,2,0,6,2,1,2,0.8,85,8.375,1017,98.875,2,1,-0,332,326,338,0.6,1,1.5,météo très défavorable
2015-12-15,2,0,27,-0,2,2,1.6,79,8.125,1020,89,2,0,-4,122,326,230,0.1,1,1.5,météo très défavorable
2015-12-16,3,0,41,1,3,3,1.6,87,7.75,1020,84.25,4,2,-3,116,230,338,1,1,1.4,météo très défavorable
2015-12-17,1,0,17,-2,-2,0,0.7,85,9,1020,74.375,1,0,-7,119,116,338,0.6,1,3.6,météo très défavorable
2015-12-18,-4,0,23,-4,-4,-4,0.5,92,8.75,1018,70.75,0,0,-10,311,311,311,0,1,1.4,météo très défavorable
2015-12-19,-4,0,20,-4,-4,-4,0.5,91,8,1018,82.875,0,0,-10,311,311,311,0,1,1.4,météo très défavorable
2015-12-20,-3,0,23,-4,-3,-3,0.8,93,8.75,1016,84.75,0,0,-9,311,311,311,0,1,1.4,météo très défavorable
2015-12-21,8,0,45,7,7,6,0.1,89,10,1007,89.75,8,7,1,122,119,122,0,1,1.4,météo très défavorable
2015-12-22,6,0,30,6,6,5,0,91,10,998,99.625,6,5,1,122,122,122,0,1,1.4,météo très défavorable
2015-12-23,7,0,39,4,7,5,0.7,92,9,1000,73.375,7,5,1,119,266,116,0,1,3.6,météo très défavorable
2015-12-24,5,0,22,4,4,4,0,88,10,1015,72.375,5,3,0,122,122,113,0,1,1.5,météo très défavorable
2015-12-25,5,0,34,4,3,5,1.7,91,9.75,1015,91.75,5,4,-2,122,296,176,0,1,1.5,météo très défavorable
2015-12-26,5,0,48,5,3,-0,1.7,81,6.75,1004,83.875,5,3,-5,266,230,227,0,1,1.5,météo très défavorable
2015-12-27,-1,0,38,-1,-1,-1,0,52,10,1023,28.125,0,0,-9,119,113,113,0,1,5.8,météo très défavorable
2015-12-28,-1,0,15,-1,-2,-2,0,69,10,1037,45.25,0,0,-7,119,116,116,0,1,5.8,météo très défavorable
2015-12-29,-2,0,23,-3,-2,-2,0.3,93,8.875,1015,81.75,0,0,-9,311,311,311,0,1,1.5,météo très défavorable
2015-12-30,-1,0,19,-3,-1,-1,0,78,10,1046,57.5,0,0,-7,113,119,119,0,1,1.5,météo très défavorable
2015-12-31,-3,0,13,-5,-4,-4,0.2,84,9,1040,59,0,0,-9,116,116,122,0.2,1,3.7,météo très défavorable
2016-01-01,-6,0,21,-8,-9,-9,0,81,10,1044,22.5,0,0,-17,113,113,113,0,1,5.8,météo très défavorable
2016-01-02,-8,0,13,-11,-11,-10,0,82,10,1048,40.25,0,0,-17,113,113,122,0,2,3.7,météo très défavorable
2016-01-03,-5,0,23,-5,-5,-9,2.5,83,7.125,1037,92.5,0,0,-13,230,338,332,0.3,1,1.5,météo très défavorable
2016-01-04,-5,0,20,-5,-5,-5,0.7,88,8,1008,80.625,0,0,-11,311,311,311,0,1,1.5,météo très défavorable
2016-01-05,-6,0,16,-10,-14,-15,0.1,88,9.125,1010,93.5,0,0,-22,122,332,326,0.2,1,1.5,météo très défavorable
2016-01-06,-14,0,7,-16,-14,-15,0.2,87,10,1014,73.5,0,0,-19,326,326,116,0.1,1,1.5,météo très défavorable
2016-01-07,-15,0,9,-16,-16,-17,0.3,84,9.375,1014,88.125,0,0,-22,332,326,326,0.2,1,1.5,météo très défavorable
2016-01-08,-15,0,13,-16,-15,-15,0.2,94,8.375,1015,72,0,0,-22,332,119,323,0.1,1,1.6,météo très défavorable
2016-01-09,-16,0,16,-17,-17,-16,0,83,10,1016,33.875,0,0,-25,116,113,116,0,2,5.8,météo très défavorable
2016-01-10,-15,0,10,-17,-16,-16,0,85,10,1018,43.5,0,0,-23,116,113,113,0,1,5.8,météo très défavorable
2016-01-11,-12,0,26,-15,-13,-12,0,85,10,1019,68.875,0,0,-23,122,116,122,0,2,3.7,météo très défavorable
2016-01-12,-7,0,33,-10,-7,-9,2.3,90,6.25,1008,100,0,0,-17,230,230,230,0,1,1.7,météo très défavorable
2016-01-13,-8,0,21,-9,-8,-10,1.6,93,6.375,990,100,0,0,-16,338,338,338,1.3,1,1.7,météo très défavorable
2016-01-14,-11,0,15,-12,-14,-14,0.8,92,6.375,1000,98,0,0,-21,338,332,326,0.7,1,1.7,météo très défavorable
2016-01-15,-8,0,12,-12,-8,-9,0.6,92,6.75,1008,98.125,0,0,-14,332,338,332,0.5,1,1.7,météo très défavorable
2016-01-16,-13,0,3,-14,-14,-13,0.1,95,4.625,1013,69.75,0,0,-16,329,143,143,0.1,1,3.8,météo très défavorable
2016-01-17,-6,0,11,-15,-9,-8,0.3,96,4.75,1012,87.375,0,0,-14,143,332,332,0.2,2,1.7,météo très défavorable
2016-01-18,-11,0,10,-15,-14,-12,0.2,96,6.125,1010,96.125,0,0,-20,326,326,332,0.2,1,1.7,météo très défavorable
2016-01-19,-3,0,14,-7,-3,-4,1.4,97,1.625,1010,100,0,0,-8,338,338,338,1.2,1,1.7,météo très défavorable
2016-01-20,-8,0,8,-9,-11,-10,0.2,96,5.75,1013,98.75,0,0,-16,326,326,326,0.1,1,1.8,météo très défavorable
2016-01-21,-10,0,8,-11,-11,-14,0.7,96,2.75,1022,100,0,0,-16,338,332,143,0.6,1,1.8,météo très défavorable
2016-01-22,-17,0,6,-17,-18,-20,0,96,0.75,1031,66.75,0,0,-23,260,143,260,0,1,3.8,météo très défavorable
2016-01-23,-11,0,12,-20,-15,-14,0,93,9,1031,39.375,0,0,-22,113,113,143,0,2,3.8,météo très défavorable
2016-01-24,-9,0,15,-12,-9,-11,0,97,9,1028,85.375,0,0,-16,119,122,119,0,1,1.8,météo très défavorable
2016-01-25,-5,0,10,-9,-8,-6,0.3,96,3.75,1017,99,0,0,-11,326,326,338,0.3,1,1.8,météo très défavorable
2016-01-26,1,0,30,-3,-2,1,3.9,96,5.875,1017,99.25,1,1,-10,332,230,302,0.2,1,1.9,météo très défavorable
2016-01-27,1,0,19,1,1,1,3,97,8.75,1000,100,1,1,-4,122,317,296,0,1,1.9,météo très défavorable
2016-01-28,3,0,25,1,2,2,1.3,98,8.875,994,95.625,3,3,-3,122,296,119,0,1,1.9,météo très défavorable
2016-01-29,1,0,32,0,-1,-1,3,92,7.75,1001,71.875,1,0,-8,230,113,326,0.4,1,5.8,météo très défavorable
2016-01-30,3,0,36,3,2,2,0.7,91,9,996,85.75,3,2,-4,266,122,119,0,1,2,météo très défavorable
2016-01-31,3,0,16,2,1,1,0.6,96,7.375,988,99.5,3,2,-4,122,143,332,0.1,1,2,météo très défavorable
2016-02-01,1,0,15,-0,0,-0,0.4,95,8,999,88.375,1,0,-4,122,326,119,0.4,1,2,météo très défavorable
2016-02-02,2,0,32,-0,2,1,5.4,93,6.25,997,96.625,2,1,-5,230,230,230,0,1,2,météo très défavorable
2016-02-03,1,0,5,-0,-0,-1,1.6,95,4.375,987,99.875,1,1,-2,338,338,332,1.4,1,2,météo très défavorable
2016-02-04,-0,0,15,-4,-1,-0,0.1,92,9.375,997,94,0,0,-5,122,119,122,0.1,1,2,météo très défavorable
2016-02-05,-0,0,23,-1,-1,-4,1.9,89,7.125,1007,100,0,0,-7,338,332,332,1.6,1,2,météo très défavorable
2016-02-06,-4,0,13,-8,-6,-5,0,91,9,1017,88.25,0,0,-10,119,122,116,0,1,2.1,météo très défavorable
2016-02-07,2,0,23,1,2,1,1.4,98,8,1011,100,2,1,-3,266,122,122,0.6,1,2.1,météo très défavorable
2016-02-08,1,0,22,1,1,1,0.9,93,8.375,1007,98.375,2,1,-5,122,332,266,0.1,1,2.1,météo très défavorable
2016-02-09,3,0,27,2,3,3,2,94,8.875,1001,98.25,3,2,-2,122,266,296,0,1,3.3,météo très défavorable
2016-02-10,3,0,24,3,2,3,1.4,94,8.875,999,93.625,3,2,-3,119,122,296,0,1,3.3,météo très défavorable
2016-02-11,3,0,26,2,2,2,1.1,91,8.75,1000,96.125,3,2,-3,122,317,317,0,1,3.3,météo très défavorable
2016-02-12,2,0,24,0,1,1,1.4,90,7.375,1001,99.375,2,0,-4,332,326,338,1.2,1,3.4,météo très défavorable
2016-02-13,2,0,22,1,1,2,0.1,91,9.25,1010,99.875,2,1,-4,326,122,332,0.2,1,3.4,météo très défavorable
2016-02-14,1,0,21,0,1,0,1.8,91,7,1010,100,1,0,-5,338,338,338,1.4,1,3.4,météo très défavorable
2016-02-15,-0,0,12,-1,-1,-1,2.8,96,2.75,1014,99.875,0,0,-5,338,338,326,2.4,1,3.4,météo très défavorable
2016-02-16,-0,0,17,-4,-5,-4,0,89,9,1027,40.125,0,0,-11,116,113,113,0,1,8.7,météo très défavorable
2016-02-17,-0,0,18,-4,-2,-2,0,90,10,1033,23,0,0,-7,113,116,116,0,1,8.7,météo très défavorable
2016-02-18,-0,0,21,-5,-3,-1,0,82,10,1033,31.75,0,0,-9,113,113,116,0,1,9.7,météo très défavorable
2016-02-19,-0,0,17,-0,0,-0,2.7,96,7.625,1024,100,0,0,-5,317,317,338,0.3,1,4.9,météo très défavorable
2016-02-20,-1,0,27,-1,-1,-2,0.7,92,8.375,1019,100,0,0,-7,338,332,122,0.6,1,4.9,météo très défavorable
2016-02-21,0,0,28,-1,-1,-0,1.4,91,6.5,1012,100,0,0,-7,122,230,338,1,1,4.9,météo très défavorable
2016-02-22,0,0,16,-3,-1,-3,2.9,97,4.5,997,96.375,0,0,-6,338,338,326,2.5,1,4.9,météo très défavorable
2016-02-23,-0,0,27,-1,-0,-2,0.5,88,6.5,995,96.75,0,0,-6,338,230,122,0.3,1,5,météo très défavorable
2016-02-24,0,0,21,-1,-1,-0,0.7,94,5.5,1000,100,0,0,-7,338,332,332,0.6,1,5,météo très défavorable
2016-02-25,1,0,20,-2,-1,0,0.1,92,9.375,1002,99,1,0,-6,122,122,332,0.1,1,5,météo très défavorable
2016-02-26,1,0,25,-3,-1,-0,1.3,95,8.625,1002,94.25,1,0,-7,119,338,371,1,1,5.1,météo très défavorable
2016-02-27,0,0,28,-5,-4,-3,2.9,88,5.375,1011,97.875,0,0,-12,332,230,338,0.9,1,5.1,météo très défavorable
2016-02-28,1,0,27,-0,0,0,1.2,95,5.5,1018,100,1,0,-6,230,338,332,0.9,1,5.1,météo très défavorable
2016-02-29,-1,0,10,-2,-6,-7,0.2,92,6.375,1030,48,0,0,-10,143,323,113,0.2,1,10,météo très défavorable
2016-03-01,-4,0,10,-5,-5,-6,0.1,95,8,1030,33.75,0,0,-9,326,113,143,0.1,1,10.3,météo très défavorable
2016-03-02,-4,0,22,-10,-7,-4,0.1,92,10,1020,63.75,0,0,-14,116,113,326,0,1,8.5,météo très défavorable
2016-03-03,-2,0,9,-5,-3,-2,0.1,93,5.375,1015,94,0,0,-6,143,119,332,0.1,1,5.4,météo très défavorable
2016-03-04,-0,0,15,-2,-1,-0,0.1,95,6.875,1017,95,0,0,-6,143,119,332,0.1,1,5.4,météo très défavorable
2016-03-05,0,0,14,-1,0,0,1,98,3.25,1013,100,0,0,-4,260,338,338,0.8,1,5.5,météo très défavorable
2016-03-06,1,0,12,-1,0,0,0.4,99,5.5,1010,100,1,0,-3,338,326,326,0.4,1,5.5,météo très défavorable
2016-03-07,1,0,21,-0,1,1,0.2,98,9,1013,96.375,1,1,-4,122,122,266,0,1,5.5,météo très défavorable
2016-03-08,2,0,12,1,1,1,2.6,99,5.125,1014,100,2,1,-2,296,248,266,0,1,5.5,météo très défavorable
2016-03-09,2,0,22,2,1,0,1,95,7.875,1023,83.125,2,2,-5,296,122,143,0,1,8.6,météo très défavorable
2016-03-10,1,0,9,-1,0,0,0,93,7,1030,69,1,0,-2,122,116,143,0,1,8.6,météo très défavorable
2016-03-11,1,0,6,-1,0,0,0,90,8,1032,92.125,1,0,-2,122,122,122,0,1,5.6,météo très défavorable
2016-03-12,1,0,14,-1,0,0,0,93,8,1032,75,1,0,-4,119,119,143,0,1,5.7,météo très défavorable
2016-03-13,2,0,14,0,0,0,0,92,10,1032,88.875,2,1,-3,122,119,122,0,1,5.9,météo très défavorable
2016-03-14,1,0,8,-1,-0,1,1.1,95,8.375,1027,95.75,1,0,-2,332,338,122,1,1,5.9,météo très défavorable
2016-03-15,1,0,13,-2,0,1,0,89,10,1032,64.5,1,0,-3,116,113,119,0,1,8.8,météo très défavorable
2016-03-16,3,0,23,2,2,2,0.1,97,10,1027,85.875,3,2,-3,122,122,119,0,1,6,météo très défavorable
2016-03-17,3,0,25,2,2,2,0.4,94,8.875,1016,90.625,3,2,-3,266,119,317,0,1,6,météo très défavorable
2016-03-18,-0,0,36,-3,-4,-3,0.1,72,8.375,1005,65.125,0,0,-13,113,335,227,0.1,1,8.8,météo très défavorable
2016-03-19,-3,0,25,-4,-4,-3,1.1,70,7,1006,81.125,0,0,-11,338,371,371,0.8,1,8.8,météo très défavorable
2016-03-20,-2,0,26,-5,-3,-2,0.2,74,9.25,1004,42,0,0,-10,113,116,332,0.1,1,8.8,météo très défavorable
2016-03-21,-1,0,8,-4,-2,-1,0.6,69,9.625,1004,73.375,0,0,-3,122,323,368,0.4,1,10.2,météo très défavorable
2016-03-22,-0,0,5,-5,-2,-1,0.8,67,9.625,1011,28.375,0,0,-5,116,113,113,0.7,1,11.6,météo très défavorable
2016-03-23,0,0,14,-4,-1,-0,0,64,10,1014,32.25,0,0,-6,113,113,116,0,1,11.6,météo très défavorable
2016-03-24,1,0,13,-4,-1,0,0,72,10,1014,24.375,1,0,-5,113,113,116,0,1,11.6,météo très défavorable
2016-03-25,3,0,22,-3,1,2,0,70,10,1012,73.625,3,0,-4,116,122,122,0,1,6.4,météo très défavorable
2016-03-26,4,0,12,-1,3,2,0,84,8,1016,83.25,4,2,-1,116,116,143,0,1,9,météo très défavorable
2016-03-27,5,0,18,0,3,4,0,91,10,1018,66.625,5,3,-1,119,119,113,0,1,9,météo très défavorable
2016-03-28,7,0,15,1,5,6,0,89,10,1017,8.75,7,4,1,113,113,113,0,1,11.6,météo très défavorable
2016-03-29,7,0,13,2,5,6,0,77,10,1014,29.25,7,2,2,113,116,116,0,1,11.6,météo très défavorable
2016-03-30,7,0,14,2,5,6,0.2,84,9.875,1006,47.5,7,3,2,116,113,176,0,1,10.3,météo très défavorable
2016-03-31,4,0,9,3,3,2,2.9,98,3.125,1006,100,4,3,-0,296,266,266,0,1,6.6,météo très défavorable
2016-04-01,2,0,17,1,2,2,0.2,91,9.875,1009,61.25,2,1,-2,317,116,113,0,1,10.4,météo très défavorable
2016-04-02,3,0,21,0,1,3,0,90,10,1018,58.125,3,1,-4,116,119,116,0,1,7.9,météo très défavorable
2016-04-03,4,0,8,1,3,3,0.1,86,10,1018,63.125,4,1,1,116,119,122,0,1,6.7,météo très défavorable
2016-04-04,4,0,11,0,3,3,0,81,10,1018,25,4,1,-0,116,113,116,0,1,11.6,météo très défavorable
2016-04-05,6,0,6,1,4,6,0,78,10,1018,38.25,6,1,4,113,116,116,0,1,11.6,météo très défavorable
2016-04-06,10,0,22,3,6,10,0.3,80,9.375,1012,67.75,10,6,2,122,263,113,0,1,10.4,météo très défavorable
2016-04-07,8,0,18,4,6,8,5.2,89,9.625,1008,63.75,8,5,3,119,116,113,0,1,9.3,météo très défavorable
2016-04-08,7,0,19,5,5,7,1.1,83,9.875,1009,27.375,7,5,1,116,176,113,0,1,10.4,météo très défavorable
2016-04-09,6,0,4,3,5,6,0,83,10,1011,38.125,6,3,5,116,116,116,0,1,10.5,météo très défavorable
2016-04-10,5,0,15,2,5,5,0.1,85,9,1020,30.625,5,2,1,116,113,113,0,1,11.6,météo très défavorable
2016-04-11,6,0,13,2,5,6,0,79,10,1024,3.125,6,2,3,113,113,113,0,1,14.5,météo très défavorable
2016-04-12,7,0,7,2,6,7,0,62,10,1023,7,7,0,6,113,113,113,0,1,14.5,météo très défavorable
2016-04-13,6,0,18,1,4,5,1.4,84,7.5,1013,62.375,6,3,0,311,176,299,0,1,9.2,météo très défavorable
2016-04-14,4,0,12,1,4,4,0.8,81,8,1013,60.5,4,1,1,299,176,176,0,1,12.4,météo très défavorable
2016-04-15,5,0,14,-0,4,5,0,75,9.125,1017,65.625,5,0,1,311,176,176,0,1,10.3,météo très défavorable
2016-04-16,4,0,16,0,4,4,0.6,77,9.125,1016,57.875,4,1,-0,311,176,176,0,1,11.4,météo très défavorable
2016-04-17,5,0,19,1,4,4,1.6,82,8.875,1012,70.75,5,1,0,176,176,299,0,1,9.3,météo très défavorable
2016-04-18,4,0,22,1,3,4,1,80,9,1013,65.875,4,1,-2,299,176,176,0,1,11.4,météo très défavorable
2016-04-19,5,0,14,1,4,4,0.4,74,8.875,1017,58,5,0,1,311,176,176,0,1,11.4,météo très défavorable
2016-04-20,6,0,17,1,4,5,0.3,71,9.5,1017,65.5,6,0,1,311,176,176,0,1,11.4,météo très défavorable
2016-04-21,4,0,22,3,4,4,0.1,88,10,1012,69.375,5,2,-0,119,122,116,0,1,10.4,météo très défavorable
2016-04-22,5,0,13,2,5,4,0,72,10,1006,50.875,5,0,1,122,116,113,0,1,12.5,météo très défavorable
2016-04-23,5,0,8,2,5,5,0.3,70,9.875,1007,54.875,5,0,3,122,317,113,0,1,11.5,météo très défavorable
2016-04-24,7,0,13,2,6,7,0.1,69,10,1009,62.125,7,2,3,122,116,116,0,1,13.5,météo très défavorable
2016-04-25,6,0,16,5,5,6,0.2,80,9,1010,94,6,4,2,266,119,119,0,1,9.6,météo très défavorable
2016-04-26,11,0,25,6,9,11,1.6,94,8.875,1009,100,11,10,6,122,266,296,0,1,9.6,météo très défavorable
2016-04-27,9,0,15,9,5,6,4.4,93,9.5,1018,86.625,9,9,2,302,296,116,0,1,10.6,météo très défavorable
2016-04-28,12,0,18,5,9,12,2.9,93,9.625,1018,76.25,12,10,7,116,119,356,0,1,10.6,météo très défavorable
2016-04-29,10,0,12,5,6,6,3.9,83,9.875,1027,97.375,10,10,3,296,122,122,0,1,9.7,météo très défavorable
2016-04-30,7,0,13,5,6,7,2.8,94,7.375,1027,71,7,6,4,302,143,113,0,1,10.7,météo très défavorable
2016-05-01,10,0,8,5,9,9,0,74,10,1028,11,10,5,8,116,113,113,0,1,16,météo très défavorable
2016-05-02,11,0,13,7,10,10,0,67,10,1026,10.875,11,5,9,113,113,113,0,1,16.5,météo très défavorable
2016-05-03,13,0,8,8,12,12,0.2,59,10,1022,6.875,13,4,12,113,113,113,0,1,16.5,météo très défavorable
2016-05-04,14,0,14,9,12,12,0,67,10,1021,16.75,14,7,11,113,116,113,0,1,16.6,météo très défavorable
2016-05-05,14,0,6,9,13,14,0,61,10,1024,18.375,14,6,13,116,113,113,0,1,16.6,météo très défavorable
2016-05-06,15,0,14,10,14,13,0.3,66,10,1023,13,15,8,13,113,113,113,0,1,16.7,météo très défavorable
2016-05-07,13,0,16,9,12,12,0,68,10,1024,6,13,6,10,113,113,113,0,1,16.7,météo très défavorable
2016-05-08,13,0,21,10,13,13,0,69,10,1025,7.5,13,8,11,113,113,113,0,1,16.8,météo très défavorable
2016-05-09,15,0,18,11,14,14,0,67,10,1025,11.75,15,8,13,113,113,113,0,1,16.8,météo très défavorable
2016-05-10,16,0,17,11,14,15,0,64,10,1022,21.5,16,8,13,116,116,113,0,1,16.9,météo très défavorable
2016-05-11,12,0,25,10,9,10,0.2,73,10,1017,41.625,12,8,6,116,116,113,0,1,15.8,météo très défavorable
2016-05-12,11,0,4,6,10,11,0,60,10,1018,4.5,11,4,10,113,113,113,0,1,17,météo très défavorable
2016-05-13,14,0,17,7,12,14,0,57,10,1014,14.375,14,7,11,113,113,116,0,1,17,météo très défavorable
2016-05-14,15,0,24,9,14,15,0,64,10,1007,18.25,15,8,12,113,113,116,0,1,17.1,météo très défavorable
2016-05-15,16,0,24,10,15,16,0,59,10,1005,15.875,16,9,13,113,113,116,0,1,17.1,météo très défavorable
2016-05-16,12,0,18,10,11,11,1.5,91,10,1009,32.5,12,10,9,113,353,113,0,1,16.6,météo très défavorable
2016-05-17,13,0,11,8,12,12,0.3,66,9.875,1010,12,13,7,11,113,113,176,0,1,17.2,météo très défavorable
2016-05-18,12,0,15,9,12,12,0,64,10,1012,15.125,12,6,11,113,113,113,0,1,17.2,météo très défavorable
2016-05-19,13,0,15,8,12,13,0.7,69,9,1017,49.75,13,7,11,176,176,176,0,1,15.9,météo très défavorable
2016-05-20,13,0,14,9,13,13,0.6,68,9.125,1019,57,13,7,12,176,176,176,0,1,15.2,météo très défavorable
2016-05-21,14,0,12,9,14,14,1,63,9.5,1019,50.875,14,7,13,176,176,176,0,1,14.5,météo très défavorable
2016-05-22,13,0,14,11,13,13,0.6,85,9.875,1016,18.75,13,11,12,176,113,113,0,1,17.4,météo très défavorable
2016-05-23,16,0,13,12,15,15,0,69,10,1018,5.5,16,10,15,113,113,113,0,1,17.4,météo très défavorable
2016-05-24,18,0,7,13,17,18,0,62,10,1018,16.75,18,10,17,113,113,113,0,1,17.4,météo favorable
2016-05-25,18,0,9,14,18,18,0.7,70,10,1014,20.125,18,14,18,113,113,353,0,1,16.7,météo favorable
2016-05-26,15,0,7,13,15,14,0.8,92,7,1011,87.75,15,14,14,143,353,353,0,1,13.5,météo très défavorable
2016-05-27,13,0,14,12,12,13,0.7,91,6.125,1024,79.75,13,12,11,266,266,266,0,1,14.2,météo très défavorable
2016-05-28,12,0,11,11,11,12,0,88,10,1026,59.25,12,10,10,119,119,119,0,1,15.5,météo très défavorable
2016-05-29,18,0,10,12,16,18,0,79,10,1026,42.875,18,13,16,116,116,116,0,1,16.8,météo favorable
2016-05-30,20,0,13,14,16,20,0,75,10,1023,22,20,13,16,113,113,113,0,1,17.4,météo favorable
2016-05-31,18,0,10,14,18,16,0,67,10,1023,18,18,12,17,113,113,113,0,1,17.4,météo favorable
2016-06-01,16,0,15,10,15,16,0.2,55,10,1016,50.75,16,7,14,176,176,176,0,1,15.7,météo très défavorable
2016-06-02,20,0,14,16,19,19,0,63,10,1020,11,20,12,19,113,113,113,0,1,17.4,météo favorable
2016-06-03,20,0,13,17,20,20,0.3,65,10,1018,6.25,20,13,20,113,113,113,0,1,17.4,météo favorable
2016-06-04,16,0,24,12,14,15,0,47,10,1010,16.375,16,13,13,113,113,113,0,1,17.4,météo très défavorable
2016-06-05,13,0,24,10,11,12,2.2,59,9.875,1016,53.375,13,5,9,353,176,353,0,1,16.8,météo très défavorable
2016-06-06,12,0,17,8,11,12,0.2,57,10,1021,39,12,3,9,113,116,116,0,1,16.3,météo très défavorable
2016-06-07,14,0,20,9,13,14,0,58,10,1022,36.625,14,6,11,113,116,116,0,1,17.4,météo très défavorable
2016-06-08,16,0,26,11,16,12,1,93,9.875,1014,51.875,16,11,9,116,122,176,0,1,16.3,météo très défavorable
2016-06-09,11,0,46,9,10,10,1,67,10,1004,71.125,11,4,6,353,353,353,0,1,14.1,météo très défavorable
2016-06-10,9,0,15,8,9,9,8,70,9.875,1006,52.25,9,4,7,176,353,353,0,1,17.4,météo très défavorable
2016-06-11,13,0,36,9,12,12,2.1,68,9.25,1007,71.25,13,9,9,116,263,296,0,1,14.7,météo très défavorable
2016-06-12,11,0,28,9,9,10,13.2,89,8.125,1004,98.375,11,9,5,302,266,296,0,1,14.1,météo très défavorable
2016-06-13,13,0,27,11,12,13,0,62,10,1006,64.875,14,8,10,122,119,116,0,1,15.8,météo très défavorable
2016-06-14,14,0,19,11,14,14,0,68,10,1010,11.25,14,9,12,113,113,113,0,1,17.4,météo très défavorable
2016-06-15,15,0,13,12,15,15,0,68,10,1012,10.625,15,10,14,113,113,113,0,1,17.4,météo très défavorable
2016-06-16,15,0,15,11,14,14,0.5,69,9.75,1012,61,15,11,13,176,176,176,0,1,15.8,météo très défavorable
2016-06-17,20,0,23,14,19,20,3.2,64,9.875,1009,44.25,20,14,19,116,176,353,0,1,16.9,météo favorable
2016-06-18,18,0,41,17,16,16,2.9,80,9.875,1005,78.5,18,16,16,353,119,122,0,1,14.7,météo très défavorable
2016-06-19,16,0,33,15,14,16,3.7,93,9.625,1018,85.625,16,14,11,122,302,353,0,1,14.7,météo très défavorable
2016-06-20,20,0,17,14,18,20,0,64,10,1022,7.625,20,15,18,113,113,113,0,1,17.4,météo favorable
2016-06-21,16,0,6,15,15,16,2.5,95,10,1020,39.625,16,14,15,113,353,113,0,1,15.8,météo très défavorable
2016-06-22,17,0,28,15,15,17,0,88,10,1022,29.25,17,13,13,116,116,113,0,1,17.4,météo très défavorable
2016-06-23,17,0,17,14,16,17,0,72,10,1024,25.625,17,12,16,113,113,113,0,1,16.9,météo très défavorable
2016-06-24,18,0,18,16,17,17,0.4,78,9,1022,59.75,18,15,18,116,113,266,0,1,16.9,météo très défavorable
2016-06-25,19,0,19,17,19,18,0.5,83,8,1018,41.25,19,16,18,143,116,113,0,1,16.9,météo favorable
2016-06-26,22,0,4,18,21,21,1.5,77,10,1015,26.75,24,18,21,113,113,353,0,1,16.9,météo favorable
2016-06-27,20,0,25,17,20,20,1.4,64,9.875,1013,65.25,20,15,20,116,116,122,0,1,15.8,météo très défavorable
2016-06-28,18,0,16,16,17,18,2.6,85,7.875,1013,77.375,18,16,17,266,119,116,0,1,15.8,météo très défavorable
2016-06-29,19,0,11,16,17,19,0.5,82,9.375,1015,32.875,19,14,17,116,263,113,0,1,17.4,météo très défavorable
2016-06-30,21,0,9,17,20,21,0.3,70,9.875,1015,14.625,24,15,20,113,176,113,0,1,17.4,météo favorable
2016-07-01,21,0,8,17,21,20,1.3,70,9.875,1017,28.625,21,15,20,116,113,116,0,1,17.4,météo favorable
2016-07-02,23,0,3,18,22,23,0,74,10,1018,16.875,25,17,22,116,113,113,0,1,17.4,météo favorable
2016-07-03,25,0,20,19,25,20,3.1,82,9.625,1015,15.25,26,20,23,113,113,356,0,1,17.4,météo favorable
2016-07-04,17,0,35,17,14,13,11.2,93,9.125,1009,94,17,16,11,356,296,302,0,1,14,météo très défavorable
2016-07-05,15,0,44,13,14,15,13.2,86,8.75,1002,98.5,15,12,11,296,302,302,0,1,14,météo très défavorable
2016-07-06,17,0,42,13,14,17,11.9,82,9,995,95.75,17,12,12,302,293,296,0,1,14,météo très défavorable
2016-07-07,14,0,23,14,14,14,6.4,92,8.375,998,98.75,14,13,12,296,296,302,0,1,14,météo très défavorable
2016-07-08,16,0,26,14,15,16,3.4,90,7.875,1003,99.25,16,14,15,353,266,266,0,1,14,météo très défavorable
2016-07-09,17,0,27,14,16,17,0.4,75,10,1005,59.5,18,13,16,119,119,113,0,1,15.7,météo très défavorable
2016-07-10,17,0,13,15,17,17,1.5,80,9.75,1005,13.625,17,13,17,113,176,176,0,1,17.4,météo très défavorable
2016-07-11,18,0,16,14,17,18,0,80,10,1006,29.25,18,13,17,116,113,113,0,1,17.4,météo favorable
2016-07-12,18,0,28,16,18,18,1.5,77,9.75,1003,30.375,18,15,18,176,176,113,0,1,17.4,météo favorable
2016-07-13,18,0,20,15,18,18,1.3,80,9.875,1007,42.5,18,14,18,116,176,116,0,1,17.4,météo favorable
2016-07-14,19,0,20,15,18,18,0,70,10,1012,43.75,19,13,18,116,113,116,0,1,16.8,météo favorable
2016-07-15,19,0,31,16,18,19,14.3,87,9,1012,51.75,19,18,18,116,296,359,0,1,15.5,météo très défavorable
2016-07-16,18,0,36,16,16,18,0.8,91,9,1014,59.25,18,15,16,122,266,113,0,1,15.4,météo très défavorable
2016-07-17,20,0,19,15,19,20,0,70,10,1016,38.375,20,15,19,113,113,116,0,1,16.7,météo favorable
2016-07-18,20,0,15,15,19,20,0.4,66,9.875,1014,53.25,20,15,19,176,176,176,0,1,15.4,météo favorable
2016-07-19,20,0,16,15,19,20,2.7,67,9.5,1011,55.125,21,13,19,299,299,299,0,1,15.4,météo très défavorable
2016-07-20,19,0,15,15,19,18,4.1,74,9.375,1009,57.625,20,14,18,356,299,299,0,1,15.4,météo très défavorable
2016-07-21,20,0,18,16,20,20,1.6,64,9.625,1010,53.375,21,14,20,176,176,176,0,1,15.2,météo favorable
2016-07-22,20,0,16,16,19,20,1,70,9.5,1011,56.125,20,14,19,176,176,176,0,1,15.2,météo très défavorable
2016-07-23,21,0,18,16,21,20,0.8,65,9.625,1013,60.25,22,14,21,176,176,176,0,1,15.2,météo très défavorable
2016-07-24,20,0,18,16,19,20,1.7,74,9.5,1014,59.625,21,14,19,305,176,176,0,1,15.2,météo très défavorable
2016-07-25,21,0,13,16,20,21,0.6,68,9.625,1015,59.25,22,14,20,299,176,176,0,1,15.2,météo très défavorable
2016-07-26,22,0,11,17,22,22,1.3,64,9.75,1014,54,23,15,22,176,176,299,0,1,15.1,météo favorable
2016-07-27,22,0,9,17,21,22,1,64,10,1014,50.25,22,14,21,176,176,176,0,1,15.1,météo favorable
2016-07-28,23,0,6,19,22,23,0.4,67,9.875,1015,20.875,25,18,22,116,113,176,0,1,17.1,météo favorable
2016-07-29,20,0,18,20,20,20,8.9,86,9.125,1010,67.875,21,19,20,356,176,119,0,1,14.3,météo très défavorable
2016-07-30,19,0,10,18,18,19,5.8,89,9.75,1009,94.5,19,17,18,296,296,353,0,1,12.7,météo très défavorable
2016-07-31,22,0,17,18,21,22,3.7,76,9.625,1008,30.625,24,17,21,176,176,176,0,1,16.9,météo favorable
2016-08-01,19,0,10,17,19,17,3.3,72,9.75,1011,48.5,19,15,19,116,116,299,0,1,15,météo favorable
2016-08-02,20,0,21,16,19,20,3,70,9.75,1011,34,20,14,19,116,113,176,0,1,16.8,météo favorable
2016-08-03,19,0,11,16,19,19,0.5,69,10,1013,32,19,14,19,113,119,113,0,1,15.8,météo très défavorable
2016-08-04,20,0,16,15,20,18,0.8,70,9.875,1013,40.125,20,16,20,113,116,293,0,1,15,météo favorable
2016-08-05,21,0,16,17,19,21,0.1,85,10,1014,49.375,21,17,19,116,119,116,0,1,15.8,météo très défavorable
2016-08-06,19,0,18,18,19,18,6.8,93,9.625,1015,79.25,19,19,18,353,356,122,0,1,13.3,météo très défavorable
2016-08-07,18,0,8,17,18,17,4.3,86,9.875,1015,73.625,18,16,18,176,353,353,0,1,13.9,météo très défavorable
2016-08-08,20,0,31,17,19,20,8.9,82,9.375,1009,48.25,20,16,19,293,176,116,0,1,16.1,météo très défavorable
2016-08-09,20,0,34,18,19,19,0.9,71,9.75,1010,34.75,20,15,19,119,176,176,0,1,16.1,météo favorable
2016-08-10,19,0,19,15,18,19,0,61,10,1015,53.375,19,13,18,113,113,116,0,1,14.7,météo favorable
2016-08-11,15,0,20,13,13,14,5.1,88,8.5,1014,87.625,15,13,12,296,302,266,0,1,12.9,météo très défavorable
2016-08-12,16,0,20,13,15,16,0.2,61,10,1017,22,16,10,14,116,113,113,0,1,15.9,météo très défavorable
2016-08-13,17,0,31,12,17,16,0.9,76,9.875,1017,69.875,17,14,17,116,122,296,0,1,12.8,météo très défavorable
2016-08-14,19,0,21,16,16,19,1.8,91,10,1011,79.25,19,15,16,119,353,353,0,1,10.6,météo très défavorable
2016-08-15,16,0,23,15,15,16,1,84,9.75,1009,48.75,16,14,13,176,119,116,0,1,12.5,météo très défavorable
2016-08-16,15,0,17,15,14,14,18.6,92,8.875,1006,96.875,15,14,13,308,296,302,0,1,9.6,météo très défavorable
2016-08-17,18,0,26,12,16,17,3.7,77,9.5,1013,40.125,18,13,16,119,176,176,0,1,12.5,météo favorable
2016-08-18,18,0,23,14,17,18,2.5,87,9.25,1017,57.75,18,15,17,116,353,176,0,1,12.5,météo très défavorable
2016-08-19,20,0,12,14,18,20,1.5,74,10,1019,26.25,20,15,18,116,113,113,0,1,14.5,météo favorable
2016-08-20,19,0,9,16,18,19,4.9,90,7.625,1018,53.125,19,16,18,302,353,113,0,1,12.5,météo très défavorable
2016-08-21,22,0,12,16,20,22,0.1,72,10,1022,11.375,25,17,20,113,113,113,0,1,14.5,météo favorable
2016-08-22,23,0,22,17,22,22,0.1,68,10,1022,24.375,25,17,22,113,113,116,0,1,14.5,météo favorable
2016-08-23,18,0,7,17,16,17,5.3,93,9.625,1020,57.625,18,17,17,119,302,116,0,1,11.4,météo très défavorable
2016-08-24,18,0,18,16,18,18,2.7,78,9.875,1022,12.625,18,14,18,176,113,113,0,1,14.5,météo favorable
2016-08-25,19,0,19,12,18,19,0.1,81,10,1023,38.25,19,14,18,113,116,116,0,1,13.5,météo favorable
2016-08-26,18,0,8,17,16,18,3.2,87,9,1019,79.125,18,16,16,302,263,119,0,1,10.3,météo très défavorable
2016-08-27,20,0,39,17,20,18,0,77,10,1015,9.375,20,16,20,113,113,113,0,1,14.5,météo favorable
2016-08-28,16,0,23,13,14,16,0,64,10,1020,22.125,16,10,13,113,113,116,0,1,14.5,météo très défavorable
2016-08-29,14,0,37,13,13,14,2.5,89,9.75,1020,87.75,14,13,10,122,296,296,0,1,9.1,météo très défavorable
2016-08-30,16,0,18,16,15,14,6.6,90,8.125,1008,90.625,16,14,13,356,356,122,0,1,9.1,météo très défavorable
2016-08-31,16,0,25,14,16,16,0.3,69,10,1017,38,16,11,16,122,113,113,0,1,13.4,météo très défavorable
2016-09-01,16,0,26,14,16,16,0.2,87,10,1017,52.125,16,14,16,116,122,119,0,1,9.9,météo très défavorable
2016-09-02,18,0,25,15,17,17,0.9,77,9.75,1011,30.125,18,14,17,116,176,176,0,1,11.6,météo favorable
2016-09-03,16,0,12,14,16,16,0.1,72,10,1012,36.5,16,12,16,116,116,116,0,1,11.6,météo très défavorable
2016-09-04,17,0,19,14,16,16,9.7,83,9.25,1008,72.5,17,13,16,389,353,176,0,1,9.2,météo très défavorable
2016-09-05,16,0,18,13,16,16,1,78,9.75,1015,38.75,16,13,16,116,116,176,0,1,10.4,météo très défavorable
2016-09-06,16,0,23,11,15,15,0,71,10,1021,43,16,11,14,122,113,113,0,1,10.4,météo très défavorable
2016-09-07,17,0,37,15,16,17,0.5,89,9,1017,61.625,17,15,16,122,266,113,0,1,7.9,météo très défavorable
2016-09-08,16,0,35,14,15,15,0,70,10,1013,42.5,16,12,15,113,113,119,0,1,9.1,météo très défavorable
2016-09-09,15,0,10,11,14,15,0,67,10,1018,24.125,15,9,14,113,119,113,0,1,10.4,météo très défavorable
2016-09-10,18,0,13,12,16,17,0.2,71,10,1017,46.625,18,13,17,113,116,353,0,1,10.3,météo favorable
2016-09-11,17,0,14,15,17,17,0,83,8,1017,53.875,17,15,17,119,113,113,0,1,11.6,météo très défavorable
2016-09-12,17,0,29,16,16,17,0,76,10,1015,37.875,17,15,16,122,113,113,0,1,10.3,météo très défavorable
2016-09-13,16,0,24,13,15,16,0,72,10,1019,11.25,16,10,13,113,116,113,0,1,11.6,météo très défavorable
2016-09-14,14,0,13,10,12,14,0,71,10,1023,11.625,14,8,11,113,113,116,0,1,11.6,météo très défavorable
2016-09-15,16,0,26,12,15,15,0,80,10,1020,42.125,16,13,15,113,113,119,0,1,10.3,météo très défavorable
2016-09-16,15,0,28,11,12,13,0.4,76,10,1019,80.625,15,11,10,119,122,353,0,1,6.4,météo très défavorable
2016-09-17,12,0,14,10,12,12,0.5,71,9.75,1022,51.25,12,8,10,176,176,116,0,1,11.6,météo très défavorable
2016-09-18,11,0,13,8,10,11,0,63,10,1023,29,11,5,9,113,113,119,0,1,10.3,météo très défavorable
2016-09-19,13,0,17,9,11,13,0,68,10,1019,49.5,13,7,9,116,116,113,0,1,9,météo très défavorable
2016-09-20,13,0,22,11,12,12,0.1,78,10,1019,80.125,13,9,9,119,119,122,0,1,6.3,météo très défavorable
2016-09-21,12,0,19,10,11,11,0.1,82,10,1022,79.875,12,9,9,116,122,122,0,1,6.3,météo très défavorable
2016-09-22,12,0,25,10,12,11,1.1,81,10,1021,92.25,12,9,9,122,353,122,0,1,6.3,météo très défavorable
2016-09-23,11,0,28,9,9,9,2.5,84,9.75,1016,97.625,11,8,6,122,296,296,0,1,6.2,météo très défavorable
2016-09-24,11,0,19,10,11,11,3.1,86,8.875,1019,98.625,11,8,8,296,353,122,0,1,6,météo très défavorable
2016-09-25,12,0,10,10,12,12,0,76,10,1026,79.875,13,8,11,122,122,116,0,1,7.4,météo très défavorable
2016-09-26,14,0,14,11,14,13,0.1,86,10,1026,56,14,11,12,122,116,116,0,1,8.8,météo très défavorable
2016-09-27,14,0,6,11,14,13,0,81,10,1027,44,14,11,14,116,116,116,0,1,11.5,météo très défavorable
2016-09-28,13,0,20,12,13,13,0.4,92,9,1025,91.625,13,11,11,266,122,116,0,1,7.2,météo très défavorable
2016-09-29,14,0,18,10,12,14,1.6,89,8.875,1006,96.5,14,11,11,296,122,119,0,1,5.7,météo très défavorable
2016-09-30,15,0,50,14,14,13,9.7,78,9,998,64.125,15,13,10,176,356,356,0,1,8.6,météo très défavorable
2016-10-01,13,0,44,11,13,13,3.4,75,9.875,1009,24.5,13,8,9,113,353,113,0,1,11.3,météo très défavorable
2016-10-02,12,0,11,11,12,11,0,80,10,1018,23.75,12,9,10,116,113,113,0,1,11.2,météo très défavorable
2016-10-03,12,0,14,9,11,11,0,71,10,1027,14,12,8,9,113,113,113,0,1,11.1,météo très défavorable
2016-10-04,9,0,36,7,8,9,0.5,77,10,1036,85.375,9,5,4,122,122,353,0,1,5.5,météo très défavorable
2016-10-05,9,0,40,9,9,9,0.7,74,9,1038,90.25,9,5,5,122,266,119,0,1,5.5,météo très défavorable
2016-10-06,9,0,28,7,8,8,0,77,10,1038,81.25,9,5,4,119,119,122,0,1,5.5,météo très défavorable
2016-10-07,8,0,36,7,8,8,0.2,81,10,1031,90.75,8,5,4,122,122,122,0,1,5.5,météo très défavorable
2016-10-08,7,0,41,7,7,7,0.5,83,9,1030,100,7,5,2,122,122,266,0,1,5.4,météo très défavorable
2016-10-09,8,0,30,7,8,7,0,88,10,1033,64.875,8,6,3,122,122,113,0,1,8.5,météo très défavorable
2016-10-10,7,0,29,5,6,7,0.1,82,10,1035,63.875,7,4,1,113,122,122,0,1,5.4,météo très défavorable
2016-10-11,6,0,12,5,6,6,0,79,10,1035,72.875,7,3,3,116,119,119,0,1,6.9,météo très défavorable
2016-10-12,6,0,12,4,6,6,0,80,10,1035,60.5,6,3,3,119,113,122,0,1,10,météo très défavorable
2016-10-13,5,0,11,4,5,3,0,81,10,1033,20.125,5,2,1,113,113,113,0,1,10.6,météo très défavorable
2016-10-14,7,0,12,4,6,6,0,83,10,1033,59.375,7,4,4,116,116,119,0,1,5.4,météo très défavorable
2016-10-15,7,0,9,5,7,7,0,84,10,1037,75.375,7,4,5,122,122,116,0,1,5.4,météo très défavorable
2016-10-16,7,0,12,5,7,7,0.3,85,10,1039,75.75,7,5,5,119,122,122,0,1,3.8,météo très défavorable
2016-10-17,7,0,18,5,6,5,0.2,73,10,1040,77.25,7,2,2,122,119,119,0,1,3.8,météo très défavorable
2016-10-18,4,0,16,3,4,4,0,73,10,1037,17.625,4,2,0,116,113,113,0,1,8.7,météo très défavorable
2016-10-19,6,0,15,2,4,4,0,77,10,1032,2.75,6,1,1,113,113,113,0,1,8.7,météo très défavorable
2016-10-20,4,0,13,2,3,3,0,76,10,1035,18.625,4,0,0,113,113,116,0,1,8.7,météo très défavorable
2016-10-21,3,0,15,2,3,1,0,64,10,1036,92.25,3,0,-2,326,326,122,0.1,1,3.7,météo très défavorable
2016-10-22,3,0,30,2,3,3,0,70,8,1038,73.5,3,0,-3,323,227,227,0,1,5.2,météo très défavorable
2016-10-23,6,0,32,3,5,5,0.2,78,10,1040,69.75,6,2,-0,119,116,122,0,1,7,météo très défavorable
2016-10-24,5,0,29,4,4,5,0.2,83,10,1042,95.25,5,2,-2,122,119,122,0,1,3.5,météo très défavorable
2016-10-25,3,0,32,2,3,3,4.5,88,8,1039,99.125,3,1,-3,122,338,338,3.8,1,3.4,météo très défavorable
2016-10-26,2,0,11,2,2,2,3.3,89,7.375,1021,100,3,1,-1,332,338,338,2.8,1,3.4,météo très défavorable
2016-10-27,6,0,31,3,4,5,1,90,9.5,1024,88.375,6,4,-1,371,119,296,0.1,1,5.2,météo très défavorable
2016-10-28,7,0,44,7,6,7,7.2,89,9.375,1020,100,7,6,1,296,302,296,0,1,3.4,météo très défavorable
2016-10-29,8,0,18,6,6,6,0,85,10,999,94.5,8,7,3,122,122,122,0,1,3.4,météo très défavorable
2016-10-30,5,0,21,5,4,3,0.3,82,9,1016,98.75,5,4,-1,122,332,371,0.3,1,3.3,météo très défavorable
2016-10-31,2,0,8,1,2,1,0.5,83,8.625,1022,90.625,2,0,-1,122,338,371,0.4,1,3.3,météo très défavorable
2016-11-01,2,0,12,1,2,1,0,70,10,1023,75.625,2,0,-1,119,119,119,0,1,3.3,météo très défavorable
2016-11-02,-0,0,34,0,-0,-1,0.6,82,6.5,1015,92.5,0,0,-7,227,230,230,0,1,3.3,météo très défavorable
2016-11-03,0,0,23,-1,0,0,0.5,80,7.75,1007,100,0,0,-5,122,338,122,0.3,1,3.3,météo très défavorable
2016-11-04,1,0,22,0,1,-1,1,84,8,1015,100,1,0,-5,338,371,122,0.8,1,3.2,météo très défavorable
2016-11-05,-2,0,12,-3,-2,-3,0,78,10,1019,77.25,0,0,-7,119,116,119,0,1,6.8,météo très défavorable
2016-11-06,-2,0,24,-3,-3,-3,0.1,81,9.625,1019,58,0,0,-9,122,371,116,0.1,1,6.8,météo très défavorable
2016-11-07,-3,0,41,-4,-4,-3,1.3,91,6.25,1014,93.625,0,0,-13,230,230,230,0,1,3,météo très défavorable
2016-11-08,-3,0,32,-3,-3,-4,2.7,88,7.5,1014,100,0,0,-12,230,230,122,0,1,3,météo très défavorable
2016-11-09,-3,0,26,-6,-5,-3,0.1,94,9.375,1021,96.375,0,0,-13,119,332,122,0.1,1,3,météo très défavorable
2016-11-10,-3,0,31,-3,-3,-5,2.9,91,7.75,1021,99.375,0,0,-12,122,230,338,1.4,1,3,météo très défavorable
2016-11-11,-3,0,11,-5,-3,-3,0.1,89,9.375,1016,97.625,0,0,-8,122,332,122,0.1,1,3,météo très défavorable
2016-11-12,-0,0,26,-2,-1,0,0.4,87,9,1019,100,0,0,-7,122,326,338,0.3,1,3,météo très défavorable
2016-11-13,0,0,11,0,0,-1,0.6,88,8,1024,100,0,0,-4,122,338,338,0.5,1,2.9,météo très défavorable
2016-11-14,-1,0,14,-1,-1,-2,0.1,92,10,1027,94,0,0,-6,122,122,326,0,1,2.9,météo très défavorable
2016-11-15,1,0,27,0,0,1,0.1,91,8.75,1026,87.625,1,0,-6,116,326,230,0,1,1.8,météo très défavorable
2016-11-16,2,0,28,1,1,2,0.7,91,7.125,1016,100,2,0,-5,227,230,332,0.2,1,1.8,météo très défavorable
2016-11-17,3,0,35,2,3,3,0.6,91,9.875,1008,98.875,3,2,-3,317,122,122,0,1,1.8,météo très défavorable
2016-11-18,4,0,29,3,3,4,0,94,10,1009,95.75,4,3,-2,122,122,122,0,1,1.8,météo très défavorable
2016-11-19,7,0,29,6,6,7,2.1,93,8.875,1016,95.75,7,6,2,266,296,119,0,1,1.8,météo très défavorable
2016-11-20,7,0,40,3,7,5,2.7,92,8.875,1021,97.125,7,5,-1,266,296,122,0,1,1.8,météo très défavorable
2016-11-21,6,0,30,5,6,6,0,90,10,1022,97.25,6,5,1,122,122,122,0,1,1.8,météo très défavorable
2016-11-22,5,0,25,4,3,2,0,89,10,1025,99.5,6,4,-3,122,122,122,0,1,1.8,météo très défavorable
2016-11-23,4,0,28,3,4,3,0,91,10,1024,100,4,3,-3,122,122,122,0,1,1.7,météo très défavorable
2016-11-24,5,0,32,4,4,5,1.5,93,7.875,1016,99.125,5,4,-1,122,296,266,0,1,1.7,météo très défavorable
2016-11-25,3,0,26,2,2,1,2.3,89,6.75,1014,100,4,1,-3,230,338,326,1,1,1.7,météo très défavorable
2016-11-26,5,0,30,0,2,5,4.4,96,7.375,1012,97,5,4,-3,230,302,266,0,1,1.7,météo très défavorable
2016-11-27,4,0,30,3,1,-1,2.4,88,6.375,997,100,4,2,-6,338,230,230,1,1,1.7,météo très défavorable
2016-11-28,-2,0,31,-3,-2,-2,0.4,69,8.75,1010,88.25,0,0,-9,122,119,119,0,1,1.7,météo très défavorable
2016-11-29,-2,0,22,-4,-3,-2,0.1,73,9,1018,80.25,0,0,-9,227,119,119,0,1,1.7,météo très défavorable
2016-11-30,1,0,34,-2,-1,0,1.6,93,6.5,1015,98.375,1,0,-9,230,230,338,0.4,1,1.7,météo très défavorable
2016-12-01,2,0,20,1,1,0,0.5,81,8,997,100,2,0,-4,332,371,338,0.4,1,1.7,météo très défavorable
2016-12-02,-0,0,12,-2,-2,-1,0.2,89,9,1003,100,0,0,-6,371,122,122,0.2,1,1.7,météo très défavorable
2016-12-03,-1,0,19,-2,-2,-3,0.7,89,8,1011,100,0,0,-8,338,122,338,0.7,1,1.7,météo très défavorable
2016-12-04,-3,0,17,-3,-3,-3,0.2,83,9.375,1019,99.5,0,0,-8,122,332,326,0.2,1,1.6,météo très défavorable
2016-12-05,3,0,47,3,3,-1,5.1,89,7,1008,100,3,2,-5,302,317,230,0,1,1.6,météo très défavorable
2016-12-06,-3,0,23,-5,-5,-4,0,79,10,1025,49,0,0,-12,116,113,116,0,1,5.8,météo très défavorable
2016-12-07,2,0,47,-3,1,2,0.1,84,8.75,1026,74,2,0,-7,116,230,122,0,1,1.6,météo très défavorable
2016-12-08,2,0,9,2,1,1,1.5,96,4.375,1007,100,2,1,-2,338,338,143,1.2,1,1.6,météo très défavorable
2016-12-09,2,0,28,2,2,1,0.4,94,7,998,92.875,2,1,-4,326,338,326,0.4,1,1.6,météo très défavorable
2016-12-10,-2,0,34,-2,-2,-2,0.1,77,8.75,1005,35.625,0,0,-10,230,323,113,0,1,5.8,météo très défavorable
2016-12-11,-2,0,18,-2,-3,-4,0,81,10,1008,59,0,0,-8,326,116,119,0,1,3.7,météo très défavorable
2016-12-12,-3,0,24,-4,-4,-3,0.5,80,8.375,1012,85.375,0,0,-10,332,119,338,0.5,1,1.5,météo très défavorable
2016-12-13,-2,0,18,-4,-4,-2,0.2,85,9.375,1015,86.875,0,0,-9,119,116,326,0.1,1,3.7,météo très défavorable
2016-12-14,-2,0,21,-2,-2,-3,0.1,88,9.375,1022,87.375,0,0,-9,332,122,119,0.1,1,1.5,météo très défavorable
2016-12-15,-0,0,27,-4,-1,-1,0.2,93,9.375,1025,75.875,0,0,-7,116,122,332,0.1,1,1.4,météo très défavorable
2016-12-16,-0,0,13,-1,-2,-2,0.1,90,8.375,1024,66.875,0,0,-6,143,116,116,0.1,1,5.6,météo très défavorable
2016-12-17,1,0,24,-1,-0,1,0,95,10,1025,68.125,1,1,-5,116,116,122,0,1,3.6,météo très défavorable
2016-12-18,0,0,18,0,-0,-0,0.3,95,9.375,1021,91,1,0,-5,332,122,119,0.2,1,1.4,météo très défavorable
2016-12-19,1,0,12,-1,1,1,0,98,5.5,1020,80.5,1,1,-3,116,143,248,0,1,1.4,météo très défavorable
2016-12-20,2,0,28,1,2,2,0,97,9,1023,99.375,2,2,-4,122,122,122,0,1,1.4,météo très défavorable
2016-12-21,2,0,20,2,1,1,0.2,96,9,1024,84,2,1,-4,266,116,119,0,1,5.5,météo très défavorable
2016-12-22,3,0,28,2,2,3,0.3,94,9,1018,93.625,3,2,-4,122,122,119,0,1,1.5,météo très défavorable
2016-12-23,2,0,33,2,2,2,0.9,94,8.625,1016,90.625,2,2,-4,326,266,371,0.4,1,1.5,météo très défavorable
2016-12-24,3,0,35,1,2,2,0.8,91,9.875,1013,77.375,3,1,-4,119,122,317,0,1,1.5,météo très défavorable
2016-12-25,3,0,29,3,2,2,0.2,92,10,999,94.5,3,2,-4,122,119,122,0,1,1.5,météo très défavorable
2016-12-26,4,0,40,2,4,3,2,94,8.625,998,93,4,3,-2,122,296,362,0,1,1.5,météo très défavorable
2016-12-27,1,0,21,1,1,-0,1.2,95,7.75,1000,88.625,1,0,-4,230,338,122,0.2,1,1.5,météo très défavorable
2016-12-28,0,0,31,-2,-1,-1,0.1,86,6.375,1028,94.125,0,0,-8,227,227,332,0.1,1,1.5,météo très défavorable
2016-12-29,2,0,37,-1,-0,1,0.2,84,9,1031,93.25,2,1,-8,122,122,266,0,1,1.5,météo très défavorable
2016-12-30,3,0,24,2,2,2,0.2,96,10,1020,100,3,2,-3,122,122,122,0,1,1.5,météo très défavorable
2016-12-31,4,0,33,3,3,3,0.3,97,10,1007,98.875,4,3,-2,122,122,122,0,1,1.5,météo très défavorable
2017-01-01,3,0,18,3,2,1,0,91,10,998,41.75,3,2,-3,116,116,116,0,1,5.8,météo très défavorable
2017-01-02,-0,-3,21,-0,-2,-3,0.1,73,9.375,1002,98.5,0,0,-8,326,122,122,0.1,1,1.5,météo très défavorable
2017-01-03,-3,-9,14,-5,-6,-7,0.3,75,8.75,1003,99.375,0,0,-13,326,122,332,0.2,1,1.5,météo très défavorable
2017-01-04,-9,-13,35,-10,-10,-12,0.2,82,8,1008,59.25,0,0,-22,116,227,227,0,1,5.8,météo très défavorable
2017-01-05,-12,-15,36,-14,-13,-13,0.7,88,3.75,1030,95.125,0,0,-26,230,230,230,0,1,1.5,météo très défavorable
2017-01-06,-13,-16,14,-13,-14,-16,0.2,83,10,1038,53.5,0,0,-22,326,323,113,0.1,1,3.7,météo très défavorable
2017-01-07,-11,-16,32,-15,-14,-13,0.2,89,8.75,1036,39.125,0,0,-25,113,113,230,0,1,3.7,météo très défavorable
2017-01-08,-2,-9,24,-8,-6,-4,0.3,94,8.75,1024,94.875,0,0,-13,326,122,326,0.1,1,1.6,météo très défavorable
2017-01-09,1,-1,26,-0,1,0,0.8,94,7.125,1019,100,1,0,-5,230,332,122,0.1,1,1.7,météo très défavorable
2017-01-10,2,1,30,1,1,2,0.4,95,9,1015,100,2,1,-5,122,266,122,0,1,1.7,météo très défavorable
2017-01-11,-1,-6,32,-4,-6,-5,0,89,10,1016,95.375,0,0,-14,122,122,122,0,1,1.7,météo très défavorable
2017-01-12,-3,-5,37,-5,-4,-4,0,85,10,1004,73.5,0,0,-12,116,122,122,0,1,1.7,météo très défavorable
2017-01-13,1,-5,30,-4,1,1,0.7,92,8.125,995,100,1,0,-5,332,122,122,0.1,1,1.7,météo très défavorable
2017-01-14,-0,-3,11,-1,-1,-2,0,94,8,1000,99.5,0,0,-4,122,122,122,0,1,1.7,météo très défavorable
2017-01-15,-2,-3,20,-3,-2,-3,0.7,94,8.375,1009,99.5,0,0,-8,122,338,332,0.7,1,1.7,météo très défavorable
2017-01-16,-3,-6,4,-6,-6,-4,0,95,7,1025,76.5,0,0,-8,143,143,122,0,1,3.8,météo très défavorable
2017-01-17,-3,-6,15,-5,-4,-3,0,95,6,1032,95.875,0,0,-8,143,143,122,0,1,1.7,météo très défavorable
2017-01-18,-0,-4,24,-3,-1,0,0.3,96,9.375,1031,95,0,0,-7,326,332,122,0.2,1,1.7,météo très défavorable
2017-01-19,1,0,26,1,1,1,0.1,95,10,1021,96.375,1,1,-5,122,122,119,0,1,1.8,météo très défavorable
2017-01-20,1,-3,17,-2,-3,-1,0,85,9,1017,34.125,1,0,-8,113,113,326,0,1,5.8,météo très défavorable
2017-01-21,-2,-5,21,-3,-3,-4,0,88,10,1022,54.125,0,0,-9,119,116,113,0,1,3.8,météo très défavorable
2017-01-22,1,-4,26,-1,1,1,1.2,96,8,1022,91.375,1,0,-5,338,266,122,0.3,1,1.8,météo très défavorable
2017-01-23,1,0,26,1,1,0,0.6,93,8.375,1013,99.875,1,0,-5,122,332,338,0.5,1,1.8,météo très défavorable
2017-01-24,0,-6,22,0,-3,-5,1,90,7.375,1023,98.625,0,0,-10,332,338,122,0.8,1,1.8,météo très défavorable
2017-01-25,-6,-10,8,-9,-8,-8,0,93,7,1032,49.125,0,0,-11,143,116,116,0,1,5.8,météo très défavorable
2017-01-26,1,-7,38,-5,-1,1,0.4,95,8,1029,99.125,1,1,-9,227,122,266,0,1,1.9,météo très défavorable
2017-01-27,1,0,8,1,1,1,0.1,97,0,1023,100,1,1,-2,248,248,248,0,1,1.9,météo très défavorable
2017-01-28,1,-1,14,-1,-0,0,0,96,7.75,1025,78.75,1,1,-5,119,116,119,0,1,2,météo très défavorable
2017-01-29,1,-0,15,0,1,0,0.2,96,7.75,1025,98.875,1,0,-4,122,122,122,0,1,2,météo très défavorable
2017-01-30,1,-1,27,-1,-1,1,2.5,92,6.5,1021,98.875,1,0,-7,332,338,230,1.1,1,2,météo très défavorable
2017-01-31,1,-2,16,1,-0,-1,1.2,94,7.75,1021,94.75,1,0,-5,338,326,122,0.9,1,2,météo très défavorable
2017-02-01,-2,-5,13,-2,-2,-5,0.1,91,7.375,1025,77.25,0,0,-6,332,116,143,0.1,1,5.8,météo très défavorable
2017-02-02,-1,-4,16,-4,-2,-2,0.4,94,8.75,1026,96.125,0,0,-8,326,332,332,0.3,1,2,météo très défavorable
2017-02-03,-1,-3,11,-3,-2,-2,0.2,93,7.375,1020,98.75,0,0,-6,326,332,326,0.2,1,2,météo très défavorable
2017-02-04,-2,-4,2,-2,-3,-3,0.3,96,4.25,1015,100,0,0,-3,332,143,332,0.2,1,2,météo très défavorable
2017-02-05,-2,-5,19,-4,-3,-5,0.1,90,8.75,1026,98.375,0,0,-9,122,326,122,0.1,1,2.1,météo très défavorable
2017-02-06,-6,-13,18,-9,-13,-12,0.2,87,8.375,1042,36,0,0,-21,323,113,143,0.2,1,5.8,météo très défavorable
2017-02-07,-13,-17,9,-17,-15,-15,0,81,10,1047,13.5,0,0,-21,113,113,113,0,1,5.8,météo très défavorable
2017-02-08,-9,-13,10,-11,-10,-9,0,93,7,1047,37.75,0,0,-15,113,116,143,0,1,8.4,météo très défavorable
2017-02-09,-9,-12,3,-11,-10,-10,0,90,5.5,1047,44.5,0,0,-11,143,116,116,0,1,6.9,météo très défavorable
2017-02-10,-6,-13,9,-10,-6,-8,0,95,5.5,1047,52.375,0,0,-10,326,143,260,0,1,5.1,météo très défavorable
2017-02-11,-6,-9,12,-9,-6,-7,0,92,6.5,1045,29.25,0,0,-11,143,113,116,0,1,8.7,météo très défavorable
2017-02-12,-3,-7,10,-7,-5,-4,0.1,93,8.375,1041,87,0,0,-9,332,326,119,0.1,1,3.4,météo très défavorable
2017-02-13,1,-3,29,-1,-0,1,0.3,95,8.75,1032,98.125,1,1,-7,230,122,122,0,1,3.4,météo très défavorable
2017-02-14,2,-2,23,2,1,-0,0,89,9,1027,54.75,2,1,-4,116,116,116,0,1,8.7,météo très défavorable
2017-02-15,-3,-5,4,-3,-4,-5,0,94,5.75,1034,42.875,0,0,-5,323,116,113,0,1,8.7,météo très défavorable
2017-02-16,-0,-4,18,-2,-0,-1,0.1,91,8.375,1029,83.5,0,0,-5,332,326,326,0.1,1,3.5,météo très défavorable
2017-02-17,1,-1,19,-1,1,0,1.7,97,8.75,1012,100,1,0,-4,317,266,317,0,1,4.8,météo très défavorable
2017-02-18,1,-2,28,-2,-1,1,0.2,91,8.75,1008,86.25,1,0,-7,119,116,332,0.2,1,6.5,météo très défavorable
2017-02-19,2,0,31,0,1,2,7.3,97,6.75,1006,100,2,1,-5,338,317,296,3.2,1,4.9,météo très défavorable
2017-02-20,2,-2,15,2,0,-1,1.4,91,6.125,992,95,2,1,-4,230,332,338,0.9,1,4.9,météo très défavorable
2017-02-21,-2,-5,17,-2,-3,-4,0.5,85,7,994,100,0,0,-9,338,122,122,0.4,1,4.9,météo très défavorable
2017-02-22,-5,-10,17,-10,-6,-5,0,87,8,1000,47,0,0,-12,143,113,122,0,1,8.3,météo très défavorable
2017-02-23,1,-5,25,-3,1,-1,2.2,93,6.125,984,98.875,1,0,-5,332,338,338,1.5,1,5,météo très défavorable
2017-02-24,-3,-7,27,-5,-3,-5,0.7,88,6.875,985,86.125,0,0,-10,323,230,332,0.4,1,5,météo très défavorable
2017-02-25,-5,-9,26,-8,-8,-5,0.5,87,8.125,999,89.375,0,0,-16,332,326,332,0.4,1,5,météo très défavorable
2017-02-26,-2,-6,14,-4,-4,-3,0.5,93,7.75,1000,86.625,0,0,-8,326,119,338,0.5,1,5.1,météo très défavorable
2017-02-27,-3,-6,6,-4,-4,-3,0.4,92,4.125,1009,97.75,0,0,-6,338,326,143,0.4,1,5.1,météo très défavorable
2017-02-28,2,-6,23,-2,2,2,0,97,10,1008,88.875,2,2,-3,122,122,122,0,1,5.1,météo très défavorable
2017-03-01,3,1,10,3,2,2,0.6,96,6,1000,97.25,3,2,-1,266,143,122,0,1,5.1,météo très défavorable
2017-03-02,2,1,21,1,2,2,1.7,92,9.25,999,84.625,2,2,-3,332,116,326,0.1,1,6.9,météo très défavorable
2017-03-03,1,-1,10,-1,1,1,0,91,7,1001,93.375,1,0,-2,122,122,143,0,1,5.4,météo très défavorable
2017-03-04,1,-3,18,0,-0,-1,2.7,91,7.75,1009,97.5,1,0,-5,332,119,332,2.3,1,5.4,météo très défavorable
2017-03-05,-4,-6,10,-6,-5,-5,0,88,9,1016,50.625,0,0,-9,143,113,113,0,1,10.9,météo très défavorable
2017-03-06,-2,-7,19,-7,-4,-4,0,83,10,1022,63.375,0,0,-10,116,119,116,0,1,8.5,météo très défavorable
2017-03-07,-2,-6,35,-6,-4,-2,0,83,10,1022,82.5,0,0,-13,116,119,122,0,1,7,météo très défavorable
2017-03-08,1,-0,17,1,1,0,0,88,10,1023,90.5,1,0,-4,122,122,122,0,1,5.5,météo très défavorable
2017-03-09,2,-2,12,-2,0,0,0,86,10,1023,41.75,2,0,-3,119,116,113,0,1,11.1,météo très défavorable
2017-03-10,1,-2,6,-1,1,0,2.2,97,4,1016,88.625,1,1,-1,317,338,332,0.7,1,5.6,météo très défavorable
2017-03-11,2,-1,12,0,1,1,0.3,98,5.75,1024,90.25,2,1,-2,332,332,326,0.3,1,5.6,météo très défavorable
2017-03-12,2,-3,12,-3,0,0,0,88,10,1026,8.75,2,0,-3,113,113,113,0,1,11.3,météo très défavorable
2017-03-13,1,-3,15,-3,0,1,0,90,10,1026,67.875,1,0,-4,116,122,122,0,1,7.3,météo très défavorable
2017-03-14,1,-3,15,-3,0,0,0,88,10,1025,54.75,1,0,-4,113,113,122,0,1,8.8,météo très défavorable
2017-03-15,2,0,23,2,2,2,3.7,93,9,1011,86,3,1,-3,302,332,119,0.1,1,5.9,météo très défavorable
2017-03-16,2,-1,14,-1,1,1,0,93,10,1010,54.125,2,1,-3,116,116,116,0,1,10.2,météo très défavorable
2017-03-17,3,-1,38,-1,1,3,2,89,8.875,1010,88.25,3,2,-5,119,317,266,0,1,6,météo très défavorable
2017-03-18,1,0,18,0,1,1,0.1,93,10,995,98.125,1,1,-4,122,122,122,0,1,6,météo très défavorable
2017-03-19,2,-2,7,-1,1,1,0.2,94,5.75,1003,77.375,2,1,0,143,368,368,0.1,1,7.4,météo très défavorable
2017-03-20,2,-3,7,-3,2,1,0.3,87,6.375,1006,74.125,2,0,-0,143,371,122,0.2,1,6.1,météo très défavorable
2017-03-21,4,-1,22,-1,3,3,0.7,83,9,1005,69.5,4,2,-2,116,113,266,0,1,8.8,météo très défavorable
2017-03-22,3,1,27,1,2,3,0.3,87,9.5,1009,74.875,3,1,-3,119,329,317,0.1,1,6.3,météo très défavorable
2017-03-23,2,0,26,1,2,1,0,91,10,1018,50,2,1,-4,116,116,113,0,1,10.3,météo très défavorable
2017-03-24,1,-1,26,-1,-0,0,0,73,10,1019,6.125,1,0,-7,113,113,113,0,1,11.6,météo très défavorable
2017-03-25,1,-2,13,-2,1,1,0,86,9,1019,73.75,1,0,-3,116,122,326,0,1,6.4,météo très défavorable
2017-03-26,4,-1,42,-1,2,3,0.1,88,7,1017,83.875,4,3,-5,143,116,122,0,1,7.7,météo très défavorable
2017-03-27,4,0,31,0,1,2,0.3,81,9,1006,57,4,3,-4,113,119,266,0,1,7.7,météo très défavorable
2017-03-28,2,-2,30,0,1,0,1.3,83,8.375,1011,78.125,2,0,-6,122,371,230,0.6,1,9,météo très défavorable
2017-03-29,-0,-3,19,-3,-1,-1,0.1,66,9.5,1013,27.75,0,0,-6,113,179,371,0.1,1,11.6,météo très défavorable
2017-03-30,-0,-4,18,-4,-1,-1,0,63,10,1022,19.25,0,0,-6,113,113,116,0,1,11.6,météo très défavorable
2017-03-31,2,-3,10,-3,1,1,0,70,10,1021,52.5,2,0,-1,122,116,113,0,1,10.3,météo très défavorable
2017-04-01,3,-3,22,-3,3,2,2.7,67,9.625,1020,49,3,1,-2,113,116,302,0,1,7.8,météo très défavorable
2017-04-02,5,2,12,3,3,3,0,94,8,1013,100,5,5,-1,122,122,143,0,1,6.6,météo très défavorable
2017-04-03,3,1,16,1,2,1,0,89,8,1026,97.5,3,2,-2,122,122,122,0,1,6.7,météo très défavorable
2017-04-04,5,-1,15,-0,3,5,0,81,7,1026,41.625,6,2,-1,143,113,113,0,1,11.6,météo très défavorable
2017-04-05,6,3,22,3,6,5,0.3,85,9,1018,47.875,7,3,2,113,116,266,0,1,7.9,météo très défavorable
2017-04-06,4,1,10,1,4,3,0,84,8,1006,32.625,4,1,1,143,113,113,0,1,11.6,météo très défavorable
2017-04-07,4,0,12,0,3,3,0,78,10,1007,61.125,4,0,0,116,116,122,0,1,9.3,météo très défavorable
2017-04-08,2,0,24,0,1,2,1,77,8.5,1015,69.5,2,0,-5,338,323,371,0.7,1,9.3,météo très défavorable
2017-04-09,7,-1,19,-0,5,6,0,77,10,1015,72.875,7,4,1,116,119,119,0,1,7,météo très défavorable
2017-04-10,9,3,21,3,6,9,0,83,10,1010,71.5,9,4,2,122,116,116,0,1,9.3,météo très défavorable
2017-04-11,8,2,26,4,6,3,0,72,10,996,32.75,8,6,-0,113,113,113,0,1,14.5,météo très défavorable
2017-04-12,1,-1,24,-0,1,1,0.3,74,8.75,1002,77.5,2,1,-5,332,332,113,0.3,1,11.3,météo très défavorable
2017-04-13,-0,-2,31,-1,-0,-1,6.6,94,6.875,1000,96.5,0,0,-9,332,230,230,0.2,1,9.2,météo très défavorable
2017-04-14,-2,-4,17,-4,-2,-2,0.2,69,9.375,1006,85.5,0,0,-8,332,368,326,0.1,1,9.2,météo très défavorable
2017-04-15,-1,-6,18,-6,-2,-2,0.1,68,9.625,1007,50.625,0,0,-7,119,371,323,0.1,1,12.4,météo très défavorable
2017-04-16,-1,-7,14,-7,-2,-1,0.3,74,9.25,1010,68.625,0,0,-6,116,371,371,0.3,1,11.3,météo très défavorable
2017-04-17,-0,-4,19,-4,-1,-1,0.4,80,9.625,1019,94.125,0,0,-6,119,371,326,0.3,1,9.3,météo très défavorable
2017-04-18,-0,-4,12,-4,-1,-0,0.1,77,8.625,1031,72.75,0,0,-5,119,371,116,0.1,1,10.4,météo très défavorable
2017-04-19,1,-6,12,-6,1,0,0,71,10,1034,12.75,1,0,-2,116,113,113,0,1,14.5,météo très défavorable
2017-04-20,3,-4,14,-4,2,3,0,66,10,1032,36.625,3,0,-2,116,113,116,0,1,14.5,météo très défavorable
2017-04-21,3,0,15,1,3,3,4.2,97,6.625,1014,80.125,3,2,-1,230,317,176,0.2,1,10.4,météo très défavorable
2017-04-22,3,1,15,1,3,3,2.9,92,9,993,76,3,1,-1,338,323,326,2.4,1,10.5,météo très défavorable
2017-04-23,3,1,14,1,2,3,0.1,88,10,1004,78.125,4,1,-1,326,326,116,0.1,1,11.5,météo très défavorable
2017-04-24,2,-1,15,1,2,2,3.8,92,8.5,1008,76.375,2,1,-2,395,395,113,3.3,1,10.5,météo très défavorable
2017-04-25,5,-0,22,-0,4,4,0.2,85,9.875,1008,64.5,5,3,-0,113,317,122,0,1,10.5,météo très défavorable
2017-04-26,5,2,31,2,3,4,2.2,86,9.875,1002,83.375,5,4,-3,122,122,353,0,1,10.6,météo très défavorable
2017-04-27,5,1,25,1,4,5,0.1,72,10,1013,36.25,5,0,-0,122,113,116,0,1,13.5,météo très défavorable
2017-04-28,6,2,9,2,6,6,0,68,10,1023,18.625,6,0,4,113,113,113,0,1,13.5,météo très défavorable
2017-04-29,4,3,46,3,4,3,4.9,88,9.5,1024,81,4,3,-4,116,296,302,0,1,10.6,météo très défavorable
2017-04-30,5,3,23,4,4,4,0,85,10,1023,78.875,5,5,-0,119,122,122,0,1,9.7,météo très défavorable
2017-05-01,7,1,13,1,6,6,0,63,10,1028,15.875,7,1,4,113,113,116,0,1,16,météo très défavorable
2017-05-02,7,3,25,3,7,7,0,65,10,1026,7,7,1,3,113,113,113,0,1,16.5,météo très défavorable
2017-05-03,8,3,17,3,6,8,0,72,10,1031,20.25,8,2,3,113,113,113,0,1,16.5,météo très défavorable
2017-05-04,6,3,10,3,5,6,0,73,10,1035,53.375,7,1,3,119,119,113,0,1,14.9,météo très défavorable
2017-05-05,9,3,34,4,7,8,0,64,10,1031,25.625,9,3,3,116,116,116,0,1,16.6,météo très défavorable
2017-05-06,8,6,21,6,7,7,0.4,86,9,1014,89.125,8,6,4,122,266,122,0,1,12.5,météo très défavorable
2017-05-07,6,2,13,2,5,6,0,53,10,1015,26.875,6,0,3,113,113,119,0,1,16.6,météo très défavorable
2017-05-08,5,1,21,2,5,4,0.5,50,9.875,1012,50.875,5,0,0,119,122,182,0,1,15,météo très défavorable
2017-05-09,4,0,18,0,3,4,0.1,44,10,1012,29.5,4,0,-0,116,368,116,0,1,16.8,météo très défavorable
2017-05-10,3,0,17,0,3,3,0.1,59,9.625,1008,55.25,3,0,-1,371,116,116,0.1,1,16.9,météo très défavorable
2017-05-11,4,0,18,0,4,4,0,52,10,1009,75.625,4,0,-0,116,119,119,0,1,14.3,météo très défavorable
2017-05-12,5,1,21,1,4,5,0.1,55,9.625,1017,34.625,5,0,0,116,113,113,0.1,1,17,météo très défavorable
2017-05-13,8,3,15,4,7,8,0,52,10,1022,37,8,0,5,122,116,113,0,1,15.9,météo très défavorable
2017-05-14,12,4,10,4,10,12,0,47,10,1025,37.25,12,3,9,113,113,122,0,1,15.9,météo très défavorable
2017-05-15,10,6,20,7,8,9,0,89,10,1023,73.625,10,6,4,122,122,113,0,1,14.3,météo défavorable
2017-05-16,10,4,21,5,8,9,0,59,10,1031,39.25,10,2,5,122,113,113,0,1,15.9,météo très défavorable
2017-05-17,12,5,9,6,11,11,0,54,10,1032,43.875,12,3,9,113,122,119,0,1,15.1,météo très défavorable
2017-05-18,13,9,7,9,13,13,0,71,10,1023,78,13,9,12,119,119,119,0,1,12.9,météo défavorable
2017-05-19,17,10,14,10,14,17,0,76,8,1019,49.125,17,11,13,143,116,113,0,1,15.9,météo correcte
2017-05-20,14,11,20,12,14,13,0.7,74,10,1017,40.25,14,11,12,353,113,119,0,1,15.9,météo correcte
2017-05-21,12,9,13,9,12,12,0,69,10,1019,42,12,7,11,119,113,116,0,1,16.7,météo défavorable
2017-05-22,13,8,21,9,13,13,0,68,10,1015,16.25,13,8,11,113,113,116,0,1,17.4,météo correcte
2017-05-23,13,10,25,10,12,13,0.1,69,10,1009,20.125,13,8,9,113,113,113,0,1,17.4,météo correcte
2017-05-24,12,8,5,9,12,11,0.3,72,9,1012,52.125,12,8,13,116,116,266,0,1,16,météo défavorable
2017-05-25,12,9,20,10,11,12,2.6,85,8,1011,62.375,12,9,9,353,353,116,0,1,15.3,météo défavorable
2017-05-26,12,9,26,9,11,12,0.1,67,10,1013,33.875,12,7,9,116,116,113,0,1,17.4,météo défavorable
2017-05-27,10,7,10,7,10,9,0,49,10,1020,49.125,10,4,8,113,116,122,0,1,15.4,météo défavorable
2017-05-28,15,6,17,7,11,15,0.1,66,10,1019,51.625,15,11,9,119,116,113,0,1,16.1,météo correcte
2017-05-29,15,11,19,12,15,13,0,77,10,1008,66.375,15,11,13,122,122,113,0,1,15.6,météo défavorable
2017-05-30,11,7,12,8,10,11,0,55,10,1013,33.25,11,4,9,113,113,119,0,1,16.2,météo défavorable
2017-05-31,11,9,24,9,10,11,3,94,9.75,1008,93.75,11,10,8,296,296,119,0,1,13.9,météo défavorable
2017-06-01,10,7,33,7,9,8,1.5,62,9.875,1001,54.875,10,7,5,113,176,353,0,1,15.7,météo défavorable
2017-06-02,7,5,39,5,6,6,3.1,80,9.625,1007,76.125,7,3,0,362,296,296,0,1,14.5,météo très défavorable
2017-06-03,8,6,32,6,8,8,1,66,10,1013,79.375,8,3,3,353,353,122,0,1,15.7,météo très défavorable
2017-06-04,10,5,18,6,8,10,0,56,10,1013,9.75,10,3,5,113,113,113,0,1,17.4,météo très défavorable
2017-06-05,11,8,13,8,11,11,0.9,80,7.75,1011,52.125,11,9,10,113,119,263,0,1,15.1,météo défavorable
2017-06-06,13,9,13,10,13,13,0.9,77,7.375,1016,44.625,13,10,12,266,113,113,0,1,16.8,météo correcte
2017-06-07,18,9,6,12,16,18,0,63,10,1018,5.25,18,10,16,113,113,113,0,1,17.4,météo favorable
2017-06-08,17,12,22,12,17,17,0.3,64,9.875,1016,20.625,17,11,17,113,113,176,0,1,16.8,météo correcte
2017-06-09,14,12,15,13,13,13,3.4,95,8.75,1018,79,14,12,11,266,296,113,0,1,15.2,météo défavorable
2017-06-10,15,11,15,12,14,14,0.2,81,10,1017,47.5,15,11,14,122,116,113,0,1,16.3,météo correcte
2017-06-11,16,11,16,13,16,15,0.2,81,9.375,1015,37.875,16,13,15,113,116,263,0,1,16.9,météo correcte
2017-06-12,14,12,18,13,14,14,2.5,93,9.125,1009,61.375,14,13,12,113,263,296,0,1,15.2,météo correcte
2017-06-13,14,12,24,12,13,14,0.6,88,9.875,993,91.5,14,12,11,122,353,176,0,1,14.7,météo défavorable
2017-06-14,14,7,24,7,12,14,0.2,59,9,1006,37.25,14,9,10,116,113,113,0,1,17.4,météo correcte
2017-06-15,14,9,12,9,12,13,0,57,10,1012,21.5,14,7,11,113,113,113,0,1,16.9,météo correcte
2017-06-16,16,10,8,12,16,16,0,61,10,1012,2.875,16,8,16,113,113,113,0,1,17.4,météo correcte
2017-06-17,18,11,14,14,18,17,0,65,10,1012,12.125,18,12,18,113,113,113,0,1,17.4,météo favorable
2017-06-18,17,14,20,16,17,16,0.6,74,9,1013,47.125,18,14,17,113,119,266,0,1,15.8,météo correcte
2017-06-19,17,14,33,14,17,17,0.5,65,9.875,1008,13.625,17,13,17,113,113,113,0,1,17.4,météo correcte
2017-06-20,15,12,21,13,14,14,1.7,88,9.125,1007,49.125,15,12,12,113,263,176,0,1,15.2,météo correcte
2017-06-21,13,10,35,10,12,13,8.4,85,9.25,1000,83.125,13,9,8,302,356,353,0,1,15.2,météo défavorable
2017-06-22,14,11,26,12,13,14,2.7,70,9.875,1003,30.875,14,8,11,116,353,176,0,1,17.4,météo correcte
2017-06-23,13,10,22,10,12,13,1.6,67,10,1006,28.75,13,8,10,116,113,113,0,1,17.4,météo correcte
2017-06-24,14,10,7,11,14,14,0,65,10,1007,60.875,14,9,13,119,116,116,0,1,15.8,météo correcte
2017-06-25,16,12,19,12,16,15,1.4,67,9.75,1001,57.875,16,12,16,353,176,176,0,1,16.3,météo correcte
2017-06-26,15,12,25,12,15,14,3.7,72,9.875,998,39.875,15,10,13,116,176,353,0,1,17.4,météo correcte
2017-06-27,14,11,40,12,13,14,3.5,81,9.75,1003,40.375,14,10,10,176,353,113,0,1,16.3,météo correcte
2017-06-28,15,12,30,12,14,15,1.2,70,9.875,1011,31.75,15,10,12,176,113,113,0,1,17.4,météo correcte
2017-06-29,19,11,9,13,17,19,0,64,10,1014,6.875,19,10,17,113,113,113,0,1,17.4,météo favorable
2017-06-30,14,14,40,14,14,14,2.8,89,9.625,1012,63,14,12,11,176,296,296,0,1,14.7,météo correcte
2017-07-01,15,12,29,12,13,15,0.2,84,9,1004,99.875,15,12,10,122,266,122,0,1,14.1,météo défavorable
2017-07-02,18,13,22,13,17,18,0.2,64,9.375,1003,37.375,18,12,17,263,113,113,0,1,17.4,météo favorable
2017-07-03,19,13,5,14,18,17,0.5,69,9.875,1005,13.5,19,13,18,113,113,176,0,1,17.4,météo favorable
2017-07-04,17,13,14,13,16,17,1.3,68,9.875,1006,30.75,17,12,16,116,113,113,0,1,17.4,météo correcte
2017-07-05,15,12,25,12,14,15,0.2,81,10,1007,55.625,15,11,13,119,119,116,0,1,15.7,météo correcte
2017-07-06,13,11,28,11,12,13,0.2,74,10,1011,52.75,13,9,9,116,122,116,0,1,16.3,météo correcte
2017-07-07,15,11,23,11,12,15,0.1,72,10,1013,67.75,15,9,9,122,119,116,0,1,15.7,météo défavorable
2017-07-08,16,11,17,12,15,16,0,58,10,1012,24.375,16,9,15,113,119,113,0,1,16.8,météo correcte
2017-07-09,16,11,12,13,16,16,0,71,10,1010,25,16,12,16,113,116,113,0,1,16.8,météo correcte
2017-07-10,19,14,16,15,18,18,0,64,10,1013,4.625,19,12,18,113,113,113,0,1,17.4,météo favorable
2017-07-11,21,15,19,16,21,20,0,61,10,1015,38,21,14,21,113,113,119,0,1,15.5,météo favorable
2017-07-12,18,16,28,18,18,16,10.4,94,7.75,1006,83.75,19,17,17,356,356,302,0,1,14.2,météo défavorable
2017-07-13,20,15,7,15,19,20,1.2,71,9.875,1006,19,20,16,19,116,113,176,0,1,17.4,météo favorable
2017-07-14,16,13,18,13,13,14,5.6,84,8.5,1010,80.5,16,15,11,122,296,266,0,1,14.2,météo défavorable
2017-07-15,16,14,21,14,16,16,0,62,10,1016,36.375,16,11,16,113,119,116,0,1,16.8,météo correcte
2017-07-16,18,15,10,15,18,18,0,64,10,1017,13.375,18,12,18,113,113,113,0,1,17.4,météo favorable
2017-07-17,19,15,17,15,17,16,2.2,72,9.25,1012,75.375,19,14,17,263,119,296,0,1,14.1,météo défavorable
2017-07-18,17,14,19,14,16,17,1.2,68,9.875,1010,31.75,17,12,16,113,353,113,0,1,16.7,météo correcte
2017-07-19,15,13,24,13,15,15,3.4,75,9.625,1013,49.75,15,10,13,176,353,176,0,1,16.1,météo correcte
2017-07-20,15,12,14,12,14,15,1.6,85,9.875,1012,36.125,15,11,13,176,353,113,0,1,16.7,météo correcte
2017-07-21,17,12,18,12,16,17,0.4,72,9.875,1016,18.75,17,12,16,116,113,113,0,1,17.4,météo correcte
2017-07-22,17,13,9,13,17,17,0.6,72,9.875,1018,12.375,17,12,17,113,113,176,0,1,17.3,météo correcte
2017-07-23,17,13,22,13,17,17,0,66,10,1018,8.625,17,12,17,113,113,113,0,1,17.3,météo correcte
2017-07-24,16,13,16,13,14,16,1.1,90,9.875,1014,55.125,16,13,13,116,296,116,0,1,15.2,météo correcte
2017-07-25,17,13,12,13,16,17,0.1,82,8,1011,49.375,17,14,16,143,116,116,0,1,15.9,météo correcte
2017-07-26,20,13,14,13,18,20,0,71,9,1009,19.25,20,13,19,116,113,113,0,1,17.2,météo favorable
2017-07-27,21,13,5,13,19,21,0,71,10,1006,5.75,21,14,19,113,113,113,0,1,17.1,météo favorable
2017-07-28,21,15,9,15,20,21,0.6,71,9.75,1007,33.25,24,15,20,119,176,176,0,1,16.6,météo favorable
2017-07-29,19,15,9,15,19,16,0.3,83,9,1010,52.25,19,15,17,113,119,266,0,1,14.3,météo correcte
2017-07-30,18,15,21,15,18,18,0,74,10,1010,18.875,18,14,18,113,113,113,0,1,17,météo favorable
2017-07-31,20,15,9,15,20,20,1.3,74,9.875,1011,45.5,20,16,20,116,116,353,0,1,15.8,météo favorable
2017-08-01,20,16,22,16,18,19,0.4,72,9.875,1018,17.5,20,16,18,113,113,113,0,1,16.9,météo favorable
2017-08-02,18,15,26,15,16,17,3.1,92,9.5,1018,65.875,18,17,16,122,302,176,0,1,14.2,météo défavorable
2017-08-03,18,15,29,15,18,18,0.7,67,9.875,1010,10.375,18,14,18,113,113,113,0,1,16.8,météo favorable
2017-08-04,17,14,20,15,14,17,14.3,95,9.375,1009,58.875,17,15,13,119,308,353,0,1,14.2,météo défavorable
2017-08-05,17,14,21,14,16,16,2.7,87,9.875,1002,54.25,17,14,16,353,353,176,0,1,15,météo correcte
2017-08-06,17,14,27,14,17,17,1.8,80,9.875,1007,51.875,17,14,17,353,353,176,0,1,15.8,météo correcte
2017-08-07,16,14,23,14,15,16,2.1,89,10,1015,86,16,13,15,122,353,353,0,1,12.4,météo défavorable
2017-08-08,17,13,14,13,16,17,0,76,10,1024,30.375,17,13,16,116,113,113,0,1,16.1,météo correcte
2017-08-09,20,13,6,13,18,20,0,67,10,1027,9,20,13,18,113,116,113,0,1,16.1,météo favorable
2017-08-10,20,15,17,15,20,18,0.3,77,10,1022,25.125,20,16,20,116,113,113,0,1,16,météo favorable
2017-08-11,18,15,17,15,17,18,0,77,10,1016,14.625,18,14,17,116,113,113,0,1,16,météo favorable
2017-08-12,23,15,16,15,20,23,0,68,10,1016,10.875,25,16,20,113,113,113,0,1,15.9,météo favorable
2017-08-13,20,17,17,17,17,18,2.6,92,10,1010,62.125,20,17,17,353,353,116,0,1,15.6,météo correcte
2017-08-14,17,14,18,14,16,16,0.3,65,9.875,1022,16.75,17,14,16,116,113,113,0,1,14.5,météo correcte
2017-08-15,18,13,11,13,17,17,0,64,10,1028,16.625,18,11,17,113,113,113,0,1,13.5,météo favorable
2017-08-16,19,13,11,13,18,19,0,61,10,1027,65.875,19,12,18,122,113,116,0,1,13.5,météo défavorable
2017-08-17,20,15,12,15,19,20,0.8,80,9.875,1023,43.5,20,17,19,116,116,176,0,1,14.5,météo favorable
2017-08-18,19,15,14,15,17,19,1.3,91,9.625,1017,40.375,19,16,17,176,122,176,0,1,13.5,météo correcte
2017-08-19,24,15,19,15,21,24,0,72,10,1015,45.5,25,17,21,113,116,113,0,1,13.5,météo favorable
2017-08-20,18,16,14,16,17,17,0.1,75,8,1017,66.5,18,17,17,116,116,119,0,1,12.5,météo défavorable
2017-08-21,15,13,11,14,14,13,7.7,94,6.375,1017,92.625,15,13,13,296,302,296,0,1,9.4,météo défavorable
2017-08-22,14,13,9,13,14,14,1.6,96,6.875,1014,88.625,14,13,13,143,296,119,0,1,9.4,météo défavorable
2017-08-23,16,13,24,13,13,16,4.9,94,8.625,1012,86.625,16,13,11,119,302,266,0,1,9.3,météo défavorable
2017-08-24,15,13,31,15,14,13,12.4,93,8.25,1004,100,15,14,11,266,296,308,0,1,9.3,météo défavorable
2017-08-25,14,12,17,12,14,13,3.5,92,8.75,1007,82.875,14,12,12,116,116,296,0,1,11.4,météo défavorable
2017-08-26,14,11,29,11,14,13,5.5,73,9.625,1008,62.875,14,12,11,116,353,353,0,1,11.3,météo correcte
2017-08-27,13,10,18,10,12,13,0.3,70,10,1013,47.625,13,8,10,119,116,116,0,1,11.3,météo correcte
2017-08-28,14,9,13,9,13,14,0,71,10,1017,8,14,8,12,113,113,113,0,1,14.5,météo correcte
2017-08-29,15,10,13,10,14,15,0,70,10,1019,20.375,15,10,13,113,113,113,0,1,14.5,météo correcte
2017-08-30,18,12,26,12,16,18,0,70,10,1017,51.25,18,12,16,116,113,119,0,1,13.4,météo favorable
2017-08-31,19,15,16,15,18,18,0.5,74,8,1014,62.75,19,13,18,266,116,116,0,1,12.3,météo correcte
2017-09-01,17,13,27,15,17,15,0,85,10,1015,50.625,17,14,16,116,122,116,0,1,11.2,météo correcte
2017-09-02,16,12,11,12,15,15,0,70,10,1019,47.625,16,10,14,116,113,119,0,1,10.5,météo correcte
2017-09-03,13,11,23,11,13,13,0.1,75,10,1022,80.875,13,9,11,119,119,119,0,1,7,météo défavorable
2017-09-04,14,9,27,9,13,13,0,65,10,1025,3,14,7,10,113,113,113,0,1,11.6,météo correcte
2017-09-05,14,9,24,9,13,13,0,64,10,1026,3,14,7,11,113,113,113,0,1,11.6,météo correcte
2017-09-06,13,10,22,10,12,13,0,65,10,1022,34.125,13,8,10,113,113,119,0,1,10.4,météo correcte
2017-09-07,11,10,12,11,11,11,1.3,90,9.875,1011,100,11,9,9,122,296,122,0,1,6.7,météo défavorable
2017-09-08,14,10,15,11,13,13,0.7,81,10,1004,81.625,14,10,12,353,353,353,0,1,6.7,météo défavorable
2017-09-09,15,11,15,11,14,14,0,82,10,1008,85.75,15,12,13,122,119,122,0,1,6.6,météo défavorable
2017-09-10,17,12,18,13,16,17,0,78,10,1008,66.25,17,13,16,119,116,116,0,1,11.6,météo défavorable
2017-09-11,15,13,15,13,15,15,1.7,85,7.625,1008,50.875,15,14,14,296,116,113,0,1,11.6,météo correcte
2017-09-12,18,12,26,13,18,17,0.1,86,10,1008,48.625,18,15,18,116,116,119,0,1,9.1,météo favorable
2017-09-13,14,12,12,13,12,13,10.8,93,6.625,1002,95.25,14,13,11,302,302,122,0,1,6.5,météo défavorable
2017-09-14,13,11,17,11,12,13,1.9,93,7.625,995,87.625,13,12,11,122,266,389,0,1,6.5,météo défavorable
2017-09-15,12,11,25,11,12,12,1.1,93,8.625,996,94.25,12,11,10,122,266,353,0,1,6.5,météo défavorable
2017-09-16,14,11,28,11,12,13,3.1,85,9.875,1012,53.125,14,10,10,353,353,176,0,1,9,météo correcte
2017-09-17,13,10,6,11,12,12,0.1,86,10,1018,50.25,13,10,12,122,116,113,0,1,10.3,météo correcte
2017-09-18,11,9,26,9,11,11,6.2,84,9.625,1016,42.875,11,9,9,113,113,302,0,1,9,météo défavorable
2017-09-19,11,9,21,10,9,10,3.4,87,9.75,1011,93.125,11,9,6,296,122,119,0,1,6.4,météo défavorable
2017-09-20,12,8,6,9,12,12,0,86,10,1022,73.5,12,10,11,122,119,116,0,1,7.7,météo défavorable
2017-09-21,14,9,19,9,12,13,0,84,10,1029,43,14,9,10,119,113,116,0,1,11.6,météo correcte
2017-09-22,14,10,21,10,12,13,0.2,77,9.375,1029,51,14,8,9,116,263,116,0,1,10.3,météo correcte
2017-09-23,15,9,16,9,12,14,0,71,10,1033,6.125,15,9,11,113,113,113,0,1,11.6,météo correcte
2017-09-24,15,9,14,9,12,14,0,76,10,1038,1.75,15,10,11,113,113,113,0,1,11.6,météo correcte
2017-09-25,15,10,9,10,13,14,0,74,10,1041,3.375,15,10,12,113,113,113,0,1,11.6,météo correcte
2017-09-26,13,10,9,10,13,12,0,83,9,1042,23.25,13,10,12,143,113,113,0,1,11.6,météo correcte
2017-09-27,12,9,6,9,12,11,0,80,10,1043,19.375,12,9,11,113,113,113,0,1,11.5,météo défavorable
2017-09-28,11,7,4,7,10,10,0,73,10,1044,9,11,6,10,113,113,113,0,1,11.4,météo défavorable
2017-09-29,11,8,8,8,11,10,0,77,10,1040,10.875,11,7,10,113,113,116,0,1,11.4,météo défavorable
2017-09-30,9,6,4,6,9,9,0,78,10,1035,59.5,9,6,9,116,116,122,0,1,8.6,météo défavorable
2017-10-01,9,8,5,8,9,9,0.2,79,10,1034,79.5,9,6,9,122,119,116,0,1,5.6,météo défavorable
2017-10-02,9,8,18,8,9,9,0,76,10,1031,87.625,9,5,6,122,122,119,0,1,5.6,météo défavorable
2017-10-03,9,6,34,7,8,8,1.5,73,9.875,1021,65.75,9,4,3,116,119,296,0,1,7.1,météo défavorable
2017-10-04,11,8,29,9,10,11,2.3,87,8.875,1007,96.25,11,8,7,122,266,119,0,1,5.6,météo défavorable
2017-10-05,9,8,18,9,9,9,0.8,88,9,995,96.875,10,8,6,122,122,353,0,1,5.5,météo défavorable
2017-10-06,8,6,8,7,7,8,0,89,9.75,994,78.875,8,7,6,119,119,119,0,1,5.5,météo très défavorable
2017-10-07,9,8,13,8,9,9,0.2,81,9.875,1002,78.75,10,7,7,122,116,116,0,1,8.5,météo défavorable
2017-10-08,9,8,22,8,9,9,1.4,86,8.875,1007,91.75,9,7,6,122,266,296,0,1,5.4,météo défavorable
2017-10-09,9,7,29,7,8,8,3.4,90,9.625,1009,97.25,9,8,4,119,122,302,0,1,5.4,météo défavorable
2017-10-10,10,7,23,8,8,8,0,82,10,1002,91.25,10,9,4,122,119,119,0,1,5.4,météo défavorable
2017-10-11,8,7,26,7,8,8,3.2,89,9.75,999,98.875,8,7,4,296,296,122,0,1,5.4,météo très défavorable
2017-10-12,8,6,13,6,7,8,0,81,10,1004,80.75,8,6,5,119,116,119,0,1,8.5,météo très défavorable
2017-10-13,8,7,22,7,7,8,3.5,89,7.625,1009,80.375,8,6,4,302,266,116,0,1,6.9,météo très défavorable
2017-10-14,7,6,11,6,7,7,0,82,10,1012,41.25,7,4,5,116,116,113,0,1,7.1,météo très défavorable
2017-10-15,7,6,24,7,7,7,1.3,81,8.875,1015,95.625,8,6,3,266,119,122,0,1,3.8,météo très défavorable
2017-10-16,11,6,24,7,8,11,1.4,93,9.875,1015,76.75,11,10,4,119,296,122,0,1,3.8,météo défavorable
2017-10-17,9,8,30,8,9,9,0,76,10,1012,27.375,10,7,6,113,113,116,0,1,8.7,météo défavorable
2017-10-18,11,7,27,10,8,7,3.8,90,9.75,1006,81,11,9,4,296,296,116,0,1,3.7,météo défavorable
2017-10-19,7,6,20,7,6,6,0.6,74,9.875,1018,77.625,7,5,3,116,122,122,0,1,3.7,météo très défavorable
2017-10-20,6,4,13,5,5,4,0.3,79,10,1024,61.375,6,2,3,116,119,116,0,1,7,météo très défavorable
2017-10-21,4,2,6,2,3,3,0,72,10,1024,23.375,4,0,2,116,116,113,0,1,8.7,météo très défavorable
2017-10-22,4,2,17,3,3,3,0.3,81,9.375,1022,65.375,4,0,-1,323,119,332,0.2,1,5.2,météo très défavorable
2017-10-23,4,1,10,1,3,3,0,77,10,1029,17.5,4,0,-0,113,113,116,0,1,8.7,météo très défavorable
2017-10-24,3,1,5,2,3,3,0.2,77,10,1034,53.375,3,0,2,368,368,116,0.1,1,3.5,météo très défavorable
2017-10-25,2,-1,23,-0,1,1,0,56,10,1034,17.875,2,0,-5,113,113,113,0,1,8.7,météo très défavorable
2017-10-26,1,-0,35,-0,0,1,0.8,75,7.5,1019,80.25,1,0,-7,116,230,230,0,1,3.4,météo très défavorable
2017-10-27,1,0,19,0,1,1,0.2,77,8.75,1007,100,1,0,-4,332,122,122,0.2,1,3.4,météo très défavorable
2017-10-28,2,1,26,1,1,2,0,85,10,1006,99.75,2,0,-4,122,122,122,0,1,3.4,météo très défavorable
2017-10-29,3,2,20,2,3,3,1.2,89,9,983,100,3,2,-1,338,122,122,1,1,3.4,météo très défavorable
2017-10-30,3,3,23,3,3,3,0.8,90,8.875,993,100,4,2,-2,143,122,317,0,1,3.3,météo très défavorable
2017-10-31,3,0,31,2,1,1,1.2,84,7.5,1004,81.375,3,0,-5,230,230,116,0,1,3.3,météo très défavorable
2017-11-01,1,-1,18,-0,1,-0,0,64,10,1004,3.125,1,0,-4,113,113,113,0,1,8.7,météo très défavorable
2017-11-02,0,-2,8,-2,-1,-0,0,60,10,1003,12.5,0,0,-3,113,113,116,0,1,8.7,météo très défavorable
2017-11-03,3,-1,14,-0,2,3,0.1,83,9.375,1008,38.875,3,0,-2,116,332,113,0.1,1,5.1,météo très défavorable
2017-11-04,6,2,26,3,5,5,0.2,91,10,1008,81.5,6,5,0,119,122,122,0,1,3.3,météo très défavorable
2017-11-05,7,6,21,6,6,6,0,90,10,1012,75.375,7,5,3,122,116,116,0,1,6.8,météo très défavorable
2017-11-06,6,5,24,6,6,6,0,89,10,1014,88.75,6,5,1,122,119,122,0,1,4.9,météo très défavorable
2017-11-07,6,4,24,5,5,5,0,76,10,1028,15.5,6,4,1,113,113,113,0,1,8.1,météo très défavorable
2017-11-08,4,2,17,4,4,3,0,89,10,1031,24.375,4,3,0,113,116,113,0,1,8.1,météo très défavorable
2017-11-09,4,3,23,4,3,4,0,89,10,1028,76.625,4,2,-2,122,116,122,0,1,4.9,météo très défavorable
2017-11-10,5,3,29,4,4,5,0.6,86,8,1011,93.75,5,3,-1,266,266,119,0,1,3,météo très défavorable
2017-11-11,5,3,24,3,5,5,0.6,86,9,1002,96,5,3,0,122,266,122,0,1,3,météo très défavorable
2017-11-12,4,3,32,3,3,3,0.2,80,9.375,993,97.75,4,2,-2,326,332,122,0.1,1,3,météo très défavorable
2017-11-13,4,3,32,3,4,4,0.7,81,9,1006,92.375,4,2,-2,122,122,362,0,1,2.9,météo très défavorable
2017-11-14,3,2,17,2,3,3,0.2,79,9.25,1009,81.5,3,1,-1,326,371,119,0.2,1,4.8,météo très défavorable
2017-11-15,3,1,26,2,3,3,2.1,89,9.75,1010,95.5,4,2,-3,119,317,317,0,1,1.8,météo très défavorable
2017-11-16,4,3,22,3,3,4,1.8,85,8.375,1015,86,4,3,-2,266,335,119,1.2,1,1.8,météo très défavorable
2017-11-17,5,2,32,2,4,5,0.2,85,10,1015,70,5,3,-2,116,122,353,0,1,1.8,météo très défavorable
2017-11-18,5,4,31,5,5,4,0.5,85,9,1005,93.5,5,3,-0,122,266,122,0,1,1.8,météo très défavorable
2017-11-19,3,1,21,3,3,2,0,80,10,1003,96.375,3,1,-2,119,326,122,0,1,1.8,météo très défavorable
2017-11-20,1,0,9,1,1,1,0.6,88,9,1006,98,1,0,-2,338,122,122,0.5,1,1.8,météo très défavorable
2017-11-21,2,0,8,1,1,1,0.2,90,9.375,1009,97.25,2,0,-1,122,122,332,0.2,1,1.8,météo très défavorable
2017-11-22,1,-2,15,0,1,-1,0.4,87,8.375,1018,82.75,1,0,-4,119,332,326,0.4,1,1.8,météo très défavorable
2017-11-23,-0,-3,25,-3,-2,-1,0,73,10,1020,62.5,0,0,-8,116,119,119,0,1,1.7,météo très défavorable
2017-11-24,2,1,25,1,2,2,0.1,85,10,1014,89.625,2,0,-3,119,122,122,0,1,1.7,météo très défavorable
2017-11-25,3,1,24,1,3,3,2.5,93,8.875,1012,96.75,3,2,-2,296,122,119,0,1,1.7,météo très défavorable
2017-11-26,4,2,33,2,4,3,6.1,86,9.5,1013,98.75,4,2,-1,302,296,122,0,1,1.7,météo très défavorable
2017-11-27,2,0,18,2,2,1,0,88,10,1016,34,2,1,-3,116,116,113,0,1,5.8,météo très défavorable
2017-11-28,1,0,19,1,1,1,0,86,10,1016,73.875,2,0,-3,122,119,116,0,1,1.7,météo très défavorable
2017-11-29,2,1,26,1,1,1,0.1,82,9.375,1015,97.125,2,0,-4,122,332,122,0.1,1,1.7,météo très défavorable
2017-11-30,1,-1,23,-0,-1,1,3,86,6.375,1017,100,1,0,-7,338,338,332,2.5,1,1.7,météo très défavorable
2017-12-01,2,1,30,1,1,2,3,89,7.625,1017,100,2,1,-5,338,230,317,0.8,1,1.7,météo très défavorable
2017-12-02,2,1,26,1,1,2,1.1,91,7.375,1014,98.625,2,1,-4,338,332,326,0.9,1,1.7,météo très défavorable
2017-12-03,2,1,35,2,1,2,0.5,86,7,1014,100,2,0,-5,227,122,338,0.3,1,1.7,météo très défavorable
2017-12-04,1,0,17,0,0,1,0.7,93,7.5,1005,97.75,1,0,-4,230,122,326,0,1,1.7,météo très défavorable
2017-12-05,1,-1,17,-0,0,1,0.3,82,9,1006,86.75,1,0,-4,119,122,338,0.2,1,1.6,météo très défavorable
2017-12-06,1,-1,14,-0,1,-1,0.5,88,8.625,1004,92.125,1,0,-4,119,371,332,0.4,1,1.6,météo très défavorable
2017-12-07,-2,-3,13,-2,-2,-2,0,78,10,1009,77.875,0,0,-7,119,116,122,0,1,3.7,météo très défavorable
2017-12-08,2,-2,27,-1,2,2,6.6,92,6.125,1003,97.5,2,1,-4,230,302,266,0,1,1.6,météo très défavorable
2017-12-09,2,1,20,2,2,1,0.2,88,10,1004,93,2,1,-3,326,122,326,0.1,1,1.6,météo très défavorable
2017-12-10,1,-1,13,0,1,-0,2.8,93,6,1005,87,1,0,-3,338,338,338,2.3,1,1.5,météo très défavorable
2017-12-11,-2,-3,7,-3,-3,-3,0,88,10,1005,33.625,0,0,-5,116,113,113,0,1,5.8,météo très défavorable
2017-12-12,2,-3,33,-3,-1,2,4.5,91,9.375,1006,68.375,2,1,-8,116,317,320,0,1,1.5,météo très défavorable
2017-12-13,4,-0,31,3,1,-0,3,80,7.25,1002,88.875,4,2,-6,320,230,227,0,1,1.5,météo très défavorable
2017-12-14,2,-2,23,0,-1,-2,0,85,9,1004,72.5,2,0,-7,119,116,227,0,1,5.8,météo très défavorable
2017-12-15,1,-2,21,-1,1,1,1.6,89,7.125,999,100,1,0,-5,332,338,230,0.5,1,1.4,météo très défavorable
2017-12-16,1,-1,12,0,0,0,0,94,10,1004,93,1,0,-4,122,122,122,0,1,1.4,météo très défavorable
2017-12-17,1,-1,12,-0,1,1,0.6,95,5.625,1013,100,1,0,-3,122,143,371,0.5,1,1.4,météo très défavorable
2017-12-18,0,-1,19,-0,-1,-1,0,89,10,1023,57.875,0,0,-7,122,116,116,0,1,5.6,météo très défavorable
2017-12-19,-1,-2,8,-2,-2,-2,0,92,10,1027,72.75,0,0,-5,122,119,119,0,1,1.4,météo très défavorable
2017-12-20,-1,-4,18,-4,-3,-2,0,92,10,1029,51.625,0,0,-9,116,116,119,0,1,5.5,météo très défavorable
2017-12-21,0,-2,30,-2,-2,0,3.5,92,8.75,1023,99.75,0,0,-8,317,338,317,0.8,1,1.4,météo très défavorable
2017-12-22,-0,-1,15,-1,-0,0,0,93,10,1011,65.25,0,0,-5,116,116,326,0,1,3.6,météo très défavorable
2017-12-23,2,-2,32,-2,-2,-0,2.9,88,8.75,1008,87.75,2,0,-8,326,116,230,0,1,3.6,météo très défavorable
2017-12-24,2,-2,43,-0,-2,-2,0.8,77,6.5,990,100,2,0,-10,230,122,227,0,1,1.5,météo très défavorable
2017-12-25,-1,-4,14,-3,-3,-1,0,85,10,1002,77.25,0,0,-8,122,119,116,0,1,3.6,météo très défavorable
2017-12-26,3,-1,30,3,1,-1,1.6,88,8,997,85.375,3,2,-5,266,326,116,0.9,1,1.5,météo très défavorable
2017-12-27,2,0,26,1,2,1,0.6,92,9.75,998,100,2,1,-4,317,122,122,0,1,1.5,météo très défavorable
2017-12-28,1,-1,17,-1,0,1,0,91,10,1003,99.5,1,0,-5,122,122,122,0,1,1.5,météo très défavorable
2017-12-29,2,1,20,1,2,2,0.2,92,9,1004,96,2,1,-3,119,122,266,0,1,1.5,météo très défavorable
2017-12-30,3,0,20,3,1,1,1.7,93,8.875,1008,96.5,3,2,-4,266,122,119,0,1,1.5,météo très défavorable
2017-12-31,0,-1,14,0,-0,-0,0.2,85,9,1009,89,0,0,-4,326,326,326,0.1,1,1.5,météo très défavorable
2018-01-01,1,-1,19,-1,0,1,0.6,89,9,1007,95.625,1,0,-5,326,338,122,0.5,1,1.5,météo très défavorable
2018-01-02,3,2,35,3,3,3,2.5,87,8.875,1006,95.5,3,1,-4,119,266,122,0,1,1.5,météo très défavorable
2018-01-03,1,0,19,0,1,0,0,91,10,1008,87.5,1,0,-4,119,122,326,0,1,1.5,météo très défavorable
2018-01-04,1,1,16,1,1,1,1.6,92,7,1002,99.5,1,0,-3,338,338,326,1.3,1,1.5,météo très défavorable
2018-01-05,2,1,23,2,2,2,0.4,89,9.75,1000,100,2,1,-3,317,122,122,0,1,1.5,météo très défavorable
2018-01-06,2,1,26,1,2,1,3,94,7.5,999,100,2,1,-4,317,317,230,0.2,1,1.5,météo très défavorable
2018-01-07,0,-3,36,-2,-2,-1,2.6,69,7.125,1012,54.875,0,0,-10,230,113,329,0,1,5.8,météo très défavorable
2018-01-08,0,-2,32,-0,-2,-2,2.5,77,7.125,1024,65.125,0,0,-10,230,116,329,0,1,3.7,météo très défavorable
2018-01-09,1,-3,19,-2,0,1,0.2,92,9.375,1025,56.125,1,0,-5,116,119,332,0.1,1,1.7,météo très défavorable
2018-01-10,-0,-1,12,-0,-1,-1,0,89,10,1025,55.75,0,0,-5,116,116,116,0,1,5.8,météo très défavorable
2018-01-11,-1,-4,17,-1,-2,-3,0,82,10,1034,57,0,0,-8,119,119,113,0,1,3.7,météo très défavorable
2018-01-12,-3,-4,5,-4,-4,-3,0,86,10,1044,18.25,0,0,-5,113,113,113,0,1,5.8,météo très défavorable
2018-01-13,-3,-5,17,-4,-3,-3,0.2,82,9,1045,65.75,0,0,-9,332,329,119,0.1,1,1.7,météo très défavorable
2018-01-14,-4,-5,12,-4,-4,-5,0,87,10,1043,89.75,0,0,-8,122,122,122,0,1,1.7,météo très défavorable
2018-01-15,-6,-9,18,-8,-8,-7,0,84,10,1039,51.625,0,0,-15,113,113,122,0,1,3.8,météo très défavorable
2018-01-16,-7,-9,31,-8,-8,-7,0,71,10,1025,27,0,0,-17,113,113,113,0,1,5.8,météo très défavorable
2018-01-17,-4,-7,31,-7,-6,-4,0.1,79,9,1012,90.5,0,0,-14,122,227,122,0,1,1.7,météo très défavorable
2018-01-18,-3,-5,24,-4,-5,-4,1.2,86,5.75,1001,100,0,0,-12,338,338,338,0.9,1,1.7,météo très défavorable
2018-01-19,-2,-4,16,-3,-3,-3,0.2,92,9.375,1008,96,0,0,-8,122,122,122,0.2,1,1.8,météo très défavorable
2018-01-20,-3,-5,12,-3,-4,-5,0.9,90,6.375,1009,100,0,0,-8,338,332,326,0.8,1,1.8,météo très défavorable
2018-01-21,-6,-8,9,-7,-7,-8,0.3,85,8.75,1013,100,0,0,-12,326,332,332,0.3,1,1.8,météo très défavorable
2018-01-22,-7,-10,8,-9,-9,-7,1.1,93,8.375,1013,97,0,0,-10,326,326,338,0.9,1,1.8,météo très défavorable
2018-01-23,-7,-11,19,-10,-7,-8,0.1,84,10,1023,63.125,0,0,-15,122,122,113,0,1,3.8,météo très défavorable
2018-01-24,-3,-7,30,-7,-5,-4,1.3,77,8.75,1023,94.25,0,0,-13,326,122,230,0,1,1.8,météo très défavorable
2018-01-25,4,-1,36,2,4,3,3.2,90,9.25,1009,98.125,4,2,-2,296,296,122,0,1,1.9,météo très défavorable
2018-01-26,3,1,23,2,2,1,0,91,10,1018,98,3,1,-3,122,122,122,0,1,1.9,météo très défavorable
2018-01-27,1,1,13,1,1,1,0,96,6,1021,100,1,0,-3,143,143,122,0,1,1.9,météo très défavorable
2018-01-28,1,-1,14,-0,-1,-1,0,89,10,1017,96.125,1,0,-5,122,119,122,0,1,2,météo très défavorable
2018-01-29,0,-3,15,-1,-1,-2,0.7,91,7.75,1007,100,0,0,-6,332,122,332,0.6,1,2,météo très défavorable
2018-01-30,-3,-6,20,-5,-6,-6,0.4,89,8.75,1005,100,0,0,-13,122,332,326,0.3,1,2,météo très défavorable
2018-01-31,-6,-9,9,-8,-7,-8,0,86,10,1011,52.375,0,0,-12,116,116,116,0,1,5.8,météo très défavorable
2018-02-01,-3,-9,31,-9,-6,-5,1.5,89,7.75,1011,69.875,0,0,-15,116,230,338,1.2,1,2,météo très défavorable
2018-02-02,-1,-3,5,-2,-1,-2,1.7,93,4,1006,97,0,0,-3,143,119,143,1.4,1,2,météo très défavorable
2018-02-03,-3,-8,12,-4,-5,-7,0.5,91,6.375,1014,100,0,0,-10,332,122,122,0.4,1,2,météo très défavorable
2018-02-04,-8,-10,19,-8,-9,-8,0,88,9,1021,84.875,0,0,-16,122,323,122,0,1,3.9,météo très défavorable
2018-02-05,-6,-8,27,-7,-7,-6,0.2,82,9.375,1022,100,0,0,-15,122,122,332,0.2,1,2.1,météo très défavorable
2018-02-06,-7,-9,17,-7,-9,-9,1.3,86,7.75,1017,100,0,0,-15,338,332,326,1,1,2.1,météo très défavorable
2018-02-07,-3,-9,18,-9,-8,-3,0.9,90,7.375,1017,100,0,0,-14,122,338,338,0.7,1,2.1,météo très défavorable
2018-02-08,-4,-11,13,-4,-8,-9,0.1,89,9,1024,58.125,0,0,-14,326,116,113,0.1,1,8.4,météo très défavorable
2018-02-09,-6,-10,6,-8,-6,-7,0,91,4,1024,93,0,0,-9,143,326,143,0,1,3.3,météo très défavorable
2018-02-10,-4,-8,11,-7,-6,-4,0,93,5,1024,94.125,0,0,-10,143,122,122,0,1,3.3,météo très défavorable
2018-02-11,-3,-6,13,-5,-4,-3,0.1,91,6.375,1018,98.5,0,0,-8,143,122,122,0.1,1,3.3,météo très défavorable
2018-02-12,-2,-5,15,-4,-3,-3,0.6,87,8.375,1015,100,0,0,-8,338,122,122,0.6,1,3.4,météo très défavorable
2018-02-13,0,-5,16,-3,-1,-2,0,88,10,1021,98.625,0,0,-5,122,122,122,0,1,3.4,météo très défavorable
2018-02-14,-4,-8,9,-5,-6,-6,0,90,8,1030,100,0,0,-10,326,122,122,0,1,3.4,météo très défavorable
2018-02-15,-7,-11,8,-11,-9,-7,0,91,8,1032,79.75,0,0,-13,143,116,122,0,1,6.9,météo très défavorable
2018-02-16,-6,-7,11,-7,-6,-7,0.5,90,8.375,1028,100,0,0,-10,332,122,122,0.4,1,3.4,météo très défavorable
2018-02-17,-3,-8,12,-6,-4,-4,0.5,93,6,1024,100,0,0,-9,338,122,326,0.4,1,4.8,météo très défavorable
2018-02-18,-6,-8,11,-6,-7,-7,0.1,94,5.375,1022,100,0,0,-12,143,326,332,0.2,1,4.9,météo très défavorable
2018-02-19,-5,-9,12,-7,-6,-6,0.2,91,5.375,1024,99.375,0,0,-11,332,122,122,0.2,1,4.9,météo très défavorable
2018-02-20,-8,-12,10,-12,-10,-8,0,93,6,1027,93.375,0,0,-16,143,119,122,0,1,4.9,météo très défavorable
2018-02-21,-10,-14,7,-13,-12,-12,0,91,3.5,1028,77.25,0,0,-14,143,119,143,0,1,6.6,météo très défavorable
2018-02-22,-11,-15,11,-14,-12,-13,0,93,3.25,1031,82.75,0,0,-18,260,119,143,0,1,5,météo très défavorable
2018-02-23,-9,-14,6,-13,-11,-11,0.1,89,5.375,1030,99.125,0,0,-14,143,332,122,0.1,1,5,météo très défavorable
2018-02-24,-13,-17,13,-16,-14,-14,0,89,7,1036,67.625,0,0,-22,122,116,113,0,1,10,météo très défavorable
2018-02-25,-8,-16,15,-16,-11,-10,0,92,6,1036,83.375,0,0,-18,143,122,116,0,1,6.7,météo très défavorable
2018-02-26,-11,-16,20,-14,-11,-14,0.1,83,8.375,1034,94.125,0,0,-19,326,332,122,0.1,1,5.1,météo très défavorable
2018-02-27,-15,-19,21,-19,-17,-16,0,83,10,1046,86,0,0,-27,122,122,119,0,1,5.1,météo très défavorable
2018-02-28,-12,-20,14,-20,-16,-13,0,88,7,1048,51.375,0,0,-24,143,116,116,0,1,10,météo très défavorable
2018-03-01,-10,-16,6,-15,-12,-11,0,89,4.25,1042,55.375,0,0,-16,260,116,113,0,1,10,météo très défavorable
2018-03-02,-8,-16,13,-16,-12,-9,0,86,7,1030,26.375,0,0,-18,143,113,113,0,1,10.3,météo très défavorable
2018-03-03,-7,-13,9,-12,-9,-8,0,91,4.75,1018,92.25,0,0,-13,143,326,122,0,1,5.4,météo très défavorable
2018-03-04,-7,-12,14,-11,-9,-8,0,90,7,1010,87.875,0,0,-15,143,116,122,0,1,7,météo très défavorable
2018-03-05,-7,-12,11,-11,-10,-8,0.1,90,7,1014,77,0,0,-15,326,116,116,0,1,7,météo très défavorable
2018-03-06,-6,-14,22,-14,-10,-7,0,88,10,1015,98.625,0,0,-19,122,122,122,0,1,5.5,météo très défavorable
2018-03-07,-6,-12,16,-11,-9,-7,0.1,91,10,1011,89.25,0,0,-16,122,119,326,0.1,1,5.5,météo très défavorable
2018-03-08,-3,-9,19,-8,-6,-3,0.2,89,10,1011,82.75,0,0,-13,119,116,326,0.1,1,7,météo très défavorable
2018-03-09,0,-3,20,-2,-1,0,0.7,87,8,1011,100,0,0,-6,338,338,326,0.6,1,5.6,météo très défavorable
2018-03-10,0,-2,15,-2,-1,0,0.9,89,6.125,1013,100,0,0,-5,338,332,332,0.7,1,5.6,météo très défavorable
2018-03-11,1,-2,11,-2,0,1,0.4,95,5.625,1015,98.25,1,1,-3,326,143,371,0.3,1,5.6,météo très défavorable
2018-03-12,1,-4,18,-4,0,1,0.3,92,7.625,1014,93.25,1,0,-5,143,326,122,0.2,1,5.6,météo très défavorable
2018-03-13,3,2,18,2,3,3,4.2,95,6.625,1002,100,3,2,-2,302,266,266,0,1,5.9,météo très défavorable
2018-03-14,3,-4,23,2,0,-2,3.7,89,7.625,1007,93.875,3,2,-6,266,338,368,0.3,1,5.9,météo très défavorable
2018-03-15,-5,-8,25,-7,-7,-6,0.4,72,9,1017,96,0,0,-15,326,332,371,0.3,1,5.9,météo très défavorable
2018-03-16,-6,-9,26,-9,-8,-6,0,64,10,1023,48.375,0,0,-16,116,116,326,0,2,8.8,météo très défavorable
2018-03-17,-6,-9,13,-9,-8,-6,0,85,10,1026,60.125,0,0,-13,116,323,116,0,1,10.2,météo très défavorable
2018-03-18,-1,-6,28,-6,-3,-1,0.1,86,8.75,1021,95.625,0,0,-10,119,122,230,0,1,6,météo très défavorable
2018-03-19,1,-2,26,-1,0,1,1.6,88,7.75,1007,93.625,1,0,-6,230,326,338,0.8,1,6,météo très défavorable
2018-03-20,0,-5,6,-5,-2,-1,0.5,81,7,1010,62.625,0,0,-4,116,116,338,0.4,1,8.8,météo très défavorable
2018-03-21,-4,-9,8,-8,-8,-7,0.4,79,8.75,1016,81.25,0,0,-11,332,119,116,0.4,1,8.8,météo très défavorable
2018-03-22,1,-5,26,-2,0,1,1.9,88,6.125,1009,100,1,0,-6,338,332,230,0.8,1,6.1,météo très défavorable
2018-03-23,-1,-8,22,-2,-4,-4,0.3,83,9,1006,77.375,0,0,-10,338,326,113,0.3,1,7.7,météo très défavorable
2018-03-24,0,-10,20,-10,-3,0,0,80,10,1008,55.75,0,0,-9,116,119,119,0,2,7.7,météo très défavorable
2018-03-25,2,-1,23,1,1,2,0.5,92,8.75,1000,98.375,2,0,-4,230,122,122,0,1,6.4,météo très défavorable
2018-03-26,0,-6,14,-5,-5,-4,0.6,73,9,1012,56.625,0,0,-10,338,323,113,0.5,1,10.3,météo très défavorable
2018-03-27,-3,-9,12,-9,-5,-5,0,81,10,1015,29.375,0,0,-10,113,116,116,0,2,10.3,météo très défavorable
2018-03-28,-3,-10,17,-10,-4,-3,0,77,10,1015,62.25,0,0,-9,113,122,122,0,2,7.8,météo très défavorable
2018-03-29,-1,-6,14,-6,-2,-2,0.1,82,7.75,1017,54,0,0,-5,143,113,323,0.1,1,11.6,météo très défavorable
2018-03-30,1,-7,5,-7,-1,0,0,69,10,1017,12.375,1,0,-3,113,113,113,0,2,11.6,météo très défavorable
2018-03-31,1,-7,7,-7,0,0,0,77,10,1013,21.375,1,0,-3,113,113,116,0,2,11.6,météo très défavorable
2018-04-01,2,-5,15,-5,1,1,0,80,9.75,1013,36.375,2,0,-3,113,113,119,0,1,10.3,météo très défavorable
2018-04-02,3,-0,20,-0,2,3,5.1,95,7.625,1006,100,3,2,-2,230,296,266,0,1,6.6,météo très défavorable
2018-04-03,1,-1,30,-1,1,0,1.4,83,6.5,1009,80.5,1,0,-6,230,230,368,0.3,1,7.9,météo très défavorable
2018-04-04,4,-4,11,-4,2,4,0,76,10,1014,29.25,4,1,-1,113,113,119,0,1,10.4,météo très défavorable
2018-04-05,8,3,15,3,5,8,0.9,95,10,1010,86.25,8,7,2,119,353,353,0,1,6.7,météo très défavorable
2018-04-06,5,0,14,4,4,3,2.3,93,9.75,1004,91.75,5,5,1,122,122,182,0,1,7.9,météo très défavorable
2018-04-07,3,-0,22,1,2,2,0.2,72,8.75,1024,48.375,3,0,-3,230,113,116,0,1,11.6,météo très défavorable
2018-04-08,5,-0,12,1,4,5,0.2,74,9,1023,83.25,5,1,1,122,266,116,0,1,9.3,météo très défavorable
2018-04-09,10,4,17,5,9,8,0,82,10,1016,30.5,10,6,6,113,113,116,0,1,11.6,météo très défavorable
2018-04-10,4,1,15,1,2,3,0.3,67,9.375,1025,39.75,4,3,-1,335,113,116,0.2,1,11.6,météo très défavorable
2018-04-11,4,-2,5,-2,3,4,0,64,10,1032,2.125,4,0,1,113,113,113,0,1,14.1,météo très défavorable
2018-04-12,5,-1,9,-1,4,4,0,52,10,1030,22,5,0,3,113,113,113,0,1,14.5,météo très défavorable
2018-04-13,7,-1,8,-1,5,7,0,67,10,1030,1.375,7,0,3,113,113,113,0,1,14.5,météo très défavorable
2018-04-14,8,1,6,1,6,8,0,63,10,1030,5.625,8,0,5,113,113,113,0,1,14.5,météo très défavorable
2018-04-15,10,3,7,3,9,10,0,58,10,1021,1.125,10,1,7,113,113,113,0,1,14.5,météo très défavorable
2018-04-16,9,4,8,4,8,9,0.2,79,9.375,1018,37.625,9,5,7,116,263,116,0,1,13.4,météo très défavorable
2018-04-17,7,4,6,6,7,5,5.5,97,7.25,1015,76.625,7,6,5,119,266,302,0,1,9.3,météo très défavorable
2018-04-18,5,3,17,3,4,5,0.9,94,9,1017,83.5,5,4,1,122,119,116,0,1,11.4,météo très défavorable
2018-04-19,9,3,19,3,6,8,0,87,6.5,1020,59.5,9,4,3,248,116,116,0,1,12.4,météo très défavorable
2018-04-20,9,3,14,3,5,9,0,83,8,1021,53.25,9,4,3,143,122,113,0,1,10.4,météo très défavorable
2018-04-21,5,3,33,5,4,5,1.3,93,8.875,1004,76,5,5,-2,266,296,116,0,1,10.4,météo très défavorable
2018-04-22,3,1,12,1,2,3,0.1,75,10,1015,74.5,3,0,-1,326,119,119,0,1,9.4,météo très défavorable
2018-04-23,5,-0,4,-0,3,4,0,63,10,1018,19.5,5,0,3,119,113,113,0,1,13.5,météo très défavorable
2018-04-24,6,2,19,2,4,6,0.2,83,9,1013,64.875,6,4,-0,116,266,116,0,1,11.5,météo très défavorable
2018-04-25,6,4,10,4,5,6,1.9,95,7.875,1001,97.5,6,4,2,296,266,353,0,1,9.5,météo très défavorable
2018-04-26,5,3,20,3,4,5,0.2,89,6.5,1001,75.375,5,3,-0,248,122,113,0,1,10.6,météo très défavorable
2018-04-27,6,2,16,2,4,6,0.1,88,10,1010,42.125,6,2,0,116,116,116,0,1,14.5,météo très défavorable
2018-04-28,5,2,19,2,5,5,0.3,83,9.875,1014,35.25,5,3,1,116,176,113,0,1,13.5,météo très défavorable
2018-04-29,7,3,7,3,7,7,0.5,75,8,1016,68.875,7,5,6,113,122,266,0,1,11.6,météo très défavorable
2018-04-30,8,4,9,4,6,8,0.1,87,5.5,1015,66.5,9,5,5,248,119,113,0,1,11.6,météo très défavorable
2018-05-01,7,4,25,4,6,5,6.8,92,9.625,1014,73.875,7,5,2,116,302,122,0,1,12.9,météo très défavorable
2018-05-02,9,4,21,5,9,6,0,87,5.25,1016,71.125,9,7,5,248,116,116,0,1,15.6,météo très défavorable
2018-05-03,9,3,10,3,7,9,0,82,10,1021,34.75,9,4,5,116,113,116,0,1,16.5,météo très défavorable
2018-05-04,8,4,19,7,6,6,0,87,10,1019,60.875,8,6,3,119,113,113,0,1,14.9,météo très défavorable
2018-05-05,6,3,18,3,6,6,0,80,10,1024,38.125,6,2,2,116,122,113,0,1,14.9,météo très défavorable
2018-05-06,10,3,14,4,9,10,0,67,10,1026,6.25,10,3,7,113,113,113,0,1,16.6,météo très défavorable
2018-05-07,11,6,12,6,10,11,0,76,10,1023,9.75,11,7,8,113,113,113,0,1,16.7,météo défavorable
2018-05-08,13,7,12,7,11,13,0,56,10,1022,18.25,13,6,9,113,116,116,0,1,16.7,météo correcte
2018-05-09,11,5,17,5,9,11,0,54,10,1026,6,11,1,7,113,113,113,0,1,16.8,météo très défavorable
2018-05-10,15,5,14,5,11,15,0,48,10,1027,9.25,15,3,10,113,113,113,0,1,16.8,météo correcte
2018-05-11,16,7,7,7,13,16,0,53,10,1028,48.125,16,4,12,113,116,122,0,1,15,météo correcte
2018-05-12,18,9,7,9,15,16,0,54,10,1027,44.75,18,6,15,116,116,113,0,1,16.9,météo favorable
2018-05-13,19,10,5,10,16,18,0,49,10,1024,35.125,19,6,16,113,113,122,0,1,15.8,météo favorable
2018-05-14,19,11,7,11,17,19,0,52,10,1024,25,19,7,17,113,116,113,0,1,17,météo favorable
2018-05-15,20,12,8,12,17,19,0,50,10,1021,6.75,20,7,17,113,113,113,0,1,17.1,météo favorable
2018-05-16,14,11,9,11,12,14,0.8,96,8.875,1016,46,14,11,11,116,266,176,0,1,15.1,météo correcte
2018-05-17,16,10,11,10,15,15,0,65,10,1014,25,16,8,15,116,113,113,0,1,17.2,météo correcte
2018-05-18,15,10,21,10,15,13,0.5,74,9.875,1010,23.875,15,10,13,113,113,176,0,1,16.7,météo correcte
2018-05-19,12,8,20,8,11,12,0,52,10,1019,5.125,12,6,9,113,113,113,0,1,17.3,météo défavorable
2018-05-20,14,8,18,8,13,13,0,49,10,1026,6,14,4,12,113,113,113,0,1,17.3,météo correcte
2018-05-21,16,10,13,10,14,15,0,52,10,1029,13.25,16,6,13,113,113,113,0,1,17.3,météo correcte
2018-05-22,18,11,6,11,16,18,0,57,10,1027,31.375,18,8,16,113,113,122,0,1,15.9,météo favorable
2018-05-23,15,10,13,10,14,15,0.1,71,10,1021,65.875,15,9,13,122,116,113,0,1,16,météo défavorable
2018-05-24,14,10,19,10,14,14,0,51,10,1029,9.125,14,8,12,113,113,113,0,1,17.4,météo correcte
2018-05-25,16,9,4,9,14,16,0,54,10,1032,6.625,16,6,14,113,113,113,0,1,17.4,météo correcte
2018-05-26,17,11,8,11,16,17,0,57,10,1031,9.5,17,8,16,113,113,113,0,1,17.4,météo correcte
2018-05-27,16,12,18,12,15,15,0,45,10,1028,17,16,8,15,113,113,113,0,1,17.4,météo correcte
2018-05-28,18,9,4,9,15,17,0,52,10,1033,0.5,18,6,15,113,113,113,0,1,17.4,météo favorable
2018-05-29,18,11,17,11,16,17,0,54,10,1030,7.375,18,9,16,113,113,113,0,1,17.4,météo favorable
2018-05-30,15,13,22,13,15,15,0,52,10,1018,30.5,16,8,13,113,119,113,0,1,16.2,météo correcte
2018-05-31,13,9,12,9,12,13,0,55,10,1026,10.125,13,5,11,113,113,113,0,1,17.4,météo correcte
2018-06-01,15,8,19,9,14,15,0,56,10,1025,15.125,15,6,12,113,113,116,0,1,17.4,météo correcte
2018-06-02,16,11,20,11,14,16,0.5,71,9.875,1014,18.375,16,10,13,176,113,113,0,1,17.4,météo correcte
2018-06-03,16,12,27,12,15,15,0,59,10,1007,20.75,16,9,15,113,113,113,0,1,17.4,météo correcte
2018-06-04,14,11,29,13,14,14,0.1,67,10,1002,32.875,15,8,12,116,113,113,0,1,17.4,météo correcte
2018-06-05,10,8,36,8,8,9,1.9,77,9.75,1003,80.375,10,6,4,122,296,296,0,1,14,météo défavorable
2018-06-06,11,8,26,8,11,11,0.4,57,10,1015,36.5,11,5,8,116,113,116,0,1,17.4,météo défavorable
2018-06-07,11,7,28,8,10,11,0,64,10,1017,52.625,11,7,7,113,116,119,0,1,15.7,météo défavorable
2018-06-08,11,7,23,7,10,10,0.8,58,9.875,1016,28.125,11,8,7,113,113,116,0,1,17.4,météo défavorable
2018-06-09,13,8,14,9,12,13,0,66,10,1017,38.125,13,6,10,119,116,116,0,1,16.8,météo correcte
2018-06-10,14,8,13,9,13,14,0,58,10,1016,37.625,14,6,12,116,116,116,0,1,17.4,météo correcte
2018-06-11,17,11,15,12,17,17,2.7,63,9.625,1010,39.375,17,12,17,116,116,356,0,1,16.3,météo correcte
2018-06-12,15,12,18,12,13,15,0.9,88,10,1000,46.75,15,11,12,116,119,116,0,1,16.3,météo correcte
2018-06-13,15,8,7,8,14,14,0,57,10,1010,13.625,15,6,13,113,113,113,0,1,17.4,météo correcte
2018-06-14,17,9,7,10,15,17,0.5,61,10,1014,10.25,17,10,15,113,113,113,0,1,17.4,météo correcte
2018-06-15,19,12,13,12,18,18,0.1,61,10,1016,21.625,19,11,18,113,113,116,0,1,17.4,météo favorable
2018-06-16,19,12,4,13,18,19,0,64,10,1019,33.5,19,11,18,116,113,116,0,1,17.4,météo favorable
2018-06-17,20,13,11,13,17,19,0.2,67,10,1018,43.5,20,14,17,116,116,353,0,1,16.9,météo favorable
2018-06-18,20,13,9,14,17,16,1.2,77,8.75,1016,33.75,20,13,17,116,176,176,0,1,16.9,météo favorable
2018-06-19,16,12,24,12,16,13,3.8,72,9.75,1012,47.375,16,12,16,113,116,299,0,1,16.9,météo correcte
2018-06-20,14,11,36,12,14,14,0,69,10,1007,31.75,14,8,11,116,113,113,0,1,16.9,météo correcte
2018-06-21,17,11,8,11,13,17,0.3,77,10,1008,42.375,17,15,13,116,116,353,0,1,16.3,météo correcte
2018-06-22,16,13,26,15,15,16,3.7,63,9.625,1002,52.875,16,15,13,356,113,116,0,1,16.3,météo correcte
2018-06-23,15,9,17,10,14,14,0,59,10,1011,27.125,15,8,13,113,113,116,0,1,16.9,météo correcte
2018-06-24,13,11,22,11,13,11,2.5,92,8.625,1011,87.375,13,12,9,122,116,296,0,1,14.7,météo défavorable
2018-06-25,15,10,13,10,12,15,0.1,81,10,1018,39.25,15,11,10,116,119,113,0,1,16.3,météo correcte
2018-06-26,17,11,11,12,16,17,0,65,10,1024,6,17,10,16,113,113,113,0,1,17.4,météo correcte
2018-06-27,16,12,20,13,15,16,0,67,10,1027,9.25,16,9,15,113,113,113,0,1,17.4,météo correcte
2018-06-28,18,12,14,13,16,18,0,71,10,1026,11.25,18,12,17,113,113,113,0,1,17.4,météo favorable
2018-06-29,15,11,24,14,13,12,0.8,91,9.375,1013,42.5,15,12,11,113,263,122,0,1,15.8,météo correcte
2018-06-30,12,10,23,10,10,12,0,73,10,1015,92.5,12,6,8,122,122,122,0,1,14.1,météo défavorable
2018-07-01,13,10,30,10,11,13,0.1,74,10,1018,78.125,13,7,8,119,122,119,0,1,14.7,météo défavorable
2018-07-02,13,10,25,10,12,13,1.8,87,8,1015,100,13,12,10,266,122,353,0,1,14.1,météo défavorable
2018-07-03,16,10,4,10,15,16,2,71,8.75,1011,24.5,16,12,15,113,113,176,0,1,17.4,météo correcte
2018-07-04,17,11,14,11,16,16,0.2,70,10,1007,19,17,11,16,113,113,113,0,1,17.4,météo correcte
2018-07-05,15,12,21,12,15,14,0.5,79,9.875,1005,64,15,12,13,116,176,119,0,1,15.7,météo correcte
2018-07-06,15,12,11,12,13,15,10,96,7.125,1002,76.875,15,13,13,296,266,176,0,1,15.2,météo défavorable
2018-07-07,17,13,18,13,15,17,2.6,91,9.875,1006,72,17,14,14,296,353,116,0,1,15.1,météo défavorable
2018-07-08,16,13,16,13,14,16,0.6,92,8,1011,75.5,16,13,14,266,353,119,0,1,14,météo défavorable
2018-07-09,17,12,9,12,15,17,0,76,10,1016,70.375,17,13,15,122,119,116,0,1,15.1,météo défavorable
2018-07-10,17,13,11,13,16,17,0,73,10,1021,56.75,17,12,16,116,119,116,0,1,16.2,météo correcte
2018-07-11,20,12,6,13,18,20,0.2,72,9.875,1021,45,20,14,18,116,116,176,0,1,16.8,météo favorable
2018-07-12,21,14,11,14,19,21,0.9,68,9.875,1019,35.375,21,14,19,116,116,176,0,1,16.8,météo favorable
2018-07-13,22,15,6,15,20,22,0.5,63,9.875,1016,21.875,25,15,20,176,113,113,0,1,17.4,météo favorable
2018-07-14,22,15,7,16,20,22,1,73,9.875,1013,11.625,25,15,20,113,176,113,0,1,17.4,météo favorable
2018-07-15,23,16,12,16,22,22,0,63,10,1012,12.75,25,14,22,113,113,113,0,1,17.4,météo favorable
2018-07-16,24,17,9,17,22,24,0,60,10,1015,12.125,26,14,22,113,113,113,0,1,17.4,météo idéale
2018-07-17,25,17,20,17,23,24,0,52,10,1016,7.5,25,14,23,113,113,113,0,1,17.4,météo idéale
2018-07-18,23,18,19,18,22,23,0,60,10,1014,9.375,25,14,22,113,113,113,0,1,17.4,météo favorable
2018-07-19,23,17,21,17,22,23,0,61,10,1013,15.25,25,15,22,113,113,113,0,1,17.4,météo favorable
2018-07-20,21,17,18,17,21,21,8.8,79,9.375,1011,65.25,24,18,21,356,353,176,0,1,15.4,météo défavorable
2018-07-21,21,18,12,18,20,21,3.2,91,7.75,1006,61.5,21,19,20,353,353,176,0,1,14.5,météo correcte
2018-07-22,21,18,9,18,21,21,0.4,82,6.875,1010,20.125,24,18,21,143,176,113,0,1,17.4,météo favorable
2018-07-23,23,18,9,18,22,23,0.6,70,9.875,1013,13.75,25,17,22,113,113,176,0,1,17.3,météo favorable
2018-07-24,25,18,8,18,22,25,3.6,72,9.625,1015,14.625,26,18,22,356,113,113,0,1,17.3,météo favorable
2018-07-25,24,18,8,18,23,24,0,68,10,1018,21,25,18,23,116,113,113,0,1,17.2,météo idéale
2018-07-26,24,18,11,18,22,23,0,67,10,1020,38.5,25,17,23,119,116,113,0,1,16.6,météo favorable
2018-07-27,25,18,13,19,22,25,0,69,10,1023,21.875,26,19,23,116,113,113,0,1,17.1,météo idéale
2018-07-28,26,19,21,19,24,26,4.3,71,9.5,1023,23.75,27,19,24,356,113,176,0,1,17.1,météo favorable
2018-07-29,25,19,21,19,23,25,0.1,70,10,1023,11.625,27,18,23,113,113,113,0,1,17,météo idéale
2018-07-30,25,18,18,18,22,25,0,61,10,1025,7.25,26,18,22,113,113,113,0,1,17,météo idéale
2018-07-31,25,18,13,18,23,25,0,63,10,1026,0,27,17,23,113,113,113,0,1,17,météo idéale
2018-08-01,26,19,5,19,24,26,0,67,10,1025,0,27,18,24,113,113,113,0,1,16.9,météo idéale
2018-08-02,26,20,10,20,24,25,0,64,10,1023,8.875,27,19,25,113,113,113,0,1,16.9,météo idéale
2018-08-03,25,21,12,21,25,25,0.1,70,10,1018,10,27,19,25,113,113,113,0,1,16.8,météo idéale
2018-08-04,23,20,25,20,22,23,0,73,10,1010,12.75,25,18,22,113,113,113,0,1,16.8,météo favorable
2018-08-05,21,19,15,19,20,21,4.7,77,9.5,1006,29.75,24,17,20,356,353,176,0,1,16.7,météo correcte
2018-08-06,20,18,35,19,19,20,0.9,61,9.75,1005,20.75,20,15,19,113,113,176,0,1,16.7,météo favorable
2018-08-07,20,16,24,16,18,20,0.8,62,9.875,1013,42.375,21,13,18,353,116,113,0,1,15.8,météo favorable
2018-08-08,22,17,15,17,21,21,0.2,57,10,1019,13.875,24,14,21,116,113,113,0,1,16.2,météo favorable
2018-08-09,26,18,14,18,24,26,0,62,10,1021,5,27,17,24,113,113,113,0,1,16.1,météo idéale
2018-08-10,27,21,20,21,26,26,0,56,10,1020,7,27,18,26,113,113,113,0,1,16.1,météo idéale
2018-08-11,22,19,23,20,22,21,0.3,76,9.875,1017,42.375,25,18,21,116,176,116,0,1,16,météo favorable
2018-08-12,19,16,19,16,16,17,6.1,89,9.625,1012,64,19,14,16,293,296,176,0,1,15.6,météo correcte
2018-08-13,18,15,33,15,18,18,2.3,62,9.875,1006,39.25,18,13,18,176,113,113,0,1,15.9,météo favorable
2018-08-14,18,15,16,15,17,18,1.7,72,9.875,1013,35.625,18,11,17,116,176,113,0,1,15.8,météo favorable
2018-08-15,18,15,13,15,18,17,0.1,76,10,1012,57.875,18,14,17,116,119,116,0,1,12.5,météo correcte
2018-08-16,21,15,4,15,20,21,0.2,69,10,1020,23.75,21,15,20,116,113,113,0,1,14.5,météo favorable
2018-08-17,22,16,14,16,20,22,0,64,10,1022,18.5,25,15,20,113,113,116,0,1,14.5,météo favorable
2018-08-18,22,17,18,17,21,22,0.5,70,10,1019,20.25,25,17,21,116,113,113,0,1,14.5,météo favorable
2018-08-19,19,17,28,18,18,18,2,88,9,1014,34.5,19,16,18,113,266,353,0,1,12.5,météo correcte
2018-08-20,19,16,12,16,18,16,4.9,69,9.625,1011,64.875,19,15,18,116,116,302,0,1,11.5,météo correcte
2018-08-21,17,13,29,14,13,16,6.7,86,8,1008,76,17,16,11,266,302,176,0,1,10.4,météo défavorable
2018-08-22,17,13,28,13,16,17,0,53,10,1018,8.25,17,9,16,113,113,113,0,1,14.5,météo correcte
2018-08-23,21,15,30,15,19,21,0,66,10,1016,49.25,21,14,19,116,116,116,0,1,13.5,météo favorable
2018-08-24,23,16,20,16,21,22,0,66,10,1013,14.625,25,16,21,113,113,113,0,1,14.5,météo favorable
2018-08-25,19,17,17,17,18,18,3.1,90,9.5,1007,75.875,19,17,19,176,122,302,0,1,10.3,météo défavorable
2018-08-26,18,14,5,14,18,18,2.7,62,8.875,1011,76.75,18,13,18,266,116,119,0,1,11.4,météo défavorable
2018-08-27,18,15,17,15,17,18,1.4,69,9.25,1016,44.625,18,13,17,263,113,113,0,1,14.5,météo favorable
2018-08-28,19,14,4,14,18,19,0,64,10,1020,6.75,19,12,18,113,113,113,0,1,14.5,météo favorable
2018-08-29,19,15,22,15,19,17,0.9,67,9.875,1021,32,19,14,18,113,113,296,0,1,13.4,météo favorable
2018-08-30,19,15,12,16,17,19,0.2,84,10,1018,71.5,19,15,17,119,122,113,0,1,10.2,météo défavorable
2018-08-31,19,14,5,14,18,19,0,73,10,1022,15.75,19,14,18,116,113,113,0,1,14.5,météo favorable
2018-09-01,19,15,12,15,18,19,1.4,78,9.875,1025,37.875,19,16,18,113,119,176,0,1,12.3,météo correcte
2018-09-02,19,16,16,16,18,18,0.4,83,9.875,1027,32.125,19,15,18,119,176,113,0,1,11.6,météo favorable
2018-09-03,20,15,5,15,19,20,0,75,10,1028,11,20,15,19,113,113,113,0,1,11.6,météo favorable
2018-09-04,19,15,17,15,19,19,0.3,73,9.75,1024,33.625,19,15,19,113,113,176,0,1,11.6,météo favorable
2018-09-05,20,15,5,15,18,20,5.7,87,9.375,1020,55.25,20,16,18,356,353,116,0,1,9.2,météo correcte
2018-09-06,22,16,5,16,20,21,7.3,84,9.5,1020,66.625,24,18,20,353,116,353,0,1,10.4,météo défavorable
2018-09-07,23,17,5,17,21,22,2.2,77,9.875,1019,16,25,17,21,176,113,386,0,1,11.6,météo favorable
2018-09-08,21,17,8,17,19,21,6.6,82,9.125,1021,55.375,24,17,19,356,176,356,0,1,10.4,météo correcte
2018-09-09,18,15,21,15,18,18,2.4,80,10,1024,41.125,18,15,18,353,113,113,0,1,11.6,météo favorable
2018-09-10,18,14,17,14,17,18,0,73,10,1025,40.75,18,13,17,116,113,122,0,1,10.4,météo favorable
2018-09-11,19,13,21,13,18,19,0,72,10,1023,36.875,19,13,18,116,113,116,0,1,11.6,météo favorable
2018-09-12,17,15,47,16,16,17,10,74,9.125,1009,74,17,14,16,302,353,176,0,1,9.1,météo défavorable
2018-09-13,16,14,45,14,15,16,5.8,67,9.75,1013,28.125,16,10,15,176,176,113,0,1,11.6,météo correcte
2018-09-14,16,13,25,13,16,15,0.4,69,9.875,1015,51.875,16,11,16,353,116,176,0,1,10.3,météo correcte
2018-09-15,17,13,23,13,16,17,0,72,10,1016,41.375,17,11,16,116,119,116,0,1,10.3,météo correcte
2018-09-16,15,13,22,13,14,15,4,65,9.5,1014,39.75,15,11,12,302,113,113,0,1,11.6,météo correcte
2018-09-17,15,12,41,12,13,15,5.5,89,8.625,1014,69.5,15,13,9,116,266,302,0,1,6.4,météo défavorable
2018-09-18,16,12,23,12,15,15,0.1,69,10,1013,56.625,16,11,14,113,113,116,0,1,11.6,météo correcte
2018-09-19,20,14,22,14,17,19,0,75,10,1010,28.625,20,14,17,113,113,113,0,1,11.6,météo favorable
2018-09-20,19,15,27,15,17,19,0,80,10,1011,33.5,19,14,17,116,116,113,0,1,11.6,météo favorable
2018-09-21,19,15,18,15,17,19,0,81,10,1012,49.375,19,14,17,122,116,116,0,1,10.3,météo favorable
2018-09-22,19,13,35,18,15,14,1.2,83,9.25,1006,35.875,19,15,11,113,263,119,0,1,8.9,météo correcte
2018-09-23,12,11,33,11,12,12,1.8,71,9.75,1002,46.375,13,8,9,116,176,176,0,1,10.3,météo défavorable
2018-09-24,12,10,15,10,12,11,1.9,59,9.875,1004,34.125,12,8,10,353,113,113,0,1,11.6,météo défavorable
2018-09-25,10,8,32,8,9,10,0,64,10,1017,23.875,10,4,5,113,113,113,0,1,11.6,météo défavorable
2018-09-26,12,10,47,11,11,11,8,86,8.625,1018,75.625,12,9,6,116,266,302,0,1,6,météo défavorable
2018-09-27,12,10,50,10,10,11,0.7,60,9.75,1003,48.5,12,6,6,116,176,116,0,1,10.2,météo défavorable
2018-09-28,10,7,24,8,8,9,1.2,77,8.875,1008,63,10,4,4,296,266,113,0,1,8.7,météo défavorable
2018-09-29,9,6,18,6,7,9,0,55,10,1017,42.5,9,3,4,113,113,116,0,1,11.4,météo défavorable
2018-09-30,11,8,43,9,11,11,7.6,85,9.125,1013,96.625,11,9,7,302,296,302,0,1,5.7,météo défavorable
2018-10-01,11,11,28,11,11,11,4.7,83,9.625,1009,85.875,11,9,8,353,353,116,0,1,7.1,météo défavorable
2018-10-02,11,9,26,9,10,10,1.5,87,9.875,1008,76.125,11,8,7,122,296,116,0,1,7.1,météo défavorable
2018-10-03,10,7,15,8,8,9,0.9,79,8.875,999,80,10,6,6,122,266,353,0,1,5.6,météo défavorable
2018-10-04,7,4,27,5,5,6,0.1,69,10,1014,57.75,7,6,0,119,116,113,0,1,10.1,météo très défavorable
2018-10-05,12,5,40,5,7,12,0.7,88,9,1016,54.625,12,10,2,116,266,119,0,1,5.5,météo très défavorable
2018-10-06,12,10,32,10,12,11,2.4,85,9.875,1009,53.5,12,9,8,116,116,296,0,1,8.6,météo défavorable
2018-10-07,10,6,16,9,8,7,3.5,82,8.625,1011,76.75,10,6,4,119,266,302,0,1,5.5,météo défavorable
2018-10-08,9,4,24,5,8,8,0,70,10,1020,46.5,9,5,5,113,116,119,0,1,8.5,météo très défavorable
2018-10-09,11,9,35,10,10,11,0.5,88,9,1016,100,11,9,6,122,266,122,0,1,5.4,météo défavorable
2018-10-10,13,12,34,12,13,13,0,87,10,1023,75.5,13,11,10,122,122,116,0,1,7,météo défavorable
2018-10-11,13,9,10,9,12,12,0,75,10,1032,7.5,13,8,11,113,113,113,0,1,10.7,météo correcte
2018-10-12,12,10,18,10,10,11,0,90,10,1031,34.375,12,10,8,116,116,113,0,1,10.7,météo défavorable
2018-10-13,14,11,19,11,13,13,0,86,10,1027,23.625,14,11,11,116,113,116,0,1,10.6,météo correcte
2018-10-14,15,12,21,12,13,14,0,79,10,1024,5.625,15,11,12,113,113,113,0,1,8.7,météo correcte
2018-10-15,15,11,22,12,13,14,0,73,10,1023,0.375,15,11,11,113,113,113,0,1,8.7,météo correcte
2018-10-16,14,11,24,11,12,13,0,76,10,1020,28.25,14,10,10,116,113,113,0,1,7.1,météo correcte
2018-10-17,13,10,11,10,12,12,0,85,10,1022,44.5,13,10,11,116,113,113,0,1,8.7,météo correcte
2018-10-18,14,10,18,10,12,13,0,83,10,1019,25.875,14,11,10,113,113,116,0,1,8.7,météo correcte
2018-10-19,11,9,28,9,10,10,0.3,71,9.875,1018,14.5,11,9,7,113,113,116,0,1,8.7,météo défavorable
2018-10-20,9,9,10,9,9,9,0,74,10,1022,62,9,5,7,119,116,119,0,1,3.7,météo défavorable
2018-10-21,10,8,20,8,9,9,0,81,10,1023,55.125,10,6,7,116,116,116,0,1,8.7,météo défavorable
2018-10-22,12,9,37,10,12,10,1.5,87,9.875,1016,77.375,12,10,8,122,296,119,0,1,3.5,météo défavorable
2018-10-23,8,6,25,8,7,7,1.5,78,9.75,1004,68.75,9,4,3,176,119,122,0,1,3.5,météo très défavorable
2018-10-24,8,5,21,5,6,7,0.1,76,10,996,62,8,3,3,122,116,116,0,1,7,météo très défavorable
2018-10-25,5,3,10,4,4,4,0,71,10,996,50.125,5,2,2,119,113,116,0,1,8.7,météo très défavorable
2018-10-26,4,3,11,3,3,4,2.9,78,8.125,1001,77.5,4,1,1,395,329,335,2,1,5.2,météo très défavorable
2018-10-27,4,3,30,3,4,4,0.9,77,8.125,1005,77.875,4,0,-1,332,116,230,0.1,1,5.2,météo très défavorable
2018-10-28,4,1,31,4,4,2,2.5,72,6.25,1027,79.125,4,0,-2,230,230,323,0,1,3.4,météo très défavorable
2018-10-29,2,1,22,1,2,2,0,70,10,1037,27.75,2,0,-3,116,113,116,0,1,8.7,météo très défavorable
2018-10-30,3,-0,38,-0,1,3,0,70,10,1037,52.875,3,0,-6,113,113,119,0,1,6.9,météo très défavorable
2018-10-31,7,3,33,6,6,7,0.4,87,9,1027,95.625,7,5,1,122,266,119,0,1,3.3,météo très défavorable
2018-11-01,9,7,24,8,8,8,0,84,10,1029,49,9,7,5,116,119,113,0,1,6.9,météo défavorable
2018-11-02,8,7,19,8,8,8,0,89,9,1029,93.875,8,7,5,122,122,122,0,1,3.3,météo très défavorable
2018-11-03,10,8,28,10,9,9,0.2,84,9,1021,88.5,10,8,6,122,119,266,0,1,3.3,météo défavorable
2018-11-04,8,6,15,6,8,7,0,83,10,1028,20.5,8,6,5,113,113,116,0,1,6.9,météo très défavorable
2018-11-05,7,5,18,6,6,5,0,87,10,1029,23.25,7,5,2,113,113,113,0,1,8.2,météo très défavorable
2018-11-06,6,4,12,4,5,6,0,89,10,1025,56.5,6,4,2,113,116,122,0,1,6.8,météo très défavorable
2018-11-07,7,5,12,6,7,7,0.1,91,10,1022,64.75,7,6,5,119,116,119,0,1,6.8,météo très défavorable
2018-11-08,6,5,12,6,6,6,0,88,10,1024,85.125,6,5,3,119,122,122,0,1,3,météo très défavorable
2018-11-09,5,4,13,5,5,4,0,85,10,1025,84.75,5,3,2,119,122,122,0,1,3,météo très défavorable
2018-11-10,5,4,28,5,5,5,0.9,85,9.875,1027,100,5,2,-1,122,122,296,0,1,3,météo très défavorable
2018-11-11,5,4,31,4,5,5,0.2,79,9,1031,97,5,2,0,122,122,122,0,1,3,météo très défavorable
2018-11-12,4,3,31,3,3,3,0,77,10,1031,96.625,4,1,-3,122,119,122,0,1,3,météo très défavorable
2018-11-13,7,3,37,3,5,7,3.4,87,7.75,1025,100,7,5,-1,296,296,266,0,1,2.9,météo très défavorable
2018-11-14,7,6,11,7,7,6,0.3,79,9,1022,96.875,7,6,5,122,122,122,0,1,2.9,météo très défavorable
2018-11-15,7,6,15,6,7,7,0,86,10,1034,86.625,7,5,4,116,122,122,0,1,1.8,météo très défavorable
2018-11-16,7,6,30,6,7,7,0.1,88,10,1037,99.25,7,6,2,122,122,122,0,1,1.8,météo très défavorable
2018-11-17,8,7,34,8,8,7,0.3,85,10,1036,90.5,8,6,3,122,119,122,0,1,1.8,météo très défavorable
2018-11-18,7,4,37,7,6,4,0,69,10,1035,88.625,7,3,0,122,119,122,0,1,1.8,météo très défavorable
2018-11-19,4,1,18,3,2,1,0.1,71,9.625,1039,68,4,0,-2,371,119,113,0.1,1,3.8,météo très défavorable
2018-11-20,4,0,26,2,4,2,0,72,10,1037,19.625,4,0,-1,113,113,113,0,1,5.8,météo très défavorable
2018-11-21,2,1,16,1,1,1,0,72,10,1031,33.5,2,0,-3,113,119,116,0,1,3.8,météo très défavorable
2018-11-22,4,2,27,3,3,3,0,81,10,1025,17.625,4,1,-2,113,113,113,0,1,5.8,météo très défavorable
2018-11-23,4,1,28,1,3,3,0.2,84,10,1024,55.375,4,1,-3,113,122,122,0,1,1.7,météo très défavorable
2018-11-24,3,2,25,3,3,2,0,74,10,1013,54.75,4,1,-2,326,323,119,0,1,5.8,météo très défavorable
2018-11-25,3,1,21,1,3,2,0,73,10,1013,30.75,3,0,-3,113,119,323,0,1,3.8,météo très défavorable
2018-11-26,1,-0,13,1,1,1,0.4,70,8.75,1010,84.375,1,0,-3,332,332,326,0.3,1,1.7,météo très défavorable
2018-11-27,-0,-3,24,0,-0,-2,0.4,69,9,1020,78.5,0,0,-7,332,368,323,0.3,1,1.7,météo très défavorable
2018-11-28,-0,-3,19,-3,-2,-0,0.1,71,9.625,1033,40.75,0,0,-6,113,116,371,0.1,1,3.8,météo très défavorable
2018-11-29,0,-3,33,-0,-1,-2,0.1,70,7.75,1033,32.875,0,0,-9,230,113,113,0,1,5.8,météo très défavorable
2018-11-30,1,-3,41,-2,-0,1,0,58,10,1029,62.5,1,0,-8,113,122,116,0,1,1.7,météo très défavorable
2018-12-01,0,-2,29,-1,-1,-0,0,49,10,1028,49.125,0,0,-8,113,116,122,0,1,3.7,météo très défavorable
2018-12-02,-2,-5,21,-4,-4,-4,1.2,78,7,1019,99.375,0,0,-10,338,338,338,1,1,1.7,météo très défavorable
2018-12-03,-1,-5,22,-5,-5,-2,0,88,10,1011,72.125,0,0,-11,116,116,122,0,1,3.7,météo très défavorable
2018-12-04,3,-1,26,-0,2,3,2.5,89,8.125,1003,100,3,2,-4,317,266,296,0.2,1,1.7,météo très défavorable
2018-12-05,4,3,35,4,3,4,1.1,87,7,1009,100,4,3,-2,266,332,371,0.3,1,1.6,météo très défavorable
2018-12-06,3,2,30,3,3,3,1.6,79,7.25,1016,65.125,3,0,-3,179,227,371,0.4,1,1.6,météo très défavorable
2018-12-07,3,-1,22,3,-1,-1,0.5,87,9.25,1015,81.25,3,1,-6,371,116,116,0.4,1,3.7,météo très défavorable
2018-12-08,-0,-2,32,-1,-1,-0,0.6,85,5.875,1006,100,0,0,-8,230,227,332,0.1,1,1.6,météo très défavorable
2018-12-09,2,-0,28,1,1,2,1.7,89,8.75,997,98.375,2,1,-5,122,122,122,0,1,1.6,météo très défavorable
2018-12-10,2,0,20,1,1,1,0,90,10,1003,99.375,2,0,-4,122,122,122,0,1,1.5,météo très défavorable
2018-12-11,1,-0,14,-0,1,1,1.2,92,6.75,1017,100,1,0,-3,338,332,332,1.1,1,1.5,météo très défavorable
2018-12-12,-1,-2,19,-1,-2,-2,0,87,10,1028,65.375,0,0,-8,119,116,119,0,1,5.8,météo très défavorable
2018-12-13,1,-1,21,1,1,-1,0.3,85,8.75,1033,96.375,1,0,-5,332,332,326,0.2,1,1.5,météo très défavorable
2018-12-14,-2,-3,9,-3,-3,-3,0,79,10,1036,93.125,0,0,-6,122,122,326,0.1,1,1.5,météo très défavorable
2018-12-15,-3,-5,5,-4,-4,-5,0.1,88,9.375,1038,45.875,0,0,-7,116,113,113,0.1,1,5.6,météo très défavorable
2018-12-16,-4,-7,16,-7,-5,-4,0,90,10,1038,55,0,0,-11,116,119,116,0,1,1.4,météo très défavorable
2018-12-17,-3,-4,20,-3,-4,-4,0,84,10,1032,90.5,0,0,-11,122,119,122,0,1,1.4,météo très défavorable
2018-12-18,-4,-4,15,-4,-4,-4,0.4,89,9,1031,100,0,0,-9,326,326,338,0.4,1,1.4,météo très défavorable
2018-12-19,-4,-5,15,-4,-4,-4,0.7,90,7.75,1033,100,0,0,-9,332,332,122,0.6,1,1.4,météo très défavorable
2018-12-20,-5,-8,11,-6,-6,-7,0,91,10,1032,71.5,0,0,-11,122,116,116,0,1,5.5,météo très défavorable
2018-12-21,-8,-10,22,-9,-10,-10,0,91,10,1029,68,0,0,-18,116,119,122,0,1,1.4,météo très défavorable
2018-12-22,-8,-10,21,-9,-9,-8,0.2,91,10,1017,100,0,0,-17,326,326,122,0.1,1,1.4,météo très défavorable
2018-12-23,-4,-7,12,-5,-4,-4,1.9,94,6.375,1009,100,0,0,-9,338,338,332,1.7,1,1.5,météo très défavorable
2018-12-24,-4,-5,8,-5,-4,-5,0.1,92,9,1014,100,0,0,-8,326,122,326,0.1,1,1.5,météo très défavorable
2018-12-25,1,-4,31,-2,-3,-1,0.8,88,8.125,1015,99.875,1,0,-9,326,122,230,0.2,1,1.5,météo très défavorable
2018-12-26,3,-2,26,1,-0,-2,4.9,88,6.75,1007,95.25,3,1,-7,230,338,326,3.6,1,1.5,météo très défavorable
2018-12-27,-2,-5,6,-4,-4,-2,0,89,9,1010,68,0,0,-5,116,116,122,0,1,3.6,météo très défavorable
2018-12-28,1,-2,12,-2,-2,1,0.8,93,9,1014,95.25,1,0,-6,119,122,122,0.7,1,1.5,météo très défavorable
2018-12-29,2,-1,19,0,2,-1,0,91,10,1015,85.375,2,0,-5,122,122,116,0,1,3.6,météo très défavorable
2018-12-30,2,-2,14,2,1,-2,0,92,10,1017,85.75,2,1,-4,122,116,122,0,1,3.7,météo très défavorable
2018-12-31,-1,-4,9,-2,-4,-3,0.1,90,10,1025,72.375,0,0,-7,119,116,116,0,1,5.8,météo très défavorable
2019-01-01,3,-0,35,-0,2,1,12.1,88,4.75,1014,100,5,2,-5,230,338,317,2.4,1,1.5,météo très défavorable
2019-01-02,2,-1,27,1,1,-1,4.2,95,3.625,1004,100,2,1,-5,338,395,230,1.6,1,1.5,météo très défavorable
2019-01-03,-2,-4,32,-3,-3,-4,3.9,82,3.75,1022,90.125,0,0,-11,230,230,326,0,1,1.5,météo très défavorable
2019-01-04,-5,-7,17,-7,-5,-5,1.2,84,7.375,1022,86.625,0,0,-11,119,326,338,1,1,1.5,météo très défavorable
2019-01-05,-5,-9,12,-6,-7,-9,0.1,91,10,1019,92,0,0,-12,326,122,326,0.1,1,1.5,météo très défavorable
2019-01-06,-5,-9,6,-8,-7,-8,0,90,8,1023,76.25,0,0,-9,116,116,326,0,1,3.7,météo très défavorable
2019-01-07,2,-5,32,-5,0,-2,3.6,93,5.625,1022,99.875,2,1,-7,332,338,317,1.1,1,1.5,météo très défavorable
2019-01-08,1,-1,17,-0,-1,-1,7,93,5.375,1010,100,1,0,-6,122,338,338,6,1,1.6,météo très défavorable
2019-01-09,-3,-6,14,-4,-6,-6,6.7,92,2.75,1013,98.75,0,0,-12,332,338,338,5.7,1,1.7,météo très défavorable
2019-01-10,-5,-5,7,-5,-5,-5,1.2,92,7.75,1018,97.25,0,0,-8,332,326,122,1,1,1.7,météo très défavorable
2019-01-11,2,-3,41,-3,-1,2,7.4,87,3.875,1014,98.25,2,0,-9,227,230,179,0,1,1.7,météo très défavorable
2019-01-12,2,-2,18,0,-1,-2,0.7,82,8.75,991,40.5,2,0,-6,323,116,116,0,1,5.8,météo très défavorable
2019-01-13,-2,-3,17,-3,-2,-3,0,90,10,991,71.75,0,0,-8,116,122,326,0,1,1.7,météo très défavorable
2019-01-14,1,-0,22,-0,1,1,6.8,88,2.375,979,100,1,0,-4,338,338,338,5.8,1,1.7,météo très défavorable
2019-01-15,-0,-3,13,-2,-2,-2,1.1,83,5.875,985,96.875,0,0,-6,332,119,332,0.9,1,1.7,météo très défavorable
2019-01-16,-2,-6,22,-4,-4,-6,2.2,87,4.5,995,100,0,0,-10,332,332,332,1.9,1,1.7,météo très défavorable
2019-01-17,2,-5,26,-5,2,1,22.7,95,4.5,995,97.875,2,1,-4,338,320,338,13.9,1,1.7,météo très défavorable
2019-01-18,-5,-7,21,-7,-5,-6,2.1,81,3.75,997,96,0,0,-12,332,338,338,1.8,1,1.7,météo très défavorable
2019-01-19,-4,-8,12,-8,-6,-4,0.6,87,7.75,1006,96.375,0,0,-11,332,326,371,0.5,1,1.7,météo très défavorable
2019-01-20,-1,-10,28,-3,-6,-10,7.2,91,5.125,1007,96.75,0,0,-17,371,230,332,5.5,1,1.8,météo très défavorable
2019-01-21,-12,-17,13,-14,-15,-17,0.4,96,5.75,1015,88.375,0,0,-22,326,326,143,0.3,1,1.8,météo très défavorable
2019-01-22,-8,-12,16,-12,-8,-9,0.6,87,6.375,1017,83,0,0,-14,116,338,326,0.5,1,1.8,météo très défavorable
2019-01-23,-7,-14,18,-14,-10,-11,0.1,95,9.375,1015,92.5,0,0,-18,119,122,332,0.1,1,1.8,météo très défavorable
2019-01-24,-4,-15,8,-8,-14,-15,3.2,95,3,1023,75.875,0,0,-19,338,143,143,2.7,1,1.8,météo très défavorable
2019-01-25,-11,-15,11,-15,-13,-12,0,85,10,1025,73.375,0,0,-19,116,122,122,0,1,1.8,météo très défavorable
2019-01-26,-9,-10,17,-10,-10,-10,4.8,91,4,1020,99,0,0,-17,338,338,338,4.1,1,1.9,météo très défavorable
2019-01-27,-12,-16,6,-16,-14,-14,0.2,95,7,1008,94,0,0,-18,143,326,143,0.2,1,1.9,météo très défavorable
2019-01-28,-11,-16,21,-16,-13,-13,0,90,7,1012,94.875,0,0,-21,143,122,122,0,1,2,météo très défavorable
2019-01-29,-4,-10,17,-10,-6,-6,4.6,92,6.375,1006,99.5,0,0,-13,122,332,338,3.9,1,2,météo très défavorable
2019-01-30,1,-1,22,-1,1,-1,0.9,87,7.75,1010,96,1,0,-5,326,326,326,0.8,1,2,météo très défavorable
2019-01-31,-4,-9,5,-6,-7,-9,0,93,8,1016,47.25,0,0,-10,143,116,116,0,1,5.8,météo très défavorable
2019-02-01,-4,-7,19,-7,-5,-4,0.1,93,6.75,1019,83.5,0,0,-11,260,326,326,0.1,1,2,météo très défavorable
2019-02-02,-2,-4,19,-4,-3,-2,1.2,94,5.5,1018,100,0,0,-9,338,332,122,1,1,2,météo très défavorable
2019-02-03,1,-3,26,-2,0,-3,10.7,92,4.25,1016,100,1,1,-6,230,317,266,3.6,1,2,météo très défavorable
2019-02-04,1,-4,12,-1,-2,-4,3.8,96,4.875,1016,96.5,1,1,-7,326,338,335,3.1,1,2,météo très défavorable
2019-02-05,-1,-6,26,-5,-2,-2,1.9,91,8.125,1022,79,0,0,-9,122,338,326,1.6,1,2.1,météo très défavorable
2019-02-06,-1,-3,14,-3,-2,-3,5,95,2.375,1018,94.375,0,0,-7,338,338,338,4.3,1,2.1,météo très défavorable
2019-02-07,1,-13,25,-13,-6,-1,1.3,90,7.75,1019,68.875,1,0,-13,119,119,332,1.1,1,2.1,météo très défavorable
2019-02-08,-0,-2,18,-1,-0,-2,4,91,5.375,1010,99.125,1,0,-5,122,338,332,3.4,1,2.1,météo très défavorable
2019-02-09,1,0,16,0,1,1,7.1,96,9.625,1003,94,1,0,-4,338,332,326,6,1,3.3,météo très défavorable
2019-02-10,2,2,28,2,2,2,2,91,9.5,1002,99.125,2,1,-4,338,176,317,0.9,1,3.3,météo très défavorable
2019-02-11,2,1,22,2,2,1,7.3,90,7.75,1001,98.375,2,1,-3,176,338,338,6,1,3.3,météo très défavorable
2019-02-12,1,-3,23,0,0,-3,16.8,98,4.375,1006,97.625,1,0,-7,338,338,338,14.3,1,3.4,météo très défavorable
2019-02-13,-3,-8,12,-8,-5,-5,0,91,10.5,1011,43.375,0,0,-10,116,119,143,0,1,6.9,météo très défavorable
2019-02-14,-0,-1,17,-1,0,-1,0.3,96,10.5,1020,83,0,0,-5,332,119,119,0.3,1,3.4,météo très défavorable
2019-02-15,2,1,32,1,2,2,0.1,80,11.75,1014,47.5,2,1,-4,119,116,116,0,1,8.7,météo très défavorable
2019-02-16,3,0,31,0,1,2,0.1,88,13.5,1015,56.5,3,0,-4,119,116,116,0,1,5.2,météo très défavorable
2019-02-17,1,-0,34,-0,0,0,0,75,15,1016,9,1,0,-7,113,116,116,0,1,8.7,météo très défavorable
2019-02-18,-2,-7,15,-6,-4,-6,0,78,12.5,1023,61.875,0,0,-8,119,116,122,0,1,8.2,météo très défavorable
2019-02-19,2,-0,23,2,2,2,1.1,93,8.125,1011,95.875,2,1,-3,176,176,266,0,1,4.9,météo très défavorable
2019-02-20,2,-3,21,2,1,-3,9.6,95,6,996,100,2,1,-5,317,338,230,2,1,4.9,météo très défavorable
2019-02-21,-4,-9,26,-7,-8,-7,0.5,75,7.5,1025,52.5,0,0,-16,230,116,116,0,1,9.8,météo très défavorable
2019-02-22,-7,-10,15,-10,-8,-8,0,75,10,1039,8,0,0,-15,116,116,116,0,1,9.9,météo très défavorable
2019-02-23,1,-7,30,-4,-0,-1,3.5,91,13.75,1038,94.75,2,0,-7,230,296,311,0,1,5,météo très défavorable
2019-02-24,3,-1,19,-1,2,2,0.4,92,7.75,1025,86,3,2,-2,260,119,176,0,1,6.7,météo très défavorable
2019-02-25,3,1,26,2,2,2,0,79,10,1015,67.125,3,0,-3,119,122,122,0,1,5,météo très défavorable
2019-02-26,1,-6,15,0,1,-3,1.1,93,7.75,1021,89.125,1,0,-3,338,326,332,0.9,1,5.1,météo très défavorable
2019-02-27,2,-4,30,-3,1,1,0,88,10,1022,57.625,2,0,-5,116,119,116,0,1,6.7,météo très défavorable
2019-02-28,2,-4,17,0,0,-3,6.6,94,3.75,993,100,2,0,-4,326,338,230,3.1,1,5.1,météo très défavorable
2019-03-01,-6,-9,16,-7,-8,-6,1,83,6.75,1006,53.5,0,0,-14,332,116,116,0.4,1,10,météo très défavorable
2019-03-02,0,-8,28,-6,-2,-3,4.4,84,5.25,1007,90.375,0,0,-9,119,332,230,0.3,1,5.2,météo très défavorable
2019-03-03,-2,-8,15,-7,-6,-6,2.4,82,8.625,999,79,0,0,-11,122,122,326,0,1,5.4,météo très défavorable
2019-03-04,-4,-13,12,-10,-6,-8,0,87,10,995,63.625,0,0,-12,116,116,122,0,1,10.1,météo très défavorable
2019-03-05,-2,-8,23,-3,-2,-5,16,93,3,990,96.625,0,0,-10,338,338,338,13.6,1,5.4,météo très défavorable
2019-03-06,-5,-14,16,-14,-8,-7,0,76,10,1012,24.625,0,0,-14,116,113,116,0,1,10.9,météo très défavorable
2019-03-07,0,-9,19,-8,-2,-4,2.6,88,7.375,1012,86.125,0,0,-8,122,119,338,2.2,1,5.5,météo très défavorable
2019-03-08,4,2,20,2,3,4,6,94,9.5,997,84.625,4,3,-2,296,119,119,0,1,7,météo très défavorable
2019-03-09,3,-3,41,1,-1,0,6.4,74,5,993,86.75,3,2,-9,230,230,116,0,1,7.1,météo très défavorable
2019-03-10,2,-3,20,1,2,-0,4.5,88,4.375,990,97.25,2,1,-2,338,338,338,3.8,1,5.6,météo très défavorable
2019-03-11,-2,-6,13,-4,-2,-4,1.1,73,7.625,994,73.125,0,0,-7,332,371,371,0.9,1,8.6,météo très défavorable
2019-03-12,-3,-11,21,-6,-5,-7,4.8,91,3.375,1003,91.625,0,0,-12,332,338,338,4.1,1,5.6,météo très défavorable
2019-03-13,-1,-8,8,-8,-3,-1,0,84,8,1010,64.25,0,0,-5,143,116,326,0,1,7.3,météo très défavorable
2019-03-14,1,-8,18,-5,-1,-3,0.7,87,7.125,1008,72.5,1,0,-6,332,332,122,0.6,1,5.9,météo très défavorable
2019-03-15,3,0,19,2,2,3,4.3,91,7.5,1000,93,3,1,-2,338,317,317,2.6,1,5.9,météo très défavorable
2019-03-16,2,1,23,2,2,2,2.1,85,5.375,998,98.75,2,0,-3,176,338,332,1.7,1,5.9,météo très défavorable
2019-03-17,3,0,16,0,2,2,1.2,90,9.25,1004,93.5,3,1,-3,326,326,119,1,1,6,météo très défavorable
2019-03-18,3,1,14,3,3,3,10.1,89,9.75,1006,80.25,3,2,-1,296,293,119,0,1,6,météo très défavorable
2019-03-19,3,1,15,1,3,2,2.5,87,8.875,1012,77.25,3,1,-1,311,317,371,1.3,1,6,météo très défavorable
2019-03-20,1,-6,22,0,1,-2,0.7,88,7.5,1018,98.375,1,0,-5,326,332,122,0.6,1,6.1,météo très défavorable
2019-03-21,3,0,19,0,2,3,2.2,87,8.375,1016,64.125,3,1,-3,326,116,119,1.8,1,10.2,météo très défavorable
2019-03-22,2,0,35,0,1,1,1.9,73,8.875,1025,66.375,2,1,-6,116,122,119,0.9,1,7.5,météo très défavorable
2019-03-23,4,-2,25,-2,4,4,3.3,60,8.75,1027,57.5,4,2,-1,116,119,296,0,1,7.7,météo très défavorable
2019-03-24,3,1,31,1,2,1,1.1,79,9.375,1009,62.75,3,1,-4,182,116,119,0.4,1,9,météo très défavorable
2019-03-25,2,-1,13,-1,2,1,0,83,10,1005,61,2,0,-2,116,116,122,0,1,9,météo très défavorable
2019-03-26,-1,-9,22,-2,-2,-5,4.6,89,5.75,1009,88.125,0,0,-8,332,326,338,3.9,1,6.4,météo très défavorable
2019-03-27,0,-4,13,-4,-1,-1,0.1,75,9.875,1022,16.625,0,0,-4,116,116,116,0.1,1,11.6,météo très défavorable
2019-03-28,3,-6,17,-2,2,-0,0.1,86,17.25,1023,81.125,4,0,-2,122,119,119,0,1,7.8,météo très défavorable
2019-03-29,6,2,27,2,5,5,0.2,84,17.75,1016,32.625,6,3,1,116,116,113,0,1,11.6,météo très défavorable
2019-03-30,4,2,21,2,3,3,0.2,71,18.625,1009,48.75,4,1,-1,266,113,116,0,1,11.6,météo très défavorable
2019-03-31,4,1,20,3,1,2,6.6,92,7,1005,90.375,4,2,-4,296,338,326,1.3,1,7.8,météo très défavorable
2019-04-01,2,-2,19,-2,1,2,0,78,10,1025,16.75,2,0,-3,116,116,116,0,1,11.6,météo très défavorable
2019-04-02,4,0,20,0,3,3,0,73,10,1029,50.125,4,0,-2,116,122,122,0,1,7.9,météo très défavorable
2019-04-03,7,-0,12,-0,6,7,0,49,10,1030,3.5,7,0,3,116,116,113,0,1,11.6,météo très défavorable
2019-04-04,8,1,12,1,7,7,0,55,10,1025,0.125,8,0,4,113,113,113,0,1,11.6,météo très défavorable
2019-04-05,8,0,4,2,6,4,0,63,10,1026,52.75,8,0,6,116,119,122,0,1,7.9,météo très défavorable
2019-04-06,8,2,10,2,6,8,0,69,10,1028,33.875,8,1,4,116,116,116,0,1,11.6,météo très défavorable
2019-04-07,8,3,13,3,7,8,0,60,10,1022,32.875,8,0,5,116,116,116,0,1,11.6,météo très défavorable
2019-04-08,6,3,11,4,6,3,12.4,82,7.875,1010,79.5,6,3,4,176,293,302,0,1,7,météo très défavorable
2019-04-09,3,-3,8,0,3,0,2.5,81,8.25,1007,91.5,4,1,0,371,371,362,0.5,1,7,météo très défavorable
2019-04-10,2,-0,17,0,2,1,2.6,89,5.875,1016,100,2,0,-3,338,338,326,2,1,7,météo très défavorable
2019-04-11,-0,-3,15,-3,-1,-0,0.4,75,7.5,1025,92.375,0,0,-6,332,332,119,0.3,1,7.1,météo très défavorable
2019-04-12,3,-4,10,-3,1,-1,0,65,10,1030,41.125,3,0,-2,116,116,119,0,1,13.4,météo très défavorable
2019-04-13,4,-1,14,-1,3,4,0,68,10,1033,26.25,4,0,0,116,116,116,0,1,14.5,météo très défavorable
2019-04-14,5,-0,10,-0,4,3,0,65,10,1035,17.5,7,0,1,116,116,116,0,1,14.5,météo très défavorable
2019-04-15,6,-2,10,0,5,2,0,67,10,1036,7.125,6,2,2,116,116,116,0,1,14.5,météo très défavorable
2019-04-16,8,2,14,2,6,7,0,80,8,1035,26.75,8,3,4,143,116,113,0,1,14.5,météo très défavorable
2019-04-17,8,2,7,2,6,7,0,71,10,1037,3.875,8,2,6,116,113,116,0,1,14.5,météo très défavorable
2019-04-18,9,4,8,4,8,9,0,67,10,1035,41,9,3,6,119,116,116,0,1,13.5,météo très défavorable
2019-04-19,9,3,17,4,8,9,0,64,10,1035,57.875,9,2,5,116,122,122,0,1,11.4,météo très défavorable
2019-04-20,7,2,12,2,6,6,0.4,65,10,1029,46.125,7,2,4,116,116,353,0,1,13.5,météo très défavorable
2019-04-21,10,1,7,1,7,6,0,60,10,1029,2,10,0,6,116,113,113,0,1,14.5,météo très défavorable
2019-04-22,11,5,17,5,11,10,0,54,10,1028,21.25,11,3,9,116,116,116,0,1,14.5,météo très défavorable
2019-04-23,11,6,18,6,10,11,0,58,10,1029,24,11,3,8,116,116,116,0,1,14.5,météo défavorable
2019-04-24,13,7,8,7,12,12,0,52,10,1030,6.375,13,3,12,116,116,116,0,1,14.5,météo correcte
2019-04-25,15,8,8,8,13,14,0,43,10,1028,16.875,15,1,13,116,116,116,0,1,14.5,météo correcte
2019-04-26,17,7,13,7,14,14,0,56,10,1023,19.75,17,5,13,116,116,116,0,1,14.5,météo correcte
2019-04-27,15,10,15,10,13,14,0.4,58,10,1015,34.375,15,6,12,353,116,116,0,1,13.5,météo correcte
2019-04-28,7,2,23,2,5,6,0,52,10,1026,3.375,7,1,1,113,116,116,0,1,14.5,météo très défavorable
2019-04-29,8,1,9,1,7,8,0,46,10,1028,43.875,8,0,5,116,122,116,0,1,12.6,météo très défavorable
2019-04-30,10,2,9,2,8,7,0,45,10,1024,13.75,10,0,7,116,116,116,0,1,14.5,météo très défavorable
2019-05-01,11,4,12,4,10,11,0,48,10,1015,6.625,11,0,9,116,116,116,0,3,16,météo très défavorable
2019-05-02,7,0,13,6,5,3,11.5,91,8.75,995,82,7,5,3,176,302,176,0,3,12,météo très défavorable
2019-05-03,5,-4,35,1,2,1,4.3,75,1.875,995,86.625,5,2,-5,230,230,227,0,1,14,météo très défavorable
2019-05-04,6,1,17,1,5,3,1.4,58,9,1005,59.375,7,1,1,227,116,353,0.1,1,14.1,météo très défavorable
2019-05-05,5,2,10,2,4,4,5,71,8.625,1011,67.25,5,3,2,116,119,266,0,1,14.1,météo très défavorable
2019-05-06,8,1,6,1,7,8,0,64,10,1016,17.625,8,1,7,113,116,116,0,3,16.6,météo très défavorable
2019-05-07,5,-1,15,4,4,1,9,96,8.375,1012,81.25,5,3,0,266,296,119,0,2,12.5,météo très défavorable
2019-05-08,8,1,12,2,7,5,0,59,10,1017,24.625,8,2,5,116,116,116,0,3,16.7,météo très défavorable
2019-05-09,12,3,17,4,10,11,0,53,10,1021,5.5,12,2,9,116,116,116,0,3,16.8,météo très défavorable
2019-05-10,12,5,14,7,11,9,4.6,91,8.625,1016,83.25,13,11,9,266,122,176,0,3,12.6,météo très défavorable
2019-05-11,12,6,19,6,11,10,13.8,89,6.75,1012,78,13,12,10,248,122,356,0,3,13.5,météo défavorable
2019-05-12,10,4,15,8,9,8,2.3,88,9.75,1025,87.625,10,7,6,296,176,122,0,2,13.5,météo très défavorable
2019-05-13,13,6,13,7,11,12,0,61,10,1028,42.625,13,6,10,116,116,116,0,4,16.6,météo correcte
2019-05-14,9,6,18,6,8,9,0,72,10,1028,65.375,9,5,6,119,122,116,0,2,15.1,météo défavorable
2019-05-15,11,5,14,5,10,9,0,51,10,1030,6.5,11,1,8,116,116,116,0,3,17.1,météo très défavorable
2019-05-16,11,5,11,5,11,11,0,54,10,1030,7.625,11,3,10,116,116,116,0,3,17.1,météo très défavorable
2019-05-17,13,6,10,6,12,12,0,52,10,1029,2.375,13,3,11,116,116,113,0,4,17.2,météo correcte
2019-05-18,15,7,9,8,14,15,0,53,10,1024,1.75,15,6,14,116,116,116,0,4,17.2,météo correcte
2019-05-19,18,9,7,10,16,14,0,53,10,1021,5.375,18,9,16,116,116,116,0,4,17.3,météo favorable
2019-05-20,18,11,15,12,18,17,0.2,59,9.875,1020,29.875,18,10,18,116,116,116,0,5,16.7,météo favorable
2019-05-21,18,13,10,13,18,17,0.5,65,9.875,1015,54.375,18,11,18,119,176,116,0,4,15.2,météo favorable
2019-05-22,18,11,13,11,16,18,0,68,10,1011,15.5,18,10,16,116,116,116,0,5,17.4,météo favorable
2019-05-23,12,9,22,11,10,11,0,73,10,1013,44,12,9,7,116,119,116,0,4,16,météo défavorable
2019-05-24,13,6,19,6,12,10,0.6,56,9,1014,68.625,13,7,9,176,116,266,0,3,15.2,météo défavorable
2019-05-25,13,8,12,9,13,11,3.8,89,7.875,1007,71.875,13,10,10,143,122,176,0,4,13.8,météo défavorable
2019-05-26,12,7,15,7,10,10,6.3,80,7.5,1002,79.125,12,9,7,266,119,296,0,3,13.9,météo défavorable
2019-05-27,9,1,23,7,8,5,0.7,85,8,1004,85.25,9,7,5,266,176,122,0,2,14.1,météo très défavorable
2019-05-28,14,9,13,10,11,13,0.3,78,9,1010,84.875,14,10,10,266,176,122,0,3,14.2,météo défavorable
2019-05-29,16,4,25,12,16,6,2,94,7.75,1012,77.25,16,14,7,248,353,116,0,3,15,météo très défavorable
2019-05-30,11,4,15,7,10,9,0,51,10,1022,7.625,11,3,8,116,116,116,0,3,17.4,météo très défavorable
2019-05-31,12,2,24,9,9,6,5.5,91,9.5,1020,45.75,12,8,6,116,296,176,0,3,15.6,météo très défavorable
2019-06-01,13,7,23,7,12,13,0,59,10,1017,29.125,13,5,9,116,116,119,0,1,16.2,météo correcte
2019-06-02,12,4,23,11,11,6,2.4,95,7.875,1011,86.625,12,10,6,266,266,122,0,1,14.5,météo très défavorable
2019-06-03,14,8,9,8,13,14,0,49,10,1021,17,14,6,12,116,116,116,0,1,17.4,météo correcte
2019-06-04,21,11,21,13,19,19,0,56,10,1020,22.375,21,12,19,116,116,116,0,1,17.4,météo favorable
2019-06-05,20,14,10,14,19,19,0,67,10,1019,1.75,20,13,19,116,116,113,0,1,17.4,météo favorable
2019-06-06,23,15,7,15,22,20,0,58,10,1022,3.5,25,14,22,113,113,116,0,1,17.4,météo favorable
2019-06-07,23,16,4,16,22,20,4.7,61,9.25,1021,42.875,25,16,22,176,116,200,0,1,16.3,météo favorable
2019-06-08,22,16,10,16,22,22,5.6,66,9.625,1020,52,25,16,22,176,116,200,0,1,15.7,météo favorable
2019-06-09,19,14,27,17,16,15,9.3,86,14.625,1021,54.75,19,16,16,116,176,116,0,1,15.7,météo correcte
2019-06-10,16,12,21,12,16,15,0,61,12.5,1022,16.5,16,9,16,116,116,116,0,1,16.8,météo correcte
2019-06-11,17,11,13,12,16,16,0,60,12.5,1023,23.25,17,8,16,116,116,116,0,1,16.9,météo correcte
2019-06-12,15,11,23,12,14,14,1.1,51,18.875,1026,28,15,9,13,116,116,116,0,1,17.4,météo correcte
2019-06-13,18,9,22,9,16,15,0,49,20,1027,26.25,18,8,16,116,116,116,0,1,17.4,météo favorable
2019-06-14,14,7,20,13,14,10,7.9,89,15.25,1021,93.625,14,13,12,356,122,122,0,1,14.1,météo défavorable
2019-06-15,13,6,22,12,12,9,0.2,88,15.75,1017,80.75,13,12,10,266,122,116,0,1,15.2,météo défavorable
2019-06-16,16,11,14,12,15,13,0,78,20,1016,17.75,16,12,15,116,116,113,0,1,17.4,météo correcte
2019-06-17,17,12,21,13,16,16,0,74,16.75,1014,19.375,17,12,16,116,116,116,0,1,17.4,météo correcte
2019-06-18,17,12,28,13,16,16,0.1,70,20,1014,15.375,17,11,16,176,116,116,0,1,16.9,météo correcte
2019-06-19,19,13,15,13,17,19,0,64,12.5,1016,17,19,11,17,116,116,116,0,1,17.4,météo favorable
2019-06-20,20,12,6,15,20,16,0,63,10,1015,23.875,20,13,20,116,116,116,0,1,17.4,météo favorable
2019-06-21,20,15,7,17,19,17,22.9,89,8.5,1011,74.5,20,18,19,176,356,176,0,1,14.2,météo très défavorable
2019-06-22,17,13,30,14,17,15,0.2,70,10,1017,27.625,17,13,15,116,116,113,0,1,17.4,météo correcte
2019-06-23,17,9,18,13,16,13,0,69,10,1022,13.25,17,11,16,116,116,116,0,1,17.4,météo correcte
2019-06-24,17,13,21,13,16,16,0.3,62,10,1027,49.25,17,11,16,176,116,116,0,1,16.3,météo correcte
2019-06-25,17,13,14,13,17,17,0,56,10,1029,25.875,17,9,17,116,119,116,0,1,16.9,météo correcte
2019-06-26,15,9,9,15,13,11,2.9,95,9.75,1025,68.375,15,12,12,122,296,116,0,1,15.2,météo défavorable
2019-06-27,14,5,11,12,13,9,3.4,93,8.125,1013,72.5,14,12,12,293,176,263,0,1,14.7,météo très défavorable
2019-06-28,16,12,32,12,16,16,0.1,55,10,1009,29.875,16,12,16,116,116,116,0,1,17.4,météo correcte
2019-06-29,15,12,27,12,15,15,0.8,67,10,1009,33.625,15,12,13,116,116,122,0,1,16.3,météo correcte
2019-06-30,17,9,25,14,16,13,1.8,68,9.875,1006,49.875,17,12,16,176,116,116,0,1,16.3,météo correcte
2019-07-01,19,15,32,16,19,19,0,73,10,1003,22.75,19,14,19,116,116,116,0,1,17.4,météo favorable
2019-07-02,17,14,24,14,17,16,1.9,77,9.625,998,58.625,17,13,17,116,353,176,0,1,15.2,météo correcte
2019-07-03,15,12,32,13,14,13,10.4,86,9.5,1000,81.75,15,13,11,176,353,296,0,1,14.1,météo défavorable
2019-07-04,15,11,29,11,14,15,28,61,8.25,1005,56.75,15,10,11,302,116,116,0,1,16.8,météo très défavorable
2019-07-05,14,8,22,11,12,10,7.5,90,8.375,1004,59.625,14,10,9,116,266,302,0,1,15.2,météo correcte
2019-07-06,14,8,10,9,13,14,0.1,73,10,997,44.125,14,9,12,116,176,116,0,1,16.3,météo correcte
2019-07-07,16,11,9,11,15,14,0,65,10,1000,24.625,18,10,15,116,116,116,0,1,17.4,météo correcte
2019-07-08,17,11,11,12,16,15,3.6,74,9.625,1001,52.125,18,12,16,116,176,176,0,1,15.1,météo correcte
2019-07-09,16,8,23,13,14,12,2.2,84,10,1003,91.375,16,12,13,353,353,119,0,1,14,météo défavorable
2019-07-10,18,12,12,12,16,16,0,70,10,1006,53.75,18,11,16,119,116,116,0,1,16.2,météo favorable
2019-07-11,12,6,15,10,11,10,0,58,10,1010,92.125,12,7,9,122,122,119,0,1,13.6,météo défavorable
2019-07-12,14,7,18,11,13,12,2.5,63,10,1009,64.875,15,9,12,353,353,116,0,1,14.9,météo correcte
2019-07-13,16,11,14,12,16,16,0.9,66,9.875,1009,48.125,16,10,16,176,176,116,0,1,16.1,météo correcte
2019-07-14,16,11,15,11,15,16,0,58,10,1011,11.75,16,10,15,116,116,116,0,1,17.4,météo correcte
2019-07-15,17,9,9,12,17,13,0,58,10,1011,23.875,17,10,17,116,116,116,0,1,17.4,météo correcte
2019-07-16,19,13,17,13,19,19,0,58,10,1010,31.25,19,11,19,116,116,116,0,1,17.4,météo favorable
2019-07-17,18,12,14,14,17,16,0.6,74,9.75,1009,55.5,20,13,17,116,119,176,0,1,14.8,météo correcte
2019-07-18,17,14,19,14,17,15,5.6,91,8.75,1008,91.625,17,15,17,122,176,296,0,1,13.4,météo défavorable
2019-07-19,17,15,17,15,17,17,11.6,92,8.5,1008,97.75,17,15,17,353,353,353,0,1,13.4,météo défavorable
2019-07-20,17,11,21,15,16,14,0.8,86,9,1015,77.375,18,14,16,176,176,116,0,1,15.4,météo défavorable
2019-07-21,20,15,12,15,20,20,0,58,10,1017,14.75,20,13,20,116,116,116,0,1,17.4,météo favorable
2019-07-22,21,16,11,16,21,19,0,58,10,1017,23.25,24,13,21,116,116,116,0,1,17.4,météo favorable
2019-07-23,21,15,16,16,21,20,0,57,10,1014,22.5,21,13,21,116,116,116,0,1,17.3,météo favorable
2019-07-24,19,16,13,16,18,19,0,74,10,1015,54.25,19,14,18,119,116,116,0,1,15.2,météo favorable
2019-07-25,21,14,8,15,20,21,0.2,68,9.875,1018,42.125,24,16,20,116,116,176,0,1,15.9,météo favorable
2019-07-26,25,16,17,17,23,21,0,67,10,1022,11.25,26,17,23,116,116,116,0,1,17.2,météo favorable
2019-07-27,25,19,15,19,24,24,0,58,10,1021,7.25,26,17,24,116,116,116,0,1,17.2,météo favorable
2019-07-28,23,16,30,20,23,19,1.5,71,9.75,1016,41,25,18,22,116,176,116,0,1,15.9,météo favorable
2019-07-29,16,11,19,11,15,14,0.1,56,10,1017,26.125,18,9,15,116,116,176,0,1,15.9,météo correcte
2019-07-30,14,10,25,10,14,13,0.2,57,10,1012,57.25,14,7,12,116,119,353,0,1,14.3,météo correcte
2019-07-31,11,5,23,10,11,9,2.2,78,6.875,1013,89.125,13,9,8,266,122,119,0,1,13.5,météo très défavorable
2019-08-01,16,8,13,11,15,12,0.1,64,10,1014,59.875,16,9,15,116,119,119,0,1,14.3,météo correcte
2019-08-02,16,9,16,13,15,12,0.4,69,9.875,1011,66.625,16,11,14,116,119,176,0,1,15,météo défavorable
2019-08-03,14,11,16,11,14,14,3.8,59,9.625,1010,76.25,14,10,13,176,176,353,0,1,12.6,météo défavorable
2019-08-04,14,8,26,10,14,12,0.4,59,10,1010,73.75,15,7,12,119,176,119,0,1,13.4,météo défavorable
2019-08-05,18,10,26,14,16,14,0,59,10,1006,47.625,18,11,16,116,116,116,0,1,16.7,météo favorable
2019-08-06,17,10,18,12,16,14,0,59,10,1006,4.5,17,12,16,113,116,116,0,1,16.7,météo correcte
2019-08-07,18,13,12,13,18,16,3,74,9.625,1007,59.25,20,14,18,116,176,176,0,1,14.1,météo correcte
2019-08-08,19,12,7,12,19,18,0.1,68,10,1006,32.5,19,13,19,116,116,176,0,1,16.2,météo favorable
2019-08-09,18,11,16,15,16,15,5.2,92,9.875,1008,62.625,19,14,16,353,296,353,0,1,13.9,météo correcte
2019-08-10,19,14,10,14,19,19,0,57,10,1014,21.375,19,11,19,116,116,116,0,1,16.1,météo favorable
2019-08-11,20,14,14,14,20,18,1.7,70,9.875,1014,58.25,20,14,19,116,176,353,0,1,15.6,météo correcte
2019-08-12,20,12,15,15,19,16,4.6,76,9.5,1013,70.75,20,15,19,176,176,119,0,1,12.9,météo défavorable
2019-08-13,18,13,5,14,18,16,9.7,74,9.25,1009,60.5,19,15,18,116,116,176,0,1,15.9,météo correcte
2019-08-14,19,15,22,15,19,17,2.1,76,9.75,1009,59.625,19,14,18,176,116,353,0,1,13.7,météo correcte
2019-08-15,17,13,28,13,17,17,1.5,69,9.75,1011,42.125,17,12,17,116,116,299,0,1,12.5,météo correcte
2019-08-16,18,14,17,14,17,18,0.2,68,10,1016,26,18,12,17,116,116,116,0,1,14.5,météo favorable
2019-08-17,21,13,6,13,20,21,0,58,10,1018,20.75,21,12,20,116,116,116,0,1,14.5,météo favorable
2019-08-18,20,14,13,14,19,17,0,60,10,1016,12.25,20,12,19,116,116,116,0,1,14.5,météo favorable
2019-08-19,19,13,21,15,18,17,1.1,76,10,1012,50.875,19,17,18,116,176,176,0,1,11.5,météo favorable
2019-08-20,20,15,13,15,18,17,0.1,70,10,1020,28.25,20,15,18,116,116,116,0,1,14.5,météo favorable
2019-08-21,18,14,8,14,18,16,3.7,85,9.75,1023,62,18,15,17,176,176,296,0,1,10.4,météo correcte
2019-08-22,18,14,27,15,17,18,3,78,8.625,1023,57.625,18,13,17,176,176,116,0,1,10.4,météo correcte
2019-08-23,19,14,22,14,17,18,3.9,73,9.5,1025,74.5,19,14,17,119,176,353,0,1,11.4,météo défavorable
2019-08-24,18,16,31,16,18,16,8.9,72,9.25,1023,59.875,18,15,17,353,116,116,0,1,12.4,météo correcte
2019-08-25,17,13,12,13,17,17,0,72,10,1028,13.375,17,12,17,116,116,116,0,1,14.5,météo correcte
2019-08-26,19,15,27,15,18,18,1.1,74,10,1026,26.25,19,16,18,116,116,116,0,1,14.5,météo favorable
2019-08-27,18,14,14,14,17,18,1,66,9.875,1026,28.5,18,15,17,116,116,116,0,1,14.5,météo favorable
2019-08-28,21,15,6,15,20,21,0,66,10,1028,5,25,15,20,116,116,116,0,1,14.5,météo favorable
2019-08-29,22,15,8,15,20,22,0,66,10,1025,3.875,25,14,20,116,116,116,0,1,14.5,météo favorable
2019-08-30,20,12,10,15,20,16,0.1,83,10,1019,64.625,20,17,19,116,119,176,0,1,11.3,météo correcte
2019-08-31,19,16,18,16,18,18,0.1,76,10,1021,24.375,19,15,18,116,116,116,0,1,14.5,météo favorable
2019-09-01,20,15,4,15,19,20,0,68,10,1020,17.5,20,14,19,116,116,116,0,1,14.5,météo favorable
2019-09-02,22,15,11,15,20,22,0,69,10,1015,6.875,25,16,20,116,116,116,0,1,14.1,météo favorable
2019-09-03,18,15,17,16,18,16,1.1,78,8.125,1016,75.375,18,16,17,263,116,263,0,1,8.2,météo défavorable
2019-09-04,18,13,12,13,17,18,1,64,9.875,1015,59,18,12,17,353,116,353,0,1,8,météo correcte
2019-09-05,19,13,18,13,18,19,0,68,10,1013,15.25,19,13,18,116,116,116,0,1,11.6,météo favorable
2019-09-06,17,10,27,15,17,12,2.7,79,8.875,1016,56.25,17,14,16,353,266,176,0,1,6.7,météo correcte
2019-09-07,16,12,10,12,16,16,0.5,64,9.75,1024,53.5,16,11,16,176,113,116,0,1,9.1,météo correcte
2019-09-08,19,13,13,13,17,19,0,66,10,1027,49,19,12,17,119,116,116,0,1,10.4,météo favorable
2019-09-09,20,15,17,15,16,19,3.5,85,8.75,1026,69.125,20,17,16,176,353,176,0,1,7.9,météo défavorable
2019-09-10,23,16,17,16,21,21,2.5,68,9.625,1023,41,25,16,21,116,116,176,0,1,10.4,météo favorable
2019-09-11,20,16,23,17,19,19,0,65,9.875,1022,36.5,20,14,19,116,119,116,0,1,10.3,météo correcte
2019-09-12,18,14,27,14,18,16,0.7,62,8,1019,59.25,18,13,18,176,116,266,0,1,9.1,météo correcte
2019-09-13,15,13,34,14,14,14,14.2,87,9.125,1014,86.625,15,12,12,176,296,353,0,1,6.5,météo défavorable
2019-09-14,13,11,36,11,12,13,6.9,76,9.625,1012,76.125,13,9,9,353,176,176,0,1,6.5,météo défavorable
2019-09-15,11,6,36,10,10,9,33.6,93,7.875,1013,87.875,12,11,6,122,302,302,0,1,6.5,météo très défavorable
2019-09-16,12,10,34,0,0,0,8.3,78,9.625,992,80.625,12,8,9,176,176,353,0,1,7.7,météo défavorable
2019-09-17,11,9,19,9,10,11,1.2,78,10,996,93.625,11,7,8,122,122,353,0,1,6.4,météo défavorable
2019-09-18,10,8,21,8,10,10,4.7,79,9.625,1006,78.625,10,7,7,353,353,176,0,1,6.4,météo défavorable
2019-09-19,9,2,10,6,8,6,0.3,58,10,1013,81.75,9,3,7,176,122,116,0,1,6.4,météo très défavorable
2019-09-20,10,6,22,6,8,10,1.9,60,9.875,1015,71.625,10,5,6,176,176,116,0,1,7.7,météo défavorable
2019-09-21,9,4,16,8,8,6,7.2,90,7.75,1013,93.5,10,7,5,353,296,263,0,1,6.3,météo très défavorable
2019-09-22,8,6,25,6,8,8,1.5,66,8.25,1017,76.5,8,5,4,176,176,176,0,1,6.3,météo très défavorable
2019-09-23,8,3,25,6,7,6,0.1,69,10,1020,79.875,9,2,3,116,122,176,0,1,6.3,météo très défavorable
2019-09-24,7,0,14,6,7,4,0.5,65,10,1019,81.625,7,2,4,176,176,116,0,1,10.2,météo très défavorable
2019-09-25,8,5,10,5,7,7,2.4,87,8.875,1018,62.625,8,5,5,296,119,116,0,1,8.8,météo très défavorable
2019-09-26,10,6,18,6,9,10,0,68,10,1016,61.375,10,6,7,116,119,116,0,1,7.4,météo défavorable
2019-09-27,11,9,9,10,11,10,0.2,76,10,1016,69.875,11,7,10,116,116,119,0,1,8.8,météo défavorable
2019-09-28,13,7,10,7,11,12,0.1,75,10,1017,59.5,13,8,10,116,116,116,0,1,8.7,météo correcte
2019-09-29,11,6,22,8,10,8,0.7,91,9,1009,67.625,11,10,7,116,266,176,0,1,7.2,météo défavorable
2019-09-30,12,10,17,11,11,12,0.5,88,9.875,994,87.5,12,10,9,353,176,119,0,1,5.7,météo défavorable
2019-10-01,11,6,48,10,11,8,19.4,81,8.25,987,93.375,11,10,4,176,299,302,0,1,5.6,météo très défavorable
2019-10-02,10,7,39,8,9,8,5.3,79,8.625,1003,80.125,10,6,5,176,353,176,0,1,5.6,météo défavorable
2019-10-03,7,6,26,6,7,6,7.7,88,9.375,1009,96.25,7,5,3,176,353,296,0,1,5.6,météo très défavorable
2019-10-04,5,-2,21,3,3,-0,8.2,92,6.375,1008,95.25,5,4,-2,338,371,371,2.5,1,5.6,météo très défavorable
2019-10-05,5,3,20,3,4,4,3.1,77,8.875,1017,93.25,5,1,1,371,362,362,0.7,1,5.5,météo très défavorable
2019-10-06,5,2,12,2,4,4,0.4,72,9.5,1019,58.625,5,0,1,119,116,182,0.1,1,10.1,météo très défavorable
2019-10-07,4,2,6,3,4,4,0.8,80,7.75,1015,74.25,4,1,2,371,371,371,0.7,1,7,météo très défavorable
2019-10-08,4,-2,11,2,4,-0,4.8,92,8.125,1010,91.875,4,4,1,332,332,296,0.3,1,7,météo très défavorable
2019-10-09,7,5,22,6,6,6,5.5,86,7.125,1004,93.875,7,4,2,266,266,176,0,1,7,météo très défavorable
2019-10-10,8,5,10,6,7,8,2.8,92,7.875,1006,88.75,8,7,6,176,266,266,0,1,5.4,météo très défavorable
2019-10-11,9,2,24,6,9,6,1.1,91,8.875,1002,86,9,8,6,119,122,176,0,1,5.4,météo très défavorable
2019-10-12,10,9,48,10,10,10,25.9,88,8.25,999,93.375,10,9,6,296,308,353,0,1,5.4,météo très défavorable
2019-10-13,11,9,31,9,10,10,7,86,9.25,1008,79.875,11,8,7,353,353,176,0,1,5.3,météo défavorable
2019-10-14,8,6,26,7,7,6,15.4,90,9,1014,85.75,8,6,3,116,296,302,0,1,3.8,météo très défavorable
2019-10-15,6,1,9,4,6,5,0.1,73,10,1024,62.5,6,3,4,116,116,122,0,1,5.4,météo très défavorable
2019-10-16,6,-1,26,5,5,2,0.8,85,8.375,1024,92,6,6,1,266,176,176,0,1,3.8,météo très défavorable
2019-10-17,7,3,28,6,6,6,6.5,92,8.625,1011,100,7,6,1,122,122,296,0,1,3.8,météo très défavorable
2019-10-18,8,6,5,7,8,8,1.8,95,7.875,1014,95.75,8,7,8,266,143,122,0,1,3.7,météo très défavorable
2019-10-19,12,10,22,10,12,12,1.1,87,7,1013,92.5,12,10,9,266,119,266,0,1,3.7,météo défavorable
2019-10-20,10,3,16,9,10,9,1.3,91,9.875,1017,69,10,8,7,119,116,119,0,1,7,météo très défavorable
2019-10-21,11,7,19,11,9,8,21.5,92,8,1021,90.375,11,10,6,176,266,122,0,1,5.4,météo très défavorable
2019-10-22,9,2,28,7,8,6,0.1,87,10,1022,81.625,10,10,4,119,119,176,0,1,5.3,météo très défavorable
2019-10-23,11,9,27,10,10,9,0.3,85,10,1015,45.625,11,9,6,116,116,119,0,1,8.7,météo défavorable
2019-10-24,10,5,20,9,10,9,0.2,82,10,1017,87.75,10,8,7,176,176,122,0,1,5.2,météo très défavorable
2019-10-25,12,7,26,8,10,11,0,79,10,1017,43.625,12,10,7,116,116,122,0,1,8.7,météo défavorable
2019-10-26,11,0,34,10,9,4,22.6,90,8.75,1006,83.625,11,10,5,176,176,302,0,1,3.4,météo très défavorable
2019-10-27,7,3,15,7,7,4,24.5,92,8,1000,89.25,7,5,2,119,122,302,0,1,3.4,météo très défavorable
2019-10-28,3,1,5,2,2,1,3.4,66,8,1011,82.375,3,3,0,323,116,122,2.9,1,5.2,météo très défavorable
2019-10-29,2,0,19,2,1,1,3.1,72,6.25,1015,85.5,2,1,-4,338,326,371,2.6,1,3.4,météo très défavorable
2019-10-30,1,-6,18,-1,-0,-2,0.4,70,9.25,1023,89.125,3,0,-6,371,326,326,0.3,1,3.4,météo très défavorable
2019-10-31,4,-2,31,-0,3,2,4.9,90,9.375,1023,96.625,6,3,-3,326,122,296,0.1,1,3.3,météo très défavorable
2019-11-01,5,-5,24,4,3,-1,0.7,81,9.25,1013,96.75,5,2,-3,371,371,368,0.3,1,3.3,météo très défavorable
2019-11-02,4,1,25,1,3,4,0.1,88,10,1012,84.125,4,2,-2,119,122,176,0,1,3.3,météo très défavorable
2019-11-03,5,-1,19,4,5,2,4.2,94,4.5,998,100,6,5,1,266,266,296,0,1,3.3,météo très défavorable
2019-11-04,4,-2,31,2,3,2,5.8,82,7.125,1002,69.75,4,3,-3,320,329,116,2,1,6.9,météo très défavorable
2019-11-05,2,2,40,2,2,2,0,68,10,1001,69.125,2,0,-4,116,122,122,0,1,3.1,météo très défavorable
2019-11-06,1,1,30,1,1,1,0,67,10,1005,63.375,1,0,-5,122,116,116,0,1,5,météo très défavorable
2019-11-07,0,-2,23,-1,-1,-1,0,67,10,1013,44.375,0,0,-7,122,116,116,0,1,6.8,météo très défavorable
2019-11-08,2,-6,6,-1,1,-2,0.2,93,10,1020,85.25,2,2,-1,311,311,119,0,1,3,météo très défavorable
2019-11-09,5,1,22,3,5,5,1.8,91,9.75,1021,86,5,4,1,116,122,296,0,1,4.9,météo très défavorable
2019-11-10,9,5,17,6,8,9,3,94,8.75,1012,85.375,9,8,6,122,296,353,0,1,3,météo très défavorable
2019-11-11,7,5,13,6,6,5,0.3,88,9,1009,87.25,7,5,3,122,122,176,0,1,3,météo très défavorable
2019-11-12,5,-1,13,4,4,3,0.1,81,10,1022,68.375,5,4,1,122,116,116,0,1,6.8,météo très défavorable
2019-11-13,6,-2,21,5,5,2,1.2,86,7.875,1019,98.125,6,6,1,119,266,266,0,1,2.9,météo très défavorable
2019-11-14,9,2,25,9,9,6,3.8,82,7.75,1014,96.375,10,8,5,296,266,266,0,1,2.9,météo très défavorable
2019-11-15,9,4,6,5,5,4,0.3,82,9,1027,60.875,9,7,4,116,122,116,0,1,6.7,météo très défavorable
2019-11-16,4,2,16,4,3,3,0.6,92,8,1026,60,4,2,-0,122,266,116,0,1,1.8,météo très défavorable
2019-11-17,7,0,19,3,7,3,0.2,94,10,1023,84.5,7,6,3,122,122,176,0,1,1.8,météo très défavorable
2019-11-18,6,2,13,5,5,5,0,87,10,1026,34.125,6,5,3,116,116,116,0,1,5.8,météo très défavorable
2019-11-19,7,4,21,6,5,5,0.2,88,10,1028,74.75,7,6,1,116,122,176,0,1,1.8,météo très défavorable
2019-11-20,4,3,18,3,3,4,0,86,10,1037,78,4,2,-1,119,116,122,0,1,3.8,météo très défavorable
2019-11-21,5,2,17,3,5,4,0.1,85,10,1038,76.25,5,2,1,122,122,176,0,1,1.8,météo très défavorable
2019-11-22,2,-2,21,-1,-1,-2,0,63,10,1038,21,2,0,-7,113,113,113,0,1,5.8,météo très défavorable
2019-11-23,-2,-3,18,-2,-3,-3,0,49,10,1035,23.625,0,0,-8,116,116,116,0,1,5.8,météo très défavorable
2019-11-24,-2,-4,13,-4,-3,-3,0,48,10,1031,25.75,0,0,-7,116,116,116,0,1,5.8,météo très défavorable
2019-11-25,-1,-3,15,-3,-1,-2,0,52,10,1026,35.375,0,0,-6,116,119,116,0,1,3.8,météo très défavorable
2019-11-26,-2,-10,14,-2,-2,-6,0,74,10,1021,71.5,0,0,-7,122,116,122,0,1,5.8,météo très défavorable
2019-11-27,-0,-1,20,-1,0,0,0,88,10,1013,98.25,0,0,-5,326,122,122,0,1,1.7,météo très défavorable
2019-11-28,3,-4,25,2,2,-1,1.7,87,4,1005,100,3,1,-4,266,266,266,0,1,1.7,météo très défavorable
2019-11-29,4,-2,28,3,4,2,2.5,90,9.75,996,100,5,3,-1,176,122,296,0,1,1.7,météo très défavorable
2019-11-30,5,-6,29,-1,-1,-3,1.6,73,6.75,1004,55.625,5,4,-7,230,119,116,0,1,1.7,météo très défavorable
2019-12-01,2,-2,35,-0,2,2,1.1,71,7.5,1007,66.5,2,0,-5,323,230,230,0,1,1.7,météo très défavorable
2019-12-02,2,0,26,2,2,0,5.4,73,6.25,1005,78,2,0,-4,335,371,179,4,1,1.7,météo très défavorable
2019-12-03,1,-4,25,-0,0,0,0,81,10,1008,40,1,0,-5,116,116,119,0,1,5.8,météo très défavorable
2019-12-04,5,1,36,1,3,4,6.2,95,8.125,1005,89.25,5,4,-2,317,302,119,0,1,1.7,météo très défavorable
2019-12-05,5,-2,39,3,4,1,0.3,88,9,1006,82.375,5,3,-2,122,122,266,0,1,1.6,météo très défavorable
2019-12-06,5,-2,30,5,4,2,21.1,95,7.375,995,100,6,6,-1,266,302,302,0,1,1.6,météo très défavorable
2019-12-07,6,2,28,6,6,4,4.5,92,6.75,993,97.25,6,5,0,353,266,266,0,1,1.6,météo très défavorable
2019-12-08,5,2,37,2,3,3,7,80,4,990,87,5,4,-3,338,227,227,1.1,1,3.7,météo très défavorable
2019-12-09,7,1,34,7,6,5,6.7,78,9.375,991,94,7,4,1,296,353,122,0,1,1.6,météo très défavorable
2019-12-10,5,-1,26,5,1,-0,14.1,96,5.875,1013,75.625,5,3,-6,389,338,323,7.1,1,1.5,météo très défavorable
2019-12-11,-0,-5,29,-2,-1,-3,0,65,10,1019,68.75,0,0,-7,116,122,122,0,1,1.5,météo très défavorable
2019-12-12,0,-4,29,-1,-0,0,0,82,10,1015,58,0,0,-7,116,122,116,0,1,3.7,météo très défavorable
2019-12-13,2,1,23,2,2,2,0.3,96,9.375,1007,92.375,2,1,-3,122,326,332,0.3,1,1.5,météo très défavorable
2019-12-14,2,-5,26,1,2,-1,0.1,88,10,1006,97.875,3,0,-4,326,326,326,0.1,1,1.5,météo très défavorable
2019-12-15,3,1,24,2,3,3,3.5,96,9.375,1003,97.625,3,3,-2,317,176,317,0,1,1.5,météo très défavorable
2019-12-16,3,1,9,3,2,0,1.7,97,5.125,1003,95.625,3,2,-1,332,332,332,0.9,1,1.4,météo très défavorable
2019-12-17,4,3,31,4,4,3,3.3,94,9.375,1007,91.125,4,3,-2,317,389,119,0,1,1.4,météo très défavorable
2019-12-18,5,-2,29,3,4,1,12,94,9.125,1007,98.625,5,5,-0,122,296,296,0,1,1.4,météo très défavorable
2019-12-19,3,-1,33,2,2,2,7.6,78,6.125,1018,62.5,3,2,-5,230,116,116,0,1,5.6,météo très défavorable
2019-12-20,2,-3,14,1,2,1,0,92,10,1018,71.875,2,1,-3,122,119,116,0,1,1.4,météo très défavorable
2019-12-21,3,1,15,3,3,3,0,92,10,1007,97.875,3,2,-1,122,122,122,0,1,1.4,météo très défavorable
2019-12-22,4,-4,13,2,3,0,0.3,95,7,997,100,4,4,0,122,266,122,0,1,1.4,météo très défavorable
2019-12-23,4,3,7,4,3,4,0.6,97,1.5,1002,99,4,4,2,266,248,143,0,1,1.5,météo très défavorable
2019-12-24,4,-2,8,3,4,2,0.6,96,2,1007,99.125,4,3,2,143,143,266,0,1,1.5,météo très défavorable
2019-12-25,4,-5,4,3,3,-1,6.5,98,4.375,1008,100,4,3,3,296,266,266,0,1,1.5,météo très défavorable
2019-12-26,3,1,10,3,2,1,0.2,95,4.75,1014,100,3,3,-1,143,143,326,0,1,1.5,météo très défavorable
2019-12-27,0,-9,25,-1,-3,-6,1.5,86,5.375,1025,100,0,0,-10,338,332,326,1.3,1,1.5,météo très défavorable
2019-12-28,-1,-3,26,-2,-2,-3,0.5,74,5.5,1036,59.25,0,0,-8,230,116,113,0,1,5.8,météo très défavorable
2019-12-29,-2,-8,27,-3,-3,-4,0,80,10,1036,49.125,0,0,-9,122,116,122,0,1,5.8,météo très défavorable
2019-12-30,5,1,38,4,4,5,8.1,90,8.125,1014,92.375,5,4,-2,296,296,266,0,1,1.5,météo très défavorable
2019-12-31,4,0,32,3,3,1,0.5,93,6.875,1005,79.375,4,3,-5,122,332,230,0.2,1,1.5,météo très défavorable
2020-01-01,2,-4,24,1,2,-2,3.7,86,9.75,1009,60,2,2,-3,116,122,296,0,1,1.5,météo très défavorable
2020-01-02,4,3,29,3,3,4,0.7,90,9,1005,67.5,4,2,-2,266,116,122,0,1,5.8,météo très défavorable
2020-01-03,4,-4,36,3,3,0,0.1,86,10,1003,79.75,4,3,-3,119,122,311,0,1,1.5,météo très défavorable
2020-01-04,4,-1,31,2,2,2,4,80,4.875,992,67.625,4,1,-4,116,230,230,1.8,1,1.5,météo très défavorable
2020-01-05,1,-2,30,-0,-0,-2,0.4,74,5.5,1021,66.5,1,0,-7,227,227,116,0,1,3.7,météo très défavorable
2020-01-06,2,-4,30,-1,0,0,0.2,94,8.75,1019,94.25,3,2,-6,119,230,122,0,1,1.5,météo très défavorable
2020-01-07,3,-3,24,2,3,-0,0.6,96,8,1016,96.75,3,3,-2,122,176,266,0,1,1.5,météo très défavorable
2020-01-08,4,-3,40,3,3,1,1.1,87,9.875,1015,98,4,4,-3,122,176,296,0,1,1.6,météo très défavorable
2020-01-09,5,2,35,3,4,3,0.5,83,9.875,1009,20.625,5,3,-2,116,116,113,0,1,5.8,météo très défavorable
2020-01-10,2,-2,11,2,1,1,0,88,10,1013,37.5,2,0,-2,119,116,116,0,1,3.7,météo très défavorable
2020-01-11,2,1,19,1,1,1,0,80,10,1018,14.25,2,0,-3,116,116,116,0,1,5.8,météo très défavorable
2020-01-12,5,1,39,3,5,5,6.2,92,9.5,1011,88.625,5,4,-1,296,296,296,0,1,1.7,météo très défavorable
2020-01-13,4,-4,30,3,2,0,0.6,87,10,1008,55.25,4,3,-4,176,116,116,0,1,5.8,météo très défavorable
2020-01-14,2,1,26,1,2,2,0,86,10,1013,78.375,2,0,-3,122,119,116,0,1,1.7,météo très défavorable
2020-01-15,6,0,41,5,5,4,2.4,88,8.75,1007,97.125,6,5,-1,266,296,176,0,1,1.7,météo très défavorable
2020-01-16,7,-0,32,5,4,4,23,89,7.375,1012,100,7,5,-2,302,296,296,0,1,1.7,météo très défavorable
2020-01-17,4,4,32,4,4,4,0.2,88,10,1020,74.75,4,3,-2,116,122,116,0,1,1.7,météo très défavorable
2020-01-18,3,-1,25,2,2,2,0,77,10,1019,53.625,3,1,-4,116,119,122,0,1,1.7,météo très défavorable
2020-01-19,4,-2,40,4,4,3,0.5,91,8,1021,97.125,4,2,-2,122,266,119,0,1,1.7,météo très défavorable
2020-01-20,3,-2,35,3,3,-0,0,88,10,1024,88.125,3,1,-3,122,122,116,0,1,1.8,météo très défavorable
2020-01-21,5,2,36,4,5,2,0.2,88,10,1013,78,5,3,-2,122,122,116,0,1,1.8,météo très défavorable
2020-01-22,2,-1,32,2,1,-1,1.9,74,3,1009,58.375,2,0,-6,230,230,227,0,1,1.8,météo très défavorable
2020-01-23,0,-7,30,-1,0,-3,0,69,10,1014,43.375,1,0,-6,116,116,122,0,1,5.8,météo très défavorable
2020-01-24,3,-3,28,2,3,1,1.3,91,7.625,1004,70.625,3,2,-3,266,317,116,0,1,5.8,météo très défavorable
2020-01-25,2,0,39,2,1,1,1,73,7.375,1003,59.25,2,0,-6,230,227,329,0,1,1.8,météo très défavorable
2020-01-26,4,-0,42,1,3,3,5.7,95,9.25,1007,78.375,4,2,-4,122,302,122,0,1,1.9,météo très défavorable
2020-01-27,-0,-6,23,-2,-1,-3,0.2,57,8.75,1012,96,0,0,-8,122,122,332,0.2,1,1.9,météo très défavorable
2020-01-28,2,-2,15,-1,1,2,0.8,94,9,1008,97,2,1,-3,326,176,122,0.4,1,1.9,météo très défavorable
2020-01-29,1,-5,21,1,0,-2,0.5,93,8.125,1003,100,1,0,-5,122,122,332,0.4,1,2,météo très défavorable
2020-01-30,1,0,18,1,1,1,0.2,88,9.375,1004,99.875,1,1,-4,122,122,122,0.2,1,2,météo très défavorable
2020-01-31,0,-3,18,-1,-2,-3,0.3,88,8.75,1001,94.125,0,0,-7,122,332,119,0.3,1,2,météo très défavorable
2020-02-01,1,-3,22,-2,-1,1,0.1,88,9.375,1001,95.75,1,0,-7,122,119,122,0.1,1,2,météo très défavorable
2020-02-02,4,2,24,4,4,3,15.9,97,4.875,986,100,4,3,-1,266,266,296,2.7,1,2,météo très défavorable
2020-02-03,1,-5,39,1,-1,-3,0.9,84,3.5,989,95.25,1,0,-8,371,230,227,0.4,1,2,météo très défavorable
2020-02-04,-2,-4,33,-3,-3,-3,0,75,10,1003,22.625,0,0,-11,116,116,113,0,1,5.8,météo très défavorable
2020-02-05,-1,-7,28,-4,-1,-3,0.7,84,6.5,1010,51.5,0,0,-9,116,227,326,0.1,1,2,météo très défavorable
2020-02-06,0,-8,40,-2,-4,-6,16.3,65,7.375,1010,57.625,0,0,-13,179,113,119,0,1,5.8,météo très défavorable
2020-02-07,-3,-5,24,-5,-4,-3,0.1,72,9,1023,38.125,0,0,-12,113,116,122,0,1,5.8,météo très défavorable
2020-02-08,0,-7,16,-1,-1,-3,4.4,93,7.75,1018,75.75,0,0,-5,119,116,116,1.9,1,5.8,météo très défavorable
2020-02-09,2,-5,30,1,2,-1,0.4,92,9,1014,92.75,3,1,-5,122,176,266,0,1,3.3,météo très défavorable
2020-02-10,3,-3,43,3,1,-1,2.4,93,7.625,998,94.375,3,3,-6,122,230,266,0,1,3.3,météo très défavorable
2020-02-11,4,1,29,2,2,2,2.9,95,7.25,981,96,4,2,-4,338,326,368,2.2,1,3.3,météo très défavorable
2020-02-12,2,-4,19,1,1,1,1.5,91,7.625,991,93.25,2,0,-4,371,368,122,1.3,1,3.4,météo très défavorable
2020-02-13,2,-6,23,1,2,-2,2.2,98,7,1000,89.5,2,1,-5,326,326,338,1.9,1,3.4,météo très défavorable
2020-02-14,1,-1,18,0,0,-0,0,95,10,1017,57.125,1,0,-5,119,116,116,0,1,5.2,météo très défavorable
2020-02-15,2,-1,27,-1,1,2,0,85,10,1020,64.625,2,0,-6,116,122,119,0,1,3.4,météo très défavorable
2020-02-16,2,-5,32,2,2,-1,5.1,97,6.25,1013,100,2,2,-4,266,266,311,0,1,3.4,météo très défavorable
2020-02-17,7,0,44,6,4,4,21.4,92,6.875,994,95.625,7,5,-3,296,296,266,0,1,3.5,météo très défavorable
2020-02-18,5,3,40,4,4,5,2.4,89,8.75,996,97,5,3,-2,266,296,176,0,1,4.8,météo très défavorable
2020-02-19,4,2,30,2,3,3,0.9,90,8.625,1002,96.125,4,2,-3,176,371,371,0.7,1,4.9,météo très défavorable
2020-02-20,2,-3,8,2,1,1,0.1,98,8.375,1014,87.25,2,1,-2,371,326,326,0.1,1,4.9,météo très défavorable
2020-02-21,3,1,32,1,2,3,0.2,82,10,1013,78.125,3,0,-5,116,122,122,0.1,1,6.6,météo très défavorable
2020-02-22,3,-2,43,2,3,3,9,93,8.375,1008,85.75,3,2,-4,119,317,338,2.3,1,4.9,météo très défavorable
2020-02-23,4,2,38,3,2,2,5.9,91,5.625,982,78.875,4,1,-4,329,227,371,0.3,1,6.6,météo très défavorable
2020-02-24,2,0,36,1,1,2,0.5,78,7.125,995,56.25,2,0,-6,323,329,230,0,1,8.3,météo très défavorable
2020-02-25,0,-1,27,-0,-0,-1,0,68,10,998,14.375,0,0,-7,116,116,116,0,1,10,météo très défavorable
2020-02-26,-1,-2,30,-1,-1,-1,0.7,84,6.125,994,98.625,0,0,-9,227,338,332,0.3,1,5.1,météo très défavorable
2020-02-27,-1,-3,31,-3,-2,-2,0.1,80,10,999,38.375,0,0,-10,116,116,116,0.1,1,10.2,météo très défavorable
2020-02-28,-2,-4,19,-3,-3,-3,0.7,90,7.75,999,93.875,0,0,-9,326,332,332,0.6,1,5.1,météo très défavorable
2020-02-29,-1,-4,22,-3,-2,-1,0.4,82,9.375,1001,52.375,0,0,-9,311,113,122,0.3,1,10,météo très défavorable
2020-03-01,2,-4,32,-2,1,-2,6.1,96,6.375,1000,89.125,2,2,-7,332,332,317,1.4,1,6.8,météo très défavorable
2020-03-02,3,2,24,2,3,2,0,92,10,1004,91.5,3,1,-4,122,122,119,0,1,5.4,météo très défavorable
2020-03-03,3,1,17,1,2,2,1.8,96,9.75,1012,95.75,3,2,-3,122,122,296,0,1,5.4,météo très défavorable
2020-03-04,3,-4,32,1,2,-1,4.9,95,8.875,1015,98.75,3,3,-4,326,176,296,0.2,1,5.4,météo très défavorable
2020-03-05,4,-4,20,3,3,0,18.2,99,7.375,1007,100,4,3,-3,296,296,317,0.3,1,5.5,météo très défavorable
2020-03-06,3,1,23,1,3,2,0,91,10,1009,47.125,3,0,-5,116,119,323,0,2,8.5,météo très défavorable
2020-03-07,3,0,14,0,2,2,0,85,10,1014,63.625,3,0,-2,116,122,119,0,2,5.5,météo très défavorable
2020-03-08,2,0,8,0,2,1,0,88,10,1015,39.375,2,0,-1,119,116,116,0,1,10.1,météo très défavorable
2020-03-09,5,0,21,1,4,4,0,85,10,1016,27.75,5,0,-4,119,116,116,0,2,11.1,météo très défavorable
2020-03-10,5,2,22,2,4,4,1.7,91,8.875,1012,56.25,5,3,-3,119,116,266,0,2,10.1,météo très défavorable
2020-03-11,4,3,24,3,4,4,1.8,90,8.875,1002,98,4,3,-1,122,122,296,0,1,5.6,météo très défavorable
2020-03-12,4,-4,39,2,3,1,4.1,92,7.875,985,95.5,4,2,-5,338,122,311,1.1,1,5.7,météo très défavorable
2020-03-13,2,0,33,1,1,1,19.6,95,2.25,992,98.5,2,2,-5,338,227,230,13.1,1,5.9,météo très défavorable
2020-03-14,-1,-7,33,-3,-2,-5,0.4,51,6.25,1011,63,0,0,-10,116,230,230,0,1,7.3,météo très défavorable
2020-03-15,2,-4,23,-4,0,-0,0,62,10,1020,8.875,4,0,-7,116,116,116,0,2,11.6,météo très défavorable
2020-03-16,2,-4,42,1,2,-1,12.4,97,8.125,1013,90.25,3,2,-5,317,317,296,1.7,2,6,météo très défavorable
2020-03-17,3,-1,24,-1,1,2,0,73,10,1021,47,3,0,-3,116,116,122,0,2,7.4,météo très défavorable
2020-03-18,4,1,31,3,4,4,6.8,97,9.5,1013,100,4,4,-2,122,176,296,0,1,6,météo très défavorable
2020-03-19,4,2,34,2,3,3,2.8,89,8.875,1009,75.875,4,2,-4,338,116,122,1,1,10.2,météo très défavorable
2020-03-20,2,-1,19,1,1,1,0.3,88,9.25,1022,55.25,2,0,-5,371,323,116,0.3,1,10.2,météo très défavorable
2020-03-21,-0,-5,13,-3,-2,-2,0,53,10,1032,23.5,1,0,-7,116,116,116,0,2,11.6,météo très défavorable
2020-03-22,-1,-3,16,-3,-1,-1,0,54,10,1041,1.75,0,0,-7,113,113,113,0,2,11.6,météo très défavorable
2020-03-23,1,-3,14,-3,-0,1,0,54,10,1042,7.5,1,0,-7,116,116,116,0,2,11.6,météo très défavorable
2020-03-24,3,-1,28,-1,2,3,0,72,10,1038,48.375,3,0,-6,122,119,116,0,2,9,météo très défavorable
2020-03-25,6,2,38,2,5,6,0,68,10,1028,40.75,6,0,-4,116,116,116,0,1,10.3,météo très défavorable
2020-03-26,5,1,27,3,4,3,0,79,10,1031,18.5,5,0,-3,119,116,116,0,2,11.6,météo très défavorable
2020-03-27,6,1,18,1,4,6,0,72,10,1033,25.75,6,0,-2,113,116,122,0,2,10.3,météo très défavorable
2020-03-28,5,3,20,3,5,4,0,74,10,1025,28.25,5,1,-1,116,116,116,0,2,11.6,météo très défavorable
2020-03-29,3,-1,22,0,0,-0,0.1,52,9.375,1018,64.75,3,0,-6,122,122,116,0.1,1,9.1,météo très défavorable
2020-03-30,-0,-2,16,-2,-0,-1,0.2,42,9.25,1023,39.875,0,0,-6,116,116,371,0.2,1,10.3,météo très défavorable
2020-03-31,1,-5,30,-2,0,-2,0.1,54,7.75,1024,39,2,0,-6,116,116,227,0,2,9.1,météo très défavorable
